engine,signal_t,signal_idx,entry_t,exit_t,year,score,candidate_low,atr_signal,entry_px,stop_px,target_px,exit_px,entry_rr,pnl_r,exit_kind
swing_baseline,1519909200000,13,1519912800000,1519930800000,2018,0.6790018539566953,1304.658,2.2630714285714606,1310.321,1302.3949285714284,1313.7102857142856,1313.7102857142856,0.4276123101878955,0.4276123101878955,TARGET
swing_baseline,1520254800000,59,1520258400000,1520269200000,2018,0.32823158131555785,1321.398,1.9277142857142897,1321.498,1319.4702857142856,1329.108857142857,1319.4702857142856,3.75341693673351,-1.0,STOP
swing_baseline,1520272800000,64,1520276400000,1520334000000,2018,0.30480403956883984,1317.782,2.145071428571441,1318.0,1315.6369285714286,1326.3622857142857,1326.3622857142857,3.5387359066590385,3.5387359066590385,TARGET
swing_baseline,1520409600000,100,1520413200000,1520431200000,2018,0.5291913387796853,1331.238,2.6208571428571594,1332.292,1328.6171428571429,1341.7214285714288,1328.6171428571429,2.565930648421856,-1.0,STOP
swing_baseline,1520434800000,107,1520438400000,1520438400000,2018,0.3604102477239898,1326.758,2.5302142857143184,1327.028,1324.2277857142858,1336.8788571428572,1324.2277857142858,3.5178940387216286,-1.0,STOP
swing_baseline,1520449200000,111,1520452800000,1520521200000,2018,0.4817130864863435,1322.172,2.831928571428599,1323.518,1319.3400714285715,1333.4997142857144,1319.3400714285715,2.3891538869228115,-1.0,STOP
swing_baseline,1520553600000,138,1520557200000,1520600400000,2018,0.41089147333566156,1318.031,2.5133571428571355,1318.419,1315.5176428571428,1328.0844285714286,1315.5176428571428,3.331347399000317,-1.0,STOP
swing_baseline,1520841600000,170,1520845200000,1520845200000,2018,0.4749803914033543,1320.068,1.556999999999984,1320.859,1318.511,1326.2959999999998,1318.511,2.3155877342419076,-1.0,STOP
swing_baseline,1520848800000,172,1520852400000,1520877600000,2018,0.4268239392878922,1316.369,1.6364999999999716,1316.929,1314.7324999999998,1322.9149999999997,1322.9149999999997,2.725244707488727,2.725244707488727,TARGET
swing_baseline,1520924400000,192,1520928000000,1520942400000,2018,0.2550700250187187,1317.701,2.0177857142857,1317.809,1315.6832142857143,1325.7721428571429,1315.6832142857143,3.7459762776788583,-1.0,STOP
swing_baseline,1521014400000,216,1521018000000,1521036000000,2018,0.5374559001860085,1323.389,1.8521428571428615,1324.868,1321.5368571428571,1330.7975714285712,1321.5368571428571,1.7800411699116385,-1.0,STOP
swing_baseline,1521100800000,239,1521104400000,1521115200000,2018,0.38800479510928315,1322.739,1.392000000000004,1323.139,1321.347,1328.307,1321.347,2.8839285714287732,-1.0,STOP
swing_baseline,1521118800000,244,1521122400000,1521136800000,2018,0.447991367060191,1317.289,1.7209285714285767,1318.859,1315.5680714285713,1324.1727142857144,1315.5680714285713,1.614655004015411,-1.0,STOP
swing_baseline,1521162000000,255,1521165600000,1521208800000,2018,0.6250081175232497,1313.631,2.33485714285715,1315.649,1311.296142857143,1322.9704285714288,1311.296142857143,1.6819822776503086,-1.0,STOP
swing_baseline,1521212400000,269,1521216000000,1521471600000,2018,0.5289771588032726,1309.619,2.149928571428664,1313.059,1307.4690714285712,1318.2187142857147,1318.2187142857147,0.9230376058983993,0.9230376058983993,TARGET
swing_baseline,1521522000000,305,1521525600000,1521536400000,2018,0.47428233175138523,1314.611,1.7270000000000405,1315.229,1312.884,1321.5190000000002,1312.884,2.6823027718550607,-1.0,STOP
swing_baseline,1521540000000,310,1521543600000,1521547200000,2018,0.6176884732253554,1311.768,1.46421428571432,1313.408,1310.3037857142856,1317.6248571428573,1310.3037857142856,1.3584297843945627,-1.0,STOP
swing_baseline,1521550800000,313,1521554400000,1521615600000,2018,0.5720925578464241,1308.121,1.8562857142857343,1309.561,1306.2647142857143,1315.546142857143,1315.546142857143,1.8157233249545819,1.8157233249545819,TARGET
swing_baseline,1521730800000,361,1521734400000,1521763200000,2018,0.6432035551597907,1326.842,2.691428571428495,1328.641,1324.1505714285715,1337.607714285714,1337.607714285714,1.9968504438010595,1.9968504438010595,TARGET
swing_baseline,1522040400000,397,1522044000000,1522072800000,2018,0.44967830145636695,1345.0,2.612285714285755,1345.288,1342.3877142857143,1355.449142857143,1355.449142857143,3.5034971923948954,3.5034971923948954,TARGET
swing_baseline,1522137600000,423,1522141200000,1522144800000,2018,0.4695144367126383,1350.431,2.268571428571444,1351.271,1348.1624285714286,1359.5052857142857,1348.1624285714286,2.6488970588235734,-1.0,STOP
swing_baseline,1522148400000,426,1522152000000,1522152000000,2018,0.42544388602323563,1344.559,2.429785714285718,1345.818,1342.1292142857142,1354.278142857143,1342.1292142857142,2.2934763665936946,-1.0,STOP
swing_baseline,1522155600000,428,1522159200000,1522231200000,2018,0.5727533285935464,1339.818,2.815642857142848,1342.368,1337.0023571428571,1351.0805714285714,1337.0023571428571,1.6237702844819735,-1.0,STOP
swing_baseline,1522234800000,448,1522238400000,1522238400000,2018,0.33699330076605455,1336.0,2.172571428571457,1336.871,1333.8274285714285,1344.690285714286,1333.8274285714285,2.569115231166303,-1.0,STOP
swing_baseline,1522242000000,450,1522245600000,1522252800000,2018,0.32827010483712804,1331.198,2.623071428571442,1331.759,1328.5749285714287,1341.690285714286,1328.5749285714287,3.119052426139203,-1.0,STOP
swing_baseline,1522256400000,454,1522260000000,1522324800000,2018,0.34949871161595103,1325.078,3.199571428571452,1325.429,1321.8784285714285,1337.8762857142858,1321.8784285714285,3.5057133660575825,-1.0,STOP
swing_baseline,1522335600000,475,1522339200000,1522634400000,2018,0.477869052023949,1321.178,2.236071428571433,1322.551,1318.9419285714287,1330.122285714286,1330.122285714286,2.0978486749660252,2.0978486749660252,TARGET
swing_baseline,1522742400000,513,1522746000000,1522760400000,2018,0.4505899657853362,1336.321,2.234857142857112,1337.152,1334.0861428571427,1345.2604285714283,1334.0861428571427,2.644750943571786,-1.0,STOP
swing_baseline,1522764000000,519,1522767600000,1522828800000,2018,0.37095385432041866,1329.0,2.762071428571403,1329.428,1326.2379285714287,1340.0482857142856,1340.0482857142856,3.329168625870409,3.329168625870409,TARGET
swing_baseline,1522864800000,546,1522868400000,1522900800000,2018,0.42026028233561225,1332.188,4.038214285714308,1333.431,1328.1497857142858,1348.3408571428574,1328.1497857142858,2.82318730811375,-1.0,STOP
swing_baseline,1522908000000,557,1522911600000,1522933200000,2018,0.4676247940672567,1325.938,2.021499999999995,1326.339,1323.9165,1334.0240000000001,1323.9165,3.172342621259232,-1.0,STOP
swing_baseline,1522994400000,580,1522998000000,1522998000000,2018,0.352484262764107,1324.411,2.120071428571464,1324.719,1322.2909285714286,1332.891285714286,1322.2909285714286,3.3657517724237564,-1.0,STOP
swing_baseline,1523257200000,604,1523260800000,1523289600000,2018,0.46954423241729776,1328.59,1.9232857142856927,1329.658,1326.6667142857143,1336.2831428571426,1336.2831428571426,2.214814461053569,2.214814461053569,TARGET
swing_baseline,1523336400000,625,1523340000000,1523365200000,2018,0.4971272232744767,1331.049,2.159642857142834,1332.399,1328.889357142857,1339.6875714285713,1339.6875714285713,2.076727383738717,2.076727383738717,TARGET
swing_baseline,1523520000000,674,1523523600000,1523534400000,2018,0.37530487573217647,1346.638,2.923071428571461,1346.808,1343.7149285714286,1358.3302857142858,1343.7149285714286,3.725192249959616,-1.0,STOP
swing_baseline,1523538000000,679,1523541600000,1523559600000,2018,0.48331218036097945,1338.772,3.320142857142904,1339.991,1335.451857142857,1352.0525714285716,1335.451857142857,2.6572354755460523,-1.0,STOP
swing_baseline,1523617200000,700,1523620800000,1523624400000,2018,0.6068943131937364,1333.178,2.335142857142825,1336.569,1330.8428571428574,1342.5185714285715,1342.5185714285715,1.039019035501401,1.039019035501401,TARGET
swing_baseline,1523934000000,737,1523937600000,1523948400000,2018,0.4582463946858463,1343.759,2.13900000000001,1345.029,1341.62,1352.315,1341.62,2.137283660897575,-1.0,STOP
swing_baseline,1523952000000,742,1523955600000,1523966400000,2018,0.4412382947865112,1340.651,2.422071428571404,1342.338,1338.2289285714287,1350.3392857142858,1338.2289285714287,1.947224781407091,-1.0,STOP
swing_baseline,1524027600000,762,1524031200000,1524045600000,2018,0.4833270021310797,1342.251,1.6223571428571404,1343.188,1340.628642857143,1348.7404285714285,1348.7404285714285,2.1694621975383837,2.1694621975383837,TARGET
swing_baseline,1524128400000,789,1524132000000,1524150000000,2018,0.7388248465148739,1344.741,2.4726428571428705,1348.649,1342.2683571428572,1354.6315714285715,1342.2683571428572,0.937612645389576,-1.0,STOP
swing_baseline,1524200400000,808,1524204000000,1524229200000,2018,0.5404715926871417,1341.218,2.342500000000005,1342.961,1338.8755,1350.5880000000002,1338.8755,1.8668461632603957,-1.0,STOP
swing_baseline,1524232800000,817,1524236400000,1524434400000,2018,0.591515205675801,1335.0,2.683999999999969,1337.488,1332.316,1345.7359999999999,1332.316,1.5947409126062992,-1.0,STOP
swing_baseline,1524466800000,832,1524470400000,1524470400000,2018,0.4602282241306233,1331.218,2.0055,1331.878,1329.2125,1339.24,1329.2125,2.7619583567812893,-1.0,STOP
swing_baseline,1524474000000,834,1524477600000,1524484800000,2018,0.5306972887437809,1327.081,2.088928571428564,1328.389,1324.9920714285713,1335.436714285714,1324.9920714285713,2.0747313749815546,-1.0,STOP
swing_baseline,1524488400000,838,1524492000000,1524592800000,2018,0.5263373320584199,1323.409,2.27599999999997,1324.569,1321.133,1332.513,1332.513,2.31199068684521,2.31199068684521,TARGET
swing_baseline,1524628800000,873,1524632400000,1524639600000,2018,0.4262118329427417,1326.819,2.2735000000000127,1327.448,1324.5455,1335.913,1324.5455,2.916451335055812,-1.0,STOP
swing_baseline,1524643200000,877,1524646800000,1524654000000,2018,0.5179883670195747,1322.941,1.744714285714297,1325.001,1321.1962857142858,1329.9198571428572,1321.1962857142858,1.2928322006533541,-1.0,STOP
swing_baseline,1524657600000,881,1524661200000,1524754800000,2018,0.5543293134751133,1318.721,2.0013571428571595,1320.552,1316.7196428571428,1326.7264285714286,1316.7196428571428,1.6111307848583318,-1.0,STOP
swing_baseline,1524812400000,921,1524816000000,1524830400000,2018,0.6949957437306419,1315.258,1.5147857142857706,1317.452,1313.7432142857142,1321.3171428571432,1321.3171428571432,1.042158580975733,1.042158580975733,TARGET
swing_baseline,1525068000000,939,1525071600000,1525082400000,2018,0.43119463313800177,1317.889,2.417928571428547,1318.598,1315.4710714285713,1327.560714285714,1315.4710714285713,2.866299655069931,-1.0,STOP
swing_baseline,1525086000000,944,1525089600000,1525093200000,2018,0.45055772891864165,1312.669,2.110071428571392,1313.698,1310.5589285714286,1321.1092857142858,1310.5589285714286,2.3609802716908552,-1.0,STOP
swing_baseline,1525150800000,961,1525154400000,1525161600000,2018,0.5275318635386937,1311.241,1.9797857142857047,1312.061,1309.2612142857142,1319.1601428571428,1309.2612142857142,2.5356022144552077,-1.0,STOP
swing_baseline,1525165200000,965,1525168800000,1525179600000,2018,0.5043559110040639,1307.799,1.6652142857142604,1309.468,1306.1337857142858,1314.4598571428571,1306.1337857142858,1.497161464470057,-1.0,STOP
swing_baseline,1525183200000,970,1525186800000,1525230000000,2018,0.5129650903606588,1301.678,2.162499999999974,1303.118,1299.5155000000002,1310.328,1310.328,2.001387925052204,2.001387925052204,TARGET
swing_baseline,1525266000000,992,1525269600000,1525284000000,2018,0.5034568656718773,1304.118,2.2675714285714514,1305.028,1301.8504285714284,1313.1882857142857,1313.1882857142857,2.5680888369373323,2.5680888369373323,TARGET
swing_baseline,1525287600000,998,1525291200000,1525345200000,2018,0.4143479061440467,1303.868,2.9630714285714737,1304.508,1300.9049285714284,1315.7202857142859,1315.7202857142859,3.111868842059204,3.111868842059204,TARGET
swing_baseline,1525417200000,1032,1525420800000,1525651200000,2018,0.5147949639793972,1309.368,1.7352857142857374,1310.208,1307.6327142857142,1316.309142857143,1316.309142857143,2.3691129971707348,2.3691129971707348,TARGET
swing_baseline,1525690800000,1058,1525694400000,1525770000000,2018,0.32480333731985184,1310.821,1.9496428571428135,1310.922,1308.871357142857,1318.6195714285711,1308.871357142857,3.753735762304132,-1.0,STOP
swing_baseline,1525784400000,1083,1525788000000,1525802400000,2018,0.36313185973184103,1306.218,2.4463571428571447,1306.932,1303.771642857143,1316.0034285714287,1316.0034285714287,2.8703808339926677,2.8703808339926677,TARGET
swing_baseline,1525842000000,1098,1525845600000,1525849200000,2018,0.5652243554307372,1310.0,2.693642857142858,1310.938,1307.3063571428572,1320.7745714285713,1307.3063571428572,2.708573451605854,-1.0,STOP
swing_baseline,1525935600000,1123,1525939200000,1525953600000,2018,0.4768676487473127,1310.698,1.874928571428573,1311.668,1308.8230714285714,1318.1977142857145,1318.1977142857145,2.2952120314345836,2.2952120314345836,TARGET
swing_baseline,1526014800000,1144,1526018400000,1526032800000,2018,0.4727088346048363,1318.429,1.7462142857143104,1318.909,1316.6827857142857,1325.4138571428573,1325.4138571428573,2.921936663778898,2.921936663778898,TARGET
swing_baseline,1526061600000,1157,1526065200000,1526317200000,2018,0.5987126534625031,1318.168,2.1336428571428803,1319.929,1316.034357142857,1326.7025714285714,1316.034357142857,1.7392022008252161,-1.0,STOP
swing_baseline,1526320800000,1178,1526324400000,1526360400000,2018,0.3829934801576477,1312.948,2.0844285714285724,1313.788,1310.8635714285715,1321.2857142857144,1310.8635714285715,2.563821992086474,-1.0,STOP
swing_baseline,1526367600000,1189,1526371200000,1526378400000,2018,0.3771685337845531,1310.649,1.6655714285714598,1310.799,1308.9834285714285,1317.3112857142858,1308.9834285714285,3.5869069163583776,-1.0,STOP
swing_baseline,1526382000000,1193,1526385600000,1526385600000,2018,0.5028244410707235,1306.118,1.547928571428591,1306.908,1304.5700714285713,1312.3097142857143,1304.5700714285713,2.3104701964498644,-1.0,STOP
swing_baseline,1526389200000,1195,1526392800000,1526407200000,2018,0.40656454918955987,1291.858,2.5558571428571537,1292.888,1289.3021428571428,1302.0814285714287,1289.3021428571428,2.5638022389547053,-1.0,STOP
swing_baseline,1526464800000,1215,1526468400000,1526468400000,2018,0.5781808894261783,1289.549,2.0823571428570795,1291.328,1287.466642857143,1297.8784285714282,1287.466642857143,1.6964057788711882,-1.0,STOP
swing_baseline,1526472000000,1217,1526475600000,1526882400000,2018,0.49042107388213874,1286.349,2.158857142857089,1287.488,1284.1901428571427,1294.9844285714282,1284.1901428571427,2.2731210742904273,-1.0,STOP
swing_baseline,1526886000000,1280,1526889600000,1526907600000,2018,0.36834212951174944,1282.029,1.898785714285704,1282.758,1280.1302142857144,1289.6241428571427,1289.6241428571427,2.6129005952866153,2.6129005952866153,TARGET
swing_baseline,1526972400000,1302,1526976000000,1526976000000,2018,0.7541648850869251,1287.898,1.8664999999999572,1292.528,1286.0315,1295.3639999999998,1295.3639999999998,0.43654275379047164,0.43654275379047164,TARGET
swing_baseline,1527019200000,1315,1527026400000,1527080400000,2018,0.36791530081806295,1290.908,2.239571428571448,1290.908,1288.6684285714284,1299.8662857142856,1288.6684285714284,3.9999999999998983,-1.0,STOP
swing_baseline,1527274800000,1382,1527458400000,1527458400000,2018,0.3340259117217951,1300.288,2.319500000000029,1299.588,1297.9685,1309.566,1297.9685,6.161160852114828,-1.0,STOP
swing_baseline,1527487200000,1391,1527490800000,1527580800000,2018,0.5483098989593418,1295.448,1.9172857142856887,1296.771,1293.5307142857143,1303.1171428571429,1303.1171428571429,1.9585133586104295,1.9585133586104295,TARGET
swing_baseline,1527598800000,1417,1527602400000,1527746400000,2018,0.4715516045063696,1292.738,3.259857142857153,1294.652,1289.478142857143,1305.7774285714286,1305.7774285714286,2.150316149874395,2.150316149874395,TARGET
swing_baseline,1527768000000,1461,1527771600000,1527847200000,2018,0.5440188407917541,1298.008,2.1760714285713902,1299.638,1295.8319285714288,1306.7122857142856,1295.8319285714288,1.858684432767318,-1.0,STOP
swing_baseline,1527850800000,1483,1527854400000,1527854400000,2018,0.44500081923913093,1294.258,1.80685714285713,1294.948,1292.451142857143,1301.4854285714287,1292.451142857143,2.618262959148631,-1.0,STOP
swing_baseline,1528084800000,1499,1528088400000,1528214400000,2018,0.4768250627381508,1290.768,1.9284999999999852,1291.489,1288.8395,1298.482,1298.482,2.639365918097742,2.639365918097742,TARGET
swing_baseline,1528275600000,1550,1528279200000,1528290000000,2018,0.4663033898172421,1294.188,1.4638571428571203,1295.039,1292.724142857143,1300.0434285714286,1300.0434285714286,2.1618736114542196,2.1618736114542196,TARGET
swing_baseline,1528376400000,1576,1528380000000,1528830000000,2018,0.5980768766872607,1294.839,1.996142857142851,1296.269,1292.8428571428572,1302.8235714285713,1295.468,1.91310511612389,-0.23379060167616764,72H_TIMEOUT
swing_baseline,1528869600000,1659,1528873200000,1528876800000,2018,0.45181547678482303,1294.319,1.1142142857142971,1294.638,1293.2047857142857,1298.7758571428571,1293.2047857142857,2.8871168701720586,-1.0,STOP
swing_baseline,1529020800000,1698,1529024400000,1529042400000,2018,0.4448425008297653,1300.708,2.705928571428558,1301.389,1298.0020714285715,1311.5317142857143,1298.0020714285715,2.9946643608834447,-1.0,STOP
swing_baseline,1529046000000,1705,1529049600000,1529064000000,2018,0.6897727469901256,1297.409,1.7108571428571264,1299.892,1295.698142857143,1304.2524285714287,1295.698142857143,1.0397179548319424,-1.0,STOP
swing_baseline,1529067600000,1711,1529071200000,1529071200000,2018,0.3621035843068679,1283.578,2.831214285714233,1283.792,1280.7467857142858,1294.9028571428569,1280.7467857142858,3.6486289963175564,-1.0,STOP
swing_baseline,1529074800000,1713,1529078400000,1529406000000,2018,0.35631084299291854,1276.728,3.4092857142856507,1277.678,1273.3187142857143,1290.3651428571427,1273.3187142857143,2.9103719482220933,-1.0,STOP
swing_baseline,1529409600000,1754,1529413200000,1529524800000,2018,0.5968899110002361,1270.388,2.5909285714286137,1273.518,1267.7970714285714,1280.7517142857143,1267.7970714285714,1.2644301000087255,-1.0,STOP
swing_baseline,1529542800000,1788,1529546400000,1529557200000,2018,0.39578213937244966,1266.722,2.06257142857146,1267.269,1264.6594285714284,1274.9722857142858,1264.6594285714284,2.951935183664377,-1.0,STOP
swing_baseline,1529560800000,1793,1529564400000,1529600400000,2018,0.4890669090694889,1262.0,2.0030714285714533,1262.818,1259.9969285714285,1270.0122857142858,1270.0122857142858,2.550196227370531,2.550196227370531,TARGET
swing_baseline,1529895600000,1835,1529899200000,1529906400000,2018,0.45697392458340935,1266.821,1.8328571428571323,1267.628,1264.9881428571427,1274.1524285714283,1264.9881428571427,2.4715081984954947,-1.0,STOP
swing_baseline,1529953200000,1851,1529956800000,1529996400000,2018,0.4362603513828416,1264.742,2.282785714285734,1265.418,1262.4592142857143,1273.873142857143,1262.4592142857143,2.8576394756538366,-1.0,STOP
swing_baseline,1530000000000,1863,1530003600000,1530010800000,2018,0.527066003294544,1257.698,1.995214285714269,1259.068,1255.7027857142857,1265.6788571428572,1255.7027857142857,1.9644684057479025,-1.0,STOP
swing_baseline,1530014400000,1867,1530018000000,1530111600000,2018,0.5665495330107629,1254.788,2.10092857142854,1256.449,1252.6870714285715,1263.1917142857142,1252.6870714285715,1.7923557445838332,-1.0,STOP
swing_baseline,1530126000000,1897,1530136800000,1530205200000,2018,0.49768625251466136,1250.671,2.552714285714306,1251.659,1248.1182857142858,1260.8818571428574,1248.1182857142858,2.604801291103492,-1.0,STOP
swing_baseline,1530208800000,1918,1530212400000,1530288000000,2018,0.5000496766035513,1245.918,2.339000000000006,1247.029,1243.579,1255.274,1255.274,2.389855072463705,2.389855072463705,TARGET
swing_baseline,1530507600000,1949,1530511200000,1530536400000,2018,0.39231070260166134,1248.979,1.7852142857142976,1249.278,1247.1937857142857,1256.1198571428572,1247.1937857142857,3.282703314027168,-1.0,STOP
swing_baseline,1530540000000,1958,1530543600000,1530543600000,2018,0.4837387681380644,1246.089,1.653857142857175,1246.889,1244.4351428571429,1252.7044285714287,1244.4351428571429,2.3699132560984753,-1.0,STOP
swing_baseline,1530547200000,1960,1530550800000,1530579600000,2018,0.40024207139333956,1241.478,1.9332142857143224,1241.879,1239.5447857142858,1249.2108571428573,1239.5447857142858,3.1410385874724476,-1.0,STOP
swing_baseline,1530583200000,1968,1530586800000,1530615600000,2018,0.5024704286867847,1237.949,2.4475714285714667,1239.861,1235.5014285714285,1247.7392857142859,1247.7392857142859,1.8071238981550681,1.8071238981550681,TARGET
swing_baseline,1530766800000,2013,1530770400000,1530781200000,2018,0.6284295800313398,1253.338,1.704714285714301,1254.838,1251.6332857142856,1260.1568571428572,1251.6332857142856,1.6596977666830346,-1.0,STOP
swing_baseline,1530784800000,2018,1530788400000,1530802800000,2018,0.4728167897327165,1251.279,1.7500714285714756,1251.919,1249.5289285714284,1258.2792857142858,1258.2792857142858,2.6611278802184994,2.6611278802184994,TARGET
swing_baseline,1530842400000,2032,1530846000000,1531116000000,2018,0.4039492807332268,1253.411,2.1533571428571383,1253.989,1251.2576428571429,1262.0244285714286,1262.0244285714286,2.9419179371845265,2.9419179371845265,TARGET
swing_baseline,1531155600000,2069,1531159200000,1531202400000,2018,0.5144974982373214,1258.0,1.8848571428571208,1258.969,1256.115142857143,1265.5394285714285,1256.115142857143,2.3022976422886106,-1.0,STOP
swing_baseline,1531209600000,2083,1531213200000,1531216800000,2018,0.41265872278633775,1252.469,1.7239285714285384,1252.549,1250.7450714285715,1259.3647142857142,1250.7450714285715,3.7782617303504944,-1.0,STOP
swing_baseline,1531220400000,2086,1531224000000,1531227600000,2018,0.490015951891672,1247.299,2.0677857142856704,1248.628,1245.2312142857143,1255.5701428571426,1255.5701428571426,2.0437388287246145,2.0437388287246145,TARGET
swing_baseline,1531306800000,2108,1531310400000,1531321200000,2018,0.38717033436539783,1248.289,2.087785714285701,1248.728,1246.2012142857143,1256.6401428571428,1246.2012142857143,3.1313074204945672,-1.0,STOP
swing_baseline,1531324800000,2113,1531328400000,1531328400000,2018,0.38492422830475104,1244.751,2.246214285714294,1245.081,1242.5047857142856,1253.7358571428572,1242.5047857142856,3.359525327862088,-1.0,STOP
swing_baseline,1531335600000,2116,1531346400000,1531472400000,2018,0.3729303223416413,1242.0,2.3742142857143045,1241.588,1239.6257857142857,1251.4968571428572,1239.6257857142857,5.049834370791121,-1.0,STOP
swing_baseline,1531479600000,2153,1531483200000,1531717200000,2018,0.3510499115630784,1237.788,1.9080714285714095,1237.902,1235.8799285714285,1245.4202857142857,1245.4202857142857,3.718110848139985,3.718110848139985,TARGET
swing_baseline,1531746000000,2177,1531749600000,1531789200000,2018,0.5317366928610812,1240.068,1.834000000000044,1241.279,1238.234,1247.4040000000002,1238.234,2.01149425287359,-1.0,STOP
swing_baseline,1531832400000,2200,1531836000000,1531836000000,2018,0.39745529941919167,1230.341,2.306785714285687,1231.769,1228.0342142857141,1239.5681428571427,1228.0342142857141,2.088243731711382,-1.0,STOP
swing_baseline,1531890000000,2215,1531893600000,1531893600000,2018,0.5710359236351091,1224.328,1.663214285714275,1224.729,1222.6647857142857,1230.980857142857,1222.6647857142857,3.0286861137062204,-1.0,STOP
swing_baseline,1531900800000,2218,1531904400000,1531933200000,2018,0.6779544283233506,1221.058,1.6597142857142768,1222.471,1219.3982857142857,1227.6968571428572,1227.6968571428572,1.7007299270073328,1.7007299270073328,TARGET
swing_baseline,1531976400000,2238,1531980000000,1531983600000,2018,0.437944907540582,1222.668,1.6720714285714362,1223.248,1220.9959285714285,1229.3562857142856,1220.9959285714285,2.712296615813826,-1.0,STOP
swing_baseline,1531987200000,2241,1531990800000,1531994400000,2018,0.42700367416235063,1217.498,1.924357142857145,1218.478,1215.5736428571429,1225.1954285714287,1215.5736428571429,2.3128796635596665,-1.0,STOP
swing_baseline,1531998000000,2244,1532001600000,1532001600000,2018,0.4935245644290577,1214.788,2.253571428571425,1215.849,1212.5344285714286,1223.8022857142857,1212.5344285714286,2.3994914231533,-1.0,STOP
swing_baseline,1532329200000,2285,1532332800000,1532347200000,2018,0.668378763394302,1228.708,2.1526428571428857,1230.938,1226.5553571428572,1237.3185714285717,1226.5553571428572,1.455873005525072,-1.0,STOP
swing_baseline,1532350800000,2291,1532354400000,1532394000000,2018,0.41041319575365526,1224.218,2.675785714285764,1225.219,1221.5422142857144,1234.9211428571432,1221.5422142857144,2.638756677999158,-1.0,STOP
swing_baseline,1532404800000,2305,1532408400000,1532426400000,2018,0.4781429735392613,1218.101,2.1053571428571525,1219.059,1215.995642857143,1226.5224285714287,1226.5224285714287,2.436356005316413,2.436356005316413,TARGET
swing_baseline,1532487600000,2327,1532491200000,1532509200000,2018,0.5075031553879543,1223.208,1.9717857142856996,1224.119,1221.2362142857144,1231.095142857143,1231.095142857143,2.4199311182142305,2.4199311182142305,TARGET
swing_baseline,1532588400000,2354,1532592000000,1532628000000,2018,0.4662012389123187,1226.958,2.049642857142836,1227.878,1224.9083571428573,1235.1565714285714,1224.9083571428573,2.450992182802376,-1.0,STOP
swing_baseline,1532631600000,2366,1532642400000,1532678400000,2018,0.3886408199986668,1222.289,2.22328571428568,1222.859,1220.0657142857144,1231.1821428571427,1220.0657142857144,2.979696210300409,-1.0,STOP
swing_baseline,1532682000000,2378,1532685600000,1532703600000,2018,0.2976931214629784,1218.349,2.000428571428561,1218.549,1216.3485714285714,1226.3507142857143,1226.3507142857143,3.5455430760241518,3.5455430760241518,TARGET
swing_baseline,1532930400000,2396,1532934000000,1533042000000,2018,0.5321181575557825,1219.008,1.98750000000002,1220.099,1217.0205,1226.958,1217.0205,2.228033133019486,-1.0,STOP
swing_baseline,1533096000000,2440,1533099600000,1533132000000,2018,0.34632350436945974,1220.678,2.266999999999988,1220.799,1218.411,1229.746,1218.411,3.7466499162480806,-1.0,STOP
swing_baseline,1533135600000,2451,1533139200000,1533207600000,2018,0.5582160105807101,1216.568,2.1710000000000167,1218.978,1214.397,1225.252,1214.397,1.3695699628901348,-1.0,STOP
swing_baseline,1533222000000,2473,1533225600000,1533232800000,2018,0.40858105833079045,1213.058,2.268785714285692,1213.891,1210.7892142857143,1222.1331428571427,1210.7892142857143,2.6572251007482564,-1.0,STOP
swing_baseline,1533236400000,2477,1533247200000,1533276000000,2018,0.42086623001085427,1208.442,2.3282857142856983,1207.828,1206.1137142857142,1217.7551428571428,1206.1137142857142,5.7908333333330955,-1.0,STOP
swing_baseline,1533279600000,2487,1533283200000,1533294000000,2018,0.3650054223089981,1204.528,1.8771428571428552,1204.528,1202.6508571428571,1212.0365714285715,1212.0365714285715,4.0,4.0,TARGET
swing_baseline,1533535200000,2508,1533538800000,1533549600000,2018,0.5510958433841432,1212.468,1.6696428571428246,1213.459,1210.7983571428572,1219.1465714285714,1210.7983571428572,2.137668125318755,-1.0,STOP
swing_baseline,1533553200000,2513,1533556800000,1533632400000,2018,0.45415742057229636,1208.268,1.7462857142856725,1208.679,1206.5217142857143,1215.2531428571426,1215.2531428571426,3.0474140785376265,3.0474140785376265,TARGET
swing_baseline,1533661200000,2541,1533664800000,1533729600000,2018,0.3415371930900411,1209.328,2.2564999999999764,1209.608,1207.0715,1218.3539999999998,1207.0715,3.4480583481175238,-1.0,STOP
swing_baseline,1533798000000,2576,1533801600000,1533877200000,2018,0.48301554437290045,1210.749,1.7682142857142935,1211.668,1208.9807857142857,1217.8218571428572,1208.9807857142857,2.2900507695171903,-1.0,STOP
swing_baseline,1533880800000,2597,1533884400000,1533898800000,2018,0.6621082500711,1205.668,1.704785714285728,1208.708,1203.9632142857142,1212.4871428571428,1212.4871428571428,0.7964833576707675,0.7964833576707675,TARGET
swing_baseline,1534118400000,2612,1534122000000,1534143600000,2018,0.41628161515872675,1208.668,2.8142857142856883,1209.119,1205.8537142857142,1219.9251428571426,1205.8537142857142,3.3094019337620515,-1.0,STOP
swing_baseline,1534147200000,2620,1534150800000,1534150800000,2018,0.47496541360341993,1203.429,2.1667142857142574,1204.908,1201.2622857142858,1212.095857142857,1201.2622857142858,1.9715909090910093,-1.0,STOP
swing_baseline,1534154400000,2622,1534158000000,1534158000000,2018,0.34480380171704955,1201.038,2.250928571428566,1201.158,1198.7870714285714,1210.0417142857143,1198.7870714285714,3.746934594643578,-1.0,STOP
swing_baseline,1534172400000,2627,1534176000000,1534179600000,2018,0.5225642628305235,1194.721,2.9317857142857355,1196.178,1191.7892142857143,1206.448142857143,1191.7892142857143,2.340087560828668,-1.0,STOP
swing_baseline,1534262400000,2651,1534266000000,1534291200000,2018,0.3870471888690729,1193.261,1.709642857142837,1193.578,1191.5513571428571,1200.0995714285714,1191.5513571428571,3.217918443590721,-1.0,STOP
swing_baseline,1534298400000,2660,1534302000000,1534305600000,2018,0.3793058453029638,1189.259,1.9642142857142877,1189.259,1187.2947857142858,1197.115857142857,1187.2947857142858,4.0000000000001155,-1.0,STOP
swing_baseline,1534309200000,2663,1534312800000,1534327200000,2018,0.5673040573520847,1186.438,1.89014285714284,1187.879,1184.5478571428573,1193.9985714285715,1184.5478571428573,1.8370786516855862,-1.0,STOP
swing_baseline,1534338000000,2671,1534341600000,1534345200000,2018,0.4850330278507168,1180.072,2.593499999999965,1181.148,1177.4785,1190.4459999999997,1177.4785,2.5338601989371434,-1.0,STOP
swing_baseline,1534348800000,2674,1534352400000,1534377600000,2018,0.5371099748730574,1175.601,2.879071428571381,1177.348,1172.7219285714286,1187.1172857142856,1172.7219285714286,2.111788774801232,-1.0,STOP
swing_baseline,1534446000000,2700,1534449600000,1534744800000,2018,0.42100944957550424,1173.471,3.3991428571428224,1173.679,1170.0718571428572,1187.0675714285712,1187.0675714285712,3.711683168316718,3.711683168316718,TARGET
swing_baseline,1534852800000,2759,1534856400000,1534896000000,2018,0.561608467112859,1189.388,1.974928571428596,1190.758,1187.4130714285714,1197.2877142857144,1197.2877142857144,1.9521236840418985,1.9521236840418985,TARGET
swing_baseline,1534982400000,2793,1534986000000,1534989600000,2018,0.3451947852173142,1192.908,2.3837857142857013,1193.078,1190.5242142857142,1202.4431428571427,1190.5242142857142,3.667160797695081,-1.0,STOP
swing_baseline,1534996800000,2797,1535000400000,1535007600000,2018,0.5502498307356241,1190.158,2.074285714285712,1191.698,1188.0837142857142,1198.4551428571428,1188.0837142857142,1.869565217391195,-1.0,STOP
swing_baseline,1535047200000,2811,1535050800000,1535115600000,2018,0.41371742923695554,1184.678,2.5294285714285087,1185.339,1182.1485714285716,1194.7957142857142,1194.7957142857142,2.964089016254169,2.964089016254169,TARGET
swing_baseline,1535360400000,2847,1535364000000,1535378400000,2018,0.5983010430496034,1203.198,1.9358571428571003,1204.648,1201.262142857143,1210.9414285714286,1210.9414285714286,1.8587401375471384,1.8587401375471384,TARGET
swing_baseline,1535464800000,2874,1535468400000,1535475600000,2018,0.6681742458331129,1206.908,2.330857142857131,1209.689,1204.5771428571427,1216.2314285714285,1204.5771428571427,1.279853561747112,-1.0,STOP
swing_baseline,1535479200000,2878,1535482800000,1535634000000,2018,0.308748268526817,1200.308,2.768071428571391,1200.809,1197.5399285714286,1211.3802857142855,1197.5399285714286,3.233727358140163,-1.0,STOP
swing_baseline,1535727600000,2942,1535731200000,1535932800000,2018,0.4201342985643487,1199.249,2.7147142857143245,1200.129,1196.5342857142857,1210.1078571428573,1196.5342857142857,2.775980606446104,-1.0,STOP
swing_baseline,1535936400000,2950,1535940000000,1536058800000,2018,0.5661090366040692,1195.648,2.9102142857142974,1198.889,1192.7377857142856,1207.288857142857,1192.7377857142856,1.3655608068093354,-1.0,STOP
swing_baseline,1536066000000,2981,1536069600000,1536220800000,2018,0.5982560227480628,1190.359,2.472571428571444,1192.662,1187.8864285714285,1200.2492857142856,1200.2492857142856,1.5887702294414423,1.5887702294414423,TARGET
swing_baseline,1536321600000,3048,1536325200000,1536667200000,2018,0.4247566386033687,1194.018,2.563714285714257,1194.518,1191.4542857142858,1204.272857142857,1191.4542857142858,3.183997015760503,-1.0,STOP
swing_baseline,1536670800000,3094,1536674400000,1536678000000,2018,0.4191301345115602,1187.698,2.0070714285714564,1188.469,1185.6909285714287,1195.726285714286,1195.726285714286,2.612346694778106,2.612346694778106,TARGET
swing_baseline,1536822000000,3132,1536825600000,1536843600000,2018,0.6538544346950901,1203.338,1.89735714285715,1205.519,1201.4406428571428,1210.9274285714287,1210.9274285714287,1.3261292186980216,1.3261292186980216,TARGET
swing_baseline,1536847200000,3139,1536850800000,1536933600000,2018,0.638828931543626,1201.499,2.57764285714284,1203.188,1198.9213571428572,1211.8095714285714,1198.9213571428572,2.020692079754877,-1.0,STOP
swing_baseline,1536937200000,3162,1536940800000,1536940800000,2018,0.3819009234738474,1195.808,2.434571428571465,1197.009,1193.3734285714286,1205.546285714286,1193.3734285714286,2.3482651577665505,-1.0,STOP
swing_baseline,1537142400000,3168,1537146000000,1537192800000,2018,0.5053896088814914,1192.758,2.5693571428571595,1193.788,1190.188642857143,1203.0354285714286,1203.0354285714286,2.569188942469913,2.569188942469913,TARGET
swing_baseline,1537232400000,3192,1537236000000,1537358400000,2018,0.4553428605853343,1197.008,2.0561428571428126,1197.972,1194.9518571428573,1205.2325714285712,1205.2325714285712,2.4040490043045066,2.4040490043045066,TARGET
swing_baseline,1537423200000,3243,1537426800000,1537444800000,2018,0.577711693950107,1201.688,1.3600714285714244,1202.928,1200.3279285714286,1207.1282857142858,1207.1282857142858,1.61545012499651,1.61545012499651,TARGET
swing_baseline,1537524000000,3270,1537527600000,1537531200000,2018,0.40022546173619344,1204.93,1.5598571428571404,1205.088,1203.370142857143,1211.1694285714286,1203.370142857143,3.540124740125233,-1.0,STOP
swing_baseline,1537534800000,3273,1537538400000,1537794000000,2018,0.6347831846149828,1191.789,2.6290000000000027,1196.499,1189.16,1202.305,1202.305,0.7911159558523077,0.7911159558523077,TARGET
swing_baseline,1537840800000,3306,1537844400000,1537963200000,2018,0.5954707777068515,1197.078,2.080714285714261,1198.848,1194.9972857142857,1205.400857142857,1194.9972857142857,1.7017250973844882,-1.0,STOP
swing_baseline,1537966800000,3339,1537970400000,1537984800000,2018,0.5841562619186982,1193.849,1.8720000000000223,1196.289,1191.9769999999999,1201.337,1191.9769999999999,1.1706864564007085,-1.0,STOP
swing_baseline,1538046000000,3357,1538049600000,1538049600000,2018,0.3912137608481015,1192.879,2.658071428571426,1193.388,1190.2209285714284,1203.5112857142856,1190.2209285714284,3.1964185028980463,-1.0,STOP
swing_baseline,1538053200000,3359,1538056800000,1538118000000,2018,0.35877339993641916,1183.268,2.387500000000013,1184.298,1180.8805,1192.818,1180.8805,2.4930504754937632,-1.0,STOP
swing_baseline,1538373600000,3397,1538377200000,1538384400000,2018,0.5131266488124299,1186.691,1.7584285714285508,1187.522,1184.9325714285715,1193.7247142857143,1184.9325714285715,2.3953988745449766,-1.0,STOP
swing_baseline,1538564400000,3448,1538568000000,1538578800000,2018,0.5781516576907193,1201.788,1.8817142857142408,1202.459,1199.9062857142858,1209.314857142857,1199.9062857142858,2.685712686775878,-1.0,STOP
swing_baseline,1538582400000,3453,1538586000000,1538964000000,2018,0.44059811043692715,1197.798,2.3510714285714096,1198.578,1195.4469285714285,1207.2022857142856,1195.4469285714285,2.7544199840309975,-1.0,STOP
swing_baseline,1538982000000,3511,1538985600000,1539000000000,2018,0.32187564100395916,1193.821,1.951071428571465,1193.898,1191.8699285714285,1201.6252857142858,1191.8699285714285,3.810164477160086,-1.0,STOP
swing_baseline,1539010800000,3519,1539014400000,1539198000000,2018,0.6409602048532093,1182.542,2.60621428571434,1185.698,1179.9357857142857,1192.9668571428572,1192.9668571428572,1.2614694251961247,1.2614694251961247,TARGET
swing_baseline,1539324000000,3601,1539327600000,1539586800000,2018,0.559282832490463,1215.798,2.934642857142827,1216.829,1212.8633571428572,1227.5365714285713,1227.5365714285713,2.7000846557035265,2.7000846557035265,TARGET
swing_baseline,1539712800000,3657,1539716400000,1539741600000,2018,0.36599617076118585,1225.309,2.396785714285719,1225.729,1222.9122142857143,1234.8961428571429,1222.9122142857143,3.2544693799923516,-1.0,STOP
swing_baseline,1539745200000,3665,1539748800000,1539784800000,2018,0.28634448600729073,1221.538,1.9162857142857124,1221.741,1219.6217142857142,1229.203142857143,1229.203142857143,3.5210650488708746,3.5210650488708746,TARGET
swing_baseline,1539813600000,3683,1539817200000,1539842400000,2018,0.4710023373558273,1221.568,2.505071428571406,1222.752,1219.0629285714285,1231.5882857142856,1219.0629285714285,2.395260131275754,-1.0,STOP
swing_baseline,1539932400000,3715,1539936000000,1539950400000,2018,0.7581250298048962,1223.058,1.8569285714285768,1226.861,1221.2010714285714,1230.4857142857143,1230.4857142857143,0.6404169663927712,0.6404169663927712,TARGET
swing_baseline,1540191600000,3737,1540195200000,1540195200000,2018,0.3745670668804498,1225.198,1.613285714285699,1225.568,1223.5847142857144,1231.651142857143,1223.5847142857144,3.067204494706071,-1.0,STOP
swing_baseline,1540198800000,3739,1540202400000,1540213200000,2018,0.3194881407732949,1222.249,1.636214285714264,1222.589,1220.6127857142858,1228.7938571428572,1220.6127857142858,3.1397694003689334,-1.0,STOP
swing_baseline,1540216800000,3744,1540220400000,1540274400000,2018,0.4358940129607539,1220.011,1.921500000000021,1221.109,1218.0895,1227.6970000000001,1227.6970000000001,2.181818181818332,2.181818181818332,TARGET
swing_baseline,1540368000000,3781,1540371600000,1540382400000,2018,0.5338743701754105,1229.511,2.1912857142857383,1230.662,1227.3197142857143,1238.276142857143,1227.3197142857143,2.2781244657206683,-1.0,STOP
swing_baseline,1540472400000,3808,1540476000000,1540562400000,2018,0.41424602761988305,1229.771,2.4813571428571777,1230.778,1227.2896428571428,1239.6964285714287,1239.6964285714287,2.556627147449631,2.556627147449631,TARGET
swing_baseline,1540569600000,3833,1540573200000,1540828800000,2018,0.5651598728213026,1230.853,3.800714285714256,1233.806,1227.0522857142857,1246.0558571428571,1227.0522857142857,1.813795583382677,-1.0,STOP
swing_baseline,1540832400000,3856,1540836000000,1540893600000,2018,0.5779202577032875,1224.223,2.540714285714313,1226.497,1221.6822857142856,1234.3858571428573,1221.6822857142856,1.6384891552680358,-1.0,STOP
swing_baseline,1540947600000,3883,1540954800000,1540954800000,2018,0.39828983578425375,1219.663,2.247785714285718,1220.8,1217.4152142857142,1228.654142857143,1217.4152142857142,2.3204254331356924,-1.0,STOP
swing_baseline,1540972800000,3889,1540976400000,1540990800000,2018,0.5572428953327853,1214.62,2.2742142857142653,1217.433,1212.3457857142857,1223.716857142857,1212.3457857142857,1.2352255654932953,-1.0,STOP
swing_baseline,1541160000000,3935,1541163600000,1541422800000,2018,0.5189966837697012,1230.078,2.4022142857142432,1230.795,1227.6757857142857,1239.686857142857,1227.6757857142857,2.850672101490574,-1.0,STOP
swing_baseline,1541516400000,3979,1541520000000,1541520000000,2018,0.47619205574495677,1227.705,2.0953571428571616,1228.925,1225.6096428571427,1236.0864285714285,1225.6096428571427,2.160077561133197,-1.0,STOP
swing_baseline,1541527200000,3982,1541530800000,1541581200000,2018,0.5656817182515788,1223.418,2.4815714285714585,1225.685,1220.9364285714285,1233.3442857142857,1233.3442857142857,1.6129663056558141,1.6129663056558141,TARGET
swing_baseline,1541613600000,4004,1541617200000,1541649600000,2018,0.4931031172579662,1225.735,2.516571428571459,1227.335,1223.2184285714284,1235.8012857142858,1223.2184285714284,2.0566352026650745,-1.0,STOP
swing_baseline,1541660400000,4014,1541664000000,1541732400000,2018,0.7653865591915422,1221.368,1.9153571428571792,1224.965,1219.4526428571428,1229.0294285714288,1219.4526428571428,0.737330413486632,-1.0,STOP
swing_baseline,1541736000000,4033,1541739600000,1541768400000,2018,0.4945121356344818,1217.755,2.609499999999993,1218.995,1215.1455,1228.193,1215.1455,2.389401220937928,-1.0,STOP
swing_baseline,1541772000000,4042,1541775600000,1541782800000,2018,0.44833967220562904,1209.175,2.433785714285737,1210.548,1206.7412142857142,1218.910142857143,1206.7412142857142,2.196641335960237,-1.0,STOP
swing_baseline,1542002400000,4055,1542006000000,1542034800000,2018,0.4679816281179019,1205.788,2.3702142857142854,1206.695,1203.4177857142856,1215.268857142857,1203.4177857142856,2.6162027854667356,-1.0,STOP
swing_baseline,1542042000000,4066,1542045600000,1542099600000,2018,0.47543467615725926,1202.245,2.120428571428582,1203.225,1200.1245714285712,1210.7267142857143,1200.1245714285712,2.419573330875861,-1.0,STOP
swing_baseline,1542103200000,4081,1542106800000,1542121200000,2018,0.5706739751841431,1196.195,1.96000000000002,1197.905,1194.235,1204.035,1204.035,1.6702997275204325,1.6702997275204325,TARGET
swing_baseline,1542186000000,4100,1542189600000,1542214800000,2018,0.35399301685257495,1197.998,1.9592857142857187,1198.205,1196.0387142857144,1205.835142857143,1205.835142857143,3.5222236876816964,3.5222236876816964,TARGET
swing_baseline,1542286800000,4125,1542290400000,1542355200000,2018,0.7674116999582493,1207.528,2.6053571428571365,1213.118,1204.9226428571428,1217.9494285714286,1217.9494285714286,0.5895324007495658,0.5895324007495658,TARGET
swing_baseline,1542603600000,4159,1542607200000,1542718800000,2018,0.4398979252594627,1217.955,2.320642857142876,1218.255,1215.634357142857,1227.2375714285715,1227.2375714285715,3.427621357899816,3.427621357899816,TARGET
swing_baseline,1542726000000,4191,1542729600000,1542812400000,2018,0.6929454572894501,1220.345,2.259928571428564,1223.338,1218.0850714285714,1229.3847142857144,1229.3847142857144,1.15111298459365,1.15111298459365,TARGET
swing_baseline,1542952800000,4239,1542956400000,1542956400000,2018,0.41636095752992086,1225.675,1.293785714285767,1226.015,1224.3812142857141,1230.850142857143,1224.3812142857141,2.959471866392273,-1.0,STOP
swing_baseline,1542960000000,4241,1542963600000,1543219200000,2018,0.32589403402865813,1221.455,1.5006428571429231,1221.828,1219.954357142857,1227.4575714285716,1227.4575714285716,3.0046128626431803,3.0046128626431803,TARGET
swing_baseline,1543240800000,4266,1543244400000,1543298400000,2018,0.4471831772098759,1222.398,1.7568571428571915,1223.165,1220.6411428571428,1229.4254285714287,1220.6411428571428,2.480500367917604,-1.0,STOP
swing_baseline,1543302000000,4280,1543305600000,1543330800000,2018,0.426944742401615,1219.645,1.5221428571428532,1220.085,1218.1228571428571,1225.7335714285714,1218.1228571428571,2.878776847469857,-1.0,STOP
swing_baseline,1543334400000,4289,1543338000000,1543424400000,2018,0.27243638570103257,1212.435,2.499428571428585,1212.478,1209.9355714285714,1222.4327142857144,1222.4327142857144,3.9154351857053125,3.9154351857053125,TARGET
swing_baseline,1543514400000,4332,1543518000000,1543586400000,2018,0.54699474993533,1222.335,2.421071428571444,1223.555,1219.9139285714286,1232.0192857142858,1219.9139285714286,2.3246689553703015,-1.0,STOP
swing_baseline,1543968000000,4398,1543971600000,1544191200000,2018,0.5633738943520895,1235.115,2.606499999999999,1236.685,1232.5085,1245.541,1245.541,2.1204357715790554,2.1204357715790554,TARGET
swing_baseline,1544432400000,4470,1544436000000,1544446800000,2018,0.540862959091773,1245.875,1.856214285714308,1246.685,1244.0187857142857,1253.2998571428573,1244.0187857142857,2.4809923111957906,-1.0,STOP
swing_baseline,1544461200000,4478,1544464800000,1544709600000,2018,0.4398250127520855,1242.595,2.1261428571428627,1243.335,1240.4688571428571,1251.0995714285714,1240.4688571428571,2.709066440711684,-1.0,STOP
swing_baseline,1544767200000,4549,1544770800000,1544770800000,2018,0.4186039859558766,1239.455,1.2910000000000377,1239.925,1238.164,1244.6190000000001,1238.164,2.6655309483249714,-1.0,STOP
swing_baseline,1544792400000,4556,1544796000000,1544803200000,2018,0.3360998453915934,1234.185,1.4754285714286166,1234.455,1232.7095714285713,1240.0867142857144,1240.0867142857144,3.2265509903420737,3.2265509903420737,TARGET
swing_baseline,1545213600000,4609,1545217200000,1545228000000,2018,0.5319082408768285,1246.685,1.6867857142857312,1247.795,1244.9982142857143,1253.432142857143,1253.432142857143,2.015579108670636,2.015579108670636,TARGET
swing_baseline,1545246000000,4618,1545249600000,1545296400000,2018,0.512318609586045,1242.015,3.19442857142857,1244.028,1238.8205714285716,1254.7927142857143,1254.7927142857143,2.0671842422912925,2.0671842422912925,TARGET
swing_baseline,1545372000000,4650,1545375600000,1545386400000,2018,0.6141204040210835,1258.635,2.477285714285683,1259.488,1256.1577142857143,1268.5441428571428,1256.1577142857143,2.7193291008921654,-1.0,STOP
swing_baseline,1545415200000,4662,1545418800000,1545620400000,2018,0.4437427821894859,1254.0,2.5419285714285382,1255.195,1251.4580714285714,1264.167714285714,1264.167714285714,2.4010933348624697,2.4010933348624697,TARGET
swing_baseline,1545843600000,4698,1545847200000,1545850800000,2018,0.4474071289366487,1269.478,3.155642857142863,1269.738,1266.3223571428573,1282.1005714285716,1266.3223571428573,3.6193981471801266,-1.0,STOP
swing_baseline,1545854400000,4701,1545858000000,1545930000000,2018,0.4928106384537236,1264.528,3.245999999999981,1266.138,1261.2820000000002,1277.512,1277.512,2.3422570016475635,2.3422570016475635,TARGET
swing_baseline,1546279200000,4763,1546290000000,1546408800000,2018,0.5701900029662726,1278.048,2.2239285714285706,1281.995,1275.8240714285714,1286.9437142857143,1286.9437142857143,0.8019399719885117,0.8019399719885117,TARGET
swing_baseline,1546452000000,4784,1546455600000,1546495200000,2019,0.37662711712203994,1278.625,2.901928571428552,1279.325,1275.7230714285715,1290.232714285714,1290.232714285714,3.028298332242633,3.028298332242633,TARGET
swing_baseline,1546520400000,4801,1546524000000,1546545600000,2019,0.6593642812817745,1284.485,2.555214285714328,1287.698,1281.9297857142856,1294.7058571428572,1294.7058571428572,1.214909293542142,1.214909293542142,TARGET
swing_baseline,1546592400000,4818,1546596000000,1546606800000,2019,0.3969486691323908,1289.328,2.4236428571428763,1290.075,1286.9043571428572,1299.0225714285714,1286.9043571428572,2.822005451801085,-1.0,STOP
swing_baseline,1546610400000,4823,1546614000000,1546822800000,2019,0.4068559043861854,1276.565,3.024357142857168,1277.875,1273.540642857143,1288.6624285714288,1288.6624285714288,2.4888185758311088,2.4888185758311088,TARGET
swing_baseline,1546873200000,4845,1546876800000,1546912800000,2019,0.4817023695307025,1287.585,2.132785714285709,1288.765,1285.4522142857143,1296.116142857143,1285.4522142857143,2.2190215399209863,-1.0,STOP
swing_baseline,1546916400000,4853,1546920000000,1546952400000,2019,0.3408908163649825,1283.288,2.230142857142872,1283.745,1281.057857142857,1292.2085714285715,1281.057857142857,3.1496544391282493,-1.0,STOP
swing_baseline,1547024400000,4879,1547028000000,1547042400000,2019,0.34289538061926345,1280.565,1.7570714285714562,1281.185,1278.8079285714286,1287.593285714286,1287.593285714286,2.6958742750686153,2.6958742750686153,TARGET
swing_baseline,1547125200000,4903,1547128800000,1547139600000,2019,0.41051784508227135,1289.715,2.107928571428634,1289.835,1287.6070714285713,1298.1467142857146,1287.6070714285713,3.7306915456380194,-1.0,STOP
swing_baseline,1547143200000,4908,1547146800000,1547460000000,2019,0.4453469929756202,1286.388,2.2501428571429187,1287.755,1284.137857142857,1295.3885714285716,1295.3885714285716,2.1103870458134555,2.1103870458134555,TARGET
swing_baseline,1547470800000,4947,1547474400000,1547776800000,2019,0.5275680743338946,1288.385,2.4706428571428694,1289.748,1285.9143571428572,1298.2675714285715,1290.758,2.222317452628044,0.26345698794506905,72H_TIMEOUT
swing_baseline,1547798400000,5026,1547802000000,1547802000000,2019,0.41963867500626006,1287.655,1.702357142857149,1288.585,1285.9526428571428,1294.4644285714285,1285.9526428571428,2.2335223726696576,-1.0,STOP
swing_baseline,1547816400000,5030,1547820000000,1548057600000,2019,0.5099091155214955,1281.155,2.020214285714278,1283.175,1279.1347857142857,1289.2358571428572,1279.1347857142857,1.500132595513011,-1.0,STOP
swing_baseline,1548061200000,5048,1548064800000,1548144000000,2019,0.4662230110996515,1277.598,1.5232857142856833,1278.378,1276.0747142857142,1283.6911428571427,1283.6911428571427,2.3067667307572686,2.3067667307572686,TARGET
swing_baseline,1548248400000,5087,1548252000000,1548252000000,2019,0.4068348636684524,1280.505,1.597571428571411,1280.775,1278.9074285714287,1286.8952857142858,1278.9074285714287,3.277136082001112,-1.0,STOP
swing_baseline,1548316800000,5102,1548320400000,1548421200000,2019,0.3893352310958573,1278.228,1.7362142857142868,1278.875,1276.4917857142857,1285.1728571428573,1285.1728571428573,2.6425895399371115,2.6425895399371115,TARGET
swing_baseline,1548676800000,5147,1548680400000,1548684000000,2019,0.5108907564068431,1299.355,1.692357142857158,1299.988,1297.6626428571428,1306.1244285714286,1297.6626428571428,2.6389187528796123,-1.0,STOP
swing_baseline,1548856800000,5189,1548860400000,1548874800000,2019,0.5970748191404128,1309.355,1.760285714285715,1310.625,1307.5947142857142,1316.3961428571429,1316.3961428571429,1.904488025645807,1.904488025645807,TARGET
swing_baseline,1548961200000,5216,1548964800000,1549033200000,2019,0.6612573256758322,1318.658,2.3144285714285746,1320.908,1316.3435714285713,1327.915714285714,1316.3435714285713,1.5352884103783613,-1.0,STOP
swing_baseline,1549238400000,5241,1549242000000,1549252800000,2019,0.294862782393316,1315.338,2.395714285714251,1315.565,1312.9422857142856,1324.920857142857,1312.9422857142856,3.5672422245217144,-1.0,STOP
swing_baseline,1549267200000,5247,1549270800000,1549288800000,2019,0.4414454757524287,1310.855,1.89307142857144,1311.945,1308.9619285714286,1318.4272857142857,1308.9619285714286,2.1730239685847628,-1.0,STOP
swing_baseline,1549357200000,5269,1549360800000,1549371600000,2019,0.40892422476254264,1310.625,1.3552142857142826,1311.365,1309.2697857142857,1316.0458571428571,1316.0458571428571,2.2340708417140935,2.2340708417140935,TARGET
swing_baseline,1549450800000,5292,1549454400000,1549476000000,2019,0.29571423093618054,1311.975,1.356071428571454,1312.115,1310.6189285714286,1317.3992857142857,1310.6189285714286,3.5321079016471444,-1.0,STOP
swing_baseline,1549479600000,5300,1549483200000,1549504800000,2019,0.281811120130766,1306.688,1.818,1307.005,1304.8700000000001,1313.96,1303.845,3.2576112412177785,-1.480093676815033,STOP_GAP
swing_baseline,1549508400000,5305,1549512000000,1549548000000,2019,0.4152514487304242,1303.425,1.8996428571428592,1303.958,1301.525357142857,1311.0235714285714,1311.0235714285714,2.904483659746617,2.904483659746617,TARGET
swing_baseline,1549609200000,5330,1549612800000,1549630800000,2019,0.5609113417221645,1307.698,1.5737857142857234,1308.945,1306.1242142857143,1313.993142857143,1313.993142857143,1.7896229520651725,1.7896229520651725,TARGET
swing_baseline,1549854000000,5348,1549861200000,1549872000000,2019,0.4459175195385193,1311.148,1.669142857142869,1310.915,1309.4788571428571,1317.8245714285713,1309.4788571428571,4.811200636625867,-1.0,STOP
swing_baseline,1549875600000,5353,1549879200000,1549890000000,2019,0.276302782622386,1306.708,1.5910714285714511,1306.825,1305.1169285714286,1313.072285714286,1305.1169285714286,3.6575084681973267,-1.0,STOP
swing_baseline,1549893600000,5358,1549897200000,1549951200000,2019,0.5633001246479529,1303.595,1.9120714285714453,1306.255,1301.6829285714286,1311.2432857142858,1311.2432857142858,1.091034073333419,1.091034073333419,TARGET
swing_baseline,1550059200000,5400,1550062800000,1550070000000,2019,0.3679891618736117,1308.965,1.4238571428571245,1309.115,1307.5411428571429,1314.6604285714284,1314.6604285714284,3.523463737859529,3.523463737859529,TARGET
swing_baseline,1550084400000,5407,1550088000000,1550145600000,2019,0.39509814295149953,1305.515,2.6120714285713933,1306.515,1302.9029285714287,1315.9632857142856,1302.9029285714287,2.6157527338882867,-1.0,STOP
swing_baseline,1550552400000,5469,1550556000000,1550566800000,2019,0.5586081643453703,1323.305,1.4026428571428855,1323.998,1321.9023571428572,1328.9155714285716,1328.9155714285716,2.3465694127272054,2.3465694127272054,TARGET
swing_baseline,1550689200000,5502,1550692800000,1550739600000,2019,0.7851150189551651,1336.798,2.627142857142855,1340.988,1334.1708571428571,1347.3065714285715,1334.1708571428571,0.9268650461022542,-1.0,STOP
swing_baseline,1550757600000,5519,1550761200000,1550768400000,2019,0.42693573185032974,1330.225,2.8239285714285933,1331.375,1327.4010714285714,1341.5207142857143,1327.4010714285714,2.5530691111710313,-1.0,STOP
swing_baseline,1550772000000,5523,1550775600000,1550782800000,2019,0.29519040694912213,1324.425,3.0489285714286,1324.828,1321.3760714285713,1336.6207142857143,1321.3760714285713,3.4162683386098056,-1.0,STOP
swing_baseline,1551099600000,5564,1551103200000,1551276000000,2019,0.9041711235071672,1325.115,1.8785714285714576,1330.898,1323.2364285714286,1332.6292857142857,1323.2364285714286,0.2259700546326017,-1.0,STOP
swing_baseline,1551279600000,5604,1551283200000,1551283200000,2019,0.43778241623760306,1321.975,1.9397142857143308,1323.438,1320.0352857142857,1329.7338571428572,1320.0352857142857,1.8502456022502332,-1.0,STOP
swing_baseline,1551286800000,5606,1551290400000,1551351600000,2019,0.5467922076664731,1316.815,2.2401428571428954,1319.258,1314.5748571428571,1325.7755714285715,1325.7755714285715,1.3917088646208278,1.3917088646208278,TARGET
swing_baseline,1551362400000,5622,1551366000000,1551366000000,2019,0.4393694124274472,1316.235,2.6382857142857574,1317.195,1313.5967142857141,1326.788142857143,1313.5967142857141,2.666031443544524,-1.0,STOP
swing_baseline,1551384000000,5628,1551394800000,1551423600000,2019,0.322351210133994,1312.518,3.063571428571468,1313.475,1309.4544285714285,1324.772285714286,1309.4544285714285,2.8098706651507466,-1.0,STOP
swing_baseline,1551427200000,5638,1551430800000,1551445200000,2019,0.46351235829834875,1306.828,1.7945000000000195,1307.238,1305.0335,1314.006,1305.0335,3.0700839192560068,-1.0,STOP
swing_baseline,1551456000000,5646,1551459600000,1551459600000,2019,0.37151308884103434,1301.055,2.763428571428595,1301.328,1298.2915714285714,1312.1087142857145,1298.2915714285714,3.5504587155964047,-1.0,STOP
swing_baseline,1551463200000,5648,1551466800000,1551466800000,2019,0.3332074765792838,1296.0,3.1842857142857417,1296.338,1292.8157142857142,1308.737142857143,1292.8157142857142,3.520197923426339,-1.0,STOP
swing_baseline,1551470400000,5650,1551474000000,1551686400000,2019,0.34166005544377076,1290.098,3.4883571428571747,1290.198,1286.6096428571427,1304.0514285714287,1286.6096428571427,3.8606604693749174,-1.0,STOP
swing_baseline,1551697200000,5664,1551700800000,1551798000000,2019,0.5234793976057579,1285.045,2.3897857142857384,1286.145,1282.6552142857142,1294.604142857143,1282.6552142857142,2.423971999918142,-1.0,STOP
swing_baseline,1551877200000,5705,1551880800000,1551945600000,2019,0.46840379423830997,1283.978,2.035500000000005,1284.585,1281.9425,1292.1200000000001,1281.9425,2.851466414380431,-1.0,STOP
swing_baseline,1552302000000,5763,1552305600000,1552312800000,2019,0.5168476934725522,1294.085,1.8791428571428568,1294.848,1292.2058571428572,1301.6015714285716,1292.2058571428572,2.5560962422278046,-1.0,STOP
swing_baseline,1552320000000,5768,1552323600000,1552392000000,2019,0.38784497381891425,1290.895,2.0520000000000045,1291.195,1288.843,1299.103,1299.103,3.362244897959436,3.362244897959436,TARGET
swing_baseline,1552528800000,5812,1552532400000,1552536000000,2019,0.4066432543971018,1305.155,2.172928571428559,1305.248,1302.9820714285713,1313.8467142857141,1302.9820714285713,3.794786117327771,-1.0,STOP
swing_baseline,1552543200000,5816,1552546800000,1552554000000,2019,0.34434781635189765,1302.478,2.1521428571428487,1302.655,1300.3258571428573,1311.0865714285715,1300.3258571428573,3.6200318940140983,-1.0,STOP
swing_baseline,1552564800000,5822,1552568400000,1552568400000,2019,0.3504593141556786,1295.805,2.469857142857141,1296.115,1293.335142857143,1305.6844285714287,1293.335142857143,3.442417390410769,-1.0,STOP
swing_baseline,1552867200000,5847,1552870800000,1552989600000,2019,0.3245101019054001,1299.275,2.142071428571415,1299.295,1297.1329285714287,1307.8432857142857,1307.8432857142857,3.953748059070377,3.953748059070377,TARGET
swing_baseline,1553043600000,5886,1553058000000,1553068800000,2019,0.5383912942442183,1303.765,2.012714285714293,1304.755,1301.7522857142858,1311.8158571428573,1301.7522857142858,2.3514915076835274,-1.0,STOP
swing_baseline,1553094000000,5897,1553097600000,1553104800000,2019,0.48665871303441555,1298.605,2.500857142857155,1300.498,1296.104142857143,1308.6084285714287,1308.6084285714287,1.8458562278506134,1.8458562278506134,TARGET
swing_baseline,1553173200000,5914,1553176800000,1553176800000,2019,0.47853476469006495,1312.488,2.3601428571428675,1312.905,1310.1278571428572,1321.9285714285716,1310.1278571428572,3.249228395061928,-1.0,STOP
swing_baseline,1553180400000,5916,1553184000000,1553184000000,2019,0.46079266257570145,1308.625,2.559428571428579,1310.445,1306.0655714285715,1318.8627142857142,1306.0655714285715,1.922103340292335,-1.0,STOP
swing_baseline,1553576400000,5965,1553580000000,1553590800000,2019,0.4461186710599484,1317.345,1.9000000000000097,1317.945,1315.445,1324.9450000000002,1315.445,2.800000000000091,-1.0,STOP
swing_baseline,1553594400000,5970,1553598000000,1553691600000,2019,0.397527549456281,1313.905,1.7454999999999763,1314.585,1312.1595,1320.887,1312.1595,2.5982271696556425,-1.0,STOP
swing_baseline,1553713200000,6000,1553731200000,1553770800000,2019,0.478422712179079,1308.065,3.0812857142857246,1309.335,1304.9837142857143,1320.390142857143,1304.9837142857143,2.5406612167175786,-1.0,STOP
swing_baseline,1553774400000,6012,1553778000000,1553778000000,2019,0.41148557723133417,1299.898,2.613285714285699,1300.315,1297.2847142857142,1310.3511428571428,1297.2847142857142,3.311946068263107,-1.0,STOP
swing_baseline,1553785200000,6015,1553788800000,1553839200000,2019,0.43344577254708055,1290.515,3.439428571428558,1292.288,1287.0755714285715,1304.2727142857143,1287.0755714285715,2.2992572697125246,-1.0,STOP
swing_baseline,1554098400000,6048,1554102000000,1554123600000,2019,0.42247678635263824,1288.595,2.0653571428571404,1289.235,1286.5296428571428,1296.8564285714285,1296.8564285714285,2.81716171617167,2.81716171617167,TARGET
swing_baseline,1554141600000,6060,1554145200000,1554379200000,2019,0.41712059807993823,1287.658,2.7416428571428924,1288.145,1284.9163571428571,1298.6245714285715,1284.9163571428571,3.2458131457268817,-1.0,STOP
swing_baseline,1554382800000,6107,1554386400000,1554390000000,2019,0.5213648777793028,1280.848,1.9822857142857109,1282.615,1278.8657142857141,1288.7771428571427,1288.7771428571427,1.643551152600396,1.643551152600396,TARGET
swing_baseline,1554462000000,6125,1554465600000,1554465600000,2019,0.4310398704070194,1287.0,1.704999999999976,1287.558,1285.295,1293.82,1285.295,2.7671232876713057,-1.0,STOP
swing_baseline,1554897600000,6184,1554901200000,1554908400000,2019,0.5957039453680917,1300.858,1.7437857142857152,1302.448,1299.1142142857143,1307.8331428571428,1307.8331428571428,1.6153236346494915,1.6153236346494915,TARGET
swing_baseline,1554966000000,6201,1554969600000,1554980400000,2019,0.4674325814192615,1304.605,1.464428571428568,1305.215,1303.1405714285715,1310.4627142857144,1303.1405714285715,2.5297155843264663,-1.0,STOP
swing_baseline,1554984000000,6206,1554987600000,1554998400000,2019,0.3769499866707751,1294.765,1.8412142857142728,1295.485,1292.9237857142857,1302.1298571428572,1292.9237857142857,2.5944167108237077,-1.0,STOP
swing_baseline,1555002000000,6211,1555005600000,1555311600000,2019,0.43516742260464714,1289.548,2.760000000000008,1290.758,1286.788,1300.588,1286.788,2.476070528967219,-1.0,STOP
swing_baseline,1555315200000,6245,1555318800000,1555329600000,2019,0.5149458964656654,1285.898,1.4693571428572016,1286.475,1284.4286428571427,1291.7754285714286,1284.4286428571427,2.590177667632333,-1.0,STOP
swing_baseline,1555333200000,6250,1555336800000,1555416000000,2019,0.719531963522486,1282.448,1.9402857142857295,1284.815,1280.5077142857144,1290.209142857143,1280.5077142857144,1.2523299393055367,-1.0,STOP
swing_baseline,1555419600000,6272,1555423200000,1556002800000,2019,0.6111409338777863,1273.255,2.3620714285714093,1276.218,1270.8929285714287,1282.7032857142858,1272.568,1.2178776944642051,-0.6854368150662182,72H_TIMEOUT
swing_baseline,1556017200000,6349,1556020800000,1556020800000,2019,0.49675683100391915,1271.365,1.3112142857142677,1271.995,1270.0537857142858,1276.609857142857,1270.0537857142858,2.377304338227417,-1.0,STOP
swing_baseline,1556024400000,6351,1556028000000,1556114400000,2019,0.5800170898773991,1266.648,1.87764285714286,1269.875,1264.770357142857,1274.1585714285713,1274.1585714285713,0.8391520324633943,0.8391520324633943,TARGET
swing_baseline,1556521200000,6424,1556524800000,1556542800000,2019,0.3825433933149598,1281.175,2.5020000000000664,1281.318,1278.6729999999998,1291.1830000000002,1278.6729999999998,3.729678638941193,-1.0,STOP
swing_baseline,1556546400000,6431,1556550000000,1556622000000,2019,0.5628894814365337,1277.988,1.8480000000000212,1279.698,1276.14,1285.38,1285.38,1.596964586846551,1.596964586846551,TARGET
swing_baseline,1556629200000,6449,1556632800000,1556694000000,2019,0.5442751945208982,1279.835,1.960714285714289,1282.115,1277.8742857142856,1287.6778571428572,1277.8742857142856,1.3117736230419221,-1.0,STOP
swing_baseline,1556733600000,6473,1556737200000,1556798400000,2019,0.6298412206391046,1273.0,3.000785714285712,1276.218,1269.9992142857143,1285.0031428571428,1269.9992142857143,1.4126781755739797,-1.0,STOP
swing_baseline,1556802000000,6489,1556805600000,1556884800000,2019,0.7347140558168451,1266.195,1.9424999999999957,1269.548,1264.2524999999998,1273.965,1273.965,0.8341044282881259,0.8341044282881259,TARGET
swing_baseline,1557140400000,6527,1557144000000,1557144000000,2019,0.49581611452652274,1280.295,2.140714285714288,1280.688,1278.1542857142858,1288.8578571428573,1278.1542857142858,3.2244587280108523,-1.0,STOP
swing_baseline,1557147600000,6529,1557151200000,1557237600000,2019,0.5535034226036374,1276.935,1.794714285714284,1278.228,1275.1402857142857,1284.1138571428571,1284.1138571428571,1.9062181919125756,1.9062181919125756,TARGET
swing_baseline,1557324000000,6568,1557327600000,1557331200000,2019,0.3537540806774194,1282.5,2.197999999999979,1282.728,1280.3020000000001,1291.292,1280.3020000000001,3.5300906842539552,-1.0,STOP
swing_baseline,1557334800000,6571,1557338400000,1557489600000,2019,0.455568030586171,1279.275,2.290142857142817,1280.568,1276.9848571428572,1288.4355714285714,1288.4355714285714,2.1957180448130584,2.1957180448130584,TARGET
swing_baseline,1557712800000,6620,1557716400000,1557752400000,2019,0.4066085688578039,1283.768,2.2684285714286228,1284.428,1281.4995714285715,1292.8417142857145,1292.8417142857145,2.8731157617444394,2.8731157617444394,TARGET
swing_baseline,1557817200000,6645,1557820800000,1557846000000,2019,0.6145391767457029,1296.788,1.9881428571428612,1298.338,1294.7998571428573,1304.7405714285715,1294.7998571428573,1.8095853353253282,-1.0,STOP
swing_baseline,1557900000000,6664,1557903600000,1557921600000,2019,0.4099848689895787,1292.948,1.7170714285714763,1293.558,1291.2309285714286,1299.816285714286,1299.816285714286,2.689339758740558,2.689339758740558,TARGET
swing_baseline,1557993600000,6686,1557997200000,1558008000000,2019,0.6137829574822068,1294.635,1.6210714285714405,1295.965,1293.0139285714286,1301.1192857142858,1293.0139285714286,1.7465811448627173,-1.0,STOP
swing_baseline,1558015200000,6692,1558018800000,1558094400000,2019,0.4330944827005489,1286.228,2.293499999999978,1287.255,1283.9345,1295.402,1283.9345,2.4535461526878004,-1.0,STOP
swing_baseline,1558098000000,6713,1558101600000,1558101600000,2019,0.41268725855868676,1280.175,1.98271428571424,1281.308,1278.1922857142856,1288.1058571428568,1278.1922857142856,2.1817973406692626,-1.0,STOP
swing_baseline,1558112400000,6717,1558116000000,1558436400000,2019,0.5268292896985155,1274.748,2.469999999999995,1276.575,1272.278,1284.628,1272.278,1.8740982080520912,-1.0,STOP
swing_baseline,1558440000000,6754,1558443600000,1558522800000,2019,0.5514554550978753,1270.615,1.415142857142866,1271.875,1269.1998571428571,1276.2755714285715,1276.2755714285715,1.6449855815444079,1.6449855815444079,TARGET
swing_baseline,1558580400000,6784,1558587600000,1558605600000,2019,0.33155993765813024,1272.755,1.2156428571428577,1273.025,1271.5393571428572,1277.6175714285716,1277.6175714285716,3.091302466464681,3.091302466464681,TARGET
swing_baseline,1558684800000,6810,1558688400000,1559044800000,2019,0.5162038864643677,1281.655,1.4315000000000282,1282.085,1280.2235,1287.381,1280.2235,2.84501745903847,-1.0,STOP
swing_baseline,1559052000000,6854,1559055600000,1559109600000,2019,0.6630582848952838,1276.055,2.039214285714333,1278.748,1274.0157857142858,1284.2118571428573,1284.2118571428573,1.154608987034193,1.154608987034193,TARGET
swing_baseline,1559156400000,6878,1559167200000,1559196000000,2019,0.49042336179654983,1279.135,2.539142857142857,1279.825,1276.595857142857,1289.2915714285714,1276.595857142857,2.9316050256590547,-1.0,STOP
swing_baseline,1559199600000,6887,1559203200000,1559221200000,2019,0.5602653585119325,1274.948,1.9084999999999877,1276.355,1273.0395,1282.582,1282.582,1.8781480922938387,1.8781480922938387,TARGET
swing_baseline,1559649600000,6957,1559653200000,1559714400000,2019,0.7048057254514205,1319.905,2.7284999999999724,1323.075,1317.1765,1330.819,1330.819,1.3128761549546322,1.3128761549546322,TARGET
swing_baseline,1559862000000,7008,1559865600000,1559908800000,2019,0.40133343913297076,1332.745,2.950571428571493,1333.388,1329.7944285714284,1344.5472857142859,1344.5472857142859,3.1053468495328787,3.1053468495328787,TARGET
swing_baseline,1560128400000,7031,1560132000000,1560236400000,2019,0.38016204774283624,1328.928,4.576499999999994,1330.188,1324.3515000000002,1347.2340000000002,1324.3515000000002,2.9205859676176438,-1.0,STOP
swing_baseline,1560240000000,7058,1560243600000,1560250800000,2019,0.20692634616701047,1321.815,1.987571428571414,1321.855,1319.8274285714288,1329.7652857142857,1319.8274285714288,3.901359825266282,-1.0,STOP
swing_baseline,1560531600000,7132,1560535200000,1560762000000,2019,0.4746532226259045,1337.738,4.26364285714286,1339.975,1333.4743571428571,1354.7925714285716,1333.4743571428571,2.279400938368794,-1.0,STOP
swing_baseline,1560866400000,7170,1560870000000,1560967200000,2019,0.6858301194873396,1339.258,3.93057142857143,1345.848,1335.3274285714285,1354.9802857142859,1354.9802857142859,0.8680408451469406,0.8680408451469406,TARGET
swing_baseline,1561100400000,7229,1561104000000,1561327200000,2019,0.505497575923042,1382.5,6.012571428571456,1384.358,1376.4874285714286,1406.5502857142858,1406.5502857142858,2.819653682796724,2.819653682796724,TARGET
swing_baseline,1561482000000,7284,1561485600000,1561518000000,2019,0.7173881579246711,1411.808,7.292785714285709,1422.448,1404.5152142857144,1440.9791428571427,1404.5152142857144,1.0333666588331698,-1.0,STOP
swing_baseline,1561546800000,7300,1561550400000,1561683600000,2019,0.3929814932500135,1401.865,5.380928571428561,1403.405,1396.4840714285715,1423.3887142857143,1423.3887142857143,2.8874325286656854,2.8874325286656854,TARGET
swing_baseline,1561726800000,7345,1561730400000,1561932000000,2019,0.5722119848758167,1405.618,4.703357142857142,1410.125,1400.9146428571428,1424.4314285714286,1397.165,1.553297917716843,-1.4071115591918957,STOP_GAP
swing_baseline,1561960800000,7360,1561964400000,1562079600000,2019,0.3481259493803469,1382.425,5.41857142857147,1382.855,1377.0064285714284,1404.0992857142858,1404.0992857142858,3.6323888617487814,3.6323888617487814,TARGET
swing_baseline,1562151600000,7410,1562155200000,1562223600000,2019,0.5000551514624081,1417.598,6.828500000000012,1419.245,1410.7694999999999,1444.912,1410.7694999999999,3.028375907026147,-1.0,STOP
swing_baseline,1562306400000,7445,1562310000000,1562328000000,2019,0.46702866186102315,1412.138,3.4454285714285957,1414.035,1408.6925714285712,1425.9197142857142,1408.6925714285712,2.224590207770534,-1.0,STOP
swing_baseline,1562331600000,7452,1562335200000,1562760000000,2019,0.4567330109979417,1386.518,5.3440714285714455,1389.385,1381.1739285714286,1407.8942857142858,1407.8942857142858,2.254186420773382,2.254186420773382,TARGET
swing_baseline,1562842800000,7540,1562846400000,1562846400000,2019,0.6296414021120176,1417.778,3.2274285714285367,1420.145,1414.5505714285714,1430.6877142857143,1414.5505714285714,1.884502438650695,-1.0,STOP
swing_baseline,1562853600000,7543,1562857200000,1562864400000,2019,0.40343907405843815,1408.495,3.849142857142835,1409.165,1404.645857142857,1423.8915714285713,1404.645857142857,3.2587089840044827,-1.0,STOP
swing_baseline,1562875200000,7549,1562882400000,1563141600000,2019,0.540152995879739,1400.738,4.368571428571419,1403.785,1396.3694285714287,1418.2122857142858,1418.2122857142858,1.9455393091756814,1.9455393091756814,TARGET
swing_baseline,1563199200000,7588,1563202800000,1563289200000,2019,0.6201661646724976,1407.655,3.100928571428572,1410.448,1404.5540714285714,1420.0587142857144,1404.5540714285714,1.6306126158879926,-1.0,STOP
swing_baseline,1563292800000,7611,1563296400000,1563372000000,2019,0.5984103152893049,1402.608,3.341142857142878,1409.028,1399.2668571428571,1415.9725714285714,1415.9725714285714,0.7114506498068099,0.7114506498068099,TARGET
swing_baseline,1563426000000,7644,1563429600000,1563451200000,2019,0.7002275924514911,1418.788,3.43185714285713,1422.508,1415.356142857143,1432.5154285714286,1415.356142857143,1.3992769110920302,-1.0,STOP
swing_baseline,1563534000000,7673,1563537600000,1563544800000,2019,0.5747117983432359,1435.055,4.09335714285716,1437.418,1430.9616428571428,1451.4284285714286,1430.9616428571428,2.1700206883581425,-1.0,STOP
swing_baseline,1563548400000,7677,1563552000000,1563843600000,2019,0.3583745280095058,1423.068,4.772357142857167,1423.845,1418.2956428571429,1442.1574285714287,1418.2956428571429,3.299918909526204,-1.0,STOP
swing_baseline,1563858000000,7710,1563861600000,1563883200000,2019,0.5323641718821359,1414.138,2.672357142857176,1415.648,1411.4656428571427,1424.8274285714285,1424.8274285714285,2.1947978754290793,2.1947978754290793,TARGET
swing_baseline,1563908400000,7724,1563912000000,1564052400000,2019,0.46143286174112286,1416.025,3.881142857142874,1417.115,1412.1438571428573,1431.5495714285717,1431.5495714285717,2.9036726248636358,2.9036726248636358,TARGET
swing_baseline,1564059600000,7762,1564063200000,1564074000000,2019,0.3846039005993704,1415.3,3.735071428571408,1416.748,1411.5649285714285,1430.2402857142856,1411.5649285714285,2.603144853437606,-1.0,STOP
swing_baseline,1564142400000,7784,1564146000000,1564146000000,2019,0.8281119851417538,1413.228,2.552357142857172,1419.778,1410.675642857143,1423.4374285714287,1423.4374285714287,0.40203087112444524,0.40203087112444524,TARGET
swing_baseline,1564405200000,7807,1564408800000,1564423200000,2019,0.793918513004703,1414.718,2.2422857142857344,1419.448,1412.4757142857143,1423.687142857143,1423.687142857143,0.6079990165143675,0.6079990165143675,TARGET
swing_baseline,1564581600000,7851,1564585200000,1564588800000,2019,0.4361660155661422,1426.565,2.231785714285674,1427.535,1424.3332142857143,1435.4921428571427,1424.3332142857143,2.485220301171117,-1.0,STOP
swing_baseline,1564596000000,7855,1564599600000,1564617600000,2019,0.7172252779709521,1410.385,4.095357142857113,1417.948,1406.2896428571428,1426.7664285714284,1406.2896428571428,0.7564040510485684,-1.0,STOP
swing_baseline,1564621200000,7861,1564624800000,1564678800000,2019,0.5722084244578328,1404.198,6.094714285714271,1409.425,1398.103285714286,1428.576857142857,1428.576857142857,1.691603997375494,1.691603997375494,TARGET
swing_baseline,1565269200000,7984,1565272800000,1565632800000,2019,0.5622149266553415,1489.948,5.640785714285714,1495.358,1484.3072142857143,1512.5111428571429,1512.5111428571429,1.5522102500791939,1.5522102500791939,TARGET
swing_baseline,1565701200000,8052,1565704800000,1565780400000,2019,0.557338188961267,1479.715,7.917285714285656,1486.098,1471.7977142857142,1511.3841428571425,1511.3841428571425,1.7682264090627229,1.7682264090627229,TARGET
swing_baseline,1565848800000,8090,1565852400000,1566201600000,2019,0.6264876106330994,1507.848,5.586071428571456,1513.905,1502.2619285714286,1530.1922857142858,1502.2619285714286,1.3988822291614464,-1.0,STOP
swing_baseline,1566205200000,8136,1566208800000,1566212400000,2019,0.28602811511412485,1497.605,3.801642857142821,1497.845,1493.8033571428573,1512.8115714285714,1493.8033571428573,3.7030910344097205,-1.0,STOP
swing_baseline,1566252000000,8148,1566255600000,1566540000000,2019,0.45974101041562737,1492.848,4.484142857142875,1494.928,1488.3638571428571,1510.7845714285716,1494.605,2.4156347254564348,-0.04920672919977804,72H_TIMEOUT
swing_baseline,1566806400000,8246,1566810000000,1567087200000,2019,0.48873915326139283,1524.955,6.764500000000031,1526.845,1518.1905,1552.0130000000001,1539.405,2.9080825004332813,1.4512681264082041,72H_TIMEOUT
swing_baseline,1567094400000,8321,1567098000000,1567184400000,2019,0.4160074889481036,1525.058,5.482214285714268,1528.485,1519.5757857142858,1546.9868571428572,1519.5757857142858,2.076710307947677,-1.0,STOP
swing_baseline,1567479600000,8371,1567483200000,1567512000000,2019,0.47296554398613316,1521.455,3.1337857142857013,1523.478,1518.3212142857142,1533.9901428571427,1533.9901428571427,2.0385068218019518,2.0385068218019518,TARGET
swing_baseline,1567576800000,8397,1567580400000,1567616400000,2019,0.4624249416547202,1535.848,4.291142857142843,1537.528,1531.556857142857,1553.0125714285714,1553.0125714285714,2.5932341260347007,2.5932341260347007,TARGET
swing_baseline,1567666800000,8421,1567670400000,1567684800000,2019,0.395407655087317,1540.821,4.368857142857142,1542.13,1536.4521428571427,1558.2964285714286,1536.4521428571427,2.8472763869667572,-1.0,STOP
swing_baseline,1567688400000,8427,1567692000000,1567692000000,2019,0.3770201485303078,1526.395,5.012857142857164,1526.095,1521.3821428571428,1546.4464285714287,1521.3821428571428,4.318278266141149,-1.0,STOP
swing_baseline,1567749600000,8443,1567753200000,1567774800000,2019,0.5363542868131905,1505.215,3.8099285714285673,1505.955,1501.4050714285713,1520.454714285714,1520.454714285714,3.1868004207286864,3.1868004207286864,TARGET
swing_baseline,1568037600000,8474,1568041200000,1568073600000,2019,0.4754850243358579,1497.568,4.360142857142852,1498.805,1493.2078571428572,1515.0085714285715,1493.2078571428572,2.894971924451228,-1.0,STOP
swing_baseline,1568077200000,8484,1568080800000,1568286000000,2019,0.3824563580324324,1486.398,4.980142857142856,1487.675,1481.417857142857,1506.3185714285714,1506.3185714285714,2.979566210045611,2.979566210045611,TARGET
swing_baseline,1568329200000,8549,1568332800000,1568386800000,2019,0.48911537642470443,1495.788,6.378785714285755,1497.815,1489.4092142857144,1521.303142857143,1489.4092142857144,2.794282849397973,-1.0,STOP
swing_baseline,1568390400000,8565,1568394000000,1568592000000,2019,0.3867178482700912,1488.215,5.345785714285723,1490.138,1482.8692142857142,1509.5981428571429,1509.5981428571429,2.677220600807763,2.677220600807763,TARGET
swing_baseline,1568638800000,8585,1568642400000,1568829600000,2019,0.41097009949834684,1496.255,4.070428571428579,1497.445,1492.1845714285714,1512.5367142857144,1492.1845714285714,2.868913450832427,-1.0,STOP
swing_baseline,1569301200000,8715,1569304800000,1569330000000,2019,0.5630007759355201,1519.325,2.494000000000012,1520.915,1516.8310000000001,1529.3010000000002,1516.8310000000001,2.053379040156841,-1.0,STOP
swing_baseline,1569412800000,8745,1569416400000,1569420000000,2019,0.5933879136290993,1525.985,2.6653571428571303,1527.795,1523.3196428571428,1536.6464285714285,1523.3196428571428,1.977815018753378,-1.0,STOP
swing_baseline,1569423600000,8748,1569427200000,1569427200000,2019,0.3408442025070304,1508.285,4.227928571428557,1508.285,1504.0570714285716,1525.1967142857143,1504.0570714285716,4.000000000000054,-1.0,STOP
swing_baseline,1569499200000,8767,1569502800000,1569564000000,2019,0.7679687092202245,1500.108,3.1427142857143218,1507.028,1496.9652857142855,1512.6788571428572,1496.9652857142855,0.5615639063586824,-1.0,STOP
swing_baseline,1569574800000,8787,1569578400000,1569589200000,2019,0.35555847384380096,1493.445,2.97114285714289,1494.025,1490.473857142857,1505.3295714285714,1490.473857142857,3.18336149328161,-1.0,STOP
swing_baseline,1569823200000,8807,1569826800000,1569841200000,2019,0.5321510156650564,1487.965,3.6839999999999855,1491.055,1484.281,1502.7009999999998,1484.281,1.7192205491584787,-1.0,STOP
swing_baseline,1569852000000,8815,1569855600000,1569855600000,2019,0.4639688825371486,1479.588,4.064000000000013,1480.765,1475.524,1495.844,1475.524,2.8771226865100816,-1.0,STOP
swing_baseline,1569862800000,8818,1569866400000,1569945600000,2019,0.5833529110412635,1464.445,5.4614285714285575,1468.688,1458.9835714285714,1486.290714285714,1486.290714285714,1.8138846770987662,1.8138846770987662,TARGET
swing_baseline,1569988800000,8848,1569992400000,1570021200000,2019,0.41745313960133107,1475.768,4.203571428571438,1476.205,1471.5644285714286,1492.5822857142857,1492.5822857142857,3.5291528136929937,3.5291528136929937,TARGET
swing_baseline,1570082400000,8872,1570086000000,1570111200000,2019,0.5053818977599469,1495.725,3.583357142857153,1496.715,1492.1416428571429,1510.0584285714285,1510.0584285714285,2.9176441188874116,2.9176441188874116,TARGET
swing_baseline,1570190400000,8901,1570194000000,1570204800000,2019,0.5426483779400599,1495.927,3.368214285714235,1496.465,1492.5587857142857,1509.399857142857,1509.399857142857,3.3113537038053233,3.3113537038053233,TARGET
swing_baseline,1570431600000,8919,1570435200000,1570446000000,2019,0.5650491631627972,1500.5,3.200642857142855,1502.778,1497.2993571428572,1513.3025714285714,1497.2993571428572,1.9210179789050814,-1.0,STOP
swing_baseline,1570453200000,8925,1570456800000,1570467600000,2019,0.6878456472566674,1495.645,2.895714285714267,1501.695,1492.7492857142856,1507.2278571428571,1492.7492857142856,0.6184924944107377,-1.0,STOP
swing_baseline,1570496400000,8935,1570500000000,1570528800000,2019,0.5640115592961096,1486.845,4.180999999999975,1491.578,1482.664,1503.569,1503.569,1.3451873457482615,1.3451873457482615,TARGET
swing_baseline,1570611600000,8966,1570615200000,1570647600000,2019,0.49861575298967503,1499.775,3.037642857142796,1501.178,1496.7373571428573,1511.9255714285712,1511.9255714285712,2.4202737698852355,2.4202737698852355,TARGET
swing_baseline,1570708800000,8992,1570712400000,1570712400000,2019,0.45365133972965327,1500.908,4.050428571428581,1502.708,1496.8575714285714,1517.1097142857143,1496.8575714285714,2.4616511610870466,-1.0,STOP
swing_baseline,1570716000000,8994,1570719600000,1570791600000,2019,0.36060827315089994,1491.645,4.377071428571445,1493.285,1487.2679285714285,1509.1532857142859,1487.2679285714285,2.6372107931005067,-1.0,STOP
swing_baseline,1570802400000,9015,1570806000000,1571043600000,2019,0.4994975057626001,1473.925,5.471214285714268,1478.075,1468.4537857142857,1495.809857142857,1495.809857142857,1.8433075718092893,1.8433075718092893,TARGET
swing_baseline,1571119200000,9050,1571122800000,1571133600000,2019,0.5362133129684664,1488.738,2.1478571428571382,1490.408,1486.5901428571428,1497.3294285714287,1497.3294285714287,1.8129092609916793,1.8129092609916793,TARGET
swing_baseline,1571144400000,9057,1571148000000,1571148000000,2019,0.45760322983182244,1485.778,3.1512142857142504,1487.625,1482.6267857142857,1498.3828571428571,1482.6267857142857,2.1523401214719384,-1.0,STOP
swing_baseline,1571151600000,9059,1571155200000,1571270400000,2019,0.5302483718297002,1477.098,3.826714285714258,1481.265,1473.2712857142858,1492.404857142857,1492.404857142857,1.3935770962899152,1.3935770962899152,TARGET
swing_baseline,1571302800000,9093,1571306400000,1571324400000,2019,0.5356446633495299,1483.385,3.180500000000003,1485.855,1480.2045,1496.107,1496.107,1.81435271214937,1.81435271214937,TARGET
swing_baseline,1571378400000,9113,1571382000000,1571385600000,2019,0.47486463998262174,1489.048,1.917928571428596,1490.185,1487.1300714285715,1496.7197142857144,1487.1300714285715,2.139072692838388,-1.0,STOP
swing_baseline,1571392800000,9117,1571396400000,1571637600000,2019,0.4045132360739516,1485.828,2.001285714285765,1486.435,1483.8267142857142,1493.833142857143,1493.833142857143,2.8364004819805015,2.8364004819805015,TARGET
swing_baseline,1571641200000,9135,1571644800000,1571670000000,2019,0.3900648432687723,1488.095,2.1622857142856446,1488.455,1485.9327142857144,1496.7441428571426,1485.9327142857144,3.2863615768012377,-1.0,STOP
swing_baseline,1571680800000,9146,1571684400000,1571835600000,2019,0.3796930276606598,1482.708,3.274357142857119,1483.635,1479.433642857143,1495.8054285714286,1495.8054285714286,2.8967850524491596,2.8967850524491596,TARGET
swing_baseline,1571896800000,9195,1571900400000,1571900400000,2019,0.5733385102236782,1490.398,2.0555000000000194,1491.935,1488.3425,1498.62,1488.3425,1.860821155184411,-1.0,STOP
swing_baseline,1572019200000,9227,1572022800000,1572264000000,2019,0.4102793803471663,1501.908,3.546714285714253,1502.535,1498.3612857142857,1516.0948571428569,1498.3612857142857,3.2488704819275642,-1.0,STOP
swing_baseline,1572267600000,9247,1572271200000,1572343200000,2019,0.3886735732679889,1490.688,3.042642857142856,1492.295,1487.6453571428572,1502.8585714285716,1487.6453571428572,2.2719102849681247,-1.0,STOP
swing_baseline,1572354000000,9269,1572357600000,1572444000000,2019,0.5113928623733948,1483.398,2.880428571428589,1485.718,1480.5175714285713,1494.9197142857142,1494.9197142857142,1.769414608685995,1.769414608685995,TARGET
swing_baseline,1572458400000,9296,1572462000000,1572462000000,2019,0.8326523955994659,1481.048,3.479357142857128,1490.008,1477.5686428571428,1494.9654285714284,1494.9654285714284,0.3985277144546805,0.3985277144546805,TARGET
swing_baseline,1572606000000,9331,1572609600000,1572609600000,2019,0.627843494704364,1508.748,1.9905000000000133,1510.335,1506.7575,1516.71,1506.7575,1.7819706498951284,-1.0,STOP
swing_baseline,1572879600000,9355,1572883200000,1572883200000,2019,0.41359308271675455,1508.115,2.6217142857142983,1509.045,1505.4932857142858,1518.6018571428572,1505.4932857142858,2.6907730673316492,-1.0,STOP
swing_baseline,1572933600000,9368,1572937200000,1572955200000,2019,0.5663209470496556,1502.365,2.332000000000026,1504.645,1500.033,1511.6930000000002,1500.033,1.528187337380769,-1.0,STOP
swing_baseline,1572958800000,9375,1572962400000,1572966000000,2019,0.43797945569546964,1490.225,2.9893571428571186,1491.595,1487.2356428571427,1502.1824285714283,1487.2356428571427,2.4286673985349996,-1.0,STOP
swing_baseline,1572969600000,9378,1572973200000,1573138800000,2019,0.3230570656572029,1480.698,4.085428571428549,1481.505,1476.6125714285715,1497.0397142857144,1476.6125714285715,3.175256226822772,-1.0,STOP
swing_baseline,1573142400000,9424,1573146000000,1573214400000,2019,0.34441579750877743,1461.328,4.531857142857153,1461.375,1456.7961428571427,1479.4554285714287,1456.7961428571427,3.9486771496317723,-1.0,STOP
swing_baseline,1573480800000,9465,1573484400000,1573484400000,2019,0.4120986299362215,1459.495,2.1392857142857338,1459.525,1457.3557142857142,1468.0521428571428,1457.3557142857142,3.930852815277781,-1.0,STOP
swing_baseline,1573570800000,9487,1573574400000,1573585200000,2019,0.7476415858451567,1445.545,3.4024999999999994,1451.858,1442.1425000000002,1459.155,1459.155,0.7510678812207484,0.7510678812207484,TARGET
swing_baseline,1573794000000,9540,1573797600000,1574064000000,2019,0.391014073672017,1463.265,2.9861428571428923,1463.945,1460.2788571428573,1475.2095714285717,1460.2788571428573,3.0725947862684584,-1.0,STOP
swing_baseline,1574067600000,9567,1574071200000,1574085600000,2019,0.2904306541814368,1458.135,2.1167857142857462,1458.405,1456.0182142857143,1466.602142857143,1466.602142857143,3.4343857549006187,3.4343857549006187,TARGET
swing_baseline,1574146800000,9588,1574150400000,1574154000000,2019,0.41183918507181144,1468.875,2.071785714285706,1469.368,1466.8032142857144,1477.1621428571427,1466.8032142857144,3.0389060628848266,-1.0,STOP
swing_baseline,1574157600000,9591,1574161200000,1574182800000,2019,0.3618569452777413,1464.898,2.2657857142857147,1465.355,1462.632214285714,1473.9611428571427,1473.9611428571427,3.1607859597573005,3.1607859597573005,TARGET
swing_baseline,1574254800000,9615,1574258400000,1574262000000,2019,0.5145828308828899,1470.295,2.4853571428571968,1471.855,1467.809642857143,1480.2364285714289,1467.809642857143,2.071863688531952,-1.0,STOP
swing_baseline,1574319600000,9632,1574323200000,1574348400000,2019,0.5683703701392283,1468.775,3.1507142857142623,1471.125,1465.6242857142859,1481.3778571428572,1465.6242857142859,1.8639137774315695,-1.0,STOP
swing_baseline,1574359200000,9643,1574362800000,1574658000000,2019,0.5078029519325177,1462.275,3.4330714285714032,1464.655,1458.8419285714288,1476.0072857142857,1458.8419285714288,1.9528894240812638,-1.0,STOP
swing_baseline,1574661600000,9675,1574665200000,1574686800000,2019,0.6275119231627655,1457.618,1.733928571428578,1458.585,1455.8840714285714,1464.5537142857142,1455.8840714285714,2.2098749107448694,-1.0,STOP
swing_baseline,1574730000000,9690,1574733600000,1574784000000,2019,0.5771682777630263,1451.575,2.59021428571428,1453.568,1448.9847857142859,1461.9358571428572,1461.9358571428572,1.8257617080964026,1.8257617080964026,TARGET
swing_baseline,1574852400000,9720,1574856000000,1574859600000,2019,0.5561014846254685,1457.358,1.8061428571428773,1458.655,1455.551857142857,1464.5825714285716,1455.551857142857,1.9101832243807833,-1.0,STOP
swing_baseline,1574863200000,9723,1574866800000,1575039600000,2019,0.430057356535934,1453.065,1.9480714285714384,1454.048,1451.1169285714286,1460.8572857142858,1460.8572857142858,2.3231387839649735,2.3231387839649735,TARGET
swing_baseline,1575352800000,9794,1575356400000,1575367200000,2019,0.6048416860564478,1459.768,2.249928571428573,1461.028,1457.5180714285714,1468.7677142857144,1468.7677142857144,2.2050916787073263,2.2050916787073263,TARGET
swing_baseline,1575453600000,9820,1575457200000,1575471600000,2019,0.6353450420405155,1473.695,2.2551428571428653,1476.938,1471.4398571428571,1482.7155714285714,1471.4398571428571,1.0508223556005416,-1.0,STOP
swing_baseline,1575540000000,9842,1575543600000,1575637200000,2019,0.529982269599351,1473.105,1.904857142857168,1474.225,1471.2001428571427,1480.7244285714287,1471.2001428571427,2.1486729007273553,-1.0,STOP
swing_baseline,1575640800000,9865,1575644400000,1576080000000,2019,0.40477220737513137,1460.435,3.02971428571433,1461.545,1457.4052857142856,1472.5538571428572,1472.5538571428572,2.659327765891223,2.659327765891223,TARGET
swing_baseline,1576159200000,9951,1576162800000,1576162800000,2019,0.5999546370704911,1468.125,3.155214285714286,1468.785,1464.9697857142858,1480.7458571428572,1464.9697857142858,3.135042030966204,-1.0,STOP
swing_baseline,1576177200000,9956,1576180800000,1576652400000,2019,0.7001409139277709,1463.778,4.437642857142854,1469.565,1459.340357142857,1481.5285714285715,1477.048,1.1700723043068093,0.7318593035034285,72H_TIMEOUT
swing_baseline,1576666800000,10033,1576670400000,1576674000000,2019,0.672529243541261,1474.588,1.6097142857142737,1476.745,1472.9782857142857,1481.0268571428571,1472.9782857142857,1.1367618614177266,-1.0,STOP
swing_baseline,1576746000000,10049,1576749600000,1576778400000,2019,0.4977640279821859,1473.205,1.939571428571412,1474.125,1471.2654285714284,1480.9632857142856,1480.9632857142856,2.391367337762711,2.391367337762711,TARGET
swing_baseline,1576857600000,10074,1576861200000,1577080800000,2019,0.5883672175494777,1475.768,1.7249999999999903,1477.595,1474.0430000000001,1482.668,1482.668,1.4282094594594588,1.4282094594594588,TARGET
swing_baseline,1577430000000,10144,1577433600000,1577754000000,2019,0.5722471261635078,1507.288,2.6140714285714277,1508.508,1504.6739285714286,1517.7442857142858,1517.7442857142858,2.4090019934050106,2.4090019934050106,TARGET
swing_baseline,1578322800000,10260,1578326400000,1578362400000,2020,0.6185856459708856,1560.855,4.5092857142856575,1564.258,1556.3457142857144,1578.8921428571427,1556.3457142857144,1.8495468168851306,-1.0,STOP
swing_baseline,1578484800000,10303,1578488400000,1578499200000,2020,0.4328639308746644,1573.415,9.426857142857134,1575.395,1563.9881428571427,1611.1224285714286,1563.9881428571427,3.1321009918845597,-1.0,STOP
swing_baseline,1578510000000,10310,1578513600000,1578549600000,2020,0.4588920736414331,1552.178,7.360500000000002,1554.055,1544.8175,1581.6200000000001,1544.8175,2.984032476319371,-1.0,STOP
swing_baseline,1578895200000,10365,1578898800000,1578902400000,2020,0.5191466699794794,1553.815,2.542357142857132,1555.115,1551.272642857143,1563.9844285714287,1551.272642857143,2.3083300801220283,-1.0,STOP
swing_baseline,1578906000000,10368,1578909600000,1578920400000,2020,0.40220125922166594,1546.408,2.389571428571441,1547.875,1544.0184285714286,1555.9662857142857,1555.9662857142857,2.0980515631945447,2.0980515631945447,TARGET
swing_baseline,1578956400000,10381,1578960000000,1578960000000,2020,0.3181126105481758,1544.858,3.157714285714292,1545.175,1541.7002857142857,1557.4888571428571,1541.7002857142857,3.5438473872466303,-1.0,STOP
swing_baseline,1578963600000,10383,1578967200000,1579042800000,2020,0.41516097050592515,1535.828,3.402714285714296,1537.555,1532.4252857142858,1549.4388571428572,1549.4388571428572,2.3166703798596386,2.3166703798596386,TARGET
swing_baseline,1579183200000,10438,1579186800000,1579186800000,2020,0.6243520164225462,1550.618,2.36992857142861,1553.805,1548.2480714285714,1560.0977142857143,1548.2480714285714,1.1324087047058162,-1.0,STOP
swing_baseline,1579593600000,10494,1579597200000,1579615200000,2020,0.467360439994949,1552.545,3.1999999999999,1554.775,1549.3450000000003,1565.3449999999996,1549.3450000000003,1.9465930018415838,-1.0,STOP
swing_baseline,1579759200000,10538,1579762800000,1579780800000,2020,0.5954878387226337,1555.365,2.7061428571428547,1557.285,1552.6588571428572,1566.1895714285715,1552.6588571428572,1.9248371058888798,-1.0,STOP
swing_baseline,1579852800000,10562,1579856400000,1579878000000,2020,0.3951532405285337,1557.545,2.504785714285698,1558.415,1555.0402142857145,1567.5641428571428,1567.5641428571428,2.7110292716999407,2.7110292716999407,TARGET
swing_baseline,1580194800000,10606,1580198400000,1580212800000,2020,0.41109784313054526,1576.795,2.451785714285669,1577.115,1574.3432142857143,1586.6021428571428,1574.3432142857143,3.4227547996392453,-1.0,STOP
swing_baseline,1580223600000,10614,1580227200000,1580259600000,2020,0.4767444095120532,1567.315,3.334285714285719,1570.145,1563.9807142857144,1580.652142857143,1563.9807142857144,1.704519119351153,-1.0,STOP
swing_baseline,1580266800000,10625,1580270400000,1580324400000,2020,0.4821228465147535,1563.335,3.3783571428571286,1564.455,1559.956642857143,1576.8484285714285,1576.8484285714285,2.7551010686441906,2.7551010686441906,TARGET
swing_baseline,1580389200000,10658,1580392800000,1580392800000,2020,0.5686171967595017,1576.758,2.651642857142877,1578.548,1574.1063571428572,1587.3645714285715,1574.1063571428572,1.984979817635071,-1.0,STOP
swing_baseline,1580432400000,10669,1580436000000,1580500800000,2020,0.5359179459113484,1570.905,4.544785714285744,1573.805,1566.3602142857142,1589.084142857143,1589.084142857143,2.05232809156932,2.05232809156932,TARGET
swing_baseline,1580706000000,10695,1580709600000,1580713200000,2020,0.36241813524328914,1579.3,4.785571428571432,1579.625,1574.5144285714284,1598.4422857142856,1574.5144285714284,3.6820316430926248,-1.0,STOP
swing_baseline,1580716800000,10698,1580720400000,1580803200000,2020,0.4690125359823122,1573.218,4.358857142857167,1575.605,1568.8591428571428,1590.6534285714288,1568.8591428571428,2.230765972766371,-1.0,STOP
swing_baseline,1580806800000,10720,1580810400000,1580821200000,2020,0.5348281972200812,1565.395,3.072857142857125,1568.095,1562.3221428571428,1577.6864285714285,1562.3221428571428,1.6614699331848075,-1.0,STOP
swing_baseline,1580824800000,10725,1580828400000,1580828400000,2020,0.32285254142617736,1556.425,3.831714285714237,1557.465,1552.5932857142857,1571.7518571428568,1552.5932857142857,2.9326139229370503,-1.0,STOP
swing_baseline,1580835600000,10728,1580839200000,1580983200000,2020,0.415244438760754,1548.965,4.271928571428556,1550.595,1544.6930714285713,1566.052714285714,1566.052714285714,2.6190954530600363,2.6190954530600363,TARGET
swing_baseline,1581055200000,10786,1581058800000,1581080400000,2020,0.5572022669197824,1562.795,2.0367857142857213,1564.125,1560.7582142857143,1570.942142857143,1560.7582142857143,2.0248223188713577,-1.0,STOP
swing_baseline,1581379200000,10826,1581382800000,1581386400000,2020,0.47063887609678845,1570.275,2.188142857142858,1571.235,1568.0868571428573,1579.0275714285715,1568.0868571428573,2.4752915551121095,-1.0,STOP
swing_baseline,1581400800000,10832,1581404400000,1581433200000,2020,0.3410029440061538,1566.818,1.908214285714296,1567.058,1564.9097857142856,1574.450857142857,1564.9097857142856,3.441396508727977,-1.0,STOP
swing_baseline,1581436800000,10842,1581440400000,1581562800000,2020,0.6027746698661813,1561.925,3.043357142857157,1566.315,1558.8816428571429,1574.0984285714285,1574.0984285714285,1.047094660170828,1.047094660170828,TARGET
swing_baseline,1581922800000,10922,1581926400000,1581987600000,2020,0.44465330746103565,1579.618,1.8508571428571452,1580.075,1577.7671428571427,1587.0214285714285,1587.0214285714285,3.0099040544720363,3.0099040544720363,TARGET
swing_baseline,1582182000000,10986,1582185600000,1582196400000,2020,0.6625938183945937,1603.785,3.1230714285713765,1607.135,1600.6619285714287,1616.2772857142857,1616.2772857142857,1.4123566864924113,1.4123566864924113,TARGET
swing_baseline,1582570800000,11044,1582574400000,1582610400000,2020,0.5731350072804817,1650.838,8.846714285714256,1653.635,1641.9912857142858,1686.224857142857,1641.9912857142858,2.7989227786911552,-1.0,STOP
swing_baseline,1582660800000,11068,1582664400000,1582898400000,2020,0.469625708438643,1624.898,10.20085714285712,1629.525,1614.6971428571428,1665.7014285714283,1614.6971428571428,2.439761067488754,-1.0,STOP
swing_baseline,1582902000000,11132,1582905600000,1583247600000,2020,0.5368119039184426,1571.265,12.623214285714296,1583.665,1558.6417857142858,1621.7578571428573,1621.7578571428573,1.5223007207593113,1.5223007207593113,TARGET
swing_baseline,1583506800000,11247,1583510400000,1583524800000,2020,0.7803882633268724,1642.128,11.313785714285716,1663.898,1630.8142142857141,1687.3831428571427,1687.3831428571427,0.7098686667832509,0.7098686667832509,TARGET
swing_baseline,1583802000000,11279,1583805600000,1583816400000,2020,0.5004979150761516,1661.485,9.795071428571402,1669.358,1651.6899285714285,1700.6652857142856,1651.6899285714285,1.7719696142759451,-1.0,STOP
swing_baseline,1583820000000,11284,1583823600000,1583946000000,2020,0.5357109117377922,1649.248,8.434999999999993,1661.608,1640.813,1682.988,1640.813,1.0281317624429078,-1.0,STOP
swing_baseline,1583949600000,11319,1583953200000,1584014400000,2020,0.35871033691692716,1636.755,7.164428571428549,1638.955,1629.5905714285716,1665.4127142857144,1629.5905714285716,2.825342100044332,-1.0,STOP
swing_baseline,1584018000000,11337,1584021600000,1584021600000,2020,0.5372951428940954,1585.915,10.683071428571386,1597.015,1575.2319285714286,1628.6472857142855,1575.2319285714286,1.4521499329426695,-1.0,STOP
swing_baseline,1584025200000,11339,1584028800000,1584111600000,2020,0.42434538109138964,1560.508,12.55949999999999,1566.295,1547.9485,1610.746,1547.9485,2.4228599460387414,-1.0,STOP
swing_baseline,1584115200000,11363,1584118800000,1584352800000,2020,0.5647137182456823,1504.398,18.52449999999999,1522.905,1485.8735,1578.4959999999999,1485.8735,1.5011814266232753,-1.0,STOP
swing_baseline,1584356400000,11381,1584360000000,1584457200000,2020,0.40832212623019326,1456.288,21.53650000000003,1461.668,1434.7515,1542.4340000000002,1542.4340000000002,3.0006130068917156,3.0006130068917156,TARGET
swing_baseline,1584507600000,11421,1584511200000,1584514800000,2020,0.5309887980758771,1511.598,12.427857142857144,1518.648,1499.1701428571428,1561.3094285714285,1499.1701428571428,2.1902526678646086,-1.0,STOP
swing_baseline,1584518400000,11424,1584522000000,1584550800000,2020,0.39687426862751546,1488.458,12.551285714285704,1493.685,1475.9067142857143,1538.663142857143,1475.9067142857143,2.5299482514785483,-1.0,STOP
swing_baseline,1584583200000,11441,1584586800000,1584975600000,2020,0.3343818419776941,1470.608,17.41428571428573,1471.948,1453.1937142857141,1540.2651428571428,1540.2651428571428,3.642748324192507,3.642748324192507,TARGET
swing_baseline,1585119600000,11532,1585130400000,1585580400000,2020,0.5603075869714698,1597.288,14.309928571428552,1623.248,1582.9780714285714,1654.5277142857142,1620.198,0.7767511737755347,-0.07573889768863207,72H_TIMEOUT
swing_baseline,1585591200000,11608,1585594800000,1585641600000,2020,0.42560863742535565,1611.175,6.474785714285742,1613.588,1604.7002142857143,1637.074142857143,1604.7002142857143,2.6425190269149836,-1.0,STOP
swing_baseline,1585645200000,11622,1585648800000,1585648800000,2020,0.52315940926651,1601.305,6.145357142857149,1607.048,1595.159642857143,1625.8864285714287,1595.159642857143,1.5846115947776214,-1.0,STOP
swing_baseline,1585674000000,11630,1585677600000,1585684800000,2020,0.5155953572426822,1582.648,8.407285714285731,1589.978,1574.2407142857141,1616.2771428571427,1574.2407142857141,1.6711358829349434,-1.0,STOP
swing_baseline,1585692000000,11634,1585695600000,1585828800000,2020,0.5475644413351702,1567.468,9.61314285714286,1575.558,1557.8548571428573,1605.9205714285715,1605.9205714285715,1.7150949790997805,1.7150949790997805,TARGET
swing_baseline,1585893600000,11688,1585897200000,1586152800000,2020,0.4919757599541456,1606.508,5.567285714285698,1609.008,1600.9407142857144,1628.7771428571427,1628.7771428571427,2.4505321315365505,2.4505321315365505,TARGET
swing_baseline,1586242800000,11735,1586246400000,1586437200000,2020,0.4714267985178831,1644.378,9.658785714285727,1645.398,1634.7192142857143,1683.0131428571428,1683.0131428571428,3.522417610349002,3.522417610349002,TARGET
swing_baseline,1586844000000,11823,1586847600000,1586869200000,2020,0.5569118567691447,1708.735,6.721428571428548,1711.705,1702.0135714285714,1735.620714285714,1735.620714285714,2.4677181603773426,2.4677181603773426,TARGET
swing_baseline,1586916000000,11842,1586919600000,1586930400000,2020,0.4581049039535911,1719.645,8.782357142857109,1721.638,1710.8626428571429,1754.7744285714284,1710.8626428571429,3.0752046667329758,-1.0,STOP
swing_baseline,1586934000000,11847,1586937600000,1587034800000,2020,0.44555338920021076,1707.518,7.162785714285698,1712.038,1700.3552142857143,1736.1691428571428,1736.1691428571428,2.065529869955175,2.065529869955175,TARGET
swing_baseline,1587052800000,11879,1587056400000,1587099600000,2020,0.5164706427856401,1707.498,8.340142857142837,1713.148,1699.1578571428572,1740.8585714285714,1699.1578571428572,1.9807211199722514,-1.0,STOP
swing_baseline,1587103200000,11892,1587106800000,1587337200000,2020,0.6682794491603312,1684.818,10.23192857142861,1703.728,1674.5860714285714,1725.7457142857145,1674.5860714285714,0.7555338773049152,-1.0,STOP
swing_baseline,1587340800000,11909,1587344400000,1587398400000,2020,0.48977509014265647,1671.598,7.525428571428604,1674.568,1664.0725714285713,1701.6997142857144,1701.6997142857144,2.585098274078508,2.585098274078508,TARGET
swing_baseline,1587459600000,11941,1587463200000,1587466800000,2020,0.6737153200952093,1668.438,6.100000000000007,1678.155,1662.3380000000002,1692.8380000000002,1662.3380000000002,0.9283049883037506,-1.0,STOP
swing_baseline,1587704400000,12005,1587708000000,1587740400000,2020,0.5875261716464344,1720.768,5.930499999999987,1724.558,1714.8375,1744.49,1714.8375,2.0505118049483277,-1.0,STOP
swing_baseline,1587967200000,12029,1587970800000,1587996000000,2020,0.3882601323696943,1713.408,5.341714285714294,1714.475,1708.0662857142856,1734.7748571428572,1708.0662857142856,3.1675397338445697,-1.0,STOP
swing_baseline,1588032000000,12046,1588035600000,1588042800000,2020,0.4371646253106559,1705.048,5.598785714285766,1707.528,1699.4492142857143,1727.4431428571431,1699.4492142857143,2.4651158678373206,-1.0,STOP
swing_baseline,1588050000000,12051,1588053600000,1588064400000,2020,0.4854301934441961,1692.258,4.872857142857177,1695.175,1687.385142857143,1711.7494285714288,1711.7494285714288,2.1276935208788577,2.1276935208788577,TARGET
swing_baseline,1588082400000,12060,1588086000000,1588230000000,2020,0.5844776658827067,1691.678,7.460928571428537,1699.328,1684.2170714285717,1721.5217142857143,1721.5217142857143,1.46871942255608,1.46871942255608,TARGET
swing_baseline,1588248000000,12104,1588251600000,1588262400000,2020,0.772843370010317,1694.408,5.571857142857165,1706.458,1688.8361428571427,1716.6954285714285,1688.8361428571427,0.580950605173751,-1.0,STOP
swing_baseline,1588269600000,12110,1588273200000,1588309200000,2020,0.41233436493109676,1681.068,8.427142857142908,1684.608,1672.6408571428572,1714.7765714285715,1672.6408571428572,2.52095022084281,-1.0,STOP
swing_baseline,1588312800000,12121,1588316400000,1588345200000,2020,0.5766267103315456,1670.418,6.75707142857144,1676.315,1663.6609285714285,1697.4462857142858,1697.4462857142858,1.6699199015562267,1.6699199015562267,TARGET
swing_baseline,1588662000000,12168,1588665600000,1588665600000,2020,0.7362769940990146,1689.788,4.322357142857137,1698.328,1685.465642857143,1707.0774285714285,1707.0774285714285,0.6802352379312876,0.6802352379312876,TARGET
swing_baseline,1588752000000,12192,1588755600000,1588766400000,2020,0.5432190488747916,1700.508,4.240357142857143,1703.668,1696.2676428571428,1717.4694285714286,1696.2676428571428,1.8649679069543375,-1.0,STOP
swing_baseline,1588770000000,12197,1588773600000,1588863600000,2020,0.7909657118208516,1685.578,4.9345714285714495,1696.478,1680.6434285714286,1705.3162857142859,1705.3162857142859,0.558163872900167,0.558163872900167,TARGET
swing_baseline,1588939200000,12242,1588942800000,1588968000000,2020,0.6839066291318873,1706.218,4.973928571428571,1711.918,1701.2440714285715,1726.1137142857144,1701.2440714285715,1.3299427844882827,-1.0,STOP
swing_baseline,1589148000000,12251,1589151600000,1589209200000,2020,0.46558235108039586,1700.118,6.880571428571443,1704.008,1693.2374285714286,1727.6402857142857,1693.2374285714286,2.194153380905638,-1.0,STOP
swing_baseline,1589310000000,12295,1589313600000,1589410800000,2020,0.5804559116258318,1698.3,5.069214285714305,1701.898,1693.2307857142857,1718.576857142857,1718.576857142857,1.9243619221862618,1.9243619221862618,TARGET
swing_baseline,1589803200000,12379,1589806800000,1589806800000,2020,0.48687955659760446,1748.308,5.962571428571437,1748.728,1742.3454285714286,1772.1582857142857,1742.3454285714286,3.6709790053269535,-1.0,STOP
swing_baseline,1589814000000,12382,1589817600000,1590069600000,2020,0.5047536210529665,1727.458,7.486999999999999,1734.598,1719.971,1757.4060000000002,1719.971,1.559308128802919,-1.0,STOP
swing_baseline,1590364800000,12481,1590368400000,1590411600000,2020,0.4618035507968729,1727.415,4.579499999999988,1728.908,1722.8355,1745.733,1722.8355,2.770687525730765,-1.0,STOP
swing_baseline,1590480000000,12508,1590483600000,1590487200000,2020,0.33910759673338686,1724.738,4.03607142857142,1725.438,1720.7019285714287,1740.8822857142857,1720.7019285714287,3.2609908754995405,-1.0,STOP
swing_baseline,1590498000000,12513,1590501600000,1590501600000,2020,0.30716422440597085,1718.118,4.880571428571443,1718.288,1713.2374285714286,1737.6402857142857,1713.2374285714286,3.8317022119138033,-1.0,STOP
swing_baseline,1590505200000,12515,1590508800000,1590577200000,2020,0.5425106375716434,1709.015,5.538785714285739,1713.988,1703.4762142857144,1731.170142857143,1703.4762142857144,1.6345598477899086,-1.0,STOP
swing_baseline,1590584400000,12536,1590588000000,1590598800000,2020,0.6187291393044637,1693.598,4.629785714285698,1699.748,1688.9682142857143,1712.1171428571427,1712.1171428571427,1.1474386583353537,1.1474386583353537,TARGET
swing_baseline,1590685200000,12563,1590688800000,1590753600000,2020,0.40852316070650185,1712.135,4.744642857142837,1712.755,1707.390357142857,1731.1135714285713,1731.1135714285713,3.4221423340654678,3.4221423340654678,TARGET
swing_baseline,1591009200000,12603,1591012800000,1591113600000,2020,0.704116373408843,1729.368,5.079071428571443,1734.318,1724.2889285714284,1749.6842857142858,1724.2889285714284,1.5321743217930623,-1.0,STOP
swing_baseline,1591142400000,12638,1591146000000,1591171200000,2020,0.5638387736341895,1720.455,5.415285714285736,1725.085,1715.0397142857141,1742.116142857143,1715.0397142857141,1.6954363809604753,-1.0,STOP
swing_baseline,1591185600000,12650,1591189200000,1591192800000,2020,0.5111013196008428,1705.918,5.704357142857134,1709.108,1700.2136428571428,1728.7354285714284,1700.2136428571428,2.206728182394916,-1.0,STOP
swing_baseline,1591347600000,12693,1591351200000,1591351200000,2020,0.46979690873964064,1706.528,4.0152142857143,1707.535,1702.5127857142857,1722.5888571428573,1702.5127857142857,2.9974541679110587,-1.0,STOP
swing_baseline,1591358400000,12696,1591362000000,1591365600000,2020,0.559843250550272,1682.008,5.605714285714271,1686.998,1676.4022857142859,1704.4308571428571,1676.4022857142859,1.645274369691262,-1.0,STOP
swing_baseline,1591682400000,12736,1591686000000,1591693200000,2020,0.6168708794782135,1692.025,4.208357142857072,1695.295,1687.816642857143,1708.8584285714285,1708.8584285714285,1.8136909367030645,1.8136909367030645,TARGET
swing_baseline,1591801200000,12767,1591804800000,1591812000000,2020,0.6646421437921115,1713.318,4.146928571428556,1717.765,1709.1710714285714,1729.905714285714,1709.1710714285714,1.4127083073597932,-1.0,STOP
swing_baseline,1591873200000,12786,1591876800000,1591884000000,2020,0.7062108334090541,1721.445,4.437714285714264,1727.668,1717.0072857142857,1739.195857142857,1739.195857142857,1.0813400335008403,1.0813400335008403,TARGET
swing_baseline,1592172000000,12819,1592175600000,1592197200000,2020,0.4598853639744893,1727.488,5.359714285714323,1730.138,1722.1282857142858,1748.9268571428574,1722.1282857142858,2.345758721552487,-1.0,STOP
swing_baseline,1592200800000,12827,1592204400000,1592211600000,2020,0.5577367293639223,1719.038,4.287714285714336,1722.905,1714.7502857142856,1736.1888571428574,1714.7502857142856,1.628978855350998,-1.0,STOP
swing_baseline,1592215200000,12831,1592218800000,1592269200000,2020,0.4583058006541137,1707.875,5.348714285714339,1709.705,1702.5262857142857,1729.2698571428573,1729.2698571428573,2.725398499532392,2.725398499532392,TARGET
swing_baseline,1592308800000,12856,1592312400000,1592384400000,2020,0.6868001909300024,1719.685,4.696500000000015,1726.048,1714.9885,1738.471,1714.9885,1.1232876712328697,-1.0,STOP
swing_baseline,1592470800000,12899,1592474400000,1592575200000,2020,0.5992174111981812,1720.748,4.877857142857157,1725.625,1715.8701428571428,1740.2594285714288,1740.2594285714288,1.5002196707867275,1.5002196707867275,TARGET
swing_baseline,1592877600000,12961,1592881200000,1592985600000,2020,0.5048150142733587,1747.635,6.491071428571429,1750.268,1741.1439285714287,1773.5992857142858,1773.5992857142858,2.557113444029549,2.557113444029549,TARGET
swing_baseline,1593000000000,12994,1593003600000,1593036000000,2020,0.578557346588595,1763.778,4.675642857142845,1766.448,1759.1023571428573,1782.4805714285715,1759.038,2.1825960968115243,-1.0087612676124977,STOP_GAP
swing_baseline,1593086400000,13017,1593090000000,1593176400000,2020,0.6648902557220409,1755.258,4.70542857142857,1764.238,1750.5525714285714,1774.0797142857143,1750.5525714285714,0.7191381866009642,-1.0,STOP
swing_baseline,1593180000000,13041,1593183600000,1593183600000,2020,0.6408733209581413,1747.368,4.1735714285714165,1755.438,1743.1944285714285,1764.0622857142855,1764.0622857142855,0.7043929759056874,0.7043929759056874,TARGET
swing_baseline,1593432000000,13062,1593435600000,1593525600000,2020,0.5419652194749213,1765.538,4.306785714285736,1768.905,1761.2312142857143,1782.765142857143,1782.765142857143,1.8061675649009397,1.8061675649009397,TARGET
swing_baseline,1593597600000,13105,1593601200000,1593604800000,2020,0.48993083838372786,1779.966,3.319928571428623,1781.335,1776.6460714285713,1793.2457142857145,1776.6460714285713,2.5401782313960934,-1.0,STOP
swing_baseline,1593608400000,13108,1593612000000,1593615600000,2020,0.5309200872716366,1763.878,4.83800000000003,1767.245,1759.04,1783.23,1759.04,1.948202315661215,-1.0,STOP
swing_baseline,1593666000000,13123,1593669600000,1593691200000,2020,0.5255042072139017,1764.168,3.6308571428571503,1766.055,1760.5371428571427,1778.6914285714286,1760.5371428571427,2.2900970873785464,-1.0,STOP
swing_baseline,1593694800000,13131,1593698400000,1593698400000,2020,0.7529386442594667,1757.438,4.456285714285692,1773.485,1752.9817142857144,1775.2631428571428,1775.2631428571428,0.08672477581990815,0.08672477581990815,TARGET
swing_baseline,1593748800000,13145,1593752400000,1594000800000,2020,0.4878866759649115,1772.698,2.8770000000000016,1774.098,1769.8210000000001,1784.2060000000001,1769.8210000000001,2.363338788870846,-1.0,STOP
swing_baseline,1594101600000,13189,1594105200000,1594108800000,2020,0.40297910834876677,1781.948,2.621857142857136,1782.555,1779.326142857143,1792.4354285714287,1779.326142857143,3.0600389346075962,-1.0,STOP
swing_baseline,1594112400000,13192,1594116000000,1594126800000,2020,0.5956381274896757,1773.398,3.173285714285709,1776.775,1770.2247142857143,1786.0911428571428,1786.0911428571428,1.4222498473348661,1.4222498473348661,TARGET
swing_baseline,1594296000000,13241,1594299600000,1594306800000,2020,0.7064858931688923,1804.785,3.983428571428573,1811.295,1800.8015714285716,1820.7187142857144,1800.8015714285716,0.8980586489503802,-1.0,STOP
swing_baseline,1594393200000,13266,1594396800000,1594645200000,2020,0.4425364986299329,1795.658,4.261785714285712,1797.858,1791.3962142857142,1812.7051428571428,1812.7051428571428,2.297684187254742,2.297684187254742,TARGET
swing_baseline,1594648800000,13287,1594652400000,1594684800000,2020,0.7349101703120929,1801.825,3.4191428571428366,1807.575,1798.4058571428573,1815.5015714285714,1798.4058571428573,0.8644833603390264,-1.0,STOP
swing_baseline,1594688400000,13296,1594692000000,1594720800000,2020,0.4342948324834132,1795.738,4.396285714285698,1798.318,1791.3417142857143,1813.3231428571428,1791.3417142857143,2.1508784863005177,-1.0,STOP
swing_baseline,1594785600000,13322,1594789200000,1594818000000,2020,0.33292278667975317,1805.708,3.007428571428542,1805.708,1802.7005714285715,1817.7377142857142,1802.7005714285715,3.9999999999999245,-1.0,STOP
swing_baseline,1594879200000,13345,1594882800000,1594915200000,2020,0.45664539276937144,1805.358,3.20942857142854,1806.915,1802.1485714285714,1818.195714285714,1802.1485714285714,2.3667016334481707,-1.0,STOP
swing_baseline,1594918800000,13356,1594922400000,1595001600000,2020,0.31547891084748353,1796.148,3.89907142857146,1797.058,1792.2489285714285,1811.7442857142858,1811.7442857142858,3.053871403745834,3.053871403745834,TARGET
swing_baseline,1595919600000,13529,1595923200000,1595962800000,2020,0.4744980599605495,1906.645,13.274428571428562,1913.045,1893.3705714285713,1959.7427142857143,1959.7427142857143,2.373523282578525,2.373523282578525,TARGET
swing_baseline,1596031200000,13559,1596034800000,1596045600000,2020,0.7894425660833685,1941.328,6.772785714285727,1956.265,1934.5552142857143,1968.4191428571428,1968.4191428571428,0.5598462839338323,0.5598462839338323,TARGET
swing_baseline,1596092400000,13575,1596096000000,1596178800000,2020,0.6098762005389124,1947.337,8.81007142857142,1955.815,1938.5269285714285,1982.5772857142856,1982.5772857142856,1.5480203112798436,1.5480203112798436,TARGET
swing_baseline,1596448800000,13624,1596452400000,1596549600000,2020,0.38978408182707097,1965.858,5.609285714285728,1967.748,1960.2487142857142,1988.2951428571428,1988.2951428571428,2.7398799885702676,2.7398799885702676,TARGET
swing_baseline,1596772800000,13710,1596776400000,1596808800000,2020,0.6849948417580127,2047.185,8.945714285714237,2059.805,2038.2392857142856,2082.9678571428567,2038.2392857142856,1.0740593534711098,-1.0,STOP
swing_baseline,1596816000000,13722,1596819600000,1597122000000,2020,0.34645296903749057,2022.418,12.298000000000002,2024.838,2010.12,2071.6099999999997,2010.12,3.1778774289984693,-1.0,STOP
swing_baseline,1597125600000,13758,1597129200000,1597143600000,2020,0.595668238744469,1990.008,8.193642857142859,1999.595,1981.8143571428573,2022.7825714285714,1981.8143571428573,1.3040907246644646,-1.0,STOP
swing_baseline,1597147200000,13764,1597150800000,1597150800000,2020,0.5961565760397967,1953.118,11.733142857142834,1963.165,1941.384857142857,2000.0505714285712,1941.384857142857,1.693541299086311,-1.0,STOP
swing_baseline,1597158000000,13767,1597161600000,1597165200000,2020,0.4628691499370115,1937.565,13.964499999999996,1942.968,1923.6005,1993.423,1923.6005,2.6051374725700147,-1.0,STOP
swing_baseline,1597168800000,13770,1597172400000,1597194000000,2020,0.6271251339369438,1910.0,16.07607142857143,1922.325,1893.9239285714286,1974.3042857142857,1893.9239285714286,1.8301874929265736,-1.0,STOP
swing_baseline,1597197600000,13777,1597201200000,1597334400000,2020,0.580593834464369,1872.478,20.205857142857163,1886.808,1852.2721428571429,1953.3014285714287,1953.3014285714287,1.9253446728245216,1.9253446728245216,TARGET
swing_baseline,1597420800000,13837,1597424400000,1597669200000,2020,0.3330018782840818,1933.328,8.821714285714295,1933.855,1924.5062857142857,1968.614857142857,1968.614857142857,3.718143060161039,3.718143060161039,TARGET
swing_baseline,1597759200000,13881,1597762800000,1597845600000,2020,0.788381668125325,1975.898,9.691428571428592,1992.465,1966.2065714285714,2014.6637142857144,1966.2065714285714,0.8453938599306957,-1.0,STOP
swing_baseline,1597849200000,13905,1597852800000,1597860000000,2020,0.5130092462854164,1953.858,10.565571428571388,1963.045,1943.2924285714284,1996.1202857142855,1943.2924285714284,1.6744799953712766,-1.0,STOP
swing_baseline,1597867200000,13910,1597874400000,1598317200000,2020,0.43338467197511626,1924.528,14.23178571428569,1928.438,1910.2962142857143,1981.4551428571428,1929.948,2.922377305746384,0.08323326180679877,72H_TIMEOUT
swing_baseline,1598346000000,13991,1598349600000,1598364000000,2020,0.47659120464131816,1921.308,5.093071428571453,1923.418,1916.2149285714286,1941.680285714286,1916.2149285714286,2.535347024582846,-1.0,STOP
swing_baseline,1598367600000,13997,1598371200000,1598443200000,2020,0.4522528131316629,1914.105,6.563714285714306,1919.268,1907.5412857142858,1940.3598571428572,1907.5412857142858,1.7986161024279201,-1.0,STOP
swing_baseline,1598508000000,14034,1598511600000,1598533200000,2020,0.5549205379742715,1936.788,5.729285714285701,1941.665,1931.0587142857144,1959.7051428571428,1959.7051428571428,1.700891654544495,1.700891654544495,TARGET
swing_baseline,1598536800000,14042,1598540400000,1598601600000,2020,0.6317631177893321,1909.778,11.043857142857146,1919.715,1898.7341428571428,1953.9534285714285,1953.9534285714285,1.631888932768652,1.631888932768652,TARGET
swing_baseline,1598857200000,14081,1598860800000,1598922000000,2020,0.6003538215918135,1954.125,5.778999999999948,1958.448,1948.346,1977.2409999999998,1977.2409999999998,1.8603246881805087,1.8603246881805087,TARGET
swing_baseline,1598968800000,14111,1598972400000,1599030000000,2020,0.7625466694821896,1964.098,7.310428571428572,1976.868,1956.7875714285715,1993.3397142857143,1956.7875714285715,0.8202869887523833,-1.0,STOP
swing_baseline,1599048000000,14132,1599051600000,1599055200000,2020,0.5997502714159422,1953.418,7.319642857142867,1964.708,1946.098357142857,1982.6965714285714,1946.098357142857,0.9666263649797286,-1.0,STOP
swing_baseline,1599058800000,14135,1599062400000,1599112800000,2020,0.5305648953968153,1937.158,8.616357142857169,1943.925,1928.5416428571427,1971.6234285714286,1928.5416428571427,1.8005451160112678,-1.0,STOP
swing_baseline,1599116400000,14150,1599120000000,1599224400000,2020,0.6184789043830055,1927.178,6.094785714285682,1935.685,1921.0832142857143,1951.557142857143,1921.0832142857143,1.0870001222942578,-1.0,STOP
swing_baseline,1599469200000,14198,1599472800000,1599555600000,2020,0.4262794876347678,1926.605,4.81807142857141,1928.645,1921.7869285714287,1945.8772857142856,1921.7869285714287,2.5127014050181007,-1.0,STOP
swing_baseline,1599559200000,14218,1599562800000,1599580800000,2020,0.5392153553963163,1910.915,5.133285714285713,1916.088,1905.7817142857143,1931.4481428571428,1931.4481428571428,1.4903664892437403,1.4903664892437403,TARGET
swing_baseline,1599645600000,14241,1599649200000,1599656400000,2020,0.4022047795631561,1920.945,4.897571428571415,1922.328,1916.0474285714286,1940.5352857142857,1940.5352857142857,2.8989855336184194,2.8989855336184194,TARGET
swing_baseline,1599717600000,14260,1599721200000,1599739200000,2020,0.4633265657563453,1942.605,3.8824285714285742,1943.878,1938.7225714285714,1958.1347142857144,1958.1347142857144,2.7653790733762613,2.7653790733762613,TARGET
swing_baseline,1599764400000,14273,1599768000000,1600221600000,2020,0.36774158534424206,1941.315,7.70385714285713,1942.555,1933.611142857143,1972.1304285714286,1956.035,3.306786781030913,1.5071797083393423,72H_TIMEOUT
swing_baseline,1600279200000,14362,1600282800000,1600308000000,2020,0.5364644453718761,1952.565,6.538428571428605,1958.218,1946.0265714285715,1978.7187142857144,1946.0265714285715,1.681567846262019,-1.0,STOP
swing_baseline,1600311600000,14370,1600315200000,1600678800000,2020,0.3942165570546426,1937.578,7.318142857142853,1939.478,1930.259857142857,1966.8505714285714,1930.259857142857,2.96942365211456,-1.0,STOP
swing_baseline,1600689600000,14425,1600693200000,1600693200000,2020,0.4141184822302,1919.158,5.996428571428543,1921.918,1913.1615714285713,1943.1437142857142,1913.1615714285713,2.42401500938085,-1.0,STOP
swing_baseline,1600696800000,14427,1600700400000,1600729200000,2020,0.6775756458906249,1882.375,8.647357142857118,1896.638,1873.7276428571429,1916.9644285714285,1916.9644285714285,0.8872157009462377,0.8872157009462377,TARGET
swing_baseline,1600754400000,14442,1600758000000,1600833600000,2020,0.6619380835102864,1898.398,6.854285714285717,1906.235,1891.5437142857143,1925.8151428571427,1891.5437142857143,1.3327725862756405,-1.0,STOP
swing_baseline,1600840800000,14465,1600844400000,1600869600000,2020,0.6200040023320635,1874.378,6.191142857142885,1881.198,1868.186857142857,1899.1425714285715,1868.186857142857,1.3791695030632796,-1.0,STOP
swing_baseline,1600873200000,14474,1600876800000,1600902000000,2020,0.34504469784994213,1863.908,9.145000000000014,1864.048,1854.763,1900.488,1854.763,3.9246095853526906,-1.0,STOP
swing_baseline,1600920000000,14486,1600923600000,1601316000000,2020,0.3698568880452628,1850.318,7.566642857142824,1851.485,1842.7513571428572,1880.5845714285713,1880.5845714285713,3.331893907795019,3.331893907795019,TARGET
swing_baseline,1601445600000,14580,1601449200000,1601467200000,2020,0.709174307784446,1883.585,3.921142857142854,1889.095,1879.663857142857,1899.2695714285715,1899.2695714285715,1.0788269865794058,1.0788269865794058,TARGET
swing_baseline,1601604000000,14622,1601607600000,1601618400000,2020,0.4557459857904305,1891.068,5.837999999999998,1893.088,1885.23,1914.42,1914.42,2.7146856706541422,2.7146856706541422,TARGET
swing_baseline,1601668800000,14640,1601848800000,1601870400000,2020,0.37938914671311336,1897.818,6.162071428571429,1903.828,1891.6559285714286,1922.4662857142857,1891.6559285714286,1.5312336789723655,-1.0,STOP
swing_baseline,1601877600000,14649,1601881200000,1601899200000,2020,0.4841419363532824,1890.898,4.283642857142906,1892.985,1886.614357142857,1908.0325714285716,1908.0325714285716,2.3620177376134053,2.3620177376134053,TARGET
swing_baseline,1601971200000,14673,1601974800000,1601989200000,2020,0.5962824175927585,1906.515,3.283785714285711,1909.485,1903.2312142857145,1919.650142857143,1919.650142857143,1.6254383059405204,1.6254383059405204,TARGET
swing_baseline,1601996400000,14680,1602000000000,1602007200000,2020,0.37200945064006213,1901.558,5.122142857142876,1902.015,1896.435857142857,1922.0465714285715,1896.435857142857,3.5904388795000193,-1.0,STOP
swing_baseline,1602010800000,14684,1602014400000,1602014400000,2020,0.3536891793809823,1886.628,6.958071428571445,1887.598,1879.6699285714285,1914.4602857142856,1879.6699285714285,3.388249709441121,-1.0,STOP
swing_baseline,1602032400000,14689,1602036000000,1602205200000,2020,0.5810602484683695,1872.748,8.194285714285765,1879.305,1864.5537142857142,1905.525142857143,1905.525142857143,1.7774818659874625,1.7774818659874625,TARGET
swing_baseline,1602493200000,14766,1602496800000,1602554400000,2020,0.60186011704824,1918.928,4.595857142857118,1922.205,1914.332142857143,1937.3114285714287,1914.332142857143,1.918798766104237,-1.0,STOP
swing_baseline,1602558000000,14783,1602561600000,1602594000000,2020,0.33958571966139883,1910.465,4.000000000000016,1911.355,1906.465,1926.465,1906.465,3.0899795501021656,-1.0,STOP
swing_baseline,1602597600000,14794,1602601200000,1602680400000,2020,0.5282453710630423,1886.308,6.480857142857157,1892.435,1879.827142857143,1912.2314285714285,1912.2314285714285,1.5701659962608498,1.5701659962608498,TARGET
swing_baseline,1602720000000,14826,1602723600000,1603108800000,2020,0.4208559923330578,1894.535,5.501928571428558,1895.738,1889.0330714285715,1916.5427142857143,1916.5427142857143,3.102898720557359,3.102898720557359,TARGET
swing_baseline,1603130400000,14890,1603134000000,1603155600000,2020,0.3219186502108887,1902.405,4.701142857142892,1902.895,1897.703857142857,1921.2095714285715,1897.703857142857,3.528042269800165,-1.0,STOP
swing_baseline,1603159200000,14897,1603162800000,1603216800000,2020,0.5922180335287637,1894.618,4.834642857142853,1900.915,1889.783357142857,1913.9565714285714,1913.9565714285714,1.1715765225258694,1.1715765225258694,TARGET
swing_baseline,1603328400000,14942,1603332000000,1603332000000,2020,0.4198173228832171,1915.458,4.767357142857122,1916.138,1910.6906428571428,1934.5274285714286,1910.6906428571428,3.375844118379876,-1.0,STOP
swing_baseline,1603368000000,14953,1603371600000,1603375200000,2020,0.5144279358831608,1902.248,4.311214285714267,1905.618,1897.9367857142859,1919.492857142857,1897.9367857142859,1.806336423742567,-1.0,STOP
swing_baseline,1603461600000,14978,1603465200000,1603810800000,2020,0.5211970532737872,1894.198,4.25092857142855,1897.838,1889.9470714285715,1911.2017142857144,1911.2017142857144,1.6935540810877185,1.6935540810877185,TARGET
swing_baseline,1603872000000,15041,1603875600000,1603879200000,2020,0.48521080333340244,1901.888,2.9912142857143147,1903.965,1898.8967857142857,1913.8528571428571,1898.8967857142857,1.9509548305264215,-1.0,STOP
swing_baseline,1603882800000,15044,1603886400000,1603886400000,2020,0.3263354016507244,1890.558,3.685500000000015,1891.558,1886.8725,1905.3,1886.8725,2.932878027958558,-1.0,STOP
swing_baseline,1603890000000,15046,1603893600000,1603972800000,2020,0.4525579196900913,1873.058,5.0385714285714425,1876.168,1868.0194285714285,1893.2122857142858,1868.0194285714285,2.0916900420757814,-1.0,STOP
swing_baseline,1603976400000,15069,1603980000000,1604055600000,2020,0.6675973242070162,1859.868,4.982428571428549,1871.675,1854.8855714285714,1879.7977142857142,1879.7977142857142,0.48379932951006294,0.48379932951006294,TARGET
swing_baseline,1604278800000,15102,1604282400000,1604365200000,2020,0.6289272770462584,1873.308,5.83492857142861,1881.118,1867.4730714285713,1896.6477142857145,1896.6477142857145,1.1381308597124167,1.1381308597124167,TARGET
swing_baseline,1604383200000,15130,1604386800000,1604386800000,2020,0.6615255315306346,1890.455,3.1268571428571312,1893.438,1887.328142857143,1902.9624285714285,1887.328142857143,1.5588627276765459,-1.0,STOP
swing_baseline,1604451600000,15148,1604455200000,1604491200000,2020,0.8461279116489476,1880.635,7.511928571428565,1901.268,1873.1230714285714,1910.6827142857142,1910.6827142857142,0.33450837374913384,0.33450837374913384,TARGET
swing_baseline,1604919600000,15227,1604923200000,1604923200000,2020,0.473620950348964,1934.538,6.366714285714271,1938.108,1928.1712857142857,1960.0048571428572,1928.1712857142857,2.2036315539773232,-1.0,STOP
swing_baseline,1604926800000,15229,1604930400000,1604934000000,2020,0.5163641672421951,1868.448,11.280499999999977,1880.418,1857.1675,1913.57,1857.1675,1.4258618094234627,-1.0,STOP
swing_baseline,1604937600000,15232,1604941200000,1605211200000,2020,0.4945875056324725,1850.398,14.278571428571436,1858.408,1836.1194285714284,1907.5122857142856,1876.828,2.2031149852582943,0.826432508652739,72H_TIMEOUT
swing_baseline,1605524400000,15341,1605528000000,1605535200000,2020,0.5838569537205788,1864.498,5.848214285714237,1869.238,1858.6497857142858,1887.890857142857,1887.890857142857,1.7616622255202725,1.7616622255202725,TARGET
swing_baseline,1605589200000,15358,1605592800000,1605643200000,2020,0.5365853178793305,1884.718,3.8530000000000006,1886.745,1880.865,1900.13,1880.865,2.27636054421777,-1.0,STOP
swing_baseline,1605661200000,15377,1605664800000,1605693600000,2020,0.4733931770383724,1876.198,4.39578571428571,1878.835,1871.8022142857144,1893.7811428571429,1871.8022142857144,2.1252094780568758,-1.0,STOP
swing_baseline,1605697200000,15387,1605700800000,1605700800000,2020,0.5175072609519866,1868.395,4.367499999999983,1871.578,1864.0275,1885.865,1864.0275,1.8921925700284654,-1.0,STOP
swing_baseline,1605754800000,15401,1605762000000,1605762000000,2020,0.45403390227278506,1866.0,5.075428571428509,1866.778,1860.9245714285714,1886.301714285714,1860.9245714285714,3.33543222531356,-1.0,STOP
swing_baseline,1605772800000,15405,1605776400000,1605880800000,2020,0.4393972770135062,1855.613,4.8063571428570935,1857.058,1850.806642857143,1874.8384285714285,1874.8384285714285,2.8442509626481955,2.8442509626481955,TARGET
swing_baseline,1606118400000,15451,1606122000000,1606125600000,2020,0.42049135083954026,1868.515,2.855500000000023,1868.938,1865.6595,1879.9370000000001,1865.6595,3.3548879060544805,-1.0,STOP
swing_baseline,1606129200000,15454,1606132800000,1606140000000,2020,0.5438998353867021,1863.358,3.344642857142877,1866.098,1860.013357142857,1876.7365714285716,1860.013357142857,1.748429887891089,-1.0,STOP
swing_baseline,1606143600000,15458,1606147200000,1606179600000,2020,0.30814550422796655,1833.548,5.741571428571433,1834.555,1827.8064285714286,1856.5142857142857,1827.8064285714286,3.253916172734932,-1.0,STOP
swing_baseline,1606183200000,15468,1606186800000,1606212000000,2020,0.4353639511319994,1821.294,6.952642857142856,1822.365,1814.3413571428573,1849.1045714285715,1814.3413571428573,3.332597413002714,-1.0,STOP
swing_baseline,1606215600000,15477,1606219200000,1606482000000,2020,0.5325652438178238,1805.544,6.278571428571419,1810.135,1799.2654285714286,1830.6582857142857,1799.2654285714286,1.888141206776468,-1.0,STOP
swing_baseline,1606485600000,15545,1606489200000,1606701600000,2020,0.4672042892319821,1774.218,6.015928571428568,1778.845,1768.2020714285716,1798.2817142857143,1768.2020714285716,1.8262561996228412,-1.0,STOP
swing_baseline,1607011200000,15633,1607014800000,1607349600000,2020,0.7619043786837068,1823.648,6.835785714285716,1834.225,1816.8122142857142,1850.9911428571427,1850.9911428571427,0.9628639054225274,0.9628639054225274,TARGET
swing_baseline,1607425200000,15697,1607428800000,1607486400000,2020,0.556572755909016,1860.148,3.987571428571463,1861.315,1856.1604285714284,1876.0982857142858,1856.1604285714284,2.867995122221476,-1.0,STOP
swing_baseline,1607511600000,15719,1607515200000,1607522400000,2020,0.3785169309435179,1851.428,4.938071428571415,1853.605,1846.4899285714287,1871.1802857142857,1846.4899285714287,2.4701488791398716,-1.0,STOP
swing_baseline,1607526000000,15723,1607529600000,1607536800000,2020,0.5782181754759066,1837.278,7.354928571428559,1848.085,1829.9230714285713,1866.6977142857143,1829.9230714285713,1.0248203659932174,-1.0,STOP
swing_baseline,1607590800000,15740,1607594400000,1607608800000,2020,0.58083746861789,1828.528,4.987642857142808,1831.845,1823.5403571428571,1848.4785714285713,1848.4785714285713,2.0029243538467894,2.0029243538467894,TARGET
swing_baseline,1607673600000,15762,1607677200000,1607684400000,2020,0.3561900172461858,1831.458,3.6454999999999855,1831.808,1827.8125,1846.04,1827.8125,3.562007258165435,-1.0,STOP
swing_baseline,1607922000000,15781,1607925600000,1607932800000,2020,0.42593085582431073,1832.765,3.878857142857133,1834.268,1828.8861428571429,1848.2804285714287,1828.8861428571429,2.603641865527059,-1.0,STOP
swing_baseline,1607936400000,15785,1607940000000,1607940000000,2020,0.5055483199015887,1825.258,3.5836428571428605,1828.875,1821.6743571428572,1839.5925714285715,1821.6743571428572,1.4884186927754668,-1.0,STOP
swing_baseline,1608123600000,15835,1608127200000,1608177600000,2020,0.49601334945963715,1849.228,4.7807857142857175,1851.658,1844.4472142857144,1868.351142857143,1868.351142857143,2.3150241206130704,2.3150241206130704,TARGET
swing_baseline,1608278400000,15876,1608282000000,1608512400000,2020,0.6827709282799755,1877.275,3.5850000000000364,1881.468,1873.69,1891.6150000000002,1891.6150000000002,1.3045770120853863,1.3045770120853863,TARGET
swing_baseline,1608544800000,15901,1608548400000,1608825600000,2020,0.682035312611591,1854.955,8.623071428571459,1870.338,1846.3319285714285,1889.4472857142857,1877.398,0.7960188642754084,0.294092268324975,72H_TIMEOUT
swing_baseline,1609149600000,15986,1609153200000,1609153200000,2020,0.4669595537056178,1876.845,5.706285714285643,1879.168,1871.1387142857143,1899.6701428571425,1871.1387142857143,2.5534205141891366,-1.0,STOP
swing_baseline,1609254000000,16014,1609257600000,1609358400000,2020,0.6667486113994229,1871.595,5.348000000000005,1879.078,1866.247,1892.987,1892.987,1.0840152755046535,1.0840152755046535,TARGET
swing_baseline,1609934400000,16126,1609938000000,1609945200000,2021,0.5444377246246596,1924.989,7.771714285714276,1933.809,1917.2172857142857,1956.075857142857,1917.2172857142857,1.3420468047734684,-1.0,STOP
swing_baseline,1609948800000,16130,1609952400000,1610092800000,2021,0.5594075217206937,1900.755,10.422714285714278,1907.978,1890.3322857142857,1942.4458571428572,1890.3322857142857,1.9533273963730509,-1.0,STOP
swing_baseline,1610110800000,16173,1610114400000,1610114400000,2021,0.8056447893542965,1876.188,7.001571428571408,1890.777,1869.1864285714287,1904.1942857142858,1869.1864285714287,0.6214418992417361,-1.0,STOP
swing_baseline,1610118000000,16175,1610121600000,1610125200000,2021,0.6807001380400083,1849.715,10.146071428571402,1862.805,1839.5689285714286,1890.2992857142856,1839.5689285714286,1.1832587879067245,-1.0,STOP
swing_baseline,1610128800000,16178,1610132400000,1610578800000,2021,0.5811692768770765,1828.038,12.83671428571425,1838.198,1815.2012857142859,1879.384857142857,1845.232,1.7909887747939117,0.3058697826397514,72H_TIMEOUT
swing_baseline,1610589600000,16254,1610593200000,1610643600000,2021,0.6823809860502273,1828.518,6.5624285714285895,1839.665,1821.9555714285714,1854.7677142857144,1854.7677142857144,0.8528064146620935,0.8528064146620935,TARGET
swing_baseline,1610712000000,16286,1610715600000,1610715600000,2021,0.512698153493247,1845.472,4.455214285714321,1847.828,1841.0167857142856,1863.2928571428572,1841.0167857142856,2.2704992816468335,-1.0,STOP
swing_baseline,1610722800000,16289,1610726400000,1610924400000,2021,0.4982896108743886,1824.745,6.216142857142894,1829.365,1818.528857142857,1849.6095714285714,1818.528857142857,1.8682451583984623,-1.0,STOP
swing_baseline,1611057600000,16328,1611061200000,1611122400000,2021,0.5292321192153606,1835.788,3.9860000000000224,1837.745,1831.802,1851.7320000000002,1851.7320000000002,2.353525155645355,2.353525155645355,TARGET
swing_baseline,1611147600000,16352,1611151200000,1611151200000,2021,0.8500976746166823,1832.272,5.232071428571446,1848.738,1827.0399285714284,1853.2002857142857,1853.2002857142857,0.20565356368076723,0.20565356368076723,TARGET
swing_baseline,1611230400000,16374,1611234000000,1611234000000,2021,0.5172065171524388,1865.918,4.364500000000005,1867.103,1861.5535,1883.376,1861.5535,2.932336246508636,-1.0,STOP
swing_baseline,1611237600000,16376,1611241200000,1611309600000,2021,0.6006351826356584,1858.131,5.490000000000025,1864.145,1852.641,1880.0910000000001,1852.641,1.3861265646731806,-1.0,STOP
swing_baseline,1611313200000,16396,1611316800000,1611316800000,2021,0.5172546522820114,1845.277,4.364714285714285,1849.475,1840.9122857142856,1862.7358571428572,1840.9122857142856,1.5486744857271753,-1.0,STOP
swing_baseline,1611320400000,16398,1611324000000,1611529200000,2021,0.5725397465454336,1837.195,5.497571428571438,1843.145,1831.6974285714284,1859.1852857142858,1859.1852857142858,1.4011955124605253,1.4011955124605253,TARGET
swing_baseline,1611550800000,16413,1611554400000,1611579600000,2021,0.5537878228572876,1851.105,4.040214285714212,1853.085,1847.0647857142858,1867.265857142857,1867.265857142857,2.355540263160991,2.355540263160991,TARGET
swing_baseline,1611590400000,16424,1611594000000,1611745200000,2021,0.6481600052604439,1847.025,5.71807142857142,1855.155,1841.3069285714287,1869.8972857142858,1841.3069285714287,1.064573199981447,-1.0,STOP
swing_baseline,1611748800000,16466,1611752400000,1611756000000,2021,0.5282444551617972,1837.365,4.398857142857098,1840.815,1832.9661428571428,1854.9604285714283,1832.9661428571428,1.8022278038658357,-1.0,STOP
swing_baseline,1611950400000,16520,1611954000000,1612270800000,2021,0.33983798202808546,1841.655,8.897571428571464,1841.665,1832.7574285714286,1877.2452857142857,1832.7574285714286,3.9943867977483345,-1.0,STOP
swing_baseline,1612274400000,16560,1612278000000,1612404000000,2021,0.5326370933195113,1829.317,7.126357142857111,1834.115,1822.1906428571428,1857.8224285714284,1822.1906428571428,1.9881515026266599,-1.0,STOP
swing_baseline,1612407600000,16595,1612411200000,1612414800000,2021,0.5184611037941115,1820.998,4.404357142857131,1822.965,1816.5936428571429,1838.6154285714285,1816.5936428571429,2.4563728292918516,-1.0,STOP
swing_baseline,1612429200000,16601,1612432800000,1612447200000,2021,0.574127521039829,1810.236,4.760428571428569,1814.232,1805.4755714285716,1829.2777142857144,1805.4755714285716,1.718247817929738,-1.0,STOP
swing_baseline,1612450800000,16607,1612454400000,1612738800000,2021,0.33853631454454963,1784.888,7.601999999999991,1786.465,1777.2859999999998,1815.2959999999998,1816.958,3.1409739623052215,3.3220394378472466,TARGET_GAP
swing_baseline,1612771200000,16646,1612774800000,1612785600000,2021,0.4942120996899533,1807.665,4.037142857142856,1809.085,1803.627857142857,1823.8135714285713,1823.8135714285713,2.698952879581042,2.698952879581042,TARGET
swing_baseline,1612879200000,16675,1612882800000,1612962000000,2021,0.6671370774650138,1831.945,5.460428571428565,1836.945,1826.4845714285714,1853.7867142857142,1853.7867142857142,1.6100405610259056,1.6100405610259056,TARGET
swing_baseline,1612969200000,16699,1612972800000,1613059200000,2021,0.5645062753170683,1835.588,5.975428571428552,1841.044,1829.6125714285713,1859.4897142857142,1829.6125714285713,1.6135966008497373,-1.0,STOP
swing_baseline,1613062800000,16724,1613066400000,1613113200000,2021,0.4973878692308807,1822.882,4.766285714285735,1826.435,1818.1157142857144,1841.947142857143,1818.1157142857144,1.8646003262643343,-1.0,STOP
swing_baseline,1613116800000,16738,1613120400000,1613142000000,2021,0.7020441040440899,1812.408,3.5949999999999624,1816.955,1808.8129999999999,1826.7879999999998,1826.7879999999998,1.207688528617022,1.207688528617022,TARGET
swing_baseline,1613372400000,16760,1613376000000,1613476800000,2021,0.350236588712122,1816.368,4.494928571428594,1816.995,1811.8730714285714,1834.3477142857143,1811.8730714285714,3.387925864978396,-1.0,STOP
swing_baseline,1613480400000,16785,1613484000000,1613484000000,2021,0.3059105633487107,1796.205,5.708214285714283,1796.725,1790.4967857142856,1819.037857142857,1790.4967857142856,3.5825448706921077,-1.0,STOP
swing_baseline,1613516400000,16794,1613520000000,1613566800000,2021,0.43229355071425263,1786.604,8.417428571428559,1788.285,1778.1865714285714,1820.2737142857143,1778.1865714285714,3.1676922859284504,-1.0,STOP
swing_baseline,1613574000000,16810,1613577600000,1613696400000,2021,0.4427726556150044,1770.805,6.364214285714281,1773.595,1764.4407857142858,1796.2618571428573,1764.4407857142858,2.476111704991472,-1.0,STOP
swing_baseline,1614070800000,16896,1614074400000,1614088800000,2021,0.42548471858387693,1803.755,4.101142857142869,1804.105,1799.6538571428573,1820.1595714285716,1799.6538571428573,3.6068425444510037,-1.0,STOP
swing_baseline,1614157200000,16919,1614160800000,1614171600000,2021,0.4904964279057674,1802.9,3.4647857142856537,1804.275,1799.4352142857144,1816.7591428571427,1799.4352142857144,2.5794825626872324,-1.0,STOP
swing_baseline,1614175200000,16924,1614178800000,1614265200000,2021,0.3526637592751641,1783.445,5.803714285714266,1785.478,1777.6412857142857,1806.659857142857,1777.6412857142857,2.702900267969381,-1.0,STOP
swing_baseline,1614276000000,16950,1614279600000,1614322800000,2021,0.6806806302093722,1765.328,8.728428571428546,1778.275,1756.5995714285714,1800.2417142857141,1756.5995714285714,1.0134385215648876,-1.0,STOP
swing_baseline,1614348000000,16969,1614351600000,1614351600000,2021,0.3634223972514071,1744.835,7.810999999999987,1744.835,1737.0240000000001,1776.079,1737.0240000000001,4.000000000000029,-1.0,STOP
swing_baseline,1614355200000,16971,1614358800000,1614578400000,2021,0.34716219597958525,1717.09,9.60535714285712,1717.912,1707.4846428571427,1755.5114285714285,1755.5114285714285,3.6058445161422195,3.6058445161422195,TARGET
swing_baseline,1614600000000,16990,1614603600000,1614618000000,2021,0.4866529445225151,1735.793,5.725071428571449,1738.985,1730.0679285714284,1758.6932857142856,1730.0679285714284,2.2101747050200484,-1.0,STOP
swing_baseline,1614621600000,16996,1614625200000,1614646800000,2021,0.4091025097979617,1720.495,7.455928571428591,1722.925,1713.0390714285713,1750.3187142857143,1713.0390714285713,2.7709803978237435,-1.0,STOP
swing_baseline,1614654000000,17004,1614657600000,1614704400000,2021,0.6428228634010623,1707.066,7.672428571428587,1713.216,1699.3935714285715,1737.7557142857145,1737.7557142857145,1.7753547546947919,1.7753547546947919,TARGET
swing_baseline,1614758400000,17032,1614762000000,1614769200000,2021,0.46361682055557,1726.415,4.435428571428539,1727.258,1721.9795714285715,1744.156714285714,1721.9795714285715,3.2014668867898686,-1.0,STOP
swing_baseline,1614776400000,17037,1614780000000,1614783600000,2021,0.5556684586962487,1708.135,5.068785714285696,1712.262,1703.0662142857143,1728.4101428571428,1703.0662142857143,1.756037315229812,-1.0,STOP
swing_baseline,1614848400000,17056,1614852000000,1614877200000,2021,0.6358920277887875,1706.189,6.041642857142896,1715.143,1700.1473571428571,1730.3555714285717,1700.1473571428571,1.0144661068215173,-1.0,STOP
swing_baseline,1614880800000,17065,1614884400000,1615215600000,2021,0.3006529254751731,1690.258,8.499428571428584,1691.025,1681.7585714285715,1724.2557142857145,1681.7585714285715,3.586140445540736,-1.0,STOP
swing_baseline,1615219200000,17109,1615222800000,1615287600000,2021,0.39017019547875087,1678.138,7.068071428571443,1679.848,1671.0699285714286,1706.4102857142857,1706.4102857142857,3.025981951779214,3.025981951779214,TARGET
swing_baseline,1615356000000,17145,1615359600000,1615381200000,2021,0.7893336401868751,1709.544,3.454214285714264,1714.838,1706.0897857142859,1723.3608571428572,1723.3608571428572,0.9742396407430399,0.9742396407430399,TARGET
swing_baseline,1615471200000,17176,1615474800000,1615528800000,2021,0.5265878491125637,1719.115,5.737142857142836,1722.778,1713.3778571428572,1742.0635714285713,1713.3778571428572,2.051625355237765,-1.0,STOP
swing_baseline,1615532400000,17192,1615536000000,1615539600000,2021,0.5650870918195673,1707.445,4.0428571428571685,1710.388,1703.4021428571427,1723.6164285714285,1703.4021428571427,1.8936013578454347,-1.0,STOP
swing_baseline,1615878000000,17239,1615881600000,1615903200000,2021,0.6701461522593384,1726.114,3.1225000000000267,1730.084,1722.9915,1738.604,1738.604,1.201268946069794,1.201268946069794,TARGET
swing_baseline,1615978800000,17266,1615982400000,1615989600000,2021,0.468603354624695,1727.795,3.1077857142856997,1729.378,1724.6872142857144,1740.2261428571428,1724.6872142857144,2.3126494190739586,-1.0,STOP
swing_baseline,1616054400000,17286,1616058000000,1616072400000,2021,0.48862616275901805,1732.594,6.716142857142813,1736.285,1725.8778571428572,1759.4585714285713,1725.8778571428572,2.2266986959505664,-1.0,STOP
swing_baseline,1616374800000,17325,1616378400000,1616396400000,2021,0.49832889264547897,1732.438,4.957571428571441,1735.328,1727.4804285714285,1752.2682857142859,1727.4804285714285,2.1586660113229073,-1.0,STOP
swing_baseline,1616504400000,17360,1616508000000,1616677200000,2021,0.5634037577676719,1727.198,4.060500000000014,1730.908,1723.1375,1743.44,1743.44,1.6127662312592992,1.6127662312592992,TARGET
swing_baseline,1616691600000,17410,1616695200000,1617022800000,2021,0.5969468260079134,1721.589,5.315999999999982,1727.478,1716.273,1742.8529999999998,1716.273,1.3721552878178993,-1.0,STOP
swing_baseline,1617069600000,17463,1617073200000,1617087600000,2021,0.4531440819899313,1704.605,4.588642857142792,1706.035,1700.0163571428573,1722.9595714285713,1700.0163571428573,2.8120245427896435,-1.0,STOP
swing_baseline,1617098400000,17471,1617102000000,1617102000000,2021,0.37923226273815647,1692.817,4.141999999999972,1693.058,1688.675,1709.385,1688.675,3.725074150125452,-1.0,STOP
swing_baseline,1617105600000,17473,1617109200000,1617199200000,2021,0.5852746370138993,1678.6,5.268714285714298,1683.665,1673.3312857142855,1699.674857142857,1699.674857142857,1.5492838973678076,1.5492838973678076,TARGET
swing_baseline,1617595200000,17534,1617598800000,1617685200000,2021,0.5829247769724993,1723.635,3.084357142857162,1724.395,1720.5506428571427,1735.9724285714287,1735.9724285714287,3.0115382471525747,3.0115382471525747,TARGET
swing_baseline,1617793200000,17587,1617796800000,1617796800000,2021,0.46974579158861784,1733.638,3.0099999999999745,1734.558,1730.628,1745.6779999999999,1730.628,2.82951653944013,-1.0,STOP
swing_baseline,1617937200000,17625,1617940800000,1617948000000,2021,0.5964138286099704,1751.328,3.139428571428588,1753.068,1748.1885714285713,1763.8857142857144,1748.1885714285713,2.2170043330600544,-1.0,STOP
swing_baseline,1617951600000,17629,1617955200000,1617969600000,2021,0.641112902034119,1743.955,2.5908571428571383,1747.398,1741.3641428571427,1754.3184285714285,1741.3641428571427,1.1469327840518944,-1.0,STOP
swing_baseline,1617973200000,17635,1617976800000,1618290000000,2021,0.7342008453055873,1731.168,4.180642857142873,1739.559,1726.987357142857,1747.8905714285713,1726.987357142857,0.6627273398748783,-1.0,STOP
swing_baseline,1618293600000,17674,1618297200000,1618315200000,2021,0.4072248725483447,1723.608,3.331928571428599,1724.295,1720.2760714285714,1736.9357142857143,1736.9357142857143,3.1452945881097567,3.1452945881097567,TARGET
swing_baseline,1618376400000,17695,1618380000000,1618405200000,2021,0.6130838893698277,1740.705,2.758714285714307,1743.798,1737.9462857142855,1751.739857142857,1737.9462857142855,1.3571847077778865,-1.0,STOP
swing_baseline,1618408800000,17704,1618412400000,1618488000000,2021,0.5601270983274758,1732.505,4.390499999999991,1737.015,1728.1145000000001,1750.067,1750.067,1.4664344699735923,1.4664344699735923,TARGET
swing_baseline,1618837200000,17772,1618840800000,1619010000000,2021,0.6456343620284904,1766.628,5.833357142857169,1773.555,1760.7946428571427,1789.9614285714285,1789.9614285714285,1.285734277477646,1.285734277477646,TARGET
swing_baseline,1619071200000,17834,1619074800000,1619085600000,2021,0.6372304644806946,1788.118,2.906928571428596,1791.688,1785.2110714285714,1799.7457142857143,1785.2110714285714,1.244064095636106,-1.0,STOP
swing_baseline,1619092800000,17840,1619096400000,1619107200000,2021,0.5341116045006179,1782.145,3.769500000000026,1785.012,1778.3754999999999,1797.2230000000002,1778.3754999999999,1.8399758909063682,-1.0,STOP
swing_baseline,1619182800000,17863,1619186400000,1619186400000,2021,0.3873123002356376,1780.898,4.433642857142851,1781.375,1776.4643571428571,1798.6325714285713,1776.4643571428571,3.514320208293896,-1.0,STOP
swing_baseline,1619438400000,17885,1619442000000,1619485200000,2021,0.74823381121686,1768.617,3.763285714285709,1776.538,1764.8537142857142,1783.6701428571428,1783.6701428571428,0.6104046949504692,0.6104046949504692,TARGET
swing_baseline,1619546400000,17914,1619550000000,1619568000000,2021,0.42813927933571727,1775.545,3.8339285714286007,1776.665,1771.7110714285714,1790.8807142857145,1771.7110714285714,2.8695840242232253,-1.0,STOP
swing_baseline,1619571600000,17919,1619575200000,1619611200000,2021,0.5238903118721312,1766.325,3.650214285714274,1769.535,1762.6747857142857,1780.9258571428572,1762.6747857142857,1.6604229355600901,-1.0,STOP
swing_baseline,1619683200000,17949,1619686800000,1619701200000,2021,0.439104857071832,1775.488,4.05014285714284,1777.265,1771.4378571428572,1791.6885714285713,1771.4378571428572,2.4752390291737565,-1.0,STOP
swing_baseline,1619704800000,17955,1619708400000,1620025200000,2021,0.6069265540909983,1756.028,6.2555,1768.548,1749.7725,1781.05,1781.05,0.665867753188995,0.665867753188995,TARGET
swing_baseline,1620100800000,18014,1620104400000,1620104400000,2021,0.43943924302477655,1788.318,2.624785714285703,1788.568,1785.6932142857142,1798.8171428571427,1785.6932142857142,3.5651849827315565,-1.0,STOP
swing_baseline,1620118800000,18019,1620122400000,1620133200000,2021,0.3975100090674157,1782.517,2.618642857142894,1782.835,1779.898357142857,1792.9915714285717,1792.9915714285717,3.458565417264578,3.458565417264578,TARGET
swing_baseline,1620140400000,18025,1620144000000,1620302400000,2021,0.5035213511307925,1773.678,5.549500000000031,1775.598,1768.1285,1795.8760000000002,1795.8760000000002,2.714773411875018,2.714773411875018,TARGET
swing_baseline,1620691200000,18125,1620694800000,1620734400000,2021,0.4310000304626011,1832.428,4.343142857142847,1833.798,1828.0848571428573,1849.8005714285714,1828.0848571428573,2.8010102020405014,-1.0,STOP
swing_baseline,1620738000000,18138,1620741600000,1620759600000,2021,0.7235279286629865,1817.875,5.028214285714284,1829.168,1812.8467857142857,1837.9878571428571,1837.9878571428571,0.5403922152150893,0.5403922152150893,TARGET
swing_baseline,1620831600000,18162,1620835200000,1620849600000,2021,0.49977943469507563,1820.786,6.093142857142831,1824.266,1814.6928571428573,1845.1585714285713,1814.6928571428573,2.182415089834657,-1.0,STOP
swing_baseline,1620892800000,18178,1620896400000,1620972000000,2021,0.45350444600616807,1812.518,4.450428571428623,1815.055,1808.0675714285715,1830.3197142857146,1830.3197142857146,2.184596826954548,2.184596826954548,TARGET
swing_baseline,1621335600000,18250,1621339200000,1621411200000,2021,0.7687942110491673,1865.168,3.328642857142849,1870.045,1861.8393571428571,1878.4825714285712,1861.8393571428571,1.0282645218011504,-1.0,STOP
swing_baseline,1621414800000,18270,1621418400000,1621422000000,2021,0.33758798349952795,1857.745,4.106142857142897,1858.798,1853.638857142857,1874.1695714285715,1853.638857142857,2.979481641468608,-1.0,STOP
swing_baseline,1621605600000,18321,1621609200000,1621951200000,2021,0.48608502771404344,1870.238,4.6837857142857375,1873.948,1865.5542142857144,1888.973142857143,1888.973142857143,1.7900317411690747,1.7900317411690747,TARGET
swing_baseline,1622037600000,18389,1622041200000,1622048400000,2021,0.3843779765502344,1899.018,5.088571428571397,1899.895,1893.9294285714286,1919.3722857142857,1893.9294285714286,3.2649488732968064,-1.0,STOP
swing_baseline,1622113200000,18409,1622116800000,1622181600000,2021,0.5438563846228436,1891.568,3.6129285714286135,1894.628,1887.9550714285713,1906.0197142857144,1887.9550714285713,1.7071536378330372,-1.0,STOP
swing_baseline,1622203200000,18433,1622206800000,1622206800000,2021,0.8365945710208819,1882.135,3.652071428571438,1892.858,1878.4829285714286,1896.7432857142858,1896.7432857142858,0.270279402338383,0.270279402338383,TARGET
swing_baseline,1622458800000,18455,1622462400000,1622509200000,2021,0.6018929120008265,1902.005,2.8092142857142983,1904.625,1899.1957857142859,1913.2418571428573,1913.2418571428573,1.5871278401242666,1.5871278401242666,TARGET
swing_baseline,1622541600000,18473,1622545200000,1622556000000,2021,0.3978175045948817,1904.348,3.720071428571405,1906.158,1900.6279285714286,1919.2282857142857,1900.6279285714286,2.3634931091048226,-1.0,STOP
swing_baseline,1622610000000,18491,1622613600000,1622638800000,2021,0.536444577838695,1895.013,3.0083571428571565,1898.385,1892.0046428571427,1907.0464285714286,1907.0464285714286,1.3575146935348152,1.3575146935348152,TARGET
swing_baseline,1622696400000,18514,1622700000000,1622700000000,2021,0.4317726731834351,1900.368,2.3177142857143247,1901.465,1898.0502857142856,1909.6388571428572,1898.0502857142856,2.3937162699242718,-1.0,STOP
swing_baseline,1622703600000,18516,1622707200000,1622721600000,2021,0.4764688586078906,1890.528,2.827714285714316,1893.575,1887.7002857142857,1901.8388571428573,1887.7002857142857,1.4066823918488294,-1.0,STOP
swing_baseline,1622725200000,18522,1622728800000,1622768400000,2021,0.4373709499580542,1865.185,5.461000000000013,1867.628,1859.724,1887.029,1859.724,2.4545799595141795,-1.0,STOP
swing_baseline,1623042000000,18560,1623045600000,1623078000000,2021,0.3880271671689665,1883.368,2.564714285714282,1883.468,1880.8032857142857,1893.626857142857,1893.626857142857,3.812362622634263,3.812362622634263,TARGET
swing_baseline,1623135600000,18584,1623139200000,1623157200000,2021,0.34851832521326076,1892.378,2.851785714285711,1892.648,1889.526214285714,1903.7851428571428,1889.526214285714,3.5675551996338055,-1.0,STOP
swing_baseline,1623218400000,18606,1623222000000,1623229200000,2021,0.4308659716959849,1890.425,2.4178571428571525,1891.388,1888.0071428571428,1900.0964285714285,1888.0071428571428,2.57580495225217,-1.0,STOP
swing_baseline,1623283200000,18623,1623286800000,1623308400000,2021,0.42077694265504517,1885.025,3.264499999999998,1885.858,1881.7605,1898.083,1881.7605,2.9835265405736595,-1.0,STOP
swing_baseline,1623322800000,18634,1623326400000,1623326400000,2021,0.3193985730195579,1875.965,3.747142857142876,1875.965,1872.2178571428572,1890.9535714285714,1872.2178571428572,4.000000000000122,-1.0,STOP
swing_baseline,1623398400000,18653,1623402000000,1623402000000,2021,0.4965648089585303,1893.618,2.699357142857155,1895.028,1890.9186428571427,1904.4154285714285,1890.9186428571427,2.2844031913228084,-1.0,STOP
swing_baseline,1623409200000,18656,1623412800000,1623412800000,2021,0.4750848565574527,1887.208,3.243928571428569,1889.088,1883.9640714285715,1900.1837142857144,1883.9640714285715,2.165470133128949,-1.0,STOP
swing_baseline,1623416400000,18658,1623420000000,1623423600000,2021,0.33013946992678694,1880.943,3.938214285714285,1880.998,1877.0047857142856,1896.6958571428572,1877.0047857142856,3.93113317234581,-1.0,STOP
swing_baseline,1623430800000,18662,1623434400000,1623632400000,2021,0.37309925918116144,1874.865,5.022857142857155,1875.258,1869.8421428571428,1894.9564285714287,1869.8421428571428,3.637176545066014,-1.0,STOP
swing_baseline,1623636000000,18670,1623639600000,1623654000000,2021,0.5935328032616463,1863.108,4.716000000000008,1866.258,1858.3919999999998,1881.972,1858.3919999999998,1.9977116704804878,-1.0,STOP
swing_baseline,1623657600000,18676,1623661200000,1623672000000,2021,0.6306066594574613,1854.816,3.991642857142811,1858.008,1850.8243571428573,1870.7825714285714,1850.8243571428573,1.7782859870141539,-1.0,STOP
swing_baseline,1623765600000,18705,1623769200000,1623772800000,2021,0.5657638244541864,1857.469,4.293071428571417,1859.698,1853.1759285714286,1874.6412857142857,1853.1759285714286,2.291187068087437,-1.0,STOP
swing_baseline,1623841200000,18725,1623844800000,1623866400000,2021,0.49490046910034285,1852.705,3.2071428571428635,1854.848,1849.4978571428571,1865.5335714285713,1849.4978571428571,1.9972497396598266,-1.0,STOP
swing_baseline,1623870000000,18733,1623873600000,1623873600000,2021,0.3270198357591969,1827.068,6.73685714285721,1827.935,1820.3311428571428,1854.0154285714289,1820.3311428571428,3.4298946023635155,-1.0,STOP
swing_baseline,1623916800000,18745,1623920400000,1623927600000,2021,0.5033143295524368,1802.688,9.676428571428604,1804.688,1793.0115714285714,1841.3937142857146,1793.0115714285714,3.143573744417925,-1.0,STOP
swing_baseline,1623931200000,18749,1623934800000,1623942000000,2021,0.7298936101844161,1775.868,7.014285714285718,1785.366,1768.8537142857142,1803.9251428571429,1768.8537142857142,1.123959649092448,-1.0,STOP
swing_baseline,1624017600000,18772,1624021200000,1624024800000,2021,0.5307432988146704,1775.138,5.821357142857161,1777.118,1769.3166428571428,1798.4234285714285,1769.3166428571428,2.730990029207385,-1.0,STOP
swing_baseline,1624035600000,18777,1624039200000,1624042800000,2021,0.5504149952762888,1768.348,6.647285714285691,1772.918,1761.7007142857142,1794.9371428571428,1761.7007142857142,1.9629653213790013,-1.0,STOP
swing_baseline,1624046400000,18780,1624226400000,1624453200000,2021,0.4815926388758666,1760.767,7.351571428571382,1763.938,1753.4154285714287,1790.1732857142856,1790.1732857142856,2.4932390235955277,2.4932390235955277,TARGET
swing_baseline,1624471200000,18847,1624474800000,1624842000000,2021,0.43229686012366003,1777.175,4.95150000000001,1778.708,1772.2235,1796.981,1772.2235,2.8179504973397855,-1.0,STOP
swing_baseline,1624932000000,18923,1624935600000,1624953600000,2021,0.5268050928506712,1773.968,3.0280714285714145,1775.695,1770.9399285714287,1786.0802857142858,1770.9399285714287,2.184044103288335,-1.0,STOP
swing_baseline,1624964400000,18932,1624968000000,1624968000000,2021,0.666021809315322,1764.138,3.661928571428543,1770.408,1760.4760714285715,1778.785714285714,1760.4760714285715,0.8435133444087164,-1.0,STOP
swing_baseline,1625029200000,18949,1625032800000,1625068800000,2021,0.35789448109414235,1756.488,3.44399999999996,1756.668,1753.044,1770.264,1770.264,3.7516556291392846,3.7516556291392846,TARGET
swing_baseline,1625151600000,18982,1625155200000,1625220000000,2021,0.5318444253617624,1768.218,4.646428571428552,1770.878,1763.5715714285716,1786.8037142857142,1786.8037142857142,2.1796852087203784,2.1796852087203784,TARGET
swing_baseline,1625583600000,19047,1625587200000,1625587200000,2021,0.4327190401176142,1795.648,4.938142857142891,1796.505,1790.7098571428571,1815.4005714285715,1790.7098571428571,3.260587684267538,-1.0,STOP
swing_baseline,1625666400000,19069,1625670000000,1625738400000,2021,0.7766502321038233,1796.848,5.0247142857142375,1805.498,1791.8232857142857,1816.946857142857,1816.946857142857,0.8372282523531243,0.8372282523531243,TARGET
swing_baseline,1625756400000,19093,1625760000000,1626202800000,2021,0.44516078030225337,1794.177,6.636500000000036,1796.608,1787.5404999999998,1820.723,1807.288,2.6594982078852736,1.1778329197683965,72H_TIMEOUT
swing_baseline,1626343200000,19203,1626346800000,1626429600000,2021,0.5106988416635327,1823.338,3.2667857142857235,1824.108,1820.0712142857142,1836.405142857143,1820.0712142857142,3.0462709015305465,-1.0,STOP
swing_baseline,1626433200000,19227,1626436800000,1626444000000,2021,0.4109759438488183,1815.348,3.234357142857156,1817.678,1812.1136428571428,1828.2854285714286,1812.1136428571428,1.9063169920796375,-1.0,STOP
swing_baseline,1626447600000,19231,1626451200000,1626674400000,2021,0.4533796470338131,1809.468,4.725071428571433,1812.658,1804.7429285714286,1828.3682857142858,1804.7429285714286,1.9848570990245151,-1.0,STOP
swing_baseline,1626678000000,19246,1626681600000,1626696000000,2021,0.463159898898219,1802.548,3.505071428571455,1805.825,1799.0429285714285,1816.5682857142858,1799.0429285714285,1.5840714488830774,-1.0,STOP
swing_baseline,1626789600000,19276,1626793200000,1626861600000,2021,0.5418015827604943,1806.418,4.99499999999994,1809.448,1801.423,1826.3979999999997,1801.423,2.1121495327102053,-1.0,STOP
swing_baseline,1626865200000,19296,1626868800000,1626868800000,2021,0.30078396034637783,1799.828,3.647642857142858,1800.468,1796.180357142857,1814.4185714285713,1796.180357142857,3.2536691822011545,-1.0,STOP
swing_baseline,1626922800000,19311,1626926400000,1626940800000,2021,0.5116170146957502,1797.218,3.070285714285725,1798.428,1794.1477142857143,1809.499142857143,1794.1477142857143,2.586542954408854,-1.0,STOP
swing_baseline,1627016400000,19336,1627020000000,1627034400000,2021,0.33665547325962003,1802.048,2.302642857142879,1802.258,1799.745357142857,1811.2585714285715,1799.745357142857,3.582113312675751,-1.0,STOP
swing_baseline,1627038000000,19342,1627041600000,1627041600000,2021,0.6658668408989386,1789.407,3.786500000000014,1795.578,1785.6205,1804.5529999999999,1804.5529999999999,0.9013306552849536,0.9013306552849536,TARGET
swing_baseline,1627308000000,19368,1627311600000,1627495200000,2021,0.6549223055314011,1796.598,4.020428571428576,1801.548,1792.5775714285714,1812.6797142857142,1792.5775714285714,1.2409344990683628,-1.0,STOP
swing_baseline,1627621200000,19451,1627624800000,1627646400000,2021,0.6958564457031969,1825.748,2.592928571428599,1828.288,1823.1550714285715,1836.1197142857145,1823.1550714285715,1.5257789343316295,-1.0,STOP
swing_baseline,1627650000000,19459,1627653600000,1627660800000,2021,0.5203539609738933,1821.638,3.1849285714286,1824.438,1818.4530714285713,1834.3777142857143,1818.4530714285713,1.6607907959277965,-1.0,STOP
swing_baseline,1627664400000,19463,1627668000000,1627866000000,2021,0.43051290739508963,1812.338,3.782214285714304,1814.588,1808.5557857142855,1827.4668571428572,1808.5557857142855,2.13501320292237,-1.0,STOP
swing_baseline,1627884000000,19475,1627887600000,1628078400000,2021,0.4523997402880166,1806.955,3.923214285714298,1808.298,1803.0317857142857,1822.6478571428572,1822.6478571428572,2.7248904743174,2.7248904743174,TARGET
swing_baseline,1628085600000,19527,1628089200000,1628168400000,2021,0.5672860439528763,1808.975,4.834428571428605,1811.568,1804.1405714285713,1828.3127142857143,1804.1405714285713,2.2544429912293915,-1.0,STOP
swing_baseline,1628218800000,19562,1628222400000,1628244000000,2021,0.5414661101185387,1799.208,3.186571428571434,1800.897,1796.0214285714287,1811.9542857142858,1796.0214285714287,2.2678953382754927,-1.0,STOP
swing_baseline,1628247600000,19569,1628251200000,1628251200000,2021,0.5956393037940714,1794.575,2.3372142857143183,1799.538,1792.2377857142858,1803.9238571428573,1792.2377857142858,0.6007847127775351,-1.0,STOP
swing_baseline,1628254800000,19571,1628258400000,1628467200000,2021,0.3017660409887945,1763.058,4.997571428571454,1763.517,1758.0604285714285,1783.0482857142858,1718.975,3.579406220546569,-8.163001361398901,STOP_GAP
swing_baseline,1628517600000,19593,1628521200000,1628600400000,2021,0.4621589079214203,1729.449,7.951214285714302,1729.608,1721.4977857142858,1761.2538571428572,1721.4977857142858,3.901975463040508,-1.0,STOP
swing_baseline,1628604000000,19616,1628607600000,1628676000000,2021,0.7077153546730938,1717.598,4.862142857142836,1726.328,1712.7358571428572,1737.0465714285713,1737.0465714285713,0.7885858426611954,0.7885858426611954,TARGET
swing_baseline,1628769600000,19659,1628773200000,1628834400000,2021,0.7717873987973051,1743.848,3.4050000000000376,1749.258,1740.443,1757.468,1757.468,0.931366988088484,0.931366988088484,TARGET
swing_baseline,1629090000000,19698,1629093600000,1629118800000,2021,0.5921903833798414,1772.808,2.966785714285737,1774.328,1769.8412142857142,1784.6751428571429,1784.6751428571429,2.3061370691713337,2.3061370691713337,TARGET
swing_baseline,1629208800000,19730,1629212400000,1629342000000,2021,0.5532220583152007,1780.898,4.168428571428568,1783.258,1776.7295714285713,1797.5717142857143,1776.7295714285713,2.192520624083602,-1.0,STOP
swing_baseline,1629399600000,19781,1629403200000,1629720000000,2021,0.5951772491622435,1776.288,5.112857142857105,1780.918,1771.1751428571429,1796.7394285714283,1796.7394285714283,1.6239002932551392,1.6239002932551392,TARGET
swing_baseline,1629777600000,19835,1629781200000,1629849600000,2021,0.5657057767249589,1800.648,2.767000000000004,1801.848,1797.8809999999999,1811.716,1797.8809999999999,2.4875220569699255,-1.0,STOP
swing_baseline,1629856800000,19855,1629860400000,1629896400000,2021,0.4782664049841913,1793.438,3.7787857142857,1795.788,1789.6592142857144,1808.5531428571428,1789.6592142857144,2.0828176170996495,-1.0,STOP
swing_baseline,1629900000000,19867,1629903600000,1630040400000,2021,0.4356989206278889,1782.448,4.56092857142856,1784.348,1777.8870714285715,1800.6917142857144,1800.6917142857144,2.5296231191890466,2.5296231191890466,TARGET
swing_baseline,1630062000000,19909,1630065600000,1630069200000,2021,0.6618374545816279,1792.378,2.962214285714286,1796.555,1789.4157857142857,1804.2268571428572,1789.4157857142857,1.0746080501055333,-1.0,STOP
swing_baseline,1630303200000,19927,1630306800000,1630335600000,2021,0.5395279104618695,1812.648,3.291785714285733,1814.268,1809.3562142857143,1825.8151428571427,1809.3562142857143,2.3509052570347735,-1.0,STOP
swing_baseline,1630346400000,19939,1630350000000,1630389600000,2021,0.6571407741475896,1807.618,2.7830714285714424,1810.828,1804.8349285714285,1818.7502857142856,1818.7502857142856,1.3219074407351032,1.3219074407351032,TARGET
swing_baseline,1630411200000,19956,1630414800000,1630414800000,2021,0.35079250611611995,1808.878,2.890071428571462,1809.495,1805.9879285714285,1820.4382857142857,1805.9879285714285,3.120348683272621,-1.0,STOP
swing_baseline,1630483200000,19975,1630486800000,1630497600000,2021,0.5133811491709063,1809.198,2.5839999999999628,1810.725,1806.614,1819.5339999999999,1819.5339999999999,2.1427876429093247,2.1427876429093247,TARGET
swing_baseline,1630508400000,19982,1630512000000,1630670400000,2021,0.6686149077306524,1808.575,4.094571428571369,1815.354,1804.4804285714288,1824.9532857142856,1824.9532857142856,0.8828089075740628,0.8828089075740628,TARGET
swing_baseline,1630915200000,20043,1630918800000,1630933200000,2021,0.4598774459067676,1823.787,2.1114999999999946,1824.757,1821.6755,1832.233,1821.6755,2.426091189355792,-1.0,STOP
swing_baseline,1630936800000,20049,1630940400000,1630990800000,2021,0.4586637354621904,1821.335,2.131714285714273,1821.705,1819.2032857142858,1829.8618571428572,1819.2032857142858,3.260507080859098,-1.0,STOP
swing_baseline,1630994400000,20060,1630998000000,1631001600000,2021,0.6080927737768222,1815.518,2.406714285714283,1818.627,1813.1112857142857,1825.144857142857,1813.1112857142857,1.1816886816886858,-1.0,STOP
swing_baseline,1631005200000,20063,1631008800000,1631023200000,2021,0.28745091001713713,1810.0,2.868142857142857,1810.328,1807.1318571428571,1821.4725714285714,1807.1318571428571,3.4868815089617304,-1.0,STOP
swing_baseline,1631026800000,20069,1631030400000,1631106000000,2021,0.5534393662168194,1792.298,4.865428571428587,1797.198,1787.4325714285715,1811.7597142857144,1787.4325714285715,1.4911495362649494,-1.0,STOP
swing_baseline,1631160000000,20104,1631163600000,1631185200000,2021,0.6153538075110891,1786.858,2.984642857142863,1788.004,1783.873357142857,1798.7965714285715,1798.7965714285715,2.6128067232703422,2.6128067232703422,TARGET
swing_baseline,1631196000000,20114,1631199600000,1631250000000,2021,0.6825055464337988,1783.717,4.12864285714282,1788.988,1779.5883571428574,1800.2315714285714,1800.2315714285714,1.1961700672518132,1.1961700672518132,TARGET
swing_baseline,1631275200000,20135,1631278800000,1631296800000,2021,0.3998661644727309,1792.518,4.195785714285681,1793.404,1788.3222142857144,1809.3011428571428,1788.3222142857144,3.1282591889803117,-1.0,STOP
swing_baseline,1631300400000,20142,1631304000000,1631617200000,2021,0.32513840665312804,1787.094,4.419857142857105,1787.744,1782.674142857143,1804.7734285714284,1782.674142857143,3.3589562963172424,-1.0,STOP
swing_baseline,1631685600000,20198,1631689200000,1631707200000,2021,0.45122277745132533,1799.564,2.272785714285728,1800.348,1797.2912142857144,1808.655142857143,1797.2912142857144,2.717607197102659,-1.0,STOP
swing_baseline,1631710800000,20205,1631714400000,1631728800000,2021,0.5446903499603087,1794.378,3.354142857142847,1796.778,1791.0238571428572,1807.7945714285713,1791.0238571428572,1.9145460413614916,-1.0,STOP
swing_baseline,1631764800000,20219,1631768400000,1631768400000,2021,0.4854410700090846,1789.558,2.7067142857143187,1790.934,1786.8512857142857,1800.3848571428573,1786.8512857142857,2.314846565660168,-1.0,STOP
swing_baseline,1631772000000,20221,1631775600000,1631782800000,2021,0.48589529951308535,1783.952,2.659714285714309,1785.664,1781.2922857142858,1794.5908571428572,1781.2922857142858,2.041958041958083,-1.0,STOP
swing_baseline,1631786400000,20225,1631790000000,1631790000000,2021,0.570006267086112,1775.328,3.3362142857143096,1779.467,1771.9917857142857,1788.6728571428573,1771.9917857142857,1.231517491137368,-1.0,STOP
swing_baseline,1631793600000,20227,1631797200000,1631797200000,2021,0.3985094637513627,1760.358,4.583071428571445,1762.577,1755.7749285714285,1778.6902857142857,1755.7749285714285,2.3688792279662456,-1.0,STOP
swing_baseline,1631880000000,20250,1631883600000,1631883600000,2021,0.4060109630880779,1752.658,3.8157142857142903,1752.978,1748.8422857142857,1767.9208571428571,1748.8422857142857,3.6131260794472415,-1.0,STOP
swing_baseline,1631887200000,20252,1631890800000,1632103200000,2021,0.5105136634694768,1747.258,4.755285714285719,1751.374,1742.5027142857143,1766.279142857143,1742.5027142857143,1.6801558801268999,-1.0,STOP
swing_baseline,1632204000000,20290,1632207600000,1632225600000,2021,0.4134622541019891,1760.294,2.553285714285721,1760.564,1757.7407142857144,1770.507142857143,1770.507142857143,3.5218337296969384,3.5218337296969384,TARGET
swing_baseline,1632308400000,20318,1632312000000,1632333600000,2021,0.4610416450221282,1772.007,2.8437142857142783,1772.457,1769.1632857142858,1783.3818571428571,1769.1632857142858,3.3168806384455185,-1.0,STOP
swing_baseline,1632337200000,20326,1632340800000,1632402000000,2021,0.47409510546346084,1764.498,5.343642857142852,1768.414,1759.1543571428572,1785.8725714285715,1759.1543571428572,1.8854476028850444,-1.0,STOP
swing_baseline,1632405600000,20344,1632409200000,1632427200000,2021,0.4524988321935305,1748.738,5.503285714285718,1752.007,1743.2347142857143,1770.751142857143,1743.2347142857143,2.1367455948929903,-1.0,STOP
swing_baseline,1632484800000,20365,1632488400000,1632488400000,2021,0.40881177715937456,1744.608,3.5846428571428697,1745.218,1741.023357142857,1758.9465714285714,1741.023357142857,3.272882077479648,-1.0,STOP
swing_baseline,1632736800000,20386,1632740400000,1632808800000,2021,0.5820674870785923,1744.764,3.919928571428549,1748.588,1740.8440714285714,1760.4437142857141,1740.8440714285714,1.5309689618595053,-1.0,STOP
swing_baseline,1632812400000,20406,1632816000000,1632823200000,2021,0.6927632625816456,1735.698,3.312285714285719,1743.704,1732.3857142857144,1748.947142857143,1732.3857142857144,0.4632453173120864,-1.0,STOP
swing_baseline,1632826800000,20410,1632830400000,1632924000000,2021,0.4423799393553438,1731.698,4.624142857142845,1734.338,1727.0738571428572,1750.1945714285714,1727.0738571428572,2.182855120061373,-1.0,STOP
swing_baseline,1632931200000,20438,1632934800000,1633010400000,2021,0.30920947381240443,1724.343,4.84857142857142,1724.558,1719.4944285714287,1743.7372857142857,1743.7372857142857,3.787699252362892,3.787699252362892,TARGET
swing_baseline,1633089600000,20480,1633093200000,1633356000000,2021,0.8106469092794694,1749.655,4.190571428571453,1756.488,1745.4644285714285,1766.4172857142858,1766.4172857142858,0.9007321972396668,0.9007321972396668,TARGET
swing_baseline,1633406400000,20518,1633410000000,1633438800000,2021,0.47608453571264914,1757.558,4.484785714285733,1759.008,1753.0732142857144,1775.497142857143,1753.0732142857144,2.778388917640577,-1.0,STOP
swing_baseline,1633442400000,20528,1633446000000,1633590000000,2021,0.5751138210315329,1748.488,4.271642857142881,1752.508,1744.216357142857,1765.5745714285715,1765.5745714285715,1.575872436101741,1.575872436101741,TARGET
swing_baseline,1633608000000,20572,1633611600000,1633694400000,2021,0.42553097647065724,1753.975,3.815571428571389,1754.978,1750.1594285714284,1769.2372857142855,1769.2372857142855,2.9592351022826273,2.9592351022826273,TARGET
swing_baseline,1633903200000,20604,1633906800000,1634122800000,2021,0.5461266514333298,1750.995,5.768571428571444,1754.955,1745.2264285714284,1774.0692857142856,1774.0692857142856,1.9647577092510768,1.9647577092510768,TARGET
swing_baseline,1634126400000,20664,1634130000000,1634130000000,2021,0.6494372222737381,1758.121,3.968714285714295,1761.538,1754.1522857142859,1773.9958571428572,1773.9958571428572,1.6867504835590328,1.6867504835590328,TARGET
swing_baseline,1634270400000,20701,1634274000000,1634277600000,2021,0.41582092104009094,1793.678,2.5430714285714333,1794.108,1791.1349285714286,1803.8502857142857,1791.1349285714286,3.2768421305529873,-1.0,STOP
swing_baseline,1634281200000,20704,1634284800000,1634288400000,2021,0.42790895674915935,1785.374,2.514571428571425,1786.638,1782.8594285714287,1795.4322857142856,1782.8594285714287,2.3274102079396224,-1.0,STOP
swing_baseline,1634295600000,20708,1634299200000,1634299200000,2021,0.3040123481794623,1777.508,3.170999999999968,1778.275,1774.337,1790.192,1774.337,3.0261554088368734,-1.0,STOP
swing_baseline,1634536800000,20726,1634540400000,1634605200000,2021,0.6151051991228642,1761.808,2.7787857142857155,1764.488,1759.0292142857143,1772.923142857143,1772.923142857143,1.5452416157439297,1.5452416157439297,TARGET
swing_baseline,1634652000000,20756,1634655600000,1634781600000,2021,0.5431005890333563,1770.174,4.594571428571418,1773.012,1765.5794285714285,1788.5522857142857,1788.5522857142857,2.090835703851774,2.090835703851774,TARGET
swing_baseline,1634799600000,20795,1634803200000,1634814000000,2021,0.5342442062445262,1780.738,3.224428571428543,1782.598,1777.5135714285716,1793.6357142857141,1777.5135714285716,2.1708858981203787,-1.0,STOP
swing_baseline,1634817600000,20800,1634821200000,1634882400000,2021,0.5958380505223367,1776.374,4.154071428571407,1782.658,1772.2199285714287,1792.9902857142856,1792.9902857142856,0.989865396590797,0.989865396590797,TARGET
swing_baseline,1634914800000,20826,1634918400000,1635166800000,2021,0.611199454952455,1782.788,6.342428571428578,1785.738,1776.4455714285714,1808.1577142857143,1808.1577142857143,2.4126862115085697,2.4126862115085697,TARGET
swing_baseline,1635220800000,20860,1635224400000,1635249600000,2021,0.5853203882148729,1801.724,2.8918571428571664,1803.398,1798.8321428571428,1813.2914285714287,1798.8321428571428,2.16682832201752,-1.0,STOP
swing_baseline,1635253200000,20869,1635256800000,1635256800000,2021,0.4082713532574797,1788.558,4.106571428571475,1789.848,1784.4514285714286,1804.984285714286,1784.4514285714286,2.8047966963151914,-1.0,STOP
swing_baseline,1635310800000,20884,1635314400000,1635339600000,2021,0.39776989588303086,1785.388,2.6582857142856904,1785.888,1782.7297142857142,1796.0211428571426,1796.0211428571426,3.2084313370724873,3.2084313370724873,TARGET
swing_baseline,1635429600000,20916,1635433200000,1635508800000,2021,0.6595371457308642,1792.198,5.494000000000028,1798.642,1786.7040000000002,1814.1740000000002,1786.7040000000002,1.3010554531747627,-1.0,STOP
swing_baseline,1635512400000,20938,1635516000000,1635775200000,2021,0.3676668437041216,1771.918,5.400642857142851,1773.944,1766.517357142857,1793.5205714285712,1793.5205714285712,2.635992036394005,2.635992036394005,TARGET
swing_baseline,1635850800000,20982,1635854400000,1635897600000,2021,0.5766204213784478,1788.138,2.722857142857135,1789.968,1785.4151428571429,1799.0294285714285,1785.4151428571429,1.9902729839974416,-1.0,STOP
swing_baseline,1635904800000,20996,1635908400000,1635940800000,2021,0.33247099548741194,1780.068,3.2355714285713963,1780.618,1776.8324285714286,1793.0102857142856,1776.8324285714286,3.2735574927356708,-1.0,STOP
swing_baseline,1635944400000,21007,1635948000000,1635948000000,2021,0.38541774374330245,1765.544,4.46300000000003,1766.808,1761.0810000000001,1783.3960000000002,1761.0810000000001,2.896455386764553,-1.0,STOP
swing_baseline,1636113600000,21052,1636117200000,1636117200000,2021,0.7682996957122087,1784.894,3.720214285714292,1790.884,1781.1737857142857,1799.7748571428572,1799.7748571428572,0.9156190462179002,0.9156190462179002,TARGET
swing_baseline,1636358400000,21070,1636362000000,1636419600000,2021,0.4710647997166011,1812.313,3.628571428571393,1813.188,1808.6844285714287,1826.8272857142856,1826.8272857142856,3.028548770816801,3.028548770816801,TARGET
swing_baseline,1636441200000,21092,1636444800000,1636466400000,2021,0.48601865634082925,1819.043,2.7665714285714427,1819.978,1816.2764285714284,1830.1092857142858,1830.1092857142858,2.7370228860327557,2.7370228860327557,TARGET
swing_baseline,1636524000000,21114,1636527600000,1636549200000,2021,0.584045785577285,1824.003,3.0087857142857337,1826.258,1820.9942142857142,1836.038142857143,1836.038142857143,1.8580055093427694,1.8580055093427694,TARGET
swing_baseline,1636682400000,21156,1636686000000,1636707600000,2021,0.4757842095571111,1855.538,3.775571428571425,1856.774,1851.7624285714287,1870.6402857142857,1851.7624285714287,2.766853852512911,-1.0,STOP
swing_baseline,1636711200000,21164,1636714800000,1636729200000,2021,0.3385887480474655,1845.638,3.490571428571424,1846.218,1842.1474285714285,1859.6002857142855,1859.6002857142855,3.2875693128375767,3.2875693128375767,TARGET
swing_baseline,1636959600000,21184,1636963200000,1637049600000,2021,0.5141734536074228,1856.318,3.961857142857168,1860.878,1852.356142857143,1872.1654285714287,1872.1654285714287,1.3245268469314655,1.3245268469314655,TARGET
swing_baseline,1637071200000,21214,1637074800000,1637078400000,2021,0.3329035344257643,1858.978,4.785142857142871,1859.428,1854.1928571428573,1878.1185714285716,1854.1928571428573,3.5702123014790557,-1.0,STOP
swing_baseline,1637082000000,21217,1637085600000,1637341200000,2021,0.2629531036052312,1851.608,5.581000000000017,1852.018,1846.027,1873.932,1846.027,3.657820063428483,-1.0,STOP
swing_baseline,1637535600000,21291,1637539200000,1637589600000,2021,0.5964490097236612,1838.648,6.836928571428579,1844.888,1831.8110714285713,1865.9957142857143,1831.8110714285713,1.614118649529973,-1.0,STOP
swing_baseline,1637600400000,21309,1637604000000,1637654400000,2021,0.39586811762190466,1806.738,6.978142857142838,1808.298,1799.7598571428573,1834.6505714285713,1799.7598571428573,3.0864523901149883,-1.0,STOP
swing_baseline,1637658000000,21324,1637661600000,1637672400000,2021,0.6673345163240847,1792.598,4.666642857142831,1797.638,1787.9313571428572,1811.2645714285713,1787.9313571428572,1.4038397857137828,-1.0,STOP
swing_baseline,1637683200000,21331,1637686800000,1637910000000,2021,0.34930423129623195,1781.859,5.600428571428568,1782.678,1776.2585714285713,1804.2607142857141,1804.2607142857141,3.3620927541390313,3.3620927541390313,TARGET
swing_baseline,1637942400000,21394,1637946000000,1638288000000,2021,0.49627673496150654,1780.358,7.721785714285732,1785.165,1772.6362142857142,1811.2451428571428,1772.6362142857142,2.0816177602435495,-1.0,STOP
swing_baseline,1638291600000,21437,1638295200000,1638468000000,2021,0.5344714553362244,1769.758,7.459642857142837,1774.175,1762.2983571428572,1799.5965714285715,1762.2983571428572,2.1404677849079743,-1.0,STOP
swing_baseline,1638522000000,21498,1638525600000,1638547200000,2021,0.6756973496209856,1766.02,3.2115714285714114,1768.868,1762.8084285714285,1778.8662857142856,1778.8662857142856,1.649998821227332,1.649998821227332,TARGET
swing_baseline,1638777600000,21520,1638781200000,1638799200000,2021,0.5793275955318479,1779.188,3.47199999999998,1781.488,1775.7160000000001,1793.076,1775.7160000000001,2.0076230076230246,-1.0,STOP
swing_baseline,1638849600000,21539,1638853200000,1638882000000,2021,0.48931638647902576,1776.725,3.226357142857166,1777.685,1773.4986428571428,1789.6304285714286,1773.4986428571428,2.8534184169667323,-1.0,STOP
swing_baseline,1638961200000,21569,1638964800000,1639051200000,2021,0.6569024829608102,1782.695,3.51257142857144,1786.498,1779.1824285714285,1796.7452857142857,1779.1824285714285,1.4007498681872141,-1.0,STOP
swing_baseline,1639054800000,21594,1639058400000,1639123200000,2021,0.5397081413346324,1773.678,3.284285714285732,1777.517,1770.3937142857144,1786.815142857143,1770.3937142857144,1.3053165673946807,-1.0,STOP
swing_baseline,1639126800000,21613,1639130400000,1639141200000,2021,0.41206489100175314,1769.968,2.454642857142858,1770.708,1767.5133571428573,1779.7865714285715,1779.7865714285715,2.841811067635641,2.841811067635641,TARGET
swing_baseline,1639400400000,21640,1639404000000,1639486800000,2021,0.545638671186132,1781.948,2.9671428571428544,1783.028,1778.9808571428573,1793.8165714285715,1778.9808571428573,2.6657253794565063,-1.0,STOP
swing_baseline,1639490400000,21664,1639494000000,1639591200000,2021,0.6854894348020568,1766.358,3.869428571428541,1775.728,1762.4885714285715,1781.8357142857142,1762.4885714285715,0.4613276360654193,-1.0,STOP
swing_baseline,1639594800000,21690,1639598400000,1639598400000,2021,0.8514613702531851,1752.928,4.626642857142818,1769.458,1748.3013571428573,1771.4345714285714,1771.4345714285714,0.09342557048950789,0.09342557048950789,TARGET
swing_baseline,1639764000000,21735,1639767600000,1639998000000,2021,0.5442336022138656,1799.778,4.125214285714264,1801.978,1795.6527857142858,1816.278857142857,1795.6527857142858,2.260928483507023,-1.0,STOP
swing_baseline,1640001600000,21752,1640005200000,1640008800000,2021,0.48501013973529084,1794.798,3.0589285714285745,1797.468,1791.7390714285714,1807.0337142857143,1791.7390714285714,1.669721339068584,-1.0,STOP
swing_baseline,1640026800000,21759,1640030400000,1640098800000,2021,0.28235747328576405,1790.288,3.951642857142832,1790.355,1786.3363571428572,1806.0945714285713,1786.3363571428572,3.9166385240219594,-1.0,STOP
swing_baseline,1640156400000,21793,1640160000000,1640178000000,2021,0.520192705737995,1786.025,1.892571428571419,1786.739,1784.1324285714286,1793.5952857142859,1793.5952857142859,2.6303847418612616,2.6303847418612616,TARGET
swing_baseline,1640268000000,21823,1640271600000,1640566800000,2021,0.70188872579873,1798.778,3.071428571428572,1802.788,1795.7065714285714,1811.0637142857142,1811.0637142857142,1.168650393383072,1.168650393383072,TARGET
swing_baseline,1640595600000,21840,1640599200000,1640671200000,2021,0.5767141767598497,1804.948,2.19021428571427,1806.344,1802.7577857142858,1813.7088571428571,1813.7088571428571,2.053657856474187,2.053657856474187,TARGET
swing_baseline,1640707200000,21869,1640710800000,1640714400000,2021,0.4312136675218509,1809.199,3.0515714285714277,1810.578,1806.1474285714287,1821.4052857142858,1806.1474285714287,2.443767330882934,-1.0,STOP
swing_baseline,1640736000000,21876,1640739600000,1640772000000,2021,0.40819912103923855,1804.298,3.231999999999971,1805.548,1801.066,1817.2259999999999,1801.066,2.605533244087452,-1.0,STOP
swing_baseline,1640779200000,21888,1640782800000,1640782800000,2021,0.3397108221019636,1793.238,2.672785714285705,1793.505,1790.5652142857143,1803.9291428571428,1790.5652142857143,3.5458852686054283,-1.0,STOP
swing_baseline,1640840400000,21904,1640844000000,1640880000000,2021,0.3920589951969458,1798.158,2.733285714285736,1798.398,1795.4247142857141,1809.0911428571428,1809.0911428571428,3.596406092346049,3.596406092346049,TARGET
swing_baseline,1641189600000,21951,1641193200000,1641214800000,2022,0.609043193649413,1823.578,2.8926428571428784,1825.248,1820.6853571428571,1835.1485714285716,1820.6853571428571,2.169920315606551,-1.0,STOP
swing_baseline,1641218400000,21959,1641222000000,1641225600000,2022,0.25717268594076415,1802.698,4.302285714285712,1802.788,1798.3957142857143,1819.9071428571428,1798.3957142857143,3.8975476484746387,-1.0,STOP
swing_baseline,1641297600000,21980,1641301200000,1641308400000,2022,0.5074886268174463,1798.388,3.276214285714267,1801.088,1795.1117857142856,1811.492857142857,1811.492857142857,1.741044856394953,1.741044856394953,TARGET
swing_baseline,1641366000000,21998,1641369600000,1641387600000,2022,0.49022913631542775,1812.368,2.2117142857142817,1813.348,1810.1562857142856,1821.214857142857,1821.214857142857,2.4647748634856943,2.4647748634856943,TARGET
swing_baseline,1641412800000,22011,1641416400000,1641445200000,2022,0.3567960223979767,1808.168,4.938928571428603,1809.808,1803.2290714285714,1827.9237142857144,1803.2290714285714,2.7535964388469676,-1.0,STOP
swing_baseline,1641448800000,22020,1641452400000,1641456000000,2022,0.49893043231713335,1799.428,3.774714285714286,1801.908,1795.6532857142859,1814.5268571428574,1795.6532857142859,2.0174953749173326,-1.0,STOP
swing_baseline,1641459600000,22023,1641463200000,1641474000000,2022,0.40154520435932894,1793.638,4.194857142857164,1794.824,1789.4431428571427,1810.4174285714287,1789.4431428571427,2.897945096373258,-1.0,STOP
swing_baseline,1641495600000,22033,1641499200000,1641888000000,2022,0.47690276816262844,1786.288,5.936999999999979,1787.848,1780.351,1810.0359999999998,1810.0359999999998,2.9595838335334586,2.9595838335334586,TARGET
swing_baseline,1641909600000,22097,1641913200000,1641916800000,2022,0.7093163612318325,1801.638,3.075714285714233,1805.795,1798.5622857142857,1813.9408571428569,1813.9408571428569,1.1262517529478615,1.1262517529478615,TARGET
swing_baseline,1641970800000,22113,1641974400000,1642006800000,2022,0.5597040861567409,1815.738,2.573571428571426,1817.168,1813.1644285714287,1826.0322857142858,1826.0322857142858,2.214094558430167,2.214094558430167,TARGET
swing_baseline,1642057200000,22136,1642060800000,1642060800000,2022,0.7525460435407401,1823.358,2.1726428571428023,1826.554,1821.1853571428571,1832.0485714285712,1821.1853571428571,1.0234563137796786,-1.0,STOP
swing_baseline,1642064400000,22138,1642068000000,1642086000000,2022,0.6650061287236121,1818.918,2.5404285714285573,1822.668,1816.3775714285714,1829.079714285714,1816.3775714285714,1.0192809938001033,-1.0,STOP
swing_baseline,1642089600000,22145,1642093200000,1642136400000,2022,0.6614405330633488,1812.228,3.9027857142857063,1818.988,1808.3252142857143,1827.8391428571429,1827.8391428571429,0.8300966646346699,0.8300966646346699,TARGET
swing_baseline,1642161600000,22164,1642165200000,1642179600000,2022,0.4341378302251286,1819.408,2.8428571428571723,1820.748,1816.5651428571427,1830.7794285714285,1816.5651428571427,2.3982240437157336,-1.0,STOP
swing_baseline,1642183200000,22170,1642186800000,1642496400000,2022,0.4893647630719048,1814.578,3.9817857142857713,1817.048,1810.5962142857143,1830.505142857143,1810.5962142857143,2.0858012731802025,-1.0,STOP
swing_baseline,1642510800000,22206,1642514400000,1642597200000,2022,0.9019120248754423,1805.658,4.264785714285722,1819.668,1801.3932142857143,1822.7171428571428,1822.7171428571428,0.1668497187772412,0.1668497187772412,TARGET
swing_baseline,1642669200000,22248,1642672800000,1642690800000,2022,0.5298142882308459,1836.918,2.7095714285714427,1838.428,1834.2084285714284,1847.7562857142857,1847.7562857142857,2.210718759521769,2.210718759521769,TARGET
swing_baseline,1642752000000,22270,1642755600000,1642770000000,2022,0.5178242735327897,1828.384,3.042428571428608,1831.548,1825.3415714285713,1840.5537142857145,1840.5537142857145,1.451030037979064,1.451030037979064,TARGET
swing_baseline,1643032800000,22299,1643036400000,1643119200000,2022,0.4125725163248401,1832.568,3.94600000000001,1834.048,1828.622,1848.352,1848.352,2.6361960928861534,2.6361960928861534,TARGET
swing_baseline,1643176800000,22337,1643180400000,1643180400000,2022,0.3638001808293881,1846.118,2.4019285714286007,1846.418,1843.7160714285712,1855.7257142857143,1843.7160714285712,3.444840986596808,-1.0,STOP
swing_baseline,1643194800000,22342,1643198400000,1643205600000,2022,0.4285816385391834,1842.738,2.293500000000011,1843.068,1840.4445,1851.912,1840.4445,3.371069182390057,-1.0,STOP
swing_baseline,1643216400000,22348,1643220000000,1643223600000,2022,0.3477511486475138,1828.818,4.083214285714283,1830.138,1824.7347857142856,1845.1508571428571,1824.7347857142856,2.7785048582193306,-1.0,STOP
swing_baseline,1643227200000,22351,1643230800000,1643281200000,2022,0.46129648306988297,1814.838,5.600857142857145,1817.608,1809.2371428571428,1837.2414285714285,1809.2371428571428,2.345450201378924,-1.0,STOP
swing_baseline,1643284800000,22366,1643288400000,1643288400000,2022,0.3909336042673545,1806.388,4.319785714285672,1806.998,1802.0682142857142,1823.6671428571426,1802.0682142857142,3.3813118507033315,-1.0,STOP
swing_baseline,1643292000000,22368,1643295600000,1643302800000,2022,0.5791769288706978,1797.364,5.594999999999962,1805.488,1791.769,1819.744,1791.769,1.03914279466432,-1.0,STOP
swing_baseline,1643306400000,22372,1643310000000,1643367600000,2022,0.47372631383928837,1791.678,6.384714285714251,1794.228,1785.293285714286,1817.2168571428572,1785.293285714286,2.57298178852954,-1.0,STOP
swing_baseline,1643770800000,22449,1643774400000,1643814000000,2022,0.3694697567354452,1797.208,3.323357142857162,1797.505,1793.8846428571428,1810.5014285714287,1810.5014285714287,3.589819473216785,3.589819473216785,TARGET
swing_baseline,1643868000000,22475,1643871600000,1643875200000,2022,0.4478166040605695,1804.858,1.9893571428571508,1805.308,1802.8686428571427,1812.8154285714286,1802.8686428571427,3.0776258381890766,-1.0,STOP
swing_baseline,1643882400000,22479,1643886000000,1643893200000,2022,0.44890465696433185,1802.208,2.039785714285716,1803.068,1800.1682142857144,1810.3671428571429,1800.1682142857144,2.5171318077691605,-1.0,STOP
swing_baseline,1643896800000,22483,1643900400000,1643900400000,2022,0.56594294448256,1788.538,3.560214285714307,1791.308,1784.9777857142858,1802.7788571428573,1802.7788571428573,1.8120803854530398,1.8120803854530398,TARGET
swing_baseline,1643979600000,22505,1643983200000,1643986800000,2022,0.5397409037637866,1795.0,3.5539285714285307,1795.258,1791.4460714285715,1809.215714285714,1809.215714285714,3.6615886221821956,3.6615886221821956,TARGET
swing_baseline,1644303600000,22545,1644307200000,1644325200000,2022,0.6016248950806673,1815.314,2.2197857142857305,1817.218,1813.0942142857143,1824.193142857143,1824.193142857143,1.6914416364990303,1.6914416364990303,TARGET
swing_baseline,1644415200000,22575,1644418800000,1644426000000,2022,0.6828165171269401,1824.538,2.4515000000000264,1828.458,1822.0865,1834.344,1834.344,0.9238013026759454,0.9238013026759454,TARGET
swing_baseline,1644480000000,22592,1644483600000,1644498000000,2022,0.6459315123471616,1830.278,1.6762142857142603,1831.888,1828.6017857142858,1836.982857142857,1828.6017857142858,1.5503727693612637,-1.0,STOP
swing_baseline,1644552000000,22611,1644555600000,1644602400000,2022,0.4437595642153384,1822.988,4.652499999999999,1824.088,1818.3355000000001,1841.598,1841.598,3.0438939591482863,3.0438939591482863,TARGET
swing_baseline,1644912000000,22661,1644915600000,1644915600000,2022,0.6257407854858622,1857.368,4.921857142857156,1861.478,1852.4461428571428,1877.0554285714286,1852.4461428571428,1.7247204340192428,-1.0,STOP
swing_baseline,1644922800000,22664,1644926400000,1644926400000,2022,0.40173757483584127,1849.85,4.791000000000038,1852.368,1845.059,1869.0140000000001,1845.059,2.2774661376385628,-1.0,STOP
swing_baseline,1645178400000,22731,1645182000000,1645398000000,2022,0.6213084213478142,1886.478,3.6624999999999415,1889.368,1882.8155000000002,1901.128,1901.128,1.7947348340328704,1.7947348340328704,TARGET
swing_baseline,1645416000000,22748,1645419600000,1645484400000,2022,0.4541860246427438,1889.198,5.493357142857121,1891.748,1883.704642857143,1911.1714285714286,1911.1714285714286,2.4148409956752395,2.4148409956752395,TARGET
swing_baseline,1645524000000,22774,1645527600000,1645668000000,2022,0.430204479325804,1893.858,5.717142857142854,1896.418,1888.1408571428572,1916.7265714285713,1916.7265714285713,2.4535726613738724,2.4535726613738724,TARGET
swing_baseline,1645714800000,22825,1645718400000,1645729200000,2022,0.6838294815500856,1913.318,14.71478571428572,1928.708,1898.6032142857143,1972.1771428571428,1898.6032142857143,1.4439279943625423,-1.0,STOP
swing_baseline,1645786800000,22844,1645790400000,1645801200000,2022,0.5901512531802781,1892.698,8.525071428571453,1898.768,1884.1729285714287,1926.7982857142858,1884.1729285714287,1.9205309032892848,-1.0,STOP
swing_baseline,1646064000000,22872,1646067600000,1646132400000,2022,0.4578332624491806,1890.918,8.592571428571416,1892.758,1882.3254285714286,1925.2882857142856,1925.2882857142856,3.118146464369808,3.118146464369808,TARGET
swing_baseline,1646215200000,22912,1646218800000,1646352000000,2022,0.6678622520539331,1913.738,8.264214285714306,1926.468,1905.4737857142857,1946.7948571428574,1946.7948571428574,0.968212330608095,0.968212330608095,TARGET
swing_baseline,1646658000000,22984,1646661600000,1646719200000,2022,0.7761024543090332,1960.878,10.270500000000018,1979.008,1950.6074999999998,2001.96,2001.96,0.8081547860072831,0.8081547860072831,TARGET
swing_baseline,1646816400000,23026,1646820000000,1646830800000,2022,0.44380754806987177,2014.66,12.05357142857146,2017.708,2002.6064285714285,2062.874285714286,2002.6064285714285,2.990833498879012,-1.0,STOP
swing_baseline,1646834400000,23031,1646838000000,1647000000000,2022,0.5180391991373998,1976.008,13.227571428571473,1986.55,1962.7804285714285,2028.918285714286,1962.7804285714285,1.782458966145202,-1.0,STOP
swing_baseline,1647003600000,23076,1647007200000,1647302400000,2022,0.4241690576739124,1958.438,9.235714285714298,1961.928,1949.2022857142858,1995.3808571428574,1949.2022857142858,2.628760664571185,-1.0,STOP
swing_baseline,1647306000000,23111,1647309600000,1647320400000,2022,0.375781431351952,1939.465,7.410642857142859,1940.978,1932.054357142857,1969.1075714285714,1932.054357142857,3.15225204312774,-1.0,STOP
swing_baseline,1647324000000,23116,1647327600000,1647349200000,2022,0.3821819600547513,1924.828,6.117285714285702,1928.103,1918.7107142857142,1949.2971428571427,1918.7107142857142,2.2565479268700117,-1.0,STOP
swing_baseline,1647352800000,23124,1647356400000,1647453600000,2022,0.5845351911602752,1906.948,8.845714285714328,1916.118,1898.1022857142857,1942.3308571428574,1898.1022857142857,1.4549996035207595,-1.0,STOP
swing_baseline,1647568800000,23181,1647572400000,1647572400000,2022,0.35741443264241557,1932.708,5.943642857142858,1933.648,1926.7643571428573,1956.4825714285714,1926.7643571428573,3.3172219858672514,-1.0,STOP
swing_baseline,1647608400000,23192,1647612000000,1647957600000,2022,0.7637762422560588,1921.628,6.026999999999979,1933.423,1915.6009999999999,1945.7359999999999,1915.6009999999999,0.6908876669285038,-1.0,STOP
swing_baseline,1648188000000,23300,1648191600000,1648202400000,2022,0.42669673982031475,1955.353,3.91514285714285,1956.038,1951.4378571428572,1971.0135714285714,1951.4378571428572,3.2554579050340102,-1.0,STOP
swing_baseline,1648213200000,23307,1648216800000,1648443600000,2022,0.6423136032535082,1942.998,5.243785714285699,1948.588,1937.7542142857144,1963.9731428571429,1937.7542142857144,1.4201077317650712,-1.0,STOP
swing_baseline,1648450800000,23324,1648454400000,1648458000000,2022,0.328231157441613,1931.538,5.291071428571464,1933.153,1926.2469285714285,1952.7022857142858,1926.2469285714285,2.83073899777626,-1.0,STOP
swing_baseline,1648494000000,23336,1648497600000,1648551600000,2022,0.45412845231204046,1916.838,7.664214285714268,1919.028,1909.1737857142857,1947.494857142857,1909.1737857142857,2.888800295740013,-1.0,STOP
swing_baseline,1648555200000,23352,1648558800000,1648573200000,2022,0.6365283602326589,1889.998,6.430285714285707,1897.068,1883.5677142857144,1915.719142857143,1915.719142857143,1.381536898689995,1.381536898689995,TARGET
swing_baseline,1648695600000,23388,1648699200000,1648738800000,2022,0.3921633084748984,1923.769,4.917071428571489,1924.928,1918.8519285714285,1943.437285714286,1943.437285714286,3.0462587433138757,3.0462587433138757,TARGET
swing_baseline,1648792800000,23414,1648796400000,1648810800000,2022,0.3763743797154572,1931.478,4.438214285714301,1932.245,1927.0397857142857,1949.2308571428573,1927.0397857142857,3.263238785284098,-1.0,STOP
swing_baseline,1648818000000,23421,1648821600000,1649044800000,2022,0.6675579317393705,1922.385,5.413928571428561,1931.43,1916.9710714285713,1944.0407142857143,1916.9710714285713,0.8721748795850215,-1.0,STOP
swing_baseline,1649131200000,23458,1649134800000,1649163600000,2022,0.5867802758995151,1926.408,3.599642857142872,1928.393,1922.808357142857,1940.8065714285715,1940.8065714285715,2.2228048858475855,2.2228048858475855,TARGET
swing_baseline,1649170800000,23469,1649174400000,1649426400000,2022,0.3825572034199188,1918.928,6.7192142857142825,1920.768,1912.2087857142858,1945.8048571428571,1945.8048571428571,2.9251349840189085,2.9251349840189085,TARGET
swing_baseline,1649754000000,23577,1649757600000,1649764800000,2022,0.6466490353095928,1949.518,3.884142857142836,1953.098,1945.633857142857,1965.0545714285713,1965.0545714285713,1.6018679783345025,1.6018679783345025,TARGET
swing_baseline,1649908800000,23618,1649912400000,1649926800000,2022,0.5613338623553035,1972.388,3.8430714285714367,1975.481,1968.5449285714285,1987.7602857142856,1968.5449285714285,1.7703516811698352,-1.0,STOP
swing_baseline,1649930400000,23624,1649934000000,1649941200000,2022,0.635043053765321,1967.108,4.069785714285721,1974.138,1963.0382142857143,1983.3871428571429,1963.0382142857143,0.8332721995920256,-1.0,STOP
swing_baseline,1649944800000,23628,1649948400000,1650236400000,2022,0.6411060702684585,1960.412,6.519142857142875,1972.048,1953.892857142857,1986.4885714285715,1986.4885714285715,0.7953983916403091,0.7953983916403091,TARGET
swing_baseline,1650301200000,23653,1650304800000,1650369600000,2022,0.3506385618167773,1977.548,5.731999999999938,1978.148,1971.816,2000.4759999999997,1971.816,3.5262160454832867,-1.0,STOP
swing_baseline,1650373200000,23671,1650376800000,1650376800000,2022,0.595306041299298,1957.214,5.27314285714283,1963.618,1951.940857142857,1978.3065714285713,1951.940857142857,1.2578908735013399,-1.0,STOP
swing_baseline,1650380400000,23673,1650384000000,1650394800000,2022,0.5348859733665399,1950.258,6.222142857142818,1956.328,1944.0358571428571,1975.1465714285714,1944.0358571428571,1.5309431111627667,-1.0,STOP
swing_baseline,1650416400000,23682,1650420000000,1650621600000,2022,0.42515611585328733,1942.618,6.630214285714276,1945.218,1935.9877857142856,1969.138857142857,1935.9877857142856,2.5915819939174027,-1.0,STOP
swing_baseline,1650628800000,23739,1650632400000,1650852000000,2022,0.5562516896946468,1929.448,5.282428571428552,1936.912,1924.1655714285716,1950.5777142857144,1924.1655714285716,1.0721210423087881,-1.0,STOP
swing_baseline,1650855600000,23753,1650859200000,1650862800000,2022,0.5661764726172448,1921.679,6.31235714285713,1923.988,1915.366642857143,1946.9284285714286,1915.366642857143,2.6608836858632103,-1.0,STOP
swing_baseline,1650866400000,23756,1650870000000,1650884400000,2022,0.6046166918906309,1912.128,4.96964285714286,1917.718,1907.158357142857,1932.0065714285713,1907.158357142857,1.3531301789156474,-1.0,STOP
swing_baseline,1650888000000,23762,1650891600000,1651064400000,2022,0.4953433764056456,1891.373,6.5996428571428725,1894.663,1884.773357142857,1917.7715714285716,1884.773357142857,2.3366436748402064,-1.0,STOP
swing_baseline,1651071600000,23811,1651075200000,1651122000000,2022,0.49452145929608193,1881.248,6.468142857142815,1884.878,1874.7798571428573,1907.1205714285713,1874.7798571428573,2.2026398064708235,-1.0,STOP
swing_baseline,1651258800000,23861,1651262400000,1651456800000,2022,0.4475340441617981,1894.373,6.864285714285708,1896.448,1887.5087142857144,1921.8301428571428,1887.5087142857144,2.839392728725526,-1.0,STOP
swing_baseline,1651464000000,23869,1651467600000,1651482000000,2022,0.4624133245991405,1883.763,5.531285714285722,1885.468,1878.2317142857141,1905.8881428571428,1878.2317142857141,2.8219094247245007,-1.0,STOP
swing_baseline,1651489200000,23876,1651492800000,1651492800000,2022,0.39042932624663923,1875.713,4.964357142857141,1875.939,1870.7486428571428,1895.5704285714285,1870.7486428571428,3.7822885846004595,-1.0,STOP
swing_baseline,1651496400000,23878,1651500000000,1651687200000,2022,0.4751847662311102,1854.468,6.317214285714272,1857.915,1848.1507857142858,1879.7368571428572,1879.7368571428572,2.2348810159547963,2.2348810159547963,TARGET
swing_baseline,1651759200000,23948,1651762800000,1651762800000,2022,0.4859087790536056,1882.678,6.505785714285691,1886.078,1876.1722142857145,1908.701142857143,1876.1722142857145,2.2838312385980037,-1.0,STOP
swing_baseline,1651766400000,23950,1651770000000,1652083200000,2022,0.4885165139311572,1872.358,6.9957857142857005,1876.368,1865.3622142857143,1900.3411428571428,1865.3622142857143,2.1782309304846406,-1.0,STOP
swing_baseline,1652086800000,23989,1652090400000,1652090400000,2022,0.4384551715695523,1862.218,4.398285714285732,1863.628,1857.8197142857143,1879.811142857143,1857.8197142857143,2.7862167347140576,-1.0,STOP
swing_baseline,1652115600000,23997,1652119200000,1652191200000,2022,0.4761415486397958,1854.798,6.453571428571438,1855.923,1848.3444285714286,1880.6122857142857,1848.3444285714286,3.2577756833176243,-1.0,STOP
swing_baseline,1652194800000,24018,1652198400000,1652223600000,2022,0.42214481248287666,1841.313,6.523571428571439,1844.208,1834.7894285714287,1867.4072857142858,1834.7894285714287,2.4631427271348594,-1.0,STOP
swing_baseline,1652227200000,24026,1652230800000,1652317200000,2022,0.4016280347472813,1831.838,6.581571428571384,1832.269,1825.2564285714286,1858.1642857142856,1858.1642857142856,3.692694752281619,3.692694752281619,TARGET
swing_baseline,1652331600000,24054,1652335200000,1652353200000,2022,0.5588982844994025,1847.368,4.420785714285704,1849.888,1842.9472142857142,1865.0511428571428,1842.9472142857142,2.1846435664961708,-1.0,STOP
swing_baseline,1652360400000,24062,1652364000000,1652371200000,2022,0.38515699268031456,1838.529,6.268928571428595,1839.028,1832.2600714285713,1863.6047142857144,1832.2600714285713,3.631349537208006,-1.0,STOP
swing_baseline,1652374800000,24066,1652378400000,1652392800000,2022,0.35960482851204667,1821.768,7.354000000000042,1822.933,1814.414,1851.1840000000002,1814.414,3.3162342998004677,-1.0,STOP
swing_baseline,1652439600000,24083,1652443200000,1652446800000,2022,0.4586915974240503,1812.808,5.071714285714263,1813.888,1807.7362857142857,1833.094857142857,1807.7362857142857,3.122195903580931,-1.0,STOP
swing_baseline,1652677200000,24100,1652680800000,1652684400000,2022,0.6019163743959154,1806.458,4.338285714285738,1808.905,1802.1197142857143,1823.811142857143,1802.1197142857143,2.1968334842200985,-1.0,STOP
swing_baseline,1652796000000,24132,1652799600000,1652835600000,2022,0.5406461242420229,1817.888,5.6697142857143,1821.88,1812.2182857142857,1840.566857142857,1812.2182857142857,1.9341140288620324,-1.0,STOP
swing_baseline,1652839200000,24143,1652842800000,1652950800000,2022,0.4679233218335558,1810.388,4.8937142857143145,1812.398,1805.4942857142855,1829.9628571428573,1829.9628571428573,2.5442618880105896,2.5442618880105896,TARGET
swing_baseline,1653051600000,24200,1653055200000,1653256800000,2022,0.4330690284749336,1836.208,4.488071428571435,1836.264,1831.7199285714287,1854.160285714286,1854.160285714286,3.9383812502949858,3.9383812502949858,TARGET
swing_baseline,1653318000000,24225,1653321600000,1653404400000,2022,0.4695878194975349,1850.403,4.751571428571457,1851.878,1845.6514285714286,1869.409285714286,1869.409285714286,2.815560042215482,2.815560042215482,TARGET
swing_baseline,1653447600000,24259,1653451200000,1653465600000,2022,0.5558555807748556,1859.538,4.029785714285708,1862.548,1855.5082142857143,1875.6571428571428,1855.5082142857143,1.8621508365717319,-1.0,STOP
swing_baseline,1653472800000,24266,1653476400000,1653483600000,2022,0.3811306589033471,1851.323,3.3537142857142856,1851.978,1847.969285714286,1864.7378571428571,1847.969285714286,3.183029827875055,-1.0,STOP
swing_baseline,1653487200000,24270,1653490800000,1653490800000,2022,0.5457391348386363,1846.919,4.329928571428582,1850.378,1842.5890714285715,1864.2387142857144,1842.5890714285715,1.7795405566509865,-1.0,STOP
swing_baseline,1653541200000,24284,1653544800000,1653638400000,2022,0.3141386064563814,1842.753,4.040857142857168,1843.548,1838.7121428571427,1858.9164285714287,1858.9164285714287,3.178015420519243,3.178015420519243,TARGET
swing_baseline,1653865200000,24322,1653868800000,1654005600000,2022,0.4729107474545004,1848.008,3.993142857142841,1849.748,1844.0148571428572,1863.9805714285715,1844.0148571428572,2.4825077245091145,-1.0,STOP
swing_baseline,1654020000000,24361,1654023600000,1654041600000,2022,0.3839061336377321,1839.728,5.072714285714288,1840.708,1834.6552857142858,1860.0188571428573,1834.6552857142858,3.190445844839408,-1.0,STOP
swing_baseline,1654045200000,24367,1654048800000,1654074000000,2022,0.4287214924067455,1833.148,4.763142857142872,1834.878,1828.384857142857,1852.2005714285715,1828.384857142857,2.6678253982223215,-1.0,STOP
swing_baseline,1654236000000,24418,1654239600000,1654257600000,2022,0.4561231946410583,1865.444,2.6330714285714487,1865.778,1862.8109285714286,1875.9762857142857,1862.8109285714286,3.4371554442812564,-1.0,STOP
swing_baseline,1654268400000,24427,1654272000000,1654275600000,2022,0.3041321376434255,1851.498,4.154214285714294,1851.828,1847.3437857142858,1868.1148571428573,1847.3437857142858,3.6320425620033414,-1.0,STOP
swing_baseline,1654520400000,24448,1654524000000,1654524000000,2022,0.4004401232493343,1848.658,3.243500000000024,1850.243,1845.4144999999999,1861.632,1845.4144999999999,2.3587035311173126,-1.0,STOP
swing_baseline,1654527600000,24450,1654531200000,1654556400000,2022,0.4068635659029917,1841.638,3.58778571428575,1843.508,1838.0502142857142,1855.989142857143,1838.0502142857142,2.2868510254027328,-1.0,STOP
swing_baseline,1654560000000,24458,1654563600000,1654596000000,2022,0.5206938478522477,1837.583,3.4967857142857093,1838.938,1834.0862142857143,1851.5701428571429,1851.5701428571429,2.6036069193963125,2.6036069193963125,TARGET
swing_baseline,1654657200000,24484,1654660800000,1654783200000,2022,0.3157981918541373,1846.633,3.56435714285718,1846.654,1843.0686428571428,1860.8904285714289,1843.0686428571428,3.970714214563199,-1.0,STOP
swing_baseline,1654837200000,24532,1654840800000,1654858800000,2022,0.453431729697545,1843.058,2.514142857142864,1844.698,1840.5438571428572,1853.1145714285715,1840.5438571428572,2.026066921145806,-1.0,STOP
swing_baseline,1654862400000,24539,1654866000000,1654866000000,2022,0.7947077310669788,1824.948,4.253142857142864,1838.129,1820.6948571428572,1841.9605714285715,1841.9605714285715,0.21977400667001,0.21977400667001,TARGET
swing_baseline,1655103600000,24557,1655107200000,1655121600000,2022,0.4526041767173354,1855.603,4.947071428571429,1857.188,1850.6559285714286,1875.3912857142857,1850.6559285714286,2.786755459327007,-1.0,STOP
swing_baseline,1655125200000,24563,1655128800000,1655146800000,2022,0.45769702074687035,1829.038,6.820714285714319,1830.538,1822.2172857142857,1856.3208571428572,1822.2172857142857,3.0986350759721883,-1.0,STOP
swing_baseline,1655150400000,24570,1655157600000,1655157600000,2022,0.4650981979687046,1817.898,7.24985714285713,1819.318,1810.6481428571428,1846.8974285714285,1810.6481428571428,3.1810707047405478,-1.0,STOP
swing_baseline,1655204400000,24584,1655208000000,1655218800000,2022,0.39333692800523795,1816.008,5.089000000000023,1817.058,1810.919,1836.364,1810.919,3.1448118586089535,-1.0,STOP
swing_baseline,1655229600000,24591,1655233200000,1655290800000,2022,0.2923281799127951,1807.098,5.325000000000013,1807.156,1801.773,1828.398,1828.398,3.9461266951513676,3.9461266951513676,TARGET
swing_baseline,1655316000000,24614,1655319600000,1655391600000,2022,0.7652132437812897,1812.968,7.829857142857138,1830.648,1805.1381428571428,1844.2874285714286,1844.2874285714286,0.5346728715510578,0.5346728715510578,TARGET
swing_baseline,1655470800000,24655,1655474400000,1655492400000,2022,0.5180053650031966,1841.048,4.832857142857149,1842.024,1836.2151428571428,1860.3794285714287,1836.2151428571428,3.1599035954946504,-1.0,STOP
swing_baseline,1655740800000,24681,1655744400000,1655809200000,2022,0.269205767473274,1835.604,3.336285714285672,1835.713,1832.2677142857144,1848.9491428571428,1832.2677142857144,3.841812829124853,-1.0,STOP
swing_baseline,1655838000000,24704,1655841600000,1655884800000,2022,0.48073932690391225,1828.424,4.874642857142882,1830.498,1823.5493571428572,1847.9225714285715,1823.5493571428572,2.5076222489489104,-1.0,STOP
swing_baseline,1655946000000,24732,1655949600000,1655978400000,2022,0.3517605956873667,1832.808,5.21285714285716,1832.968,1827.595142857143,1853.6594285714286,1827.595142857143,3.851103429938854,-1.0,STOP
swing_baseline,1655982000000,24742,1655985600000,1655989200000,2022,0.7221651794028149,1823.798,3.492428571428588,1829.178,1820.3055714285715,1837.7677142857144,1837.7677142857144,0.9681356368847306,0.9681356368847306,TARGET
swing_baseline,1656007200000,24749,1656010800000,1656457200000,2022,0.539860815257124,1822.388,5.712928571428571,1825.898,1816.6750714285713,1845.2397142857142,1819.558,2.0971336963003577,-0.6874172288008804,72H_TIMEOUT
swing_baseline,1656482400000,24829,1656486000000,1656493200000,2022,0.569894620047852,1815.898,2.470000000000044,1817.552,1813.4279999999999,1825.778,1813.4279999999999,1.9946653734238762,-1.0,STOP
swing_baseline,1656561600000,24850,1656565200000,1656579600000,2022,0.46097203545998916,1814.878,2.609285714285761,1816.038,1812.2687142857142,1825.315142857143,1812.2687142857142,2.461246920598769,-1.0,STOP
swing_baseline,1656583200000,24856,1656586800000,1656586800000,2022,0.3466581235355,1809.976,2.8601428571428675,1810.292,1807.1158571428573,1821.4165714285716,1807.1158571428573,3.5025412674856136,-1.0,STOP
swing_baseline,1656590400000,24858,1656594000000,1656594000000,2022,0.8349294299173646,1802.618,4.979785714285721,1822.493,1797.6382142857142,1822.5371428571427,1822.5371428571427,0.001776030485646707,0.001776030485646707,TARGET
swing_baseline,1656644400000,24872,1656648000000,1656651600000,2022,0.34024888142827314,1801.208,4.953071428571418,1801.324,1796.2549285714288,1821.0202857142858,1796.2549285714288,3.885580621979331,-1.0,STOP
swing_baseline,1656658800000,24876,1656662400000,1656673200000,2022,0.46709490513706575,1792.292,3.5734285714285727,1794.609,1788.7185714285713,1806.5857142857142,1788.7185714285713,2.0332500666941273,-1.0,STOP
swing_baseline,1656676800000,24881,1656680400000,1656684000000,2022,0.6954504051093642,1784.397,4.281928571428564,1789.654,1780.1150714285714,1801.5247142857143,1801.5247142857143,1.2444494365195131,1.2444494365195131,TARGET
swing_baseline,1656925200000,24901,1656928800000,1657008000000,2022,0.39231637000913255,1805.074,3.718500000000014,1805.696,1801.3555000000001,1819.948,1801.3555000000001,3.2834926851747173,-1.0,STOP
swing_baseline,1657011600000,24921,1657015200000,1657022400000,2022,0.4416121750814038,1800.21,2.948571428571426,1803.394,1797.2614285714287,1812.0042857142857,1797.2614285714287,1.404025344763362,-1.0,STOP
swing_baseline,1657026000000,24925,1657029600000,1657029600000,2022,0.3477699739061624,1785.198,4.738714285714293,1786.098,1780.459285714286,1804.1528571428573,1780.459285714286,3.2019457323099667,-1.0,STOP
swing_baseline,1657033200000,24927,1657036800000,1657112400000,2022,0.41403505111173017,1764.888,5.983000000000012,1768.868,1758.905,1788.82,1758.905,2.002609655726194,-1.0,STOP
swing_baseline,1657116000000,24949,1657119600000,1657119600000,2022,0.3831963965781328,1743.474,6.166357142857139,1743.636,1737.3076428571428,1768.1394285714284,1737.3076428571428,3.872004695418554,-1.0,STOP
swing_baseline,1657123200000,24951,1657126800000,1657569600000,2022,0.4007265171558848,1732.128,6.7268571428571375,1735.018,1725.4011428571428,1759.0354285714284,1732.068,2.4974301078462857,-0.3067530229656265,72H_TIMEOUT
swing_baseline,1657587600000,25028,1657591200000,1657713600000,2022,0.786325089744684,1723.048,4.973714285714274,1734.514,1718.0742857142857,1742.942857142857,1718.0742857142857,0.5127131163211076,-1.0,STOP
swing_baseline,1657778400000,25079,1657782000000,1657782000000,2022,0.40258822934550803,1720.714,4.321857142857149,1721.078,1716.3921428571427,1738.0014285714285,1716.3921428571427,3.611597207402137,-1.0,STOP
swing_baseline,1657789200000,25082,1657792800000,1657800000000,2022,0.5516948505020446,1712.134,4.472571428571444,1716.524,1707.6614285714286,1730.0242857142857,1707.6614285714286,1.5232921757632778,-1.0,STOP
swing_baseline,1657803600000,25086,1657807200000,1658134800000,2022,0.6026462733173255,1697.438,5.833142857142856,1702.684,1691.6048571428573,1720.7705714285714,1720.7705714285714,1.6324883307115388,1.6324883307115388,TARGET
swing_baseline,1658156400000,25134,1658160000000,1658332800000,2022,0.4390526230569661,1708.794,5.123714285714284,1710.358,1703.670285714286,1729.2888571428573,1703.670285714286,2.830691673431161,-1.0,STOP
swing_baseline,1658336400000,25181,1658340000000,1658343600000,2022,0.3407564541524009,1700.0,4.313642857142879,1700.155,1695.686357142857,1717.2545714285716,1695.686357142857,3.826569268394078,-1.0,STOP
swing_baseline,1658347200000,25184,1658354400000,1658386800000,2022,0.569712834060206,1692.338,4.638357142857136,1696.478,1687.6996428571429,1710.8914285714286,1687.6996428571429,1.6419277931926586,-1.0,STOP
swing_baseline,1658390400000,25195,1658394000000,1658397600000,2022,0.39080877036612216,1684.89,3.742714285714279,1684.974,1681.1472857142858,1699.8608571428572,1681.1472857142858,3.8902452682272806,-1.0,STOP
swing_baseline,1658401200000,25198,1658404800000,1658404800000,2022,0.659386297329925,1680.748,3.728571428571432,1684.788,1677.0194285714285,1695.6622857142859,1695.6622857142859,1.3997793306362736,1.3997793306362736,TARGET
swing_baseline,1658710800000,25234,1658714400000,1658836800000,2022,0.5755854597922011,1719.768,5.686714285714288,1724.508,1714.0812857142857,1742.5148571428572,1714.0812857142857,1.7269924781125388,-1.0,STOP
swing_baseline,1658894400000,25283,1658898000000,1658944800000,2022,0.4707707111902648,1713.578,2.869285714285703,1714.848,1710.7087142857142,1725.0551428571428,1725.0551428571428,2.465918895599629,2.465918895599629,TARGET
swing_baseline,1659103200000,25339,1659106800000,1659344400000,2022,0.7454740197989761,1751.928,5.289642857142845,1762.694,1746.6383571428573,1773.0865714285715,1773.0865714285715,0.6472846662722188,0.6472846662722188,TARGET
swing_baseline,1659463200000,25388,1659466800000,1659477600000,2022,0.3418499479425406,1765.258,6.047499999999965,1766.214,1759.2105000000001,1789.4479999999999,1759.2105000000001,3.3174841150853966,-1.0,STOP
swing_baseline,1659481200000,25392,1659484800000,1659607200000,2022,0.4233973630084568,1754.828,6.317214285714256,1756.618,1748.5107857142857,1780.096857142857,1780.096857142857,2.8960449687668106,2.8960449687668106,TARGET
swing_baseline,1659679200000,25445,1659682800000,1659686400000,2022,0.5969039532994773,1788.504,3.168785714285702,1790.663,1785.3352142857143,1801.1791428571428,1785.3352142857143,1.9738299213020534,-1.0,STOP
swing_baseline,1659690000000,25448,1659693600000,1659700800000,2022,0.4952398129126266,1785.258,3.1725714285714406,1786.512,1782.0854285714286,1797.9482857142857,1782.0854285714286,2.5835538630349584,-1.0,STOP
swing_baseline,1659704400000,25452,1659708000000,1659960000000,2022,0.6260311756150857,1764.907,5.269928571428571,1774.834,1759.6370714285713,1785.9867142857142,1785.9867142857142,0.733879496326779,0.733879496326779,TARGET
swing_baseline,1660104000000,25511,1660107600000,1660132800000,2022,0.3615634484588763,1789.738,3.3237142857142965,1790.238,1786.4142857142858,1803.0328571428572,1803.0328571428572,3.346185459164662,3.346185459164662,TARGET
swing_baseline,1660179600000,25531,1660183200000,1660550400000,2022,0.3454116840259667,1787.118,5.228714285714253,1788.078,1781.8892857142857,1808.032857142857,1781.8892857142857,3.22439463539623,-1.0,STOP
swing_baseline,1660554000000,25585,1660557600000,1660561200000,2022,0.3585365349633534,1777.658,3.3808571428571343,1779.414,1774.2771428571427,1791.1814285714283,1774.2771428571427,2.2907836920851192,-1.0,STOP
swing_baseline,1660633200000,25606,1660636800000,1660651200000,2022,0.2961057381786794,1775.864,2.526999999999995,1775.864,1773.337,1785.972,1773.337,3.99999999999991,-1.0,STOP
swing_baseline,1660719600000,25629,1660723200000,1660734000000,2022,0.36259598019842326,1773.348,2.505928571428529,1773.444,1770.8420714285714,1783.371714285714,1770.8420714285714,3.8155214538666264,-1.0,STOP
swing_baseline,1660737600000,25634,1660741200000,1660752000000,2022,0.6429960652442466,1764.629,3.672785714285689,1771.484,1760.9562142857142,1779.3201428571426,1760.9562142857142,0.7443296311122094,-1.0,STOP
swing_baseline,1660802400000,25651,1660806000000,1660838400000,2022,0.4234892944948324,1760.728,3.223642857142831,1761.255,1757.5043571428573,1773.6225714285713,1757.5043571428573,3.297453769829924,-1.0,STOP
swing_baseline,1660842000000,25662,1660845600000,1660903200000,2022,0.4884228237475025,1755.218,3.7547857142857146,1758.348,1751.4632142857145,1770.237142857143,1751.4632142857145,1.7268718810628798,-1.0,STOP
swing_baseline,1660917600000,25682,1660921200000,1661151600000,2022,0.4684689013917311,1745.581,4.124714285714276,1747.988,1741.4562857142855,1762.079857142857,1741.4562857142855,2.1574515550499713,-1.0,STOP
swing_baseline,1661155200000,25699,1661158800000,1661169600000,2022,0.5308667832365941,1732.328,2.852571428571423,1734.898,1729.4754285714284,1743.7382857142857,1729.4754285714284,1.6302755677327516,-1.0,STOP
swing_baseline,1661256000000,25725,1661259600000,1661259600000,2022,0.7152506641864241,1730.688,3.6098571428571273,1736.024,1727.078142857143,1745.1274285714287,1745.1274285714287,1.0176138994906312,1.0176138994906312,TARGET
swing_baseline,1661335200000,25746,1661338800000,1661353200000,2022,0.5267264242661708,1743.314,2.997071428571433,1744.474,1740.3169285714287,1755.3022857142857,1755.3022857142857,2.604787023832147,2.604787023832147,TARGET
swing_baseline,1661436000000,25773,1661439600000,1661508000000,2022,0.5634360363559424,1752.294,3.8139285714285855,1755.924,1748.4800714285716,1767.5497142857143,1748.4800714285716,1.5617713380991716,-1.0,STOP
swing_baseline,1661511600000,25792,1661515200000,1661522400000,2022,0.38749489207592064,1743.594,3.0015714285714403,1744.994,1740.5924285714286,1755.6002857142857,1740.5924285714286,2.409658888059563,-1.0,STOP
swing_baseline,1661526000000,25796,1661529600000,1661734800000,2022,0.4406777021824685,1734.204,5.139499999999982,1737.044,1729.0645,1754.762,1729.0645,2.2204398771852283,-1.0,STOP
swing_baseline,1661738400000,25806,1661742000000,1661932800000,2022,0.5059104111543614,1723.248,5.7192142857142345,1726.448,1717.5287857142857,1746.124857142857,1717.5287857142857,2.2061200137743997,-1.0,STOP
swing_baseline,1661936400000,25858,1661940000000,1661954400000,2022,0.28392663172785054,1710.618,3.0011428571428787,1710.904,1707.616857142857,1722.6225714285715,1722.6225714285715,3.5649717514123536,3.5649717514123536,TARGET
swing_baseline,1661976000000,25869,1661983200000,1661994000000,2022,0.508010927519037,1709.514,4.810857142857182,1711.268,1704.7031428571427,1728.7574285714286,1704.7031428571427,2.6640988814900948,-1.0,STOP
swing_baseline,1661997600000,25874,1662001200000,1662033600000,2022,0.518945002894158,1702.174,4.46657142857144,1704.494,1697.7074285714286,1720.0402857142858,1697.7074285714286,2.2907422220351874,-1.0,STOP
swing_baseline,1662037200000,25885,1662040800000,1662040800000,2022,0.6446422605208177,1694.528,4.627642857142795,1698.888,1689.9003571428573,1713.0385714285712,1689.9003571428573,1.5744474556335526,-1.0,STOP
swing_baseline,1662465600000,25950,1662469200000,1662476400000,2022,0.37575173821208585,1706.826,4.735500000000035,1707.708,1702.0905,1725.7680000000003,1702.0905,3.2149532710280315,-1.0,STOP
swing_baseline,1662480000000,25954,1662483600000,1662508800000,2022,0.31838853114176885,1700.978,4.536642857142884,1701.448,1696.4413571428572,1719.1245714285717,1696.4413571428572,3.5306236000742075,-1.0,STOP
swing_baseline,1662519600000,25964,1662523200000,1662559200000,2022,0.436990563666461,1692.288,4.336999999999973,1693.284,1687.951,1709.636,1709.636,3.066191636977237,3.066191636977237,TARGET
swing_baseline,1662642000000,25997,1662645600000,1662645600000,2022,0.4886810352468196,1709.584,4.598428571428615,1711.408,1704.9855714285713,1727.9777142857145,1704.9855714285713,2.5799764219143224,-1.0,STOP
swing_baseline,1662728400000,26020,1662732000000,1662980400000,2022,0.447562550408654,1711.258,4.460857142857127,1713.323,1706.797142857143,1729.1014285714286,1729.1014285714286,2.417832359186527,2.417832359186527,TARGET
swing_baseline,1663030800000,26054,1663034400000,1663070400000,2022,0.5240604886094555,1720.778,4.281785714285742,1723.548,1716.4962142857144,1737.905142857143,1716.4962142857144,2.0359584704988856,-1.0,STOP
swing_baseline,1663074000000,26066,1663077600000,1663210800000,2022,0.6562256564677137,1696.934,5.73114285714288,1706.558,1691.202857142857,1719.8585714285714,1691.202857142857,0.866196527919909,-1.0,STOP
swing_baseline,1663214400000,26103,1663218000000,1663243200000,2022,0.3981693905292345,1686.778,3.159214285714305,1687.314,1683.6187857142857,1699.4148571428573,1683.6187857142857,3.274737594958618,-1.0,STOP
swing_baseline,1663246800000,26112,1663250400000,1663250400000,2022,0.8206225066418605,1680.298,4.685928571428576,1690.012,1675.6120714285714,1699.0417142857143,1675.6120714285714,0.627066602512917,-1.0,STOP
swing_baseline,1663257600000,26115,1663261200000,1663704000000,2022,0.5179555540444508,1660.24,7.021214285714303,1664.814,1653.2187857142858,1688.3248571428571,1664.918,2.027634553664372,0.00896921759591335,72H_TIMEOUT
swing_baseline,1663916400000,26244,1663920000000,1663920000000,2022,0.4429348922534428,1666.236,3.081714285714253,1667.318,1663.1542857142858,1678.5628571428572,1663.1542857142858,2.700679338502812,-1.0,STOP
swing_baseline,1663923600000,26246,1663927200000,1663927200000,2022,0.6285178397030056,1652.524,3.949714285714273,1657.065,1648.5742857142857,1668.322857142857,1648.5742857142857,1.3259022461512142,-1.0,STOP
swing_baseline,1663956000000,26255,1663959600000,1664150400000,2022,0.3777396587695148,1639.617,7.364071428571427,1640.178,1632.2529285714286,1669.0732857142857,1632.2529285714286,3.6460599724201965,-1.0,STOP
swing_baseline,1664204400000,26275,1664208000000,1664208000000,2022,0.3890951203988766,1634.108,6.021142857142844,1634.228,1628.086857142857,1658.1925714285712,1628.086857142857,3.902298315808932,-1.0,STOP
swing_baseline,1664211600000,26277,1664215200000,1664348400000,2022,0.4456148592641852,1621.645,6.771785714285703,1624.348,1614.8732142857143,1648.732142857143,1614.8732142857143,2.5735825160011427,-1.0,STOP
swing_baseline,1664427600000,26334,1664431200000,1664463600000,2022,0.41552386311874645,1642.778,4.404142857142817,1643.855,1638.373857142857,1660.3945714285712,1660.3945714285712,3.017540658882331,3.017540658882331,TARGET
swing_baseline,1664557200000,26369,1664560800000,1664805600000,2022,0.4455812019683196,1660.925,5.440285714285762,1662.878,1655.4847142857143,1682.686142857143,1682.686142857143,2.6792070024926744,2.6792070024926744,TARGET
swing_baseline,1664942400000,26425,1664946000000,1664956800000,2022,0.5283273144157865,1717.408,4.488071428571418,1718.238,1712.9199285714285,1735.3602857142855,1712.9199285714285,3.2196419217491647,-1.0,STOP
swing_baseline,1664960400000,26430,1664964000000,1664978400000,2022,0.3646183341393066,1705.978,4.823928571428545,1706.374,1701.1540714285716,1725.2737142857143,1701.1540714285716,3.6206844647573924,-1.0,STOP
swing_baseline,1665043200000,26452,1665046800000,1665064800000,2022,0.3834563379746678,1713.921,4.007928571428579,1714.004,1709.9130714285716,1729.9527142857144,1709.9130714285716,3.898556038622319,-1.0,STOP
swing_baseline,1665068400000,26459,1665072000000,1665144000000,2022,0.31271297062801345,1708.084,5.019357142857108,1708.104,1703.0646428571429,1728.1614285714286,1703.0646428571429,3.9801561990616445,-1.0,STOP
swing_baseline,1665370800000,26492,1665374400000,1665388800000,2022,0.4259784738554698,1687.034,6.259357142857149,1688.768,1680.774642857143,1712.0714285714287,1680.774642857143,2.9153493525874326,-1.0,STOP
swing_baseline,1665392400000,26498,1665396000000,1665406800000,2022,0.5229527647712771,1677.955,4.233071428571423,1680.315,1673.7219285714284,1694.8872857142856,1673.7219285714284,2.2102423539862217,-1.0,STOP
swing_baseline,1665410400000,26503,1665414000000,1665662400000,2022,0.49928754853978163,1665.548,5.478142857142855,1667.358,1660.0698571428572,1687.4605714285715,1660.0698571428572,2.7582570515711184,-1.0,STOP
swing_baseline,1665666000000,26570,1665669600000,1665673200000,2022,0.49768786294100437,1642.288,6.371642857142872,1648.535,1635.9163571428571,1667.7745714285716,1667.7745714285716,1.524694188304145,1.524694188304145,TARGET
swing_baseline,1665738000000,26588,1665741600000,1665756000000,2022,0.5780601473087804,1650.118,4.998500000000003,1653.89,1645.1195,1670.1119999999999,1645.1195,1.8496094863462287,-1.0,STOP
swing_baseline,1665759600000,26594,1665763200000,1666162800000,2022,0.313631554444249,1644.657,6.610714285714299,1644.695,1638.0462857142857,1671.0998571428572,1638.0462857142857,3.971423046346258,-1.0,STOP
swing_baseline,1666173600000,26656,1666177200000,1666195200000,2022,0.32851106953110465,1632.527,4.161142857142847,1632.988,1628.3658571428573,1649.1715714285715,1628.3658571428573,3.501313552773989,-1.0,STOP
swing_baseline,1666198800000,26663,1666202400000,1666231200000,2022,0.40470698475091604,1627.728,5.324999999999965,1628.268,1622.403,1649.028,1622.403,3.5396419437340083,-1.0,STOP
swing_baseline,1666292400000,26687,1666296000000,1666335600000,2022,0.4608602454802208,1624.558,5.9239285714286,1626.718,1618.6340714285714,1648.2537142857143,1618.6340714285714,2.6640159045725094,-1.0,STOP
swing_baseline,1666594800000,26721,1666598400000,1666684800000,2022,0.41303775293118056,1648.688,5.41071428571427,1649.147,1643.2772857142859,1670.3308571428572,1643.2772857142859,3.609009929906708,-1.0,STOP
swing_baseline,1666688400000,26746,1666692000000,1666702800000,2022,0.2910961441919537,1638.998,3.661571428571392,1639.757,1635.3364285714288,1653.6442857142856,1653.6442857142856,3.141513702171725,3.141513702171725,TARGET
swing_baseline,1666850400000,26787,1666854000000,1666872000000,2022,0.45615080434746746,1660.248,4.153000000000004,1660.478,1656.095,1676.8600000000001,1656.095,3.737622632899822,-1.0,STOP
swing_baseline,1666936800000,26810,1666940400000,1666940400000,2022,0.3461281036767669,1656.117,3.6845714285714166,1656.797,1652.4324285714285,1670.8552857142856,1652.4324285714285,3.221000261848588,-1.0,STOP
swing_baseline,1666944000000,26812,1666947600000,1666958400000,2022,0.4213079118848344,1647.798,3.790999999999957,1650.448,1644.007,1662.9619999999998,1644.007,1.9428660145939465,-1.0,STOP
swing_baseline,1666969200000,26819,1666972800000,1667242800000,2022,0.3921879797761676,1637.898,5.768642857142838,1639.447,1632.129357142857,1660.9725714285712,1632.129357142857,2.941599070739023,-1.0,STOP
swing_baseline,1667260800000,26849,1667264400000,1667282400000,2022,0.5589016435893088,1630.477,3.664500000000008,1633.778,1626.8125,1645.1350000000002,1645.1350000000002,1.6304644318426769,1.6304644318426769,TARGET
swing_baseline,1667401200000,26886,1667404800000,1667412000000,2022,0.37330090501319196,1645.527,3.5975000000000006,1646.237,1641.9295,1659.9170000000001,1659.9170000000001,3.1758560650028294,3.1758560650028294,TARGET
swing_baseline,1667415600000,26890,1667419200000,1667458800000,2022,0.37220953753846475,1635.517,6.105928571428551,1636.688,1629.4110714285714,1659.9407142857142,1629.4110714285714,3.1954022988504924,-1.0,STOP
swing_baseline,1667462400000,26902,1667466000000,1667473200000,2022,0.5155356589358631,1624.497,5.890642857142844,1627.047,1618.6063571428572,1648.0595714285714,1618.6063571428572,2.4894515482063806,-1.0,STOP
swing_baseline,1667804400000,26944,1667808000000,1667919600000,2022,0.4990192885469905,1666.707,4.26942857142855,1667.927,1662.4375714285716,1683.7847142857142,1683.7847142857142,2.8887732264613843,2.8887732264613843,TARGET
swing_baseline,1667988000000,26992,1667991600000,1668006000000,2022,0.7087924627890169,1703.777,3.313071428571431,1708.577,1700.4639285714286,1717.0292857142858,1717.0292857142858,1.0418108343678374,1.0418108343678374,TARGET
swing_baseline,1668020400000,27001,1668024000000,1668085200000,2022,0.48960346086144463,1702.048,5.316642857142857,1703.537,1696.7313571428572,1723.3145714285715,1723.3145714285715,2.906054849442174,2.906054849442174,TARGET
swing_baseline,1668402000000,27056,1668405600000,1668423600000,2022,0.413521761837508,1757.828,4.56214285714285,1758.287,1753.2658571428572,1776.0765714285715,1753.2658571428572,3.5429327415500045,-1.0,STOP
swing_baseline,1668531600000,27090,1668535200000,1668661200000,2022,0.5451300078920676,1767.887,6.375142857142854,1772.217,1761.511857142857,1793.3875714285714,1761.511857142857,1.9776075584498247,-1.0,STOP
swing_baseline,1668686400000,27130,1668690000000,1668690000000,2022,0.5329263126219541,1761.027,4.029999999999989,1764.148,1756.997,1777.147,1756.997,1.8177877219969676,-1.0,STOP
swing_baseline,1668693600000,27132,1668697200000,1668794400000,2022,0.5123146114877808,1754.268,4.9149999999999965,1759.587,1749.353,1773.928,1749.353,1.4013093609537062,-1.0,STOP
swing_baseline,1668798000000,27159,1668801600000,1669014000000,2022,0.3340368380239929,1747.317,4.943928571428598,1748.228,1742.3730714285714,1767.0927142857145,1742.3730714285714,3.222022959899438,-1.0,STOP
swing_baseline,1669017600000,27170,1669021200000,1669021200000,2022,0.4547372129527517,1740.488,3.429142857142909,1741.887,1737.058857142857,1754.2045714285716,1737.058857142857,2.5512027694766144,-1.0,STOP
swing_baseline,1669042800000,27177,1669046400000,1669208400000,2022,0.3558532198462692,1735.747,3.97235714285718,1736.458,1731.774642857143,1751.6364285714287,1731.774642857143,3.240929125932244,-1.0,STOP
swing_baseline,1669334400000,27248,1669338000000,1669366800000,2022,0.521983357564305,1752.147,2.8541428571428304,1753.457,1749.2928571428572,1763.5635714285713,1749.2928571428572,2.42704724004246,-1.0,STOP
swing_baseline,1669381200000,27261,1669384800000,1669626000000,2022,0.4719950017956358,1745.848,3.5695000000000454,1748.157,1742.2785,1760.1260000000002,1760.1260000000002,2.036063621672232,2.036063621672232,TARGET
swing_baseline,1669644000000,27280,1669647600000,1669662000000,2022,0.52573625884196,1744.907,4.90728571428573,1748.258,1739.9997142857142,1764.5361428571427,1739.9997142857142,1.9711285635205638,-1.0,STOP
swing_baseline,1669665600000,27286,1669669200000,1669708800000,2022,0.36300526060648947,1739.458,4.857285714285679,1739.898,1734.6007142857145,1758.8871428571429,1758.8871428571429,3.584692969445493,3.584692969445493,TARGET
swing_baseline,1669820400000,27326,1669824000000,1669834800000,2022,0.5526804242964585,1748.978,4.341714285714294,1752.407,1744.6362857142858,1766.3448571428573,1766.3448571428573,1.7936391212428338,1.7936391212428338,TARGET
swing_baseline,1669986000000,27370,1669989600000,1669996800000,2022,0.7909395538798737,1778.418,4.333071428571413,1785.538,1774.0849285714285,1795.7502857142856,1795.7502857142856,0.8916634963796168,0.8916634963796168,TARGET
swing_baseline,1670234400000,27390,1670238000000,1670248800000,2022,0.42349778902102847,1793.198,3.814428571428575,1794.957,1789.3835714285715,1808.4557142857143,1789.3835714285715,2.4219767263033387,-1.0,STOP
swing_baseline,1670252400000,27395,1670256000000,1670263200000,2022,0.4596047986157145,1772.908,4.879357142857186,1777.737,1768.0286428571428,1792.4254285714287,1768.0286428571428,1.5129674727958842,-1.0,STOP
swing_baseline,1670266800000,27399,1670270400000,1670436000000,2022,0.48615874723237634,1766.0,5.444285714285749,1767.897,1760.5557142857142,1787.777142857143,1787.777142857143,2.707991982720054,2.707991982720054,TARGET
swing_baseline,1670806800000,27493,1670810400000,1670857200000,2022,0.4032124805116352,1789.587,5.62764285714286,1790.487,1783.9593571428572,1812.0975714285714,1783.9593571428572,3.310624049372447,-1.0,STOP
swing_baseline,1670860800000,27508,1670864400000,1670871600000,2022,0.5461864247529293,1781.608,3.7529285714286,1784.388,1777.8550714285714,1796.6197142857143,1777.8550714285714,1.8723171625064394,-1.0,STOP
swing_baseline,1671001200000,27544,1671004800000,1671044400000,2022,0.49781323235386793,1807.365,3.293000000000023,1808.848,1804.072,1820.537,1804.072,2.4474455611390105,-1.0,STOP
swing_baseline,1671069600000,27562,1671073200000,1671087600000,2022,0.27929269701868614,1793.815,5.004214285714284,1793.815,1788.8107857142857,1813.8318571428572,1788.8107857142857,3.999999999999909,-1.0,STOP
swing_baseline,1671091200000,27568,1671094800000,1671436800000,2022,0.4278061190201424,1773.608,6.132428571428591,1777.655,1767.4755714285714,1798.1377142857143,1798.1377142857143,2.0121673964297706,2.0121673964297706,TARGET
swing_baseline,1671458400000,27620,1671462000000,1671465600000,2022,0.641892429411125,1788.795,3.105928571428568,1792.308,1785.6890714285714,1801.2187142857144,1785.6890714285714,1.346247234662519,-1.0,STOP
swing_baseline,1671598800000,27657,1671602400000,1671714000000,2022,0.6041575210268109,1812.858,3.3176428571428493,1814.055,1809.5403571428571,1826.1285714285714,1809.5403571428571,2.674313741001442,-1.0,STOP
swing_baseline,1671717600000,27689,1671721200000,1671721200000,2022,0.44934262496916466,1798.795,4.2491428571428616,1802.445,1794.5458571428571,1815.7915714285716,1794.5458571428571,1.689622743878221,-1.0,STOP
swing_baseline,1671728400000,27692,1671732000000,1671732000000,2022,0.26252195320987887,1792.515,4.723000000000005,1792.975,1787.7920000000001,1811.4070000000002,1787.7920000000001,3.5562415589429053,-1.0,STOP
swing_baseline,1671804000000,27712,1671807600000,1672095600000,2022,0.5574403408573161,1791.065,3.0292857142856717,1793.818,1788.0357142857144,1803.1821428571427,1803.1821428571427,1.619453503310631,1.619453503310631,TARGET
swing_baseline,1672210800000,27747,1672214400000,1672218000000,2022,0.5795525614664724,1807.285,5.600857142857161,1810.285,1801.684142857143,1829.6884285714286,1801.684142857143,2.255987775304771,-1.0,STOP
swing_baseline,1672221600000,27750,1672225200000,1672322400000,2022,0.45565686449781684,1799.115,3.7653571428571695,1802.575,1795.349642857143,1814.1764285714287,1814.1764285714287,1.6056546883495835,1.6056546883495835,TARGET
swing_baseline,1672394400000,27795,1672398000000,1672408800000,2022,0.6222513278915831,1813.175,2.640428571428564,1816.088,1810.5345714285713,1823.7367142857142,1823.7367142857142,1.3772958789936534,1.3772958789936534,TARGET
swing_baseline,1672758000000,27821,1672761600000,1672815600000,2023,0.6027550087192012,1827.525,7.655785714285733,1833.135,1819.8692142857144,1858.148142857143,1858.148142857143,1.885537984395983,1.885537984395983,TARGET
swing_baseline,1672858800000,27848,1672862400000,1672923600000,2023,0.6247145563473985,1846.938,6.49571428571429,1852.325,1840.4422857142858,1872.9208571428574,1840.4422857142858,1.7332620012262978,-1.0,STOP
swing_baseline,1672927200000,27866,1672930800000,1672930800000,2023,0.4131303767749691,1831.315,5.585357142857139,1834.358,1825.7296428571428,1853.6564285714287,1825.7296428571428,2.236628393089262,-1.0,STOP
swing_baseline,1673283600000,27915,1673287200000,1673524800000,2023,0.5515509220760393,1868.955,4.60857142857146,1871.775,1864.3464285714285,1887.3892857142857,1887.3892857142857,2.1019230769230304,2.1019230769230304,TARGET
swing_baseline,1673856000000,28021,1673859600000,1673946000000,2023,0.40080550165124185,1910.665,4.7432142857143,1911.645,1905.9217857142858,1929.6378571428572,1905.9217857142858,3.1438377535101942,-1.0,STOP
swing_baseline,1673949600000,28041,1673953200000,1674010800000,2023,0.393064273781785,1904.175,3.898499999999948,1906.105,1900.2765,1919.7689999999998,1900.2765,2.344342455177075,-1.0,STOP
swing_baseline,1674014400000,28057,1674018000000,1674043200000,2023,0.44989134246481244,1897.228,4.8685714285714345,1899.455,1892.3594285714287,1916.7022857142858,1916.7022857142858,2.430711308864774,2.430711308864774,TARGET
swing_baseline,1674090000000,28077,1674093600000,1674140400000,2023,0.30773328604119493,1901.238,5.047142857142815,1901.798,1896.1908571428573,1921.4265714285714,1921.4265714285714,3.5006369426752717,3.5006369426752717,TARGET
swing_baseline,1674223200000,28113,1674226800000,1674482400000,2023,0.5900820193544681,1920.508,4.817214285714272,1924.915,1915.6907857142858,1939.7768571428571,1915.6907857142858,1.6111786524597702,-1.0,STOP
swing_baseline,1674486000000,28137,1674489600000,1674522000000,2023,0.6744627288151281,1911.248,5.499142857142845,1922.835,1905.748857142857,1933.2445714285714,1933.2445714285714,0.6092405708886814,0.6092405708886814,TARGET
swing_baseline,1674565200000,28157,1674568800000,1674568800000,2023,0.4964899766440179,1930.255,3.858499999999968,1932.375,1926.3965,1945.689,1926.3965,2.2269800117086582,-1.0,STOP
swing_baseline,1674572400000,28159,1674576000000,1674612000000,2023,0.7490190591358377,1917.065,5.566357142857116,1934.885,1911.4986428571428,1939.3304285714285,1939.3304285714285,0.19008640568829352,0.19008640568829352,TARGET
swing_baseline,1674622800000,28172,1674626400000,1674651600000,2023,0.4932711435308509,1925.705,4.567285714285698,1927.525,1921.1377142857143,1943.9741428571426,1921.1377142857143,2.5752946702153054,-1.0,STOP
swing_baseline,1674723600000,28198,1674727200000,1674745200000,2023,0.49280820938442316,1933.785,4.507857142857104,1936.745,1929.277142857143,1951.8164285714286,1929.277142857143,2.0181731229077706,-1.0,STOP
swing_baseline,1674748800000,28205,1674752400000,1675144800000,2023,0.5918814930465165,1918.627,6.281928571428547,1925.808,1912.3450714285714,1943.754714285714,1912.3450714285714,1.3330468323066824,-1.0,STOP
swing_baseline,1675152000000,28266,1675155600000,1675162800000,2023,0.3746395648910845,1904.918,3.6675714285714287,1906.725,1901.2504285714285,1919.5882857142856,1901.2504285714285,2.3496425030008994,-1.0,STOP
swing_baseline,1675166400000,28270,1675170000000,1675170000000,2023,0.5556617362020717,1900.665,4.728357142857135,1907.115,1895.936642857143,1919.5784285714285,1919.5784285714285,1.1149606701725918,1.1149606701725918,TARGET
swing_baseline,1675234800000,28288,1675238400000,1675270800000,2023,0.34226333507844,1923.998,2.572500000000008,1924.855,1921.4255,1934.288,1921.4255,2.7505467269281523,-1.0,STOP
swing_baseline,1675342800000,28317,1675346400000,1675346400000,2023,0.43071790396863113,1943.237,4.564785714285709,1944.225,1938.6722142857143,1961.496142857143,1938.6722142857143,3.110356449144028,-1.0,STOP
swing_baseline,1675350000000,28319,1675353600000,1675407600000,2023,0.4616301482786523,1917.147,6.365142857142863,1926.055,1910.781857142857,1942.6075714285714,1910.781857142857,1.0837698293923785,-1.0,STOP
swing_baseline,1675418400000,28337,1675422000000,1675429200000,2023,0.6049975451435399,1909.388,3.511142857142837,1911.795,1905.876857142857,1923.4325714285712,1905.876857142857,1.966422864315438,-1.0,STOP
swing_baseline,1675432800000,28341,1675436400000,1675440000000,2023,0.5152793271888638,1875.065,6.484428571428533,1882.515,1868.5805714285716,1901.002714285714,1868.5805714285716,1.326765155165506,-1.0,STOP
swing_baseline,1675443600000,28344,1675447200000,1675897200000,2023,0.26421562570597423,1862.568,8.024642857142842,1863.298,1854.543357142857,1894.6665714285714,1874.727,3.5830783665809647,1.3054787255741849,72H_TIMEOUT
swing_baseline,1675954800000,28433,1675958400000,1675958400000,2023,0.393454612408565,1872.475,5.319928571428542,1874.085,1867.1550714285713,1893.754714285714,1867.1550714285713,2.838371865304634,-1.0,STOP
swing_baseline,1675962000000,28435,1675965600000,1675998000000,2023,0.5023542661982194,1862.885,6.523285714285668,1868.325,1856.3617142857142,1888.9781428571428,1856.3617142857142,1.7263771300287536,-1.0,STOP
swing_baseline,1676001600000,28445,1676005200000,1676383200000,2023,0.3567538674677251,1853.688,6.173642857142828,1853.825,1847.5143571428573,1878.3825714285715,1847.5143571428573,3.891453213958358,-1.0,STOP
swing_baseline,1676440800000,28515,1676444400000,1676444400000,2023,0.4309661477493346,1841.995,5.683285714285765,1843.455,1836.311714285714,1864.728142857143,1836.311714285714,2.9780613163209853,-1.0,STOP
swing_baseline,1676448000000,28517,1676451600000,1676599200000,2023,0.44098780434657636,1831.735,4.793428571428616,1833.645,1826.9415714285713,1850.9087142857143,1826.9415714285713,2.575355894638077,-1.0,STOP
swing_baseline,1676606400000,28559,1676610000000,1676872800000,2023,0.563176358758721,1823.715,5.371142857142819,1826.665,1818.3438571428571,1845.1995714285713,1845.1995714285713,2.2274069495948305,2.2274069495948305,TARGET
swing_baseline,1676912400000,28595,1676916000000,1676948400000,2023,0.3626389333449347,1840.655,3.054285714285681,1840.755,1837.6007142857143,1852.8721428571428,1837.6007142857143,3.8414855072461664,-1.0,STOP
swing_baseline,1676962800000,28604,1676966400000,1676980800000,2023,0.41974173171876106,1833.475,2.9817857142856417,1834.645,1830.4932142857142,1845.4021428571425,1830.4932142857142,2.5909677419353634,-1.0,STOP
swing_baseline,1677060000000,28630,1677063600000,1677067200000,2023,0.46573946433324337,1832.025,2.9272142857143018,1833.335,1829.0977857142857,1843.7338571428572,1843.7338571428572,2.4541730584447112,2.4541730584447112,TARGET
swing_baseline,1677078000000,28635,1677081600000,1677092400000,2023,0.620204493881511,1831.235,4.473642857142879,1835.895,1826.761357142857,1849.1295714285714,1826.761357142857,1.4489915618083467,-1.0,STOP
swing_baseline,1677096000000,28640,1677106800000,1677157200000,2023,0.4125588716516053,1823.425,5.573571428571427,1825.154,1817.8514285714286,1845.7192857142857,1817.8514285714286,2.816170429203042,-1.0,STOP
swing_baseline,1677225600000,28673,1677229200000,1677240000000,2023,0.5990319017729933,1819.635,2.8931428571428506,1822.765,1816.741857142857,1831.2075714285713,1816.741857142857,1.4016887244437322,-1.0,STOP
swing_baseline,1677243600000,28678,1677247200000,1677466800000,2023,0.5681230181271545,1811.498,3.721928571428553,1815.435,1807.7760714285714,1826.3857142857144,1807.7760714285714,1.4297971555141296,-1.0,STOP
swing_baseline,1677560400000,28714,1677564000000,1677571200000,2023,0.49084820850216304,1812.064,3.067071428571466,1813.305,1808.9969285714287,1824.332285714286,1808.9969285714287,2.5596803342563885,-1.0,STOP
swing_baseline,1677740400000,28760,1677744000000,1677826800000,2023,0.47629755857985834,1830.105,3.600571428571389,1831.568,1826.5044285714287,1844.5072857142857,1844.5072857142857,2.5553674707293474,2.5553674707293474,TARGET
swing_baseline,1678093200000,28807,1678096800000,1678125600000,2023,0.46110031353558933,1850.505,3.4735714285714203,1851.355,1847.0314285714287,1864.3992857142857,1847.0314285714287,3.0170163555262643,-1.0,STOP
swing_baseline,1678129200000,28817,1678132800000,1678186800000,2023,0.43077881769849696,1845.015,3.775071428571404,1846.035,1841.2399285714287,1860.1152857142856,1841.2399285714287,2.9364079188452124,-1.0,STOP
swing_baseline,1678190400000,28833,1678194000000,1678194000000,2023,0.36271886557486616,1838.765,2.865999999999985,1839.505,1835.8990000000001,1850.229,1835.8990000000001,2.9739323349972127,-1.0,STOP
swing_baseline,1678197600000,28835,1678201200000,1678201200000,2023,0.4375174269054886,1829.815,3.502642857142843,1831.535,1826.3123571428573,1843.8255714285715,1826.3123571428573,2.3533241243486813,-1.0,STOP
swing_baseline,1678212000000,28839,1678215600000,1678374000000,2023,0.3686899933498804,1812.775,4.982214285714268,1814.405,1807.7927857142859,1832.7038571428573,1832.7038571428573,2.7674325652743144,2.7674325652743144,TARGET
swing_baseline,1678766400000,28939,1678770000000,1678798800000,2023,0.6366249927440727,1901.515,5.723999999999933,1904.105,1895.7910000000002,1924.4109999999998,1895.7910000000002,2.442386336300238,-1.0,STOP
swing_baseline,1678856400000,28963,1678860000000,1678867200000,2023,0.3952953620890034,1899.035,3.437857142857086,1900.065,1895.597142857143,1912.7864285714284,1895.597142857143,2.847322142286103,-1.0,STOP
swing_baseline,1678928400000,28982,1678932000000,1679054400000,2023,0.4871968442756312,1907.455,9.6191428571429,1910.995,1897.835857142857,1945.9315714285715,1945.9315714285715,2.6549275897257996,2.6549275897257996,TARGET
swing_baseline,1679320800000,29041,1679324400000,1679403600000,2023,0.5396268288538647,1965.748,10.532214285714272,1970.605,1955.2157857142859,2007.876857142857,1955.2157857142859,2.4219467252110825,-1.0,STOP
swing_baseline,1679407200000,29063,1679410800000,1679418000000,2023,0.5433659185926727,1945.135,6.363142857142877,1953.065,1938.771857142857,1970.5875714285714,1938.771857142857,1.2259425098948358,-1.0,STOP
swing_baseline,1679421600000,29067,1679425200000,1679508000000,2023,0.3460352263274204,1935.194,7.732071428571446,1936.575,1927.4619285714284,1966.1222857142857,1966.1222857142857,3.2422971712531434,3.2422971712531434,TARGET
swing_baseline,1679637600000,29124,1679641200000,1679677200000,2023,0.3856441618473567,1985.124,5.986714285714307,1985.905,1979.1372857142858,2009.0708571428572,1979.1372857142858,3.4229957360578163,-1.0,STOP
swing_baseline,1679680800000,29136,1679684400000,1679896800000,2023,0.4409571835552123,1975.165,8.248928571428548,1978.265,1966.9160714285715,2008.1607142857142,1966.9160714285715,2.634232306385103,-1.0,STOP
swing_baseline,1679900400000,29148,1679904000000,1679907600000,2023,0.5684009827845612,1965.815,5.270357142857149,1970.695,1960.544642857143,1986.8964285714287,1960.544642857143,1.5961436965624365,-1.0,STOP
swing_baseline,1679911200000,29151,1679914800000,1680022800000,2023,0.3578990347098341,1948.045,5.75499999999998,1949.675,1942.2900000000002,1971.065,1971.065,2.8964116452269173,2.8964116452269173,TARGET
swing_baseline,1680066000000,29192,1680069600000,1680073200000,2023,0.3060243160968412,1962.878,3.493785714285715,1962.884,1959.3842142857143,1976.8531428571428,1959.3842142857143,3.9914280466150416,-1.0,STOP
swing_baseline,1680138000000,29211,1680141600000,1680177600000,2023,0.4773308556893727,1955.204,4.917000000000014,1958.998,1950.287,1974.872,1974.872,1.8222936517047412,1.8222936517047412,TARGET
swing_baseline,1680246000000,29240,1680249600000,1680282000000,2023,0.4443950395118604,1974.785,3.333071428571478,1975.235,1971.4519285714287,1988.117285714286,1971.4519285714287,3.405245171157495,-1.0,STOP
swing_baseline,1680472800000,29254,1680476400000,1680487200000,2023,0.4209738725486507,1959.995,6.262928571428574,1962.394,1953.7320714285713,1985.0467142857142,1953.7320714285713,2.6152044661778904,-1.0,STOP
swing_baseline,1680490800000,29259,1680494400000,1680519600000,2023,0.4161319200169416,1949.595,6.415571428571444,1951.715,1943.1794285714286,1975.257285714286,1975.257285714286,2.7581382115182564,2.7581382115182564,TARGET
swing_baseline,1680588000000,29285,1680591600000,1680613200000,2023,0.6533302963935245,1976.825,3.4876428571428244,1981.498,1973.3373571428572,1990.7755714285713,1990.7755714285713,1.1368677187546272,1.1368677187546272,TARGET
swing_baseline,1680703200000,29316,1680706800000,1680786000000,2023,0.7580189198454983,2009.885,5.677285714285745,2018.644,2004.2077142857142,2032.594142857143,2004.2077142857142,0.9663249351831737,-1.0,STOP
swing_baseline,1681084800000,29346,1681088400000,1681092000000,2023,0.344328412834559,1997.498,5.5218571428571295,1998.195,1991.9761428571428,2019.5854285714286,1991.9761428571428,3.439607644950856,-1.0,STOP
swing_baseline,1681131600000,29359,1681135200000,1681261200000,2023,0.4198272720453948,1986.114,5.35450000000003,1988.045,1980.7595000000001,2007.5320000000002,2007.5320000000002,2.674764944067009,2.674764944067009,TARGET
swing_baseline,1681304400000,29404,1681308000000,1681387200000,2023,0.6231912288643031,2001.225,7.083642857142844,2007.725,1994.141357142857,2029.5595714285712,2029.5595714285712,1.6074164830599695,1.6074164830599695,TARGET
swing_baseline,1681455600000,29443,1681459200000,1681459200000,2023,0.6166483372901039,2036.495,3.69585714285714,2039.065,2032.7991428571427,2051.2784285714283,2032.7991428571427,1.9492031645424082,-1.0,STOP
swing_baseline,1681473600000,29448,1681477200000,1681480800000,2023,0.6317571106434312,2017.125,5.625571428571448,2024.555,2011.4994285714286,2039.6272857142858,2011.4994285714286,1.1544715447154408,-1.0,STOP
swing_baseline,1681484400000,29451,1681488000000,1681740000000,2023,0.31309870452678457,1993.584,7.727357142857143,1995.545,1985.856642857143,2024.4934285714287,1985.856642857143,2.987960512249639,-1.0,STOP
swing_baseline,1681822800000,29495,1681826400000,1681826400000,2023,0.7791522259352403,1991.195,4.435714285714328,1999.125,1986.7592857142856,2008.9378571428572,2008.9378571428572,0.7935536044362267,0.7935536044362267,TARGET
swing_baseline,1681884000000,29509,1681887600000,1681891200000,2023,0.5210238620025931,1986.875,4.798357142857136,1990.995,1982.0766428571428,2006.0684285714285,1982.0766428571428,1.690157540226037,-1.0,STOP
swing_baseline,1681894800000,29512,1681898400000,1681912800000,2023,0.32213357625256794,1972.568,5.375642857142858,1973.985,1967.1923571428572,1994.0705714285714,1994.0705714285714,2.956959735848732,2.956959735848732,TARGET
swing_baseline,1682053200000,29554,1682056800000,1682056800000,2023,0.4046552833350013,1993.885,3.591428571428553,1994.805,1990.2935714285713,2008.2507142857141,1990.2935714285713,2.98036732108915,-1.0,STOP
swing_baseline,1682082000000,29562,1682085600000,1682380800000,2023,0.4014586041179394,1972.395,7.031642857142856,1973.614,1965.3633571428572,2000.5215714285714,2000.5215714285714,3.261269684613339,3.261269684613339,TARGET
swing_baseline,1682409600000,29603,1682413200000,1682416800000,2023,0.4723999735718914,1986.798,4.438071428571415,1988.358,1982.3599285714286,2004.5502857142856,1982.3599285714286,2.6995820085027327,-1.0,STOP
swing_baseline,1682420400000,29606,1682424000000,1682442000000,2023,0.3405991203451153,1976.565,5.197357142857121,1977.485,1971.367642857143,1997.3544285714286,1997.3544285714286,3.248041287671049,3.248041287671049,TARGET
swing_baseline,1682506800000,29629,1682510400000,1682514000000,2023,0.6194226807452068,1991.285,4.089642857142865,1995.624,1987.1953571428571,2007.6435714285715,2007.6435714285715,1.4260387623833646,1.4260387623833646,TARGET
swing_baseline,1682524800000,29634,1682528400000,1682600400000,2023,0.3587873715904512,1985.345,5.524928571428567,1986.485,1979.8200714285715,2007.4447142857143,1979.8200714285715,3.1447770311546575,-1.0,STOP
swing_baseline,1682661600000,29670,1682665200000,1682668800000,2023,0.5782912667243335,1983.195,3.527785714285739,1985.738,1979.6672142857142,1997.306142857143,1979.6672142857142,1.9055429398406458,-1.0,STOP
swing_baseline,1682683200000,29676,1682686800000,1682690400000,2023,0.7521252309104007,1975.905,4.071428571428588,1984.135,1971.8335714285713,1992.1907142857144,1992.1907142857144,0.6548600627104921,0.6548600627104921,TARGET
swing_baseline,1682910000000,29690,1682913600000,1682942400000,2023,0.5598159955330785,1980.515,4.346357142857089,1983.235,1976.168642857143,1997.9004285714284,1997.9004285714284,2.075387399043793,2.075387399043793,TARGET
swing_baseline,1683014400000,29718,1683018000000,1683025200000,2023,0.6329132240726866,1978.324,2.778642857142862,1981.195,1975.5453571428573,1989.4385714285715,1989.4385714285715,1.4591314242367557,1.4591314242367557,TARGET
swing_baseline,1683115200000,29745,1683118800000,1683118800000,2023,0.8413768651655232,2007.414,3.1373571428571267,2013.625,2004.2766428571429,2019.9634285714285,2019.9634285714285,0.6780259327460054,0.6780259327460054,TARGET
swing_baseline,1683270000000,29786,1683273600000,1683284400000,2023,0.44017867263796423,2039.285,4.062928571428562,2040.425,2035.2220714285716,2055.5367142857144,2035.2220714285716,2.9044631457559547,-1.0,STOP
swing_baseline,1683288000000,29791,1683291600000,1683291600000,2023,0.45821734014979787,2007.605,5.771785714285686,2010.335,2001.8332142857143,2030.6921428571427,2001.8332142857143,2.394454946439808,-1.0,STOP
swing_baseline,1683295200000,29793,1683298800000,1683558000000,2023,0.5676273341241993,1999.455,7.22464285714284,2010.665,1992.230357142857,2028.3535714285713,2028.3535714285713,0.9595288373985188,0.9595288373985188,TARGET
swing_baseline,1683698400000,29854,1683702000000,1683720000000,2023,0.5996650401736662,2027.375,3.226714285714268,2032.014,2024.1482857142857,2040.281857142857,2040.281857142857,1.0511260443153068,1.0511260443153068,TARGET
swing_baseline,1683730800000,29863,1683734400000,1683810000000,2023,0.45208877975584616,2021.434,6.447571428571434,2024.944,2014.9864285714286,2047.2242857142858,2014.9864285714286,2.2375220578741555,-1.0,STOP
swing_baseline,1683853200000,29895,1683856800000,1683882000000,2023,0.4098414767713602,2010.655,6.845571428571426,2011.964,2003.8094285714285,2038.0372857142856,2003.8094285714285,3.1973827125888996,-1.0,STOP
swing_baseline,1684213200000,29945,1684216800000,1684216800000,2023,0.34989903340909073,2012.384,2.6534285714285653,2012.704,2009.7305714285715,2022.9977142857142,2009.7305714285715,3.4619006437975353,-1.0,STOP
swing_baseline,1684238400000,29952,1684242000000,1684249200000,2023,0.7366952038868375,2001.124,3.967000000000001,2011.924,1997.157,2016.992,1997.157,0.34319767048147665,-1.0,STOP
swing_baseline,1684252800000,29956,1684256400000,1684324800000,2023,0.2941720525692223,1987.415,5.458285714285694,1987.505,1981.9567142857143,2009.2481428571427,1981.9567142857143,3.9188938668313242,-1.0,STOP
swing_baseline,1684328400000,29976,1684332000000,1684396800000,2023,0.40184335473227606,1976.388,3.710000000000037,1977.594,1972.6779999999999,1991.228,1972.6779999999999,2.7733930024409177,-1.0,STOP
swing_baseline,1684411200000,29998,1684414800000,1684414800000,2023,0.39069422755097516,1966.135,3.47749999999998,1966.878,1962.6575,1980.0449999999998,1962.6575,3.1197725387987734,-1.0,STOP
swing_baseline,1684418400000,30000,1684422000000,1684508400000,2023,0.3641271789989954,1954.315,4.646571428571406,1955.325,1949.6684285714286,1972.9012857142857,1972.9012857142857,3.1072330538438258,3.1072330538438258,TARGET
swing_baseline,1684731600000,30037,1684735200000,1684800000000,2023,0.4703857803726538,1972.265,5.52192857142854,1972.945,1966.7430714285715,1994.3527142857142,1966.7430714285715,3.451783431421184,-1.0,STOP
swing_baseline,1684803600000,30055,1684807200000,1684825200000,2023,0.29852650384336943,1960.265,4.795785714285638,1960.295,1955.4692142857145,1979.4481428571426,1955.4692142857145,3.9689169787304066,-1.0,STOP
swing_baseline,1684828800000,30062,1684832400000,1684846800000,2023,0.6090638045192925,1954.084,4.24828571428569,1959.795,1949.8357142857144,1971.077142857143,1971.077142857143,1.1328265079251274,1.1328265079251274,TARGET
swing_baseline,1684911600000,30083,1684915200000,1684936800000,2023,0.5409422272965907,1970.585,3.792714285714299,1973.945,1966.7922857142858,1985.7558571428572,1966.7922857142858,1.651241287023943,-1.0,STOP
swing_baseline,1684940400000,30091,1684944000000,1684976400000,2023,0.49201757090359616,1960.375,5.373785714285694,1962.945,1955.0012142857142,1981.8701428571428,1955.0012142857142,2.3823833544639643,-1.0,STOP
swing_baseline,1684990800000,30104,1684994400000,1685016000000,2023,0.4408381733821113,1954.835,4.390571428571434,1955.865,1950.4444285714285,1972.3972857142858,1950.4444285714285,3.049915665190765,-1.0,STOP
swing_baseline,1685041200000,30118,1685044800000,1685422800000,2023,0.42857582921799314,1938.658,5.812000000000012,1940.035,1932.846,1961.906,1932.846,3.042286827096902,-1.0,STOP
swing_baseline,1685599200000,30215,1685602800000,1685602800000,2023,0.47252573233916595,1960.415,3.1823571428571507,1961.455,1957.2326428571428,1973.1444285714285,1957.2326428571428,2.768460406340394,-1.0,STOP
swing_baseline,1685606400000,30217,1685610000000,1685613600000,2023,0.5185743073210413,1953.255,3.1050714285714127,1955.895,1950.1499285714287,1965.6752857142858,1965.6752857142858,1.7023784361751801,1.7023784361751801,TARGET
swing_baseline,1685707200000,30244,1685710800000,1685710800000,2023,0.5969700585879686,1968.505,3.901714285714288,1970.788,1964.603285714286,1984.1118571428572,1964.603285714286,2.1543205599058215,-1.0,STOP
swing_baseline,1685714400000,30246,1685718000000,1685721600000,2023,0.49159255737421725,1960.935,5.141571428571443,1964.874,1955.7934285714284,1981.5012857142858,1955.7934285714284,1.8310836322446402,-1.0,STOP
swing_baseline,1685725200000,30249,1685728800000,1685923200000,2023,0.3319696109923742,1951.205,5.505142857142865,1951.845,1945.6998571428571,1973.2255714285714,1945.6998571428571,3.4792635298493177,-1.0,STOP
swing_baseline,1685930400000,30257,1685934000000,1685948400000,2023,0.422010902693489,1943.915,5.181142857142845,1944.795,1938.7338571428572,1964.6395714285713,1938.7338571428572,3.2740642971622345,-1.0,STOP
swing_baseline,1685962800000,30266,1685966400000,1685973600000,2023,0.5954158661475253,1938.255,3.938285714285696,1942.175,1934.3167142857144,1954.008142857143,1954.008142857143,1.5058173356603162,1.5058173356603162,TARGET
swing_baseline,1686034800000,30285,1686038400000,1686142800000,2023,0.4646160495847053,1956.725,2.8635714285714715,1957.425,1953.8614285714284,1968.1792857142857,1968.1792857142857,3.017839246341858,3.017839246341858,TARGET
swing_baseline,1686150000000,30314,1686153600000,1686164400000,2023,0.29562179616362705,1946.244,5.47271428571433,1947.055,1940.7712857142856,1968.1348571428573,1940.7712857142856,3.354681034874636,-1.0,STOP
swing_baseline,1686168000000,30319,1686175200000,1686229200000,2023,0.29870157490637733,1939.638,5.877428571428595,1940.344,1933.7605714285714,1963.1477142857143,1963.1477142857143,3.4638052252408373,3.4638052252408373,TARGET
swing_baseline,1686315600000,30358,1686319200000,1686574800000,2023,0.7338425479634103,1956.475,3.4635714285714454,1961.465,1953.0114285714285,1970.3292857142858,1953.0114285714285,1.0485847063794025,-1.0,STOP
swing_baseline,1686657600000,30403,1686661200000,1686668400000,2023,0.8397595638313636,1949.264,4.503428571428588,1961.325,1944.7605714285712,1967.2777142857142,1944.7605714285712,0.3593673189536813,-1.0,STOP
swing_baseline,1686675600000,30408,1686679200000,1686790800000,2023,0.36654562125615175,1941.175,6.046571428571481,1942.505,1935.1284285714285,1965.361285714286,1935.1284285714285,3.0984971725152217,-1.0,STOP
swing_baseline,1686794400000,30439,1686798000000,1686830400000,2023,0.45511221212075903,1932.305,6.070714285714287,1935.078,1926.2342857142858,1956.5878571428573,1926.2342857142858,2.432219817142156,-1.0,STOP
swing_baseline,1686891600000,30465,1686895200000,1686916800000,2023,0.591507867997876,1954.545,2.968928571428559,1957.924,1951.5760714285716,1966.4207142857142,1966.4207142857142,1.3385018735020737,1.3385018735020737,TARGET
swing_baseline,1686924000000,30474,1686927600000,1687172400000,2023,0.7626375912181543,1953.165,4.562499999999967,1960.078,1948.6025,1971.4149999999997,1948.6025,0.9879308091150495,-1.0,STOP
swing_baseline,1687176000000,30495,1687179600000,1687262400000,2023,0.5227892888224839,1947.685,2.9592857142857025,1952.004,1944.7257142857143,1959.5221428571429,1944.7257142857143,1.0329551699772561,-1.0,STOP
swing_baseline,1687266000000,30513,1687269600000,1687348800000,2023,0.3252902784362241,1930.915,4.820285714285693,1931.728,1926.0947142857142,1950.1961428571428,1926.0947142857142,3.2783962670858333,-1.0,STOP
swing_baseline,1687352400000,30534,1687356000000,1687366800000,2023,0.8038056408938274,1919.075,3.9175000000000018,1928.414,1915.1575,1934.7450000000001,1934.7450000000001,0.47757703767964016,0.47757703767964016,TARGET
swing_baseline,1687410000000,30549,1687413600000,1687420800000,2023,0.6238244274033461,1927.885,2.7121428571428754,1930.425,1925.172857142857,1938.7335714285714,1925.172857142857,1.581939344485242,-1.0,STOP
swing_baseline,1687435200000,30556,1687438800000,1687438800000,2023,0.3911168464725169,1923.335,3.4619285714285946,1923.355,1919.8730714285714,1937.1827142857144,1919.8730714285714,3.9712802839148686,-1.0,STOP
swing_baseline,1687442400000,30558,1687446000000,1687485600000,2023,0.39517990955150506,1914.898,4.338857142857186,1915.125,1910.5591428571427,1932.2534285714287,1910.5591428571427,3.751415787991478,-1.0,STOP
swing_baseline,1687784400000,30601,1687788000000,1687874400000,2023,0.5996266998077948,1921.425,3.891499999999951,1924.745,1917.5335,1936.9909999999998,1917.5335,1.6981210566456435,-1.0,STOP
swing_baseline,1687888800000,30627,1687892400000,1687950000000,2023,0.5484046264703605,1910.785,4.815999999999982,1914.705,1905.969,1930.049,1905.969,1.756410256410287,-1.0,STOP
swing_baseline,1687953600000,30643,1687957200000,1688018400000,2023,0.4973586672657485,1905.498,2.963071428571376,1906.865,1902.5349285714287,1917.3502857142855,1902.5349285714287,2.4215040992395775,-1.0,STOP
swing_baseline,1688022000000,30661,1688025600000,1688040000000,2023,0.5986517209088598,1902.455,2.8106428571428523,1905.625,1899.6443571428572,1913.6975714285713,1899.6443571428572,1.3497832292276222,-1.0,STOP
swing_baseline,1688043600000,30667,1688047200000,1688047200000,2023,0.6584382259463206,1892.915,4.4122857142857095,1899.534,1888.5027142857143,1910.5641428571428,1910.5641428571428,0.9998963985547358,0.9998963985547358,TARGET
swing_baseline,1688104800000,30683,1688108400000,1688112000000,2023,0.7253958866745119,1903.575,2.210642857142862,1906.725,1901.3643571428572,1912.4175714285716,1901.3643571428572,1.0619195458967605,-1.0,STOP
swing_baseline,1688364000000,30706,1688367600000,1688371200000,2023,0.4939864952864429,1913.375,2.915214285714277,1915.075,1910.4597857142858,1925.0358571428571,1910.4597857142858,2.1582653645551155,-1.0,STOP
swing_baseline,1688518800000,30739,1688522400000,1688536800000,2023,0.3671728788946465,1923.875,2.345071428571422,1924.095,1921.5299285714286,1933.2552857142857,1921.5299285714286,3.571162039486539,-1.0,STOP
swing_baseline,1688565600000,30752,1688569200000,1688583600000,2023,0.5764729820401775,1919.015,3.847785714285692,1922.585,1915.1672142857144,1934.4061428571429,1915.1672142857144,1.593621508151273,-1.0,STOP
swing_baseline,1688587200000,30758,1688594400000,1688644800000,2023,0.3254420657845571,1914.565,4.242071428571388,1914.504,1910.3229285714287,1931.5332857142855,1910.3229285714287,4.072947809003398,-1.0,STOP
swing_baseline,1688961600000,30809,1688965200000,1688990400000,2023,0.376862915847466,1920.925,4.37749999999999,1921.195,1916.5475,1938.435,1916.5475,3.7095212479827593,-1.0,STOP
swing_baseline,1689224400000,30875,1689228000000,1689249600000,2023,0.384603019724626,1955.165,2.9153571428571303,1955.325,1952.2496428571428,1966.8264285714286,1952.2496428571428,3.7398676111948572,-1.0,STOP
swing_baseline,1689318000000,30899,1689321600000,1689343200000,2023,0.5923236405184095,1954.265,2.7357142857142662,1956.785,1951.5292857142858,1965.2078571428572,1951.5292857142858,1.6026094047295463,-1.0,STOP
swing_baseline,1689562800000,30918,1689566400000,1689598800000,2023,0.3890152392461607,1950.835,3.5830714285714294,1952.025,1947.2519285714286,1965.1672857142858,1947.2519285714286,2.7534232225430935,-1.0,STOP
swing_baseline,1689746400000,30964,1689750000000,1689775200000,2023,0.6565818451329496,1972.915,3.1119285714285883,1976.465,1969.8030714285715,1985.3627142857142,1969.8030714285715,1.3356063773896691,-1.0,STOP
swing_baseline,1689854400000,30993,1689858000000,1689861600000,2023,0.4316739413156229,1972.305,3.683357142857127,1973.865,1968.621642857143,1987.0384285714285,1968.621642857143,2.5124034492623344,-1.0,STOP
swing_baseline,1689868800000,30997,1689872400000,1689944400000,2023,0.46110754947283605,1965.198,4.696428571428555,1967.885,1960.5015714285714,1983.9837142857143,1960.5015714285714,2.1803846451513103,-1.0,STOP
swing_baseline,1689948000000,31017,1689951600000,1690221600000,2023,0.39934066998108964,1957.945,3.8178571428571786,1959.685,1954.1271428571426,1973.2164285714287,1954.1271428571426,2.4346485027630957,-1.0,STOP
swing_baseline,1690225200000,31045,1690228800000,1690351200000,2023,0.3980075209030312,1953.335,4.184785714285746,1954.215,1949.1502142857144,1970.074142857143,1970.074142857143,3.1312564344847424,3.1312564344847424,TARGET
swing_baseline,1690459200000,31107,1690462800000,1690462800000,2023,0.49668860415272725,1957.905,4.9260000000000606,1960.165,1952.9789999999998,1977.6090000000002,1952.9789999999998,2.427497912607824,-1.0,STOP
swing_baseline,1690466400000,31109,1690470000000,1690808400000,2023,0.31065016645395555,1942.575,6.238142857142942,1944.394,1936.336857142857,1967.5275714285717,1967.5275714285717,2.8711879432624188,2.8711879432624188,TARGET
swing_baseline,1690855200000,31166,1690858800000,1690873200000,2023,0.4970530105885136,1958.915,3.8122142857142927,1960.435,1955.1027857142856,1974.163857142857,1955.1027857142856,2.574700941715404,-1.0,STOP
swing_baseline,1690887600000,31175,1690891200000,1690891200000,2023,0.3697181715374454,1953.065,2.5775714285714293,1953.505,1950.4874285714286,1963.3752857142858,1950.4874285714286,3.2709368934336247,-1.0,STOP
swing_baseline,1690894800000,31177,1690898400000,1690984800000,2023,0.5722318779250166,1944.335,3.367285714285718,1948.495,1940.9677142857142,1957.804142857143,1940.9677142857142,1.2367197434097348,-1.0,STOP
swing_baseline,1690988400000,31202,1690992000000,1691150400000,2023,0.4357797202704023,1932.885,4.382928571428579,1935.455,1928.5020714285715,1950.4167142857143,1928.5020714285715,2.151857901603707,-1.0,STOP
swing_baseline,1691380800000,31260,1691384400000,1691398800000,2023,0.5137816490268592,1937.395,3.0343571428571425,1938.715,1934.360642857143,1949.5324285714285,1934.360642857143,2.4842768327291966,-1.0,STOP
swing_baseline,1691402400000,31266,1691406000000,1691478000000,2023,0.5618533011672834,1933.278,2.744857142857167,1935.185,1930.5331428571428,1944.2574285714286,1930.5331428571428,1.950280993765954,-1.0,STOP
swing_baseline,1691492400000,31289,1691496000000,1691496000000,2023,0.30115485422028965,1928.035,3.2205000000000155,1928.785,1924.8145,1940.9170000000001,1924.8145,3.0555345674347483,-1.0,STOP
swing_baseline,1691499600000,31291,1691503200000,1691589600000,2023,0.4904698750832396,1922.655,3.832642857142884,1926.275,1918.822357142857,1937.9855714285716,1918.822357142857,1.571331358961799,-1.0,STOP
swing_baseline,1691593200000,31314,1691596800000,1691668800000,2023,0.39540824826565574,1915.455,3.507714285714282,1916.635,1911.9472857142857,1929.485857142857,1929.485857142857,2.741390869750691,2.741390869750691,TARGET
swing_baseline,1691676000000,31334,1691679600000,1692014400000,2023,0.45598664965307845,1913.425,4.056500000000012,1914.858,1909.3685,1929.651,1909.3685,2.6947809454413645,-1.0,STOP
swing_baseline,1692018000000,31377,1692021600000,1692100800000,2023,0.47521751723827504,1902.595,3.3196428571428505,1904.055,1899.2753571428573,1915.8735714285715,1899.2753571428573,2.4726892326085688,-1.0,STOP
swing_baseline,1692187200000,31419,1692190800000,1692205200000,2023,0.5140266289908656,1899.905,2.306499999999996,1900.665,1897.5985,1909.1309999999999,1897.5985,2.760802217511872,-1.0,STOP
swing_baseline,1692208800000,31425,1692212400000,1692216000000,2023,0.34354094468383417,1894.495,3.200285714285688,1894.905,1891.2947142857142,1907.2961428571427,1891.2947142857142,3.43217790440008,-1.0,STOP
swing_baseline,1692230400000,31430,1692234000000,1692291600000,2023,0.5516087591375314,1890.878,3.4441428571428463,1892.775,1887.433857142857,1904.6545714285712,1887.433857142857,2.2241628329944105,-1.0,STOP
swing_baseline,1692360000000,31464,1692363600000,1692579600000,2023,0.588920406015965,1888.555,2.5545714285714536,1890.145,1886.0004285714285,1898.773285714286,1886.0004285714285,2.0818282090170137,-1.0,STOP
swing_baseline,1692583200000,31477,1692586800000,1692684000000,2023,0.7097120111737251,1884.755,3.572642857142877,1892.825,1881.1823571428572,1899.0455714285715,1899.0455714285715,0.53429204218483,0.53429204218483,TARGET
swing_baseline,1692709200000,31509,1692712800000,1692770400000,2023,0.42590081503395677,1889.018,3.8031428571428343,1890.194,1885.2148571428572,1904.2305714285715,1904.2305714285715,2.8190738509210704,2.8190738509210704,TARGET
swing_baseline,1692878400000,31551,1692882000000,1692885600000,2023,0.7505804528457993,1911.655,2.5089285714285388,1915.105,1909.1460714285715,1921.6907142857142,1921.6907142857142,1.1051842972729968,1.1051842972729968,TARGET
swing_baseline,1692943200000,31565,1692946800000,1692972000000,2023,0.38371662705474374,1912.695,2.7654999999999745,1912.975,1909.9295,1923.7569999999998,1909.9295,3.5403053685766253,-1.0,STOP
swing_baseline,1693224000000,31594,1693227600000,1693234800000,2023,0.7503131390111905,1913.295,1.9626428571428476,1917.015,1911.3323571428573,1921.1455714285714,1921.1455714285714,0.7268750707040121,0.7268750707040121,TARGET
swing_baseline,1693306800000,31613,1693310400000,1693317600000,2023,0.3412451234480611,1916.615,2.3617857142857184,1917.078,1914.2532142857142,1926.0621428571428,1926.0621428571428,3.1804688092648448,3.1804688092648448,TARGET
swing_baseline,1693378800000,31631,1693382400000,1693396800000,2023,0.6693297487917856,1934.838,1.7274999999999798,1936.465,1933.1105,1941.7479999999998,1941.7479999999998,1.5748993888806182,1.5748993888806182,TARGET
swing_baseline,1693486800000,31656,1693490400000,1693569600000,2023,0.7380658142959381,1940.245,2.38521428571432,1943.645,1937.8597857142856,1949.7858571428571,1949.7858571428571,1.0614744484091132,1.0614744484091132,TARGET
swing_baseline,1693576800000,31677,1693580400000,1693904400000,2023,0.6612969202871648,1934.355,3.846000000000036,1939.995,1930.509,1949.7390000000003,1930.509,1.0271979759646317,-1.0,STOP
swing_baseline,1693908000000,31712,1693911600000,1693915200000,2023,0.37946061507664486,1930.145,2.182714285714269,1931.015,1927.9622857142858,1938.875857142857,1927.9622857142858,2.5750386073283225,-1.0,STOP
swing_baseline,1693918800000,31715,1693922400000,1693983600000,2023,0.431555415413298,1926.585,3.0649999999999733,1927.695,1923.52,1938.845,1923.52,2.6706586826347816,-1.0,STOP
swing_baseline,1693987200000,31730,1693990800000,1694008800000,2023,0.5205751373269435,1922.6,2.0127857142857044,1924.665,1920.5872142857143,1930.6511428571428,1920.5872142857143,1.4679885792359162,-1.0,STOP
swing_baseline,1694088000000,31756,1694091600000,1694134800000,2023,0.9002991446924101,1916.095,2.3751428571427886,1923.105,1913.7198571428573,1925.5955714285712,1925.5955714285712,0.26537384315634027,0.26537384315634027,TARGET
swing_baseline,1694178000000,31779,1694181600000,1694386800000,2023,0.791289859004526,1920.065,2.840857142857089,1928.535,1917.224142857143,1931.4284285714284,1917.224142857143,0.2558098413660524,-1.0,STOP
swing_baseline,1694440800000,31802,1694444400000,1694512800000,2023,0.4222289258220161,1921.435,3.046999999999993,1922.475,1918.388,1933.6229999999998,1918.388,2.7276731098605187,-1.0,STOP
swing_baseline,1694516400000,31820,1694520000000,1694520000000,2023,0.5412601158710804,1910.974,2.371928571428579,1912.855,1908.6020714285714,1920.4617142857142,1908.6020714285714,1.7885826573285226,-1.0,STOP
swing_baseline,1694523600000,31822,1694527200000,1694692800000,2023,0.45344972272041917,1907.478,2.7784285714285653,1909.095,1904.6995714285715,1918.5917142857143,1904.6995714285715,2.1605889235569604,-1.0,STOP
swing_baseline,1694700000000,31864,1694703600000,1694739600000,2023,0.7082566397327898,1900.898,3.4317142857142926,1908.328,1897.4662857142857,1914.624857142857,1914.624857142857,0.5797295875420865,0.5797295875420865,TARGET
swing_baseline,1695045600000,31909,1695049200000,1695067200000,2023,0.6787409783576357,1922.678,2.7325714285714184,1926.765,1919.9454285714287,1933.6082857142858,1933.6082857142858,1.0034773865136046,1.0034773865136046,TARGET
swing_baseline,1695103200000,31924,1695106800000,1695117600000,2023,0.542156004412763,1929.684,1.6010714285714422,1930.408,1928.0829285714285,1936.0882857142858,1936.0882857142858,2.4430585849898283,2.4430585849898283,TARGET
swing_baseline,1695146400000,31936,1695150000000,1695214800000,2023,0.5371459290428466,1929.675,2.536142857142847,1930.705,1927.1388571428572,1939.8195714285714,1939.8195714285714,2.5558626767617185,2.5558626767617185,TARGET
swing_baseline,1695254400000,31960,1695258000000,1695297600000,2023,0.31103421454166474,1924.485,4.460428571428565,1924.925,1920.0245714285713,1942.3267142857142,1920.0245714285713,3.551059674080933,-1.0,STOP
swing_baseline,1695301200000,31971,1695304800000,1695366000000,2023,0.5769977573613259,1913.808,3.3601428571428675,1916.305,1910.4478571428572,1927.2485714285715,1927.2485714285715,1.8684146341463315,1.8684146341463315,TARGET
swing_baseline,1695600000000,32001,1695603600000,1695650400000,2023,0.676152251540568,1923.135,2.42599999999998,1924.865,1920.709,1932.839,1920.709,1.9186717998075145,-1.0,STOP
swing_baseline,1695686400000,32023,1695690000000,1695708000000,2023,0.27318203850284994,1914.678,2.6735714285713845,1914.765,1912.0044285714287,1925.3722857142857,1912.0044285714287,3.8424239287931483,-1.0,STOP
swing_baseline,1695711600000,32030,1695715200000,1695729600000,2023,0.6366395274850988,1909.575,1.827642857142873,1913.595,1907.7473571428573,1916.8855714285714,1907.7473571428573,0.5627175785114933,-1.0,STOP
swing_baseline,1695733200000,32036,1695736800000,1695740400000,2023,0.5632559451907998,1904.525,2.803642857142888,1906.634,1901.7213571428572,1915.7395714285717,1901.7213571428572,1.8534975355133907,-1.0,STOP
swing_baseline,1695744000000,32039,1695747600000,1695787200000,2023,0.38492615797245416,1900.628,3.345571428571475,1901.135,1897.2824285714285,1914.0102857142858,1897.2824285714285,3.3419979234647856,-1.0,STOP
swing_baseline,1695790800000,32050,1695794400000,1695812400000,2023,0.4504134968966548,1895.535,2.676785714285708,1896.235,1892.8582142857144,1906.2421428571429,1892.8582142857144,2.963511369645949,-1.0,STOP
swing_baseline,1695816000000,32057,1695819600000,1695819600000,2023,0.6179614881842016,1889.635,2.6210000000000298,1891.665,1887.014,1900.1190000000001,1887.014,1.8176736185766622,-1.0,STOP
swing_baseline,1695823200000,32059,1695826800000,1695826800000,2023,0.3706619997821989,1883.448,3.2660000000000275,1883.545,1880.182,1896.5120000000002,1880.182,3.8557835266131075,-1.0,STOP
swing_baseline,1695830400000,32061,1695834000000,1695902400000,2023,0.38951262834753553,1875.375,3.6021428571428618,1875.795,1871.7728571428572,1889.7835714285713,1871.7728571428572,3.4778902503995393,-1.0,STOP
swing_baseline,1695906000000,32081,1695909600000,1695909600000,2023,0.44333318615973544,1871.205,3.1562142857142947,1872.858,1868.0487857142857,1883.829857142857,1868.0487857142857,2.281424052042961,-1.0,STOP
swing_baseline,1695913200000,32083,1695916800000,1695992400000,2023,0.7374814018509043,1857.565,4.150285714285701,1864.665,1853.4147142857144,1874.1661428571429,1874.1661428571429,0.8445245835026524,0.8445245835026524,TARGET
swing_baseline,1695996000000,32104,1695999600000,1695999600000,2023,0.5130158174255268,1858.855,4.412928571428568,1860.765,1854.4420714285714,1876.5067142857142,1854.4420714285714,2.489623931044516,-1.0,STOP
swing_baseline,1696006800000,32107,1696010400000,1696208400000,2023,0.33621972624766483,1849.585,5.110500000000002,1849.895,1844.4745,1870.027,1844.4745,3.714048519509318,-1.0,STOP
swing_baseline,1696212000000,32115,1696215600000,1696237200000,2023,0.46766341701744263,1842.785,4.90542857142855,1843.935,1837.8795714285716,1862.4067142857143,1837.8795714285716,3.0504388034350525,-1.0,STOP
swing_baseline,1696255200000,32127,1696258800000,1696287600000,2023,0.4893416125060825,1827.065,4.963142857142868,1828.785,1822.1018571428572,1846.9175714285716,1822.1018571428572,2.713180283014825,-1.0,STOP
swing_baseline,1696298400000,32137,1696302000000,1696586400000,2023,0.5032175270966531,1815.245,4.941142857142901,1817.335,1810.303857142857,1835.0095714285715,1820.425,2.5137551302368197,0.4394733634036063,72H_TIMEOUT
swing_baseline,1696593600000,32212,1696597200000,1696597200000,2023,0.6822233326041587,1810.288,3.2081428571428723,1815.015,1807.0798571428572,1823.1205714285716,1823.1205714285716,1.0214776941633998,1.0214776941633998,TARGET
swing_baseline,1696852800000,32235,1696856400000,1696878000000,2023,0.7162911526172888,1844.885,3.667714285714266,1847.815,1841.2172857142857,1859.5558571428571,1859.5558571428571,1.7795340377619677,1.7795340377619677,TARGET
swing_baseline,1696935600000,32256,1696939200000,1697007600000,2023,0.6181684229076165,1854.765,2.8131428571428096,1857.105,1851.9518571428573,1866.0175714285713,1866.0175714285713,1.7295409181636878,1.7295409181636878,TARGET
swing_baseline,1697115600000,32301,1697119200000,1697130000000,2023,0.4702568453012925,1872.765,3.5717857142857383,1873.735,1869.1932142857145,1887.052142857143,1869.1932142857145,2.9321380828814347,-1.0,STOP
swing_baseline,1697133600000,32306,1697137200000,1697184000000,2023,0.35017410044045144,1867.825,3.9475714285714494,1868.335,1863.8774285714287,1883.6152857142858,1883.6152857142858,3.427939621190369,3.427939621190369,TARGET
swing_baseline,1697436000000,32339,1697439600000,1697544000000,2023,0.4586310056463707,1909.108,4.71771428571427,1909.835,1904.3902857142857,1927.9788571428571,1927.9788571428571,3.3323800278119977,3.3323800278119977,TARGET
swing_baseline,1698012000000,32445,1698015600000,1698145200000,2023,0.6265705065742267,1964.865,7.650499999999998,1976.135,1957.2145,1995.467,1957.2145,1.0217488966993558,-1.0,STOP
swing_baseline,1698217200000,32499,1698220800000,1698238800000,2023,0.48620968328458253,1968.195,3.881499999999992,1971.105,1964.3135,1983.721,1983.721,1.8576161378193194,1.8576161378193194,TARGET
swing_baseline,1698246000000,32507,1698249600000,1698292800000,2023,0.8678233621482061,1962.854,6.2942857142857065,1981.105,1956.5597142857143,1988.0311428571429,1988.0311428571429,0.2821781313839725,0.2821781313839725,TARGET
swing_baseline,1698321600000,32527,1698325200000,1698426000000,2023,0.5963242497218283,1974.584,4.382142857142867,1979.535,1970.201857142857,1992.1125714285715,1992.1125714285715,1.3476244413151097,1.3476244413151097,TARGET
swing_baseline,1698649200000,32567,1698652800000,1698768000000,2023,0.34575277489545037,1993.275,5.403142857142841,1993.665,1987.8718571428572,2014.8875714285714,1987.8718571428572,3.6633951469718182,-1.0,STOP
swing_baseline,1698771600000,32600,1698775200000,1698800400000,2023,0.2896176672583003,1983.205,5.148499999999997,1984.055,1978.0565,2003.799,1978.0565,3.2914895390513332,-1.0,STOP
swing_baseline,1698807600000,32609,1698811200000,1698861600000,2023,0.3459615484989688,1976.855,5.089071428571434,1977.015,1971.7659285714285,1997.2112857142859,1971.7659285714285,3.8475920911180403,-1.0,STOP
swing_baseline,1698930000000,32642,1698933600000,1699012800000,2023,0.5548644162535409,1981.885,3.386428571428545,1984.205,1978.4985714285715,1995.4307142857142,1995.4307142857142,1.967204906746823,1.967204906746823,TARGET
swing_baseline,1699239600000,32676,1699243200000,1699318800000,2023,0.45414467722828383,1981.845,6.439785714285709,1985.085,1975.4052142857142,2007.604142857143,1975.4052142857142,2.3264092327899686,-1.0,STOP
swing_baseline,1699322400000,32698,1699326000000,1699340400000,2023,0.2905719922042625,1972.728,3.153142857142857,1972.715,1969.5748571428571,1985.3405714285716,1969.5748571428571,4.020699695191464,-1.0,STOP
swing_baseline,1699344000000,32704,1699347600000,1699354800000,2023,0.3802561759617205,1965.888,2.6532142857142844,1966.574,1963.2347857142856,1976.500857142857,1963.2347857142856,2.9728122526683283,-1.0,STOP
swing_baseline,1699358400000,32708,1699362000000,1699408800000,2023,0.45035019894456013,1957.115,3.2370714285714257,1958.685,1953.8779285714286,1970.0632857142857,1970.0632857142857,2.3669891083077452,2.3669891083077452,TARGET
swing_baseline,1699437600000,32729,1699441200000,1699455600000,2023,0.5636366901645978,1959.485,2.5175714285714514,1961.955,1956.9674285714284,1969.5552857142857,1956.9674285714284,1.5238449861083025,-1.0,STOP
swing_baseline,1699466400000,32737,1699470000000,1699516800000,2023,0.42411626947651315,1950.885,4.333071428571462,1951.905,1946.5519285714286,1968.217285714286,1946.5519285714286,3.0472759297066334,-1.0,STOP
swing_baseline,1699596000000,32770,1699599600000,1699610400000,2023,0.5001816727702972,1955.518,3.845499999999999,1956.885,1951.6725000000001,1970.9,1951.6725000000001,2.6887290167866604,-1.0,STOP
swing_baseline,1699614000000,32775,1699617600000,1699617600000,2023,0.45578440125216735,1947.085,2.840500000000004,1948.155,1944.2445,1958.4470000000001,1944.2445,2.631888505306293,-1.0,STOP
swing_baseline,1699621200000,32777,1699624800000,1699628400000,2023,0.6333318813564065,1943.025,3.2302142857142826,1946.045,1939.7947857142858,1955.9458571428572,1939.7947857142858,1.5840828314457853,-1.0,STOP
swing_baseline,1699632000000,32780,1699635600000,1699639200000,2023,0.5526124170966871,1937.105,4.0904285714285935,1939.405,1933.0145714285713,1953.4667142857145,1933.0145714285713,2.2004336843046683,-1.0,STOP
swing_baseline,1699884000000,32800,1699887600000,1699891200000,2023,0.30417747611844126,1932.315,3.210142857142874,1932.535,1929.104857142857,1945.1555714285716,1945.1555714285716,3.67931364791128,3.67931364791128,TARGET
swing_baseline,1700056800000,32842,1700060400000,1700139600000,2023,0.5768497885788751,1955.325,3.816642857142824,1957.385,1951.5083571428572,1970.5915714285713,1970.5915714285713,2.247298627739376,2.247298627739376,TARGET
swing_baseline,1700229600000,32888,1700233200000,1700434800000,2023,0.5142994989641478,1979.295,3.810785714285722,1980.275,1975.4842142857144,1994.538142857143,1975.4842142857144,2.9772032622146885,-1.0,STOP
swing_baseline,1700438400000,32897,1700442000000,1700485200000,2023,0.5835536783833867,1973.265,4.037357142857137,1977.445,1969.2276428571429,1989.4144285714287,1969.2276428571429,1.4566031831576465,-1.0,STOP
swing_baseline,1700488800000,32911,1700492400000,1700524800000,2023,0.5094151444351958,1965.355,4.357285714285695,1970.015,1960.9977142857142,1982.7841428571428,1982.7841428571428,1.4160738898305973,1.4160738898305973,TARGET
swing_baseline,1700665200000,32958,1700668800000,1701046800000,2023,0.5893550966105484,1989.885,4.375499999999988,1994.815,1985.5095000000001,2007.387,2007.387,1.3510289613669306,1.3510289613669306,TARGET
swing_baseline,1701100800000,33019,1701104400000,1701176400000,2023,0.7301170759526662,2005.608,3.8273571428571977,2010.635,2001.7806428571428,2020.9174285714287,2020.9174285714287,1.1612845975750454,1.1612845975750454,TARGET
swing_baseline,1701248400000,33058,1701252000000,1701442800000,2023,0.6078638116276086,2035.205,4.023214285714289,2038.228,2031.1817857142855,2051.297857142857,2051.297857142857,1.8548764787575052,1.8548764787575052,TARGET
swing_baseline,1701676800000,33124,1701680400000,1701698400000,2023,0.6949967494323992,2057.685,11.520214285714278,2069.685,2046.1647857142857,2103.765857142857,2046.1647857142857,1.4490028334289915,-1.0,STOP
swing_baseline,1701702000000,33131,1701705600000,1701975600000,2023,0.47455916185685304,2019.925,10.974571428571462,2022.425,2008.9504285714286,2063.8232857142857,2030.225,3.072326710629559,0.5788681325671623,72H_TIMEOUT
swing_baseline,1702022400000,33216,1702026000000,1702040400000,2023,0.49658149113530703,2026.425,2.917214285714311,2028.085,2023.5077857142855,2038.0938571428571,2023.5077857142855,2.186669995786475,-1.0,STOP
swing_baseline,1702044000000,33222,1702047600000,1702054800000,2023,0.5490436258597666,2002.495,4.829428571428593,2008.535,1997.6655714285712,2021.8127142857143,1997.6655714285712,1.2215650711037047,-1.0,STOP
swing_baseline,1702278000000,33238,1702281600000,1702303200000,2023,0.5028303128296429,1991.215,4.302285714285729,1992.725,1986.9127142857142,2008.424142857143,1986.9127142857142,2.7010273804257117,-1.0,STOP
swing_baseline,1702306800000,33246,1702310400000,1702447200000,2023,0.3801697952395214,1980.505,5.024642857142859,1982.305,1975.4803571428572,2000.6035714285715,1975.4803571428572,2.6812496729289874,-1.0,STOP
swing_baseline,1702558800000,33313,1702562400000,1702663200000,2023,0.8174682977294422,2027.445,5.729999999999969,2037.135,2021.715,2050.365,2021.715,0.8579766536964805,-1.0,STOP
swing_baseline,1702666800000,33342,1702670400000,1702994400000,2023,0.4828194187965695,2015.515,5.500500000000037,2019.015,2010.0145,2037.5170000000003,2037.5170000000003,2.0556635742458718,2.0556635742458718,TARGET
swing_baseline,1703066400000,33401,1703070000000,1703070000000,2023,0.4003141834211826,2035.495,2.426285714285752,2035.825,2033.0687142857141,2045.200142857143,2033.0687142857141,3.4013683010259905,-1.0,STOP
swing_baseline,1703077200000,33404,1703080800000,1703163600000,2023,0.783095942288891,2029.478,3.037714285714304,2036.278,2026.4402857142857,2041.6288571428572,2041.6288571428572,0.5439126394052058,0.5439126394052058,TARGET
swing_baseline,1703599200000,33472,1703602800000,1703620800000,2023,0.5322179642157849,2054.465,3.302785714285652,2057.015,2051.1622142857145,2067.6761428571426,2067.6761428571426,1.8215501775712162,1.8215501775712162,TARGET
swing_baseline,1703671200000,33491,1703674800000,1703689200000,2023,0.6105550692364411,2061.385,3.063785714285717,2064.585,2058.3212142857146,2073.640142857143,2073.640142857143,1.4456342011335912,1.4456342011335912,TARGET
swing_baseline,1703754000000,33513,1703757600000,1703790000000,2023,0.6314489125052347,2072.994,3.587785714285733,2076.885,2069.406214285714,2087.345142857143,2069.406214285714,1.3986418727256382,-1.0,STOP
swing_baseline,1703797200000,33525,1703804400000,1703854800000,2023,0.37305829961626114,2064.448,5.220285714285702,2065.698,2059.2277142857142,2085.329142857143,2059.2277142857142,3.034045747593453,-1.0,STOP
swing_baseline,1704204000000,33563,1704207600000,1704207600000,2024,0.6857860384246296,2062.095,4.775714285714328,2070.295,2057.3192857142853,2081.197857142857,2057.3192857142853,0.8402510183859638,-1.0,STOP
swing_baseline,1704272400000,33581,1704276000000,1704279600000,2024,0.5285509026301122,2054.235,2.914785714285764,2056.695,2051.3202142857144,2065.8941428571434,2051.3202142857144,1.7115366725584342,-1.0,STOP
swing_baseline,1704283200000,33584,1704286800000,1704290400000,2024,0.4846533960006652,2041.685,3.882714285714298,2045.565,2037.8022857142857,2057.215857142857,2037.8022857142857,1.5008741419606504,-1.0,STOP
swing_baseline,1704297600000,33588,1704301200000,1704711600000,2024,0.36054901112646925,2031.218,6.023571428571407,2032.405,2025.1944285714287,2055.3122857142857,2025.1944285714287,3.1769029599398535,-1.0,STOP
swing_baseline,1704812400000,33657,1704816000000,1704866400000,2024,0.35982722365294467,2028.665,4.5092857142857055,2028.755,2024.1557142857143,2046.7021428571427,2024.1557142857143,3.9021587202980754,-1.0,STOP
swing_baseline,1704906000000,33682,1704909600000,1704978000000,2024,0.3878665366974866,2022.135,4.466428571428586,2023.935,2017.6685714285713,2040.0007142857144,2040.0007142857144,2.563775219423238,2.563775219423238,TARGET
swing_baseline,1704981600000,33702,1704985200000,1704988800000,2024,0.5806103604179653,2024.825,4.433499999999981,2029.585,2020.3915000000002,2042.559,2020.3915000000002,1.4112144449883215,-1.0,STOP
swing_baseline,1704992400000,33705,1704996000000,1705035600000,2024,0.3667598106218499,2013.225,5.874857142857146,2014.245,2007.3501428571428,2036.7244285714285,2036.7244285714285,3.260318249627089,3.260318249627089,TARGET
swing_baseline,1705330800000,33749,1705334400000,1705392000000,2024,0.6636982911250252,2049.29,3.421928571428615,2053.108,2045.8680714285713,2062.9777142857142,2045.8680714285713,1.363233654633438,-1.0,STOP
swing_baseline,1705395600000,33762,1705399200000,1705410000000,2024,0.49804600933654697,2038.588,3.269214285714221,2041.125,2035.3187857142857,2051.664857142857,2035.3187857142857,1.8152718146812525,-1.0,STOP
swing_baseline,1705424400000,33770,1705428000000,1705467600000,2024,0.33627726227943205,2024.885,5.309142857142774,2025.225,2019.5758571428573,2046.121571428571,2019.5758571428573,3.6990693910582,-1.0,STOP
swing_baseline,1705471200000,33782,1705474800000,1705500000000,2024,0.46410278968240354,2017.598,4.579857142857155,2019.165,2013.0181428571427,2035.9174285714287,2013.0181428571427,2.7253648786836258,-1.0,STOP
swing_baseline,1705503600000,33791,1705507200000,1705654800000,2024,0.41784385949887154,2006.095,6.111928571428588,2008.805,1999.9830714285715,2030.5427142857143,2030.5427142857143,2.464054668966132,2.464054668966132,TARGET
swing_baseline,1705899600000,33850,1705903200000,1705932000000,2024,0.46825435956830064,2021.765,3.5811428571428223,2023.115,2018.1838571428573,2036.0895714285714,2018.1838571428573,2.6311489657570535,-1.0,STOP
swing_baseline,1706108400000,33906,1706112000000,1706187600000,2024,0.3156380725505318,2014.815,4.717428571428562,2015.215,2010.0975714285714,2033.6847142857143,2010.0975714285714,3.6091787169896423,-1.0,STOP
swing_baseline,1706281200000,33952,1706284800000,1706511600000,2024,0.4082818312391608,2016.055,3.3842857142857548,2016.918,2012.6707142857142,2029.592142857143,2029.592142857143,2.9840570448354433,2.9840570448354433,TARGET
swing_baseline,1706540400000,33975,1706544000000,1706598000000,2024,0.6045934306807486,2020.485,4.691928571428581,2025.345,2015.7930714285712,2039.2527142857143,2039.2527142857143,1.4560111271470657,1.4560111271470657,TARGET
swing_baseline,1706626800000,33998,1706630400000,1706709600000,2024,0.6276924305245366,2028.935,4.890714285714304,2032.515,2024.0442857142857,2048.4978571428574,2048.4978571428574,1.8868370014334996,1.8868370014334996,TARGET
swing_baseline,1706731200000,34026,1706734800000,1706803200000,2024,0.5277828991248289,2031.0,5.941285714285706,2034.755,2025.0587142857144,2054.765142857143,2054.765142857143,2.0636915461001246,2.0636915461001246,TARGET
swing_baseline,1706878800000,34065,1706882400000,1707120000000,2024,0.6492605302789816,2029.535,4.327071428571425,2031.595,2025.2079285714287,2046.8432857142857,2025.2079285714287,2.38736733803782,-1.0,STOP
swing_baseline,1707123600000,34084,1707127200000,1707138000000,2024,0.5191331108016033,2020.555,3.963499999999986,2022.595,2016.5915,2036.409,2016.5915,2.300991088531691,-1.0,STOP
swing_baseline,1707141600000,34089,1707145200000,1707231600000,2024,0.5588325822643057,2014.835,4.772999999999976,2023.495,2010.0620000000001,2033.927,2033.927,0.7765949527283703,0.7765949527283703,TARGET
swing_baseline,1707292800000,34128,1707296400000,1707314400000,2024,0.5003162142960845,2031.138,2.477428571428618,2032.845,2028.6605714285713,2041.0477142857144,2041.0477142857144,1.960294971151495,1.960294971151495,TARGET
swing_baseline,1707361200000,34146,1707364800000,1707390000000,2024,0.3840745138483318,2031.675,3.7036428571428166,2032.725,2027.9713571428572,2046.4895714285713,2027.9713571428572,2.895583837958923,-1.0,STOP
swing_baseline,1707393600000,34155,1707397200000,1707742800000,2024,0.36147286806550594,2023.555,3.6551428571428426,2024.945,2019.8998571428572,2038.1755714285714,2019.8998571428572,2.6224374221316675,-1.0,STOP
swing_baseline,1707746400000,34202,1707750000000,1707807600000,2024,0.4525184898738733,2013.135,2.994214285714309,2014.875,2010.1407857142856,2025.1118571428572,2025.1118571428572,2.1623138550671603,2.1623138550671603,TARGET
swing_baseline,1707829200000,34223,1707832800000,1707832800000,2024,0.5648865377113691,2002.925,4.068214285714297,2004.305,1998.8567857142857,2019.1978571428572,1998.8567857142857,2.7335299901671166,-1.0,STOP
swing_baseline,1707836400000,34225,1707840000000,1707922800000,2024,0.37541436455069993,1989.985,5.199571428571452,1992.155,1984.7854285714284,2010.7832857142857,1984.7854285714284,2.5277298544206395,-1.0,STOP
swing_baseline,1708088400000,34291,1708092000000,1708095600000,2024,0.8368054848274832,1994.985,2.6786428571428558,2001.365,1992.306357142857,2005.6995714285713,2005.6995714285713,0.4785011945970847,0.4785011945970847,TARGET
swing_baseline,1708351200000,34314,1708354800000,1708358400000,2024,0.6163747510485281,2015.835,2.620428571428598,2017.175,2013.2145714285714,2026.3167142857144,2013.2145714285714,2.3082638964037514,-1.0,STOP
swing_baseline,1708473600000,34342,1708477200000,1708542000000,2024,0.4849265817741644,2022.835,2.7419285714286,2023.465,2020.0930714285714,2033.8027142857145,2020.0930714285714,3.0658165102634634,-1.0,STOP
swing_baseline,1708606800000,34378,1708610400000,1708668000000,2024,0.614126326844003,2022.355,2.8593571428571067,2025.525,2019.495642857143,2033.7924285714284,2019.495642857143,1.371195697243206,-1.0,STOP
swing_baseline,1708678800000,34396,1708682400000,1708689600000,2024,0.41275153908606255,2015.955,2.982428571428597,2016.715,2012.9725714285714,2027.8847142857144,2027.8847142857144,2.984616559148106,2.984616559148106,TARGET
swing_baseline,1708956000000,34424,1708959600000,1709020800000,2024,0.58572068599086,2025.505,2.867571428571377,2027.405,2022.6374285714287,2036.9752857142855,2036.9752857142855,2.007371228238427,2.007371228238427,TARGET
swing_baseline,1709049600000,34449,1709053200000,1709064000000,2024,0.49494051242943604,2031.715,2.5502857142856947,2033.045,2029.1647142857141,2041.9161428571426,2029.1647142857141,2.2862086738824163,-1.0,STOP
swing_baseline,1709100000000,34461,1709103600000,1709110800000,2024,0.42170077821555896,2028.525,2.621214285714294,2029.205,2025.9037857142857,2039.0098571428573,2025.9037857142857,2.9700759460805974,-1.0,STOP
swing_baseline,1709114400000,34465,1709118000000,1709125200000,2024,0.5899334781128753,2024.355,2.3367142857142977,2027.205,2022.0182857142856,2033.7018571428573,2033.7018571428573,1.2525959181425521,1.2525959181425521,TARGET
swing_baseline,1709200800000,34488,1709204400000,1709208000000,2024,0.42152365902336775,2030.405,2.0851428571428414,2030.655,2028.319857142857,2038.7455714285713,2028.319857142857,3.4647008442430676,-1.0,STOP
swing_baseline,1709280000000,34508,1709283600000,1709287200000,2024,0.434911136928383,2038.915,2.4182857142857137,2039.725,2036.4967142857142,2048.588142857143,2048.588142857143,2.7454642003717837,2.7454642003717837,TARGET
swing_baseline,1710147600000,34646,1710151200000,1710241200000,2024,0.5825825403923235,2175.785,4.7504285714286265,2180.415,2171.0345714285713,2194.7867142857144,2171.0345714285713,1.532095700775178,-1.0,STOP
swing_baseline,1710244800000,34670,1710248400000,1710248400000,2024,0.6549940146058616,2160.908,4.681499999999979,2169.655,2156.2264999999998,2179.634,2156.2264999999998,0.7431209740476962,-1.0,STOP
swing_baseline,1710252000000,34672,1710255600000,1710349200000,2024,0.6200353656867514,2152.545,6.054357142857141,2161.945,2146.490642857143,2176.7624285714287,2176.7624285714287,0.958786472608278,0.958786472608278,TARGET
swing_baseline,1710396000000,34709,1710399600000,1710417600000,2024,0.4336236989905067,2167.325,3.387642857142834,2168.645,2163.937357142857,2180.875571428571,2163.937357142857,2.598024489052566,-1.0,STOP
swing_baseline,1710421200000,34716,1710424800000,1710428400000,2024,0.5472645643774953,2158.465,3.6724285714285534,2162.334,2154.7925714285716,2173.1547142857144,2154.7925714285716,1.4348361432090362,-1.0,STOP
swing_baseline,1710504000000,34738,1710507600000,1710712800000,2024,0.5134372973626831,2157.475,3.6695000000000033,2161.695,2153.8055,2172.153,2153.8055,1.32555928766073,-1.0,STOP
swing_baseline,1710723600000,34750,1710727200000,1710957600000,2024,0.4427206499281942,2150.115,5.040928571428659,2152.195,2145.074071428571,2170.2787142857146,2170.2787142857146,2.5395163150871967,2.5395163150871967,TARGET
swing_baseline,1711026000000,34830,1711029600000,1711029600000,2024,0.4849150083222571,2191.535,6.837428571428551,2191.785,2184.6975714285713,2218.884714285714,2184.6975714285713,3.823631379504957,-1.0,STOP
swing_baseline,1711033200000,34832,1711036800000,1711126800000,2024,0.6375598603921323,2166.264,6.899642857142778,2174.565,2159.3643571428574,2193.8625714285713,2159.3643571428574,1.2695233754211608,-1.0,STOP
swing_baseline,1711414800000,34886,1711418400000,1711443600000,2024,0.4776083639277289,2167.458,3.6938571428571385,2169.298,2163.764142857143,2182.2334285714287,2182.2334285714287,2.337506776467086,2.337506776467086,TARGET
swing_baseline,1711972800000,34964,1711976400000,1711980000000,2024,0.7167150062346664,2243.515,7.40335714285717,2252.455,2236.1116428571427,2273.1284285714287,2236.1116428571427,1.26494381727832,-1.0,STOP
swing_baseline,1712131200000,35006,1712134800000,1712160000000,2024,0.5754772029740619,2267.558,6.437071428571406,2273.085,2261.1209285714285,2293.3062857142854,2293.3062857142854,1.6901675850910367,1.6901675850910367,TARGET
swing_baseline,1712214000000,35028,1712217600000,1712232000000,2024,0.4347356425295506,2291.755,4.583285714285629,2292.904,2287.1717142857146,2310.0881428571424,2287.1717142857146,2.9977819867418782,-1.0,STOP
swing_baseline,1712257200000,35040,1712260800000,1712278800000,2024,0.5348637599152316,2279.688,7.673571428571384,2284.725,2272.0144285714287,2310.3822857142854,2272.0144285714287,2.0185784611234876,-1.0,STOP
swing_baseline,1712584800000,35081,1712588400000,1712653200000,2024,0.6815581364412834,2318.575,11.287928571428663,2328.715,2307.2870714285714,2363.7267142857145,2363.7267142857145,1.6339290178705235,1.6339290178705235,TARGET
swing_baseline,1712674800000,35105,1712678400000,1712750400000,2024,0.42534291894104437,2338.125,8.895357142857133,2340.218,2329.229642857143,2373.7064285714287,2329.229642857143,3.0476283338859873,-1.0,STOP
swing_baseline,1712754000000,35126,1712757600000,1712757600000,2024,0.6964370576717159,2319.265,7.665142857142947,2333.865,2311.5998571428568,2349.925571428572,2349.925571428572,0.7213325120624404,0.7213325120624404,TARGET
swing_baseline,1712822400000,35143,1712826000000,1712854800000,2024,0.4150476994433751,2325.655,7.414500000000024,2327.858,2318.2405000000003,2355.313,2355.313,2.854691967767132,2.854691967767132,TARGET
swing_baseline,1712934000000,35173,1712937600000,1712937600000,2024,0.7444403589490086,2381.945,11.979785714285688,2395.435,2369.9652142857144,2429.8641428571427,2369.9652142857144,1.351764135095652,-1.0,STOP
swing_baseline,1712941200000,35175,1712944800000,1713189600000,2024,0.4488427923526577,2346.265,15.251500000000012,2354.964,2331.0135,2407.2709999999997,2331.0135,2.1839627565186515,-1.0,STOP
swing_baseline,1713250800000,35211,1713254400000,1713488400000,2024,0.4303468883921117,2362.844,9.80307142857136,2365.445,2353.0409285714286,2402.0562857142854,2402.0562857142854,2.951553925266403,2.951553925266403,TARGET
swing_baseline,1713524400000,35284,1713528000000,1713754800000,2024,0.4581779741676817,2372.805,11.05878571428577,2376.735,2361.746214285714,2417.040142857143,2361.746214285714,2.689019886295862,-1.0,STOP
swing_baseline,1713762000000,35301,1713765600000,1713765600000,2024,0.4334819364301781,2360.755,7.61057142857138,2365.355,2353.1444285714288,2391.1972857142855,2353.1444285714288,2.116386269508867,-1.0,STOP
swing_baseline,1713783600000,35307,1713787200000,1713790800000,2024,0.4074083786553631,2339.295,8.065285714285665,2342.085,2331.229714285714,2371.5561428571427,2331.229714285714,2.714911761222264,-1.0,STOP
swing_baseline,1713801600000,35312,1713805200000,1713834000000,2024,0.35169890143160515,2328.948,9.772214285714265,2329.705,2319.1757857142857,2368.036857142857,2319.1757857142857,3.640523984288625,-1.0,STOP
swing_baseline,1713862800000,35328,1713866400000,1713880800000,2024,0.4370620738806031,2291.265,10.185357142857194,2295.555,2281.0796428571425,2332.006428571429,2332.006428571429,2.5181712763070236,2.5181712763070236,TARGET
swing_baseline,1713949200000,35351,1713952800000,1713970800000,2024,0.5254508522153033,2311.635,5.031214285714311,2314.955,2306.603785714286,2331.7598571428575,2331.7598571428575,2.012265111147366,2.012265111147366,TARGET
swing_baseline,1714014000000,35368,1714017600000,1714046400000,2024,0.6127926840545511,2304.898,7.313857142857192,2313.084,2297.584142857143,2334.153428571429,2334.153428571429,1.3593305007419916,1.3593305007419916,TARGET
swing_baseline,1714140000000,35402,1714143600000,1714352400000,2024,0.563505052943725,2328.605,7.242571428571409,2333.475,2321.3624285714286,2357.5752857142857,2321.3624285714286,1.9896919375383546,-1.0,STOP
swing_baseline,1714449600000,35438,1714453200000,1714456800000,2024,0.4021509249833607,2324.835,5.042000000000046,2326.295,2319.793,2345.003,2319.793,2.8772685327591847,-1.0,STOP
swing_baseline,1714460400000,35441,1714464000000,1714474800000,2024,0.45638257325608306,2315.215,4.790785714285708,2317.455,2310.4242142857142,2334.378142857143,2310.4242142857142,2.407005922930803,-1.0,STOP
swing_baseline,1714478400000,35446,1714482000000,1714485600000,2024,0.44195718279890467,2304.515,5.228357142857119,2305.955,2299.286642857143,2325.4284285714284,2299.286642857143,2.9202737877181306,-1.0,STOP
swing_baseline,1714496400000,35451,1714500000000,1714532400000,2024,0.553264336889889,2291.465,7.099142857142916,2295.825,2284.3658571428573,2319.861571428572,2284.3658571428573,2.0975889495600546,-1.0,STOP
swing_baseline,1714536000000,35461,1714539600000,1714572000000,2024,0.4543399758070838,2281.515,6.315357142857238,2283.045,2275.199642857143,2306.776428571429,2306.776428571429,3.024900987845401,3.024900987845401,TARGET
swing_baseline,1714636800000,35488,1714640400000,1714651200000,2024,0.41296395227006616,2302.914,8.679928571428459,2303.865,2294.234071428572,2337.633714285714,2294.234071428572,3.506278136658221,-1.0,STOP
swing_baseline,1714654800000,35493,1714658400000,1714737600000,2024,0.5614345813529698,2285.358,6.266857142857036,2291.455,2279.091142857143,2310.4254285714283,2310.4254285714283,1.5343455001328878,1.5343455001328878,TARGET
swing_baseline,1714741200000,35516,1714744800000,1714957200000,2024,0.6809541885856362,2277.165,7.68949999999992,2289.785,2269.4755,2307.923,2307.923,0.8930795932937817,0.8930795932937817,TARGET
swing_baseline,1715061600000,35555,1715065200000,1715068800000,2024,0.54466112943138,2318.215,4.592928571428566,2320.395,2313.6220714285714,2336.5867142857146,2313.6220714285714,2.3906518598201343,-1.0,STOP
swing_baseline,1715083200000,35561,1715086800000,1715155200000,2024,0.5843491870967342,2309.818,4.77742857142854,2315.918,2305.0405714285716,2328.9277142857145,2305.0405714285716,1.1960284731160387,-1.0,STOP
swing_baseline,1715238000000,35601,1715241600000,1715256000000,2024,0.4909489821213749,2307.555,3.6037857142857126,2309.205,2303.9512142857143,2321.9701428571425,2321.9701428571425,2.4297037510366457,2.4297037510366457,TARGET
swing_baseline,1715562000000,35641,1715565600000,1715580000000,2024,0.5585386804355214,2354.715,7.32921428571428,2359.068,2347.3857857142857,2384.0318571428575,2347.3857857142857,2.136911422125177,-1.0,STOP
swing_baseline,1715583600000,35647,1715587200000,1715587200000,2024,0.521647247334889,2346.395,4.480714285714287,2348.518,2341.9142857142856,2364.317857142857,2341.9142857142856,2.392571280231835,-1.0,STOP
swing_baseline,1715590800000,35649,1715594400000,1715612400000,2024,0.3713665670717861,2339.015,4.944714285714261,2340.085,2334.0702857142855,2358.7938571428567,2334.0702857142855,3.1105146901644147,-1.0,STOP
swing_baseline,1715778000000,35698,1715781600000,1715785200000,2024,0.6215385686968821,2351.735,7.264000000000026,2358.035,2344.471,2380.791,2380.791,1.6776762017104514,1.6776762017104514,TARGET
swing_baseline,1715850000000,35717,1715853600000,1715860800000,2024,0.5007655339497442,2383.638,4.73435714285714,2385.305,2378.9036428571426,2402.5754285714283,2378.9036428571426,2.697932358093653,-1.0,STOP
swing_baseline,1715864400000,35721,1715868000000,1715950800000,2024,0.5456937630775457,2371.565,5.765999999999979,2374.975,2365.799,2394.629,2394.629,2.1418918918919077,2.1418918918919077,TARGET
swing_baseline,1716206400000,35765,1716210000000,1716386400000,2024,0.5867055971745311,2407.145,10.374071428571437,2413.655,2396.7709285714286,2448.641285714286,2396.7709285714286,2.072147459355163,-1.0,STOP
swing_baseline,1716400800000,35816,1716404400000,1716440400000,2024,0.3778629544078115,2374.855,8.824071428571447,2377.695,2366.0309285714284,2410.1512857142857,2366.0309285714284,2.7825863304285026,-1.0,STOP
swing_baseline,1716444000000,35826,1716447600000,1716472800000,2024,0.6039240208080995,2354.855,7.931285714285683,2364.144,2346.923714285714,2386.5801428571426,2346.923714285714,1.3028902789069419,-1.0,STOP
swing_baseline,1716476400000,35835,1716480000000,1716494400000,2024,0.5220120220110541,2340.175,9.4002857142857,2346.048,2330.7747142857147,2377.776142857143,2330.7747142857147,2.077361967207093,-1.0,STOP
swing_baseline,1716512400000,35844,1716516000000,1716901200000,2024,0.5779506077218304,2326.615,8.545785714285785,2333.795,2318.069214285714,2360.798142857143,2360.798142857143,1.7171251947438313,1.7171251947438313,TARGET
swing_baseline,1716962400000,35915,1716966000000,1716969600000,2024,0.6295891223187311,2350.975,4.598357142857172,2355.695,2346.3766428571425,2369.3684285714285,2346.3766428571425,1.4673647255416453,-1.0,STOP
swing_baseline,1716973200000,35918,1716976800000,1716984000000,2024,0.6040891309036959,2340.758,4.5639999999999805,2345.608,2336.194,2359.0139999999997,2336.194,1.424049288293944,-1.0,STOP
swing_baseline,1717027200000,35932,1717030800000,1717034400000,2024,0.5506210837128784,2333.898,5.439499999999953,2336.748,2328.4585,2355.656,2328.4585,2.2809578382291114,-1.0,STOP
swing_baseline,1717045200000,35937,1717048800000,1717070400000,2024,0.47090522197545925,2322.458,5.406499999999888,2324.855,2317.0515,2344.084,2344.084,2.4641507016082334,2.4641507016082334,TARGET
swing_baseline,1717124400000,35958,1717128000000,1717160400000,2024,0.7129910228755322,2336.845,5.085142857142793,2343.595,2331.759857142857,2357.185571428571,2357.185571428571,1.1483233952152259,1.1483233952152259,TARGET
swing_baseline,1717164000000,35969,1717167600000,1717174800000,2024,0.40091212855774594,2334.018,6.698928571428626,2335.135,2327.3190714285715,2360.8137142857145,2327.3190714285715,3.285433592571893,-1.0,STOP
swing_baseline,1717178400000,35973,1717182000000,1717394400000,2024,0.3117791227768178,2322.275,7.331357142857216,2322.785,2314.943642857143,2351.600428571429,2314.943642857143,3.674801191484907,-1.0,STOP
swing_baseline,1717484400000,36008,1717488000000,1717488000000,2024,0.3987191380714454,2339.008,4.472928571428578,2339.605,2334.5350714285714,2356.8997142857143,2334.5350714285714,3.4112343087391817,-1.0,STOP
swing_baseline,1717491600000,36010,1717495200000,1717509600000,2024,0.45443377582622974,2326.615,4.720500000000032,2329.775,2321.8945,2345.497,2321.8945,1.995051075439291,-1.0,STOP
swing_baseline,1717678800000,36060,1717682400000,1717729200000,2024,0.617287232209821,2353.305,6.658000000000064,2360.435,2346.647,2379.937,2379.937,1.4144183347838655,1.4144183347838655,TARGET
swing_baseline,1717747200000,36078,1717750800000,1717754400000,2024,0.48382784666605966,2342.424,7.789071428571495,2347.105,2334.6349285714286,2373.5802857142858,2334.6349285714286,2.12310617993941,-1.0,STOP
swing_baseline,1717758000000,36081,1717761600000,1717761600000,2024,0.3957765109084449,2330.965,8.737428571428577,2336.468,2322.2275714285715,2365.9147142857146,2322.2275714285715,2.067825005266765,-1.0,STOP
swing_baseline,1717765200000,36083,1717768800000,1717786800000,2024,0.40652948664021726,2304.875,11.952642857142855,2309.415,2292.922357142857,2352.6855714285716,2292.922357142857,2.6236287175667012,-1.0,STOP
swing_baseline,1717790400000,36090,1717970400000,1718197200000,2024,0.568489292197243,2286.628,13.303142857142932,2294.415,2273.324857142857,2339.840571428572,2339.840571428572,2.153876895773945,2.153876895773945,TARGET
swing_baseline,1718240400000,36163,1718244000000,1718290800000,2024,0.4623072551572286,2307.985,9.475214285714337,2312.565,2298.509785714286,2345.8858571428573,2298.509785714286,2.3707114289054254,-1.0,STOP
swing_baseline,1718294400000,36178,1718298000000,1718359200000,2024,0.48731638721022924,2295.395,8.483071428571423,2299.155,2286.9119285714287,2329.3272857142856,2329.3272857142856,2.46443761194374,2.46443761194374,TARGET
swing_baseline,1718586000000,36209,1718589600000,1718604000000,2024,0.5868852688530067,2322.625,5.722642857142871,2326.138,2316.902357142857,2345.5155714285715,2316.902357142857,2.098129142530112,-1.0,STOP
swing_baseline,1718636400000,36223,1718640000000,1718730000000,2024,0.49223367457658834,2309.895,5.677928571428538,2312.455,2304.217071428571,2332.606714285714,2332.606714285714,2.44621133953572,2.44621133953572,TARGET
swing_baseline,1718794800000,36265,1718798400000,1718845200000,2024,0.6743122817507957,2325.715,3.048571428571417,2330.335,2322.6664285714287,2337.909285714286,2337.909285714286,0.9877049180328233,0.9877049180328233,TARGET
swing_baseline,1718953200000,36303,1718956800000,1718974800000,2024,0.7666805043443349,2354.995,3.931428571428569,2362.835,2351.0635714285713,2370.720714285714,2351.0635714285713,0.6699029126213378,-1.0,STOP
swing_baseline,1718978400000,36310,1718982000000,1718989200000,2024,0.32141504521013964,2328.495,7.264928571428625,2329.838,2321.230071428571,2357.5547142857145,2321.230071428571,3.21990523686616,-1.0,STOP
swing_baseline,1719277200000,36343,1719280800000,1719327600000,2024,0.5370865239455176,2323.035,4.3152857142857295,2325.708,2318.719714285714,2340.296142857143,2318.719714285714,2.087513798601624,-1.0,STOP
swing_baseline,1719331200000,36358,1719334800000,1719396000000,2024,0.49422234422824296,2315.405,6.636428571428496,2317.675,2308.7685714285717,2341.950714285714,2308.7685714285717,2.7256395861737075,-1.0,STOP
swing_baseline,1719399600000,36376,1719403200000,1719406800000,2024,0.6376874789710208,2304.265,5.869000000000044,2312.925,2298.3959999999997,2327.741,2298.3959999999997,1.0197535962557192,-1.0,STOP
swing_baseline,1719468000000,36394,1719471600000,1719475200000,2024,0.6673992859635296,2296.425,2.917357142857067,2301.078,2293.5076428571433,2308.0944285714286,2308.0944285714286,0.9268292682927459,0.9268292682927459,TARGET
swing_baseline,1719604800000,36430,1719784800000,1719990000000,2024,0.5571163098535166,2322.735,5.986142857142795,2326.315,2316.7488571428576,2346.6795714285713,2346.6795714285713,2.128817406627603,2.128817406627603,TARGET
swing_baseline,1720072800000,36508,1720076400000,1720162800000,2024,0.7843425101809272,2350.364,3.986642857142929,2356.215,2346.377357142857,2366.3105714285716,2366.3105714285716,1.0262185337660386,1.0262185337660386,TARGET
swing_baseline,1720418400000,36550,1720422000000,1720429200000,2024,0.40205873748343307,2376.615,4.843071428571453,2376.815,2371.7719285714284,2395.9872857142855,2371.7719285714284,3.801708142713222,-1.0,STOP
swing_baseline,1720450800000,36559,1720454400000,1720609200000,2024,0.5115413882760579,2350.945,6.697428571428548,2355.385,2344.2475714285715,2377.7347142857143,2377.7347142857143,2.0067212231599587,2.0067212231599587,TARGET
swing_baseline,1720760400000,36641,1720764000000,1720767600000,2024,0.5559034841841921,2405.315,5.078357142857223,2407.915,2400.2366428571427,2425.628428571429,2400.2366428571427,2.3069294957068904,-1.0,STOP
swing_baseline,1720778400000,36646,1720782000000,1720785600000,2024,0.4282214741046076,2399.705,4.499571428571471,2400.165,2395.2054285714285,2417.703285714286,2395.2054285714285,3.536250252037877,-1.0,STOP
swing_baseline,1721023200000,36665,1721026800000,1721041200000,2024,0.38941441960240736,2401.915,4.148928571428574,2403.115,2397.766071428571,2418.510714285714,2418.510714285714,2.8782800293783835,2.8782800293783835,TARGET
swing_baseline,1721224800000,36719,1721228400000,1721239200000,2024,0.5420587695515063,2461.028,9.46992857142852,2463.588,2451.558071428571,2498.907714285714,2451.558071428571,2.9359870323417976,-1.0,STOP
swing_baseline,1721318400000,36744,1721322000000,1721329200000,2024,0.2711307578335896,2455.728,5.901571428571385,2456.108,2449.8264285714286,2479.3342857142857,2449.8264285714286,3.697527916126388,-1.0,STOP
swing_baseline,1721347200000,36751,1721350800000,1721368800000,2024,0.6036598131577862,2426.074,6.851928571428483,2434.228,2419.222071428572,2453.481714285714,2419.222071428572,1.283073832723267,-1.0,STOP
swing_baseline,1721372400000,36758,1721376000000,1721390400000,2024,0.5920052779735456,2412.748,7.302428571428501,2418.065,2405.4455714285714,2441.9577142857142,2405.4455714285714,1.8933277485962465,-1.0,STOP
swing_baseline,1721394000000,36764,1721397600000,1721656800000,2024,0.7065653586831516,2393.675,8.151499999999974,2403.748,2385.5235000000002,2426.281,2385.5235000000002,1.2364125216055386,-1.0,STOP
swing_baseline,1721714400000,36803,1721718000000,1721721600000,2024,0.4817978993780911,2388.135,4.610214285714197,2390.235,2383.524785714286,2406.575857142857,2406.575857142857,2.4352213576316912,2.4352213576316912,TARGET
swing_baseline,1721840400000,36837,1721844000000,1721847600000,2024,0.37620832187885267,2407.895,7.058428571428489,2409.055,2400.8365714285715,2436.128714285714,2400.8365714285715,3.2942689773853906,-1.0,STOP
swing_baseline,1721851200000,36840,1721858400000,1721869200000,2024,0.25902449757812623,2396.585,7.408928571428468,2397.005,2389.1760714285715,2426.2207142857137,2389.1760714285715,3.7317640618583883,-1.0,STOP
swing_baseline,1721872800000,36845,1721876400000,1721916000000,2024,0.38951028001861326,2369.775,9.264714285714296,2372.528,2360.5102857142856,2406.833857142857,2360.5102857142856,2.8546074841900446,-1.0,STOP
swing_baseline,1721923200000,36859,1721926800000,1722204000000,2024,0.5641139513167797,2357.385,9.355285714285726,2362.508,2348.0297142857144,2394.806142857143,2394.806142857143,2.230798831748113,2.230798831748113,TARGET
swing_baseline,1722250800000,36900,1722254400000,1722261600000,2024,0.4203250438417751,2386.738,5.96885714285723,2387.655,2380.7691428571425,2410.613428571429,2380.7691428571425,3.3341424451772075,-1.0,STOP
swing_baseline,1722265200000,36904,1722268800000,1722344400000,2024,0.5255667980785201,2369.518,6.238142857142942,2376.815,2363.279857142857,2394.470571428572,2394.470571428572,1.304424461190993,1.304424461190993,TARGET
swing_baseline,1722502800000,36967,1722506400000,1722520800000,2024,0.5113821003092683,2430.075,7.100785714285719,2432.935,2422.974214285714,2458.4781428571428,2458.4781428571428,2.5643702806002824,2.5643702806002824,TARGET
swing_baseline,1722560400000,36982,1722564000000,1722600000000,2024,0.7569302212514498,2434.815,8.78057142857142,2446.995,2426.0344285714286,2469.9372857142857,2469.9372857142857,1.0945448597366636,1.0945448597366636,TARGET
swing_baseline,1722607200000,36995,1722610800000,1722610800000,2024,0.4680579948102262,2428.195,11.87471428571426,2431.408,2416.320285714286,2475.6938571428573,2416.320285714286,2.935226390440751,-1.0,STOP
swing_baseline,1722852000000,37014,1722855600000,1722855600000,2024,0.40615257365235746,2407.998,14.290714285714264,2408.438,2393.7072857142857,2465.160857142857,2393.7072857142857,3.850652184454202,-1.0,STOP
swing_baseline,1722859200000,37016,1722862800000,1723132800000,2024,0.48450298870237385,2364.164,16.80899999999997,2374.385,2347.3550000000005,2431.4,2418.534,2.109322974472823,1.6333333333333446,72H_TIMEOUT
swing_baseline,1723525200000,37147,1723528800000,1723640400000,2024,0.6415535662958706,2458.365,5.737642857142971,2462.595,2452.627357142857,2481.3155714285717,2452.627357142857,1.878134248676117,-1.0,STOP
swing_baseline,1723644000000,37179,1723647600000,1723651200000,2024,0.40832048662819076,2446.865,8.040357142857244,2450.095,2438.8246428571424,2479.026428571429,2438.8246428571424,2.5670374243432352,-1.0,STOP
swing_baseline,1723723200000,37200,1723726800000,1723726800000,2024,0.44454139245655183,2440.908,5.663785714285723,2441.075,2435.2442142857144,2463.563142857143,2435.2442142857144,3.856794600090872,-1.0,STOP
swing_baseline,1724061600000,37244,1724065200000,1724137200000,2024,0.4619790832165831,2489.405,6.1167857142856645,2489.735,2483.2882142857147,2513.872142857143,2513.872142857143,3.7440585009142615,3.7440585009142615,TARGET
swing_baseline,1724223600000,37287,1724227200000,1724245200000,2024,0.5021895414569342,2508.005,5.036928571428559,2509.595,2502.9680714285714,2528.1527142857144,2502.9680714285714,2.8003492244846466,-1.0,STOP
swing_baseline,1724248800000,37294,1724252400000,1724331600000,2024,0.5395400683195039,2493.698,6.899499999999956,2501.428,2486.7985,2521.296,2486.7985,1.3580778563860643,-1.0,STOP
swing_baseline,1724335200000,37317,1724338800000,1724410800000,2024,0.5921106872130795,2470.705,7.756071428571464,2479.844,2462.9489285714285,2501.7292857142857,2501.7292857142857,1.2953650895654105,1.2953650895654105,TARGET
swing_baseline,1724720400000,37373,1724724000000,1724799600000,2024,0.3666014125490755,2508.125,5.169714285714333,2509.598,2502.9552857142858,2528.8038571428574,2528.8038571428574,2.891266478849093,2.891266478849093,TARGET
swing_baseline,1724821200000,37400,1724824800000,1724846400000,2024,0.29171955686816897,2505.335,4.921428571428545,2505.698,2500.4135714285717,2525.0207142857143,2500.4135714285717,3.6565380768298077,-1.0,STOP
swing_baseline,1724932800000,37430,1724936400000,1724943600000,2024,0.5864536616191778,2503.515,5.393642857142822,2509.185,2498.121357142857,2525.089571428571,2525.089571428571,1.4375528597529634,1.4375528597529634,TARGET
swing_baseline,1724986800000,37444,1724990400000,1725026400000,2024,0.44651922116775133,2512.175,5.140428571428596,2513.365,2507.034571428572,2532.7367142857147,2507.034571428572,3.060095231647973,-1.0,STOP
swing_baseline,1725030000000,37456,1725033600000,1725242400000,2024,0.357092650555206,2500.135,6.737071428571393,2502.365,2493.397928571429,2527.083285714286,2493.397928571429,2.756561705924308,-1.0,STOP
swing_baseline,1725321600000,37482,1725325200000,1725325200000,2024,0.3945675701252118,2494.878,4.515214285714235,2495.665,2490.362785714286,2512.938857142857,2490.362785714286,3.25785722945961,-1.0,STOP
swing_baseline,1725361200000,37493,1725364800000,1725368400000,2024,0.5380898003882922,2484.575,5.432785714285664,2489.558,2479.142214285714,2506.3061428571423,2479.142214285714,1.607957701565534,-1.0,STOP
swing_baseline,1725372000000,37496,1725375600000,1725516000000,2024,0.4762401703695269,2473.245,8.2272857142857,2478.218,2465.017714285714,2506.1541428571427,2506.1541428571427,2.1163286508950105,2.1163286508950105,TARGET
swing_baseline,1725624000000,37563,1725627600000,1725627600000,2024,0.8808046264234035,2506.855,4.564642857142904,2522.175,2502.290357142857,2525.1135714285715,2502.290357142857,0.1477809508414522,-1.0,STOP
swing_baseline,1725631200000,37565,1725634800000,1725638400000,2024,0.540222494984494,2500.375,6.856285714285734,2506.685,2493.5187142857144,2527.800142857143,2493.5187142857144,1.6037281367996434,-1.0,STOP
swing_baseline,1725861600000,37580,1725865200000,1725962400000,2024,0.4949319983100025,2485.405,5.983785714285692,2489.645,2479.4212142857145,2509.340142857143,2509.340142857143,1.9264041136565806,1.9264041136565806,TARGET
swing_baseline,1726056000000,37631,1726059600000,1726142400000,2024,0.6361126492283637,2502.028,5.453785714285719,2508.034,2496.574214285714,2523.8431428571425,2523.8431428571425,1.3795321528075455,1.3795321528075455,TARGET
swing_baseline,1726480800000,37698,1726484400000,1726567200000,2024,0.642048517052748,2575.115,4.652571428571491,2579.658,2570.462428571428,2593.7252857142857,2570.462428571428,1.529789184234593,-1.0,STOP
swing_baseline,1726574400000,37723,1726578000000,1726585200000,2024,0.6825648000930492,2568.194,6.03192857142858,2577.655,2562.1620714285714,2592.3217142857143,2562.1620714285714,0.9466715229528394,-1.0,STOP
swing_baseline,1726588800000,37727,1726592400000,1726682400000,2024,0.37262152134859244,2561.298,7.598857142857176,2562.955,2553.6991428571428,2591.6934285714283,2591.6934285714283,3.104891111419765,3.104891111419765,TARGET
swing_baseline,1726686000000,37753,1726689600000,1726729200000,2024,0.41751640321549743,2546.645,9.465285714285658,2548.754,2537.1797142857145,2584.5061428571425,2584.5061428571425,3.0889286595902763,3.0889286595902763,TARGET
swing_baseline,1727074800000,37810,1727078400000,1727096400000,2024,0.47786739482486923,2613.685,4.939928571428546,2615.018,2608.7450714285715,2633.4447142857143,2633.4447142857143,2.9374978649753523,2.9374978649753523,TARGET
swing_baseline,1727161200000,37832,1727164800000,1727186400000,2024,0.6523435655916408,2622.475,4.962857142857144,2628.785,2617.512142857143,2642.3264285714286,2642.3264285714286,1.2012419211760506,1.2012419211760506,TARGET
swing_baseline,1727247600000,37855,1727251200000,1727344800000,2024,0.6351004064902367,2651.215,6.031214285714343,2656.845,2645.183785714286,2675.3398571428575,2675.3398571428575,1.586014688497378,1.586014688497378,TARGET
swing_baseline,1727355600000,37884,1727359200000,1727449200000,2024,0.5583306775433773,2654.685,7.669428571428592,2660.505,2647.0155714285715,2685.3627142857144,2647.0155714285715,1.8427551733632737,-1.0,STOP
swing_baseline,1727456400000,37911,1727460000000,1727694000000,2024,0.3746577880970024,2643.111,7.90914285714283,2645.078,2635.201857142857,2674.747571428571,2635.201857142857,3.0041658831527176,-1.0,STOP
swing_baseline,1727701200000,37930,1727704800000,1727787600000,2024,0.4508973246059455,2630.314,7.809642857142925,2635.618,2622.504357142857,2661.5525714285714,2661.5525714285714,1.9776786443779584,1.9776786443779584,TARGET
swing_baseline,1727841600000,37967,1727845200000,1727845200000,2024,0.4120415166960535,2652.548,6.570642857142859,2653.965,2645.977357142857,2678.830571428571,2645.977357142857,3.113004909368699,-1.0,STOP
swing_baseline,1727870400000,37975,1727874000000,1727964000000,2024,0.6196066131262171,2643.648,5.431142857142894,2649.495,2638.2168571428574,2665.3725714285715,2638.2168571428574,1.4078179031502789,-1.0,STOP
swing_baseline,1728043200000,38021,1728046800000,1728050400000,2024,0.6211980254219435,2632.068,5.741714285714189,2638.785,2626.326285714286,2655.034857142857,2655.034857142857,1.3042964763619704,1.3042964763619704,TARGET
swing_baseline,1728277200000,38037,1728280800000,1728370800000,2024,0.37872307729269894,2639.855,6.818071428571427,2640.635,2633.0369285714287,2667.127285714286,2633.0369285714287,3.4867118535718,-1.0,STOP
swing_baseline,1728374400000,38063,1728378000000,1728396000000,2024,0.6340329380294656,2628.425,7.088071428571441,2637.805,2621.336928571429,2656.777285714286,2621.336928571429,1.1520648180679154,-1.0,STOP
swing_baseline,1728399600000,38070,1728403200000,1728615600000,2024,0.48449663125899955,2604.575,10.200999999999924,2612.805,2594.374,2645.3789999999995,2645.3789999999995,1.7673484889587947,1.7673484889587947,TARGET
swing_baseline,1728918000000,38159,1728921600000,1729058400000,2024,0.44697556993238713,2643.835,6.9402857142856975,2646.645,2636.894714285714,2671.5961428571427,2671.5961428571427,2.5590165855945144,2.5590165855945144,TARGET
swing_baseline,1729166400000,38223,1729170000000,1729173600000,2024,0.6847511061668357,2672.914,5.778857142857143,2680.535,2667.135142857143,2696.029428571429,2696.029428571429,1.1563129670892598,1.1563129670892598,TARGET
swing_baseline,1729519200000,38271,1729522800000,1729533600000,2024,0.5575653222514138,2722.165,6.697642857142845,2725.155,2715.467357142857,2748.955571428571,2715.467357142857,2.456796950459594,-1.0,STOP
swing_baseline,1729537200000,38276,1729540800000,1729609200000,2024,0.5140088089088828,2714.165,7.279714285714265,2719.775,2706.8852857142856,2743.283857142857,2743.283857142857,1.8238462561510338,1.8238462561510338,TARGET
swing_baseline,1729688400000,38315,1729692000000,1729692000000,2024,0.5483843127756111,2731.448,6.086214285714375,2737.245,2725.3617857142854,2755.7928571428574,2725.3617857142854,1.5608451296847305,-1.0,STOP
swing_baseline,1729695600000,38317,1729699200000,1729771200000,2024,0.6348655052310571,2708.635,7.8190714285715,2721.635,2700.8159285714287,2739.9112857142864,2739.9112857142864,0.8778626739905532,0.8778626739905532,TARGET
swing_baseline,1729828800000,38352,1729832400000,1729843200000,2024,0.46814740821768025,2723.805,4.878071428571404,2725.805,2718.9269285714286,2743.3172857142854,2718.9269285714286,2.5461040781780944,-1.0,STOP
swing_baseline,1729846800000,38357,1729850400000,1729864800000,2024,0.5924077446236804,2716.885,4.299500000000047,2721.045,2712.5855,2734.0830000000005,2734.0830000000005,1.5412258407707982,1.5412258407707982,TARGET
swing_baseline,1730289600000,38429,1730293200000,1730379600000,2024,0.7391530920398144,2773.125,5.523285714285748,2782.395,2767.6017142857145,2795.218142857143,2767.6017142857145,0.8668218207101905,-1.0,STOP
swing_baseline,1730383200000,38454,1730386800000,1730772000000,2024,0.26862001549158987,2734.575,7.790714285714297,2734.585,2726.7842857142855,2765.737857142857,2726.7842857142855,3.99359033055567,-1.0,STOP
swing_baseline,1730854800000,38532,1730858400000,1730872800000,2024,0.7175436372305605,2732.615,7.282642857142881,2746.924,2725.332357142857,2761.745571428571,2725.332357142857,0.6864494529960108,-1.0,STOP
swing_baseline,1730890800000,38542,1730894400000,1730898000000,2024,0.4229040940928429,2695.935,14.339142857142829,2699.015,2681.5958571428573,2753.2915714285714,2681.5958571428573,3.1159151672216696,-1.0,STOP
swing_baseline,1730901600000,38545,1730905200000,1731330000000,2024,0.4844750087257323,2652.295,18.02978571428571,2659.765,2634.265214285714,2724.414142857143,2634.265214285714,2.5352818090908373,-1.0,STOP
swing_baseline,1731333600000,38614,1731337200000,1731387600000,2024,0.4177327467750739,2617.625,9.179999999999966,2622.328,2608.445,2654.345,2608.445,2.306201829575759,-1.0,STOP
swing_baseline,1731391200000,38629,1731394800000,1731394800000,2024,0.6407375344971404,2603.295,5.90642857142864,2607.805,2597.3885714285716,2626.9207142857144,2597.3885714285716,1.835150517726208,-1.0,STOP
swing_baseline,1731402000000,38632,1731405600000,1731502800000,2024,0.5245273139130855,2590.675,6.8027142857142735,2593.125,2583.8722857142857,2617.8858571428573,2617.8858571428573,2.6760641664994105,2.6760641664994105,TARGET
swing_baseline,1731510000000,38661,1731513600000,1731513600000,2024,0.7385567779318883,2593.565,7.02764285714287,2605.325,2586.537357142857,2621.6755714285714,2586.537357142857,0.8702832789029464,-1.0,STOP
swing_baseline,1731517200000,38663,1731520800000,1731538800000,2024,0.47722818854574267,2577.545,8.19028571428573,2583.185,2569.354714285714,2610.306142857143,2569.354714285714,1.9609965706730776,-1.0,STOP
swing_baseline,1731546000000,38670,1731549600000,1731564000000,2024,0.4007047139487041,2561.405,9.405071428571384,2562.435,2551.999928571429,2599.025285714286,2551.999928571429,3.506471993483662,-1.0,STOP
swing_baseline,1731567600000,38676,1731571200000,1731574800000,2024,0.6282182165257876,2550.255,7.471999999999947,2556.804,2542.7830000000004,2580.143,2542.7830000000004,1.6645745667213743,-1.0,STOP
swing_baseline,1731646800000,38697,1731650400000,1731891600000,2024,0.39090126787495827,2559.595,6.84778571428579,2559.765,2552.747214285714,2586.986142857143,2586.986142857143,3.8788791743427553,3.8788791743427553,TARGET
swing_baseline,1732086000000,38768,1732089600000,1732107600000,2024,0.4379237919215874,2621.115,4.755928571428545,2621.425,2616.359071428571,2640.138714285714,2640.138714285714,3.694034375307893,3.694034375307893,TARGET
swing_baseline,1732503600000,38833,1732507200000,1732543200000,2024,0.5928602552693131,2658.824,12.645928571428485,2672.064,2646.1780714285715,2709.407714285714,2646.1780714285715,1.4426260268264959,-1.0,STOP
swing_baseline,1732546800000,38845,1732550400000,1732575600000,2024,0.3871180917989225,2626.135,14.769285714285743,2628.205,2611.3657142857146,2685.212142857143,2611.3657142857146,3.385365853658636,-1.0,STOP
swing_baseline,1732719600000,38890,1732723200000,1732755600000,2024,0.6433604591856958,2635.364,7.3775714285714,2642.504,2627.9864285714284,2664.8742857142856,2627.9864285714284,1.540911014238896,-1.0,STOP
swing_baseline,1732838400000,38918,1732842000000,1732845600000,2024,0.302610223640082,2635.575,4.883071428571384,2635.965,2630.6919285714284,2655.1072857142854,2655.1072857142854,3.630196551210037,3.630196551210037,TARGET
swing_baseline,1732892400000,38933,1732896000000,1733094000000,2024,0.6413188419692564,2650.495,7.410714285714286,2658.735,2643.0842857142857,2680.1378571428572,2643.0842857142857,1.3675322897174758,-1.0,STOP
swing_baseline,1733097600000,38938,1733101200000,1733371200000,2024,0.512970432523548,2629.845,7.912285714285709,2637.305,2621.932714285714,2661.494142857143,2648.735,1.5735553779529148,0.7435458989275896,72H_TIMEOUT
swing_baseline,1733385600000,39015,1733389200000,1733410800000,2024,0.37579991738352064,2641.895,5.236357142857092,2643.015,2636.6586428571427,2662.840428571428,2636.6586428571427,3.118992234995284,-1.0,STOP
swing_baseline,1733418000000,39024,1733421600000,1733446800000,2024,0.4531471611886027,2623.614,7.781285714285689,2627.915,2615.8327142857142,2654.7391428571427,2615.8327142857142,2.2201215474839113,-1.0,STOP
swing_baseline,1733889600000,39103,1733893200000,1733929200000,2024,0.5275895192675516,2680.948,6.776714285714239,2684.278,2674.1712857142857,2708.0548571428567,2708.0548571428567,2.352580321427068,2.352580321427068,TARGET
swing_baseline,1734008400000,39131,1734012000000,1734012000000,2024,0.34347345754733627,2697.084,6.976357142857133,2697.328,2690.1076428571428,2724.9894285714286,2690.1076428571428,3.831033288816309,-1.0,STOP
swing_baseline,1734015600000,39133,1734019200000,1734084000000,2024,0.40346664110624564,2675.055,8.493357142857153,2679.535,2666.5616428571425,2709.0284285714283,2666.5616428571425,2.2733844637636,-1.0,STOP
swing_baseline,1734087600000,39152,1734091200000,1734098400000,2024,0.2725876130685882,2664.118,6.1034285714285295,2664.655,2658.0145714285713,2688.531714285714,2658.0145714285713,3.595658627885215,-1.0,STOP
swing_baseline,1734102000000,39156,1734105600000,1734120000000,2024,0.4596992365734846,2654.525,7.384642857142808,2659.674,2647.1403571428573,2684.0635714285713,2647.1403571428573,1.9459283870269346,-1.0,STOP
swing_baseline,1734123600000,39162,1734303600000,1734426000000,2024,0.42008552280868905,2645.945,7.071785714285592,2649.098,2638.8732142857148,2674.2321428571427,2638.8732142857148,2.458158396613383,-1.0,STOP
swing_baseline,1734429600000,39197,1734433200000,1734548400000,2024,0.32272489188046205,2637.944,5.379214285714364,2638.084,2632.564785714286,2659.4608571428575,2632.564785714286,3.8731703529231805,-1.0,STOP
swing_baseline,1734552000000,39230,1734555600000,1734591600000,2024,0.43198937144810257,2586.998,8.217714285714237,2592.535,2578.780285714286,2619.868857142857,2619.868857142857,1.987235545215734,1.987235545215734,TARGET
swing_baseline,1734616800000,39247,1734620400000,1734706800000,2024,0.35305813965015204,2591.898,9.00921428571418,2591.995,2582.888785714286,2627.934857142857,2627.934857142857,3.946739667574033,3.946739667574033,TARGET
swing_baseline,1734951600000,39289,1734955200000,1735225200000,2024,0.5119797727574087,2612.908,5.7531428571429455,2616.085,2607.154857142857,2635.9205714285717,2635.9205714285717,2.221193070019677,2.221193070019677,TARGET
swing_baseline,1735286400000,39350,1735290000000,1735304400000,2024,0.38104024202318515,2626.0,4.032142857142811,2626.048,2621.967857142857,2642.1285714285714,2621.967857142857,3.9411785301637825,-1.0,STOP
swing_baseline,1735308000000,39356,1735311600000,1735567200000,2024,0.4979870093638249,2611.285,5.046714285714318,2615.475,2606.2382857142857,2631.471857142857,2606.2382857142857,1.731877445597547,-1.0,STOP
swing_baseline,1735570800000,39380,1735574400000,1735776000000,2024,0.36999750470800263,2599.365,7.100000000000039,2601.335,2592.265,2627.765,2627.765,2.9140022050715944,2.9140022050715944,TARGET
swing_baseline,1735887600000,39440,1735891200000,1735909200000,2025,0.5807799324573263,2651.708,5.032571428571406,2654.045,2646.6754285714287,2671.8382857142856,2646.6754285714287,2.414426115106512,-1.0,STOP
swing_baseline,1735916400000,39448,1735920000000,1736136000000,2025,0.495943376496864,2640.835,5.7842857142857484,2643.635,2635.050714285714,2663.972142857143,2635.050714285714,2.3691129971707765,-1.0,STOP
swing_baseline,1736139600000,39461,1736143200000,1736146800000,2025,0.43426969125079184,2631.51,5.002714285714319,2633.755,2626.507285714286,2651.5208571428575,2626.507285714286,2.45123585761034,-1.0,STOP
swing_baseline,1736168400000,39469,1736172000000,1736254800000,2025,0.4505404637811599,2621.665,8.077928571428597,2624.048,2613.5870714285716,2653.9767142857145,2653.9767142857145,2.860999774671876,2.860999774671876,TARGET
swing_baseline,1736514000000,39561,1736517600000,1736517600000,2025,0.9247611743434676,2663.205,5.092642857142891,2682.095,2658.112357142857,2683.5755714285715,2683.5755714285715,0.06173512391403242,0.06173512391403242,TARGET
swing_baseline,1736762400000,39580,1736766000000,1736769600000,2025,0.43279148016049607,2677.125,5.759499999999922,2679.295,2671.3655,2700.1629999999996,2671.3655,2.631691783845007,-1.0,STOP
swing_baseline,1736773200000,39583,1736776800000,1736794800000,2025,0.5606136932712383,2663.625,6.507071428571375,2669.085,2657.117928571429,2689.6532857142856,2657.117928571429,1.7187401142420775,-1.0,STOP
swing_baseline,1736859600000,39606,1736863200000,1736920800000,2025,0.3896768271123167,2660.815,5.548857142857189,2662.649,2655.2661428571428,2683.0104285714287,2683.0104285714287,2.7579334365325554,2.7579334365325554,TARGET
swing_baseline,1737097200000,39668,1737100800000,1737104400000,2025,0.5138950413906148,2708.525,3.8712142857142617,2710.465,2704.6537857142857,2724.009857142857,2704.6537857142857,2.3308135747384098,-1.0,STOP
swing_baseline,1737108000000,39671,1737111600000,1737147600000,2025,0.42358459629295,2702.669,3.767142857142842,2703.818,2698.901857142857,2717.7375714285713,2698.901857142857,2.8314009240690607,-1.0,STOP
swing_baseline,1737331200000,39683,1737334800000,1737421200000,2025,0.36323662944845886,2692.355,6.065428571428648,2694.355,2686.2895714285714,2716.616714285715,2716.616714285715,2.7601402812710916,2.7601402812710916,TARGET
swing_baseline,1737601200000,39752,1737604800000,1737622800000,2025,0.35107597273003005,2749.385,4.685714285714345,2749.845,2744.699285714286,2768.1278571428575,2744.699285714286,3.5530260966133653,-1.0,STOP
swing_baseline,1737637200000,39762,1737640800000,1737651600000,2025,0.542341216278749,2735.665,5.418785714285702,2741.545,2730.2462142857144,2757.340142857143,2757.340142857143,1.3979504750826492,1.3979504750826492,TARGET
swing_baseline,1737734400000,39788,1737738000000,1737939600000,2025,0.47747415381388725,2769.708,6.093214285714339,2771.725,2763.614785714286,2794.0808571428574,2763.614785714286,2.7565063456137224,-1.0,STOP
swing_baseline,1737943200000,39797,1737946800000,1737961200000,2025,0.40794719643224475,2753.618,6.253428571428685,2756.035,2747.3645714285713,2778.6317142857147,2747.3645714285713,2.6061819320185724,-1.0,STOP
swing_baseline,1737986400000,39809,1737990000000,1737993600000,2025,0.49834786655647945,2744.915,8.529785714285676,2751.015,2736.3852142857145,2779.034142857143,2736.3852142857145,1.9152121161818092,-1.0,STOP
swing_baseline,1737997200000,39812,1738000800000,1738112400000,2025,0.37995211668629086,2730.529,8.600428571428536,2733.565,2721.9285714285716,2764.930714285714,2764.930714285714,2.695476029709661,2.695476029709661,TARGET
swing_baseline,1738134000000,39848,1738137600000,1738155600000,2025,0.5134393526612656,2757.275,2.7423571428571125,2759.015,2754.532642857143,2768.2444285714287,2754.532642857143,2.0590569375170813,-1.0,STOP
swing_baseline,1738162800000,39856,1738166400000,1738216800000,2025,0.6953957902691659,2748.0,4.5022857142856605,2754.025,2743.497714285714,2766.0091428571427,2766.0091428571427,1.1383886770432885,1.1383886770432885,TARGET
swing_baseline,1738540800000,39908,1738544400000,1738544400000,2025,0.41148688419981133,2789.575,7.792642857142807,2791.975,2781.782357142857,2820.745571428571,2781.782357142857,2.8226802245316933,-1.0,STOP
swing_baseline,1738548000000,39910,1738551600000,1738584000000,2025,0.4532035248888877,2773.345,8.891214285714243,2777.935,2764.4537857142855,2808.9098571428567,2808.9098571428567,2.2976310951217207,2.2976310951217207,TARGET
swing_baseline,1738648800000,39936,1738652400000,1738677600000,2025,0.5462119542043269,2810.648,7.177142857142924,2813.385,2803.4708571428573,2839.356571428572,2839.356571428572,2.6196486981080542,2.6196486981080542,TARGET
swing_baseline,1738821600000,39982,1738825200000,1738828800000,2025,0.4364915399233311,2858.358,7.239142857142951,2859.025,2851.1188571428575,2887.314571428572,2851.1188571428575,3.5781761017655107,-1.0,STOP
swing_baseline,1738850400000,39990,1738854000000,1738936800000,2025,0.347274956720645,2840.915,8.019142857142924,2841.665,2832.895857142857,2872.9915714285717,2872.9915714285717,3.5723641339762837,3.5723641339762837,TARGET
swing_baseline,1739268000000,40055,1739271600000,1739275200000,2025,0.36442559136660524,2901.715,11.59235714285712,2902.455,2890.122642857143,2948.084428571429,2890.122642857143,3.69997625294678,-1.0,STOP
swing_baseline,1739278800000,40058,1739282400000,1739365200000,2025,0.5913308496844244,2881.635,12.756642857142811,2896.255,2868.8783571428576,2932.6615714285713,2868.8783571428576,1.3298406096959667,-1.0,STOP
swing_baseline,1739538000000,40127,1739541600000,1739545200000,2025,0.4567362905208512,2917.415,6.599785714285807,2920.445,2910.8152142857143,2943.814142857143,2910.8152142857143,2.4267562696098803,-1.0,STOP
swing_baseline,1739548800000,40130,1739552400000,1739559600000,2025,0.45457719778920613,2888.345,9.72857142857148,2895.645,2878.6164285714285,2927.259285714286,2878.6164285714285,1.8565436241610787,-1.0,STOP
swing_baseline,1739563200000,40134,1739566800000,1739880000000,2025,0.5208006510127987,2876.805,10.37214285714286,2885.248,2866.432857142857,2918.2935714285713,2918.2935714285713,1.7563284892107787,1.7563284892107787,TARGET
swing_baseline,1739980800000,40194,1739984400000,1740034800000,2025,0.5000795979660795,2922.855,7.410500000000021,2927.838,2915.4445,2952.4970000000003,2952.4970000000003,1.9896720054867345,1.9896720054867345,TARGET
swing_baseline,1740060000000,40215,1740063600000,1740405600000,2025,0.6199812778579162,2923.945,7.648357142857224,2934.948,2916.296642857143,2954.538428571429,2954.538428571429,1.0503486915927716,1.0503486915927716,TARGET
swing_baseline,1740409200000,40261,1740412800000,1740495600000,2025,0.5329515246251534,2930.585,9.11928571428572,2936.355,2921.4657142857145,2967.062142857143,2921.4657142857145,2.062365075557728,-1.0,STOP
swing_baseline,1740499200000,40285,1740502800000,1740646800000,2025,0.4553121917208161,2888.085,11.156285714285756,2896.235,2876.9287142857142,2932.710142857143,2876.9287142857142,1.8892884626768427,-1.0,STOP
swing_baseline,1740664800000,40329,1740668400000,1740715200000,2025,0.465537292080761,2867.565,10.616428571428546,2871.898,2856.9485714285715,2910.030714285714,2856.9485714285715,2.550780727404749,-1.0,STOP
swing_baseline,1740729600000,40346,1740733200000,1740751200000,2025,0.5071619873184676,2850.788,7.528142857142874,2855.845,2843.259857142857,2880.9005714285713,2843.259857142857,1.9908849436978113,-1.0,STOP
swing_baseline,1740754800000,40353,1740758400000,1740956400000,2025,0.63915696775768,2832.455,9.635571428571438,2850.015,2822.8194285714285,2870.9972857142857,2870.9972857142857,0.771533180297217,0.771533180297217,TARGET
swing_baseline,1741179600000,40419,1741183200000,1741626000000,2025,0.5225805465670107,2894.145,9.029714285714263,2899.735,2885.1152857142856,2930.263857142857,2895.795,2.088197932341796,-0.2694991107897356,72H_TIMEOUT
swing_baseline,1741629600000,40493,1741633200000,1741698000000,2025,0.46405143261463133,2879.935,10.39749999999997,2885.275,2869.5375,2921.5249999999996,2921.5249999999996,2.30341540905475,2.30341540905475,TARGET
swing_baseline,1741762800000,40528,1741766400000,1741791600000,2025,0.6182841617166709,2908.785,5.052142857142826,2914.315,2903.732857142857,2928.993571428571,2928.993571428571,1.3871076611541828,1.3871076611541828,TARGET
swing_baseline,1741964400000,40582,1741968000000,1742266800000,2025,0.6850478860176163,2978.085,8.464714285714308,2984.259,2969.6202857142857,3011.9438571428573,3011.9438571428573,1.8912082442837561,1.8912082442837561,TARGET
swing_baseline,1742371200000,40643,1742374800000,1742407200000,2025,0.3959862966707689,3024.375,5.579857142857138,3024.848,3018.7951428571428,3046.6944285714285,3046.6944285714285,3.609275430729254,3.609275430729254,TARGET
swing_baseline,1742457600000,40666,1742461200000,1742464800000,2025,0.5035641257657705,3038.475,7.356214285714259,3041.785,3031.118785714286,3067.899857142857,3031.118785714286,2.4483716943353167,-1.0,STOP
swing_baseline,1742526000000,40684,1742529600000,1742533200000,2025,0.3232401465244045,3029.795,5.552499999999976,3030.308,3024.2425000000003,3052.005,3024.2425000000003,3.577116478443852,-1.0,STOP
swing_baseline,1742562000000,40694,1742565600000,1742911200000,2025,0.39818078589464256,3004.075,7.824999999999981,3006.315,2996.25,3035.3749999999995,3035.3749999999995,2.887232985593575,2.887232985593575,TARGET
swing_baseline,1742961600000,40754,1742965200000,1743048000000,2025,0.30665050984196873,3014.015,5.198428571428589,3015.055,3008.8165714285715,3034.8087142857144,3034.8087142857144,3.1664567542193867,3.1664567542193867,TARGET
swing_baseline,1743516000000,40856,1743519600000,1743519600000,2025,0.5382156459863784,3123.505,9.624071428571469,3128.515,3113.8809285714287,3162.001285714286,3113.8809285714287,2.2882412374254595,-1.0,STOP
swing_baseline,1743523200000,40858,1743526800000,1743634800000,2025,0.43000627431427524,3100.665,10.432357142857168,3106.469,3090.2326428571428,3142.3944285714288,3145.668,2.2126532605396068,2.414273082016093,TARGET_GAP
swing_baseline,1743674400000,40897,1743678000000,1743681600000,2025,0.45789188942132575,3088.075,17.449428571428534,3095.225,3070.625571428571,3157.8727142857138,3070.625571428571,2.5467142093892705,-1.0,STOP
swing_baseline,1743685200000,40900,1743688800000,1743688800000,2025,0.6823532641937097,3053.935,17.970928571428594,3089.108,3035.9640714285715,3125.818714285714,3125.818714285714,0.6907790837550243,0.6907790837550243,TARGET
swing_baseline,1743735600000,40913,1743739200000,1743768000000,2025,0.6233856148292529,3086.838,16.554071428571433,3098.085,3070.283928571429,3153.054285714286,3070.283928571429,1.9772362319027093,-1.0,STOP
swing_baseline,1743771600000,40923,1743775200000,1743775200000,2025,0.3328079758060242,3060.0,18.15249999999995,3061.568,3041.8475,3132.6099999999997,3041.8475,3.602444157095316,-1.0,STOP
swing_baseline,1743778800000,40925,1743782400000,1743984000000,2025,0.38309205643321503,3016.518,21.916571428571388,3021.775,2994.6014285714286,3104.1842857142856,2994.6014285714286,3.0326998396551166,-1.0,STOP
swing_baseline,1744034400000,40946,1744038000000,1744045200000,2025,0.4224419849597468,2996.093,25.432499999999987,2999.145,2970.6605,3097.823,2970.395,3.4642700416015657,-1.0093208587126323,STOP_GAP
swing_baseline,1744128000000,40970,1744131600000,1744153200000,2025,0.38742790309775743,2984.035,12.20999999999997,2985.905,2971.825,3032.8749999999995,2971.825,3.3359374999998628,-1.0,STOP
swing_baseline,1744581600000,41044,1744585200000,1744772400000,2025,0.620173155197512,3209.205,17.398142857142894,3220.915,3191.806857142857,3278.7975714285717,3278.7975714285717,1.9885353632022558,1.9885353632022558,TARGET
swing_baseline,1744873200000,41121,1744876800000,1744898400000,2025,0.610899578258367,3314.015,12.84999999999994,3323.265,3301.165,3365.4149999999995,3301.165,1.9072398190045163,-1.0,STOP
swing_baseline,1745326800000,41172,1745330400000,1745337600000,2025,0.45072172906513325,3408.065,24.86671428571435,3418.365,3383.1982857142857,3507.5318571428575,3383.1982857142857,2.5355470067068593,-1.0,STOP
swing_baseline,1745348400000,41178,1745352000000,1745359200000,2025,0.4075260865304913,3366.525,26.25457142857145,3374.499,3340.2704285714285,3471.543285714286,3340.2704285714285,2.8351836393990233,-1.0,STOP
swing_baseline,1745388000000,41188,1745391600000,1745416800000,2025,0.45278149117992245,3291.165,30.344999999999963,3300.905,3260.82,3412.5449999999996,3260.82,2.7850817013845406,-1.0,STOP
swing_baseline,1745499600000,41218,1745503200000,1745557200000,2025,0.43413717708543526,3312.235,18.18478571428568,3314.555,3294.0502142857144,3384.974142857143,3294.0502142857144,3.434278408873252,-1.0,STOP
swing_baseline,1745586000000,41240,1745589600000,1745856000000,2025,0.5095075435024555,3264.785,18.37214285714296,3280.375,3246.412857142857,3338.273571428572,3338.273571428572,1.7047973584032614,1.7047973584032614,TARGET
swing_baseline,1745899200000,41277,1745902800000,1746000000000,2025,0.4080174837573808,3306.345,14.66114285714288,3308.995,3291.683857142857,3364.9895714285713,3291.683857142857,3.2345970390664966,-1.0,STOP
swing_baseline,1746003600000,41304,1746007200000,1746018000000,2025,0.2526030877691877,3274.795,10.664285714285665,3275.705,3264.1307142857145,3317.452142857143,3317.452142857143,3.606887188348649,3.606887188348649,TARGET
swing_baseline,1746057600000,41318,1746061200000,1746072000000,2025,0.41214990354586273,3240.895,17.187928571428593,3246.035,3223.7070714285715,3309.6467142857146,3223.7070714285715,2.848975178428082,-1.0,STOP
swing_baseline,1746090000000,41327,1746093600000,1746432000000,2025,0.3908733757309284,3215.495,15.556500000000044,3218.335,3199.9384999999997,3277.721,3277.721,3.2281140434321225,3.2281140434321225,TARGET
swing_baseline,1746576000000,41410,1746579600000,1746684000000,2025,0.6450991157671274,3360.495,19.36785714285715,3379.333,3341.1271428571426,3437.9664285714284,3341.1271428571426,1.5346711985073163,-1.0,STOP
swing_baseline,1746720000000,41449,1746723600000,1746756000000,2025,0.4013303727616923,3303.945,19.16214285714279,3309.905,3284.782857142857,3380.5935714285715,3284.782857142857,2.813795456484016,-1.0,STOP
swing_baseline,1747004400000,41477,1747008000000,1747033200000,2025,0.5054419167763683,3265.485,13.595714285714198,3287.375,3251.889285714286,3319.867857142857,3251.889285714286,0.9156602254428307,-1.0,STOP
swing_baseline,1747040400000,41487,1747044000000,1747224000000,2025,0.36973600468665174,3212.785,19.550714285714356,3214.925,3193.2342857142853,3290.987857142857,3193.2342857142853,3.5067013534427782,-1.0,STOP
swing_baseline,1747227600000,41537,1747231200000,1747274400000,2025,0.49506365367524946,3174.505,14.439571428571396,3191.165,3160.0654285714286,3232.2632857142858,3160.0654285714286,1.3215064975631314,-1.0,STOP
swing_baseline,1747278000000,41550,1747281600000,1747285200000,2025,0.3622315395559356,3147.735,12.993214285714332,3150.245,3134.741785714286,3199.7078571428574,3134.741785714286,3.190490451288992,-1.0,STOP
swing_baseline,1747288800000,41553,1747292400000,1747306800000,2025,0.6608188664026002,3120.205,14.72678571428576,3149.695,3105.4782142857143,3179.1121428571428,3179.1121428571428,0.6652935617533667,0.6652935617533667,TARGET
swing_baseline,1747378800000,41577,1747382400000,1747389600000,2025,0.4206078405509011,3204.975,13.425714285714257,3207.279,3191.549285714286,3258.6778571428567,3191.549285714286,3.2676281469103023,-1.0,STOP
swing_baseline,1747393200000,41581,1747396800000,1747605600000,2025,0.4794916267948728,3153.475,17.144285714285747,3162.825,3136.3307142857143,3222.052142857143,3222.052142857143,2.235468564650081,2.235468564650081,TARGET
swing_baseline,1747699200000,41616,1747702800000,1747746000000,2025,0.6447476556618416,3213.795,10.060714285714312,3222.935,3203.7342857142858,3254.0378571428573,3254.0378571428573,1.6198802127897234,1.6198802127897234,TARGET
swing_baseline,1747900800000,41670,1747904400000,1747908000000,2025,0.41736848037637425,3309.865,10.129214285714268,3310.965,3299.7357857142856,3350.381857142857,3299.7357857142856,3.510206158680372,-1.0,STOP
swing_baseline,1747911600000,41673,1747915200000,1747998000000,2025,0.6803894513294035,3282.785,12.88464285714284,3314.055,3269.900357142857,3334.323571428571,3334.323571428571,0.4590360178916599,0.4590360178916599,TARGET
swing_baseline,1748246400000,41716,1748250000000,1748322000000,2025,0.4910761324557231,3330.755,9.104857142857195,3334.448,3321.650142857143,3367.174428571429,3321.650142857143,2.5571803315287687,-1.0,STOP
swing_baseline,1748325600000,41734,1748329200000,1748329200000,2025,0.32724508771989314,3304.748,9.042071428571424,3308.248,3295.7059285714286,3340.9162857142856,3295.7059285714286,2.6046961939528948,-1.0,STOP
swing_baseline,1748340000000,41738,1748343600000,1748462400000,2025,0.30633331490791554,3290.175,11.6165714285714,3292.995,3278.558428571429,3336.641285714286,3278.558428571429,3.023313806206589,-1.0,STOP
swing_baseline,1748473200000,41773,1748476800000,1748516400000,2025,0.5059458286841603,3249.725,12.838214285714328,3259.548,3236.8867857142855,3301.0778571428573,3301.0778571428573,1.832640414553514,1.832640414553514,TARGET
swing_baseline,1748570400000,41799,1748574000000,1748606400000,2025,0.4060272876081867,3294.648,10.43549999999995,3296.998,3284.2125,3336.39,3284.2125,3.080990184193028,-1.0,STOP
swing_baseline,1748610000000,41810,1748613600000,1748844000000,2025,0.4465474129269226,3274.898,13.501571428571326,3276.355,3261.3964285714287,3328.9042857142854,3328.9042857142854,3.5129882532709447,3.5129882532709447,TARGET
swing_baseline,1748919600000,41846,1748923200000,1748955600000,2025,0.46488072898792276,3359.445,10.71135714285713,3360.755,3348.733642857143,3402.2904285714285,3348.733642857143,3.4551363941556246,-1.0,STOP
swing_baseline,1748959200000,41857,1748962800000,1749045600000,2025,0.6497844015353322,3332.575,11.164714285714224,3346.198,3321.4102857142857,3377.233857142857,3377.233857142857,1.2520661157024757,1.2520661157024757,TARGET
swing_baseline,1749096000000,41893,1749099600000,1749121200000,2025,0.5214024275407997,3363.615,9.20242857142856,3368.285,3354.412571428571,3400.424714285714,3400.424714285714,2.31680517367434,2.31680517367434,TARGET
swing_baseline,1749135600000,41904,1749139200000,1749218400000,2025,0.42334975563560223,3339.048,13.531785714285729,3344.448,3325.516214285714,3393.175142857143,3325.516214285714,2.573827085966506,-1.0,STOP
swing_baseline,1749232800000,41930,1749236400000,1749427200000,2025,0.3966364354023863,3313.448,12.6282857142857,3317.285,3300.8197142857143,3363.9611428571425,3300.8197142857143,2.8348213123715005,-1.0,STOP
swing_baseline,1749430800000,41936,1749434400000,1749560400000,2025,0.37337017365043806,3294.815,12.92871428571425,3295.995,3281.886285714286,3346.529857142857,3346.529857142857,3.5818187341157457,3.5818187341157457,TARGET
swing_baseline,1749596400000,41980,1749600000000,1749643200000,2025,0.643338345352801,3315.245,9.373071428571391,3327.825,3305.8719285714287,3352.7372857142855,3352.7372857142855,1.134797278610557,1.134797278610557,TARGET
swing_baseline,1749661200000,41998,1749664800000,1749679200000,2025,0.41667516473267824,3319.405,11.759428571428511,3324.095,3307.6455714285717,3366.4427142857144,3366.4427142857144,2.574418564257636,2.574418564257636,TARGET
swing_baseline,1750050000000,42055,1750053600000,1750078800000,2025,0.4524851750209189,3417.555,10.645214285714312,3421.348,3406.9097857142856,3460.1358571428573,3406.9097857142856,2.6864719123358123,-1.0,STOP
swing_baseline,1750129200000,42076,1750132800000,1750309200000,2025,0.6028446548043176,3373.235,12.015142857142823,3387.365,3361.219857142857,3421.2955714285713,3361.219857142857,1.2977772435197046,-1.0,STOP
swing_baseline,1750312800000,42125,1750316400000,1750629600000,2025,0.5249520249050224,3347.265,10.029714285714295,3357.269,3337.2352857142855,3387.383857142857,3390.698,1.5032088764653857,1.668637154510973,TARGET_GAP
swing_baseline,1750654800000,42167,1750658400000,1750683600000,2025,0.5720320425690829,3346.675,9.859214285714254,3356.655,3336.815785714286,3386.1118571428574,3386.1118571428574,1.4847794231482465,1.4847794231482465,TARGET
swing_baseline,1750716000000,42183,1750719600000,1750723200000,2025,0.41604504364558137,3350.075,13.03657142857144,3354.945,3337.0384285714285,3402.2212857142854,3337.0384285714285,2.6401640259760417,-1.0,STOP
swing_baseline,1750741200000,42190,1750744800000,1750766400000,2025,0.4245123170808251,3326.375,12.405928571428635,3332.175,3313.969071428571,3375.9987142857144,3313.969071428571,2.40711228289052,-1.0,STOP
swing_baseline,1750770000000,42198,1750773600000,1750924800000,2025,0.4990440424486077,3295.098,13.31535714285714,3301.598,3281.782642857143,3348.3594285714285,3348.3594285714285,2.3598579745147283,2.3598579745147283,TARGET
swing_baseline,1750939200000,42243,1750942800000,1750942800000,2025,0.33652031744748023,3321.465,8.956642857142795,3321.875,3312.508357142857,3357.2915714285714,3312.508357142857,3.781138233701689,-1.0,STOP
swing_baseline,1750989600000,42256,1750993200000,1750993200000,2025,0.3218423222955908,3308.315,9.389428571428557,3308.565,3298.9255714285714,3345.872714285714,3298.9255714285714,3.8703242634417703,-1.0,STOP
swing_baseline,1750996800000,42258,1751000400000,1751011200000,2025,0.43062834840893216,3290.825,8.218500000000015,3293.815,3282.6065,3323.699,3282.6065,2.6661908373109267,-1.0,STOP
swing_baseline,1751018400000,42264,1751022000000,1751025600000,2025,0.44602127635618866,3279.545,9.755071428571425,3285.545,3269.789928571429,3318.565285714286,3269.789928571429,2.0958512225088852,-1.0,STOP
swing_baseline,1751029200000,42267,1751032800000,1751310000000,2025,0.7117472517543544,3255.485,11.356714285714297,3273.805,3244.128285714286,3300.911857142857,3300.911857142857,0.91340493027243,0.91340493027243,TARGET
swing_baseline,1751407200000,42321,1751410800000,1751421600000,2025,0.5974470970421607,3336.555,6.878428571428588,3341.265,3329.676571428571,3364.068714285714,3329.676571428571,1.9678003920166383,-1.0,STOP
swing_baseline,1751439600000,42330,1751443200000,1751479200000,2025,0.6707830685369698,3327.275,6.780714285714306,3334.488,3320.494285714286,3354.3978571428574,3354.3978571428574,1.4227714484054848,1.4227714484054848,TARGET
swing_baseline,1751544000000,42358,1751547600000,1751882400000,2025,0.5760240774339045,3311.215,10.868428571428597,3324.395,3300.3465714285717,3354.6887142857145,3300.3465714285717,1.2596962082464775,-1.0,STOP
swing_baseline,1751961600000,42418,1751965200000,1751979600000,2025,0.3469504828650894,3323.055,6.680785714285743,3323.455,3316.374214285714,3349.778142857143,3316.374214285714,3.7175454701354194,-1.0,STOP
swing_baseline,1751983200000,42424,1751986800000,1752030000000,2025,0.420563469712122,3294.108,8.318499999999988,3296.275,3285.7895000000003,3327.382,3285.7895000000003,2.966668256163334,-1.0,STOP
swing_baseline,1752048000000,42441,1752051600000,1752069600000,2025,0.4201089452599801,3282.425,7.518285714285639,3284.675,3274.9067142857148,3312.4981428571427,3312.4981428571427,2.8483137851356273,2.8483137851356273,TARGET
swing_baseline,1752152400000,42469,1752156000000,1752228000000,2025,0.44299966565434157,3311.675,8.263357142857135,3312.455,3303.411642857143,3344.7284285714286,3344.7284285714286,3.5687442242530403,3.5687442242530403,TARGET
swing_baseline,1752494400000,42514,1752498000000,1752584400000,2025,0.4105525421080637,3349.138,8.652714285714344,3349.865,3340.4852857142855,3383.748857142857,3340.4852857142855,3.6124615431478513,-1.0,STOP
swing_baseline,1752591600000,42540,1752595200000,1752678000000,2025,0.4043972983595235,3325.145,9.391571428571426,3328.745,3315.7534285714287,3362.7112857142856,3362.7112857142856,2.614486315303375,2.614486315303375,TARGET
swing_baseline,1752728400000,42576,1752732000000,1752735600000,2025,0.46605928914884226,3335.695,9.647857142857154,3339.245,3326.047142857143,3374.2864285714286,3326.047142857143,2.655084699897264,-1.0,STOP
swing_baseline,1752742800000,42580,1752746400000,1752753600000,2025,0.3516849488031386,3324.495,6.934785714285779,3325.415,3317.560214285714,3352.234142857143,3317.560214285714,3.4143697654751115,-1.0,STOP
swing_baseline,1752814800000,42599,1752818400000,1752829200000,2025,0.3126830539782781,3333.165,4.889714285714263,3333.258,3328.275285714286,3352.723857142857,3352.723857142857,3.9066773703377806,3.9066773703377806,TARGET
swing_baseline,1753048800000,42615,1753052400000,1753074000000,2025,0.5258198937607873,3344.798,5.541857142857127,3347.125,3339.2561428571425,3366.965428571428,3366.965428571428,2.5213862967937275,2.5213862967937275,TARGET
swing_baseline,1753160400000,42645,1753164000000,1753185600000,2025,0.41320030800439667,3384.498,5.7645714285714735,3385.265,3378.7334285714287,3407.556285714286,3407.556285714286,3.4128518623828925,3.4128518623828925,TARGET
swing_baseline,1753246800000,42668,1753250400000,1753275600000,2025,0.5762504191507806,3416.165,6.358499999999951,3420.135,3409.8065,3441.5989999999997,3409.8065,2.0781333204240044,-1.0,STOP
swing_baseline,1753282800000,42678,1753286400000,1753286400000,2025,0.3457832377261553,3398.0,8.824214285714334,3398.009,3389.1757857142857,3433.2968571428573,3389.1757857142857,3.9949055917195566,-1.0,STOP
swing_baseline,1753322400000,42688,1753326000000,1753336800000,2025,0.4320240874713282,3380.415,9.073999999999971,3383.495,3371.341,3416.711,3371.341,2.73292743129833,-1.0,STOP
swing_baseline,1753340400000,42693,1753344000000,1753358400000,2025,0.42518159637113434,3365.785,7.413214285714275,3367.415,3358.3717857142856,3395.437857142857,3358.3717857142856,3.0987717704671507,-1.0,STOP
swing_baseline,1753362000000,42699,1753365600000,1753437600000,2025,0.519284405781071,3351.168,9.147857142857154,3366.275,3342.020142857143,3387.7594285714285,3342.020142857143,0.8857784007915956,-1.0,STOP
swing_baseline,1753441200000,42720,1753444800000,1753452000000,2025,0.44832909573879975,3338.465,6.357000000000069,3340.805,3332.108,3363.8930000000005,3332.108,2.65470852017955,-1.0,STOP
swing_baseline,1753455600000,42724,1753459200000,1753707600000,2025,0.47481554343582555,3324.805,8.011000000000065,3327.515,3316.794,3356.849,3316.794,2.73612536144019,-1.0,STOP
swing_baseline,1753711200000,42746,1753714800000,1753887600000,2025,0.37520335440034647,3301.465,9.053642857142904,3307.735,3292.411357142857,3337.6795714285718,3292.411357142857,1.9541418256568788,-1.0,STOP
swing_baseline,1753898400000,42796,1753902000000,1753902000000,2025,0.3410171511891226,3279.345,10.072714285714351,3280.015,3269.2722857142853,3319.6358571428573,3269.2722857142853,3.6881607468183732,-1.0,STOP
swing_baseline,1753974000000,42816,1753977600000,1754010000000,2025,0.441482724023885,3291.055,8.967142857142822,3295.275,3282.087857142857,3326.923571428571,3282.087857142857,2.399956667749899,-1.0,STOP
swing_baseline,1754370000000,42875,1754373600000,1754384400000,2025,0.6844423453420386,3367.498,4.703500000000076,3373.825,3362.7945,3386.3120000000004,3362.7945,1.1320429717601839,-1.0,STOP
swing_baseline,1754388000000,42880,1754391600000,1754398800000,2025,0.3256360147494745,3352.765,6.118285714285776,3353.005,3346.646714285714,3377.238142857143,3377.238142857143,3.811269884065609,3.811269884065609,TARGET
swing_baseline,1754452800000,42897,1754456400000,1754467200000,2025,0.37891846399614754,3372.045,6.178000000000046,3372.225,3365.867,3396.757,3365.867,3.8584460522178725,-1.0,STOP
swing_baseline,1754470800000,42902,1754474400000,1754528400000,2025,0.32079048864112186,3358.015,5.66828571428573,3358.765,3352.3467142857144,3380.688142857143,3380.688142857143,3.41573183760696,3.41573183760696,TARGET
swing_baseline,1754650800000,42949,1754654400000,1754874000000,2025,0.4860894552679947,3380.035,11.340571428571431,3385.809,3368.6944285714285,3425.3972857142858,3368.6944285714285,2.31313333667213,-1.0,STOP
swing_baseline,1754892000000,42967,1754895600000,1754910000000,2025,0.3878287066264145,3363.535,12.12649999999998,3365.555,3351.4085,3412.0409999999997,3351.4085,3.286042484006675,-1.0,STOP
swing_baseline,1754913600000,42973,1754917200000,1755007200000,2025,0.6624910167491282,3344.175,9.655142857142923,3356.695,3334.5198571428573,3382.7955714285717,3334.5198571428573,1.1770193137747604,-1.0,STOP
swing_baseline,1755154800000,43037,1755158400000,1755180000000,2025,0.4379520734281956,3343.365,7.236071428571482,3345.835,3336.1289285714283,3372.3092857142856,3336.1289285714283,2.7276005445780407,-1.0,STOP
swing_baseline,1755187200000,43046,1755190800000,1755619200000,2025,0.4328545989535511,3329.645,10.277642857143,3334.145,3319.367357142857,3370.755571428572,3319.367357142857,2.4774297080048817,-1.0,STOP
swing_baseline,1755622800000,43116,1755626400000,1755691200000,2025,0.3817934442237617,3314.775,6.61121428571427,3317.345,3308.163785714286,3341.219857142857,3341.219857142857,2.6004029968026185,2.6004029968026185,TARGET
swing_baseline,1755748800000,43149,1755752400000,1755770400000,2025,0.3545105173012871,3337.765,4.921071428571428,3338.135,3332.8439285714285,3357.4492857142855,3332.8439285714285,3.650354370570062,-1.0,STOP
swing_baseline,1755774000000,43156,1755777600000,1755784800000,2025,0.6596411601352371,3324.948,5.621500000000132,3333.525,3319.3264999999997,3347.434,3347.434,0.979610522238243,0.979610522238243,TARGET
swing_baseline,1755824400000,43169,1755828000000,1755838800000,2025,0.3619796080984101,3333.398,6.1942857142857,3333.848,3327.2037142857143,3358.175142857143,3327.2037142857143,3.661363147710233,-1.0,STOP
swing_baseline,1755842400000,43174,1755846000000,1755864000000,2025,0.5529594850185512,3325.598,4.02371428571431,3329.385,3321.5742857142855,3341.692857142857,3321.5742857142855,1.5757658893460014,-1.0,STOP
swing_baseline,1756162800000,43213,1756166400000,1756166400000,2025,0.4542684334448454,3351.435,5.446428571428571,3354.725,3345.9885714285715,3373.220714285714,3373.220714285714,2.117079551958176,2.117079551958176,TARGET
swing_baseline,1756267200000,43241,1756270800000,1756310400000,2025,0.3930188570610414,3373.695,5.832428571428603,3374.785,3367.8625714285718,3397.0247142857147,3397.0247142857147,3.212704046887232,3.212704046887232,TARGET
swing_baseline,1756450800000,43289,1756454400000,1756472400000,2025,0.6749647833010977,3406.215,4.76442857142862,3412.075,3401.4505714285715,3425.2727142857148,3425.2727142857148,1.242204622769718,1.242204622769718,TARGET
swing_baseline,1756796400000,43332,1756800000000,1756821600000,2025,0.5478690978264743,3471.915,9.160714285714286,3476.615,3462.7542857142857,3508.5578571428573,3508.5578571428573,2.3045606802371204,2.3045606802371204,TARGET
swing_baseline,1756951200000,43373,1756954800000,1756954800000,2025,0.4194332089208287,3525.985,11.554571428571505,3530.205,3514.430428571429,3572.2032857142863,3514.430428571429,2.6624042310410094,-1.0,STOP
swing_baseline,1757426400000,43454,1757430000000,1757455200000,2025,0.5897845971948906,3635.678,13.010214285714287,3644.755,3622.6677857142854,3687.718857142857,3619.635,1.9451913033072903,-1.1373095617697109,STOP_GAP
swing_baseline,1757530800000,43482,1757534400000,1757566800000,2025,0.5310907499333188,3635.065,8.932642857142875,3641.775,3626.132357142857,3670.7955714285717,3626.132357142857,1.8552217610286788,-1.0,STOP
swing_baseline,1757570400000,43492,1757574000000,1757581200000,2025,0.5403314260844525,3622.395,7.733785714285659,3632.985,3614.6612142857143,3653.3301428571426,3614.6612142857143,1.1103132930266026,-1.0,STOP
swing_baseline,1757592000000,43498,1757595600000,1757646000000,2025,0.568394535129807,3611.465,9.991142857142776,3628.825,3601.4738571428575,3651.4295714285713,3651.4295714285713,0.8264580221249744,0.8264580221249744,TARGET
swing_baseline,1757890800000,43531,1757894400000,1757898000000,2025,0.3831266201177258,3636.665,6.291642857142863,3637.955,3630.373357142857,3661.8315714285714,3630.373357142857,3.1492609027443823,-1.0,STOP
swing_baseline,1758070800000,43579,1758074400000,1758092400000,2025,0.4284500051876235,3676.0,8.018428571428558,3679.265,3667.9815714285714,3708.0737142857142,3667.9815714285714,2.5531879874405328,-1.0,STOP
swing_baseline,1758096000000,43586,1758099600000,1758124800000,2025,0.3918177993761181,3662.245,6.508714285714307,3664.685,3655.7362857142857,3688.279857142857,3688.279857142857,2.6366756597117025,2.6366756597117025,TARGET
swing_baseline,1758132000000,43596,1758135600000,1758200400000,2025,0.48558248795709713,3645.765,12.48614285714286,3649.945,3633.278857142857,3695.7095714285715,3633.278857142857,2.7459605873326645,-1.0,STOP
swing_baseline,1758679200000,43695,1758682800000,1758729600000,2025,0.5420768655966623,3750.329,12.041642857142929,3756.698,3738.287357142857,3798.495571428572,3738.287357142857,2.2702939681628904,-1.0,STOP
swing_baseline,1758733200000,43710,1758736800000,1758740400000,2025,0.2758661318071035,3732.015,10.093500000000049,3733.015,3721.9215,3772.389,3721.9215,3.5492856177040997,-1.0,STOP
swing_baseline,1758805200000,43729,1758808800000,1758895200000,2025,0.5760098940795044,3721.915,12.824714285714338,3733.305,3709.0902857142855,3773.2138571428573,3773.2138571428573,1.648124221990181,1.648124221990181,TARGET
swing_baseline,1759219200000,43793,1759222800000,1759222800000,2025,0.5470993835875129,3807.308,12.65907142857142,3816.035,3794.6489285714288,3857.944285714286,3794.6489285714288,1.9596533124029747,-1.0,STOP
swing_baseline,1759366800000,43832,1759370400000,1759413600000,2025,0.5505095974641827,3852.635,13.022857142857122,3864.865,3839.612142857143,3904.7264285714286,3839.612142857143,1.5784918255360554,-1.0,STOP
swing_baseline,1759417200000,43846,1759420800000,1759496400000,2025,0.38697855348086485,3819.095,14.29521428571424,3827.978,3804.7997857142855,3876.2758571428567,3876.2758571428567,2.08376092081537,2.08376092081537,TARGET
swing_baseline,1759820400000,43907,1759824000000,1759845600000,2025,0.3974495426652336,3943.148,10.632071428571408,3945.615,3932.515928571429,3985.6762857142858,3985.6762857142858,3.0583301978876896,3.0583301978876896,TARGET
swing_baseline,1759960800000,43944,1759964400000,1760025600000,2025,0.5214958301673083,4014.748,15.623500000000083,4021.048,3999.1245,4077.242,3999.1245,2.56318562273363,-1.0,STOP
swing_baseline,1760029200000,43963,1760032800000,1760306400000,2025,0.31968023152098246,3943.788,20.165500000000097,3949.745,3923.6225,4024.4500000000003,4024.4500000000003,2.859795195712529,2.859795195712529,TARGET
swing_baseline,1760421600000,44021,1760425200000,1760490000000,2025,0.6371992923201291,4089.805,20.76971428571434,4111.298,4069.0352857142857,4172.883857142857,4172.883857142857,1.457214904052548,1.457214904052548,TARGET
swing_baseline,1760706000000,44097,1760709600000,1760709600000,2025,0.47571540048871674,4258.115,36.72264285714294,4273.635,4221.392357142857,4405.005571428572,4221.392357142857,2.5146233851109336,-1.0,STOP
swing_baseline,1760716800000,44100,1760720400000,1760972400000,2025,0.3249345461402507,4200.055,36.185714285714376,4204.545,4163.869285714286,4344.7978571428575,4344.7978571428575,3.448073613598872,3.448073613598872,TARGET
swing_baseline,1761022800000,44135,1761026400000,1761030000000,2025,0.417966304674095,4316.965,20.27750000000008,4322.775,4296.6875,4398.075000000001,4296.6875,2.8864398658362105,-1.0,STOP
swing_baseline,1761033600000,44138,1761037200000,1761048000000,2025,0.5810230063546511,4244.085,26.61207142857152,4273.835,4217.472928571428,4350.533285714286,4217.472928571428,1.3608138198307063,-1.0,STOP
swing_baseline,1761051600000,44143,1761055200000,1761055200000,2025,0.38169161063846335,4167.239,31.13821428571432,4173.355,4136.100785714285,4291.791857142857,4136.100785714285,3.1791532693328888,-1.0,STOP
swing_baseline,1761091200000,44153,1761094800000,1761537600000,2025,0.7577543332041331,4003.298,41.26749999999983,4074.598,3962.0305,4168.3679999999995,4069.405,0.833011304328509,-0.04613232060763321,72H_TIMEOUT
swing_baseline,1761552000000,44230,1761555600000,1761573600000,2025,0.4727408070675545,4024.475,21.59521428571436,4043.135,4002.8797857142854,4110.8558571428575,4002.8797857142854,1.6822878313900587,-1.0,STOP
swing_baseline,1761577200000,44237,1761580800000,1761631200000,2025,0.5542764278656612,3971.068,23.13764285714287,3989.698,3947.9303571428572,4063.6185714285716,3947.9303571428572,1.7698047189639456,-1.0,STOP
swing_baseline,1761634800000,44252,1761638400000,1761638400000,2025,0.4610541253496179,3921.248,22.56149999999996,3932.145,3898.6865000000003,4011.4939999999997,3898.6865000000003,2.3715647742726165,-1.0,STOP
swing_baseline,1761642000000,44254,1761645600000,1761721200000,2025,0.5282326450360848,3886.199,24.96621428571425,3904.405,3861.232785714286,3986.063857142857,3986.063857142857,1.8914678918815133,1.8914678918815133,TARGET
swing_baseline,1761760800000,44286,1761764400000,1761775200000,2025,0.642601593568395,3941.988,20.945000000000068,3968.805,3921.0429999999997,4025.768,3921.0429999999997,1.1926426866546624,-1.0,STOP
swing_baseline,1761793200000,44294,1761796800000,1761850800000,2025,0.5507048966590354,3915.065,26.416928571428706,3937.835,3888.6480714285713,4020.732714285715,4020.732714285715,1.68536065766602,1.68536065766602,TARGET
swing_baseline,1761926400000,44330,1761930000000,1762264800000,2025,0.47755738322978114,3971.965,19.70092857142868,3980.595,3952.2640714285712,4050.768714285715,3952.2640714285712,2.476929554525244,-1.0,STOP
swing_baseline,1762441200000,44420,1762444800000,1762531200000,2025,0.43970396343052576,3974.895,12.17692857142866,3979.975,3962.7180714285714,4023.6027142857147,4023.6027142857147,2.5281274188007705,2.5281274188007705,TARGET
swing_baseline,1762869600000,44488,1762873200000,1762873200000,2025,0.5819100785856227,4119.655,11.462214285714383,4124.439,4108.1927857142855,4165.503857142858,4108.1927857142855,2.5276569926179917,-1.0,STOP
swing_baseline,1762923600000,44502,1762927200000,1762959600000,2025,0.49500622958563095,4098.665,12.95964285714282,4104.495,4085.7053571428573,4150.503571428571,4150.503571428571,2.448613407842509,2.448613407842509,TARGET
swing_baseline,1763056800000,44538,1763060400000,1763121600000,2025,0.46294423379385,4144.965,20.80092857142849,4157.639,4124.164071428571,4228.1687142857145,4124.164071428571,2.106941442316093,-1.0,STOP
swing_baseline,1763125200000,44556,1763128800000,1763406000000,2025,0.45169317516757984,4040.985,23.692142857142603,4055.265,4017.2928571428574,4135.7535714285705,4017.2928571428574,2.1196741972498647,-1.0,STOP
swing_baseline,1763409600000,44586,1763413200000,1763542800000,2025,0.5810135929241698,4006.735,23.492642857142787,4040.835,3983.242357142857,4100.705571428572,4100.705571428572,1.0395524229905375,1.0395524229905375,TARGET
swing_baseline,1763571600000,44629,1763575200000,1763704800000,2025,0.6118286116684432,4055.385,19.77449999999996,4078.725,4035.6105000000002,4134.483,4035.6105000000002,1.2932540096719358,-1.0,STOP
swing_baseline,1763708400000,44665,1763712000000,1763740800000,2025,0.3777845413666319,4024.538,17.655000000000005,4031.365,4006.883,4095.158,4095.158,2.605710317784503,2.605710317784503,TARGET
swing_baseline,1763949600000,44683,1763953200000,1764014400000,2025,0.3459684480237765,4040.375,21.77714285714283,4043.325,4018.5978571428573,4127.483571428571,4127.483571428571,3.4034895141256287,3.4034895141256287,TARGET
swing_baseline,1764057600000,44712,1764061200000,1764288000000,2025,0.46727500612051703,4109.415,17.15514285714286,4115.795,4092.259857142857,4178.0355714285715,4178.0355714285715,2.6445801415512213,2.6445801415512213,TARGET
swing_baseline,1764637200000,44811,1764640800000,1764666000000,2025,0.7093720054488889,4197.895,15.994714285714378,4219.285,4181.900285714286,4261.873857142858,4181.900285714286,1.139205099104702,-1.0,STOP
swing_baseline,1764687600000,44825,1764691200000,1764766800000,2025,0.45021275283341233,4163.458,17.174999999999923,4169.375,4146.282999999999,4232.157999999999,4232.157999999999,2.718820370691059,2.718820370691059,TARGET
swing_baseline,1764817200000,44859,1764820800000,1764946800000,2025,0.45807150368153887,4187.125,16.550071428571364,4195.505,4170.574928571428,4253.325285714285,4253.325285714285,2.3192988387517577,2.3192988387517577,TARGET
swing_baseline,1764950400000,44895,1764954000000,1765206000000,2025,0.646678259102381,4198.215,13.214000000000008,4213.915,4185.001,4251.071,4185.001,1.2850522238362128,-1.0,STOP
swing_baseline,1765260000000,44930,1765263600000,1765270800000,2025,0.5776577503384965,4169.845,9.846642857142797,4181.825,4159.9983571428575,4209.231571428571,4209.231571428571,1.2556475866650898,1.2556475866650898,TARGET
swing_baseline,1765353600000,44955,1765357200000,1765360800000,2025,0.3549118434242546,4196.805,8.274357142857102,4197.655,4188.530642857143,4229.902428571429,4188.530642857143,3.5342137606565074,-1.0,STOP
swing_baseline,1765393200000,44966,1765396800000,1765396800000,2025,0.8431026389492324,4181.565,11.444071428571467,4216.335,4170.1209285714285,4227.341285714286,4227.341285714286,0.23815875498649833,0.23815875498649833,TARGET
swing_baseline,1765555200000,45009,1765558800000,1765774800000,2025,0.6727117144111864,4256.845,19.65857142857138,4281.785,4237.186428571429,4335.479285714286,4335.479285714286,1.2039463147442473,1.2039463147442473,TARGET
swing_baseline,1765807200000,45030,1765810800000,1765814400000,2025,0.5105166599234288,4317.175,11.628714285714263,4323.385,4305.546285714286,4363.689857142857,4305.546285714286,2.2594037046231366,-1.0,STOP
swing_baseline,1765854000000,45042,1765857600000,1765976400000,2025,0.544908209455007,4280.385,15.65542857142834,4290.695,4264.729571428572,4343.006714285713,4343.006714285713,2.014667855060061,2.014667855060061,TARGET
swing_baseline,1766044800000,45092,1766048400000,1766066400000,2025,0.4517671275484262,4321.665,9.54549999999998,4326.355,4312.1195,4359.847,4312.1195,2.3527097748586785,-1.0,STOP
swing_baseline,1766498400000,45167,1766502000000,1766530800000,2025,0.48628703395729667,4441.138,14.916642857142763,4445.455,4426.221357142857,4500.804571428571,4500.804571428571,2.877747696558511,2.877747696558511,TARGET
swing_baseline,1766584800000,45190,1766588400000,1766761200000,2025,0.43422960369479346,4460.335,18.1406428571428,4464.595,4442.194357142857,4532.897571428572,4532.897571428572,3.049134431728674,3.049134431728674,TARGET
swing_baseline,1766966400000,45217,1766970000000,1766991600000,2025,0.6309875606175608,4471.498,20.8216428571429,4496.899,4450.676357142856,4554.784571428571,4450.676357142856,1.2523206777135747,-1.0,STOP
swing_baseline,1767006000000,45228,1767009600000,1767013200000,2025,0.44781177407903155,4433.835,25.275285714285733,4446.545,4408.559714285714,4534.936142857143,4408.559714285714,2.3269837568682434,-1.0,STOP
swing_baseline,1767016800000,45231,1767020400000,1767020400000,2025,0.3629414015544547,4356.155,29.16835714285708,4359.885,4326.986642857142,4472.828428571428,4326.986642857142,3.4331023911310123,-1.0,STOP
swing_baseline,1767121200000,45259,1767124800000,1767157200000,2025,0.4784955426052293,4337.565,21.61450000000007,4348.345,4315.9505,4424.023,4315.9505,2.3361373072589204,-1.0,STOP
swing_baseline,1767160800000,45269,1767164400000,1767330000000,2025,0.6905640606242113,4273.805,26.84821428571422,4327.955,4246.9567857142865,4381.197857142857,4381.197857142857,0.6573337154699262,0.6573337154699262,TARGET
swing_baseline,1767366000000,45300,1767369600000,1767376800000,2026,0.37788562059344055,4330.065,15.924499999999885,4335.055,4314.1404999999995,4393.762999999999,4314.1404999999995,2.8070477419970143,-1.0,STOP
swing_baseline,1767762000000,45359,1767765600000,1767798000000,2026,0.49916744764786464,4442.935,16.014714285714167,4453.975,4426.920285714286,4506.993857142857,4426.920285714286,1.959690151703181,-1.0,STOP
swing_baseline,1767848400000,45382,1767852000000,1767902400000,2026,0.5213163467256569,4415.215,15.00578571428566,4425.375,4400.209214285715,4475.2381428571425,4475.2381428571425,1.9813862926138455,1.9813862926138455,TARGET
swing_baseline,1768258800000,45445,1768262400000,1768532400000,2026,0.7392549412516671,4577.335,18.37285714285729,4599.205,4558.962142857143,4650.8264285714295,4594.825,1.2827476038338863,-0.10883919062833045,72H_TIMEOUT
swing_baseline,1768568400000,45528,1768572000000,1768575600000,2026,0.6500261539566857,4582.105,13.93192857142867,4601.605,4568.173071428571,4637.832714285714,4568.173071428571,1.0836262170252366,-1.0,STOP
swing_baseline,1768867200000,45558,1768870800000,1768885200000,2026,0.4425916377351368,4659.245,10.341285714285537,4660.115,4648.903714285714,4700.610142857142,4700.610142857142,3.6119981141451496,3.6119981141451496,TARGET
swing_baseline,1769007600000,45595,1769011200000,1769022000000,2026,0.7552224954274381,4812.415,26.333571428571563,4847.535,4786.081428571429,4917.749285714286,4786.081428571429,1.1425582611727914,-1.0,STOP
swing_baseline,1769155200000,45634,1769158800000,1769184000000,2026,0.5670485511808914,4901.005,21.295000000000076,4913.635,4879.71,4986.185,4986.185,2.1385408990419985,2.1385408990419985,TARGET
swing_baseline,1769454000000,45668,1769457600000,1769544000000,2026,0.5657286948621113,5008.018,30.183285714285766,5028.265,4977.834714285715,5128.751142857143,5128.751142857143,1.992575323218479,1.992575323218479,TARGET
swing_baseline,1769698800000,45733,1769702400000,1769716800000,2026,0.6718431396161074,5098.765,70.18785714285703,5181.825,5028.577142857143,5379.516428571428,5379.516428571428,1.2900110465306014,1.2900110465306014,TARGET
swing_baseline,1769760000000,45749,1769763600000,1769763600000,2026,0.6068071592695019,5051.785,84.08364285714288,5116.535,4967.701357142857,5388.119571428571,4967.701357142857,1.8247525641044102,-1.0,STOP
swing_baseline,1769792400000,45758,1769796000000,1769796000000,2026,0.5418994947549937,4799.458,100.90778571428564,4848.798,4698.550214285714,5203.089142857142,4698.550214285714,2.3580456854843077,-1.0,STOP
swing_baseline,1769994000000,45764,1769997600000,1770012000000,2026,0.7169534430103242,4582.798,123.61278571428568,4735.975,4459.185214285714,5077.249142857143,4459.185214285714,1.2329723149878797,-1.0,STOP
swing_baseline,1770213600000,45823,1770217200000,1770217200000,2026,0.489645196468889,4966.515,38.02592857142846,4984.379,4928.489071428572,5118.618714285714,4928.489071428572,2.401858755538662,-1.0,STOP
swing_baseline,1770220800000,45825,1770224400000,1770260400000,2026,0.5476735814994631,4844.165,46.42642857142853,4904.175,4797.738571428571,5029.870714285714,4797.738571428571,1.1809463730865382,-1.0,STOP
swing_baseline,1770321600000,45852,1770325200000,1770332400000,2026,0.4265249571962324,4792.575,51.80371428571432,4811.105,4740.771285714285,4999.789857142857,4740.771285714285,2.682708556757982,-1.0,STOP
swing_baseline,1770336000000,45855,1770339600000,1770354000000,2026,0.6320823374445577,4654.355,59.94421428571429,4762.275,4594.410785714285,4894.1318571428565,4894.1318571428565,0.7854971216106196,0.7854971216106196,TARGET
swing_baseline,1770735600000,45916,1770739200000,1770807600000,2026,0.526148692370437,4998.685,28.391928571428576,5019.035,4970.293071428572,5112.252714285714,5112.252714285714,1.9124748859518508,1.9124748859518508,TARGET
swing_baseline,1770814800000,45937,1770818400000,1770912000000,2026,0.727440957784695,5017.995,29.236000000000008,5065.495,4988.759,5134.939,4988.759,0.9049728940784055,-1.0,STOP
swing_baseline,1771218000000,45997,1771221600000,1771286400000,2026,0.5822041180560993,4964.868,29.30507142857141,4990.155,4935.562928571429,5082.088285714286,4935.562928571429,1.6840043491402263,-1.0,STOP
swing_baseline,1771290000000,46013,1771293600000,1771304400000,2026,0.5821403827098586,4922.558,19.363642857143013,4957.178,4903.194357142857,5000.012571428572,4903.194357142857,0.7934731552282605,-1.0,STOP
swing_baseline,1771336800000,46026,1771340400000,1771423200000,2026,0.46533754020777784,4840.095,33.149285714285725,4862.825,4806.9457142857145,4972.692142857143,4972.692142857143,1.966151525610076,1.966151525610076,TARGET
swing_baseline,1771509600000,46071,1771513200000,1771578000000,2026,0.8359218217960945,4962.638,18.9932142857144,5005.138,4943.644785714286,5038.610857142858,5038.610857142858,0.5443341599828189,0.5443341599828189,TARGET
swing_baseline,1771938000000,46139,1771941600000,1772038800000,2026,0.38429461233501777,5110.565,26.131214285714183,5114.665,5084.4337857142855,5215.089857142856,5215.089857142856,3.321892934691382,3.321892934691382,TARGET
swing_baseline,1772049600000,46168,1772053200000,1772197200000,2026,0.4395423114797808,5144.958,21.95142857142861,5151.905,5123.006571428571,5232.763714285714,5232.763714285714,2.798031529148875,2.798031529148875,TARGET
swing_baseline,1772460000000,46230,1772463600000,1772467200000,2026,0.6538643655260177,5305.069,31.7514285714286,5331.248,5273.317571428572,5432.074714285714,5273.317571428572,1.7404793434489447,-1.0,STOP
swing_baseline,1772517600000,46245,1772521200000,1772528400000,2026,0.6460258704991078,5278.598,31.356928571428597,5309.998,5247.241071428572,5404.0257142857145,5247.241071428572,1.4982841962811384,-1.0,STOP
swing_baseline,1772535600000,46250,1772539200000,1772546400000,2026,0.6283081872405254,5071.645,48.25457142857145,5144.485,5023.390428571429,5264.663285714286,5023.390428571429,0.9924333047842271,-1.0,STOP
swing_baseline,1772550000000,46254,1772553600000,1772827200000,2026,0.62856573258025,4995.475,72.0990714285714,5094.998,4923.375928571429,5283.871285714286,5159.535,1.1005186229377018,0.37604137662946535,72H_TIMEOUT
swing_baseline,1773010800000,46330,1773014400000,1773147600000,2026,0.539807026333307,5043.468,39.72071428571443,5075.295,5003.747285714286,5202.350857142857,5202.350857142857,1.7758199323528356,1.7758199323528356,TARGET
swing_baseline,1773230400000,46388,1773234000000,1773266400000,2026,0.36492665842096916,5166.505,19.660000000000117,5167.265,5146.845,5245.145,5146.845,3.8139079333986206,-1.0,STOP
swing_baseline,1773273600000,46399,1773277200000,1773338400000,2026,0.5319509040884612,5125.185,23.657357142857045,5152.745,5101.527642857143,5219.814428571429,5101.527642857143,1.3095058455350868,-1.0,STOP
swing_baseline,1773342000000,46418,1773345600000,1773345600000,2026,0.347763227882232,5079.125,21.91907142857144,5084.725,5057.205928571429,5166.801285714286,5057.205928571429,2.982523808164156,-1.0,STOP
swing_baseline,1773410400000,46436,1773414000000,1773428400000,2026,0.43644577866711654,5035.515,22.37100000000009,5041.335,5013.144,5124.999000000001,5013.144,2.9677556667021836,-1.0,STOP
swing_baseline,1773612000000,46443,1773615600000,1773615600000,2026,0.565233279844153,4997.215,27.92407142857161,5024.205,4969.290928571429,5108.911285714286,4969.290928571429,1.5425242294129815,-1.0,STOP
swing_baseline,1773741600000,46478,1773745200000,1773759600000,2026,0.4909134651470425,4991.735,17.833571428571368,5000.025,4973.901428571428,5063.069285714285,4973.901428571428,2.4133103655702266,-1.0,STOP
swing_baseline,1773820800000,46499,1773824400000,1773828000000,2026,0.49513992803106305,4975.429,14.668357142857142,4986.649,4960.760642857143,5034.102428571428,4960.760642857143,1.8330027011590324,-1.0,STOP
swing_baseline,1773831600000,46502,1773835200000,1773835200000,2026,0.3484279868719664,4924.575,19.578071428571416,4930.085,4904.996928571429,5002.887285714285,4904.996928571429,2.9018685601865304,-1.0,STOP
swing_baseline,1773838800000,46504,1773842400000,1773864000000,2026,0.6561087461665662,4833.865,26.359714285714357,4877.875,4807.5052857142855,4939.303857142857,4807.5052857142855,0.8729445297083916,-1.0,STOP
swing_baseline,1773871200000,46512,1773874800000,1773900000000,2026,0.6042632734888951,4803.845,34.33571428571434,4833.845,4769.509285714286,4941.187857142858,4769.509285714286,1.6684800710558614,-1.0,STOP
swing_baseline,1773903600000,46521,1773907200000,1773907200000,2026,0.4071128073388715,4726.755,32.210499999999875,4727.525,4694.5445,4855.597,4694.5445,3.8832643531784363,-1.0,STOP
swing_baseline,1773914400000,46524,1773918000000,1773921600000,2026,0.440840940073723,4666.385,36.19999999999988,4678.955,4630.185,4811.1849999999995,4630.185,2.7112979290547643,-1.0,STOP
swing_baseline,1773925200000,46527,1773928800000,1773975600000,2026,0.807509383218939,4502.108,50.399285714285725,4620.505,4451.708714285714,4703.705142857143,4703.705142857143,0.4929026874321887,0.4929026874321887,TARGET
swing_baseline,1774011600000,46550,1774015200000,1774015200000,2026,0.4271664355756557,4612.618,39.17078571428582,4616.115,4573.447214285715,4769.3011428571435,4573.447214285715,3.590206060443813,-1.0,STOP
swing_baseline,1774018800000,46552,1774022400000,1774029600000,2026,0.39002014148789993,4540.455,41.42507142857156,4553.085,4499.029928571428,4706.155285714286,4499.029928571428,2.8317469881905977,-1.0,STOP
swing_baseline,1774216800000,46558,1774220400000,1774224000000,2026,0.5866626872131241,4448.835,52.02885714285711,4497.375,4396.806142857143,4656.950428571428,4396.806142857143,1.5867280697517792,-1.0,STOP
swing_baseline,1774242000000,46565,1774245600000,1774245600000,2026,0.47638605910652854,4301.698,68.01028571428567,4309.658,4233.687714285715,4573.739142857143,4233.687714285715,3.4761109606763516,-1.0,STOP
swing_baseline,1774249200000,46567,1774252800000,1774263600000,2026,0.7716685900802617,4098.275,80.8745714285714,4203.695,4017.400428571428,4421.7732857142855,4421.7732857142855,1.1706099863350052,1.1706099863350052,TARGET
swing_baseline,1774314000000,46584,1774317600000,1774587600000,2026,0.46436656062522186,4307.555,83.58507142857154,4321.745,4223.969928571429,4641.895285714287,4445.645,3.274354915180707,1.26719416503331,72H_TIMEOUT
swing_baseline,1774893600000,46693,1774897200000,1774918800000,2026,0.3485463146636292,4498.215,29.65385714285705,4498.865,4468.561142857143,4616.8304285714285,4616.8304285714285,3.89275292631304,3.89275292631304,TARGET
swing_baseline,1775091600000,46744,1775095200000,1775106000000,2026,0.6876748112181457,4648.335,36.59078571428576,4696.108,4611.744214285714,4794.6981428571435,4611.744214285714,1.168631090015778,-1.0,STOP
swing_baseline,1775109600000,46749,1775113200000,1775599200000,2026,0.5968946679225811,4553.158,42.45392857142854,4598.485,4510.704071428572,4722.973714285715,4722.973714285715,1.4181749533945571,1.4181749533945571,TARGET
swing_baseline,1775649600000,46823,1775653200000,1775656800000,2026,0.682920046688023,4768.128,28.80264285714273,4799.295,4739.325357142857,4883.3385714285705,4739.325357142857,1.4014352499776404,-1.0,STOP
swing_baseline,1775667600000,46828,1775671200000,1775674800000,2026,0.3439396897245233,4731.288,30.34957142857138,4733.525,4700.938428571428,4852.686285714285,4700.938428571428,3.6567604534733222,-1.0,STOP
swing_baseline,1775692800000,46834,1775696400000,1776031200000,2026,0.4101005289463532,4698.085,30.16335714285729,4706.365,4667.921642857143,4818.738428571429,4634.998,2.923090929698063,-1.8564195560444254,STOP_GAP
swing_baseline,1776092400000,46895,1776096000000,1776124800000,2026,0.5967536942119479,4700.025,17.956642857142793,4714.195,4682.068357142857,4771.85157142857,4771.85157142857,1.7946653089447298,1.7946653089447298,TARGET
swing_baseline,1776236400000,46933,1776240000000,1776243600000,2026,0.5124220739446078,4803.715,17.473142857142907,4810.755,4786.241857142857,4873.607571428572,4786.241857142857,2.564035619376177,-1.0,STOP
swing_baseline,1776344400000,46962,1776348000000,1776387600000,2026,0.44557370385796374,4784.745,15.483928571428676,4794.358,4769.261071428571,4846.680714285714,4769.261071428571,2.084825405499197,-1.0,STOP
swing_baseline,1776636000000,46993,1776639600000,1776780000000,2026,0.42132393089976494,4758.085,26.32999999999999,4778.698,4731.755,4863.405,4731.755,1.8044649894552764,-1.0,STOP
swing_baseline,1776787200000,47034,1776790800000,1776798000000,2026,0.38038860441396644,4708.065,23.476714285714284,4710.935,4684.588285714285,4801.971857142857,4684.588285714285,3.455340053245834,-1.0,STOP
swing_baseline,1776866400000,47055,1776870000000,1776902400000,2026,0.4153865033259735,4729.835,14.724571428571446,4735.885,4715.110428571428,4788.733285714286,4715.110428571428,2.5438929460465878,-1.0,STOP
swing_baseline,1776920400000,47069,1776924000000,1776963600000,2026,0.6272965526430986,4692.078,18.250071428571317,4713.215,4673.827928571429,4765.078285714286,4673.827928571429,1.3167591250936255,-1.0,STOP
swing_baseline,1777003200000,47091,1777006800000,1777352400000,2026,0.5482321137726854,4657.485,21.92428571428575,4674.275,4635.560714285714,4745.182142857143,4635.560714285714,1.8315498154981849,-1.0,STOP
swing_baseline,1777356000000,47139,1777359600000,1777366800000,2026,0.36984228821560416,4623.145,13.527642857142904,4628.655,4609.617357142857,4677.255571428572,4609.617357142857,2.552867064124902,-1.0,STOP
swing_baseline,1777370400000,47143,1777374000000,1777374000000,2026,0.2684960937186168,4603.115,16.066214285714327,4603.055,4587.048785714285,4667.379857142857,4587.048785714285,4.018742720461033,-1.0,STOP
swing_baseline,1777377600000,47145,1777381200000,1777467600000,2026,0.5803673850802402,4554.675,21.996928571428597,4593.465,4532.6780714285715,4642.662714285714,4532.6780714285715,0.8093469343150549,-1.0,STOP
swing_baseline,1777611600000,47207,1777615200000,1777618800000,2026,0.4231704146035551,4602.675,12.659999999999984,4604.655,4590.015,4653.3150000000005,4590.015,3.323770491803463,-1.0,STOP
swing_baseline,1777622400000,47210,1777626000000,1777640400000,2026,0.39385316803250087,4564.905,13.801928571428627,4568.745,4551.103071428571,4620.112714285714,4620.112714285714,2.9116836108781974,2.9116836108781974,TARGET
swing_baseline,1777874400000,47231,1777878000000,1777888800000,2026,0.36179998810701836,4583.595,17.295214285714206,4588.218,4566.299785714286,4652.775857142857,4566.299785714286,2.9453976633915997,-1.0,STOP
swing_baseline,1777906800000,47240,1777910400000,1778025600000,2026,0.5309224355534448,4512.055,23.08371428571419,4521.375,4488.971285714286,4604.389857142857,4604.389857142857,2.5618932573867306,2.5618932573867306,TARGET
swing_baseline,1778173200000,47311,1778176800000,1778475600000,2026,0.6394378317926982,4687.565,23.03314285714279,4711.255,4664.531857142857,4779.697571428571,4664.531857142857,1.464853758614553,-1.0,STOP
swing_baseline,1778565600000,47369,1778569200000,1778594400000,2026,0.3475510141928916,4694.295,17.86999999999989,4696.975,4676.425,4765.775,4676.425,3.347931873479254,-1.0,STOP
swing_baseline,1778598000000,47378,1778601600000,1778616000000,2026,0.6455281807676299,4638.225,19.98428571428557,4665.995,4618.240714285715,4718.1621428571425,4718.1621428571425,1.0924075625224408,1.0924075625224408,TARGET
swing_baseline,1778662800000,47395,1778666400000,1778677200000,2026,0.6275127736174875,4685.755,14.165142857142914,4700.745,4671.589857142857,4742.415571428572,4671.589857142857,1.4292700136217178,-1.0,STOP
swing_baseline,1778731200000,47413,1778734800000,1778788800000,2026,0.6732083738905233,4668.165,17.636142857142918,4702.075,4650.528857142857,4738.7095714285715,4650.528857142857,0.7107141174481769,-1.0,STOP
swing_baseline,1778803200000,47432,1778806800000,1778821200000,2026,0.49158489446574677,4613.225,19.375642857142857,4629.995,4593.849357142857,4690.7275714285715,4593.849357142857,1.6802183230936845,-1.0,STOP
swing_baseline,1778824800000,47438,1778828400000,1778835600000,2026,0.4392413936112022,4556.245,20.643285714285803,4569.785,4535.6017142857145,4638.818142857143,4535.6017142857145,2.019499922685729,-1.0,STOP
swing_baseline,1778850000000,47445,1778853600000,1779062400000,2026,0.580171240060397,4511.215,26.750714285714302,4533.285,4484.464285714286,4618.217857142858,4484.464285714286,1.7396889493628653,-1.0,STOP
swing_baseline,1779166800000,47483,1779170400000,1779195600000,2026,0.5354932755846049,4530.745,16.32357142857141,4540.675,4514.421428571429,4596.039285714285,4514.421428571429,2.1088287307849027,-1.0,STOP
swing_baseline,1779238800000,47502,1779242400000,1779289200000,2026,0.5999504107560909,4455.625,23.615499999999884,4481.565,4432.0095,4550.0869999999995,4550.0869999999995,1.3827324918525825,1.3827324918525825,TARGET
swing_baseline,1779339600000,47529,1779343200000,1779368400000,2026,0.5326524827816946,4518.185,16.96328571428538,4527.765,4501.221714285715,4586.038142857142,4501.221714285715,2.1954005048357694,-1.0,STOP
swing_baseline,1779426000000,47552,1779429600000,1779663600000,2026,0.4129730717194897,4506.978,16.23892857142872,4511.145,4490.739071428571,4571.933714285715,4571.933714285715,2.9789731975650335,2.9789731975650335,TARGET
swing_baseline,1779753600000,47590,1779757200000,1779768000000,2026,0.600189054644166,4539.135,12.856714285714329,4549.395,4526.278285714286,4590.561857142858,4526.278285714286,1.7808264891821879,-1.0,STOP
swing_baseline,1779771600000,47595,1779775200000,1779793200000,2026,0.3591071749794717,4522.735,14.528142857142871,4527.025,4508.206857142857,4580.847571428571,4508.206857142857,2.860142567583037,-1.0,STOP
swing_baseline,1779796800000,47602,1779800400000,1779861600000,2026,0.5415432350048774,4500.475,18.620500000000057,4520.078,4481.8545,4574.957,4481.8545,1.4357397935824774,-1.0,STOP
swing_baseline,1779865200000,47619,1779868800000,1779876000000,2026,0.43318142535551024,4475.605,15.597785714285758,4481.885,4460.007214285713,4537.996142857142,4460.007214285713,2.5647542027299397,-1.0,STOP
swing_baseline,1779879600000,47623,1779883200000,1779886800000,2026,0.33865319691576934,4424.755,18.85928571428576,4428.455,4405.895714285714,4500.192142857143,4405.895714285714,3.179938574549635,-1.0,STOP
swing_baseline,1779933600000,47637,1779937200000,1779937200000,2026,0.3632838799015517,4392.195,20.757857142857183,4394.128,4371.437142857142,4475.226428571428,4371.437142857142,3.574057518446629,-1.0,STOP
swing_baseline,1779940800000,47639,1779944400000,1779976800000,2026,0.4209639633358022,4366.048,18.4997857142858,4372.745,4347.548214285714,4440.047142857143,4440.047142857143,2.6710606511600896,2.6710606511600896,TARGET
swing_baseline,1780282800000,47684,1780286400000,1780300800000,2026,0.469200742958154,4509.615,19.300999999999995,4516.105,4490.313999999999,4586.8189999999995,4490.313999999999,2.741809158233472,-1.0,STOP
swing_baseline,1780304400000,47690,1780308000000,1780318800000,2026,0.4262744900594311,4488.965,15.122214285714238,4495.795,4473.842785714286,4549.4538571428575,4473.842785714286,2.44434827596309,-1.0,STOP
swing_baseline,1780322400000,47695,1780326000000,1780376400000,2026,0.43147206360644336,4447.515,18.008357142857157,4458.645,4429.506642857144,4519.548428571429,4519.548428571429,2.0901462725862343,2.0901462725862343,TARGET
swing_baseline,1780416000000,47720,1780419600000,1780441200000,2026,0.44781953664993807,4486.125,15.273571428571488,4491.705,4470.851428571428,4547.219285714286,4470.851428571428,2.662099674601809,-1.0,STOP
swing_baseline,1780462800000,47732,1780466400000,1780473600000,2026,0.36952348330675056,4456.298,14.234571428571469,4456.728,4442.063428571429,4513.236285714285,4442.063428571429,3.8533881463585336,-1.0,STOP
swing_baseline,1780477200000,47736,1780480800000,1780570800000,2026,0.41418319626651073,4438.735,16.066,4442.955,4422.669,4502.999,4502.999,2.9598738045942867,2.9598738045942867,TARGET
swing_baseline,1780617600000,47773,1780621200000,1780639200000,2026,0.4831073825179646,4450.495,17.194071428571338,4458.875,4433.300928571429,4519.271285714285,4433.300928571429,2.3616218435524807,-1.0,STOP
swing_baseline,1780660800000,47785,1780664400000,1780664400000,2026,0.4356219732667418,4404.675,18.48050000000012,4406.355,4386.1945,4478.597000000001,4386.1945,3.5833436670718113,-1.0,STOP
swing_baseline,1780668000000,47787,1780671600000,1780682400000,2026,0.5506798381070024,4344.405,22.84100000000009,4369.535,4321.563999999999,4435.769,4321.563999999999,1.380709178461982,-1.0,STOP
swing_baseline,1780686000000,47792,1780689600000,1780894800000,2026,0.39745799189721676,4313.635,25.5974285714288,4318.275,4288.037571428571,4416.024714285715,4288.037571428571,3.232738989521066,-1.0,STOP
swing_baseline,1781013600000,47833,1781017200000,1781020800000,2026,0.6600037677564017,4278.435,19.17357142857145,4300.285,4259.261428571429,4355.129285714286,4259.261428571429,1.3368969059600206,-1.0,STOP
swing_baseline,1781042400000,47840,1781046000000,1781049600000,2026,0.38199046058783287,4232.185,23.52807142857137,4236.465,4208.656928571429,4326.297285714286,4208.656928571429,3.2304392609545376,-1.0,STOP
swing_baseline,1781053200000,47843,1781056800000,1781085600000,2026,0.4128727348103176,4183.545,27.607571428571323,4188.575,4155.937428571428,4293.975285714286,4155.937428571428,3.2294157040746305,-1.0,STOP
swing_baseline,1781089200000,47853,1781092800000,1781100000000,2026,0.4064461871518718,4145.665,25.40692857142852,4147.535,4120.258071428571,4247.292714285714,4120.258071428571,3.6572194711910044,-1.0,STOP
swing_baseline,1781103600000,47857,1781107200000,1781121600000,2026,0.5855520033599054,4106.595,29.7167142857142,4128.675,4076.878285714286,4225.461857142857,4076.878285714286,1.8685906717745502,-1.0,STOP
swing_baseline,1781128800000,47863,1781132400000,1781197200000,2026,0.4546369933977276,4035.715,31.164071428571365,4045.685,4004.550928571429,4160.3712857142855,4160.3712857142855,2.788109266388498,2.788109266388498,TARGET
swing_baseline,1781553600000,47931,1781560800000,1781715600000,2026,0.47036676527737614,4306.305,16.62978571428565,4308.898,4289.675214285715,4372.824142857143,4372.824142857143,3.3255400027497832,3.3255400027497832,TARGET
swing_baseline,1781719200000,47975,1781722800000,1781722800000,2026,0.5946474102030807,4269.015,22.70928571428561,4285.505,4246.305714285715,4359.852142857143,4246.305714285715,1.8966453470362428,-1.0,STOP
swing_baseline,1781780400000,47991,1781784000000,1781798400000,2026,0.37794973419190886,4239.648,20.062714285714133,4241.875,4219.585285714286,4319.898857142856,4219.585285714286,3.500442228318052,-1.0,STOP
swing_baseline,1781809200000,47999,1781812800000,1781834400000,2026,0.560938946814137,4201.145,20.75649999999983,4216.725,4180.388500000001,4284.170999999999,4180.388500000001,1.8561501520509696,-1.0,STOP
swing_baseline,1781838000000,48006,1781841600000,1781841600000,2026,0.49736788904305407,4145.345,18.971928571428503,4153.265,4126.373071428572,4221.232714285714,4126.373071428572,2.52743919444762,-1.0,STOP
swing_baseline,1781845200000,48008,1781848800000,1782086400000,2026,0.549776022694788,4121.438,18.79457142857135,4139.395,4102.643428571429,4196.616285714285,4196.616285714285,1.5569752119442497,1.5569752119442497,TARGET
swing_baseline,1782140400000,48036,1782144000000,1782176400000,2026,0.5963870188250278,4169.485,17.29307142857156,4182.755,4152.191928571428,4238.6572857142855,4152.191928571428,1.8290794446145082,-1.0,STOP
swing_baseline,1782180000000,48046,1782183600000,1782187200000,2026,0.3141766295532047,4146.345,18.052142857142822,4146.765,4128.292857142857,4218.553571428572,4128.292857142857,3.886315301032423,-1.0,STOP
swing_baseline,1782194400000,48050,1782198000000,1782201600000,2026,0.3920075035764109,4110.195,17.471928571428503,4114.105,4092.723071428571,4180.082714285713,4092.723071428571,3.0856764891580553,-1.0,STOP
swing_baseline,1782252000000,48065,1782255600000,1782262800000,2026,0.48915976660689364,4096.685,17.047928571428265,4103.898,4079.637071428572,4164.876714285713,4079.637071428572,2.5134534363011816,-1.0,STOP
swing_baseline,1782266400000,48069,1782270000000,1782302400000,2026,0.4329176256890852,4051.935,20.834571428571248,4061.155,4031.100428571429,4135.273285714285,4031.100428571429,2.46612352767819,-1.0,STOP
swing_baseline,1782306000000,48080,1782309600000,1782478800000,2026,0.7614790229728624,3964.305,28.268571428571573,4037.945,3936.036428571428,4077.379285714286,4077.379285714286,0.386957496916004,0.386957496916004,TARGET
swing_baseline,1782709200000,48141,1782712800000,1782741600000,2026,0.5966622429435111,4039.015,18.29164285714283,4054.155,4020.723357142857,4112.181571428571,4020.723357142857,1.7356781321373984,-1.0,STOP
swing_baseline,1782777600000,48159,1782781200000,1782781200000,2026,0.4878344316682797,3979.608,16.264785714285672,3986.705,3963.3432142857146,4044.667142857143,3963.3432142857146,2.481066454680312,-1.0,STOP
swing_baseline,1782849600000,48179,1782856800000,1782867600000,2026,0.39240866252985607,4006.125,16.31121428571435,4009.785,3989.8137857142856,4071.369857142857,3989.8137857142856,3.0836811553772163,-1.0,STOP
swing_baseline,1782871200000,48184,1782874800000,1782910800000,2026,0.46270915698808823,3969.935,17.296428571428674,3978.935,3952.638571428571,4039.1207142857147,4039.1207142857147,2.2887410023088393,2.2887410023088393,TARGET
swing_baseline,1783087200000,48242,1783090800000,1783328400000,2026,0.6571367016094118,4155.085,14.668571428571274,4169.515,4140.416428571429,4213.759285714285,4140.416428571429,1.5204968334233067,-1.0,STOP
swing_baseline,1783339200000,48258,1783342800000,1783450800000,2026,0.46951768322231674,4131.285,17.775714285714262,4139.685,4113.509285714285,4202.387857142857,4113.509285714285,2.395459258854896,-1.0,STOP
swing_baseline,1783497600000,48300,1783501200000,1783522800000,2026,0.47224734684680947,4051.825,21.005714285714312,4056.375,4030.8192857142853,4135.847857142857,4030.8192857142853,3.109788137961818,-1.0,STOP
swing_baseline,1783659600000,48343,1783663200000,1783670400000,2026,0.6176415610321497,4107.955,11.246428571428558,4116.555,4096.708571428571,4152.940714285714,4096.708571428571,1.8333633255353146,-1.0,STOP
swing_baseline,1783674000000,48347,1783677600000,1783692000000,2026,0.5406975079802774,4094.215,11.005000000000043,4104.165,4083.21,4138.235000000001,4083.21,1.6258649486996295,-1.0,STOP
swing_baseline,1783893600000,48359,1783897200000,1783915200000,2026,0.37550659382636603,4069.035,17.6528571428571,4075.415,4051.3821428571428,4139.646428571428,4051.3821428571428,2.6726505379539724,-1.0,STOP
swing_baseline,1783922400000,48367,1783926000000,1783951200000,2026,0.4673951301585691,4043.585,18.111428571428537,4055.415,4025.4735714285716,4116.030714285715,4025.4735714285716,2.024476358604922,-1.0,STOP
swing_baseline,1783958400000,48377,1783962000000,1784030400000,2026,0.4420000571717263,3985.165,19.769999999999985,3993.025,3965.395,4064.245,4064.245,2.577633007600417,2.577633007600417,TARGET
swing_baseline,1784080800000,48409,1784084400000,1784203200000,2026,0.4439233978602184,4028.995,20.173571428571417,4034.895,4008.8214285714284,4109.689285714286,4008.8214285714284,2.8685861436046225,-1.0,STOP
swing_baseline,1784206800000,48443,1784210400000,1784545200000,2026,0.48331306715475475,3973.325,16.515000000000068,3989.875,3956.81,4039.385,4039.385,1.497353697262971,1.497353697262971,TARGET
swing_baseline,1784556000000,48490,1784559600000,1784610000000,2026,0.532009318290353,3998.035,15.04357142857147,4006.015,3982.9914285714285,4058.2092857142857,4058.2092857142857,2.2669934539137016,2.2669934539137016,TARGET
swing_baseline,1784772000000,48547,1784775600000,1784790000000,2026,0.6179539524733887,4111.815,17.938642857142895,4128.085,4093.8763571428567,4183.569571428571,4093.8763571428567,1.621945999444554,-1.0,STOP
swing_baseline,1784793600000,48553,1784797200000,1784808000000,2026,0.46145840642059677,4086.785,14.418642857142943,4093.275,4072.366357142857,4144.4595714285715,4072.366357142857,2.448010221337006,-1.0,STOP
swing_baseline,1784811600000,48558,1784815200000,1784858400000,2026,0.3689602779580252,4040.155,16.40214285714283,4043.115,4023.7528571428575,4105.763571428572,4023.7528571428575,3.235621795108385,-1.0,STOP
swing_baseline,1784869200000,48573,1784872800000,1784883600000,2026,0.3758508783340737,4021.665,9.672142857142878,4022.765,4011.9928571428572,4060.3535714285713,4060.3535714285713,3.4894237782641144,3.4894237782641144,TARGET
swing_baseline,1785153600000,48603,1785157200000,1785160800000,2026,0.41354246237143033,4081.495,13.546428571428676,4083.565,4067.948571428571,4135.680714285714,4067.948571428571,3.3372364268397727,-1.0,STOP
swing_baseline,1785196800000,48614,1785200400000,1785200400000,2026,0.3119883344115054,4057.205,12.438571428571516,4057.455,4044.7664285714286,4106.959285714286,4044.7664285714286,3.9014861517676906,-1.0,STOP
swing_baseline,1785204000000,48616,1785207600000,1785229200000,2026,0.30844658989544915,4040.605,12.42357142857148,4041.705,4028.1814285714286,4090.299285714286,4028.1814285714286,3.593302698991211,-1.0,STOP
swing_baseline,1785232800000,48624,1785236400000,1785330000000,2026,0.47921445393892437,4016.695,11.991428571428514,4026.405,4004.7035714285716,4064.660714285714,4004.7035714285716,1.7628200908432519,-1.0,STOP
swing_baseline,1785333600000,48651,1785337200000,1785344400000,2026,0.5218551404933625,3995.655,13.075714285714282,4004.635,3982.579285714286,4047.9578571428574,4047.9578571428574,1.9642463890148414,1.9642463890148414,TARGET
swing_baseline,1785466800000,48686,1785470400000,1785488400000,2026,0.4169934877699237,4071.595,18.45892857142862,4074.855,4053.136071428571,4145.430714285714,4053.136071428571,3.249502573462852,-1.0,STOP
swing_baseline,1785499200000,48695,1785502800000,1785502800000,2026,0.3555643430322852,4040.425,12.716357142857143,4040.615,4027.708642857143,4091.290428571429,4027.708642857143,3.926392862875003,-1.0,STOP
swing_baseline,1785506400000,48697,1785510000000,1785708000000,2026,0.6365235965567493,4020.545,14.7256428571428,4049.105,4005.8193571428574,4079.4475714285713,4081.935,0.7009846550901908,0.7584500964523063,TARGET_GAP
swing_baseline,1785751200000,48716,1785754800000,1785762000000,2026,0.38681165437536813,4045.655,15.6935714285714,4049.235,4029.9614285714288,4108.4292857142855,4029.9614285714288,3.071267094096275,-1.0,STOP
swing_baseline,1786021200000,48788,1786024800000,1786093200000,2026,0.752348304843498,4230.085,22.15428571428564,4266.905,4207.930714285714,4318.7021428571425,4318.7021428571425,0.8783004699384721,0.8783004699384721,TARGET
swing_baseline,1786431600000,48851,1786435200000,1786536000000,2026,0.3138082899896849,4356.325,19.993,4357.335,4336.331999999999,4436.297,4436.297,3.7595581583581983,3.7595581583581983,TARGET
swing_baseline,1786593600000,48894,1786597200000,1786600800000,2026,0.45509708380413055,4391.375,18.22785714285718,4397.475,4373.147142857143,4464.286428571429,4373.147142857143,2.746293197099121,-1.0,STOP
swing_baseline,1786608000000,48898,1786611600000,1786647600000,2026,0.4918017174705353,4363.905,17.241428571428646,4375.805,4346.663571428571,4432.870714285715,4346.663571428571,1.9582332467277526,-1.0,STOP
swing_baseline,1786665600000,48913,1786669200000,1786928400000,2026,0.4594529621957196,4328.915,19.17642857142865,4340.755,4309.738571428571,4405.620714285715,4405.620714285715,2.0913340856228038,2.0913340856228038,TARGET
swing_baseline,1787022000000,48962,1787025600000,1787061600000,2026,0.30005007859815286,4390.235,17.11500000000004,4391.475,4373.12,4458.695,4373.12,3.6622173794605075,-1.0,STOP
swing_baseline,1787065200000,48974,1787068800000,1787083200000,2026,0.4823080893790317,4351.415,15.633571428571356,4364.585,4335.7814285714285,4413.949285714285,4335.7814285714285,1.7138251704897367,-1.0,STOP
swing_baseline,1787094000000,48981,1787097600000,1787140800000,2026,0.44002607017714807,4326.735,16.342500000000005,4332.925,4310.3925,4392.105,4392.105,2.626428492177908,2.626428492177908,TARGET
swing_baseline,1787223600000,49016,1787227200000,1787238000000,2026,0.5139580400172892,4465.295,15.137142857142797,4467.065,4450.157857142857,4525.8435714285715,4525.8435714285715,3.4765525982257275,3.4765525982257275,TARGET
swing_baseline,1787594400000,49069,1787598000000,1787749200000,2026,0.5610995444788869,4624.875,21.860000000000063,4636.035,4603.015,4712.3150000000005,4603.015,2.310115081768678,-1.0,STOP
swing_baseline,1787756400000,49112,1787760000000,1787835600000,2026,0.46860942572860126,4582.785,16.980000000000082,4595.815,4565.804999999999,4650.705,4565.804999999999,1.8290569810063289,-1.0,STOP
swing_baseline,1787893200000,49148,1787896800000,1787925600000,2026,0.32204616577813855,4571.085,14.489285714285804,4573.115,4556.595714285714,4629.0421428571435,4556.595714285714,3.385566653694889,-1.0,STOP
swing_baseline,1787929200000,49158,1787932800000,1787932800000,2026,0.35524404624068756,4523.835,25.68285714285717,4524.175,4498.152142857143,4626.566428571428,4498.152142857143,3.9346728151076045,-1.0,STOP
swing_baseline,1787936400000,49160,1787940000000,1788141600000,2026,0.37324956352463295,4459.955,30.381428571428582,4469.075,4429.573571428571,4581.480714285714,4429.573571428571,2.8456113702940176,-1.0,STOP
swing_baseline,1788238800000,49194,1788242400000,1788249600000,2026,0.5216342966063297,4423.495,15.180000000000032,4439.745,4408.315,4484.215,4408.315,1.4148902322621648,-1.0,STOP
swing_baseline,1788253200000,49198,1788256800000,1788267600000,2026,0.25229353991602543,4364.405,18.657142857142908,4364.415,4345.747857142856,4439.033571428571,4345.747857142856,3.9973214969004336,-1.0,STOP
swing_baseline,1788289200000,49208,1788292800000,1788310800000,2026,0.43076387956669504,4322.525,22.444285714285733,4327.005,4300.080714285714,4412.302142857143,4300.080714285714,3.168037353424878,-1.0,STOP
swing_baseline,1788314400000,49214,1788318000000,1788354000000,2026,0.5215517040046845,4286.925,20.84428571428576,4302.675,4266.080714285715,4370.302142857143,4370.302142857143,1.8480246720799585,1.8480246720799585,TARGET
swing_baseline,1788494400000,49262,1788498000000,1788523200000,2026,0.571039346725928,4465.145,13.531428571428544,4473.395,4451.613571428572,4519.270714285714,4451.613571428572,2.106184823243909,-1.0,STOP
swing_baseline,1788526800000,49271,1788530400000,1788912000000,2026,0.6659922443318006,4365.305,24.27714285714273,4413.275,4341.027857142858,4462.413571428571,4341.027857142858,0.6801455322009907,-1.0,STOP
swing_baseline,1789030800000,49356,1789034400000,1789041600000,2026,0.4638474714732289,4388.175,14.729285714285782,4393.815,4373.4457142857145,4447.092142857144,4373.4457142857145,2.615562646842378,-1.0,STOP
swing_baseline,1789066800000,49366,1789070400000,1789376400000,2026,0.46752099616302506,4313.498,23.288857142857264,4324.255,4290.209142857142,4406.653428571429,4290.209142857142,2.4202189483930727,-1.0,STOP
swing_baseline,1789380000000,49403,1789383600000,1789390800000,2026,0.6535947522545343,4278.105,17.734428571428584,4294.409,4260.370571428571,4349.042714285714,4260.370571428571,1.605059827337999,-1.0,STOP
swing_baseline,1789455600000,49423,1789459200000,1789459200000,2026,0.3768461951678665,4276.075,13.89985714285727,4280.745,4262.175142857142,4331.6744285714285,4262.175142857142,2.7425859111155098,-1.0,STOP
swing_baseline,1789581600000,49457,1789585200000,1789642800000,2026,0.446010249392055,4256.765,22.897857142857124,4260.355,4233.867142857143,4348.356428571429,4348.356428571429,3.3223309872449844,3.3223309872449844,TARGET
swing_baseline,1789700400000,49488,1789704000000,1789714800000,2026,0.7303544126793531,4334.105,16.237857142857138,4358.995,4317.867142857142,4399.056428571428,4399.056428571428,0.9740704076138709,0.9740704076138709,TARGET
swing_baseline,1789966800000,49513,1789970400000,1789999200000,2026,0.3563679592463422,4348.925,13.571428571428768,4350.555,4335.353571428572,4403.210714285715,4335.353571428572,3.4638661779908135,-1.0,STOP
swing_baseline,1790049600000,49535,1790053200000,1790053200000,2026,0.5560107995848227,4334.535,15.204071428571362,4342.475,4319.330928571429,4395.351285714285,4319.330928571429,2.2846579037518815,-1.0,STOP
swing_baseline,1790056800000,49537,1790060400000,1790060400000,2026,0.35515266249194255,4314.955,15.104071428571388,4318.075,4299.850928571428,4375.3712857142855,4299.850928571428,3.1439893077052163,-1.0,STOP
swing_baseline,1790064000000,49539,1790067600000,1790103600000,2026,0.6701293744084275,4291.245,18.315500000000025,4329.755,4272.9295,4364.507,4364.507,0.6115564315316108,0.6115564315316108,TARGET
swing_baseline,1790143200000,49560,1790146800000,1790154000000,2026,0.4540050348890326,4325.845,13.41357142857136,4330.945,4312.431428571429,4379.499285714286,4312.431428571429,2.62263204598957,-1.0,STOP
swing_baseline,1790161200000,49565,1790164800000,1790168400000,2026,0.5850258586808786,4294.465,11.99428571428559,4309.305,4282.470714285714,4342.442142857142,4282.470714285714,1.234880749574053,-1.0,STOP
swing_baseline,1790172000000,49568,1790175600000,1790236800000,2026,0.537679759097882,4277.655,14.886428571428496,4294.345,4262.768571428571,4337.200714285714,4262.768571428571,1.3572058723730898,-1.0,STOP
swing_baseline,1790240400000,49585,1790244000000,1790330400000,2026,0.39163928554339505,4250.315,15.22571428571421,4255.225,4235.089285714285,4311.217857142857,4311.217857142857,2.78077332387357,2.78077332387357,TARGET
swing_baseline,1790344800000,49612,1790348400000,1790726400000,2026,0.6869365670659032,4254.405,17.125,4278.935,4237.28,4322.905,4184.555,1.0555755611570916,-2.265754411235113,STOP_GAP
