idea_id,event_signal_t,episode_start_t,entry_t,state_id,permission_on,geometry_valid,reference_signal,candidate_open_at_entry,screen_result
IDEA_1520525400000,1520561400000,1520561100000,1520561700000,0,True,True,False,True,BLOCKED_OPEN_TRADE
IDEA_1520559900000,1520844600000,1520843100000,1520844900000,5,True,True,True,True,REFERENCE_ALREADY_CAPTURES
IDEA_1520525400000,1520846100000,1520845500000,1520846400000,5,True,True,False,True,BLOCKED_OPEN_TRADE
IDEA_1520525400000,1520848200000,1520847600000,1520848500000,5,False,True,False,False,PERMISSION_REJECT
IDEA_1520844600000,1520849400000,1520848500000,1520849700000,0,False,True,False,False,PERMISSION_REJECT
IDEA_1520844600000,1520928300000,1520926800000,1520928600000,0,False,True,False,False,PERMISSION_REJECT
IDEA_1520844600000,1520933700000,1520932200000,1520934000000,0,False,True,False,False,PERMISSION_REJECT
IDEA_1520844600000,1520944800000,1520944200000,1520945100000,3,False,False,False,False,STATE_REJECT
IDEA_1520844600000,1521016500000,1521015300000,1521016800000,0,False,True,False,False,PERMISSION_REJECT
IDEA_1520844600000,1521034200000,1521032100000,1521034500000,5,False,True,False,False,PERMISSION_REJECT
IDEA_1520844600000,1521037500000,1521037200000,1521037800000,4,False,True,False,False,PERMISSION_REJECT
IDEA_1520844600000,1521105000000,1521101700000,1521105300000,0,False,True,False,False,PERMISSION_REJECT
IDEA_1520844600000,1521107100000,1521105600000,1521107400000,0,False,True,False,False,PERMISSION_REJECT
IDEA_1520844600000,1521111900000,1521111600000,1521112200000,0,True,True,True,True,REFERENCE_ALREADY_CAPTURES
IDEA_1521111900000,1521120600000,1521118800000,1521120900000,0,False,True,False,False,PERMISSION_REJECT
IDEA_1521111900000,1521122100000,1521121200000,1521122400000,0,False,True,False,False,PERMISSION_REJECT
IDEA_1521111900000,1521123900000,1521123000000,1521124200000,0,False,True,False,False,PERMISSION_REJECT
IDEA_1521111900000,1521131100000,1521128400000,1521131400000,0,False,True,False,False,PERMISSION_REJECT
IDEA_1521111900000,1521132600000,1521132300000,1521132900000,0,False,True,False,False,PERMISSION_REJECT
IDEA_1521111900000,1521140400000,1521140100000,1521140700000,5,False,True,False,False,PERMISSION_REJECT
IDEA_1521111900000,1521210300000,1521207900000,1521210600000,0,False,True,False,False,PERMISSION_REJECT
IDEA_1521111900000,1521212700000,1521212100000,1521213000000,0,False,True,False,False,PERMISSION_REJECT
IDEA_1521111900000,1521438900000,1521437700000,1521439200000,0,False,True,False,False,PERMISSION_REJECT
IDEA_1521111900000,1521440700000,1521439800000,1521441000000,0,False,True,False,False,PERMISSION_REJECT
IDEA_1521111900000,1521531900000,1521531000000,1521532200000,4,False,True,False,False,PERMISSION_REJECT
IDEA_1521111900000,1521533700000,1521532800000,1521534000000,5,True,True,True,True,REFERENCE_ALREADY_CAPTURES
IDEA_1521533700000,1521549300000,1521545700000,1521549600000,0,False,True,False,False,PERMISSION_REJECT
IDEA_1521540900000,1521733200000,1521732900000,1521733500000,5,False,True,False,False,PERMISSION_REJECT
IDEA_1521540900000,1521739200000,1521738300000,1521739500000,4,False,True,False,False,PERMISSION_REJECT
IDEA_1522145700000,1522158300000,1522157400000,1522158600000,0,True,True,True,True,REFERENCE_ALREADY_CAPTURES
IDEA_1522158300000,1522240500000,1522238700000,1522240800000,0,True,True,True,True,REFERENCE_ALREADY_CAPTURES
IDEA_1522240500000,1522249200000,1522248900000,1522249500000,0,True,True,True,True,REFERENCE_ALREADY_CAPTURES
IDEA_1522249200000,1522258800000,1522257900000,1522259100000,0,True,True,False,True,BLOCKED_OPEN_TRADE
IDEA_1522249200000,1522307100000,1522305600000,1522307400000,5,True,True,True,True,REFERENCE_ALREADY_CAPTURES
IDEA_1522254300000,1522337700000,1522337400000,1522338000000,0,True,True,False,True,BLOCKED_OPEN_TRADE
IDEA_1522254300000,1522743600000,1522742700000,1522743900000,5,True,True,True,True,REFERENCE_ALREADY_CAPTURES
IDEA_1522743600000,1522767600000,1522764600000,1522767900000,0,True,True,True,True,REFERENCE_ALREADY_CAPTURES
IDEA_1522763100000,1522866900000,1522866300000,1522867200000,0,True,True,True,True,REFERENCE_ALREADY_CAPTURES
IDEA_1522866900000,1522912500000,1522908900000,1522912800000,0,True,True,True,True,REFERENCE_ALREADY_CAPTURES
IDEA_1523524200000,1523539800000,1523539500000,1523540100000,0,True,True,False,True,BLOCKED_OPEN_TRADE
IDEA_1523524200000,1523541000000,1523540400000,1523541300000,0,True,True,False,True,BLOCKED_OPEN_TRADE
IDEA_1523524200000,1523543700000,1523541300000,1523544000000,0,True,True,True,True,REFERENCE_ALREADY_CAPTURES
IDEA_1523536200000,1523547900000,1523546100000,1523548200000,0,True,True,False,True,BLOCKED_OPEN_TRADE
IDEA_1523536200000,1523552100000,1523551800000,1523552400000,0,True,True,False,True,BLOCKED_OPEN_TRADE
IDEA_1523536200000,1523562900000,1523561100000,1523563200000,0,True,True,True,True,REFERENCE_ALREADY_CAPTURES
IDEA_1523543700000,1523954100000,1523953800000,1523954400000,5,True,True,True,True,REFERENCE_ALREADY_CAPTURES
IDEA_1523954100000,1524030900000,1524028800000,1524031200000,4,False,True,False,False,PERMISSION_REJECT
IDEA_1523954100000,1524153300000,1524150000000,1524153600000,0,False,True,False,False,PERMISSION_REJECT
IDEA_1523954100000,1524218100000,1524216300000,1524218400000,4,True,True,True,True,REFERENCE_ALREADY_CAPTURES
IDEA_1524218100000,1524236100000,1524233700000,1524236400000,4,True,True,False,True,BLOCKED_OPEN_TRADE
IDEA_1524232800000,1524477300000,1524474000000,1524477600000,0,True,True,True,True,REFERENCE_ALREADY_CAPTURES
IDEA_1524218100000,1524484200000,1524483600000,1524484500000,0,True,True,False,True,BLOCKED_OPEN_TRADE
IDEA_1524218100000,1524488100000,1524485400000,1524488400000,0,True,True,True,True,REFERENCE_ALREADY_CAPTURES
IDEA_1524477300000,1524492900000,1524491100000,1524493200000,0,True,True,False,True,BLOCKED_OPEN_TRADE
IDEA_1524477300000,1524499200000,1524498000000,1524499500000,0,True,True,False,True,BLOCKED_OPEN_TRADE
IDEA_1524477300000,1524504600000,1524504300000,1524504900000,0,True,True,False,True,BLOCKED_OPEN_TRADE
IDEA_1524477300000,1524533100000,1524532500000,1524533400000,4,True,True,False,True,BLOCKED_OPEN_TRADE
IDEA_1524477300000,1524634800000,1524633000000,1524635100000,4,False,True,False,False,PERMISSION_REJECT
IDEA_1524477300000,1524637800000,1524636300000,1524638100000,0,False,True,False,False,PERMISSION_REJECT
IDEA_1524477300000,1524640200000,1524639600000,1524640500000,0,False,True,False,False,PERMISSION_REJECT
IDEA_1524477300000,1524644400000,1524644100000,1524644700000,0,False,True,False,False,PERMISSION_REJECT
IDEA_1524477300000,1524658200000,1524655800000,1524658500000,0,False,True,False,False,PERMISSION_REJECT
IDEA_1524477300000,1524660300000,1524658800000,1524660600000,0,False,True,False,False,PERMISSION_REJECT
IDEA_1525172100000,1525187100000,1525183800000,1525187400000,0,True,True,True,True,REFERENCE_ALREADY_CAPTURES
IDEA_1525183200000,1525270200000,1525268400000,1525270500000,0,True,True,True,True,REFERENCE_ALREADY_CAPTURES
IDEA_1526360700000,1526385000000,1526384100000,1526385300000,0,True,True,False,True,BLOCKED_OPEN_TRADE
IDEA_1526383800000,1526392800000,1526390100000,1526393100000,0,True,True,True,True,REFERENCE_ALREADY_CAPTURES
IDEA_1526360700000,1526405400000,1526403300000,1526405700000,0,True,True,True,True,REFERENCE_ALREADY_CAPTURES
IDEA_1526392800000,1526408700000,1526407800000,1526409000000,0,True,True,False,True,BLOCKED_OPEN_TRADE
IDEA_1526392800000,1526465700000,1526465400000,1526466000000,0,False,True,False,True,PERMISSION_REJECT
IDEA_1526392800000,1526471100000,1526470200000,1526471400000,0,False,True,False,False,PERMISSION_REJECT
IDEA_1526405400000,1526473500000,1526473200000,1526473800000,0,False,True,False,False,PERMISSION_REJECT
IDEA_1526405400000,1526546700000,1526545800000,1526547000000,5,False,True,False,False,PERMISSION_REJECT
IDEA_1526405400000,1526551800000,1526550600000,1526552100000,0,False,True,False,False,PERMISSION_REJECT
IDEA_1526405400000,1526553900000,1526552400000,1526554200000,0,False,True,False,False,PERMISSION_REJECT
IDEA_1526405400000,1526638200000,1526634900000,1526638500000,5,False,True,False,False,PERMISSION_REJECT
IDEA_1526405400000,1526642100000,1526641200000,1526642400000,0,False,True,False,False,PERMISSION_REJECT
IDEA_1526405400000,1526648100000,1526647500000,1526648400000,4,False,True,False,False,PERMISSION_REJECT
IDEA_1529901000000,1529964000000,1529960100000,1529964300000,4,True,True,True,True,REFERENCE_ALREADY_CAPTURES
IDEA_1529964000000,1530006000000,1530003900000,1530006300000,0,True,True,True,True,REFERENCE_ALREADY_CAPTURES
IDEA_1530006000000,1530068700000,1530068400000,1530069000000,0,True,True,True,True,REFERENCE_ALREADY_CAPTURES
IDEA_1530068700000,1530168600000,1530168000000,1530168900000,1,False,True,False,True,STATE_REJECT
IDEA_1530068700000,1530170700000,1530169800000,1530171000000,0,True,True,False,True,BLOCKED_OPEN_TRADE
IDEA_1530068700000,1530176400000,1530174600000,1530176700000,0,True,True,False,True,BLOCKED_OPEN_TRADE
IDEA_1530127200000,1530211500000,1530210900000,1530211800000,0,True,True,True,True,REFERENCE_ALREADY_CAPTURES
IDEA_1530513000000,1530552300000,1530549600000,1530552600000,0,False,True,False,False,PERMISSION_REJECT
IDEA_1530513000000,1530561600000,1530561300000,1530561900000,0,False,True,False,False,PERMISSION_REJECT
IDEA_1530513000000,1530582600000,1530581400000,1530582900000,5,True,True,True,True,REFERENCE_ALREADY_CAPTURES
IDEA_1530768900000,1530848700000,1530846900000,1530849000000,0,True,True,True,True,REFERENCE_ALREADY_CAPTURES
IDEA_1531156500000,1531208700000,1531208400000,1531209000000,0,True,True,False,True,BLOCKED_OPEN_TRADE
IDEA_1531156500000,1531213500000,1531211700000,1531213800000,0,True,True,True,True,REFERENCE_ALREADY_CAPTURES
IDEA_1531204500000,1531222500000,1531219800000,1531222800000,0,True,True,True,True,REFERENCE_ALREADY_CAPTURES
IDEA_1531213500000,1531310400000,1531309500000,1531310700000,0,True,True,True,True,REFERENCE_ALREADY_CAPTURES
IDEA_1531310400000,1531325700000,1531325400000,1531326000000,0,False,True,False,False,PERMISSION_REJECT
IDEA_1531310400000,1531338300000,1531337400000,1531338600000,0,False,True,False,False,PERMISSION_REJECT
IDEA_1531310400000,1531341600000,1531338900000,1531341900000,0,False,True,False,False,PERMISSION_REJECT
IDEA_1531310400000,1531357200000,1531356900000,1531357500000,0,False,True,False,False,PERMISSION_REJECT
IDEA_1531310400000,1531458900000,1531457400000,1531459200000,5,False,True,False,False,PERMISSION_REJECT
IDEA_1531310400000,1531460100000,1531459500000,1531460400000,5,False,True,False,False,PERMISSION_REJECT
IDEA_1531310400000,1531472100000,1531470000000,1531472400000,0,False,True,False,False,PERMISSION_REJECT
IDEA_1531310400000,1531473900000,1531473000000,1531474200000,0,False,True,False,False,PERMISSION_REJECT
IDEA_1531310400000,1531483800000,1531482900000,1531484100000,0,False,True,False,False,PERMISSION_REJECT
IDEA_1531310400000,1531748400000,1531746600000,1531748700000,5,False,True,False,False,PERMISSION_REJECT
IDEA_1531979400000,1531994100000,1531991700000,1531994400000,0,False,True,False,False,PERMISSION_REJECT
IDEA_1531979400000,1531995600000,1531994700000,1531995900000,0,False,True,False,False,PERMISSION_REJECT
IDEA_1531979400000,1531997100000,1531996500000,1531997400000,0,False,True,False,False,PERMISSION_REJECT
IDEA_1531979400000,1532330100000,1532329500000,1532330400000,5,False,True,False,False,PERMISSION_REJECT
IDEA_1531979400000,1532337300000,1532335800000,1532337600000,5,False,True,False,False,PERMISSION_REJECT
IDEA_1531979400000,1532351700000,1532350500000,1532352000000,5,True,True,True,True,REFERENCE_ALREADY_CAPTURES
IDEA_1532351700000,1532395500000,1532394600000,1532395800000,5,True,True,False,True,BLOCKED_OPEN_TRADE
IDEA_1532351700000,1532409000000,1532407500000,1532409300000,0,True,True,True,True,REFERENCE_ALREADY_CAPTURES
IDEA_1532363700000,1532489100000,1532488200000,1532489400000,4,True,True,True,True,REFERENCE_ALREADY_CAPTURES
IDEA_1532594100000,1532653800000,1532653200000,1532654100000,4,True,True,True,True,REFERENCE_ALREADY_CAPTURES
IDEA_1532653800000,1532688000000,1532685300000,1532688300000,0,True,True,False,True,BLOCKED_OPEN_TRADE
IDEA_1532653800000,1532932500000,1532932200000,1532932800000,4,False,True,False,False,PERMISSION_REJECT
IDEA_1532653800000,1532988000000,1532984100000,1532988300000,0,False,True,False,False,PERMISSION_REJECT
IDEA_1532653800000,1533000900000,1532999700000,1533001200000,4,False,True,False,False,PERMISSION_REJECT
IDEA_1532653800000,1533004200000,1533003300000,1533004500000,1,False,True,False,False,STATE_REJECT
IDEA_1532653800000,1533005400000,1533004800000,1533005700000,5,False,True,False,False,PERMISSION_REJECT
IDEA_1532653800000,1533011100000,1533009600000,1533011400000,4,False,True,False,False,PERMISSION_REJECT
IDEA_1532653800000,1533024900000,1533022800000,1533025200000,5,False,True,False,False,PERMISSION_REJECT
IDEA_1532653800000,1533033000000,1533032700000,1533033300000,0,False,True,False,False,PERMISSION_REJECT
IDEA_1532653800000,1533043500000,1533042300000,1533043800000,4,False,True,False,False,PERMISSION_REJECT
IDEA_1533536400000,1533555600000,1533554100000,1533555900000,0,False,True,False,False,PERMISSION_REJECT
IDEA_1533536400000,1533586800000,1533585600000,1533587100000,0,False,True,False,False,PERMISSION_REJECT
IDEA_1533536400000,1533666600000,1533664200000,1533666900000,5,False,True,False,False,PERMISSION_REJECT
IDEA_1533536400000,1533726300000,1533725700000,1533726600000,0,False,True,False,False,PERMISSION_REJECT
IDEA_1533536400000,1533729600000,1533729300000,1533729900000,0,False,True,False,False,PERMISSION_REJECT
IDEA_1533536400000,1533732600000,1533731100000,1533732900000,0,False,True,False,False,PERMISSION_REJECT
IDEA_1534324500000,1534345500000,1534344600000,1534345800000,0,True,True,False,True,BLOCKED_OPEN_TRADE
IDEA_1534324500000,1534350300000,1534347000000,1534350600000,0,True,True,True,True,REFERENCE_ALREADY_CAPTURES
IDEA_1534341600000,1534353600000,1534353000000,1534353900000,0,True,True,False,True,BLOCKED_OPEN_TRADE
IDEA_1534341600000,1534362600000,1534361700000,1534362900000,0,True,True,False,True,BLOCKED_OPEN_TRADE
IDEA_1534341600000,1534380600000,1534377900000,1534380900000,5,True,True,True,True,REFERENCE_ALREADY_CAPTURES
IDEA_1534350300000,1534450500000,1534446900000,1534450800000,0,True,True,True,True,REFERENCE_ALREADY_CAPTURES
IDEA_1534983600000,1534991700000,1534991100000,1534992000000,0,True,True,True,True,REFERENCE_ALREADY_CAPTURES
IDEA_1534991700000,1535070300000,1535069100000,1535070600000,0,True,True,True,True,REFERENCE_ALREADY_CAPTURES
IDEA_1535466900000,1535483700000,1535483100000,1535484000000,0,True,True,True,True,REFERENCE_ALREADY_CAPTURES
IDEA_1536045300000,1536067800000,1536066300000,1536068100000,5,True,True,True,True,REFERENCE_ALREADY_CAPTURES
IDEA_1536325500000,1536673500000,1536673200000,1536673800000,0,False,True,False,True,PERMISSION_REJECT
IDEA_1536931800000,1536939300000,1536937500000,1536939600000,0,True,True,False,True,BLOCKED_OPEN_TRADE
IDEA_1536936600000,1536943800000,1536943200000,1536944100000,0,True,True,True,True,REFERENCE_ALREADY_CAPTURES
IDEA_1536931800000,1537143300000,1537142400000,1537143600000,0,False,True,False,True,PERMISSION_REJECT
IDEA_1536931800000,1537255200000,1537254300000,1537255500000,5,False,True,False,False,PERMISSION_REJECT
IDEA_1537842000000,1537969800000,1537969200000,1537970100000,0,False,True,False,False,PERMISSION_REJECT
IDEA_1537842000000,1537972500000,1537972200000,1537972800000,0,False,True,False,False,PERMISSION_REJECT
IDEA_1537842000000,1537987500000,1537986900000,1537987800000,5,False,True,False,False,PERMISSION_REJECT
IDEA_1537842000000,1538055600000,1538055000000,1538055900000,0,False,True,False,False,PERMISSION_REJECT
IDEA_1538376600000,1538565300000,1538564700000,1538565600000,5,False,True,False,False,PERMISSION_REJECT
IDEA_1538376600000,1538569800000,1538568600000,1538570100000,4,False,True,False,False,PERMISSION_REJECT
IDEA_1538376600000,1538581200000,1538579700000,1538581500000,0,False,True,False,False,PERMISSION_REJECT
IDEA_1538376600000,1538591700000,1538590800000,1538592000000,0,False,True,False,False,PERMISSION_REJECT
IDEA_1538376600000,1538604300000,1538599500000,1538604600000,0,False,True,False,False,PERMISSION_REJECT
IDEA_1538376600000,1538623200000,1538620200000,1538623500000,5,True,True,True,True,REFERENCE_ALREADY_CAPTURES
IDEA_1538961900000,1539003300000,1539000000000,1539003600000,0,True,True,True,True,REFERENCE_ALREADY_CAPTURES
IDEA_1539814200000,1539933900000,1539932700000,1539934200000,4,False,True,False,False,PERMISSION_REJECT
IDEA_1539814200000,1540196100000,1540194900000,1540196400000,5,False,True,False,False,PERMISSION_REJECT
IDEA_1539814200000,1540210200000,1540209600000,1540210500000,0,False,True,False,False,PERMISSION_REJECT
IDEA_1539814200000,1540215300000,1540213800000,1540215600000,0,False,True,False,False,PERMISSION_REJECT
IDEA_1539814200000,1540219800000,1540218300000,1540220100000,4,False,True,False,False,PERMISSION_REJECT
IDEA_1541162400000,1541425800000,1541423400000,1541426100000,0,True,True,False,True,BLOCKED_OPEN_TRADE
IDEA_1541162400000,1541523600000,1541523300000,1541523900000,0,True,True,True,True,REFERENCE_ALREADY_CAPTURES
IDEA_1543244700000,1543308300000,1543308000000,1543308600000,4,False,True,False,False,PERMISSION_REJECT
IDEA_1543244700000,1543335900000,1543335000000,1543336200000,0,False,True,False,False,PERMISSION_REJECT
IDEA_1543244700000,1543339500000,1543337400000,1543339800000,0,False,True,False,False,PERMISSION_REJECT
IDEA_1543244700000,1543414800000,1543413900000,1543415100000,4,False,True,False,False,PERMISSION_REJECT
IDEA_1543244700000,1543515600000,1543515000000,1543515900000,4,True,True,True,True,REFERENCE_ALREADY_CAPTURES
IDEA_1543515600000,1543590300000,1543588200000,1543590600000,0,True,True,True,True,REFERENCE_ALREADY_CAPTURES
IDEA_1543586700000,1543985700000,1543984500000,1543986000000,0,True,True,True,True,REFERENCE_ALREADY_CAPTURES
IDEA_1549254900000,1549289700000,1549289100000,1549290000000,4,True,True,False,True,BLOCKED_OPEN_TRADE
IDEA_1549254900000,1549359600000,1549358700000,1549359900000,0,True,True,False,True,BLOCKED_OPEN_TRADE
IDEA_1549254900000,1549360800000,1549360500000,1549361100000,0,True,True,False,True,BLOCKED_OPEN_TRADE
IDEA_1549254900000,1549455300000,1549454100000,1549455600000,4,False,True,False,False,PERMISSION_REJECT
IDEA_1549254900000,1549477500000,1549476600000,1549477800000,5,False,True,False,False,PERMISSION_REJECT
IDEA_1549254900000,1549494000000,1549489500000,1549494300000,0,False,True,False,False,PERMISSION_REJECT
IDEA_1549254900000,1549510800000,1549508700000,1549511100000,0,False,True,False,False,PERMISSION_REJECT
IDEA_1549254900000,1549515600000,1549513500000,1549515900000,0,False,True,False,False,PERMISSION_REJECT
IDEA_1549871700000,1549890300000,1549888200000,1549890600000,0,True,True,True,True,REFERENCE_ALREADY_CAPTURES
IDEA_1549890300000,1550064000000,1550062200000,1550064300000,0,False,True,False,False,PERMISSION_REJECT
IDEA_1549890300000,1550149200000,1550147400000,1550149500000,0,False,True,False,False,PERMISSION_REJECT
IDEA_1550773200000,1551101100000,1551100500000,1551101400000,5,True,True,False,True,BLOCKED_OPEN_TRADE
IDEA_1550773200000,1551169200000,1551166500000,1551169500000,5,True,True,False,True,BLOCKED_OPEN_TRADE
IDEA_1550773200000,1551171300000,1551170700000,1551171600000,0,False,True,False,True,PERMISSION_REJECT
IDEA_1550773200000,1551186000000,1551183900000,1551186300000,4,False,True,False,True,PERMISSION_REJECT
IDEA_1551460800000,1551474000000,1551472800000,1551474300000,0,False,True,False,False,PERMISSION_REJECT
IDEA_1551460800000,1551690900000,1551688200000,1551691200000,0,False,True,False,False,PERMISSION_REJECT
IDEA_1551460800000,1551700800000,1551700200000,1551701100000,0,False,True,False,False,PERMISSION_REJECT
IDEA_1551460800000,1551711300000,1551710100000,1551711600000,4,True,True,True,True,REFERENCE_ALREADY_CAPTURES
IDEA_1552304700000,1552323600000,1552323000000,1552323900000,0,True,True,False,True,BLOCKED_OPEN_TRADE
IDEA_1552304700000,1552326900000,1552325100000,1552327200000,0,True,True,False,True,BLOCKED_OPEN_TRADE
IDEA_1552304700000,1552539600000,1552537800000,1552539900000,0,True,True,True,True,REFERENCE_ALREADY_CAPTURES
IDEA_1552539600000,1552571100000,1552568100000,1552571400000,0,True,True,True,True,REFERENCE_ALREADY_CAPTURES
IDEA_1552557600000,1552871400000,1552868100000,1552871700000,0,True,True,True,True,REFERENCE_ALREADY_CAPTURES
IDEA_1553181600000,1553580300000,1553576700000,1553580600000,0,True,True,True,True,REFERENCE_ALREADY_CAPTURES
IDEA_1553580300000,1553597700000,1553596500000,1553598000000,0,False,True,False,False,PERMISSION_REJECT
IDEA_1553580300000,1553601000000,1553599800000,1553601300000,0,True,True,True,True,REFERENCE_ALREADY_CAPTURES
IDEA_1553601000000,1553715000000,1553714100000,1553715300000,5,True,True,False,True,BLOCKED_OPEN_TRADE
IDEA_1553601000000,1553729100000,1553728200000,1553729400000,4,True,True,False,True,BLOCKED_OPEN_TRADE
IDEA_1553601000000,1553738700000,1553737800000,1553739000000,5,True,True,False,True,BLOCKED_OPEN_TRADE
IDEA_1553601000000,1553763300000,1553762100000,1553763600000,0,True,True,False,True,BLOCKED_OPEN_TRADE
IDEA_1553601000000,1553767200000,1553766300000,1553767500000,0,True,True,True,True,REFERENCE_ALREADY_CAPTURES
IDEA_1553694600000,1553774400000,1553771400000,1553774700000,0,True,True,True,True,REFERENCE_ALREADY_CAPTURES
IDEA_1553767200000,1553775900000,1553775300000,1553776200000,0,True,True,False,True,BLOCKED_OPEN_TRADE
IDEA_1553774400000,1553781900000,1553780700000,1553782200000,0,True,True,True,True,REFERENCE_ALREADY_CAPTURES
IDEA_1553767200000,1553788500000,1553787300000,1553788800000,0,False,True,False,True,PERMISSION_REJECT
IDEA_1553767200000,1553791200000,1553789400000,1553791500000,0,False,True,False,False,PERMISSION_REJECT
IDEA_1553781900000,1553835600000,1553835300000,1553835900000,0,False,True,False,False,PERMISSION_REJECT
IDEA_1553781900000,1554102900000,1554099600000,1554103200000,0,False,True,False,False,PERMISSION_REJECT
IDEA_1553781900000,1554144600000,1554143400000,1554144900000,0,False,True,False,False,PERMISSION_REJECT
IDEA_1553781900000,1554150300000,1554148500000,1554150600000,0,False,True,False,False,PERMISSION_REJECT
IDEA_1553781900000,1554162000000,1554161400000,1554162300000,0,False,True,False,False,PERMISSION_REJECT
IDEA_1553781900000,1554181200000,1554179100000,1554181800000,4,False,True,False,False,PERMISSION_REJECT
IDEA_1553781900000,1554192300000,1554190500000,1554192600000,4,False,True,False,False,PERMISSION_REJECT
IDEA_1554966600000,1554986700000,1554984900000,1554987000000,0,False,True,False,False,PERMISSION_REJECT
IDEA_1554966600000,1554989100000,1554987300000,1554989400000,0,False,True,False,False,PERMISSION_REJECT
IDEA_1554966600000,1554997800000,1554996000000,1554998100000,0,True,True,True,True,REFERENCE_ALREADY_CAPTURES
IDEA_1554997800000,1555072800000,1555072200000,1555073100000,4,True,True,True,True,REFERENCE_ALREADY_CAPTURES
IDEA_1555072800000,1555292100000,1555290600000,1555292400000,1,False,True,False,False,STATE_REJECT
IDEA_1555072800000,1555293300000,1555292700000,1555293600000,0,False,True,False,False,PERMISSION_REJECT
IDEA_1555072800000,1555312500000,1555311300000,1555312800000,4,False,True,False,False,PERMISSION_REJECT
IDEA_1555072800000,1555316700000,1555313400000,1555317000000,4,False,True,False,False,PERMISSION_REJECT
IDEA_1555072800000,1555324500000,1555321500000,1555324800000,0,False,True,False,False,PERMISSION_REJECT
IDEA_1555072800000,1555329600000,1555329000000,1555329900000,4,True,True,True,True,REFERENCE_ALREADY_CAPTURES
IDEA_1555329600000,1555335300000,1555335000000,1555335600000,0,True,True,False,True,BLOCKED_OPEN_TRADE
IDEA_1555329600000,1555391100000,1555390800000,1555391400000,0,False,True,False,True,PERMISSION_REJECT
IDEA_1555329600000,1555392600000,1555392300000,1555392900000,0,False,True,False,True,PERMISSION_REJECT
IDEA_1555329600000,1555394100000,1555393200000,1555394400000,0,False,True,False,True,PERMISSION_REJECT
IDEA_1555329600000,1555406400000,1555405200000,1555406700000,5,False,True,False,True,PERMISSION_REJECT
IDEA_1555329600000,1555407900000,1555407000000,1555408200000,5,False,True,False,True,PERMISSION_REJECT
IDEA_1555329600000,1555418700000,1555417500000,1555419000000,0,False,True,False,False,PERMISSION_REJECT
IDEA_1555334400000,1555422900000,1555419900000,1555423200000,0,False,True,False,False,PERMISSION_REJECT
IDEA_1555334400000,1555434000000,1555433100000,1555434300000,0,False,True,False,False,PERMISSION_REJECT
IDEA_1555334400000,1555521000000,1555520100000,1555521300000,4,False,True,False,False,PERMISSION_REJECT
IDEA_1555334400000,1555563000000,1555562700000,1555563300000,0,False,True,False,False,PERMISSION_REJECT
IDEA_1555334400000,1555571100000,1555569600000,1555571400000,4,True,True,True,True,REFERENCE_ALREADY_CAPTURES
IDEA_1555941900000,1556018400000,1556017500000,1556018700000,4,True,True,True,True,REFERENCE_ALREADY_CAPTURES
IDEA_1556018400000,1556030700000,1556030100000,1556031000000,0,True,True,False,True,BLOCKED_OPEN_TRADE
IDEA_1556018400000,1556282100000,1556281800000,1556282400000,4,True,False,False,False,GEOMETRY_REJECT
IDEA_1556526600000,1556548500000,1556547900000,1556548800000,0,True,True,True,True,REFERENCE_ALREADY_CAPTURES
IDEA_1556679900000,1556766600000,1556766000000,1556766900000,0,False,True,False,True,PERMISSION_REJECT
IDEA_1556679900000,1556778300000,1556776800000,1556778600000,0,False,True,False,True,PERMISSION_REJECT
IDEA_1556679900000,1556786100000,1556783400000,1556786400000,5,False,True,False,False,PERMISSION_REJECT
IDEA_1556736600000,1556804700000,1556803500000,1556805000000,0,False,True,False,False,PERMISSION_REJECT
IDEA_1556736600000,1556886900000,1556886600000,1556887200000,3,False,True,False,False,STATE_REJECT
IDEA_1556736600000,1557144300000,1557143700000,1557144600000,4,True,True,True,True,REFERENCE_ALREADY_CAPTURES
IDEA_1557144300000,1557150600000,1557150300000,1557150900000,0,True,True,True,True,REFERENCE_ALREADY_CAPTURES
IDEA_1557324600000,1557333900000,1557331800000,1557334200000,0,False,True,False,False,PERMISSION_REJECT
IDEA_1557324600000,1557335400000,1557334800000,1557335700000,0,False,True,False,False,PERMISSION_REJECT
IDEA_1557324600000,1557715500000,1557713400000,1557715800000,4,False,True,False,False,PERMISSION_REJECT
IDEA_1557324600000,1557722100000,1557720600000,1557722400000,0,False,True,False,False,PERMISSION_REJECT
IDEA_1557324600000,1557731400000,1557729000000,1557731700000,0,False,True,False,False,PERMISSION_REJECT
IDEA_1558687800000,1559052900000,1559050500000,1559053200000,0,False,True,False,True,PERMISSION_REJECT
IDEA_1561522200000,1561940100000,1561938300000,1561940400000,0,False,True,False,False,PERMISSION_REJECT
IDEA_1561522200000,1561964700000,1561964100000,1561965000000,0,False,True,False,False,PERMISSION_REJECT
IDEA_1562159400000,1562335200000,1562332500000,1562335500000,0,True,True,True,True,REFERENCE_ALREADY_CAPTURES
IDEA_1562332200000,1562598300000,1562597700000,1562598600000,0,False,True,False,True,PERMISSION_REJECT
IDEA_1562332200000,1562602800000,1562600700000,1562603100000,0,False,True,False,True,PERMISSION_REJECT
IDEA_1562332200000,1562616900000,1562615100000,1562617200000,0,False,True,False,True,PERMISSION_REJECT
IDEA_1562332200000,1562633700000,1562633100000,1562634000000,0,False,True,False,True,PERMISSION_REJECT
IDEA_1562332200000,1562663400000,1562660700000,1562663700000,0,False,True,False,True,PERMISSION_REJECT
IDEA_1562332200000,1562739900000,1562739000000,1562740200000,5,False,True,False,True,PERMISSION_REJECT
IDEA_1562857200000,1562867400000,1562867100000,1562867700000,0,True,True,False,True,BLOCKED_OPEN_TRADE
IDEA_1562857200000,1562935200000,1562934600000,1562935500000,5,True,True,False,True,BLOCKED_OPEN_TRADE
IDEA_1562857200000,1563202200000,1563200400000,1563202500000,5,True,True,True,True,REFERENCE_ALREADY_CAPTURES
IDEA_1563202200000,1563433200000,1563432000000,1563433500000,5,True,True,True,True,REFERENCE_ALREADY_CAPTURES
IDEA_1563433200000,1563536100000,1563534900000,1563536400000,0,True,True,True,True,REFERENCE_ALREADY_CAPTURES
IDEA_1563536100000,1563561300000,1563559800000,1563561600000,0,False,True,False,False,PERMISSION_REJECT
IDEA_1563536100000,1563845100000,1563842400000,1563845400000,0,False,True,False,False,PERMISSION_REJECT
IDEA_1563536100000,1563914100000,1563911700000,1563914400000,0,False,True,False,False,PERMISSION_REJECT
IDEA_1564592100000,1564599300000,1564598700000,1564599600000,0,True,True,True,True,REFERENCE_ALREADY_CAPTURES
IDEA_1564581900000,1564620600000,1564618200000,1564620900000,0,True,True,True,True,REFERENCE_ALREADY_CAPTURES
IDEA_1565968500000,1566209700000,1566207900000,1566210000000,0,True,True,False,True,BLOCKED_OPEN_TRADE
IDEA_1565968500000,1566212400000,1566212100000,1566212700000,0,True,True,False,True,BLOCKED_OPEN_TRADE
IDEA_1565968500000,1566216000000,1566213900000,1566216300000,0,True,True,True,True,REFERENCE_ALREADY_CAPTURES
IDEA_1566206400000,1566365400000,1566364500000,1566365700000,0,True,True,True,True,REFERENCE_ALREADY_CAPTURES
IDEA_1566365400000,1566374400000,1566373800000,1566374700000,0,False,True,False,False,PERMISSION_REJECT
IDEA_1566365400000,1566450900000,1566449100000,1566451200000,4,False,True,False,False,PERMISSION_REJECT
IDEA_1566365400000,1566459600000,1566458400000,1566459900000,5,False,True,False,False,PERMISSION_REJECT
IDEA_1566365400000,1566465300000,1566464700000,1566465600000,4,False,True,False,False,PERMISSION_REJECT
IDEA_1566365400000,1566471000000,1566468000000,1566471300000,5,False,True,False,False,PERMISSION_REJECT
IDEA_1566365400000,1566474600000,1566473100000,1566474900000,0,False,True,False,False,PERMISSION_REJECT
IDEA_1566365400000,1566475500000,1566474900000,1566475800000,0,False,True,False,False,PERMISSION_REJECT
IDEA_1566365400000,1566534900000,1566531900000,1566535200000,0,False,True,False,False,PERMISSION_REJECT
IDEA_1566365400000,1566539100000,1566538800000,1566539400000,0,False,True,False,False,PERMISSION_REJECT
IDEA_1566365400000,1566541800000,1566540000000,1566542100000,0,False,True,False,False,PERMISSION_REJECT
IDEA_1569303000000,1569413700000,1569412800000,1569414000000,5,True,True,True,True,REFERENCE_ALREADY_CAPTURES
IDEA_1569413700000,1569499800000,1569499500000,1569500100000,5,True,True,True,True,REFERENCE_ALREADY_CAPTURES
IDEA_1569499800000,1569577200000,1569576600000,1569577500000,0,False,True,False,True,PERMISSION_REJECT
IDEA_1569499800000,1569581100000,1569577500000,1569581400000,0,False,True,False,False,PERMISSION_REJECT
IDEA_1569568500000,1569591600000,1569589800000,1569591900000,5,False,True,False,False,PERMISSION_REJECT
IDEA_1569568500000,1569825600000,1569823800000,1569825900000,4,False,True,False,False,PERMISSION_REJECT
IDEA_1569568500000,1569836100000,1569834600000,1569836400000,0,False,True,False,False,PERMISSION_REJECT
IDEA_1569568500000,1569840900000,1569840300000,1569841200000,0,False,True,False,False,PERMISSION_REJECT
IDEA_1569568500000,1569855600000,1569855300000,1569855900000,0,False,True,False,False,PERMISSION_REJECT
IDEA_1569568500000,1569865500000,1569864300000,1569865800000,0,False,True,False,False,PERMISSION_REJECT
IDEA_1569568500000,1569909300000,1569908700000,1569909600000,0,False,True,False,False,PERMISSION_REJECT
IDEA_1569568500000,1569911100000,1569910200000,1569911400000,0,False,True,False,False,PERMISSION_REJECT
IDEA_1569568500000,1569916200000,1569914700000,1569916500000,0,False,True,False,False,PERMISSION_REJECT
IDEA_1569568500000,1569918000000,1569917400000,1569918300000,0,False,True,False,False,PERMISSION_REJECT
IDEA_1569568500000,1569992700000,1569992400000,1569993000000,0,False,True,False,False,PERMISSION_REJECT
IDEA_1569568500000,1569997500000,1569996300000,1569997800000,4,True,True,True,True,REFERENCE_ALREADY_CAPTURES
IDEA_1570438500000,1570454400000,1570452000000,1570454700000,0,True,True,False,True,BLOCKED_OPEN_TRADE
IDEA_1570447200000,1570496700000,1570496400000,1570497000000,4,True,True,True,True,REFERENCE_ALREADY_CAPTURES
IDEA_1570438500000,1570615500000,1570613400000,1570615800000,5,True,True,True,True,REFERENCE_ALREADY_CAPTURES
IDEA_1570795200000,1571121900000,1571121000000,1571122200000,5,False,True,False,False,PERMISSION_REJECT
IDEA_1570795200000,1571149200000,1571148900000,1571149500000,0,False,True,False,False,PERMISSION_REJECT
IDEA_1570795200000,1571151000000,1571149800000,1571151300000,0,False,True,False,False,PERMISSION_REJECT
IDEA_1570795200000,1571151900000,1571151600000,1571152200000,0,False,True,False,False,PERMISSION_REJECT
IDEA_1570795200000,1571229000000,1571228400000,1571229300000,4,False,True,False,False,PERMISSION_REJECT
IDEA_1571385000000,1571645100000,1571643600000,1571645400000,5,True,True,True,True,REFERENCE_ALREADY_CAPTURES
IDEA_1571645100000,1571704800000,1571703600000,1571705100000,4,False,True,False,False,PERMISSION_REJECT
IDEA_1571645100000,1571759400000,1571759100000,1571759700000,0,False,True,False,False,PERMISSION_REJECT
IDEA_1571645100000,1571762700000,1571761500000,1571763000000,0,False,True,False,False,PERMISSION_REJECT
IDEA_1571645100000,1571899500000,1571898900000,1571899800000,4,False,True,False,False,PERMISSION_REJECT
IDEA_1571645100000,1571902200000,1571901300000,1571902500000,5,False,True,False,False,PERMISSION_REJECT
IDEA_1572274200000,1572357300000,1572356700000,1572357600000,0,True,True,True,True,REFERENCE_ALREADY_CAPTURES
IDEA_1572885600000,1572959100000,1572955500000,1572959400000,0,True,True,True,True,REFERENCE_ALREADY_CAPTURES
IDEA_1572959100000,1572966600000,1572966000000,1572966900000,0,True,True,True,True,REFERENCE_ALREADY_CAPTURES
IDEA_1572966600000,1572980100000,1572979500000,1572980400000,0,False,True,False,False,PERMISSION_REJECT
IDEA_1572966600000,1573112400000,1573110900000,1573112700000,5,False,True,False,False,PERMISSION_REJECT
IDEA_1572966600000,1573122600000,1573121700000,1573122900000,0,False,True,False,False,PERMISSION_REJECT
IDEA_1572966600000,1573126200000,1573123800000,1573126500000,0,False,True,False,False,PERMISSION_REJECT
IDEA_1572966600000,1573142700000,1573140300000,1573143000000,0,False,True,False,False,PERMISSION_REJECT
IDEA_1572966600000,1573146300000,1573143300000,1573146600000,0,False,True,False,False,PERMISSION_REJECT
IDEA_1572966600000,1573215000000,1573211400000,1573215300000,0,False,True,False,False,PERMISSION_REJECT
IDEA_1572966600000,1573217400000,1573215300000,1573217700000,0,True,True,True,True,REFERENCE_ALREADY_CAPTURES
IDEA_1573485600000,1573573800000,1573573200000,1573574100000,5,True,True,False,True,BLOCKED_OPEN_TRADE
IDEA_1573797600000,1574071800000,1574070600000,1574072100000,0,True,True,True,True,REFERENCE_ALREADY_CAPTURES
IDEA_1574151000000,1574261400000,1574259900000,1574261700000,0,True,True,True,True,REFERENCE_ALREADY_CAPTURES
IDEA_1574261400000,1574268300000,1574268000000,1574268600000,0,True,True,False,True,BLOCKED_OPEN_TRADE
IDEA_1574261400000,1574331900000,1574330700000,1574332200000,5,True,True,False,True,BLOCKED_OPEN_TRADE
IDEA_1574261400000,1574349300000,1574348700000,1574349600000,5,False,True,False,False,PERMISSION_REJECT
IDEA_1574264400000,1574361600000,1574361000000,1574361900000,0,False,True,False,False,PERMISSION_REJECT
IDEA_1574264400000,1574437800000,1574437200000,1574438100000,0,False,True,False,False,PERMISSION_REJECT
IDEA_1574264400000,1574443500000,1574441400000,1574443800000,0,False,True,False,False,PERMISSION_REJECT
IDEA_1574264400000,1574638200000,1574636400000,1574638500000,5,False,True,False,False,PERMISSION_REJECT
IDEA_1574264400000,1574662200000,1574661300000,1574662500000,5,False,True,False,False,PERMISSION_REJECT
IDEA_1574264400000,1574670000000,1574668800000,1574670300000,0,False,True,False,False,PERMISSION_REJECT
IDEA_1574264400000,1574690100000,1574687400000,1574690400000,0,True,True,True,True,REFERENCE_ALREADY_CAPTURES
IDEA_1574690100000,1574779500000,1574779200000,1574779800000,0,False,True,False,False,PERMISSION_REJECT
IDEA_1574690100000,1574859300000,1574858700000,1574859600000,4,False,True,False,False,PERMISSION_REJECT
IDEA_1574690100000,1574872200000,1574871900000,1574872500000,0,False,True,False,False,PERMISSION_REJECT
IDEA_1574690100000,1574954400000,1574953200000,1574954700000,1,False,True,False,False,STATE_REJECT
IDEA_1575474900000,1575643500000,1575641400000,1575643800000,0,True,True,True,True,REFERENCE_ALREADY_CAPTURES
IDEA_1576598100000,1576860300000,1576858800000,1576860600000,5,True,True,True,True,REFERENCE_ALREADY_CAPTURES
IDEA_1579597200000,1579765500000,1579764600000,1579765800000,4,True,True,True,True,REFERENCE_ALREADY_CAPTURES
IDEA_1580197800000,1580215800000,1580214900000,1580216100000,5,False,True,False,False,PERMISSION_REJECT
IDEA_1580197800000,1580226300000,1580224500000,1580226600000,5,False,True,False,False,PERMISSION_REJECT
IDEA_1580197800000,1580232000000,1580231700000,1580232300000,0,False,True,False,False,PERMISSION_REJECT
IDEA_1580197800000,1580248200000,1580247000000,1580248500000,5,False,True,False,False,PERMISSION_REJECT
IDEA_1580197800000,1580262900000,1580260500000,1580263200000,4,False,True,False,False,PERMISSION_REJECT
IDEA_1580197800000,1580268600000,1580267400000,1580268900000,0,False,True,False,False,PERMISSION_REJECT
IDEA_1580197800000,1580395200000,1580394600000,1580395500000,5,True,True,True,True,REFERENCE_ALREADY_CAPTURES
IDEA_1582826100000,1582875300000,1582874100000,1582875600000,0,True,True,False,True,BLOCKED_OPEN_TRADE
IDEA_1582870800000,1582901400000,1582900500000,1582901700000,4,True,True,True,True,REFERENCE_ALREADY_CAPTURES
IDEA_1582826100000,1582903200000,1582902000000,1582903500000,5,True,True,True,True,REFERENCE_ALREADY_CAPTURES
IDEA_1582901400000,1582905600000,1582903800000,1582905900000,0,True,True,True,True,REFERENCE_ALREADY_CAPTURES
IDEA_1582903200000,1582915500000,1582914300000,1582915800000,0,True,True,False,True,BLOCKED_OPEN_TRADE
IDEA_1582903200000,1583175000000,1583174400000,1583175300000,5,True,True,False,True,BLOCKED_OPEN_TRADE
IDEA_1582903200000,1583184000000,1583181900000,1583184300000,4,True,True,False,True,BLOCKED_OPEN_TRADE
IDEA_1583802600000,1583870400000,1583870100000,1583870700000,0,True,True,False,True,BLOCKED_OPEN_TRADE
IDEA_1583802600000,1583939700000,1583937300000,1583940000000,5,False,True,False,True,PERMISSION_REJECT
IDEA_1583802600000,1583942100000,1583941200000,1583942400000,0,False,True,False,True,PERMISSION_REJECT
IDEA_1583802600000,1583946000000,1583945400000,1583946300000,0,False,True,False,True,PERMISSION_REJECT
IDEA_1583802600000,1583948400000,1583947500000,1583948700000,0,False,True,False,False,PERMISSION_REJECT
IDEA_1583820300000,1583952000000,1583951100000,1583952300000,0,False,True,False,False,PERMISSION_REJECT
IDEA_1583820300000,1583954400000,1583953200000,1583954700000,0,False,True,False,False,PERMISSION_REJECT
IDEA_1583820300000,1583979600000,1583978400000,1583979900000,5,False,True,False,False,PERMISSION_REJECT
IDEA_1583820300000,1584021300000,1584019800000,1584021600000,0,False,True,False,False,PERMISSION_REJECT
IDEA_1583820300000,1584023100000,1584022200000,1584023400000,0,False,True,False,False,PERMISSION_REJECT
IDEA_1583820300000,1584028800000,1584025500000,1584029100000,0,False,True,False,False,PERMISSION_REJECT
IDEA_1583820300000,1584065100000,1584062700000,1584065400000,5,False,True,False,False,PERMISSION_REJECT
IDEA_1586918700000,1586936100000,1586935500000,1586936400000,0,False,True,False,False,PERMISSION_REJECT
IDEA_1586918700000,1586937300000,1586937000000,1586937600000,0,False,True,False,False,PERMISSION_REJECT
IDEA_1586918700000,1587060300000,1587058800000,1587060600000,0,False,True,False,False,PERMISSION_REJECT
IDEA_1586918700000,1587076800000,1587075000000,1587077100000,5,False,True,False,False,PERMISSION_REJECT
IDEA_1586918700000,1587104100000,1587102900000,1587104400000,0,False,True,False,False,PERMISSION_REJECT
IDEA_1586918700000,1587108600000,1587108300000,1587108900000,4,False,True,False,False,PERMISSION_REJECT
IDEA_1586918700000,1587120900000,1587118800000,1587121200000,4,True,True,True,True,REFERENCE_ALREADY_CAPTURES
IDEA_1587120900000,1587468000000,1587467700000,1587468300000,0,False,True,False,False,PERMISSION_REJECT
IDEA_1587705300000,1587971100000,1587970500000,1587971400000,0,True,True,False,True,BLOCKED_OPEN_TRADE
IDEA_1587705300000,1587989100000,1587988800000,1587989400000,4,True,True,False,True,BLOCKED_OPEN_TRADE
IDEA_1587705300000,1587996900000,1587996300000,1587997200000,5,True,True,False,True,BLOCKED_OPEN_TRADE
IDEA_1587705300000,1588033800000,1588033200000,1588034100000,5,True,True,False,True,BLOCKED_OPEN_TRADE
IDEA_1587705300000,1588038600000,1588035900000,1588038900000,0,True,True,True,True,REFERENCE_ALREADY_CAPTURES
IDEA_1587744000000,1588043700000,1588043100000,1588044000000,0,True,True,False,True,BLOCKED_OPEN_TRADE
IDEA_1587744000000,1588050900000,1588050000000,1588051200000,0,True,True,True,True,REFERENCE_ALREADY_CAPTURES
IDEA_1588038600000,1588083000000,1588082400000,1588083300000,5,True,True,True,True,REFERENCE_ALREADY_CAPTURES
IDEA_1588760700000,1588771500000,1588770000000,1588771800000,0,True,True,True,True,REFERENCE_ALREADY_CAPTURES
IDEA_1588769400000,1588776300000,1588775400000,1588776600000,0,True,True,False,True,BLOCKED_OPEN_TRADE
IDEA_1588769400000,1588782300000,1588781400000,1588782600000,0,True,True,False,True,BLOCKED_OPEN_TRADE
IDEA_1588769400000,1588785900000,1588785600000,1588786200000,0,True,True,False,True,BLOCKED_OPEN_TRADE
IDEA_1588769400000,1588804200000,1588802400000,1588804500000,4,True,True,True,True,REFERENCE_ALREADY_CAPTURES
IDEA_1588771500000,1588966200000,1588964100000,1588966500000,0,True,True,True,True,REFERENCE_ALREADY_CAPTURES
IDEA_1588966200000,1589197800000,1589197500000,1589198100000,0,True,True,False,True,BLOCKED_OPEN_TRADE
IDEA_1588966200000,1589209800000,1589209200000,1589210100000,5,True,True,False,True,BLOCKED_OPEN_TRADE
IDEA_1588966200000,1589214900000,1589213400000,1589215200000,4,True,True,False,True,BLOCKED_OPEN_TRADE
IDEA_1589807100000,1589810700000,1589809500000,1589811000000,0,False,True,False,False,PERMISSION_REJECT
IDEA_1589808000000,1589815800000,1589815500000,1589816100000,0,False,True,False,False,PERMISSION_REJECT
IDEA_1589808000000,1589872500000,1589870400000,1589872800000,0,False,True,False,False,PERMISSION_REJECT
IDEA_1589808000000,1589979300000,1589978400000,1589979600000,4,True,True,True,True,REFERENCE_ALREADY_CAPTURES
IDEA_1589807100000,1590023700000,1590023100000,1590024000000,0,True,True,False,True,BLOCKED_OPEN_TRADE
IDEA_1589979300000,1590048000000,1590047700000,1590048300000,0,True,True,True,True,REFERENCE_ALREADY_CAPTURES
IDEA_1589807100000,1590051300000,1590049500000,1590051600000,0,True,True,False,True,BLOCKED_OPEN_TRADE
IDEA_1589807100000,1590053100000,1590052800000,1590053400000,0,True,True,False,True,BLOCKED_OPEN_TRADE
IDEA_1589807100000,1590056100000,1590055500000,1590056400000,0,True,True,True,True,REFERENCE_ALREADY_CAPTURES
IDEA_1590048000000,1590072600000,1590069600000,1590072900000,5,True,True,True,True,REFERENCE_ALREADY_CAPTURES
IDEA_1590056100000,1590366900000,1590366300000,1590367200000,0,True,True,True,True,REFERENCE_ALREADY_CAPTURES
IDEA_1590366900000,1590487500000,1590487200000,1590487800000,0,False,True,False,False,PERMISSION_REJECT
IDEA_1590366900000,1590506400000,1590504300000,1590506700000,5,False,True,False,False,PERMISSION_REJECT
IDEA_1590366900000,1590526200000,1590525900000,1590526500000,1,False,True,False,False,STATE_REJECT
IDEA_1590366900000,1590571200000,1590569700000,1590571500000,5,False,True,False,False,PERMISSION_REJECT
IDEA_1590366900000,1590586200000,1590585000000,1590586500000,0,True,True,True,True,REFERENCE_ALREADY_CAPTURES
IDEA_1591017300000,1591115700000,1591115400000,1591116000000,0,True,True,True,True,REFERENCE_ALREADY_CAPTURES
IDEA_1591115700000,1591190400000,1591188000000,1591190700000,5,True,True,True,True,REFERENCE_ALREADY_CAPTURES
IDEA_1591190400000,1591352400000,1591350000000,1591352700000,5,True,True,True,True,REFERENCE_ALREADY_CAPTURES
IDEA_1591352400000,1591363500000,1591362600000,1591363800000,0,False,True,False,False,PERMISSION_REJECT
IDEA_1591352400000,1591368600000,1591365300000,1591368900000,0,False,True,False,False,PERMISSION_REJECT
IDEA_1592190600000,1592206200000,1592205600000,1592206500000,0,False,True,False,False,PERMISSION_REJECT
IDEA_1592190600000,1592216700000,1592213400000,1592217000000,0,False,True,False,False,PERMISSION_REJECT
IDEA_1592190600000,1592217600000,1592217300000,1592217900000,0,False,True,False,False,PERMISSION_REJECT
IDEA_1592190600000,1592226300000,1592224200000,1592226600000,0,False,True,False,False,PERMISSION_REJECT
IDEA_1592190600000,1592229300000,1592228400000,1592229600000,0,False,True,False,False,PERMISSION_REJECT
IDEA_1592190600000,1592311500000,1592310600000,1592311800000,4,True,True,True,True,REFERENCE_ALREADY_CAPTURES
IDEA_1592311500000,1592481300000,1592480700000,1592481600000,5,True,True,True,True,REFERENCE_ALREADY_CAPTURES
IDEA_1593005400000,1593088200000,1593086400000,1593088500000,0,True,True,False,True,BLOCKED_OPEN_TRADE
IDEA_1593005400000,1593179400000,1593177000000,1593179700000,5,True,True,False,True,BLOCKED_OPEN_TRADE
IDEA_1593005400000,1593180300000,1593179700000,1593180600000,0,True,True,False,True,BLOCKED_OPEN_TRADE
IDEA_1593005400000,1593181200000,1593180900000,1593181500000,0,True,True,False,True,BLOCKED_OPEN_TRADE
IDEA_1593005400000,1593434700000,1593434100000,1593435000000,4,True,True,False,True,BLOCKED_OPEN_TRADE
IDEA_1593602700000,1593609300000,1593608700000,1593609600000,0,True,True,True,True,REFERENCE_ALREADY_CAPTURES
IDEA_1593609300000,1593617100000,1593616500000,1593617400000,0,True,True,False,True,BLOCKED_OPEN_TRADE
IDEA_1593609300000,1593695400000,1593693000000,1593695700000,0,True,True,False,True,BLOCKED_OPEN_TRADE
IDEA_1593609300000,1593755400000,1593754800000,1593755700000,4,True,True,False,True,BLOCKED_OPEN_TRADE
IDEA_1593609300000,1593756900000,1593756000000,1593757200000,4,True,True,False,True,BLOCKED_OPEN_TRADE
IDEA_1593609300000,1594001400000,1593999600000,1594001700000,5,True,True,False,True,BLOCKED_OPEN_TRADE
IDEA_1594298100000,1594313700000,1594311900000,1594314000000,4,True,True,False,True,BLOCKED_OPEN_TRADE
IDEA_1594298100000,1594397100000,1594396500000,1594397400000,0,False,True,False,True,PERMISSION_REJECT
IDEA_1594298100000,1594400400000,1594398900000,1594400700000,0,False,True,False,True,PERMISSION_REJECT
IDEA_1594298100000,1594670100000,1594668600000,1594670400000,5,False,True,False,True,PERMISSION_REJECT
IDEA_1594298100000,1594694400000,1594693800000,1594694700000,0,False,True,False,True,PERMISSION_REJECT
IDEA_1594811700000,1594928100000,1594927800000,1594928400000,0,True,True,False,True,BLOCKED_OPEN_TRADE
IDEA_1594811700000,1594929600000,1594928700000,1594929900000,0,False,True,False,True,PERMISSION_REJECT
IDEA_1596774600000,1596814800000,1596814500000,1596815100000,0,True,True,True,True,REFERENCE_ALREADY_CAPTURES
IDEA_1596814800000,1597085700000,1597083600000,1597086000000,0,True,True,False,True,BLOCKED_OPEN_TRADE
IDEA_1596814800000,1597106700000,1597106100000,1597107000000,5,False,True,False,True,PERMISSION_REJECT
IDEA_1596814800000,1597109100000,1597107600000,1597109400000,4,False,True,False,True,PERMISSION_REJECT
IDEA_1596814800000,1597115700000,1597115400000,1597116000000,0,False,True,False,True,PERMISSION_REJECT
IDEA_1596814800000,1597122900000,1597122300000,1597123200000,0,True,True,False,True,BLOCKED_OPEN_TRADE
IDEA_1596814800000,1597125000000,1597123800000,1597125300000,5,True,True,False,True,BLOCKED_OPEN_TRADE
IDEA_1596822300000,1597146600000,1597144200000,1597146900000,0,True,True,True,True,REFERENCE_ALREADY_CAPTURES
IDEA_1596814800000,1597150500000,1597148700000,1597150800000,0,True,True,True,True,REFERENCE_ALREADY_CAPTURES
IDEA_1597146600000,1597152000000,1597151100000,1597152300000,0,True,True,True,True,REFERENCE_ALREADY_CAPTURES
IDEA_1597150500000,1597161600000,1597161300000,1597161900000,0,True,True,False,True,BLOCKED_OPEN_TRADE
IDEA_1597150500000,1597171800000,1597168200000,1597172100000,0,True,True,True,True,REFERENCE_ALREADY_CAPTURES
IDEA_1597152000000,1597178700000,1597176600000,1597179000000,0,False,True,False,True,PERMISSION_REJECT
IDEA_1597152000000,1597198200000,1597196400000,1597198500000,5,False,True,False,False,PERMISSION_REJECT
IDEA_1597171800000,1597207500000,1597206300000,1597207800000,0,False,True,False,False,PERMISSION_REJECT
IDEA_1597171800000,1597263300000,1597262100000,1597263600000,0,False,True,False,False,PERMISSION_REJECT
IDEA_1597171800000,1597424700000,1597422900000,1597425000000,0,True,True,True,True,REFERENCE_ALREADY_CAPTURES
IDEA_1597816800000,1597863000000,1597860300000,1597863300000,0,True,True,True,True,REFERENCE_ALREADY_CAPTURES
IDEA_1597851000000,1597870500000,1597868100000,1597874400000,0,True,True,False,True,BLOCKED_OPEN_TRADE
IDEA_1597851000000,1597995900000,1597994100000,1597996200000,4,True,True,False,True,BLOCKED_OPEN_TRADE
IDEA_1597851000000,1597999200000,1597998000000,1597999500000,4,True,True,False,True,BLOCKED_OPEN_TRADE
IDEA_1597851000000,1598011800000,1598008800000,1598012100000,0,False,True,False,False,PERMISSION_REJECT
IDEA_1597863000000,1598281800000,1598280600000,1598282100000,5,False,True,False,False,PERMISSION_REJECT
IDEA_1597863000000,1598288400000,1598287200000,1598288700000,0,False,True,False,False,PERMISSION_REJECT
IDEA_1597863000000,1598293800000,1598293200000,1598294100000,0,False,True,False,False,PERMISSION_REJECT
IDEA_1597863000000,1598296800000,1598295000000,1598297100000,0,False,True,False,False,PERMISSION_REJECT
IDEA_1597863000000,1598301900000,1598300700000,1598302200000,0,False,True,False,False,PERMISSION_REJECT
IDEA_1598353500000,1598370600000,1598368800000,1598370900000,0,True,True,False,True,BLOCKED_OPEN_TRADE
IDEA_1598353500000,1598374800000,1598373900000,1598375100000,0,True,True,False,True,BLOCKED_OPEN_TRADE
IDEA_1598353500000,1598427000000,1598425200000,1598427300000,0,True,True,False,True,BLOCKED_OPEN_TRADE
IDEA_1598353500000,1598446500000,1598444100000,1598446800000,4,True,True,True,True,REFERENCE_ALREADY_CAPTURES
IDEA_1598365200000,1598510100000,1598508900000,1598510400000,4,True,True,True,True,REFERENCE_ALREADY_CAPTURES
IDEA_1598971800000,1599048900000,1599048600000,1599049200000,4,True,True,False,True,BLOCKED_OPEN_TRADE
IDEA_1599032700000,1599057900000,1599056700000,1599058200000,0,True,True,True,True,REFERENCE_ALREADY_CAPTURES
IDEA_1598971800000,1599060600000,1599058200000,1599060900000,0,True,True,False,True,BLOCKED_OPEN_TRADE
IDEA_1598971800000,1599064500000,1599063300000,1599064800000,0,True,True,False,True,BLOCKED_OPEN_TRADE
IDEA_1598971800000,1599112200000,1599111900000,1599112500000,0,True,True,False,True,BLOCKED_OPEN_TRADE
IDEA_1598971800000,1599113100000,1599112500000,1599113400000,0,True,True,False,True,BLOCKED_OPEN_TRADE
IDEA_1598971800000,1599116100000,1599114900000,1599116400000,0,True,True,True,True,REFERENCE_ALREADY_CAPTURES
IDEA_1599057900000,1599117000000,1599116400000,1599117300000,0,True,True,False,True,BLOCKED_OPEN_TRADE
IDEA_1599116100000,1599223500000,1599223200000,1599223800000,5,True,True,True,True,REFERENCE_ALREADY_CAPTURES
IDEA_1599057900000,1599225000000,1599224400000,1599225300000,5,False,True,False,False,PERMISSION_REJECT
IDEA_1599223500000,1599229200000,1599228900000,1599229500000,0,False,True,False,False,PERMISSION_REJECT
IDEA_1599223500000,1599230700000,1599230400000,1599231000000,0,False,True,False,False,PERMISSION_REJECT
IDEA_1599223500000,1599471600000,1599471300000,1599471900000,5,False,True,False,False,PERMISSION_REJECT
IDEA_1599223500000,1599555900000,1599555600000,1599556200000,5,False,True,False,False,PERMISSION_REJECT
IDEA_1599223500000,1599560100000,1599557400000,1599560400000,5,False,True,False,False,PERMISSION_REJECT
IDEA_1599223500000,1599565800000,1599565200000,1599566100000,0,True,True,True,True,REFERENCE_ALREADY_CAPTURES
IDEA_1600280100000,1600335300000,1600335000000,1600335600000,5,True,True,True,True,REFERENCE_ALREADY_CAPTURES
IDEA_1600335300000,1600692600000,1600690800000,1600692900000,0,False,True,False,False,PERMISSION_REJECT
IDEA_1600681800000,1600695000000,1600693500000,1600695300000,0,False,True,False,False,PERMISSION_REJECT
IDEA_1600681800000,1600699800000,1600696800000,1600700100000,0,False,True,False,False,PERMISSION_REJECT
IDEA_1600681800000,1600756800000,1600756500000,1600757100000,0,True,True,True,True,REFERENCE_ALREADY_CAPTURES
IDEA_1600335300000,1600760700000,1600760100000,1600761000000,0,True,True,False,True,BLOCKED_OPEN_TRADE
IDEA_1600756800000,1600843800000,1600840200000,1600844100000,0,False,True,False,False,PERMISSION_REJECT
IDEA_1600835400000,1600847700000,1600846500000,1600848000000,0,False,True,False,False,PERMISSION_REJECT
IDEA_1600835400000,1600848900000,1600848000000,1600849200000,0,False,True,False,False,PERMISSION_REJECT
IDEA_1600835400000,1600873200000,1600869600000,1600873500000,0,False,True,False,False,PERMISSION_REJECT
IDEA_1600835400000,1600878900000,1600875900000,1600879200000,0,False,True,False,False,PERMISSION_REJECT
IDEA_1600835400000,1600882800000,1600882500000,1600883100000,0,False,True,False,False,PERMISSION_REJECT
IDEA_1600835400000,1600884300000,1600883700000,1600884600000,0,False,True,False,False,PERMISSION_REJECT
IDEA_1600835400000,1600885800000,1600884900000,1600886100000,0,False,True,False,False,PERMISSION_REJECT
IDEA_1600835400000,1600904400000,1600900800000,1600904700000,4,False,True,False,False,PERMISSION_REJECT
IDEA_1600835400000,1600924500000,1600923300000,1600924800000,4,False,True,False,False,PERMISSION_REJECT
IDEA_1600835400000,1600926600000,1600926000000,1600926900000,5,True,True,True,True,REFERENCE_ALREADY_CAPTURES
IDEA_1600756800000,1600930500000,1600930200000,1600930800000,0,True,True,False,True,BLOCKED_OPEN_TRADE
IDEA_1600756800000,1600940400000,1600940100000,1600940700000,4,True,True,False,True,BLOCKED_OPEN_TRADE
IDEA_1600756800000,1600941300000,1600941000000,1600941600000,4,True,True,False,True,BLOCKED_OPEN_TRADE
IDEA_1601604900000,1601848800000,1601672100000,1601849100000,4,False,True,False,False,PERMISSION_REJECT
IDEA_1601604900000,1601871000000,1601867400000,1601871300000,0,False,True,False,False,PERMISSION_REJECT
IDEA_1601604900000,1601882400000,1601881500000,1601882700000,0,False,True,False,False,PERMISSION_REJECT
IDEA_1601604900000,1601974200000,1601972700000,1601974500000,4,False,True,False,False,PERMISSION_REJECT
IDEA_1601604900000,1602000600000,1601999400000,1602000900000,0,False,True,False,False,PERMISSION_REJECT
IDEA_1601604900000,1602007200000,1602006300000,1602007500000,0,False,True,False,False,PERMISSION_REJECT
IDEA_1601604900000,1602015600000,1602013500000,1602015900000,0,False,True,False,False,PERMISSION_REJECT
IDEA_1601604900000,1602022500000,1602016500000,1602022800000,0,False,True,False,False,PERMISSION_REJECT
IDEA_1601604900000,1602034500000,1602033900000,1602034800000,0,False,True,False,False,PERMISSION_REJECT
IDEA_1602561300000,1602598800000,1602597600000,1602599100000,0,True,True,True,True,REFERENCE_ALREADY_CAPTURES
IDEA_1604929800000,1604937300000,1604936400000,1604937600000,0,False,True,False,False,PERMISSION_REJECT
IDEA_1604929800000,1604940900000,1604937900000,1604941200000,0,False,True,False,False,PERMISSION_REJECT
IDEA_1604929800000,1605093900000,1605093300000,1605094200000,4,False,True,False,False,PERMISSION_REJECT
IDEA_1604929800000,1605103800000,1605100800000,1605104100000,0,False,True,False,False,PERMISSION_REJECT
IDEA_1605594000000,1605654000000,1605649800000,1605654300000,0,True,True,False,True,BLOCKED_OPEN_TRADE
IDEA_1605594000000,1605669900000,1605669000000,1605670200000,4,True,True,False,True,BLOCKED_OPEN_TRADE
IDEA_1605646200000,1605776700000,1605773400000,1605777000000,0,True,True,True,True,REFERENCE_ALREADY_CAPTURES
IDEA_1605594000000,1605793800000,1605792900000,1605794100000,4,True,True,False,True,BLOCKED_OPEN_TRADE
IDEA_1606125600000,1606138200000,1606137900000,1606138500000,0,True,True,True,True,REFERENCE_ALREADY_CAPTURES
IDEA_1606138200000,1606149300000,1606146000000,1606149600000,0,True,True,False,True,BLOCKED_OPEN_TRADE
IDEA_1606138200000,1606177200000,1606176300000,1606177500000,0,True,True,False,True,BLOCKED_OPEN_TRADE
IDEA_1606145400000,1606187100000,1606184700000,1606187400000,0,True,True,True,True,REFERENCE_ALREADY_CAPTURES
IDEA_1606187100000,1606219200000,1606217700000,1606219500000,0,True,True,True,True,REFERENCE_ALREADY_CAPTURES
IDEA_1606138200000,1606224900000,1606223700000,1606225200000,0,True,True,False,True,BLOCKED_OPEN_TRADE
IDEA_1606138200000,1606229700000,1606226400000,1606230000000,0,True,True,False,True,BLOCKED_OPEN_TRADE
IDEA_1606138200000,1606232100000,1606230300000,1606232400000,0,True,True,False,True,BLOCKED_OPEN_TRADE
IDEA_1606138200000,1606233000000,1606232400000,1606233300000,0,True,True,False,True,BLOCKED_OPEN_TRADE
IDEA_1606219200000,1606486800000,1606486500000,1606487100000,0,True,True,True,True,REFERENCE_ALREADY_CAPTURES
IDEA_1607425800000,1607515200000,1607514000000,1607515500000,0,True,True,True,True,REFERENCE_ALREADY_CAPTURES
IDEA_1607527800000,1607678100000,1607677800000,1607678400000,0,True,True,True,True,REFERENCE_ALREADY_CAPTURES
IDEA_1607515200000,1607686200000,1607684400000,1607686500000,5,False,True,False,False,PERMISSION_REJECT
IDEA_1607678100000,1607924400000,1607923200000,1607924700000,4,False,True,False,False,PERMISSION_REJECT
IDEA_1607678100000,1607927700000,1607927100000,1607928000000,4,False,True,False,False,PERMISSION_REJECT
IDEA_1607678100000,1607930700000,1607930100000,1607931000000,4,False,True,False,False,PERMISSION_REJECT
IDEA_1608617400000,1608653100000,1608652200000,1608653400000,5,True,True,True,True,REFERENCE_ALREADY_CAPTURES
IDEA_1609950000000,1610113500000,1610112900000,1610113800000,0,False,True,False,False,PERMISSION_REJECT
IDEA_1609950000000,1610118000000,1610116800000,1610118300000,5,False,True,False,False,PERMISSION_REJECT
IDEA_1609950000000,1610119500000,1610118300000,1610119800000,5,False,True,False,False,PERMISSION_REJECT
IDEA_1609950000000,1610127600000,1610126700000,1610127900000,0,False,True,False,False,PERMISSION_REJECT
IDEA_1609950000000,1610131200000,1610129100000,1610131500000,0,False,True,False,False,PERMISSION_REJECT
IDEA_1609950000000,1610328900000,1610327700000,1610329200000,5,False,True,False,False,PERMISSION_REJECT
IDEA_1610534400000,1610578800000,1610574300000,1610579100000,0,True,True,True,True,REFERENCE_ALREADY_CAPTURES
IDEA_1610578800000,1610719500000,1610718000000,1610719800000,0,True,True,True,True,REFERENCE_ALREADY_CAPTURES
IDEA_1610719500000,1610727600000,1610725800000,1610727900000,0,False,True,False,False,PERMISSION_REJECT
IDEA_1610724600000,1611062100000,1611060300000,1611062400000,5,True,True,True,True,REFERENCE_ALREADY_CAPTURES
IDEA_1610719500000,1611067500000,1611067200000,1611067800000,1,False,True,False,True,STATE_REJECT
IDEA_1610719500000,1611069600000,1611067800000,1611069900000,5,True,True,False,True,BLOCKED_OPEN_TRADE
IDEA_1610719500000,1611149100000,1611147600000,1611149400000,0,True,True,True,True,REFERENCE_ALREADY_CAPTURES
IDEA_1611234900000,1611297300000,1611295800000,1611297600000,0,True,True,False,True,BLOCKED_OPEN_TRADE
IDEA_1611234900000,1611301500000,1611300900000,1611301800000,4,True,True,False,True,BLOCKED_OPEN_TRADE
IDEA_1611237900000,1611315000000,1611314100000,1611315300000,0,True,True,True,True,REFERENCE_ALREADY_CAPTURES
IDEA_1611315000000,1611326400000,1611326100000,1611326700000,0,True,True,True,True,REFERENCE_ALREADY_CAPTURES
IDEA_1611234900000,1611591600000,1611591000000,1611591900000,0,True,True,True,True,REFERENCE_ALREADY_CAPTURES
IDEA_1611591600000,1611750000000,1611749400000,1611750300000,0,False,True,False,False,PERMISSION_REJECT
IDEA_1611591600000,1611759000000,1611758100000,1611759300000,5,False,True,False,False,PERMISSION_REJECT
IDEA_1613013900000,1613072400000,1613071200000,1613072700000,0,True,True,True,True,REFERENCE_ALREADY_CAPTURES
IDEA_1613072400000,1613137200000,1613136600000,1613137500000,4,False,True,False,False,PERMISSION_REJECT
IDEA_1613072400000,1613373900000,1613372700000,1613374200000,4,False,True,False,False,PERMISSION_REJECT
IDEA_1613072400000,1613376000000,1613374500000,1613376300000,0,False,True,False,False,PERMISSION_REJECT
IDEA_1613072400000,1613384100000,1613383800000,1613384400000,5,False,True,False,False,PERMISSION_REJECT
IDEA_1613072400000,1613480700000,1613478900000,1613481000000,0,False,True,False,False,PERMISSION_REJECT
IDEA_1613072400000,1613484300000,1613481900000,1613484600000,0,False,True,False,False,PERMISSION_REJECT
IDEA_1613072400000,1613485500000,1613484600000,1613485800000,0,False,True,False,False,PERMISSION_REJECT
IDEA_1613072400000,1613486400000,1613485800000,1613486700000,0,False,True,False,False,PERMISSION_REJECT
IDEA_1613072400000,1613522700000,1613522400000,1613523000000,0,False,True,False,False,PERMISSION_REJECT
IDEA_1613569800000,1613695800000,1613694300000,1613696100000,0,False,True,False,False,PERMISSION_REJECT
IDEA_1613569800000,1613697300000,1613696700000,1613697600000,0,False,True,False,False,PERMISSION_REJECT
IDEA_1613569800000,1613698800000,1613697900000,1613699100000,0,False,True,False,False,PERMISSION_REJECT
IDEA_1614075000000,1614160500000,1614160200000,1614160800000,0,True,True,False,True,BLOCKED_OPEN_TRADE
IDEA_1614075000000,1614173100000,1614172500000,1614173400000,5,True,True,False,True,BLOCKED_OPEN_TRADE
IDEA_1614075000000,1614175200000,1614173400000,1614175500000,5,True,True,True,True,REFERENCE_ALREADY_CAPTURES
IDEA_1614092100000,1614177600000,1614177000000,1614177900000,0,True,True,False,True,BLOCKED_OPEN_TRADE
IDEA_1614092100000,1614178800000,1614178500000,1614179100000,0,True,True,False,True,BLOCKED_OPEN_TRADE
IDEA_1614092100000,1614245700000,1614244800000,1614246000000,4,True,True,False,True,BLOCKED_OPEN_TRADE
IDEA_1614092100000,1614254100000,1614252600000,1614254400000,0,True,True,True,True,REFERENCE_ALREADY_CAPTURES
IDEA_1614175200000,1614260700000,1614259500000,1614261000000,0,True,True,False,True,BLOCKED_OPEN_TRADE
IDEA_1614175200000,1614263400000,1614261300000,1614263700000,0,True,True,False,True,BLOCKED_OPEN_TRADE
IDEA_1614175200000,1614268500000,1614265200000,1614268800000,0,True,True,True,True,REFERENCE_ALREADY_CAPTURES
IDEA_1614254100000,1614276900000,1614276000000,1614277200000,0,True,True,False,True,BLOCKED_OPEN_TRADE
IDEA_1614254100000,1614300000000,1614298500000,1614300300000,4,False,True,False,True,PERMISSION_REJECT
IDEA_1614254100000,1614319500000,1614317400000,1614319800000,0,False,True,False,False,PERMISSION_REJECT
IDEA_1614268500000,1614325500000,1614323700000,1614325800000,0,False,True,False,False,PERMISSION_REJECT
IDEA_1614268500000,1614357300000,1614356100000,1614357600000,0,False,True,False,False,PERMISSION_REJECT
IDEA_1614268500000,1614359400000,1614358500000,1614359700000,0,False,True,False,False,PERMISSION_REJECT
IDEA_1614268500000,1614605700000,1614604800000,1614606000000,0,False,True,False,False,PERMISSION_REJECT
IDEA_1614268500000,1614610500000,1614610200000,1614610800000,0,False,True,False,False,PERMISSION_REJECT
IDEA_1614268500000,1614627300000,1614626400000,1614627600000,0,False,True,False,False,PERMISSION_REJECT
IDEA_1614268500000,1614629400000,1614629100000,1614629700000,0,False,True,False,False,PERMISSION_REJECT
IDEA_1614268500000,1614650400000,1614648000000,1614650700000,0,False,True,False,False,PERMISSION_REJECT
IDEA_1614268500000,1614656100000,1614654900000,1614656400000,0,False,True,False,False,PERMISSION_REJECT
IDEA_1614762900000,1614786300000,1614783900000,1614786600000,0,True,True,True,True,REFERENCE_ALREADY_CAPTURES
IDEA_1614850500000,1614884400000,1614883500000,1614884700000,0,False,True,False,False,PERMISSION_REJECT
IDEA_1614850500000,1614903300000,1614903000000,1614903600000,5,False,True,False,False,PERMISSION_REJECT
IDEA_1614850500000,1614907800000,1614906600000,1614908100000,4,False,True,False,False,PERMISSION_REJECT
IDEA_1614850500000,1614951600000,1614951000000,1614951900000,4,False,True,False,False,PERMISSION_REJECT
IDEA_1614850500000,1615193700000,1615191900000,1615194000000,0,True,True,True,True,REFERENCE_ALREADY_CAPTURES
IDEA_1615193700000,1615209300000,1615209000000,1615209600000,4,False,True,False,False,PERMISSION_REJECT
IDEA_1615193700000,1615219500000,1615218000000,1615219800000,0,False,True,False,False,PERMISSION_REJECT
IDEA_1615193700000,1615224000000,1615221300000,1615224300000,0,True,True,True,True,REFERENCE_ALREADY_CAPTURES
IDEA_1615474200000,1615533900000,1615533000000,1615534200000,0,True,True,True,True,REFERENCE_ALREADY_CAPTURES
IDEA_1615533900000,1615880400000,1615878600000,1615880700000,4,True,True,True,True,REFERENCE_ALREADY_CAPTURES
IDEA_1615981500000,1616068800000,1616066400000,1616069100000,0,True,True,True,True,REFERENCE_ALREADY_CAPTURES
IDEA_1616068800000,1616377200000,1616376300000,1616377500000,4,True,True,True,True,REFERENCE_ALREADY_CAPTURES
IDEA_1616377200000,1616509200000,1616507700000,1616509500000,0,True,True,False,True,BLOCKED_OPEN_TRADE
IDEA_1616377200000,1616514300000,1616513700000,1616514600000,0,True,True,False,True,BLOCKED_OPEN_TRADE
IDEA_1616377200000,1616521500000,1616520900000,1616521800000,0,True,True,False,True,BLOCKED_OPEN_TRADE
IDEA_1616377200000,1616549400000,1616547600000,1616549700000,4,True,True,False,True,BLOCKED_OPEN_TRADE
IDEA_1616692200000,1617028500000,1617026400000,1617028800000,0,False,True,False,False,PERMISSION_REJECT
IDEA_1616692200000,1617073500000,1617072300000,1617073800000,0,False,True,False,False,PERMISSION_REJECT
IDEA_1616692200000,1617084300000,1617082800000,1617084600000,0,False,True,False,False,PERMISSION_REJECT
IDEA_1616692200000,1617087900000,1617086700000,1617088200000,0,False,True,False,False,PERMISSION_REJECT
IDEA_1616692200000,1617091500000,1617089100000,1617091800000,0,False,True,False,False,PERMISSION_REJECT
IDEA_1616692200000,1617102600000,1617101400000,1617102900000,0,False,True,False,False,PERMISSION_REJECT
IDEA_1616692200000,1617103800000,1617102900000,1617104100000,0,False,True,False,False,PERMISSION_REJECT
IDEA_1616692200000,1617105900000,1617104100000,1617106200000,0,False,True,False,False,PERMISSION_REJECT
IDEA_1616692200000,1617108600000,1617107100000,1617108900000,0,True,True,True,True,REFERENCE_ALREADY_CAPTURES
IDEA_1617795600000,1617942900000,1617942300000,1617943200000,1,False,True,False,False,STATE_REJECT
IDEA_1617795600000,1617944100000,1617943800000,1617944400000,4,True,True,True,True,REFERENCE_ALREADY_CAPTURES
IDEA_1617944100000,1617952800000,1617951900000,1617953100000,0,False,True,False,False,PERMISSION_REJECT
IDEA_1617944100000,1617954000000,1617953700000,1617954300000,0,False,True,False,False,PERMISSION_REJECT
IDEA_1617944100000,1617957900000,1617956700000,1617958200000,0,False,True,False,False,PERMISSION_REJECT
IDEA_1617944100000,1617963900000,1617963000000,1617964200000,0,False,True,False,False,PERMISSION_REJECT
IDEA_1617944100000,1617974400000,1617970800000,1617974700000,0,False,True,False,False,PERMISSION_REJECT
IDEA_1617944100000,1618206000000,1618205100000,1618206300000,0,False,True,False,False,PERMISSION_REJECT
IDEA_1617944100000,1618236900000,1618234500000,1618237200000,5,False,True,False,False,PERMISSION_REJECT
IDEA_1617944100000,1618238700000,1618237800000,1618239000000,0,False,True,False,False,PERMISSION_REJECT
IDEA_1617944100000,1618244400000,1618242600000,1618244700000,0,False,True,False,False,PERMISSION_REJECT
IDEA_1617944100000,1618253700000,1618251600000,1618254000000,4,False,True,False,False,PERMISSION_REJECT
IDEA_1617944100000,1618293300000,1618291800000,1618293600000,4,False,True,False,False,PERMISSION_REJECT
IDEA_1617944100000,1618298400000,1618295400000,1618298700000,0,False,True,False,False,PERMISSION_REJECT
IDEA_1617944100000,1618379100000,1618378200000,1618379400000,4,False,True,False,False,PERMISSION_REJECT
IDEA_1619072700000,1619093700000,1619093100000,1619094000000,0,True,True,False,True,BLOCKED_OPEN_TRADE
IDEA_1619072700000,1619098500000,1619096400000,1619098800000,4,True,True,True,True,REFERENCE_ALREADY_CAPTURES
IDEA_1619089500000,1619105700000,1619105400000,1619106000000,5,True,True,False,True,BLOCKED_OPEN_TRADE
IDEA_1619089500000,1619108400000,1619107200000,1619108700000,0,True,True,False,True,BLOCKED_OPEN_TRADE
IDEA_1619089500000,1619187000000,1619186100000,1619187300000,5,True,True,True,True,REFERENCE_ALREADY_CAPTURES
IDEA_1619187000000,1619440500000,1619439000000,1619440800000,5,True,True,False,True,BLOCKED_OPEN_TRADE
IDEA_1619187000000,1619446200000,1619445000000,1619446500000,4,True,True,False,True,BLOCKED_OPEN_TRADE
IDEA_1619187000000,1619547300000,1619546400000,1619547600000,0,True,True,False,True,BLOCKED_OPEN_TRADE
IDEA_1619187000000,1619553300000,1619553000000,1619553600000,0,True,True,False,True,BLOCKED_OPEN_TRADE
IDEA_1619187000000,1619565300000,1619563200000,1619565600000,0,False,True,False,True,PERMISSION_REJECT
IDEA_1619187000000,1619572500000,1619571900000,1619572800000,0,False,True,False,True,PERMISSION_REJECT
IDEA_1619187000000,1619574300000,1619573100000,1619574600000,0,False,True,False,True,PERMISSION_REJECT
IDEA_1619187000000,1619595300000,1619593500000,1619595600000,0,False,True,False,True,PERMISSION_REJECT
IDEA_1619189700000,1619607900000,1619606700000,1619608200000,0,True,True,True,True,REFERENCE_ALREADY_CAPTURES
IDEA_1619187000000,1619613300000,1619613000000,1619613600000,5,True,True,False,True,BLOCKED_OPEN_TRADE
IDEA_1619689800000,1619792400000,1619791500000,1619792700000,4,True,True,False,True,BLOCKED_OPEN_TRADE
IDEA_1619689800000,1620106200000,1620104700000,1620106500000,5,True,True,True,True,REFERENCE_ALREADY_CAPTURES
IDEA_1620106200000,1620198600000,1620198300000,1620198900000,4,True,True,True,True,REFERENCE_ALREADY_CAPTURES
IDEA_1620693600000,1620823200000,1620822600000,1620823500000,4,True,False,False,False,GEOMETRY_REJECT
IDEA_1620693600000,1620833700000,1620833400000,1620834000000,4,True,True,True,True,REFERENCE_ALREADY_CAPTURES
IDEA_1620833700000,1620896100000,1620895800000,1620896400000,4,True,True,False,True,BLOCKED_OPEN_TRADE
IDEA_1620833700000,1620901500000,1620899400000,1620901800000,0,True,True,False,True,BLOCKED_OPEN_TRADE
IDEA_1621348200000,1621420800000,1621419000000,1621421100000,0,False,True,False,False,PERMISSION_REJECT
IDEA_1621348200000,1621425300000,1621422300000,1621425600000,0,False,True,False,False,PERMISSION_REJECT
IDEA_1621348200000,1621608600000,1621608300000,1621608900000,5,False,True,False,False,PERMISSION_REJECT
IDEA_1621348200000,1621614000000,1621613700000,1621614300000,4,False,True,False,False,PERMISSION_REJECT
IDEA_1622544600000,1622559300000,1622558400000,1622559600000,0,True,True,False,True,BLOCKED_OPEN_TRADE
IDEA_1622544600000,1622633700000,1622632200000,1622634000000,4,True,True,False,True,BLOCKED_OPEN_TRADE
IDEA_1622544600000,1622699700000,1622698800000,1622700000000,0,True,True,False,True,BLOCKED_OPEN_TRADE
IDEA_1622544600000,1622703000000,1622700300000,1622703300000,0,True,True,False,True,BLOCKED_OPEN_TRADE
IDEA_1622544600000,1622706900000,1622706000000,1622707200000,0,False,True,False,False,PERMISSION_REJECT
IDEA_1622557500000,1622722200000,1622721900000,1622722500000,0,False,True,False,False,PERMISSION_REJECT
IDEA_1622557500000,1622729100000,1622726400000,1622729400000,0,False,True,False,False,PERMISSION_REJECT
IDEA_1623160800000,1623327000000,1623326100000,1623327300000,0,True,True,True,True,REFERENCE_ALREADY_CAPTURES
IDEA_1623312600000,1623328500000,1623328200000,1623328800000,3,False,False,False,False,STATE_REJECT
IDEA_1623312600000,1623404100000,1623402900000,1623404400000,0,True,True,True,True,REFERENCE_ALREADY_CAPTURES
IDEA_1623414900000,1623420900000,1623419400000,1623421200000,0,False,True,False,False,PERMISSION_REJECT
IDEA_1623414900000,1623422700000,1623422100000,1623423000000,0,False,True,False,False,PERMISSION_REJECT
IDEA_1623414900000,1623425700000,1623424800000,1623426000000,0,False,True,False,False,PERMISSION_REJECT
IDEA_1623414900000,1623434400000,1623434100000,1623434700000,0,False,True,False,False,PERMISSION_REJECT
IDEA_1623414900000,1623435300000,1623435000000,1623435600000,0,False,True,False,False,PERMISSION_REJECT
IDEA_1623414900000,1623629700000,1623628500000,1623630000000,5,False,True,False,False,PERMISSION_REJECT
IDEA_1623414900000,1623636900000,1623635700000,1623637200000,0,False,True,False,False,PERMISSION_REJECT
IDEA_1623414900000,1623642300000,1623640800000,1623642600000,0,False,True,False,False,PERMISSION_REJECT
IDEA_1623414900000,1623656100000,1623655500000,1623656400000,0,False,True,False,False,PERMISSION_REJECT
IDEA_1623414900000,1623660000000,1623659100000,1623660300000,0,True,True,True,True,REFERENCE_ALREADY_CAPTURES
IDEA_1623404100000,1623668400000,1623666600000,1623668700000,0,True,True,False,True,BLOCKED_OPEN_TRADE
IDEA_1623404100000,1623675600000,1623672000000,1623675900000,0,True,True,True,True,REFERENCE_ALREADY_CAPTURES
IDEA_1623660000000,1623767400000,1623766500000,1623767700000,5,True,True,True,True,REFERENCE_ALREADY_CAPTURES
IDEA_1623767400000,1623844200000,1623843000000,1623844500000,0,True,True,False,True,BLOCKED_OPEN_TRADE
IDEA_1623767400000,1623867600000,1623866400000,1623867900000,5,True,True,True,True,REFERENCE_ALREADY_CAPTURES
IDEA_1623776400000,1623871200000,1623869100000,1623871500000,0,True,True,False,True,BLOCKED_OPEN_TRADE
IDEA_1623867600000,1623920700000,1623919800000,1623921000000,0,True,True,True,True,REFERENCE_ALREADY_CAPTURES
IDEA_1623776400000,1623927300000,1623924900000,1623927600000,0,False,True,False,True,PERMISSION_REJECT
IDEA_1623776400000,1623931200000,1623930000000,1623931500000,0,False,True,False,False,PERMISSION_REJECT
IDEA_1623920700000,1623939300000,1623938700000,1623939600000,0,True,True,True,True,REFERENCE_ALREADY_CAPTURES
IDEA_1623776400000,1623944400000,1623942600000,1623944700000,0,True,True,True,True,REFERENCE_ALREADY_CAPTURES
IDEA_1623939300000,1624039500000,1624037100000,1624039800000,4,True,True,False,True,BLOCKED_OPEN_TRADE
IDEA_1623939300000,1624340400000,1624339500000,1624340700000,5,True,True,False,True,BLOCKED_OPEN_TRADE
IDEA_1623939300000,1624346400000,1624345800000,1624346700000,4,True,True,False,True,BLOCKED_OPEN_TRADE
IDEA_1623939300000,1624350600000,1624348500000,1624350900000,0,True,True,False,True,BLOCKED_OPEN_TRADE
IDEA_1623939300000,1624366800000,1624365000000,1624367100000,5,True,True,False,True,BLOCKED_OPEN_TRADE
IDEA_1624937100000,1624966200000,1624965300000,1624966500000,0,True,True,True,True,REFERENCE_ALREADY_CAPTURES
IDEA_1624966200000,1625033100000,1625032800000,1625033400000,0,True,True,False,True,BLOCKED_OPEN_TRADE
IDEA_1624966200000,1625040900000,1625038200000,1625041200000,0,True,True,False,True,BLOCKED_OPEN_TRADE
IDEA_1624966200000,1625153400000,1625152500000,1625153700000,5,True,True,True,True,REFERENCE_ALREADY_CAPTURES
IDEA_1626345300000,1626361500000,1626361200000,1626361800000,0,True,True,True,True,REFERENCE_ALREADY_CAPTURES
IDEA_1626434700000,1626450900000,1626449400000,1626451200000,4,True,True,True,True,REFERENCE_ALREADY_CAPTURES
IDEA_1626361500000,1626678300000,1626674700000,1626678600000,0,True,True,True,True,REFERENCE_ALREADY_CAPTURES
IDEA_1626450900000,1626683100000,1626682500000,1626683400000,0,True,True,False,True,BLOCKED_OPEN_TRADE
IDEA_1626450900000,1626686700000,1626685800000,1626687000000,0,True,True,False,True,BLOCKED_OPEN_TRADE
IDEA_1626450900000,1626698100000,1626695100000,1626698400000,0,True,True,True,True,REFERENCE_ALREADY_CAPTURES
IDEA_1626678300000,1626792900000,1626792000000,1626793200000,5,True,True,True,True,REFERENCE_ALREADY_CAPTURES
IDEA_1626792900000,1626866700000,1626864000000,1626867000000,0,False,True,False,False,PERMISSION_REJECT
IDEA_1626792900000,1626869400000,1626867300000,1626869700000,0,False,True,False,False,PERMISSION_REJECT
IDEA_1626792900000,1626870000000,1626869700000,1626870300000,0,False,True,False,False,PERMISSION_REJECT
IDEA_1626792900000,1626871800000,1626870900000,1626872100000,0,False,True,False,False,PERMISSION_REJECT
IDEA_1626792900000,1626929700000,1626929100000,1626930000000,0,False,True,False,False,PERMISSION_REJECT
IDEA_1626792900000,1626943200000,1626941100000,1626943500000,5,False,True,False,False,PERMISSION_REJECT
IDEA_1626792900000,1627020300000,1627019700000,1627020600000,0,False,True,False,False,PERMISSION_REJECT
IDEA_1626792900000,1627036500000,1627034100000,1627036800000,5,False,True,False,False,PERMISSION_REJECT
IDEA_1626792900000,1627040400000,1627038000000,1627040700000,0,False,True,False,False,PERMISSION_REJECT
IDEA_1627624500000,1627655700000,1627655400000,1627656000000,0,True,True,False,True,BLOCKED_OPEN_TRADE
IDEA_1627624500000,1627659900000,1627659600000,1627660200000,0,True,True,False,True,BLOCKED_OPEN_TRADE
IDEA_1627624500000,1627662900000,1627661400000,1627663200000,0,True,True,True,True,REFERENCE_ALREADY_CAPTURES
IDEA_1627650900000,1627664700000,1627663800000,1627665000000,0,True,True,True,True,REFERENCE_ALREADY_CAPTURES
IDEA_1627662900000,1627670700000,1627668300000,1627671000000,0,True,True,False,True,BLOCKED_OPEN_TRADE
IDEA_1627662900000,1627869300000,1627867800000,1627869600000,5,True,True,True,True,REFERENCE_ALREADY_CAPTURES
IDEA_1627664700000,1627887300000,1627885500000,1627887600000,5,True,True,False,True,BLOCKED_OPEN_TRADE
IDEA_1627664700000,1627890000000,1627888800000,1627890300000,0,True,True,False,True,BLOCKED_OPEN_TRADE
IDEA_1627664700000,1627894500000,1627893600000,1627894800000,0,True,True,False,True,BLOCKED_OPEN_TRADE
IDEA_1627664700000,1627906800000,1627906500000,1627907100000,4,True,True,False,True,BLOCKED_OPEN_TRADE
IDEA_1627664700000,1627973400000,1627971600000,1627973700000,4,True,True,False,True,BLOCKED_OPEN_TRADE
IDEA_1627664700000,1627994400000,1627992900000,1627994700000,4,True,True,False,True,BLOCKED_OPEN_TRADE
IDEA_1627664700000,1628091300000,1628089500000,1628091600000,5,False,True,False,False,PERMISSION_REJECT
IDEA_1628522100000,1628769900000,1628769600000,1628770200000,1,False,True,False,False,STATE_REJECT
IDEA_1628522100000,1628772300000,1628770800000,1628772600000,0,True,True,True,True,REFERENCE_ALREADY_CAPTURES
IDEA_1629210000000,1629468300000,1629468000000,1629468600000,4,False,True,False,False,PERMISSION_REJECT
IDEA_1629210000000,1629470400000,1629469200000,1629470700000,4,False,True,False,False,PERMISSION_REJECT
IDEA_1629895500000,1629961200000,1629960900000,1629961500000,0,True,True,True,True,REFERENCE_ALREADY_CAPTURES
IDEA_1629961200000,1629983400000,1629983100000,1629983700000,4,False,True,False,False,PERMISSION_REJECT
IDEA_1629961200000,1630071900000,1630069800000,1630072200000,5,False,True,False,False,PERMISSION_REJECT
IDEA_1629961200000,1630073400000,1630072800000,1630073700000,3,False,False,False,False,STATE_REJECT
IDEA_1629961200000,1630309800000,1630309500000,1630310100000,4,True,True,True,True,REFERENCE_ALREADY_CAPTURES
IDEA_1630309800000,1630349100000,1630346700000,1630349400000,0,True,True,True,True,REFERENCE_ALREADY_CAPTURES
IDEA_1631015700000,1631028300000,1631027400000,1631028600000,0,True,True,False,True,BLOCKED_OPEN_TRADE
IDEA_1631015700000,1631109300000,1631108100000,1631109600000,0,True,True,True,True,REFERENCE_ALREADY_CAPTURES
IDEA_1631025300000,1631167200000,1631165400000,1631167500000,4,False,True,False,False,PERMISSION_REJECT
IDEA_1631025300000,1631199000000,1631197800000,1631199300000,5,False,True,False,False,PERMISSION_REJECT
IDEA_1631025300000,1631279700000,1631277900000,1631280000000,5,False,True,False,False,PERMISSION_REJECT
IDEA_1631025300000,1631282100000,1631280600000,1631282400000,4,False,True,False,False,PERMISSION_REJECT
IDEA_1631695500000,1631715300000,1631714700000,1631715600000,4,False,True,False,True,PERMISSION_REJECT
IDEA_1631711700000,1631724000000,1631723700000,1631724300000,0,False,True,False,False,PERMISSION_REJECT
IDEA_1631711700000,1631730900000,1631730000000,1631731200000,0,False,True,False,False,PERMISSION_REJECT
IDEA_1631711700000,1631766300000,1631764800000,1631766600000,5,False,True,False,False,PERMISSION_REJECT
IDEA_1631711700000,1631776800000,1631776200000,1631777100000,0,False,True,False,False,PERMISSION_REJECT
IDEA_1631711700000,1631786700000,1631786100000,1631787000000,0,False,True,False,False,PERMISSION_REJECT
IDEA_1631711700000,1631796600000,1631795100000,1631796900000,0,False,True,False,False,PERMISSION_REJECT
IDEA_1631711700000,1631800500000,1631796900000,1631800800000,0,False,True,False,False,PERMISSION_REJECT
IDEA_1631711700000,1631883900000,1631883300000,1631884200000,0,True,True,True,True,REFERENCE_ALREADY_CAPTURES
IDEA_1631695500000,1631887200000,1631884800000,1631887500000,0,True,True,False,True,BLOCKED_OPEN_TRADE
IDEA_1631695500000,1631888400000,1631888100000,1631888700000,0,True,True,True,True,REFERENCE_ALREADY_CAPTURES
IDEA_1631883900000,1632105900000,1632104400000,1632106200000,4,False,True,False,False,PERMISSION_REJECT
IDEA_1631888400000,1632207900000,1632207600000,1632208200000,0,True,True,True,True,REFERENCE_ALREADY_CAPTURES
IDEA_1631883900000,1632209100000,1632208200000,1632209400000,5,True,True,False,True,BLOCKED_OPEN_TRADE
IDEA_1631883900000,1632313500000,1632311700000,1632313800000,4,True,True,True,True,REFERENCE_ALREADY_CAPTURES
IDEA_1632313500000,1632338100000,1632336300000,1632338400000,5,True,True,True,True,REFERENCE_ALREADY_CAPTURES
IDEA_1632338100000,1632408900000,1632408600000,1632409200000,0,True,True,True,True,REFERENCE_ALREADY_CAPTURES
IDEA_1632408900000,1632489000000,1632488400000,1632489300000,0,True,True,True,True,REFERENCE_ALREADY_CAPTURES
IDEA_1633413300000,1633443300000,1633441800000,1633443600000,4,False,True,False,False,PERMISSION_REJECT
IDEA_1633413300000,1633500600000,1633499400000,1633500900000,0,False,True,False,False,PERMISSION_REJECT
IDEA_1633413300000,1633504800000,1633503900000,1633505100000,0,False,True,False,False,PERMISSION_REJECT
IDEA_1633413300000,1633509300000,1633506600000,1633509600000,0,False,True,False,False,PERMISSION_REJECT
IDEA_1633413300000,1633586700000,1633586100000,1633587000000,0,False,True,False,False,PERMISSION_REJECT
IDEA_1633413300000,1633613400000,1633610400000,1633613700000,0,False,True,False,False,PERMISSION_REJECT
IDEA_1634275500000,1634291100000,1634288700000,1634291400000,0,True,True,True,True,REFERENCE_ALREADY_CAPTURES
IDEA_1634284800000,1634296500000,1634295600000,1634296800000,0,True,True,False,True,BLOCKED_OPEN_TRADE
IDEA_1634291100000,1634302800000,1634302200000,1634303100000,0,True,True,True,True,REFERENCE_ALREADY_CAPTURES
IDEA_1634284800000,1634538000000,1634537100000,1634538300000,0,True,True,False,True,BLOCKED_OPEN_TRADE
IDEA_1634284800000,1634546400000,1634545500000,1634546700000,0,True,True,False,True,BLOCKED_OPEN_TRADE
IDEA_1634284800000,1634553600000,1634550000000,1634553900000,0,True,True,True,True,REFERENCE_ALREADY_CAPTURES
IDEA_1634302800000,1634658600000,1634657700000,1634658900000,4,False,True,False,False,PERMISSION_REJECT
IDEA_1634302800000,1634661600000,1634659500000,1634661900000,0,False,True,False,False,PERMISSION_REJECT
IDEA_1634302800000,1634690400000,1634689500000,1634690700000,4,False,True,False,False,PERMISSION_REJECT
IDEA_1635234300000,1635258600000,1635255000000,1635258900000,0,True,True,True,True,REFERENCE_ALREADY_CAPTURES
IDEA_1635432000000,1635512700000,1635510600000,1635513000000,0,False,True,False,False,PERMISSION_REJECT
IDEA_1635432000000,1635516300000,1635514200000,1635516600000,0,False,True,False,False,PERMISSION_REJECT
IDEA_1635432000000,1635855000000,1635853500000,1635855300000,4,True,True,True,True,REFERENCE_ALREADY_CAPTURES
IDEA_1635855000000,1635903600000,1635903300000,1635903900000,4,False,True,False,False,PERMISSION_REJECT
IDEA_1635855000000,1635905700000,1635904200000,1635906000000,0,False,True,False,False,PERMISSION_REJECT
IDEA_1635855000000,1635907800000,1635906600000,1635908100000,0,False,True,False,False,PERMISSION_REJECT
IDEA_1635855000000,1635909300000,1635908400000,1635909600000,0,False,True,False,False,PERMISSION_REJECT
IDEA_1635855000000,1635920400000,1635920100000,1635920700000,0,False,True,False,False,PERMISSION_REJECT
IDEA_1635855000000,1636117200000,1636115400000,1636117500000,0,True,True,True,True,REFERENCE_ALREADY_CAPTURES
IDEA_1637591700000,1637609100000,1637607000000,1637609400000,0,False,True,False,True,PERMISSION_REJECT
IDEA_1637591700000,1637661000000,1637657400000,1637661300000,0,False,True,False,False,PERMISSION_REJECT
IDEA_1637605200000,1637673300000,1637672100000,1637673600000,0,True,True,True,True,REFERENCE_ALREADY_CAPTURES
IDEA_1637591700000,1637675100000,1637673600000,1637675400000,0,True,True,False,True,BLOCKED_OPEN_TRADE
IDEA_1637591700000,1637684400000,1637683800000,1637684700000,0,True,True,True,True,REFERENCE_ALREADY_CAPTURES
IDEA_1637673300000,1637687100000,1637686500000,1637687400000,0,True,True,False,True,BLOCKED_OPEN_TRADE
IDEA_1637673300000,1637752500000,1637751900000,1637752800000,0,False,True,False,True,PERMISSION_REJECT
IDEA_1637673300000,1637758500000,1637756100000,1637758800000,0,False,True,False,True,PERMISSION_REJECT
IDEA_1637673300000,1637759700000,1637759400000,1637760000000,0,False,True,False,True,PERMISSION_REJECT
IDEA_1637673300000,1637760600000,1637760000000,1637760900000,0,False,True,False,True,PERMISSION_REJECT
IDEA_1637673300000,1637764500000,1637763000000,1637764800000,0,False,True,False,True,PERMISSION_REJECT
IDEA_1637673300000,1637768100000,1637767200000,1637768400000,0,False,True,False,True,PERMISSION_REJECT
IDEA_1637673300000,1637853300000,1637852400000,1637853600000,5,True,True,False,True,BLOCKED_OPEN_TRADE
IDEA_1637673300000,1637856300000,1637855400000,1637856600000,4,True,True,False,True,BLOCKED_OPEN_TRADE
IDEA_1637673300000,1638142200000,1638140400000,1638142500000,0,True,True,True,True,REFERENCE_ALREADY_CAPTURES
IDEA_1638290700000,1638467100000,1638466200000,1638467400000,0,False,True,False,False,PERMISSION_REJECT
IDEA_1638290700000,1638470100000,1638468300000,1638470400000,0,False,True,False,False,PERMISSION_REJECT
IDEA_1638780600000,1638885000000,1638883800000,1638885300000,5,True,True,False,True,BLOCKED_OPEN_TRADE
IDEA_1638780600000,1638969300000,1638968700000,1638969600000,5,True,True,True,True,REFERENCE_ALREADY_CAPTURES
IDEA_1638969300000,1639056000000,1639054800000,1639056300000,0,True,True,False,True,BLOCKED_OPEN_TRADE
IDEA_1638969300000,1639057200000,1639056600000,1639057500000,0,True,True,False,True,BLOCKED_OPEN_TRADE
IDEA_1638969300000,1639118100000,1639116900000,1639118400000,5,True,True,True,True,REFERENCE_ALREADY_CAPTURES
IDEA_1639053300000,1639122000000,1639121700000,1639122300000,0,True,True,False,True,BLOCKED_OPEN_TRADE
IDEA_1639053300000,1639124700000,1639124100000,1639125000000,0,True,True,False,True,BLOCKED_OPEN_TRADE
IDEA_1639053300000,1639404600000,1639403700000,1639404900000,4,True,True,True,True,REFERENCE_ALREADY_CAPTURES
IDEA_1639404600000,1639552500000,1639551300000,1639552800000,0,True,True,True,True,REFERENCE_ALREADY_CAPTURES
IDEA_1639552500000,1639595400000,1639594800000,1639595700000,0,False,True,False,False,PERMISSION_REJECT
IDEA_1639552500000,1639767000000,1639766100000,1639767300000,5,False,True,False,False,PERMISSION_REJECT
IDEA_1640002200000,1640028300000,1640028000000,1640028600000,5,True,True,False,True,BLOCKED_OPEN_TRADE
IDEA_1640002200000,1640031300000,1640028900000,1640031600000,5,True,True,False,True,BLOCKED_OPEN_TRADE
IDEA_1640002200000,1640034900000,1640033400000,1640035200000,0,True,True,False,True,BLOCKED_OPEN_TRADE
IDEA_1640002200000,1640103300000,1640100900000,1640103600000,0,True,True,True,True,REFERENCE_ALREADY_CAPTURES
IDEA_1640012400000,1640159700000,1640157000000,1640160000000,0,True,True,False,True,BLOCKED_OPEN_TRADE
IDEA_1640012400000,1640163300000,1640163000000,1640163600000,0,True,True,False,True,BLOCKED_OPEN_TRADE
IDEA_1640012400000,1640271000000,1640269800000,1640271300000,5,True,True,True,True,REFERENCE_ALREADY_CAPTURES
IDEA_1640718000000,1640784000000,1640782200000,1640784300000,0,True,True,True,True,REFERENCE_ALREADY_CAPTURES
IDEA_1641199200000,1641220500000,1641220200000,1641220800000,0,True,True,True,True,REFERENCE_ALREADY_CAPTURES
IDEA_1641220500000,1641299400000,1641298800000,1641299700000,0,True,True,False,True,BLOCKED_OPEN_TRADE
IDEA_1641220500000,1641415200000,1641412800000,1641415500000,0,True,True,True,True,REFERENCE_ALREADY_CAPTURES
IDEA_1641415200000,1641452100000,1641451800000,1641452400000,0,True,True,True,True,REFERENCE_ALREADY_CAPTURES
IDEA_1641452100000,1641460800000,1641460500000,1641461100000,0,True,True,True,True,REFERENCE_ALREADY_CAPTURES
IDEA_1641460800000,1641496500000,1641496200000,1641496800000,5,True,True,True,True,REFERENCE_ALREADY_CAPTURES
IDEA_1642058400000,1642088100000,1642085100000,1642088400000,5,True,True,True,True,REFERENCE_ALREADY_CAPTURES
IDEA_1642065300000,1642090200000,1642088400000,1642090500000,0,True,True,True,True,REFERENCE_ALREADY_CAPTURES
IDEA_1642088100000,1642165200000,1642164900000,1642165500000,0,True,True,True,True,REFERENCE_ALREADY_CAPTURES
IDEA_1642165200000,1642183200000,1642182000000,1642183500000,0,True,True,False,True,BLOCKED_OPEN_TRADE
IDEA_1642165200000,1642186200000,1642185000000,1642186500000,0,False,True,False,True,PERMISSION_REJECT
IDEA_1642165200000,1642380600000,1642379400000,1642380900000,4,False,True,False,True,PERMISSION_REJECT
IDEA_1642165200000,1642383300000,1642381200000,1642383600000,4,False,True,False,True,PERMISSION_REJECT
IDEA_1642165200000,1642478400000,1642476900000,1642478700000,5,False,True,False,True,PERMISSION_REJECT
IDEA_1642165200000,1642486200000,1642485600000,1642486500000,4,False,True,False,True,PERMISSION_REJECT
IDEA_1642165200000,1642496700000,1642494300000,1642497000000,5,False,True,False,False,PERMISSION_REJECT
IDEA_1642180800000,1642501200000,1642497600000,1642501500000,0,False,True,False,False,PERMISSION_REJECT
IDEA_1642180800000,1642512600000,1642511400000,1642512900000,4,False,True,False,False,PERMISSION_REJECT
IDEA_1643292000000,1643305800000,1643305500000,1643306100000,0,False,True,False,False,PERMISSION_REJECT
IDEA_1643292000000,1643307000000,1643306400000,1643307300000,0,False,True,False,False,PERMISSION_REJECT
IDEA_1643292000000,1643362200000,1643360400000,1643362500000,0,True,True,True,True,REFERENCE_ALREADY_CAPTURES
IDEA_1643362200000,1643774400000,1643771700000,1643774700000,0,True,True,True,True,REFERENCE_ALREADY_CAPTURES
IDEA_1643774400000,1643983800000,1643981400000,1643984100000,0,True,True,True,True,REFERENCE_ALREADY_CAPTURES
IDEA_1644482700000,1644554100000,1644552900000,1644554400000,5,True,True,True,True,REFERENCE_ALREADY_CAPTURES
IDEA_1644917700000,1644932100000,1644931800000,1644932400000,0,False,True,False,False,PERMISSION_REJECT
IDEA_1644917700000,1645181100000,1645180200000,1645181400000,5,False,True,False,False,PERMISSION_REJECT
IDEA_1646876100000,1647267900000,1647265500000,1647268200000,4,False,True,False,False,PERMISSION_REJECT
IDEA_1646876100000,1647307800000,1647306900000,1647308100000,5,False,True,False,False,PERMISSION_REJECT
IDEA_1646876100000,1647309600000,1647308400000,1647309900000,0,False,True,False,False,PERMISSION_REJECT
IDEA_1647324300000,1647355500000,1647353400000,1647355800000,0,True,True,False,True,BLOCKED_OPEN_TRADE
IDEA_1647324300000,1647413400000,1647412500000,1647413700000,4,True,True,False,True,BLOCKED_OPEN_TRADE
IDEA_1647324300000,1647419100000,1647418500000,1647419400000,4,True,True,False,True,BLOCKED_OPEN_TRADE
IDEA_1647324300000,1647441600000,1647439800000,1647441900000,4,True,True,True,True,REFERENCE_ALREADY_CAPTURES
IDEA_1647350700000,1647455700000,1647453600000,1647456000000,0,True,True,True,True,REFERENCE_ALREADY_CAPTURES
IDEA_1647441600000,1647574200000,1647573900000,1647574500000,5,True,True,True,True,REFERENCE_ALREADY_CAPTURES
IDEA_1647574200000,1647869400000,1647869100000,1647869700000,4,True,True,False,True,BLOCKED_OPEN_TRADE
IDEA_1647574200000,1647957000000,1647955800000,1647957300000,5,True,True,False,True,BLOCKED_OPEN_TRADE
IDEA_1647610200000,1647962700000,1647962400000,1647963000000,0,True,True,True,True,REFERENCE_ALREADY_CAPTURES
IDEA_1648190700000,1648215900000,1648214400000,1648216200000,4,True,True,True,True,REFERENCE_ALREADY_CAPTURES
IDEA_1648442700000,1648452600000,1648452000000,1648452900000,0,True,True,True,True,REFERENCE_ALREADY_CAPTURES
IDEA_1648452600000,1648494600000,1648494300000,1648494900000,0,True,True,False,True,BLOCKED_OPEN_TRADE
IDEA_1648452600000,1648497600000,1648495500000,1648497900000,0,True,True,True,True,REFERENCE_ALREADY_CAPTURES
IDEA_1648459200000,1648545000000,1648542300000,1648545300000,0,True,True,False,True,BLOCKED_OPEN_TRADE
IDEA_1648497600000,1648703100000,1648699500000,1648703400000,0,True,True,True,True,REFERENCE_ALREADY_CAPTURES
IDEA_1648459200000,1648704900000,1648704300000,1648705200000,0,True,True,False,True,BLOCKED_OPEN_TRADE
IDEA_1648797600000,1648824300000,1648823400000,1648824600000,4,True,True,True,True,REFERENCE_ALREADY_CAPTURES
IDEA_1648813500000,1648835100000,1648834200000,1648835400000,0,True,True,False,True,BLOCKED_OPEN_TRADE
IDEA_1648813500000,1649146200000,1649145300000,1649146500000,5,True,True,False,True,BLOCKED_OPEN_TRADE
IDEA_1648813500000,1649161200000,1649160000000,1649161500000,4,True,True,False,True,BLOCKED_OPEN_TRADE
IDEA_1648813500000,1649174700000,1649174100000,1649175000000,5,True,True,True,True,REFERENCE_ALREADY_CAPTURES
IDEA_1650374400000,1650381900000,1650381300000,1650382200000,0,True,True,False,True,BLOCKED_OPEN_TRADE
IDEA_1650374400000,1650397200000,1650395400000,1650397500000,0,True,True,True,True,REFERENCE_ALREADY_CAPTURES
IDEA_1650379800000,1650419700000,1650417600000,1650420000000,4,True,True,False,True,BLOCKED_OPEN_TRADE
IDEA_1650379800000,1650428700000,1650426600000,1650429000000,0,True,True,False,True,BLOCKED_OPEN_TRADE
IDEA_1650379800000,1650437400000,1650434700000,1650437700000,0,True,True,False,True,BLOCKED_OPEN_TRADE
IDEA_1650379800000,1650525900000,1650525600000,1650526200000,4,True,True,False,True,BLOCKED_OPEN_TRADE
IDEA_1650379800000,1650530400000,1650528000000,1650530700000,5,False,True,False,True,PERMISSION_REJECT
IDEA_1650379800000,1650536100000,1650535200000,1650536400000,4,False,True,False,True,PERMISSION_REJECT
IDEA_1650379800000,1650540300000,1650538800000,1650540600000,0,False,True,False,True,PERMISSION_REJECT
IDEA_1650379800000,1650542700000,1650541200000,1650543000000,0,False,True,False,False,PERMISSION_REJECT
IDEA_1650397200000,1650630300000,1650629700000,1650630600000,0,False,True,False,False,PERMISSION_REJECT
IDEA_1650885000000,1650892200000,1650890700000,1650892500000,0,True,True,False,True,BLOCKED_OPEN_TRADE
IDEA_1650885000000,1650960000000,1650959700000,1650960300000,0,True,True,False,True,BLOCKED_OPEN_TRADE
IDEA_1650885000000,1651035300000,1651033800000,1651035600000,0,True,True,False,True,BLOCKED_OPEN_TRADE
IDEA_1650885000000,1651047900000,1651046400000,1651048200000,4,False,True,False,False,PERMISSION_REJECT
IDEA_1650889800000,1651067400000,1651066800000,1651067700000,5,False,True,False,False,PERMISSION_REJECT
IDEA_1650889800000,1651074300000,1651073700000,1651074600000,0,False,True,False,False,PERMISSION_REJECT
IDEA_1650889800000,1651112400000,1651111800000,1651112700000,0,False,True,False,False,PERMISSION_REJECT
IDEA_1650889800000,1651116300000,1651115400000,1651116600000,0,False,True,False,False,PERMISSION_REJECT
IDEA_1650889800000,1651124700000,1651123800000,1651125000000,0,True,True,True,True,REFERENCE_ALREADY_CAPTURES
IDEA_1651263900000,1651469700000,1651466100000,1651470000000,0,True,True,False,True,BLOCKED_OPEN_TRADE
IDEA_1651459200000,1651487400000,1651486200000,1651487700000,0,True,True,True,True,REFERENCE_ALREADY_CAPTURES
IDEA_1651263900000,1651492200000,1651491600000,1651492500000,0,True,True,False,True,BLOCKED_OPEN_TRADE
IDEA_1651487400000,1651499700000,1651498200000,1651500000000,0,True,True,True,True,REFERENCE_ALREADY_CAPTURES
IDEA_1651263900000,1651554600000,1651553700000,1651554900000,0,True,True,False,True,BLOCKED_OPEN_TRADE
IDEA_1651263900000,1651559400000,1651559100000,1651559700000,0,True,True,False,True,BLOCKED_OPEN_TRADE
IDEA_1651263900000,1651562100000,1651560600000,1651562400000,5,True,True,False,True,BLOCKED_OPEN_TRADE
IDEA_1651263900000,1651567800000,1651566000000,1651568100000,0,True,True,False,True,BLOCKED_OPEN_TRADE
IDEA_1651263900000,1651644600000,1651644000000,1651644900000,5,True,True,True,True,REFERENCE_ALREADY_CAPTURES
IDEA_1651760100000,1651767000000,1651765500000,1651767300000,0,False,True,False,True,PERMISSION_REJECT
IDEA_1651760100000,1651769700000,1651769400000,1651770000000,0,False,True,False,True,PERMISSION_REJECT
IDEA_1651760100000,1651801800000,1651798200000,1651802100000,0,False,True,False,False,PERMISSION_REJECT
IDEA_1651764600000,1652065500000,1652064000000,1652065800000,0,False,True,False,False,PERMISSION_REJECT
IDEA_1651764600000,1652073000000,1652071200000,1652073300000,0,False,True,False,False,PERMISSION_REJECT
IDEA_1651764600000,1652077500000,1652075700000,1652077800000,0,False,True,False,False,PERMISSION_REJECT
IDEA_1651764600000,1652079300000,1652079000000,1652079600000,0,False,True,False,False,PERMISSION_REJECT
IDEA_1651764600000,1652081700000,1652080500000,1652082000000,0,False,True,False,False,PERMISSION_REJECT
IDEA_1651764600000,1652086500000,1652085300000,1652086800000,0,False,True,False,False,PERMISSION_REJECT
IDEA_1651764600000,1652092200000,1652091000000,1652092500000,0,False,True,False,False,PERMISSION_REJECT
IDEA_1651764600000,1652119200000,1652118600000,1652119500000,0,False,True,False,False,PERMISSION_REJECT
IDEA_1651764600000,1652124600000,1652121600000,1652124900000,0,False,True,False,False,PERMISSION_REJECT
IDEA_1651764600000,1652128500000,1652125800000,1652128800000,0,False,True,False,False,PERMISSION_REJECT
IDEA_1651764600000,1652194500000,1652193900000,1652194800000,5,False,True,False,False,PERMISSION_REJECT
IDEA_1651764600000,1652203800000,1652203200000,1652204100000,0,False,True,False,False,PERMISSION_REJECT
IDEA_1652445300000,1652677800000,1652677500000,1652678100000,0,True,True,True,True,REFERENCE_ALREADY_CAPTURES
IDEA_1652677800000,1652797500000,1652796300000,1652797800000,4,True,True,True,True,REFERENCE_ALREADY_CAPTURES
IDEA_1652797500000,1652820000000,1652819100000,1652820300000,0,True,True,False,True,BLOCKED_OPEN_TRADE
IDEA_1652797500000,1652840100000,1652837400000,1652840400000,0,True,True,False,True,BLOCKED_OPEN_TRADE
IDEA_1652797500000,1652844900000,1652843100000,1652845200000,0,True,True,True,True,REFERENCE_ALREADY_CAPTURES
IDEA_1652812800000,1652846400000,1652846100000,1652846700000,0,True,True,False,True,BLOCKED_OPEN_TRADE
IDEA_1652812800000,1652875200000,1652874900000,1652875500000,5,True,True,False,True,BLOCKED_OPEN_TRADE
IDEA_1652812800000,1652877000000,1652876100000,1652877300000,4,True,True,False,True,BLOCKED_OPEN_TRADE
IDEA_1652812800000,1652939100000,1652937300000,1652939400000,5,True,True,False,True,BLOCKED_OPEN_TRADE
IDEA_1652812800000,1652940600000,1652940000000,1652940900000,4,True,True,False,True,BLOCKED_OPEN_TRADE
IDEA_1652812800000,1652942700000,1652942100000,1652943000000,4,True,True,False,True,BLOCKED_OPEN_TRADE
IDEA_1652812800000,1652944200000,1652943600000,1652944500000,4,True,True,False,True,BLOCKED_OPEN_TRADE
IDEA_1652812800000,1652948400000,1652945400000,1652948700000,0,True,True,False,True,BLOCKED_OPEN_TRADE
IDEA_1652812800000,1653056100000,1653054900000,1653056400000,5,True,True,True,True,REFERENCE_ALREADY_CAPTURES
IDEA_1654028700000,1654076100000,1654073700000,1654076400000,0,True,True,False,True,BLOCKED_OPEN_TRADE
IDEA_1654028700000,1654240200000,1654238700000,1654240500000,0,True,True,True,True,REFERENCE_ALREADY_CAPTURES
IDEA_1654240200000,1654270200000,1654268400000,1654270500000,5,True,True,True,True,REFERENCE_ALREADY_CAPTURES
IDEA_1654260600000,1654273500000,1654271100000,1654273800000,0,True,True,False,True,BLOCKED_OPEN_TRADE
IDEA_1654260600000,1654277700000,1654277100000,1654278000000,0,True,True,True,True,REFERENCE_ALREADY_CAPTURES
IDEA_1654270200000,1654529400000,1654528200000,1654529700000,0,True,True,True,True,REFERENCE_ALREADY_CAPTURES
IDEA_1654277700000,1654534500000,1654534200000,1654534800000,0,True,True,False,True,BLOCKED_OPEN_TRADE
IDEA_1654277700000,1654536000000,1654534800000,1654536300000,0,True,True,False,True,BLOCKED_OPEN_TRADE
IDEA_1654277700000,1654539300000,1654538700000,1654539600000,0,True,True,False,True,BLOCKED_OPEN_TRADE
IDEA_1654277700000,1654542300000,1654541400000,1654542600000,0,True,True,False,True,BLOCKED_OPEN_TRADE
IDEA_1654277700000,1654559700000,1654557600000,1654560000000,0,True,True,True,True,REFERENCE_ALREADY_CAPTURES
IDEA_1654529400000,1654562400000,1654561800000,1654562700000,4,True,True,False,True,BLOCKED_OPEN_TRADE
IDEA_1654529400000,1654565100000,1654564500000,1654565400000,0,True,True,False,True,BLOCKED_OPEN_TRADE
IDEA_1654529400000,1654661700000,1654660800000,1654662000000,0,True,True,True,True,REFERENCE_ALREADY_CAPTURES
IDEA_1654661700000,1654864500000,1654863600000,1654864800000,0,False,False,False,False,PERMISSION_REJECT
IDEA_1654661700000,1654869300000,1654868400000,1654869600000,0,False,True,False,False,PERMISSION_REJECT
IDEA_1655112000000,1655148900000,1655147100000,1655149200000,0,False,True,False,False,PERMISSION_REJECT
IDEA_1655112000000,1655152800000,1655151600000,1655153100000,0,False,True,False,False,PERMISSION_REJECT
IDEA_1655112000000,1655164200000,1655163900000,1655164500000,0,False,True,False,False,PERMISSION_REJECT
IDEA_1655112000000,1655208900000,1655208600000,1655209200000,0,False,True,False,False,PERMISSION_REJECT
IDEA_1655112000000,1655217300000,1655214600000,1655217600000,0,False,True,False,False,PERMISSION_REJECT
IDEA_1655112000000,1655223300000,1655220900000,1655223600000,0,False,True,False,False,PERMISSION_REJECT
IDEA_1655112000000,1655234700000,1655232000000,1655235000000,0,False,True,False,False,PERMISSION_REJECT
IDEA_1655112000000,1655316900000,1655316000000,1655317200000,3,False,True,False,False,STATE_REJECT
IDEA_1655112000000,1655378400000,1655377200000,1655378700000,0,False,True,False,False,PERMISSION_REJECT
IDEA_1655794800000,1655864400000,1655863500000,1655864700000,5,False,True,False,False,PERMISSION_REJECT
IDEA_1655794800000,1655866200000,1655865600000,1655866500000,4,False,True,False,False,PERMISSION_REJECT
IDEA_1655794800000,1655875200000,1655873700000,1655875500000,0,False,True,False,False,PERMISSION_REJECT
IDEA_1655794800000,1655878800000,1655876400000,1655879100000,0,False,True,False,False,PERMISSION_REJECT
IDEA_1655794800000,1655882400000,1655882100000,1655882700000,1,False,True,False,False,STATE_REJECT
IDEA_1655794800000,1655950800000,1655949300000,1655951100000,0,False,True,False,False,PERMISSION_REJECT
IDEA_1655794800000,1655954400000,1655953500000,1655954700000,0,False,True,False,False,PERMISSION_REJECT
IDEA_1655794800000,1655957700000,1655957400000,1655958000000,0,False,True,False,False,PERMISSION_REJECT
IDEA_1655794800000,1655959800000,1655958600000,1655960100000,0,False,True,False,False,PERMISSION_REJECT
IDEA_1655794800000,1655961300000,1655960700000,1655961600000,0,False,True,False,False,PERMISSION_REJECT
IDEA_1655794800000,1655962200000,1655961600000,1655962500000,0,False,True,False,False,PERMISSION_REJECT
IDEA_1655794800000,1655984700000,1655982300000,1655985000000,0,False,True,False,False,PERMISSION_REJECT
IDEA_1655794800000,1656009000000,1656008100000,1656009300000,5,False,True,False,False,PERMISSION_REJECT
IDEA_1655794800000,1656031500000,1656030900000,1656031800000,4,False,True,False,False,PERMISSION_REJECT
IDEA_1655794800000,1656033000000,1656032400000,1656033300000,4,False,True,False,False,PERMISSION_REJECT
IDEA_1655794800000,1656054900000,1656053400000,1656055200000,4,False,True,False,False,PERMISSION_REJECT
IDEA_1656666900000,1656676200000,1656675000000,1656676500000,0,True,True,False,True,BLOCKED_OPEN_TRADE
IDEA_1656666900000,1656679800000,1656677700000,1656680100000,0,True,True,False,True,BLOCKED_OPEN_TRADE
IDEA_1656666900000,1656929700000,1656929100000,1656930000000,0,True,True,True,True,REFERENCE_ALREADY_CAPTURES
IDEA_1657022700000,1657035900000,1657034700000,1657036200000,0,True,True,True,True,REFERENCE_ALREADY_CAPTURES
IDEA_1656929700000,1657040100000,1657039500000,1657040400000,0,True,True,False,True,BLOCKED_OPEN_TRADE
IDEA_1656929700000,1657086300000,1657085700000,1657086600000,0,True,True,False,True,BLOCKED_OPEN_TRADE
IDEA_1656929700000,1657087200000,1657086600000,1657087500000,0,True,True,False,True,BLOCKED_OPEN_TRADE
IDEA_1656929700000,1657103100000,1657101900000,1657103400000,0,True,True,False,True,BLOCKED_OPEN_TRADE
IDEA_1656929700000,1657104300000,1657104000000,1657104600000,5,True,True,False,True,BLOCKED_OPEN_TRADE
IDEA_1656929700000,1657105200000,1657104600000,1657105500000,0,True,True,False,True,BLOCKED_OPEN_TRADE
IDEA_1656929700000,1657111500000,1657110600000,1657111800000,0,True,True,False,True,BLOCKED_OPEN_TRADE
IDEA_1656929700000,1657115700000,1657115100000,1657116000000,0,True,True,True,True,REFERENCE_ALREADY_CAPTURES
IDEA_1657035900000,1657117500000,1657116000000,1657117800000,0,True,True,False,True,BLOCKED_OPEN_TRADE
IDEA_1657035900000,1657120800000,1657118100000,1657121100000,0,True,True,True,True,REFERENCE_ALREADY_CAPTURES
IDEA_1657115700000,1657123800000,1657121700000,1657124100000,0,True,True,False,True,BLOCKED_OPEN_TRADE
IDEA_1657115700000,1657266900000,1657265700000,1657267200000,0,True,True,False,True,BLOCKED_OPEN_TRADE
IDEA_1657115700000,1657527000000,1657524300000,1657527300000,0,True,True,False,True,BLOCKED_OPEN_TRADE
IDEA_1657115700000,1657534200000,1657531800000,1657534500000,0,True,True,False,True,BLOCKED_OPEN_TRADE
IDEA_1657569300000,1657647600000,1657647300000,1657647900000,5,False,True,False,False,PERMISSION_REJECT
IDEA_1657569300000,1657649700000,1657649100000,1657650000000,0,False,True,False,False,PERMISSION_REJECT
IDEA_1657569300000,1657672500000,1657670400000,1657672800000,5,False,True,False,False,PERMISSION_REJECT
IDEA_1657569300000,1657674000000,1657673400000,1657674300000,0,False,True,False,False,PERMISSION_REJECT
IDEA_1657569300000,1657693800000,1657693200000,1657694100000,4,False,True,False,False,PERMISSION_REJECT
IDEA_1657569300000,1657717200000,1657715400000,1657717500000,0,True,True,True,True,REFERENCE_ALREADY_CAPTURES
IDEA_1657781100000,1657788300000,1657786500000,1657788600000,0,False,True,False,True,PERMISSION_REJECT
IDEA_1657781100000,1657791600000,1657791000000,1657791900000,0,False,True,False,True,PERMISSION_REJECT
IDEA_1657781100000,1657797000000,1657795800000,1657797300000,0,False,True,False,False,PERMISSION_REJECT
IDEA_1657782600000,1657806600000,1657805400000,1657806900000,0,False,True,False,False,PERMISSION_REJECT
IDEA_1657782600000,1657867800000,1657866300000,1657868100000,5,False,True,False,False,PERMISSION_REJECT
IDEA_1657782600000,1657888500000,1657888200000,1657888800000,4,False,True,False,False,PERMISSION_REJECT
IDEA_1657782600000,1657895100000,1657894500000,1657895400000,4,False,True,False,False,PERMISSION_REJECT
IDEA_1657782600000,1658169000000,1658167200000,1658169300000,0,False,True,False,False,PERMISSION_REJECT
IDEA_1657782600000,1658172000000,1658170200000,1658172300000,0,False,True,False,False,PERMISSION_REJECT
IDEA_1657782600000,1658174100000,1658172600000,1658174400000,0,False,True,False,False,PERMISSION_REJECT
IDEA_1657782600000,1658190600000,1658189700000,1658190900000,4,False,True,False,False,PERMISSION_REJECT
IDEA_1657782600000,1658193600000,1658193300000,1658193900000,1,False,True,False,False,STATE_REJECT
IDEA_1658336700000,1658362800000,1658362500000,1658363100000,0,True,True,True,True,REFERENCE_ALREADY_CAPTURES
IDEA_1658362800000,1658395200000,1658391900000,1658395500000,0,True,True,False,True,BLOCKED_OPEN_TRADE
IDEA_1658387700000,1658403600000,1658403300000,1658403900000,0,True,True,True,True,REFERENCE_ALREADY_CAPTURES
IDEA_1658362800000,1658711100000,1658710800000,1658711400000,5,True,True,True,True,REFERENCE_ALREADY_CAPTURES
IDEA_1658711100000,1658897700000,1658897100000,1658898000000,5,True,True,False,True,BLOCKED_OPEN_TRADE
IDEA_1658711100000,1658930400000,1658930100000,1658930700000,0,True,True,False,True,BLOCKED_OPEN_TRADE
IDEA_1659686100000,1659692400000,1659692100000,1659692700000,0,True,True,False,True,BLOCKED_OPEN_TRADE
IDEA_1659686100000,1659694500000,1659693000000,1659694800000,0,True,True,False,True,BLOCKED_OPEN_TRADE
IDEA_1659686100000,1659698700000,1659696000000,1659699000000,4,True,True,False,True,BLOCKED_OPEN_TRADE
IDEA_1659686100000,1659705300000,1659702600000,1659705600000,5,True,True,True,True,REFERENCE_ALREADY_CAPTURES
IDEA_1659688200000,1660107300000,1660106100000,1660107600000,0,True,True,True,True,REFERENCE_ALREADY_CAPTURES
IDEA_1660909200000,1660937400000,1660937100000,1660937700000,5,True,True,False,True,BLOCKED_OPEN_TRADE
IDEA_1660909200000,1661120100000,1661119200000,1661120400000,0,True,True,False,True,BLOCKED_OPEN_TRADE
IDEA_1660909200000,1661126700000,1661125800000,1661127000000,0,True,True,False,True,BLOCKED_OPEN_TRADE
IDEA_1660909200000,1661128500000,1661127900000,1661128800000,0,True,True,False,True,BLOCKED_OPEN_TRADE
IDEA_1660909200000,1661143200000,1661141400000,1661143500000,5,True,True,False,True,BLOCKED_OPEN_TRADE
IDEA_1660909200000,1661149200000,1661148000000,1661149500000,4,True,True,False,True,BLOCKED_OPEN_TRADE
IDEA_1660920300000,1661158500000,1661158200000,1661158800000,0,True,True,True,True,REFERENCE_ALREADY_CAPTURES
IDEA_1660909200000,1661161200000,1661160000000,1661161500000,0,True,True,False,True,BLOCKED_OPEN_TRADE
IDEA_1660909200000,1661169000000,1661168400000,1661169300000,0,True,True,False,True,BLOCKED_OPEN_TRADE
IDEA_1660909200000,1661170200000,1661169600000,1661170500000,0,True,True,True,True,REFERENCE_ALREADY_CAPTURES
IDEA_1661158500000,1661172600000,1661170800000,1661172900000,0,True,True,False,True,BLOCKED_OPEN_TRADE
IDEA_1661158500000,1661258100000,1661257200000,1661258400000,4,True,True,True,True,REFERENCE_ALREADY_CAPTURES
IDEA_1661479500000,1661514600000,1661511000000,1661514900000,0,True,True,True,True,REFERENCE_ALREADY_CAPTURES
IDEA_1661527500000,1661738700000,1661736900000,1661739000000,0,True,True,True,True,REFERENCE_ALREADY_CAPTURES
IDEA_1661738700000,1661940300000,1661937600000,1661940600000,0,False,True,False,False,PERMISSION_REJECT
IDEA_1661738700000,1661943000000,1661942400000,1661943300000,0,True,True,True,True,REFERENCE_ALREADY_CAPTURES
IDEA_1662021900000,1662039900000,1662039300000,1662040200000,4,True,True,False,True,BLOCKED_OPEN_TRADE
IDEA_1662021900000,1662042300000,1662040800000,1662042600000,4,True,True,False,True,BLOCKED_OPEN_TRADE
IDEA_1662021900000,1662043800000,1662043200000,1662044100000,0,True,True,True,True,REFERENCE_ALREADY_CAPTURES
IDEA_1662036600000,1662470100000,1662468300000,1662470400000,5,True,True,True,True,REFERENCE_ALREADY_CAPTURES
IDEA_1662470100000,1662487800000,1662487500000,1662488100000,0,True,True,False,True,BLOCKED_OPEN_TRADE
IDEA_1662470100000,1662489600000,1662489000000,1662489900000,0,True,True,False,True,BLOCKED_OPEN_TRADE
IDEA_1662470100000,1662491400000,1662490500000,1662491700000,0,True,True,False,True,BLOCKED_OPEN_TRADE
IDEA_1662470100000,1662495300000,1662494100000,1662495600000,0,True,True,False,True,BLOCKED_OPEN_TRADE
IDEA_1662470100000,1662511200000,1662509700000,1662511500000,5,True,True,True,True,REFERENCE_ALREADY_CAPTURES
IDEA_1662484500000,1662521100000,1662520800000,1662521400000,0,True,True,False,True,BLOCKED_OPEN_TRADE
IDEA_1662484500000,1662525000000,1662524100000,1662525300000,0,True,True,False,True,BLOCKED_OPEN_TRADE
IDEA_1662484500000,1662643200000,1662642300000,1662643500000,5,True,True,True,True,REFERENCE_ALREADY_CAPTURES
IDEA_1662643200000,1662732000000,1662731700000,1662732300000,0,True,True,True,True,REFERENCE_ALREADY_CAPTURES
IDEA_1663033500000,1663175400000,1663175100000,1663175700000,5,False,True,False,True,PERMISSION_REJECT
IDEA_1663033500000,1663176900000,1663176300000,1663177200000,5,False,True,False,True,PERMISSION_REJECT
IDEA_1663033500000,1663183500000,1663181400000,1663183800000,0,False,True,False,True,PERMISSION_REJECT
IDEA_1663033500000,1663184400000,1663183800000,1663184700000,0,False,True,False,True,PERMISSION_REJECT
IDEA_1663075200000,1663218300000,1663216200000,1663218600000,0,False,True,False,False,PERMISSION_REJECT
IDEA_1663075200000,1663226400000,1663224300000,1663226700000,0,False,True,False,False,PERMISSION_REJECT
IDEA_1663075200000,1663241700000,1663239900000,1663242000000,4,False,True,False,False,PERMISSION_REJECT
IDEA_1663075200000,1663245600000,1663243800000,1663245900000,4,False,True,False,False,PERMISSION_REJECT
IDEA_1663075200000,1663249500000,1663248600000,1663249800000,4,True,True,True,True,REFERENCE_ALREADY_CAPTURES
IDEA_1663033500000,1663255500000,1663253100000,1663255800000,0,True,True,True,True,REFERENCE_ALREADY_CAPTURES
IDEA_1663249500000,1663258800000,1663257900000,1663259100000,0,False,True,False,True,PERMISSION_REJECT
IDEA_1663249500000,1663311300000,1663309800000,1663311600000,5,False,True,False,True,PERMISSION_REJECT
IDEA_1663249500000,1663316400000,1663314000000,1663316700000,0,True,True,True,True,REFERENCE_ALREADY_CAPTURES
IDEA_1663255500000,1663568400000,1663566600000,1663568700000,0,True,True,True,True,REFERENCE_ALREADY_CAPTURES
IDEA_1663568400000,1663662600000,1663661400000,1663662900000,5,False,True,False,False,PERMISSION_REJECT
IDEA_1663568400000,1663666200000,1663665000000,1663666500000,0,False,True,False,False,PERMISSION_REJECT
IDEA_1663568400000,1663667700000,1663666800000,1663668000000,4,True,True,True,True,REFERENCE_ALREADY_CAPTURES
IDEA_1663667700000,1663784100000,1663783200000,1663784400000,0,False,True,False,False,PERMISSION_REJECT
IDEA_1663667700000,1663917600000,1663917300000,1663917900000,5,False,True,False,False,PERMISSION_REJECT
IDEA_1663667700000,1663926900000,1663926600000,1663927200000,0,False,True,False,False,PERMISSION_REJECT
IDEA_1663667700000,1663932300000,1663929900000,1663932600000,0,False,True,False,False,PERMISSION_REJECT
IDEA_1664429100000,1664432400000,1664432100000,1664432700000,0,True,True,False,True,BLOCKED_OPEN_TRADE
IDEA_1664429100000,1664438100000,1664436600000,1664438400000,0,True,True,False,True,BLOCKED_OPEN_TRADE
IDEA_1664429100000,1664560500000,1664559900000,1664560800000,4,True,True,True,True,REFERENCE_ALREADY_CAPTURES
IDEA_1664946000000,1664964000000,1664962800000,1664964300000,5,False,True,False,False,PERMISSION_REJECT
IDEA_1664946000000,1664965500000,1664964600000,1664965800000,0,False,True,False,False,PERMISSION_REJECT
IDEA_1664946000000,1664972400000,1664969700000,1664972700000,0,False,True,False,False,PERMISSION_REJECT
IDEA_1664946000000,1665047100000,1665046500000,1665047400000,5,False,True,False,False,PERMISSION_REJECT
IDEA_1664946000000,1665052200000,1665051900000,1665052500000,0,False,True,False,False,PERMISSION_REJECT
IDEA_1664946000000,1665054000000,1665053100000,1665054300000,0,False,True,False,False,PERMISSION_REJECT
IDEA_1664946000000,1665055800000,1665055200000,1665056100000,0,False,True,False,False,PERMISSION_REJECT
IDEA_1664946000000,1665061800000,1665061500000,1665062100000,5,False,True,False,False,PERMISSION_REJECT
IDEA_1664946000000,1665064500000,1665064200000,1665064800000,4,False,True,False,False,PERMISSION_REJECT
IDEA_1664946000000,1665067500000,1665065100000,1665067800000,4,False,True,False,False,PERMISSION_REJECT
IDEA_1664946000000,1665072900000,1665071700000,1665073200000,5,False,True,False,False,PERMISSION_REJECT
IDEA_1664946000000,1665138900000,1665138000000,1665139200000,5,False,True,False,False,PERMISSION_REJECT
IDEA_1664946000000,1665147300000,1665145800000,1665147600000,0,False,True,False,False,PERMISSION_REJECT
IDEA_1664946000000,1665376800000,1665375600000,1665377100000,0,False,True,False,False,PERMISSION_REJECT
IDEA_1664946000000,1665383700000,1665383400000,1665384000000,0,False,True,False,False,PERMISSION_REJECT
IDEA_1666199700000,1666294800000,1666293600000,1666295100000,0,True,True,True,True,REFERENCE_ALREADY_CAPTURES
IDEA_1666294800000,1666342800000,1666341600000,1666343100000,4,True,True,True,True,REFERENCE_ALREADY_CAPTURES
IDEA_1666596600000,1666621800000,1666621200000,1666622100000,4,True,True,False,True,BLOCKED_OPEN_TRADE
IDEA_1666596600000,1666684800000,1666682700000,1666685100000,5,True,True,False,True,BLOCKED_OPEN_TRADE
IDEA_1666596600000,1666689600000,1666687800000,1666689900000,0,True,True,False,True,BLOCKED_OPEN_TRADE
IDEA_1666601100000,1666854300000,1666852800000,1666854600000,5,True,True,True,True,REFERENCE_ALREADY_CAPTURES
IDEA_1666854300000,1666943400000,1666939800000,1666943700000,0,False,True,False,False,PERMISSION_REJECT
IDEA_1666854300000,1666946700000,1666944000000,1666947000000,0,False,True,False,False,PERMISSION_REJECT
IDEA_1666854300000,1666948800000,1666948500000,1666949100000,0,False,True,False,False,PERMISSION_REJECT
IDEA_1666854300000,1666950300000,1666950000000,1666950600000,0,False,True,False,False,PERMISSION_REJECT
IDEA_1666854300000,1666954200000,1666953900000,1666954500000,0,False,True,False,False,PERMISSION_REJECT
IDEA_1666854300000,1666955400000,1666955100000,1666955700000,0,False,True,False,False,PERMISSION_REJECT
IDEA_1666854300000,1667201700000,1667200800000,1667202000000,4,False,True,False,False,PERMISSION_REJECT
IDEA_1666854300000,1667206500000,1667203200000,1667206800000,0,True,True,True,True,REFERENCE_ALREADY_CAPTURES
IDEA_1667206500000,1667246400000,1667245500000,1667246700000,0,False,True,False,False,PERMISSION_REJECT
IDEA_1667206500000,1667262300000,1667260800000,1667262600000,4,False,True,False,False,PERMISSION_REJECT
IDEA_1667206500000,1667402700000,1667401800000,1667403000000,0,False,True,False,False,PERMISSION_REJECT
IDEA_1667206500000,1667406000000,1667403000000,1667406300000,0,False,True,False,False,PERMISSION_REJECT
IDEA_1667206500000,1667418000000,1667415000000,1667418300000,5,False,True,False,False,PERMISSION_REJECT
IDEA_1667206500000,1667427000000,1667421000000,1667427300000,0,False,True,False,False,PERMISSION_REJECT
IDEA_1667206500000,1667431500000,1667429400000,1667431800000,0,False,True,False,False,PERMISSION_REJECT
IDEA_1667206500000,1667462100000,1667459100000,1667462400000,0,False,True,False,False,PERMISSION_REJECT
IDEA_1667206500000,1667465400000,1667462400000,1667465700000,0,False,True,False,False,PERMISSION_REJECT
IDEA_1667206500000,1667469000000,1667466600000,1667469300000,0,False,True,False,False,PERMISSION_REJECT
IDEA_1667206500000,1667471400000,1667470800000,1667471700000,0,False,True,False,False,PERMISSION_REJECT
IDEA_1667206500000,1667475900000,1667474400000,1667476200000,0,False,True,False,False,PERMISSION_REJECT
IDEA_1669363800000,1669652700000,1669650300000,1669653000000,0,True,True,True,True,REFERENCE_ALREADY_CAPTURES
IDEA_1670810100000,1670862000000,1670861400000,1670862300000,5,True,True,False,True,BLOCKED_OPEN_TRADE
IDEA_1670810100000,1670867100000,1670866200000,1670867400000,0,True,True,False,True,BLOCKED_OPEN_TRADE
IDEA_1670810100000,1670870400000,1670868000000,1670870700000,0,True,True,True,True,REFERENCE_ALREADY_CAPTURES
IDEA_1670860200000,1670872500000,1670871900000,1670872800000,0,True,True,False,True,BLOCKED_OPEN_TRADE
IDEA_1670860200000,1671005400000,1671005100000,1671005700000,4,True,True,True,True,REFERENCE_ALREADY_CAPTURES
IDEA_1671005400000,1671074100000,1671072900000,1671074400000,0,False,True,False,False,PERMISSION_REJECT
IDEA_1671005400000,1671079200000,1671077400000,1671079500000,0,False,True,False,False,PERMISSION_REJECT
IDEA_1671005400000,1671093900000,1671090300000,1671094200000,5,False,True,False,False,PERMISSION_REJECT
IDEA_1671005400000,1671179700000,1671178800000,1671180000000,0,False,True,False,False,PERMISSION_REJECT
IDEA_1671605700000,1671720300000,1671719700000,1671720600000,0,True,True,True,True,REFERENCE_ALREADY_CAPTURES
IDEA_1671720300000,1671735000000,1671733200000,1671735300000,0,True,True,True,True,REFERENCE_ALREADY_CAPTURES
IDEA_1672906800000,1672934400000,1672931100000,1672934700000,0,True,True,True,True,REFERENCE_ALREADY_CAPTURES
IDEA_1672927800000,1673285400000,1673284500000,1673285700000,5,True,True,True,True,REFERENCE_ALREADY_CAPTURES
IDEA_1673859300000,1673983200000,1673982600000,1673983500000,0,False,True,False,False,PERMISSION_REJECT
IDEA_1673859300000,1674013500000,1674012600000,1674013800000,0,True,True,True,True,REFERENCE_ALREADY_CAPTURES
IDEA_1674225600000,1674485400000,1674484800000,1674485700000,5,True,True,True,True,REFERENCE_ALREADY_CAPTURES
IDEA_1674834900000,1675156200000,1675155600000,1675156500000,0,False,True,False,False,PERMISSION_REJECT
IDEA_1674834900000,1675159500000,1675157400000,1675159800000,0,False,True,False,False,PERMISSION_REJECT
IDEA_1674834900000,1675164900000,1675164600000,1675165200000,0,False,True,False,False,PERMISSION_REJECT
IDEA_1674834900000,1675167000000,1675166700000,1675167300000,0,False,True,False,False,PERMISSION_REJECT
IDEA_1674834900000,1675238100000,1675236600000,1675238400000,4,True,True,True,True,REFERENCE_ALREADY_CAPTURES
IDEA_1675238100000,1675346700000,1675344600000,1675347000000,5,True,True,True,True,REFERENCE_ALREADY_CAPTURES
IDEA_1675346700000,1675356900000,1675354800000,1675357200000,0,True,True,False,True,BLOCKED_OPEN_TRADE
IDEA_1675346700000,1675361700000,1675359600000,1675362000000,0,False,True,False,True,PERMISSION_REJECT
IDEA_1675346700000,1675369800000,1675369500000,1675370100000,0,False,True,False,True,PERMISSION_REJECT
IDEA_1675346700000,1675371600000,1675371300000,1675371900000,0,False,True,False,True,PERMISSION_REJECT
IDEA_1675346700000,1675410300000,1675409700000,1675410600000,0,True,True,True,True,REFERENCE_ALREADY_CAPTURES
IDEA_1675350900000,1675420800000,1675419600000,1675421100000,0,True,True,False,True,BLOCKED_OPEN_TRADE
IDEA_1675350900000,1675423200000,1675422900000,1675423500000,0,True,True,False,True,BLOCKED_OPEN_TRADE
IDEA_1675410300000,1675437300000,1675436400000,1675437600000,0,True,True,True,True,REFERENCE_ALREADY_CAPTURES
IDEA_1675350900000,1675442400000,1675440900000,1675442700000,0,True,True,False,True,BLOCKED_OPEN_TRADE
IDEA_1675350900000,1675445100000,1675443900000,1675445400000,0,True,True,False,True,BLOCKED_OPEN_TRADE
IDEA_1675350900000,1675448400000,1675447200000,1675448700000,0,False,True,False,False,PERMISSION_REJECT
IDEA_1675437300000,1675638300000,1675638000000,1675638600000,4,False,True,False,False,PERMISSION_REJECT
IDEA_1675437300000,1675699500000,1675697100000,1675699800000,5,False,True,False,False,PERMISSION_REJECT
IDEA_1675437300000,1675770600000,1675769700000,1675770900000,5,False,True,False,False,PERMISSION_REJECT
IDEA_1675437300000,1675777200000,1675776600000,1675777500000,4,False,True,False,False,PERMISSION_REJECT
IDEA_1675437300000,1675796400000,1675795500000,1675796700000,5,False,True,False,False,PERMISSION_REJECT
IDEA_1675437300000,1675868100000,1675867500000,1675868400000,0,False,True,False,False,PERMISSION_REJECT
IDEA_1676468400000,1676604300000,1676603700000,1676604600000,0,False,True,False,False,PERMISSION_REJECT
IDEA_1676468400000,1676609700000,1676608500000,1676610000000,0,False,True,False,False,PERMISSION_REJECT
IDEA_1676468400000,1676621400000,1676620800000,1676621700000,0,False,True,False,False,PERMISSION_REJECT
IDEA_1676468400000,1676623500000,1676622900000,1676623800000,0,True,True,True,True,REFERENCE_ALREADY_CAPTURES
IDEA_1676916000000,1676963400000,1676962800000,1676963700000,4,True,True,False,True,BLOCKED_OPEN_TRADE
IDEA_1676916000000,1676965800000,1676963700000,1676966100000,0,True,True,True,True,REFERENCE_ALREADY_CAPTURES
IDEA_1676951700000,1676969400000,1676966400000,1676969700000,0,True,True,False,True,BLOCKED_OPEN_TRADE
IDEA_1676951700000,1676982600000,1676981400000,1676982900000,5,True,True,True,True,REFERENCE_ALREADY_CAPTURES
IDEA_1676965800000,1676983500000,1676982900000,1676983800000,0,True,True,False,True,BLOCKED_OPEN_TRADE
IDEA_1676965800000,1677062700000,1677061500000,1677063000000,4,True,True,True,True,REFERENCE_ALREADY_CAPTURES
IDEA_1677078900000,1677096600000,1677095700000,1677096900000,0,False,True,False,False,PERMISSION_REJECT
IDEA_1677078900000,1677111000000,1677110400000,1677111300000,0,False,True,False,False,PERMISSION_REJECT
IDEA_1677078900000,1677113700000,1677113400000,1677114000000,0,False,True,False,False,PERMISSION_REJECT
IDEA_1677078900000,1677160200000,1677159000000,1677160500000,0,False,True,False,False,PERMISSION_REJECT
IDEA_1677078900000,1677246600000,1677243600000,1677246900000,0,True,True,True,True,REFERENCE_ALREADY_CAPTURES
IDEA_1677246600000,1677562800000,1677562500000,1677563100000,4,False,True,False,False,PERMISSION_REJECT
IDEA_1677246600000,1677572400000,1677568800000,1677572700000,0,False,True,False,False,PERMISSION_REJECT
IDEA_1678191000000,1678215900000,1678212600000,1678216200000,0,True,True,True,True,REFERENCE_ALREADY_CAPTURES
IDEA_1678783800000,1678858800000,1678857300000,1678859100000,4,True,True,False,True,BLOCKED_OPEN_TRADE
IDEA_1678783800000,1678862400000,1678861200000,1678862700000,4,True,True,False,True,BLOCKED_OPEN_TRADE
IDEA_1678783800000,1678866000000,1678864800000,1678866300000,0,False,True,False,True,PERMISSION_REJECT
IDEA_1678783800000,1678869300000,1678866300000,1678869600000,0,False,True,False,False,PERMISSION_REJECT
IDEA_1679404500000,1679413200000,1679412300000,1679413500000,0,True,True,False,True,BLOCKED_OPEN_TRADE
IDEA_1679404500000,1679417400000,1679416200000,1679417700000,0,True,True,False,True,BLOCKED_OPEN_TRADE
IDEA_1679408400000,1679425500000,1679423700000,1679425800000,0,True,True,True,True,REFERENCE_ALREADY_CAPTURES
IDEA_1679404500000,1679470800000,1679469900000,1679471100000,4,True,True,False,True,BLOCKED_OPEN_TRADE
IDEA_1679404500000,1679647500000,1679646900000,1679647800000,1,False,True,False,False,STATE_REJECT
IDEA_1679679900000,1679902500000,1679901900000,1679902800000,0,True,True,True,True,REFERENCE_ALREADY_CAPTURES
IDEA_1679902500000,1679915100000,1679913300000,1679915400000,0,True,True,True,True,REFERENCE_ALREADY_CAPTURES
IDEA_1680067200000,1680074100000,1680073200000,1680074400000,0,False,True,False,False,PERMISSION_REJECT
IDEA_1680067200000,1680140700000,1680138000000,1680141000000,0,False,True,False,False,PERMISSION_REJECT
IDEA_1680067200000,1680146100000,1680144600000,1680146400000,0,False,True,False,False,PERMISSION_REJECT
IDEA_1680067200000,1680249900000,1680247500000,1680250200000,5,False,True,False,False,PERMISSION_REJECT
IDEA_1680067200000,1680252600000,1680251700000,1680252900000,4,False,True,False,False,PERMISSION_REJECT
IDEA_1680067200000,1680285600000,1680282900000,1680285900000,0,False,True,False,False,PERMISSION_REJECT
IDEA_1680067200000,1680474300000,1680472800000,1680474600000,0,False,True,False,False,PERMISSION_REJECT
IDEA_1680067200000,1680480300000,1680477600000,1680480600000,0,False,True,False,False,PERMISSION_REJECT
IDEA_1680067200000,1680489900000,1680489600000,1680490200000,0,False,True,False,False,PERMISSION_REJECT
IDEA_1680067200000,1680492000000,1680490200000,1680492300000,0,False,True,False,False,PERMISSION_REJECT
IDEA_1680704100000,1680749400000,1680748200000,1680749700000,0,True,True,True,True,REFERENCE_ALREADY_CAPTURES
IDEA_1680749400000,1681078200000,1681077900000,1681078500000,0,True,True,True,True,REFERENCE_ALREADY_CAPTURES
IDEA_1680790200000,1681089000000,1681086900000,1681089300000,0,True,True,False,True,BLOCKED_OPEN_TRADE
IDEA_1680790200000,1681132200000,1681131600000,1681132500000,0,True,True,True,True,REFERENCE_ALREADY_CAPTURES
IDEA_1681078200000,1681136100000,1681134000000,1681136400000,0,True,True,False,True,BLOCKED_OPEN_TRADE
IDEA_1681078200000,1681138500000,1681137300000,1681138800000,0,True,True,True,True,REFERENCE_ALREADY_CAPTURES
IDEA_1681132200000,1681308000000,1681307100000,1681308300000,5,True,True,True,True,REFERENCE_ALREADY_CAPTURES
IDEA_1681458600000,1681476900000,1681475400000,1681477200000,0,False,True,False,False,PERMISSION_REJECT
IDEA_1681458600000,1681489200000,1681488600000,1681489500000,0,False,True,False,False,PERMISSION_REJECT
IDEA_1681458600000,1681741200000,1681739100000,1681741500000,0,False,True,False,False,PERMISSION_REJECT
IDEA_1681458600000,1681743900000,1681741500000,1681744200000,0,False,True,False,False,PERMISSION_REJECT
IDEA_1681458600000,1681825500000,1681824300000,1681825800000,5,False,True,False,False,PERMISSION_REJECT
IDEA_1681458600000,1681886400000,1681884300000,1681886700000,5,False,True,False,False,PERMISSION_REJECT
IDEA_1681458600000,1681892400000,1681891500000,1681892700000,0,False,True,False,False,PERMISSION_REJECT
IDEA_1681458600000,1681894200000,1681893300000,1681894500000,0,False,True,False,False,PERMISSION_REJECT
IDEA_1681458600000,1681899900000,1681899300000,1681900200000,0,False,True,False,False,PERMISSION_REJECT
IDEA_1683868800000,1684239600000,1684239300000,1684239900000,5,True,True,True,True,REFERENCE_ALREADY_CAPTURES
IDEA_1684318500000,1684394700000,1684392900000,1684395000000,0,True,True,False,True,BLOCKED_OPEN_TRADE
IDEA_1684318500000,1684398300000,1684396500000,1684398600000,0,True,True,False,True,BLOCKED_OPEN_TRADE
IDEA_1684332600000,1684417200000,1684416900000,1684417500000,0,True,True,True,True,REFERENCE_ALREADY_CAPTURES
IDEA_1684318500000,1684423500000,1684420800000,1684423800000,0,True,True,True,True,REFERENCE_ALREADY_CAPTURES
IDEA_1684417200000,1684428600000,1684428000000,1684428900000,0,False,True,False,True,PERMISSION_REJECT
IDEA_1684417200000,1684736100000,1684735500000,1684736400000,0,False,True,False,False,PERMISSION_REJECT
IDEA_1684417200000,1684765800000,1684765200000,1684766100000,0,False,True,False,False,PERMISSION_REJECT
IDEA_1684417200000,1684808400000,1684807200000,1684808700000,0,False,True,False,False,PERMISSION_REJECT
IDEA_1684417200000,1684820700000,1684819800000,1684821000000,0,False,True,False,False,PERMISSION_REJECT
IDEA_1684417200000,1684822200000,1684821900000,1684822500000,4,False,True,False,False,PERMISSION_REJECT
IDEA_1684417200000,1684827000000,1684825800000,1684827300000,5,False,True,False,False,PERMISSION_REJECT
IDEA_1684417200000,1684829400000,1684828800000,1684829700000,0,True,True,True,True,REFERENCE_ALREADY_CAPTURES
IDEA_1684938600000,1684966200000,1684965600000,1684966500000,4,False,True,False,False,PERMISSION_REJECT
IDEA_1684938600000,1684978200000,1684977600000,1684978500000,4,False,True,False,False,PERMISSION_REJECT
IDEA_1684938600000,1684979100000,1684978800000,1684979400000,1,False,True,False,False,STATE_REJECT
IDEA_1684938600000,1684995300000,1684994100000,1684995600000,0,False,True,False,False,PERMISSION_REJECT
IDEA_1684938600000,1685019300000,1685017800000,1685019600000,0,False,True,False,False,PERMISSION_REJECT
IDEA_1684938600000,1685043900000,1685043300000,1685044200000,0,False,True,False,False,PERMISSION_REJECT
IDEA_1684938600000,1685062500000,1685061900000,1685062800000,4,False,True,False,False,PERMISSION_REJECT
IDEA_1684938600000,1685112900000,1685112300000,1685113200000,0,False,True,False,False,PERMISSION_REJECT
IDEA_1684938600000,1685114100000,1685113800000,1685114400000,5,False,True,False,False,PERMISSION_REJECT
IDEA_1685601600000,1685609100000,1685606700000,1685609400000,0,True,True,True,True,REFERENCE_ALREADY_CAPTURES
IDEA_1685942400000,1685965500000,1685964900000,1685965800000,5,True,True,False,True,BLOCKED_OPEN_TRADE
IDEA_1685942400000,1685969100000,1685968500000,1685969400000,4,True,True,False,True,BLOCKED_OPEN_TRADE
IDEA_1685942400000,1686037500000,1686036300000,1686037800000,4,True,True,True,True,REFERENCE_ALREADY_CAPTURES
IDEA_1687157100000,1687173300000,1687171500000,1687173600000,0,True,True,False,True,BLOCKED_OPEN_TRADE
IDEA_1687157100000,1687176300000,1687174500000,1687176600000,0,True,True,False,True,BLOCKED_OPEN_TRADE
IDEA_1687157100000,1687226700000,1687225200000,1687227000000,0,True,True,True,True,REFERENCE_ALREADY_CAPTURES
IDEA_1687226700000,1687270200000,1687269300000,1687270500000,0,True,True,True,True,REFERENCE_ALREADY_CAPTURES
IDEA_1687169400000,1687271700000,1687271400000,1687272000000,0,True,True,False,True,BLOCKED_OPEN_TRADE
IDEA_1687169400000,1687353300000,1687350000000,1687353600000,0,False,True,False,True,PERMISSION_REJECT
IDEA_1687169400000,1687355100000,1687354500000,1687355400000,0,False,True,False,False,PERMISSION_REJECT
IDEA_1687270200000,1687411500000,1687410000000,1687411800000,0,False,True,False,False,PERMISSION_REJECT
IDEA_1687270200000,1687418700000,1687416900000,1687419000000,4,False,True,False,False,PERMISSION_REJECT
IDEA_1687270200000,1687423500000,1687422600000,1687423800000,5,False,True,False,False,PERMISSION_REJECT
IDEA_1687270200000,1687436700000,1687435800000,1687437000000,4,False,True,False,False,PERMISSION_REJECT
IDEA_1687270200000,1687440000000,1687438500000,1687440300000,0,False,True,False,False,PERMISSION_REJECT
IDEA_1687270200000,1687444500000,1687443300000,1687444800000,0,False,True,False,False,PERMISSION_REJECT
IDEA_1687270200000,1687446600000,1687445700000,1687446900000,0,False,True,False,False,PERMISSION_REJECT
IDEA_1687270200000,1687449600000,1687447500000,1687449900000,0,False,True,False,False,PERMISSION_REJECT
IDEA_1687270200000,1687467000000,1687466400000,1687467300000,5,False,True,False,False,PERMISSION_REJECT
IDEA_1687270200000,1687489800000,1687488600000,1687490100000,4,False,True,False,False,PERMISSION_REJECT
IDEA_1687942200000,1688010600000,1688008800000,1688010900000,4,True,True,False,True,BLOCKED_OPEN_TRADE
IDEA_1687942200000,1688020500000,1688019900000,1688020800000,0,True,True,False,True,BLOCKED_OPEN_TRADE
IDEA_1687942200000,1688022600000,1688022300000,1688022900000,0,True,True,False,True,BLOCKED_OPEN_TRADE
IDEA_1687958100000,1688106300000,1688104800000,1688106600000,5,True,True,True,True,REFERENCE_ALREADY_CAPTURES
IDEA_1687942200000,1688112600000,1688111100000,1688112900000,5,True,True,False,True,BLOCKED_OPEN_TRADE
IDEA_1687942200000,1688114700000,1688113200000,1688115000000,5,True,True,True,True,REFERENCE_ALREADY_CAPTURES
IDEA_1688106300000,1688366700000,1688365200000,1688367000000,5,True,True,True,True,REFERENCE_ALREADY_CAPTURES
IDEA_1688366700000,1688523600000,1688521800000,1688523900000,4,True,True,True,True,REFERENCE_ALREADY_CAPTURES
IDEA_1688523600000,1688568900000,1688567700000,1688569200000,4,True,True,True,True,REFERENCE_ALREADY_CAPTURES
IDEA_1688568900000,1688594700000,1688589300000,1688595000000,0,False,True,False,False,PERMISSION_REJECT
IDEA_1688568900000,1688648100000,1688645700000,1688648400000,5,True,True,True,True,REFERENCE_ALREADY_CAPTURES
IDEA_1688966400000,1689228000000,1689227700000,1689228300000,5,True,True,True,True,REFERENCE_ALREADY_CAPTURES
IDEA_1689228000000,1689320700000,1689320100000,1689321000000,0,True,True,False,True,BLOCKED_OPEN_TRADE
IDEA_1689228000000,1689578700000,1689578100000,1689579000000,5,True,True,False,True,BLOCKED_OPEN_TRADE
IDEA_1689228000000,1689599700000,1689597900000,1689600000000,5,True,True,True,True,REFERENCE_ALREADY_CAPTURES
IDEA_1689252900000,1689602100000,1689600900000,1689602400000,4,True,True,False,True,BLOCKED_OPEN_TRADE
IDEA_1689946200000,1690226400000,1690225800000,1690226700000,0,False,True,False,False,PERMISSION_REJECT
IDEA_1689946200000,1690241700000,1690241100000,1690242000000,0,False,True,False,False,PERMISSION_REJECT
IDEA_1689946200000,1690284600000,1690284300000,1690284900000,5,False,True,False,False,PERMISSION_REJECT
IDEA_1689946200000,1690294200000,1690293600000,1690294500000,4,False,True,False,False,PERMISSION_REJECT
IDEA_1692022200000,1692190800000,1692190200000,1692191100000,0,True,True,True,True,REFERENCE_ALREADY_CAPTURES
IDEA_1692190800000,1692209700000,1692208800000,1692210000000,0,False,True,False,False,PERMISSION_REJECT
IDEA_1692190800000,1692223200000,1692219300000,1692223500000,0,False,True,False,False,PERMISSION_REJECT
IDEA_1692190800000,1692233700000,1692233400000,1692234000000,4,False,True,False,False,PERMISSION_REJECT
IDEA_1692190800000,1692234900000,1692234600000,1692235200000,1,False,True,False,False,STATE_REJECT
IDEA_1692190800000,1692236100000,1692235500000,1692236400000,4,False,True,False,False,PERMISSION_REJECT
IDEA_1692190800000,1692292500000,1692290700000,1692292800000,0,False,True,False,False,PERMISSION_REJECT
IDEA_1692190800000,1692294300000,1692293100000,1692294600000,0,False,True,False,False,PERMISSION_REJECT
IDEA_1692190800000,1692362400000,1692362100000,1692362700000,5,False,True,False,False,PERMISSION_REJECT
IDEA_1692190800000,1692380100000,1692379200000,1692380400000,5,False,True,False,False,PERMISSION_REJECT
IDEA_1692190800000,1692583500000,1692581400000,1692583800000,0,False,True,False,False,PERMISSION_REJECT
IDEA_1692946800000,1693226400000,1693225800000,1693226700000,4,True,True,True,True,REFERENCE_ALREADY_CAPTURES
IDEA_1693490400000,1693579200000,1693576800000,1693579500000,5,False,True,False,False,PERMISSION_REJECT
IDEA_1693490400000,1693833000000,1693832400000,1693833300000,0,False,True,False,False,PERMISSION_REJECT
IDEA_1693490400000,1693835100000,1693833600000,1693835400000,0,False,True,False,False,PERMISSION_REJECT
IDEA_1693490400000,1693837800000,1693836000000,1693838100000,0,False,True,False,False,PERMISSION_REJECT
IDEA_1693490400000,1693879500000,1693878300000,1693879800000,0,False,True,False,False,PERMISSION_REJECT
IDEA_1693490400000,1693901400000,1693900800000,1693901700000,5,False,True,False,False,PERMISSION_REJECT
IDEA_1693490400000,1693904100000,1693901700000,1693904400000,0,False,True,False,False,PERMISSION_REJECT
IDEA_1693490400000,1693908900000,1693905600000,1693909200000,0,False,True,False,False,PERMISSION_REJECT
IDEA_1693490400000,1693918200000,1693916100000,1693918500000,0,True,True,True,True,REFERENCE_ALREADY_CAPTURES
IDEA_1693918200000,1693962000000,1693961100000,1693962300000,0,True,True,False,True,BLOCKED_OPEN_TRADE
IDEA_1693918200000,1693965600000,1693963500000,1693965900000,0,False,True,False,True,PERMISSION_REJECT
IDEA_1693918200000,1693987500000,1693984800000,1693987800000,5,False,True,False,True,PERMISSION_REJECT
IDEA_1693918200000,1694007000000,1694005200000,1694007300000,5,True,True,True,True,REFERENCE_ALREADY_CAPTURES
IDEA_1693925400000,1694011800000,1694008800000,1694012100000,5,True,True,True,True,REFERENCE_ALREADY_CAPTURES
IDEA_1694007000000,1694387100000,1694386800000,1694387400000,4,True,True,True,True,REFERENCE_ALREADY_CAPTURES
IDEA_1694445600000,1694521800000,1694520300000,1694522100000,0,True,True,True,True,REFERENCE_ALREADY_CAPTURES
IDEA_1694521800000,1694673000000,1694671800000,1694673300000,0,True,True,True,True,REFERENCE_ALREADY_CAPTURES
IDEA_1694673000000,1694701200000,1694700300000,1694701500000,0,False,True,False,False,PERMISSION_REJECT
IDEA_1694673000000,1695046200000,1695045600000,1695046500000,4,True,True,True,True,REFERENCE_ALREADY_CAPTURES
IDEA_1695711900000,1695735600000,1695735000000,1695735900000,0,True,True,True,True,REFERENCE_ALREADY_CAPTURES
IDEA_1695735600000,1695744600000,1695744300000,1695744900000,0,True,True,True,True,REFERENCE_ALREADY_CAPTURES
IDEA_1695744600000,1695792600000,1695791400000,1695792900000,0,False,True,False,False,PERMISSION_REJECT
IDEA_1695744600000,1695803400000,1695802800000,1695803700000,0,False,True,False,False,PERMISSION_REJECT
IDEA_1695744600000,1695808200000,1695807000000,1695808500000,0,True,True,True,True,REFERENCE_ALREADY_CAPTURES
IDEA_1695818100000,1695828600000,1695826200000,1695828900000,0,True,True,True,True,REFERENCE_ALREADY_CAPTURES
IDEA_1695808200000,1695834000000,1695830400000,1695834300000,0,True,True,True,True,REFERENCE_ALREADY_CAPTURES
IDEA_1695828600000,1695836400000,1695834900000,1695836700000,0,False,True,False,True,PERMISSION_REJECT
IDEA_1695828600000,1695838500000,1695838200000,1695838800000,0,False,True,False,True,PERMISSION_REJECT
IDEA_1695828600000,1695906000000,1695905100000,1695906300000,0,False,True,False,False,PERMISSION_REJECT
IDEA_1695834000000,1695909600000,1695908700000,1695909900000,4,True,True,True,True,REFERENCE_ALREADY_CAPTURES
IDEA_1695828600000,1695914700000,1695911400000,1695915000000,0,True,True,True,True,REFERENCE_ALREADY_CAPTURES
IDEA_1695909600000,1696002300000,1696000200000,1696002600000,0,False,True,False,False,PERMISSION_REJECT
IDEA_1695909600000,1696008900000,1696006800000,1696009200000,0,False,True,False,False,PERMISSION_REJECT
IDEA_1695909600000,1696013100000,1696010400000,1696013400000,0,False,True,False,False,PERMISSION_REJECT
IDEA_1695909600000,1696200600000,1696200000000,1696200900000,0,False,True,False,False,PERMISSION_REJECT
IDEA_1695909600000,1696208400000,1696207800000,1696208700000,0,False,True,False,False,PERMISSION_REJECT
IDEA_1695909600000,1696214400000,1696211100000,1696214700000,0,False,True,False,False,PERMISSION_REJECT
IDEA_1695909600000,1696220100000,1696218600000,1696220400000,4,False,True,False,False,PERMISSION_REJECT
IDEA_1695909600000,1696223100000,1696221900000,1696223400000,0,False,True,False,False,PERMISSION_REJECT
IDEA_1695909600000,1696226400000,1696224900000,1696226700000,0,True,True,True,True,REFERENCE_ALREADY_CAPTURES
IDEA_1696226400000,1696256400000,1696255800000,1696256700000,0,True,True,False,True,BLOCKED_OPEN_TRADE
IDEA_1696239600000,1696289400000,1696287600000,1696289700000,0,True,True,True,True,REFERENCE_ALREADY_CAPTURES
IDEA_1696226400000,1696301100000,1696299000000,1696301400000,0,True,True,True,True,REFERENCE_ALREADY_CAPTURES
IDEA_1696289400000,1696402200000,1696399500000,1696402500000,4,True,True,False,True,BLOCKED_OPEN_TRADE
IDEA_1696289400000,1696445400000,1696444800000,1696445700000,0,False,True,False,True,PERMISSION_REJECT
IDEA_1697119200000,1697134200000,1697133900000,1697134500000,0,False,True,False,True,PERMISSION_REJECT
IDEA_1697119200000,1697440200000,1697439300000,1697440500000,0,False,True,False,False,PERMISSION_REJECT
IDEA_1697119200000,1697507100000,1697506500000,1697507400000,0,False,True,False,False,PERMISSION_REJECT
IDEA_1697119200000,1697510400000,1697508900000,1697510700000,4,True,True,True,True,REFERENCE_ALREADY_CAPTURES
IDEA_1698012600000,1698247800000,1698246000000,1698248100000,4,False,True,False,False,PERMISSION_REJECT
IDEA_1698811200000,1698934800000,1698932700000,1698935100000,5,True,True,True,True,REFERENCE_ALREADY_CAPTURES
IDEA_1699242300000,1699316700000,1699316400000,1699317000000,0,True,True,True,True,REFERENCE_ALREADY_CAPTURES
IDEA_1699316700000,1699329900000,1699329600000,1699330200000,0,True,True,False,True,BLOCKED_OPEN_TRADE
IDEA_1699316700000,1699342200000,1699340400000,1699342500000,0,True,True,True,True,REFERENCE_ALREADY_CAPTURES
IDEA_1699326600000,1699348500000,1699347000000,1699348800000,0,True,True,True,True,REFERENCE_ALREADY_CAPTURES
IDEA_1699342200000,1699353000000,1699352100000,1699353300000,0,True,True,False,True,BLOCKED_OPEN_TRADE
IDEA_1699342200000,1699359300000,1699356900000,1699359600000,0,True,True,True,True,REFERENCE_ALREADY_CAPTURES
IDEA_1699348500000,1699362000000,1699359900000,1699362300000,0,True,True,True,True,REFERENCE_ALREADY_CAPTURES
IDEA_1699359300000,1699363200000,1699362900000,1699363500000,0,True,True,False,True,BLOCKED_OPEN_TRADE
IDEA_1699359300000,1699440600000,1699437600000,1699440900000,5,True,True,True,True,REFERENCE_ALREADY_CAPTURES
IDEA_1699440600000,1699458600000,1699457700000,1699458900000,5,False,True,False,False,PERMISSION_REJECT
IDEA_1699440600000,1699468500000,1699468200000,1699468800000,0,False,True,False,False,PERMISSION_REJECT
IDEA_1699440600000,1699473900000,1699470900000,1699474200000,0,False,True,False,False,PERMISSION_REJECT
IDEA_1699440600000,1699518900000,1699517400000,1699519200000,0,False,True,False,False,PERMISSION_REJECT
IDEA_1699440600000,1699601700000,1699599900000,1699602000000,4,False,True,False,False,PERMISSION_REJECT
IDEA_1699440600000,1699607700000,1699607400000,1699608000000,0,False,True,False,False,PERMISSION_REJECT
IDEA_1699440600000,1699609200000,1699608900000,1699609500000,0,False,True,False,False,PERMISSION_REJECT
IDEA_1699440600000,1699618200000,1699614900000,1699618500000,0,False,True,False,False,PERMISSION_REJECT
IDEA_1699440600000,1699620600000,1699619100000,1699620900000,0,False,True,False,False,PERMISSION_REJECT
IDEA_1699440600000,1699624200000,1699622400000,1699624500000,0,False,True,False,False,PERMISSION_REJECT
IDEA_1699440600000,1699628700000,1699627800000,1699629000000,0,False,True,False,False,PERMISSION_REJECT
IDEA_1699440600000,1699631700000,1699631100000,1699632000000,0,False,True,False,False,PERMISSION_REJECT
IDEA_1699440600000,1699634400000,1699632900000,1699634700000,0,False,True,False,False,PERMISSION_REJECT
IDEA_1699440600000,1699641600000,1699638000000,1699641900000,0,False,True,False,False,PERMISSION_REJECT
IDEA_1700484300000,1700490900000,1700490600000,1700491200000,0,True,True,False,True,BLOCKED_OPEN_TRADE
IDEA_1700484300000,1700667300000,1700665500000,1700667600000,5,True,True,True,True,REFERENCE_ALREADY_CAPTURES
IDEA_1702045800000,1702282800000,1702281300000,1702283100000,0,True,True,False,True,BLOCKED_OPEN_TRADE
IDEA_1702045800000,1702291500000,1702290900000,1702291800000,0,True,True,False,True,BLOCKED_OPEN_TRADE
IDEA_1702045800000,1702302900000,1702302600000,1702303200000,4,True,True,False,True,BLOCKED_OPEN_TRADE
IDEA_1702056300000,1702309500000,1702308300000,1702309800000,0,True,True,True,True,REFERENCE_ALREADY_CAPTURES
IDEA_1702045800000,1702312200000,1702311900000,1702312500000,0,True,True,False,True,BLOCKED_OPEN_TRADE
IDEA_1702045800000,1702316400000,1702314600000,1702316700000,0,True,True,False,True,BLOCKED_OPEN_TRADE
IDEA_1702045800000,1702317600000,1702317000000,1702317900000,0,True,True,False,True,BLOCKED_OPEN_TRADE
IDEA_1702045800000,1702319100000,1702318500000,1702319400000,0,True,True,True,True,REFERENCE_ALREADY_CAPTURES
IDEA_1702309500000,1702392000000,1702391400000,1702392300000,4,True,True,True,True,REFERENCE_ALREADY_CAPTURES
IDEA_1702392000000,1702451100000,1702450500000,1702451400000,0,True,True,False,True,BLOCKED_OPEN_TRADE
IDEA_1702392000000,1702561200000,1702560600000,1702561500000,4,True,True,True,True,REFERENCE_ALREADY_CAPTURES
IDEA_1702561200000,1702667700000,1702666500000,1702668000000,0,True,True,False,True,BLOCKED_OPEN_TRADE
IDEA_1702561200000,1702669500000,1702668300000,1702669800000,0,True,True,True,True,REFERENCE_ALREADY_CAPTURES
IDEA_1702665300000,1703068500000,1703067900000,1703068800000,5,True,True,True,True,REFERENCE_ALREADY_CAPTURES
IDEA_1703068500000,1703079900000,1703079300000,1703080200000,0,True,True,True,True,REFERENCE_ALREADY_CAPTURES
IDEA_1704207000000,1704273900000,1704273000000,1704274200000,0,False,True,False,True,PERMISSION_REJECT
IDEA_1704207000000,1704277800000,1704277200000,1704278100000,0,False,True,False,True,PERMISSION_REJECT
IDEA_1704211500000,1704285000000,1704284700000,1704285300000,0,False,True,False,False,PERMISSION_REJECT
IDEA_1704211500000,1704288900000,1704288300000,1704289200000,0,False,True,False,False,PERMISSION_REJECT
IDEA_1704211500000,1704291900000,1704289500000,1704292200000,0,False,True,False,False,PERMISSION_REJECT
IDEA_1704211500000,1704293100000,1704292500000,1704293400000,0,False,True,False,False,PERMISSION_REJECT
IDEA_1704211500000,1704301800000,1704301200000,1704302100000,0,False,True,False,False,PERMISSION_REJECT
IDEA_1704211500000,1704304500000,1704303600000,1704304800000,0,False,True,False,False,PERMISSION_REJECT
IDEA_1704211500000,1704375900000,1704375600000,1704376200000,5,False,True,False,False,PERMISSION_REJECT
IDEA_1704211500000,1704377400000,1704377100000,1704377700000,5,False,True,False,False,PERMISSION_REJECT
IDEA_1704211500000,1704380100000,1704379500000,1704380400000,0,False,True,False,False,PERMISSION_REJECT
IDEA_1704211500000,1704449400000,1704448200000,1704449700000,5,False,True,False,False,PERMISSION_REJECT
IDEA_1704211500000,1704450600000,1704450000000,1704450900000,0,False,True,False,False,PERMISSION_REJECT
IDEA_1704211500000,1704454200000,1704453900000,1704454500000,0,False,True,False,False,PERMISSION_REJECT
IDEA_1704211500000,1704462600000,1704461400000,1704462900000,4,True,False,False,False,GEOMETRY_REJECT
IDEA_1704686400000,1704706200000,1704705300000,1704706500000,0,False,True,False,False,PERMISSION_REJECT
IDEA_1704686400000,1704717900000,1704717000000,1704718200000,0,False,True,False,False,PERMISSION_REJECT
IDEA_1704686400000,1704817200000,1704815700000,1704817500000,5,False,True,False,False,PERMISSION_REJECT
IDEA_1704686400000,1704822300000,1704821400000,1704822600000,1,False,True,False,False,STATE_REJECT
IDEA_1704686400000,1704867300000,1704865500000,1704867600000,5,False,True,False,False,PERMISSION_REJECT
IDEA_1704686400000,1704870000000,1704869400000,1704870300000,0,False,True,False,False,PERMISSION_REJECT
IDEA_1704686400000,1704914700000,1704913500000,1704915000000,0,False,True,False,False,PERMISSION_REJECT
IDEA_1705332300000,1705397400000,1705395900000,1705397700000,0,True,True,True,True,REFERENCE_ALREADY_CAPTURES
IDEA_1705394700000,1705405800000,1705405500000,1705406100000,0,True,True,False,True,BLOCKED_OPEN_TRADE
IDEA_1705394700000,1705407900000,1705407000000,1705408200000,0,True,True,False,True,BLOCKED_OPEN_TRADE
IDEA_1705394700000,1705411800000,1705410600000,1705412100000,0,True,True,True,True,REFERENCE_ALREADY_CAPTURES
IDEA_1705397400000,1705429200000,1705427700000,1705429500000,0,True,True,True,True,REFERENCE_ALREADY_CAPTURES
IDEA_1705429200000,1705473000000,1705471200000,1705473300000,0,True,True,False,True,BLOCKED_OPEN_TRADE
IDEA_1705429200000,1705501500000,1705500600000,1705501800000,4,True,True,False,True,BLOCKED_OPEN_TRADE
IDEA_1705429200000,1705505700000,1705503300000,1705506000000,5,False,True,False,False,PERMISSION_REJECT
IDEA_1705469100000,1705512900000,1705509900000,1705513200000,0,False,True,False,False,PERMISSION_REJECT
IDEA_1705469100000,1705515900000,1705515300000,1705516200000,0,False,True,False,False,PERMISSION_REJECT
IDEA_1705469100000,1705517400000,1705516200000,1705517700000,0,False,True,False,False,PERMISSION_REJECT
IDEA_1705469100000,1705901400000,1705900500000,1705901700000,5,False,True,False,False,PERMISSION_REJECT
IDEA_1705469100000,1705904400000,1705903800000,1705904700000,0,False,True,False,False,PERMISSION_REJECT
IDEA_1705469100000,1705907400000,1705906800000,1705907700000,0,True,True,True,True,REFERENCE_ALREADY_CAPTURES
IDEA_1707122100000,1707210300000,1707209700000,1707210600000,5,True,True,False,True,BLOCKED_OPEN_TRADE
IDEA_1707122100000,1707216300000,1707216000000,1707216600000,4,True,True,False,True,BLOCKED_OPEN_TRADE
IDEA_1707122100000,1707295200000,1707294600000,1707295500000,4,True,True,True,True,REFERENCE_ALREADY_CAPTURES
IDEA_1707365100000,1707398100000,1707395700000,1707398400000,0,False,True,False,False,PERMISSION_REJECT
IDEA_1707365100000,1707401100000,1707399000000,1707401400000,0,False,True,False,False,PERMISSION_REJECT
IDEA_1707365100000,1707466800000,1707466500000,1707467100000,5,True,True,True,True,REFERENCE_ALREADY_CAPTURES
IDEA_1707466800000,1707487500000,1707487200000,1707487800000,0,True,True,True,True,REFERENCE_ALREADY_CAPTURES
IDEA_1707487500000,1707495300000,1707493500000,1707495600000,0,True,True,False,True,BLOCKED_OPEN_TRADE
IDEA_1707487500000,1707734100000,1707730800000,1707734400000,0,True,True,False,True,BLOCKED_OPEN_TRADE
IDEA_1707487500000,1707748500000,1707745500000,1707748800000,5,True,True,True,True,REFERENCE_ALREADY_CAPTURES
IDEA_1707492600000,1707753900000,1707752100000,1707754200000,0,True,True,False,True,BLOCKED_OPEN_TRADE
IDEA_1707492600000,1707833700000,1707831000000,1707834000000,5,True,True,True,True,REFERENCE_ALREADY_CAPTURES
IDEA_1707833700000,1707874800000,1707873300000,1707875100000,4,True,True,False,True,BLOCKED_OPEN_TRADE
IDEA_1707833700000,1707899700000,1707897900000,1707900000000,0,True,True,False,True,BLOCKED_OPEN_TRADE
IDEA_1707833700000,1707924000000,1707922800000,1707924300000,0,True,True,True,True,REFERENCE_ALREADY_CAPTURES
IDEA_1707837300000,1708091100000,1708090200000,1708091400000,5,True,True,True,True,REFERENCE_ALREADY_CAPTURES
IDEA_1708474800000,1708609200000,1708608000000,1708609500000,4,True,True,True,True,REFERENCE_ALREADY_CAPTURES
IDEA_1708609200000,1708626600000,1708626000000,1708626900000,4,False,True,False,False,PERMISSION_REJECT
IDEA_1708609200000,1708670400000,1708669500000,1708670700000,5,False,True,False,False,PERMISSION_REJECT
IDEA_1708609200000,1708682400000,1708679700000,1708682700000,0,False,True,False,False,PERMISSION_REJECT
IDEA_1708609200000,1708958100000,1708956600000,1708958400000,5,False,True,False,False,PERMISSION_REJECT
IDEA_1708609200000,1708960800000,1708960500000,1708961100000,0,False,True,False,False,PERMISSION_REJECT
IDEA_1708609200000,1708962000000,1708961400000,1708962300000,4,False,True,False,False,PERMISSION_REJECT
IDEA_1708609200000,1709051100000,1709050500000,1709051400000,4,False,True,False,False,PERMISSION_REJECT
IDEA_1713526500000,1713785700000,1713783900000,1713786000000,5,True,True,True,True,REFERENCE_ALREADY_CAPTURES
IDEA_1713785700000,1713805200000,1713802800000,1713805500000,0,True,True,False,True,BLOCKED_OPEN_TRADE
IDEA_1713785700000,1713810600000,1713809100000,1713810900000,0,True,True,False,True,BLOCKED_OPEN_TRADE
IDEA_1713785700000,1713837900000,1713836100000,1713838200000,0,True,True,True,True,REFERENCE_ALREADY_CAPTURES
IDEA_1713793200000,1713864900000,1713863700000,1713865200000,5,True,True,False,True,BLOCKED_OPEN_TRADE
IDEA_1713793200000,1713951900000,1713950100000,1713952200000,0,True,True,True,True,REFERENCE_ALREADY_CAPTURES
IDEA_1714353600000,1714467600000,1714464900000,1714467900000,0,True,True,False,True,BLOCKED_OPEN_TRADE
IDEA_1714353600000,1714477800000,1714477500000,1714478100000,0,True,True,True,True,REFERENCE_ALREADY_CAPTURES
IDEA_1714477800000,1714486500000,1714485900000,1714486800000,0,True,True,True,True,REFERENCE_ALREADY_CAPTURES
IDEA_1714463400000,1714488300000,1714487400000,1714488600000,0,True,True,False,True,BLOCKED_OPEN_TRADE
IDEA_1714463400000,1714498500000,1714497900000,1714498800000,0,True,True,True,True,REFERENCE_ALREADY_CAPTURES
IDEA_1714486500000,1714505100000,1714502700000,1714505400000,0,True,True,False,True,BLOCKED_OPEN_TRADE
IDEA_1714486500000,1714533900000,1714533600000,1714534200000,4,True,True,False,True,BLOCKED_OPEN_TRADE
IDEA_1714486500000,1714537500000,1714535400000,1714537800000,0,True,True,True,True,REFERENCE_ALREADY_CAPTURES
IDEA_1714498500000,1714641000000,1714640100000,1714641300000,0,True,True,True,True,REFERENCE_ALREADY_CAPTURES
IDEA_1714641000000,1714658100000,1714657800000,1714658400000,0,False,True,False,False,PERMISSION_REJECT
IDEA_1714641000000,1714720800000,1714719300000,1714721100000,4,False,True,False,False,PERMISSION_REJECT
IDEA_1714641000000,1714735200000,1714734600000,1714735500000,0,True,True,True,True,REFERENCE_ALREADY_CAPTURES
IDEA_1715066700000,1715076300000,1715074200000,1715076600000,0,True,True,True,True,REFERENCE_ALREADY_CAPTURES
IDEA_1715076300000,1715241600000,1715240700000,1715241900000,5,True,True,False,True,BLOCKED_OPEN_TRADE
IDEA_1715564700000,1715586600000,1715586000000,1715586900000,0,True,True,True,True,REFERENCE_ALREADY_CAPTURES
IDEA_1715586600000,1715594400000,1715592000000,1715594700000,0,True,True,False,True,BLOCKED_OPEN_TRADE
IDEA_1715586600000,1715599200000,1715598600000,1715599500000,0,True,True,False,True,BLOCKED_OPEN_TRADE
IDEA_1715586600000,1715615400000,1715612400000,1715615700000,5,True,True,True,True,REFERENCE_ALREADY_CAPTURES
IDEA_1715590800000,1715781900000,1715781000000,1715782200000,5,True,True,True,True,REFERENCE_ALREADY_CAPTURES
IDEA_1715856300000,1715867100000,1715866800000,1715867400000,0,False,True,False,False,PERMISSION_REJECT
IDEA_1715856300000,1715871600000,1715871000000,1715871900000,0,False,True,False,False,PERMISSION_REJECT
IDEA_1715856300000,1716208200000,1716207600000,1716208500000,5,False,True,False,False,PERMISSION_REJECT
IDEA_1715856300000,1716210000000,1716208800000,1716210300000,0,False,True,False,False,PERMISSION_REJECT
IDEA_1715856300000,1716262500000,1716261600000,1716262800000,0,False,True,False,False,PERMISSION_REJECT
IDEA_1716964800000,1716975600000,1716972600000,1716975900000,0,False,True,False,False,PERMISSION_REJECT
IDEA_1716964800000,1716987900000,1716987000000,1716988200000,0,False,True,False,False,PERMISSION_REJECT
IDEA_1716964800000,1717034700000,1717033200000,1717035000000,4,True,True,True,True,REFERENCE_ALREADY_CAPTURES
IDEA_1717034700000,1717125600000,1717124400000,1717125900000,5,True,True,True,True,REFERENCE_ALREADY_CAPTURES
IDEA_1718983500000,1719335700000,1719333300000,1719336000000,0,False,True,False,False,PERMISSION_REJECT
IDEA_1718983500000,1719367200000,1719365700000,1719367500000,0,False,True,False,False,PERMISSION_REJECT
IDEA_1718983500000,1719383100000,1719381600000,1719383400000,4,False,True,False,False,PERMISSION_REJECT
IDEA_1718983500000,1719397800000,1719397200000,1719398100000,5,False,True,False,False,PERMISSION_REJECT
IDEA_1718983500000,1719401400000,1719399600000,1719401700000,0,False,True,False,False,PERMISSION_REJECT
IDEA_1718983500000,1719409800000,1719407400000,1719410100000,5,False,True,False,False,PERMISSION_REJECT
IDEA_1720422600000,1720432500000,1720431300000,1720432800000,0,True,True,False,True,BLOCKED_OPEN_TRADE
IDEA_1720422600000,1720455000000,1720452600000,1720455300000,0,True,True,True,True,REFERENCE_ALREADY_CAPTURES
IDEA_1720429800000,1720525800000,1720525200000,1720526100000,5,True,True,False,True,BLOCKED_OPEN_TRADE
IDEA_1720429800000,1720529100000,1720527900000,1720529400000,4,True,True,False,True,BLOCKED_OPEN_TRADE
IDEA_1720429800000,1720539000000,1720536900000,1720539300000,5,True,True,False,True,BLOCKED_OPEN_TRADE
IDEA_1720761900000,1720780200000,1720779900000,1720780500000,5,False,True,False,False,PERMISSION_REJECT
IDEA_1720761900000,1720782600000,1720781100000,1720782900000,4,False,True,False,False,PERMISSION_REJECT
IDEA_1720761900000,1720788300000,1720787400000,1720788600000,5,False,True,False,False,PERMISSION_REJECT
IDEA_1720761900000,1721028300000,1721024700000,1721028600000,4,True,True,True,True,REFERENCE_ALREADY_CAPTURES
IDEA_1721229600000,1721348700000,1721347200000,1721349000000,0,False,True,False,False,PERMISSION_REJECT
IDEA_1721229600000,1721352900000,1721351400000,1721353200000,0,True,True,True,True,REFERENCE_ALREADY_CAPTURES
IDEA_1721352900000,1721388300000,1721386800000,1721388600000,0,True,True,False,True,BLOCKED_OPEN_TRADE
IDEA_1721352900000,1721391300000,1721389800000,1721391600000,0,True,True,True,True,REFERENCE_ALREADY_CAPTURES
IDEA_1721375400000,1721395800000,1721392200000,1721396100000,0,True,True,True,True,REFERENCE_ALREADY_CAPTURES
IDEA_1721391300000,1721401200000,1721400600000,1721401500000,0,True,True,False,True,BLOCKED_OPEN_TRADE
IDEA_1721391300000,1721650800000,1721649000000,1721651100000,5,True,True,False,True,BLOCKED_OPEN_TRADE
IDEA_1721391300000,1721653200000,1721651400000,1721653500000,0,False,True,False,True,PERMISSION_REJECT
IDEA_1721391300000,1721657400000,1721655900000,1721657700000,4,False,True,False,True,PERMISSION_REJECT
IDEA_1721391300000,1721659200000,1721658300000,1721659500000,0,False,True,False,False,PERMISSION_REJECT
IDEA_1721395800000,1721663100000,1721662800000,1721663400000,0,False,True,False,False,PERMISSION_REJECT
IDEA_1721909700000,1722255300000,1722254100000,1722255600000,4,True,True,True,True,REFERENCE_ALREADY_CAPTURES
IDEA_1722255300000,1722506100000,1722505800000,1722506400000,0,True,True,True,True,REFERENCE_ALREADY_CAPTURES
IDEA_1723642500000,1723727700000,1723726500000,1723728000000,5,True,True,True,True,REFERENCE_ALREADY_CAPTURES
IDEA_1724229900000,1724249400000,1724248800000,1724249700000,4,True,True,False,True,BLOCKED_OPEN_TRADE
IDEA_1724229900000,1724328900000,1724326500000,1724329200000,5,True,True,False,True,BLOCKED_OPEN_TRADE
IDEA_1724229900000,1724330100000,1724329800000,1724330400000,0,True,True,False,True,BLOCKED_OPEN_TRADE
IDEA_1724229900000,1724334600000,1724332800000,1724334900000,5,True,True,True,True,REFERENCE_ALREADY_CAPTURES
IDEA_1724248500000,1724336700000,1724335200000,1724337000000,0,True,True,True,True,REFERENCE_ALREADY_CAPTURES
IDEA_1724334600000,1724730900000,1724730300000,1724731200000,0,True,True,True,True,REFERENCE_ALREADY_CAPTURES
IDEA_1724823300000,1724935800000,1724935200000,1724936100000,5,True,True,True,True,REFERENCE_ALREADY_CAPTURES
IDEA_1724991000000,1725032100000,1725030300000,1725032400000,0,False,True,False,False,PERMISSION_REJECT
IDEA_1724991000000,1725033900000,1725032700000,1725034200000,0,False,True,False,False,PERMISSION_REJECT
IDEA_1724991000000,1725039300000,1725035700000,1725039600000,0,False,True,False,False,PERMISSION_REJECT
IDEA_1724991000000,1725245400000,1725242700000,1725245700000,0,False,True,False,False,PERMISSION_REJECT
IDEA_1724991000000,1725327900000,1725324300000,1725328200000,0,False,True,False,False,PERMISSION_REJECT
IDEA_1724991000000,1725365100000,1725363900000,1725365400000,4,False,True,False,False,PERMISSION_REJECT
IDEA_1724991000000,1725373800000,1725370500000,1725374100000,0,False,True,False,False,PERMISSION_REJECT
IDEA_1724991000000,1725433200000,1725432900000,1725433500000,5,False,True,False,False,PERMISSION_REJECT
IDEA_1724991000000,1725435000000,1725434700000,1725435300000,0,False,True,False,False,PERMISSION_REJECT
IDEA_1724991000000,1725440700000,1725439500000,1725441000000,0,True,True,True,True,REFERENCE_ALREADY_CAPTURES
IDEA_1725625200000,1725633300000,1725633000000,1725633600000,4,True,True,True,True,REFERENCE_ALREADY_CAPTURES
IDEA_1725633300000,1726059600000,1726057800000,1726059900000,0,True,True,True,True,REFERENCE_ALREADY_CAPTURES
IDEA_1726484100000,1726577100000,1726576500000,1726577400000,4,True,True,False,True,BLOCKED_OPEN_TRADE
IDEA_1726484100000,1726587900000,1726586700000,1726588200000,4,True,True,True,True,REFERENCE_ALREADY_CAPTURES
IDEA_1726570200000,1726593300000,1726592100000,1726593600000,0,True,True,False,True,BLOCKED_OPEN_TRADE
IDEA_1726570200000,1726687500000,1726686000000,1726687800000,5,True,True,True,True,REFERENCE_ALREADY_CAPTURES
IDEA_1727694600000,1727848500000,1727846700000,1727848800000,0,True,True,True,True,REFERENCE_ALREADY_CAPTURES
IDEA_1727848500000,1728046800000,1728045000000,1728047100000,0,True,True,True,True,REFERENCE_ALREADY_CAPTURES
IDEA_1728281400000,1728375900000,1728375000000,1728376200000,4,False,True,False,False,PERMISSION_REJECT
IDEA_1728281400000,1728398400000,1728397500000,1728398700000,5,False,True,False,False,PERMISSION_REJECT
IDEA_1728281400000,1728402000000,1728399600000,1728402300000,0,False,True,False,False,PERMISSION_REJECT
IDEA_1728281400000,1728407100000,1728405900000,1728407400000,0,False,True,False,False,PERMISSION_REJECT
IDEA_1728281400000,1728485100000,1728484200000,1728485400000,0,False,True,False,False,PERMISSION_REJECT
IDEA_1728281400000,1728498300000,1728498000000,1728498600000,4,False,True,False,False,PERMISSION_REJECT
IDEA_1729689900000,1729697700000,1729694100000,1729698000000,0,False,True,False,False,PERMISSION_REJECT
IDEA_1729689900000,1729847400000,1729844100000,1729847700000,0,False,True,False,False,PERMISSION_REJECT
IDEA_1729689900000,1729849200000,1729848300000,1729849500000,4,False,True,False,False,PERMISSION_REJECT
IDEA_1730364000000,1730384100000,1730382600000,1730384400000,0,True,True,True,True,REFERENCE_ALREADY_CAPTURES
IDEA_1730384100000,1730472900000,1730472000000,1730473200000,4,True,True,False,True,BLOCKED_OPEN_TRADE
IDEA_1730384100000,1730483400000,1730481900000,1730483700000,5,True,True,False,True,BLOCKED_OPEN_TRADE
IDEA_1730384100000,1730485500000,1730484300000,1730485800000,0,False,True,False,True,PERMISSION_REJECT
IDEA_1730384100000,1730490000000,1730489100000,1730490300000,0,False,True,False,True,PERMISSION_REJECT
IDEA_1730384100000,1730740500000,1730740200000,1730740800000,4,False,True,False,True,PERMISSION_REJECT
IDEA_1730384100000,1730775300000,1730773800000,1730775600000,0,False,True,False,True,PERMISSION_REJECT
IDEA_1731293400000,1731328800000,1731326700000,1731329100000,0,True,True,False,True,BLOCKED_OPEN_TRADE
IDEA_1731323100000,1731334500000,1731333300000,1731334800000,0,True,True,True,True,REFERENCE_ALREADY_CAPTURES
IDEA_1731293400000,1731336300000,1731335100000,1731336600000,0,True,True,True,True,REFERENCE_ALREADY_CAPTURES
IDEA_1731334500000,1731341400000,1731339000000,1731341700000,0,True,True,False,True,BLOCKED_OPEN_TRADE
IDEA_1731334500000,1731346200000,1731345300000,1731346500000,0,True,True,False,True,BLOCKED_OPEN_TRADE
IDEA_1731334500000,1731349800000,1731348900000,1731350100000,0,True,True,False,True,BLOCKED_OPEN_TRADE
IDEA_1731334500000,1731391500000,1731389400000,1731391800000,0,True,True,True,True,REFERENCE_ALREADY_CAPTURES
IDEA_1731336300000,1731392700000,1731392400000,1731393000000,0,True,True,False,True,BLOCKED_OPEN_TRADE
IDEA_1731336300000,1731397500000,1731396000000,1731397800000,0,True,True,True,True,REFERENCE_ALREADY_CAPTURES
IDEA_1731391500000,1731408300000,1731406500000,1731408600000,0,True,True,False,True,BLOCKED_OPEN_TRADE
IDEA_1731397500000,1731530100000,1731528000000,1731530400000,0,True,True,True,True,REFERENCE_ALREADY_CAPTURES
IDEA_1731391500000,1731531600000,1731531000000,1731531900000,0,True,True,False,True,BLOCKED_OPEN_TRADE
IDEA_1731391500000,1731539100000,1731534900000,1731539400000,0,False,True,False,True,PERMISSION_REJECT
IDEA_1731391500000,1731543000000,1731540600000,1731543300000,0,False,True,False,True,PERMISSION_REJECT
IDEA_1731391500000,1731545700000,1731545400000,1731546000000,0,False,True,False,True,PERMISSION_REJECT
IDEA_1731391500000,1731547500000,1731546000000,1731547800000,0,False,True,False,False,PERMISSION_REJECT
IDEA_1731530100000,1731549900000,1731549300000,1731550200000,0,False,True,False,False,PERMISSION_REJECT
IDEA_1731530100000,1731552900000,1731551400000,1731553200000,0,False,True,False,False,PERMISSION_REJECT
IDEA_1731530100000,1731567300000,1731565800000,1731567600000,0,True,True,True,True,REFERENCE_ALREADY_CAPTURES
IDEA_1731391500000,1731569400000,1731568200000,1731569700000,4,True,True,False,True,BLOCKED_OPEN_TRADE
IDEA_1731391500000,1731578100000,1731576600000,1731578400000,0,True,True,True,True,REFERENCE_ALREADY_CAPTURES
IDEA_1731567300000,1731651900000,1731650100000,1731652200000,5,True,True,True,True,REFERENCE_ALREADY_CAPTURES
IDEA_1732514100000,1732548300000,1732547100000,1732548600000,0,True,True,False,True,BLOCKED_OPEN_TRADE
IDEA_1732514100000,1732550400000,1732549800000,1732550700000,0,True,True,False,True,BLOCKED_OPEN_TRADE
IDEA_1732514100000,1732557000000,1732555200000,1732557300000,0,True,True,False,True,BLOCKED_OPEN_TRADE
IDEA_1732514100000,1732559400000,1732557900000,1732559700000,0,True,True,True,True,REFERENCE_ALREADY_CAPTURES
IDEA_1732545900000,1732578900000,1732578000000,1732579200000,0,True,True,False,True,BLOCKED_OPEN_TRADE
IDEA_1732545900000,1732727400000,1732726800000,1732727700000,4,True,True,False,True,BLOCKED_OPEN_TRADE
IDEA_1732545900000,1732737000000,1732735800000,1732737300000,0,True,True,False,True,BLOCKED_OPEN_TRADE
IDEA_1732545900000,1732757100000,1732755600000,1732757400000,5,True,True,False,True,BLOCKED_OPEN_TRADE
IDEA_1732545900000,1732758000000,1732757700000,1732758300000,5,False,True,False,True,PERMISSION_REJECT
IDEA_1734084600000,1734103800000,1734103200000,1734104100000,0,True,True,False,True,BLOCKED_OPEN_TRADE
IDEA_1734084600000,1734113400000,1734113100000,1734113700000,5,True,True,False,True,BLOCKED_OPEN_TRADE
IDEA_1734084600000,1734114300000,1734114000000,1734114600000,0,True,True,False,True,BLOCKED_OPEN_TRADE
IDEA_1734084600000,1734117000000,1734115200000,1734117300000,4,True,True,True,True,REFERENCE_ALREADY_CAPTURES
IDEA_1734099000000,1734310800000,1734309900000,1734311100000,0,True,True,True,True,REFERENCE_ALREADY_CAPTURES
IDEA_1734117000000,1734367200000,1734366900000,1734367500000,4,True,True,False,True,BLOCKED_OPEN_TRADE
IDEA_1734117000000,1734418500000,1734416400000,1734418800000,0,False,True,False,True,PERMISSION_REJECT
IDEA_1734117000000,1734424800000,1734424500000,1734425100000,5,False,True,False,True,PERMISSION_REJECT
IDEA_1734117000000,1734429000000,1734425700000,1734429300000,5,False,True,False,True,PERMISSION_REJECT
IDEA_1734117000000,1734433800000,1734432300000,1734434100000,0,False,True,False,False,PERMISSION_REJECT
IDEA_1734310800000,1734445200000,1734443400000,1734445500000,0,False,True,False,False,PERMISSION_REJECT
IDEA_1734310800000,1734509700000,1734508800000,1734510000000,4,False,True,False,False,PERMISSION_REJECT
IDEA_1734310800000,1734527400000,1734527100000,1734527700000,5,False,True,False,False,PERMISSION_REJECT
IDEA_1734310800000,1734541200000,1734540000000,1734541500000,0,False,True,False,False,PERMISSION_REJECT
IDEA_1734310800000,1734555000000,1734552900000,1734555300000,0,False,True,False,False,PERMISSION_REJECT
IDEA_1734310800000,1734563100000,1734557700000,1734563400000,0,False,True,False,False,PERMISSION_REJECT
IDEA_1735287900000,1735305000000,1735304700000,1735305300000,5,False,True,False,True,PERMISSION_REJECT
IDEA_1735287900000,1735306800000,1735305600000,1735307100000,5,False,True,False,False,PERMISSION_REJECT
IDEA_1735296300000,1735310400000,1735308000000,1735310700000,0,False,True,False,False,PERMISSION_REJECT
IDEA_1735296300000,1735314000000,1735313700000,1735314300000,0,False,True,False,False,PERMISSION_REJECT
IDEA_1735296300000,1735550100000,1735548600000,1735550400000,0,False,True,False,False,PERMISSION_REJECT
IDEA_1735296300000,1735556700000,1735556400000,1735557000000,0,False,True,False,False,PERMISSION_REJECT
IDEA_1735296300000,1735567500000,1735566900000,1735567800000,5,False,True,False,False,PERMISSION_REJECT
IDEA_1735296300000,1735571700000,1735571100000,1735572000000,5,False,True,False,False,PERMISSION_REJECT
IDEA_1735296300000,1735576500000,1735575300000,1735576800000,0,False,True,False,False,PERMISSION_REJECT
IDEA_1735894800000,1735918200000,1735916400000,1735918500000,5,True,True,False,True,BLOCKED_OPEN_TRADE
IDEA_1735894800000,1735922100000,1735921500000,1735922400000,0,True,True,False,True,BLOCKED_OPEN_TRADE
IDEA_1735894800000,1735923600000,1735922700000,1735923900000,0,True,True,False,True,BLOCKED_OPEN_TRADE
IDEA_1735894800000,1735935300000,1735934400000,1735935600000,0,True,True,True,True,REFERENCE_ALREADY_CAPTURES
IDEA_1735911900000,1735937700000,1735935900000,1735938000000,0,True,True,False,True,BLOCKED_OPEN_TRADE
IDEA_1735911900000,1735940400000,1735940100000,1735940700000,4,True,True,False,True,BLOCKED_OPEN_TRADE
IDEA_1735911900000,1736142600000,1736140800000,1736142900000,0,True,True,True,True,REFERENCE_ALREADY_CAPTURES
IDEA_1735935300000,1736145600000,1736144400000,1736145900000,0,True,True,False,True,BLOCKED_OPEN_TRADE
IDEA_1736142600000,1736171400000,1736170800000,1736171700000,5,True,True,True,True,REFERENCE_ALREADY_CAPTURES
IDEA_1735935300000,1736174700000,1736172900000,1736175000000,4,True,True,True,True,REFERENCE_ALREADY_CAPTURES
IDEA_1736764200000,1736776200000,1736775300000,1736776500000,0,True,True,False,True,BLOCKED_OPEN_TRADE
IDEA_1736764200000,1736784300000,1736783700000,1736784600000,0,True,True,False,True,BLOCKED_OPEN_TRADE
IDEA_1736764200000,1736790900000,1736787600000,1736791200000,0,True,True,False,True,BLOCKED_OPEN_TRADE
IDEA_1736764200000,1736793000000,1736792700000,1736793300000,0,True,True,True,True,REFERENCE_ALREADY_CAPTURES
IDEA_1736772000000,1736796000000,1736794800000,1736796300000,0,True,True,False,True,BLOCKED_OPEN_TRADE
IDEA_1736772000000,1736864100000,1736861700000,1736864400000,5,True,True,False,True,BLOCKED_OPEN_TRADE
IDEA_1737100500000,1737111000000,1737110400000,1737111300000,0,True,True,True,True,REFERENCE_ALREADY_CAPTURES
IDEA_1737111000000,1737329400000,1737328800000,1737329700000,0,True,True,True,True,REFERENCE_ALREADY_CAPTURES
IDEA_1737148800000,1737334500000,1737334200000,1737334800000,0,True,True,False,True,BLOCKED_OPEN_TRADE
IDEA_1737148800000,1737336000000,1737334800000,1737336300000,0,True,True,False,True,BLOCKED_OPEN_TRADE
IDEA_1737988800000,1738137000000,1738135500000,1738137300000,0,True,True,True,True,REFERENCE_ALREADY_CAPTURES
IDEA_1738137000000,1738165200000,1738164300000,1738165500000,4,True,True,True,True,REFERENCE_ALREADY_CAPTURES
IDEA_1738157100000,1738169700000,1738169100000,1738170000000,0,True,True,False,True,BLOCKED_OPEN_TRADE
IDEA_1738157100000,1738179000000,1738177200000,1738179300000,0,True,True,False,True,BLOCKED_OPEN_TRADE
IDEA_1738157100000,1738539600000,1738538400000,1738539900000,5,True,True,True,True,REFERENCE_ALREADY_CAPTURES
IDEA_1738539600000,1738554600000,1738553700000,1738554900000,0,True,True,True,True,REFERENCE_ALREADY_CAPTURES
IDEA_1739280000000,1739542200000,1739540400000,1739542500000,0,True,True,True,True,REFERENCE_ALREADY_CAPTURES
IDEA_1739542200000,1739550900000,1739550300000,1739551200000,0,True,True,False,True,BLOCKED_OPEN_TRADE
IDEA_1739542200000,1739551800000,1739551500000,1739552100000,0,True,True,False,True,BLOCKED_OPEN_TRADE
IDEA_1739542200000,1739556900000,1739554800000,1739557200000,0,True,True,True,True,REFERENCE_ALREADY_CAPTURES
IDEA_1739547300000,1739559600000,1739557800000,1739559900000,0,True,True,False,True,BLOCKED_OPEN_TRADE
IDEA_1739547300000,1739563500000,1739561100000,1739563800000,0,True,True,False,True,BLOCKED_OPEN_TRADE
IDEA_1739547300000,1739565900000,1739565300000,1739566200000,0,True,True,False,True,BLOCKED_OPEN_TRADE
IDEA_1739547300000,1739841600000,1739841000000,1739841900000,4,True,True,False,True,BLOCKED_OPEN_TRADE
IDEA_1739547300000,1739842500000,1739842200000,1739842800000,5,True,True,False,True,BLOCKED_OPEN_TRADE
IDEA_1739547300000,1739981100000,1739980800000,1739981400000,5,True,True,True,True,REFERENCE_ALREADY_CAPTURES
IDEA_1740061800000,1740360300000,1740360000000,1740360600000,5,True,True,False,True,BLOCKED_OPEN_TRADE
IDEA_1740061800000,1740465600000,1740465000000,1740465900000,0,True,True,True,True,REFERENCE_ALREADY_CAPTURES
IDEA_1740465600000,1740581100000,1740578100000,1740581400000,0,False,True,False,False,PERMISSION_REJECT
IDEA_1740465600000,1740633900000,1740632100000,1740634200000,0,False,True,False,False,PERMISSION_REJECT
IDEA_1740465600000,1740634800000,1740634500000,1740635100000,0,False,True,False,False,PERMISSION_REJECT
IDEA_1740465600000,1740642300000,1740642000000,1740642600000,0,False,True,False,False,PERMISSION_REJECT
IDEA_1740465600000,1740644100000,1740643500000,1740644400000,0,False,True,False,False,PERMISSION_REJECT
IDEA_1740465600000,1740647400000,1740644700000,1740647700000,0,False,True,False,False,PERMISSION_REJECT
IDEA_1740465600000,1740668400000,1740667500000,1740668700000,0,False,True,False,False,PERMISSION_REJECT
IDEA_1740465600000,1740729900000,1740729600000,1740730200000,0,False,True,False,False,PERMISSION_REJECT
IDEA_1740465600000,1740731100000,1740730500000,1740731400000,0,False,True,False,False,PERMISSION_REJECT
IDEA_1740465600000,1740732600000,1740732000000,1740732900000,0,False,True,False,False,PERMISSION_REJECT
IDEA_1741251300000,1741372200000,1741371600000,1741372500000,4,True,True,True,True,REFERENCE_ALREADY_CAPTURES
IDEA_1741372200000,1741630200000,1741628100000,1741630500000,0,False,True,False,False,PERMISSION_REJECT
IDEA_1741372200000,1741764600000,1741762800000,1741764900000,4,False,True,False,False,PERMISSION_REJECT
IDEA_1741372200000,1741786200000,1741785600000,1741786500000,5,True,True,True,True,REFERENCE_ALREADY_CAPTURES
IDEA_1744875300000,1745330400000,1745329200000,1745330700000,4,False,True,False,False,PERMISSION_REJECT
IDEA_1744875300000,1745340300000,1745337600000,1745340600000,5,False,True,False,False,PERMISSION_REJECT
IDEA_1744875300000,1745351400000,1745350200000,1745351700000,0,False,True,False,False,PERMISSION_REJECT
IDEA_1744875300000,1745388900000,1745388000000,1745389200000,0,True,True,True,True,REFERENCE_ALREADY_CAPTURES
IDEA_1745388900000,1745423100000,1745421600000,1745423400000,0,True,True,False,True,BLOCKED_OPEN_TRADE
IDEA_1745388900000,1745503800000,1745502600000,1745504100000,5,True,True,True,True,REFERENCE_ALREADY_CAPTURES
IDEA_1745503800000,1745588400000,1745586000000,1745588700000,0,True,True,True,True,REFERENCE_ALREADY_CAPTURES
IDEA_1746581700000,1746721500000,1746720600000,1746721800000,5,True,True,True,True,REFERENCE_ALREADY_CAPTURES
IDEA_1746721500000,1747002300000,1747001100000,1747002600000,5,False,True,False,False,PERMISSION_REJECT
IDEA_1746721500000,1747005000000,1747003500000,1747005300000,0,False,True,False,False,PERMISSION_REJECT
IDEA_1746721500000,1747011000000,1747010400000,1747011300000,0,False,True,False,False,PERMISSION_REJECT
IDEA_1746721500000,1747013400000,1747012200000,1747013700000,0,False,True,False,False,PERMISSION_REJECT
IDEA_1746721500000,1747036200000,1747033200000,1747036500000,5,False,True,False,False,PERMISSION_REJECT
IDEA_1746721500000,1747044000000,1747043700000,1747044300000,0,False,True,False,False,PERMISSION_REJECT
IDEA_1746721500000,1747046700000,1747044900000,1747047000000,0,False,True,False,False,PERMISSION_REJECT
IDEA_1746721500000,1747047900000,1747047300000,1747048200000,0,False,True,False,False,PERMISSION_REJECT
IDEA_1747228800000,1747285200000,1747282200000,1747285500000,0,True,True,True,True,REFERENCE_ALREADY_CAPTURES
IDEA_1747285200000,1747380300000,1747380000000,1747380600000,5,True,True,True,True,REFERENCE_ALREADY_CAPTURES
IDEA_1747380300000,1747397400000,1747396200000,1747397700000,0,True,True,True,True,REFERENCE_ALREADY_CAPTURES
IDEA_1747910400000,1747927500000,1747926300000,1747927800000,4,False,True,False,False,PERMISSION_REJECT
IDEA_1747910400000,1748325900000,1748323500000,1748326200000,0,False,True,False,False,PERMISSION_REJECT
IDEA_1747910400000,1748329800000,1748328000000,1748330100000,0,False,True,False,False,PERMISSION_REJECT
IDEA_1747910400000,1748332800000,1748332200000,1748333100000,0,False,True,False,False,PERMISSION_REJECT
IDEA_1747910400000,1748341200000,1748340900000,1748341500000,0,False,True,False,False,PERMISSION_REJECT
IDEA_1747910400000,1748345700000,1748344500000,1748346000000,0,False,True,False,False,PERMISSION_REJECT
IDEA_1747910400000,1748347500000,1748346900000,1748347800000,0,False,True,False,False,PERMISSION_REJECT
IDEA_1747910400000,1748355000000,1748354400000,1748355300000,4,True,True,True,True,REFERENCE_ALREADY_CAPTURES
IDEA_1748355000000,1748481600000,1748480700000,1748481900000,0,False,True,False,False,PERMISSION_REJECT
IDEA_1748355000000,1748574000000,1748572800000,1748574300000,0,False,True,False,False,PERMISSION_REJECT
IDEA_1748355000000,1748577000000,1748576400000,1748577300000,0,False,True,False,False,PERMISSION_REJECT
IDEA_1748355000000,1748582400000,1748581500000,1748582700000,0,False,True,False,False,PERMISSION_REJECT
IDEA_1748355000000,1748586600000,1748586300000,1748586900000,1,False,True,False,False,STATE_REJECT
IDEA_1748355000000,1748589600000,1748589000000,1748589900000,4,False,True,False,False,PERMISSION_REJECT
IDEA_1748355000000,1748613900000,1748612700000,1748614200000,5,True,True,True,True,REFERENCE_ALREADY_CAPTURES
IDEA_1748925600000,1749102000000,1749100800000,1749102300000,4,True,True,True,True,REFERENCE_ALREADY_CAPTURES
IDEA_1749139800000,1749238800000,1749237900000,1749239100000,0,True,True,False,True,BLOCKED_OPEN_TRADE
IDEA_1749139800000,1749240900000,1749239700000,1749241200000,0,True,True,False,True,BLOCKED_OPEN_TRADE
IDEA_1749139800000,1749423300000,1749423000000,1749423600000,4,False,True,False,True,PERMISSION_REJECT
IDEA_1749139800000,1749428700000,1749428100000,1749429000000,4,False,True,False,False,PERMISSION_REJECT
IDEA_1749220200000,1749430200000,1749429600000,1749430500000,5,False,True,False,False,PERMISSION_REJECT
IDEA_1749220200000,1749435300000,1749434100000,1749435600000,0,False,True,False,False,PERMISSION_REJECT
IDEA_1749220200000,1749521400000,1749518700000,1749521700000,0,False,True,False,False,PERMISSION_REJECT
IDEA_1749220200000,1749522900000,1749522600000,1749523200000,0,False,True,False,False,PERMISSION_REJECT
IDEA_1749220200000,1749598500000,1749597600000,1749598800000,4,False,True,False,False,PERMISSION_REJECT
IDEA_1750082700000,1750175700000,1750175400000,1750176000000,4,True,True,False,True,BLOCKED_OPEN_TRADE
IDEA_1750082700000,1750279200000,1750277400000,1750279500000,0,False,True,False,True,PERMISSION_REJECT
IDEA_1750082700000,1750315500000,1750312200000,1750315800000,0,False,True,False,False,PERMISSION_REJECT
IDEA_1750171500000,1750382400000,1750381800000,1750382700000,5,False,True,False,False,PERMISSION_REJECT
IDEA_1750171500000,1750389600000,1750388400000,1750389900000,0,False,True,False,False,PERMISSION_REJECT
IDEA_1750171500000,1750399800000,1750398900000,1750400100000,0,False,True,False,False,PERMISSION_REJECT
IDEA_1750171500000,1750402200000,1750401000000,1750402500000,0,False,True,False,False,PERMISSION_REJECT
IDEA_1751026800000,1751036100000,1751035500000,1751036400000,4,True,True,True,True,REFERENCE_ALREADY_CAPTURES
IDEA_1751013600000,1751236200000,1751235600000,1751236500000,5,True,True,True,True,REFERENCE_ALREADY_CAPTURES
IDEA_1751036100000,1751414700000,1751414400000,1751415000000,4,True,True,True,True,REFERENCE_ALREADY_CAPTURES
IDEA_1751414700000,1751547000000,1751545800000,1751547300000,5,True,True,True,True,REFERENCE_ALREADY_CAPTURES
IDEA_1751547000000,1751885400000,1751884800000,1751885700000,5,False,True,False,False,PERMISSION_REJECT
IDEA_1751547000000,1751963100000,1751961900000,1751963400000,4,False,True,False,False,PERMISSION_REJECT
IDEA_1751547000000,1751966400000,1751964300000,1751966700000,4,False,True,False,False,PERMISSION_REJECT
IDEA_1751547000000,1751968800000,1751967000000,1751969100000,4,False,True,False,False,PERMISSION_REJECT
IDEA_1751547000000,1751970300000,1751970000000,1751970600000,4,False,True,False,False,PERMISSION_REJECT
IDEA_1751547000000,1751975100000,1751974800000,1751975400000,0,False,True,False,False,PERMISSION_REJECT
IDEA_1751547000000,1751980800000,1751980500000,1751981100000,1,False,True,False,False,STATE_REJECT
IDEA_1751547000000,1751987700000,1751986200000,1751988000000,0,False,True,False,False,PERMISSION_REJECT
IDEA_1752498600000,1752594000000,1752593100000,1752594300000,5,True,True,True,True,REFERENCE_ALREADY_CAPTURES
IDEA_1752587100000,1752596400000,1752595500000,1752596700000,0,True,True,False,True,BLOCKED_OPEN_TRADE
IDEA_1752587100000,1752674100000,1752673500000,1752674400000,0,True,True,False,True,BLOCKED_OPEN_TRADE
IDEA_1752587100000,1752675600000,1752675300000,1752675900000,0,True,True,False,True,BLOCKED_OPEN_TRADE
IDEA_1752587100000,1752676800000,1752676200000,1752677100000,0,True,True,False,True,BLOCKED_OPEN_TRADE
IDEA_1752587100000,1752734700000,1752732300000,1752735000000,4,False,True,False,False,PERMISSION_REJECT
IDEA_1752587100000,1752739200000,1752736800000,1752739500000,0,False,True,False,False,PERMISSION_REJECT
IDEA_1752587100000,1752746400000,1752745800000,1752746700000,0,False,True,False,False,PERMISSION_REJECT
IDEA_1752587100000,1752750300000,1752750000000,1752750600000,0,False,True,False,False,PERMISSION_REJECT
IDEA_1752587100000,1752754200000,1752753000000,1752754500000,0,False,True,False,False,PERMISSION_REJECT
IDEA_1752587100000,1752757800000,1752755400000,1752758100000,0,False,True,False,False,PERMISSION_REJECT
IDEA_1752587100000,1752819000000,1752818100000,1752819300000,4,False,True,False,False,PERMISSION_REJECT
IDEA_1753327800000,1753356900000,1753356600000,1753357200000,0,True,True,True,True,REFERENCE_ALREADY_CAPTURES
IDEA_1753356900000,1753416000000,1753415700000,1753416300000,0,True,True,False,True,BLOCKED_OPEN_TRADE
IDEA_1753356900000,1753418700000,1753418400000,1753419000000,0,True,True,False,True,BLOCKED_OPEN_TRADE
IDEA_1753356900000,1753422900000,1753421700000,1753423200000,0,False,True,False,True,PERMISSION_REJECT
IDEA_1753356900000,1753424100000,1753423800000,1753424400000,0,False,True,False,True,PERMISSION_REJECT
IDEA_1753356900000,1753425600000,1753425300000,1753425900000,0,False,True,False,True,PERMISSION_REJECT
IDEA_1753356900000,1753429500000,1753428900000,1753429800000,0,False,True,False,True,PERMISSION_REJECT
IDEA_1753356900000,1753432500000,1753431300000,1753432800000,5,False,True,False,True,PERMISSION_REJECT
IDEA_1753356900000,1753434900000,1753434300000,1753435200000,0,False,True,False,False,PERMISSION_REJECT
IDEA_1753362300000,1753439700000,1753439100000,1753440000000,0,False,True,False,False,PERMISSION_REJECT
IDEA_1753362300000,1753441200000,1753440900000,1753441500000,0,False,True,False,False,PERMISSION_REJECT
IDEA_1753362300000,1753443900000,1753442700000,1753444200000,0,False,True,False,False,PERMISSION_REJECT
IDEA_1753362300000,1753448100000,1753446600000,1753448400000,0,False,True,False,False,PERMISSION_REJECT
IDEA_1753362300000,1753455900000,1753452900000,1753456200000,0,False,True,False,False,PERMISSION_REJECT
IDEA_1753362300000,1753653900000,1753653600000,1753654200000,5,False,True,False,False,PERMISSION_REJECT
IDEA_1753362300000,1753707600000,1753706100000,1753707900000,5,False,True,False,False,PERMISSION_REJECT
IDEA_1753362300000,1753712400000,1753709400000,1753712700000,0,False,True,False,False,PERMISSION_REJECT
IDEA_1754377500000,1754394600000,1754391300000,1754394900000,0,True,True,False,True,BLOCKED_OPEN_TRADE
IDEA_1754377500000,1754457300000,1754456100000,1754457600000,0,True,True,True,True,REFERENCE_ALREADY_CAPTURES
IDEA_1754457300000,1754471700000,1754470500000,1754472000000,0,True,True,False,True,BLOCKED_OPEN_TRADE
IDEA_1754457300000,1754475000000,1754472300000,1754475300000,0,True,True,True,True,REFERENCE_ALREADY_CAPTURES
IDEA_1754469300000,1754652600000,1754652000000,1754652900000,4,True,True,True,True,REFERENCE_ALREADY_CAPTURES
IDEA_1754652600000,1754878800000,1754878500000,1754879100000,0,True,True,False,True,BLOCKED_OPEN_TRADE
IDEA_1754652600000,1754894700000,1754893500000,1754895000000,5,False,True,False,True,PERMISSION_REJECT
IDEA_1754652600000,1754896500000,1754895600000,1754896800000,0,False,True,False,True,PERMISSION_REJECT
IDEA_1754652600000,1754899500000,1754897700000,1754899800000,0,False,True,False,True,PERMISSION_REJECT
IDEA_1754652600000,1754904000000,1754903100000,1754904300000,0,False,True,False,True,PERMISSION_REJECT
IDEA_1754652600000,1754906400000,1754905800000,1754906700000,0,False,True,False,False,PERMISSION_REJECT
IDEA_1754875200000,1754912400000,1754911200000,1754912700000,0,False,True,False,False,PERMISSION_REJECT
IDEA_1754875200000,1754915700000,1754915100000,1754916000000,0,True,True,True,True,REFERENCE_ALREADY_CAPTURES
IDEA_1754652600000,1754933700000,1754933400000,1754934000000,4,True,True,False,True,BLOCKED_OPEN_TRADE
IDEA_1754652600000,1754998800000,1754996400000,1754999100000,4,True,True,False,True,BLOCKED_OPEN_TRADE
IDEA_1754652600000,1755009000000,1755007800000,1755009300000,4,True,True,True,True,REFERENCE_ALREADY_CAPTURES
IDEA_1754915700000,1755159600000,1755157500000,1755159900000,5,False,True,False,False,PERMISSION_REJECT
IDEA_1754915700000,1755175200000,1755174600000,1755175500000,4,False,True,False,False,PERMISSION_REJECT
IDEA_1754915700000,1755180900000,1755180300000,1755181200000,5,False,True,False,False,PERMISSION_REJECT
IDEA_1758135600000,1758203700000,1758202800000,1758204000000,0,True,True,True,True,REFERENCE_ALREADY_CAPTURES
IDEA_1758681600000,1758733800000,1758732000000,1758734100000,0,True,True,True,True,REFERENCE_ALREADY_CAPTURES
IDEA_1758733800000,1758808500000,1758807600000,1758808800000,0,True,True,True,True,REFERENCE_ALREADY_CAPTURES
IDEA_1759221900000,1759367100000,1759366800000,1759367400000,5,False,True,False,False,PERMISSION_REJECT
IDEA_1759221900000,1759416900000,1759415700000,1759417200000,0,False,True,False,False,PERMISSION_REJECT
IDEA_1759221900000,1759419600000,1759419300000,1759419900000,0,True,True,True,True,REFERENCE_ALREADY_CAPTURES
IDEA_1761025800000,1761055800000,1761054300000,1761056100000,0,False,True,False,False,PERMISSION_REJECT
IDEA_1761025800000,1761058200000,1761056100000,1761058500000,0,False,True,False,False,PERMISSION_REJECT
IDEA_1761025800000,1761092100000,1761091200000,1761092400000,5,False,True,False,False,PERMISSION_REJECT
IDEA_1761025800000,1761145200000,1761144600000,1761145500000,5,False,True,False,False,PERMISSION_REJECT
IDEA_1761025800000,1761281100000,1761279600000,1761281400000,4,False,True,False,False,PERMISSION_REJECT
IDEA_1761025800000,1761287100000,1761285300000,1761287400000,0,False,True,False,False,PERMISSION_REJECT
IDEA_1761025800000,1761294600000,1761291300000,1761294900000,0,True,True,True,True,REFERENCE_ALREADY_CAPTURES
IDEA_1761538800000,1761566400000,1761563400000,1761566700000,0,False,True,False,False,PERMISSION_REJECT
IDEA_1761538800000,1761575100000,1761572700000,1761575400000,5,False,True,False,False,PERMISSION_REJECT
IDEA_1761538800000,1761578100000,1761575700000,1761578400000,0,False,True,False,False,PERMISSION_REJECT
IDEA_1761538800000,1761626400000,1761625500000,1761626700000,4,False,True,False,False,PERMISSION_REJECT
IDEA_1761538800000,1761630300000,1761629400000,1761630600000,0,False,True,False,False,PERMISSION_REJECT
IDEA_1761538800000,1761637500000,1761635700000,1761637800000,0,False,True,False,False,PERMISSION_REJECT
IDEA_1761538800000,1761642900000,1761639300000,1761643200000,0,True,True,True,True,REFERENCE_ALREADY_CAPTURES
IDEA_1761764100000,1761793500000,1761793200000,1761793800000,5,False,True,False,False,PERMISSION_REJECT
IDEA_1761764100000,1761927600000,1761927000000,1761927900000,5,False,True,False,False,PERMISSION_REJECT
IDEA_1761764100000,1762130100000,1762128600000,1762130400000,5,False,True,False,False,PERMISSION_REJECT
IDEA_1762217100000,1762450200000,1762449300000,1762450500000,0,True,True,True,True,REFERENCE_ALREADY_CAPTURES
IDEA_1762872000000,1763120100000,1763118300000,1763120400000,0,True,True,True,True,REFERENCE_ALREADY_CAPTURES
IDEA_1763120100000,1763128500000,1763125500000,1763128800000,0,True,True,True,True,REFERENCE_ALREADY_CAPTURES
IDEA_1763128500000,1763439900000,1763439300000,1763440200000,0,False,True,False,False,PERMISSION_REJECT
IDEA_1763128500000,1763451600000,1763449800000,1763451900000,4,False,True,False,False,PERMISSION_REJECT
IDEA_1764674100000,1764757500000,1764756900000,1764757800000,4,True,True,False,True,BLOCKED_OPEN_TRADE
IDEA_1764674100000,1764828000000,1764826500000,1764828300000,0,True,True,True,True,REFERENCE_ALREADY_CAPTURES
IDEA_1764951900000,1765260900000,1765260000000,1765261200000,5,True,True,False,True,BLOCKED_OPEN_TRADE
IDEA_1764951900000,1765354500000,1765354200000,1765354800000,4,False,True,False,False,PERMISSION_REJECT
IDEA_1764951900000,1765357500000,1765356000000,1765357800000,5,False,True,False,False,PERMISSION_REJECT
IDEA_1764951900000,1765361400000,1765359600000,1765361700000,4,False,True,False,False,PERMISSION_REJECT
IDEA_1764951900000,1765362900000,1765362600000,1765363200000,0,False,True,False,False,PERMISSION_REJECT
IDEA_1764951900000,1765396500000,1765395600000,1765396800000,3,False,True,False,False,STATE_REJECT
IDEA_1766998800000,1767126000000,1767123900000,1767126300000,5,True,True,True,True,REFERENCE_ALREADY_CAPTURES
IDEA_1767126000000,1767368400000,1767366000000,1767368700000,0,False,True,False,False,PERMISSION_REJECT
IDEA_1767126000000,1767371100000,1767369600000,1767371400000,0,False,True,False,False,PERMISSION_REJECT
IDEA_1767126000000,1767378000000,1767377400000,1767378300000,0,False,True,False,False,PERMISSION_REJECT
IDEA_1767126000000,1767380400000,1767379200000,1767380700000,0,False,True,False,False,PERMISSION_REJECT
IDEA_1767769500000,1767849600000,1767849300000,1767849900000,0,True,True,False,True,BLOCKED_OPEN_TRADE
IDEA_1767769500000,1767874800000,1767873600000,1767875100000,5,True,True,False,True,BLOCKED_OPEN_TRADE
IDEA_1769009400000,1769157600000,1769156700000,1769157900000,4,True,True,True,True,REFERENCE_ALREADY_CAPTURES
IDEA_1769762700000,1769796000000,1769792700000,1769796300000,0,True,True,True,True,REFERENCE_ALREADY_CAPTURES
IDEA_1769766900000,1769798400000,1769796600000,1769798700000,0,True,True,True,True,REFERENCE_ALREADY_CAPTURES
IDEA_1769796000000,1769994900000,1769994300000,1769995200000,5,False,True,False,True,PERMISSION_REJECT
IDEA_1769798400000,1770216300000,1770215700000,1770216600000,5,True,True,True,True,REFERENCE_ALREADY_CAPTURES
IDEA_1769796000000,1770219600000,1770218400000,1770219900000,0,True,True,True,True,REFERENCE_ALREADY_CAPTURES
IDEA_1770216300000,1770223800000,1770223500000,1770224100000,0,True,True,True,True,REFERENCE_ALREADY_CAPTURES
IDEA_1770219600000,1770260700000,1770259500000,1770261000000,5,True,True,True,True,REFERENCE_ALREADY_CAPTURES
IDEA_1770260700000,1770337200000,1770336300000,1770337500000,0,True,True,True,True,REFERENCE_ALREADY_CAPTURES
IDEA_1770908700000,1771218300000,1771218000000,1771218600000,0,True,True,True,True,REFERENCE_ALREADY_CAPTURES
IDEA_1771290300000,1771337100000,1771336800000,1771337400000,5,True,True,True,True,REFERENCE_ALREADY_CAPTURES
IDEA_1773338400000,1773348000000,1773346800000,1773348300000,0,True,True,True,True,REFERENCE_ALREADY_CAPTURES
IDEA_1773274200000,1773414300000,1773413400000,1773414600000,5,True,True,False,True,BLOCKED_OPEN_TRADE
IDEA_1773274200000,1773418800000,1773417300000,1773419100000,0,True,True,True,True,REFERENCE_ALREADY_CAPTURES
IDEA_1773348000000,1773432000000,1773431100000,1773432300000,5,False,True,False,True,PERMISSION_REJECT
IDEA_1773348000000,1773612300000,1773612000000,1773612600000,4,False,True,False,True,PERMISSION_REJECT
IDEA_1773418800000,1773744600000,1773744000000,1773744900000,5,False,True,False,False,PERMISSION_REJECT
IDEA_1773418800000,1773762300000,1773761700000,1773762600000,5,False,True,False,False,PERMISSION_REJECT
IDEA_1773418800000,1773822600000,1773822000000,1773822900000,5,False,True,False,False,PERMISSION_REJECT
IDEA_1773418800000,1773832200000,1773830100000,1773832500000,0,False,True,False,False,PERMISSION_REJECT
IDEA_1773418800000,1773840300000,1773837000000,1773840600000,0,False,True,False,False,PERMISSION_REJECT
IDEA_1774014000000,1774018800000,1774018500000,1774019100000,0,False,True,False,False,PERMISSION_REJECT
IDEA_1774014000000,1774020600000,1774020300000,1774020900000,0,False,True,False,False,PERMISSION_REJECT
IDEA_1774014000000,1774217100000,1774216800000,1774217400000,0,False,True,False,False,PERMISSION_REJECT
IDEA_1774014000000,1774222800000,1774222500000,1774223100000,0,False,True,False,False,PERMISSION_REJECT
IDEA_1774014000000,1774225200000,1774223100000,1774225500000,0,False,True,False,False,PERMISSION_REJECT
IDEA_1774014000000,1774227600000,1774225800000,1774227900000,0,False,True,False,False,PERMISSION_REJECT
IDEA_1774014000000,1774246200000,1774245000000,1774246500000,5,False,True,False,False,PERMISSION_REJECT
IDEA_1774014000000,1774248600000,1774247100000,1774248900000,5,False,True,False,False,PERMISSION_REJECT
IDEA_1774014000000,1774251000000,1774249500000,1774251300000,0,False,True,False,False,PERMISSION_REJECT
IDEA_1774014000000,1774318800000,1774318200000,1774319100000,4,False,True,False,False,PERMISSION_REJECT
IDEA_1774466100000,1774544700000,1774542000000,1774545000000,5,True,True,True,True,REFERENCE_ALREADY_CAPTURES
IDEA_1774506300000,1774555800000,1774554600000,1774556100000,0,True,True,False,True,BLOCKED_OPEN_TRADE
IDEA_1774506300000,1774898700000,1774896900000,1774899000000,4,True,True,True,True,REFERENCE_ALREADY_CAPTURES
IDEA_1775094600000,1775527200000,1775526600000,1775527500000,5,True,True,False,True,BLOCKED_OPEN_TRADE
IDEA_1775094600000,1775571600000,1775570700000,1775571900000,0,True,True,False,True,BLOCKED_OPEN_TRADE
IDEA_1776237000000,1776348300000,1776347400000,1776348600000,5,True,True,False,True,BLOCKED_OPEN_TRADE
IDEA_1776237000000,1776350700000,1776350400000,1776351000000,5,True,True,False,True,BLOCKED_OPEN_TRADE
IDEA_1776237000000,1776390000000,1776388200000,1776390300000,4,True,True,True,True,REFERENCE_ALREADY_CAPTURES
IDEA_1776246600000,1776636300000,1776636000000,1776636600000,5,True,True,True,True,REFERENCE_ALREADY_CAPTURES
IDEA_1776636300000,1776792900000,1776792600000,1776793200000,0,True,True,True,True,REFERENCE_ALREADY_CAPTURES
IDEA_1776792900000,1776873600000,1776870900000,1776873900000,0,False,True,False,False,PERMISSION_REJECT
IDEA_1776792900000,1776875700000,1776874500000,1776876000000,0,False,True,False,False,PERMISSION_REJECT
IDEA_1776792900000,1776899700000,1776898800000,1776900000000,5,False,True,False,False,PERMISSION_REJECT
IDEA_1776792900000,1776903600000,1776902400000,1776903900000,0,False,True,False,False,PERMISSION_REJECT
IDEA_1776792900000,1776923100000,1776922200000,1776923400000,0,False,True,False,False,PERMISSION_REJECT
IDEA_1776792900000,1776940500000,1776938700000,1776940800000,5,False,True,False,False,PERMISSION_REJECT
IDEA_1776792900000,1776966600000,1776966000000,1776966900000,5,False,True,False,False,PERMISSION_REJECT
IDEA_1776792900000,1777005300000,1777004400000,1777005600000,0,False,True,False,False,PERMISSION_REJECT
IDEA_1777447800000,1777468200000,1777465800000,1777468500000,5,False,True,False,True,PERMISSION_REJECT
IDEA_1777447800000,1777470600000,1777468800000,1777470900000,5,False,True,False,False,PERMISSION_REJECT
IDEA_1777456800000,1777618500000,1777614900000,1777618800000,0,False,True,False,False,PERMISSION_REJECT
IDEA_1777456800000,1777622400000,1777619100000,1777622700000,0,True,True,True,True,REFERENCE_ALREADY_CAPTURES
IDEA_1777447800000,1777629900000,1777629000000,1777630200000,0,True,True,True,True,REFERENCE_ALREADY_CAPTURES
IDEA_1777622400000,1777878300000,1777874700000,1777878600000,0,True,True,True,True,REFERENCE_ALREADY_CAPTURES
IDEA_1777878300000,1777896000000,1777894500000,1777896300000,0,False,True,False,False,PERMISSION_REJECT
IDEA_1777878300000,1777911300000,1777908000000,1777911600000,0,False,True,False,False,PERMISSION_REJECT
IDEA_1778459400000,1778567400000,1778565600000,1778567700000,0,True,True,True,True,REFERENCE_ALREADY_CAPTURES
IDEA_1778567400000,1778596500000,1778596200000,1778596800000,0,True,True,False,True,BLOCKED_OPEN_TRADE
IDEA_1778567400000,1778599800000,1778597400000,1778600100000,0,True,True,True,True,REFERENCE_ALREADY_CAPTURES
IDEA_1778595000000,1778665200000,1778664000000,1778665500000,4,True,True,True,True,REFERENCE_ALREADY_CAPTURES
IDEA_1778665200000,1778731500000,1778731200000,1778731800000,0,True,True,False,True,BLOCKED_OPEN_TRADE
IDEA_1778665200000,1778766300000,1778766000000,1778766600000,4,True,True,False,True,BLOCKED_OPEN_TRADE
IDEA_1778665200000,1778788200000,1778786700000,1778788500000,5,False,True,False,False,PERMISSION_REJECT
IDEA_1778680200000,1778791200000,1778788800000,1778791500000,0,False,True,False,False,PERMISSION_REJECT
IDEA_1778680200000,1778804100000,1778803200000,1778804400000,0,False,True,False,False,PERMISSION_REJECT
IDEA_1778680200000,1778805900000,1778804700000,1778806200000,5,False,True,False,False,PERMISSION_REJECT
IDEA_1778680200000,1778807700000,1778807100000,1778808000000,0,False,True,False,False,PERMISSION_REJECT
IDEA_1778680200000,1778808900000,1778808600000,1778809200000,0,False,True,False,False,PERMISSION_REJECT
IDEA_1778680200000,1778810700000,1778809800000,1778811000000,0,False,True,False,False,PERMISSION_REJECT
IDEA_1778680200000,1778825100000,1778823900000,1778825400000,0,False,True,False,False,PERMISSION_REJECT
IDEA_1778680200000,1778834100000,1778832900000,1778834400000,0,False,True,False,False,PERMISSION_REJECT
IDEA_1778680200000,1778836800000,1778836200000,1778837100000,0,False,True,False,False,PERMISSION_REJECT
IDEA_1778680200000,1778838900000,1778838300000,1778839200000,0,False,True,False,False,PERMISSION_REJECT
IDEA_1778680200000,1778853000000,1778852100000,1778853300000,0,False,True,False,False,PERMISSION_REJECT
IDEA_1778680200000,1779065700000,1779064200000,1779066000000,0,False,True,False,False,PERMISSION_REJECT
IDEA_1779771900000,1779799200000,1779798600000,1779799500000,4,True,True,False,True,BLOCKED_OPEN_TRADE
IDEA_1779771900000,1779812400000,1779811800000,1779812700000,0,True,True,False,True,BLOCKED_OPEN_TRADE
IDEA_1779771900000,1779817500000,1779816300000,1779817800000,4,True,True,False,True,BLOCKED_OPEN_TRADE
IDEA_1779771900000,1779819300000,1779817800000,1779819600000,0,True,True,True,True,REFERENCE_ALREADY_CAPTURES
IDEA_1779797700000,1779864000000,1779863400000,1779864300000,4,True,True,False,True,BLOCKED_OPEN_TRADE
IDEA_1779797700000,1779868500000,1779867900000,1779868800000,0,True,True,False,True,BLOCKED_OPEN_TRADE
IDEA_1779797700000,1779879600000,1779877800000,1779879900000,0,False,True,False,False,PERMISSION_REJECT
IDEA_1779819300000,1779882000000,1779880800000,1779882300000,0,False,True,False,False,PERMISSION_REJECT
IDEA_1779819300000,1779883200000,1779882900000,1779883500000,0,False,True,False,False,PERMISSION_REJECT
IDEA_1779819300000,1779888600000,1779887100000,1779888900000,0,False,True,False,False,PERMISSION_REJECT
IDEA_1779819300000,1779935400000,1779934200000,1779935700000,0,False,True,False,False,PERMISSION_REJECT
IDEA_1779819300000,1779937500000,1779936300000,1779937800000,0,False,True,False,False,PERMISSION_REJECT
IDEA_1779819300000,1779941100000,1779938100000,1779941400000,0,False,True,False,False,PERMISSION_REJECT
IDEA_1779819300000,1779943200000,1779942000000,1779943500000,0,False,True,False,False,PERMISSION_REJECT
IDEA_1780284300000,1780303200000,1780301700000,1780303500000,4,True,True,False,True,BLOCKED_OPEN_TRADE
IDEA_1780284300000,1780306500000,1780306200000,1780306800000,0,True,True,False,True,BLOCKED_OPEN_TRADE
IDEA_1780284300000,1780320900000,1780319400000,1780321200000,5,True,True,True,True,REFERENCE_ALREADY_CAPTURES
IDEA_1780300500000,1780322700000,1780321800000,1780323000000,0,True,True,False,True,BLOCKED_OPEN_TRADE
IDEA_1780300500000,1780425900000,1780425600000,1780426200000,0,True,True,True,True,REFERENCE_ALREADY_CAPTURES
IDEA_1780425900000,1780466400000,1780464600000,1780466700000,0,True,True,False,True,BLOCKED_OPEN_TRADE
IDEA_1780425900000,1780469700000,1780469100000,1780470000000,4,True,True,False,True,BLOCKED_OPEN_TRADE
IDEA_1780425900000,1780475100000,1780471800000,1780475400000,0,True,True,False,True,BLOCKED_OPEN_TRADE
IDEA_1780425900000,1780477200000,1780476600000,1780477500000,0,True,True,True,True,REFERENCE_ALREADY_CAPTURES
IDEA_1780443600000,1780480800000,1780478700000,1780481100000,0,True,True,False,True,BLOCKED_OPEN_TRADE
IDEA_1780443600000,1780494600000,1780494000000,1780494900000,5,True,True,False,True,BLOCKED_OPEN_TRADE
IDEA_1780443600000,1780525500000,1780524900000,1780525800000,4,True,True,True,True,REFERENCE_ALREADY_CAPTURES
IDEA_1780477200000,1780619100000,1780618200000,1780619400000,0,False,True,False,False,PERMISSION_REJECT
IDEA_1780477200000,1780624200000,1780622700000,1780624500000,0,False,True,False,False,PERMISSION_REJECT
IDEA_1780477200000,1780626000000,1780624800000,1780626300000,0,False,True,False,False,PERMISSION_REJECT
IDEA_1780477200000,1780627500000,1780626600000,1780627800000,0,False,True,False,False,PERMISSION_REJECT
IDEA_1780477200000,1780630200000,1780628400000,1780630500000,0,False,True,False,False,PERMISSION_REJECT
IDEA_1780477200000,1780640400000,1780640100000,1780640700000,0,False,True,False,False,PERMISSION_REJECT
IDEA_1780477200000,1780670700000,1780667700000,1780671000000,0,False,True,False,False,PERMISSION_REJECT
IDEA_1780477200000,1780677300000,1780673700000,1780677600000,0,False,True,False,False,PERMISSION_REJECT
IDEA_1780477200000,1780683600000,1780683000000,1780683900000,0,False,True,False,False,PERMISSION_REJECT
IDEA_1780477200000,1780685100000,1780684200000,1780685400000,0,False,True,False,False,PERMISSION_REJECT
IDEA_1780477200000,1780687200000,1780686600000,1780687500000,0,False,True,False,False,PERMISSION_REJECT
IDEA_1780477200000,1780690200000,1780689600000,1780690500000,0,False,True,False,False,PERMISSION_REJECT
IDEA_1780477200000,1780870200000,1780869600000,1780870500000,3,False,True,False,False,STATE_REJECT
IDEA_1780477200000,1780882800000,1780882200000,1780883100000,4,True,True,True,True,REFERENCE_ALREADY_CAPTURES
IDEA_1780882800000,1781016600000,1781014500000,1781016900000,5,True,True,True,True,REFERENCE_ALREADY_CAPTURES
IDEA_1781016600000,1781023500000,1781022900000,1781023800000,0,False,True,False,False,PERMISSION_REJECT
IDEA_1781016600000,1781046000000,1781045400000,1781046300000,5,False,True,False,False,PERMISSION_REJECT
IDEA_1781016600000,1781049300000,1781046900000,1781049600000,0,False,True,False,False,PERMISSION_REJECT
IDEA_1781016600000,1781052900000,1781051400000,1781053200000,0,False,True,False,False,PERMISSION_REJECT
IDEA_1781016600000,1781053800000,1781053200000,1781054100000,0,True,True,True,True,REFERENCE_ALREADY_CAPTURES
IDEA_1781053800000,1781089800000,1781089500000,1781090100000,0,True,True,True,True,REFERENCE_ALREADY_CAPTURES
IDEA_1781089800000,1781106900000,1781106300000,1781107200000,0,True,True,False,True,BLOCKED_OPEN_TRADE
IDEA_1781089800000,1781114400000,1781112600000,1781114700000,4,True,True,False,True,BLOCKED_OPEN_TRADE
IDEA_1781089800000,1781119800000,1781117400000,1781120100000,0,True,True,True,True,REFERENCE_ALREADY_CAPTURES
IDEA_1781104800000,1781122500000,1781121600000,1781122800000,0,True,True,False,True,BLOCKED_OPEN_TRADE
IDEA_1781104800000,1781124900000,1781124300000,1781128800000,0,True,True,False,True,BLOCKED_OPEN_TRADE
IDEA_1781104800000,1781130600000,1781128800000,1781130900000,0,True,True,True,True,REFERENCE_ALREADY_CAPTURES
IDEA_1781119800000,1781133600000,1781133000000,1781133900000,0,True,True,False,True,BLOCKED_OPEN_TRADE
IDEA_1781119800000,1781560800000,1781556900000,1781561100000,0,True,True,True,True,REFERENCE_ALREADY_CAPTURES
IDEA_1781720100000,1781781900000,1781780400000,1781782200000,0,True,True,True,True,REFERENCE_ALREADY_CAPTURES
IDEA_1781781900000,1781811300000,1781809200000,1781811600000,0,True,True,False,True,BLOCKED_OPEN_TRADE
IDEA_1781781900000,1781822700000,1781815500000,1781823000000,0,False,True,False,True,PERMISSION_REJECT
IDEA_1781781900000,1781827200000,1781823600000,1781827500000,0,False,True,False,False,PERMISSION_REJECT
IDEA_1781802000000,1781828400000,1781827500000,1781828700000,0,False,True,False,False,PERMISSION_REJECT
IDEA_1781802000000,1781832300000,1781832000000,1781832600000,0,False,True,False,False,PERMISSION_REJECT
IDEA_1781802000000,1781845800000,1781842500000,1781846100000,0,False,True,False,False,PERMISSION_REJECT
IDEA_1781802000000,1782143700000,1782143100000,1782144000000,5,False,True,False,False,PERMISSION_REJECT
IDEA_1781802000000,1782179700000,1782178200000,1782180000000,5,False,True,False,False,PERMISSION_REJECT
IDEA_1781802000000,1782180900000,1782180600000,1782181200000,0,False,True,False,False,PERMISSION_REJECT
IDEA_1781802000000,1782185100000,1782183300000,1782185400000,0,False,True,False,False,PERMISSION_REJECT
IDEA_1781802000000,1782197400000,1782194700000,1782197700000,0,False,True,False,False,PERMISSION_REJECT
IDEA_1781802000000,1782198300000,1782198000000,1782198600000,0,False,True,False,False,PERMISSION_REJECT
IDEA_1781802000000,1782202500000,1782200400000,1782202800000,0,False,True,False,False,PERMISSION_REJECT
IDEA_1781802000000,1782258300000,1782255900000,1782258600000,0,False,True,False,False,PERMISSION_REJECT
IDEA_1782864600000,1782871800000,1782869700000,1782872100000,0,True,True,True,True,REFERENCE_ALREADY_CAPTURES
IDEA_1783315500000,1783350000000,1783348800000,1783350300000,4,True,True,False,True,BLOCKED_OPEN_TRADE
IDEA_1783315500000,1783387800000,1783387500000,1783388100000,0,True,True,False,True,BLOCKED_OPEN_TRADE
IDEA_1783315500000,1783396500000,1783395900000,1783396800000,0,True,True,False,True,BLOCKED_OPEN_TRADE
IDEA_1783315500000,1783401900000,1783400400000,1783402200000,0,True,True,False,True,BLOCKED_OPEN_TRADE
IDEA_1783315500000,1783403400000,1783402200000,1783403700000,0,True,True,False,True,BLOCKED_OPEN_TRADE
IDEA_1783315500000,1783452600000,1783450800000,1783452900000,0,True,True,True,True,REFERENCE_ALREADY_CAPTURES
IDEA_1783342800000,1783502100000,1783498500000,1783502400000,0,True,True,True,True,REFERENCE_ALREADY_CAPTURES
IDEA_1783452600000,1783505700000,1783503600000,1783506000000,0,False,True,False,True,PERMISSION_REJECT
IDEA_1783452600000,1783510800000,1783510500000,1783511100000,0,False,True,False,True,PERMISSION_REJECT
IDEA_1783452600000,1783522200000,1783521600000,1783522500000,5,False,True,False,True,PERMISSION_REJECT
IDEA_1783452600000,1783525200000,1783523400000,1783525500000,4,False,True,False,False,PERMISSION_REJECT
IDEA_1783502100000,1783662900000,1783662300000,1783663200000,4,True,True,True,True,REFERENCE_ALREADY_CAPTURES
IDEA_1783452600000,1783669800000,1783669200000,1783670100000,5,True,True,False,True,BLOCKED_OPEN_TRADE
IDEA_1783662900000,1783690800000,1783689900000,1783691100000,4,True,True,True,True,REFERENCE_ALREADY_CAPTURES
IDEA_1783690800000,1783920900000,1783920600000,1783921200000,0,True,True,True,True,REFERENCE_ALREADY_CAPTURES
IDEA_1783920900000,1783960800000,1783960200000,1783961100000,0,True,True,False,True,BLOCKED_OPEN_TRADE
IDEA_1783920900000,1783962000000,1783961700000,1783962300000,0,True,True,False,True,BLOCKED_OPEN_TRADE
IDEA_1783920900000,1783987800000,1783987500000,1783988100000,1,False,True,False,True,STATE_REJECT
IDEA_1783920900000,1784091000000,1784090400000,1784091300000,0,True,True,True,True,REFERENCE_ALREADY_CAPTURES
IDEA_1784091000000,1784230800000,1784230500000,1784231100000,5,False,True,False,False,PERMISSION_REJECT
IDEA_1784815800000,1784871000000,1784870100000,1784871300000,0,True,True,False,True,BLOCKED_OPEN_TRADE
IDEA_1784815800000,1784872800000,1784872500000,1784873100000,0,True,True,False,True,BLOCKED_OPEN_TRADE
IDEA_1784815800000,1785159300000,1785157800000,1785159600000,5,True,True,True,True,REFERENCE_ALREADY_CAPTURES
IDEA_1785159300000,1785198600000,1785198000000,1785198900000,5,False,True,False,False,PERMISSION_REJECT
IDEA_1785159300000,1785204300000,1785204000000,1785204600000,0,False,True,False,False,PERMISSION_REJECT
IDEA_1785159300000,1785207900000,1785206400000,1785208200000,0,False,True,False,False,PERMISSION_REJECT
IDEA_1785159300000,1785216300000,1785214800000,1785216600000,0,False,True,False,False,PERMISSION_REJECT
IDEA_1785159300000,1785217200000,1785216600000,1785217500000,0,False,True,False,False,PERMISSION_REJECT
IDEA_1785159300000,1785234600000,1785231300000,1785234900000,0,False,True,False,False,PERMISSION_REJECT
IDEA_1785159300000,1785248700000,1785248400000,1785249000000,0,False,True,False,False,PERMISSION_REJECT
IDEA_1785159300000,1785288600000,1785286800000,1785288900000,4,False,True,False,False,PERMISSION_REJECT
IDEA_1785159300000,1785328500000,1785328200000,1785328800000,5,False,True,False,False,PERMISSION_REJECT
IDEA_1785159300000,1785334500000,1785333000000,1785334800000,0,False,True,False,False,PERMISSION_REJECT
IDEA_1786638000000,1786674600000,1786671000000,1786674900000,0,True,True,True,True,REFERENCE_ALREADY_CAPTURES
IDEA_1787067000000,1787086200000,1787085900000,1787086500000,0,True,True,True,True,REFERENCE_ALREADY_CAPTURES
IDEA_1787026800000,1787097000000,1787095800000,1787097300000,0,True,True,False,True,BLOCKED_OPEN_TRADE
IDEA_1787026800000,1787101500000,1787101200000,1787101800000,0,True,True,False,True,BLOCKED_OPEN_TRADE
IDEA_1787026800000,1787227800000,1787226000000,1787228100000,5,True,True,True,True,REFERENCE_ALREADY_CAPTURES
IDEA_1787595900000,1787757900000,1787755800000,1787758200000,5,False,True,False,False,PERMISSION_REJECT
IDEA_1787595900000,1787762700000,1787762100000,1787763000000,0,False,True,False,False,PERMISSION_REJECT
IDEA_1787595900000,1787825400000,1787823300000,1787825700000,0,False,True,False,False,PERMISSION_REJECT
IDEA_1788505200000,1788761700000,1788760800000,1788762000000,0,True,True,True,True,REFERENCE_ALREADY_CAPTURES
IDEA_1788761700000,1788898200000,1788897300000,1788898500000,0,True,True,True,True,REFERENCE_ALREADY_CAPTURES
IDEA_1789983600000,1790055900000,1790054400000,1790056200000,0,True,True,False,True,BLOCKED_OPEN_TRADE
IDEA_1789983600000,1790061300000,1790060700000,1790061600000,0,False,True,False,True,PERMISSION_REJECT
IDEA_1789983600000,1790064300000,1790062200000,1790064600000,0,False,True,False,False,PERMISSION_REJECT
IDEA_1789999800000,1790066100000,1790065500000,1790066400000,0,False,True,False,False,PERMISSION_REJECT
IDEA_1789999800000,1790154300000,1790152200000,1790154600000,0,False,True,False,False,PERMISSION_REJECT
IDEA_1789999800000,1790157600000,1790155800000,1790157900000,0,False,True,False,False,PERMISSION_REJECT
IDEA_1789999800000,1790163600000,1790162400000,1790163900000,0,False,True,False,False,PERMISSION_REJECT
IDEA_1789999800000,1790168100000,1790167800000,1790168400000,4,False,True,False,False,PERMISSION_REJECT
IDEA_1789999800000,1790172000000,1790170800000,1790172300000,0,False,True,False,False,PERMISSION_REJECT
IDEA_1789999800000,1790173800000,1790172900000,1790174100000,0,False,True,False,False,PERMISSION_REJECT
IDEA_1789999800000,1790178900000,1790177700000,1790179200000,0,False,True,False,False,PERMISSION_REJECT
IDEA_1789999800000,1790185500000,1790182800000,1790185800000,4,False,True,False,False,PERMISSION_REJECT
IDEA_1789999800000,1790215800000,1790215200000,1790216100000,5,False,True,False,False,PERMISSION_REJECT
IDEA_1789999800000,1790238600000,1790237700000,1790238900000,5,False,True,False,False,PERMISSION_REJECT
IDEA_1789999800000,1790246100000,1790244300000,1790246400000,0,False,True,False,False,PERMISSION_REJECT
