idea_id,first_signal_t,first_entry_t,first_exit_available_t,first_exit_kind,first_pnl_r,first_year,segment,first_entry_idx,original_horizon_end_idx,original_horizon_end_t,horizon_complete,fresh_start_idx,candidate_first_executed,terminal_status,fresh_screened_n,state_reject_n,permission_reject_n,geometry_reject_n,blocked_open_trade_n,fully_valid_n,reference_duplicate_n,second_attempt_signal_t,second_attempt_raw_pnl_r,second_attempt_weighted_pnl_r,second_attempt_exit_kind,second_attempt_entry_rr,combined_idea_r,double_loss,second_positive
IDEA_1520525400000,1520525400000,1520525700000,1520559600000,STOP,-1.0,2018,2018-2022,1575,2439,1520964900000,True,1676,True,FRESH_EVENTS_BLOCKED_OPEN_TRADE,3,0,1,0,2,2,0,,,0.0,,,-1.0,False,False
IDEA_1520559900000,1520559900000,1520560200000,1520601900000,STOP,-1.0,2018,2018-2022,1678,2542,1520999400000,True,1817,True,REFERENCE_ALREADY_CAPTURES,1,0,0,0,0,1,1,,,0.0,,,-1.0,False,False
IDEA_1520844600000,1520844600000,1520844900000,1520848200000,STOP,-1.0,2018,2018-2022,2051,2915,1521114900000,True,2062,True,REFERENCE_ALREADY_CAPTURES,10,1,8,0,0,1,1,,,0.0,,,-1.0,False,False
IDEA_1521111900000,1521111900000,1521112200000,1521117000000,STOP,-1.0,2018,2018-2022,2906,3770,1521555000000,True,2922,True,REFERENCE_ALREADY_CAPTURES,12,0,11,0,0,1,1,,,0.0,,,-1.0,False,False
IDEA_1521533700000,1521533700000,1521534000000,1521540600000,STOP,-1.0,2018,2018-2022,3700,4564,1521804000000,True,3722,True,FRESH_EVENTS_REJECTED_PERMISSION,1,0,1,0,0,0,0,,,0.0,,,-1.0,False,False
IDEA_1521540900000,1521540900000,1521541200000,1521548700000,STOP,-1.0,2018,2018-2022,3724,4588,1521811200000,True,3749,True,FRESH_EVENTS_REJECTED_PERMISSION,2,0,2,0,0,0,0,,,0.0,,,-1.0,False,False
IDEA_1522145700000,1522145700000,1522146000000,1522149300000,STOP,-1.0,2018,2018-2022,5104,5968,1522675800000,True,5115,True,REFERENCE_ALREADY_CAPTURES,1,0,0,0,0,1,1,,,0.0,,,-1.0,False,False
IDEA_1522158300000,1522158300000,1522158600000,1522234800000,STOP,-1.0,2018,2018-2022,5146,6010,1522688400000,True,5387,True,REFERENCE_ALREADY_CAPTURES,1,0,0,0,0,1,1,,,0.0,,,-1.0,False,False
IDEA_1522240500000,1522240500000,1522240800000,1522247700000,STOP,-1.0,2018,2018-2022,5407,6271,1522770300000,True,5430,True,REFERENCE_ALREADY_CAPTURES,1,0,0,0,0,1,1,,,0.0,,,-1.0,False,False
IDEA_1522249200000,1522249200000,1522249500000,1522253700000,STOP,-1.0,2018,2018-2022,5436,6300,1522779000000,True,5450,True,REFERENCE_ALREADY_CAPTURES,2,0,0,0,1,2,1,,,0.0,,,-1.0,False,False
IDEA_1522254300000,1522254300000,1522254600000,1522306800000,STOP,-1.0,2018,2018-2022,5453,6317,1522784100000,True,5615,True,REFERENCE_ALREADY_CAPTURES,2,0,0,0,1,2,1,,,0.0,,,-1.0,False,False
IDEA_1522743600000,1522743600000,1522743900000,1522762500000,STOP,-1.0,2018,2018-2022,6183,7047,1523013900000,True,6245,True,REFERENCE_ALREADY_CAPTURES,1,0,0,0,0,1,1,,,0.0,,,-1.0,False,False
IDEA_1522763100000,1522763100000,1522763400000,1522766700000,STOP,-1.0,2018,2018-2022,6248,7112,1523033400000,True,6259,True,REFERENCE_ALREADY_CAPTURES,1,0,0,0,0,1,1,,,0.0,,,-1.0,False,False
IDEA_1522866900000,1522866900000,1522867200000,1522902000000,STOP,-1.0,2018,2018-2022,6582,7446,1523313600000,True,6686,True,REFERENCE_ALREADY_CAPTURES,1,0,0,0,0,1,1,,,0.0,,,-1.0,False,False
IDEA_1523524200000,1523524200000,1523524500000,1523536200000,STOP,-1.0,2018,2018-2022,8125,8989,1523967600000,True,8164,True,REFERENCE_ALREADY_CAPTURES,3,0,0,0,2,3,1,,,0.0,,,-1.0,False,False
IDEA_1523536200000,1523536200000,1523536500000,1523543100000,STOP,-1.0,2018,2018-2022,8165,9029,1523979600000,True,8187,True,REFERENCE_ALREADY_CAPTURES,3,0,0,0,2,3,1,,,0.0,,,-1.0,False,False
IDEA_1523543700000,1523543700000,1523544000000,1523561700000,STOP,-1.0,2018,2018-2022,8190,9054,1523987100000,True,8249,True,REFERENCE_ALREADY_CAPTURES,1,0,0,0,0,1,1,,,0.0,,,-1.0,False,False
IDEA_1523954100000,1523954100000,1523954400000,1523969400000,STOP,-1.0,2018,2018-2022,8945,9809,1524224400000,True,8995,True,REFERENCE_ALREADY_CAPTURES,3,0,2,0,0,1,1,,,0.0,,,-1.0,False,False
IDEA_1524218100000,1524218100000,1524218400000,1524231000000,STOP,-1.0,2018,2018-2022,9789,10653,1524662100000,True,9831,True,REFERENCE_ALREADY_CAPTURES,3,0,0,0,2,3,1,,,0.0,,,-1.0,False,False
IDEA_1524232800000,1524232800000,1524233100000,1524436200000,STOP,-1.0,2018,2018-2022,9838,10702,1524676800000,True,9926,True,REFERENCE_ALREADY_CAPTURES,1,0,0,0,0,1,1,,,0.0,,,-1.0,False,False
IDEA_1524477300000,1524477300000,1524477600000,1524486600000,STOP,-1.0,2018,2018-2022,10064,10928,1524748200000,True,10094,True,FRESH_EVENTS_BLOCKED_OPEN_TRADE,10,0,6,0,4,4,0,,,0.0,,,-1.0,False,False
IDEA_1525172100000,1525172100000,1525172400000,1525181700000,STOP,-1.0,2018,2018-2022,11723,12587,1525442400000,True,11754,True,REFERENCE_ALREADY_CAPTURES,1,0,0,0,0,1,1,,,0.0,,,-1.0,False,False
IDEA_1525183200000,1525183200000,1525183500000,1525184400000,STOP,-1.0,2018,2018-2022,11760,12624,1525453500000,True,11763,True,REFERENCE_ALREADY_CAPTURES,1,0,0,0,0,1,1,,,0.0,,,-1.0,False,False
IDEA_1526360700000,1526360700000,1526361000000,1526382000000,STOP,-1.0,2018,2018-2022,14409,15273,1526631000000,True,14479,True,REFERENCE_ALREADY_CAPTURES,2,0,0,0,1,2,1,,,0.0,,,-1.0,False,False
IDEA_1526383800000,1526383800000,1526384100000,1526387700000,STOP,-1.0,2018,2018-2022,14486,15350,1526654100000,True,14498,True,REFERENCE_ALREADY_CAPTURES,1,0,0,0,0,1,1,,,0.0,,,-1.0,False,False
IDEA_1526392800000,1526392800000,1526393100000,1526404800000,STOP,-1.0,2018,2018-2022,14516,15380,1526663100000,True,14555,True,FRESH_EVENTS_BLOCKED_OPEN_TRADE,3,0,2,0,1,1,0,,,0.0,,,-1.0,False,False
IDEA_1526405400000,1526405400000,1526405700000,1526471100000,STOP,-1.0,2018,2018-2022,14558,15422,1526675700000,True,14764,True,FRESH_EVENTS_REJECTED_PERMISSION,7,0,7,0,0,0,0,,,0.0,,,-1.0,False,False
IDEA_1529901000000,1529901000000,1529901300000,1529906700000,STOP,-1.0,2018,2018-2022,22345,23209,1530171600000,True,22363,True,REFERENCE_ALREADY_CAPTURES,1,0,0,0,0,1,1,,,0.0,,,-1.0,False,False
IDEA_1529964000000,1529964000000,1529964300000,1529998500000,STOP,-1.0,2018,2018-2022,22543,23407,1530234900000,True,22657,True,REFERENCE_ALREADY_CAPTURES,1,0,0,0,0,1,1,,,0.0,,,-1.0,False,False
IDEA_1530006000000,1530006000000,1530006300000,1530065100000,STOP,-1.0,2018,2018-2022,22683,23547,1530276900000,True,22867,True,REFERENCE_ALREADY_CAPTURES,1,0,0,0,0,1,1,,,0.0,,,-1.0,False,False
IDEA_1530068700000,1530068700000,1530069000000,1530127200000,STOP,-1.0,2018,2018-2022,22880,23744,1530512700000,True,23074,True,FRESH_EVENTS_BLOCKED_OPEN_TRADE,3,1,0,0,2,2,0,,,0.0,,,-1.0,False,False
IDEA_1530127200000,1530127200000,1530127500000,1530207300000,STOP,-1.0,2018,2018-2022,23075,23939,1530575100000,True,23328,True,REFERENCE_ALREADY_CAPTURES,1,0,0,0,0,1,1,,,0.0,,,-1.0,False,False
IDEA_1530513000000,1530513000000,1530513300000,1530545100000,STOP,-1.0,2018,2018-2022,23746,24610,1530798000000,True,23852,True,REFERENCE_ALREADY_CAPTURES,3,0,2,0,0,1,1,,,0.0,,,-1.0,False,False
IDEA_1530768900000,1530768900000,1530769200000,1530784500000,STOP,-1.0,2018,2018-2022,24514,25378,1531212600000,True,24565,True,REFERENCE_ALREADY_CAPTURES,1,0,0,0,0,1,1,,,0.0,,,-1.0,False,False
IDEA_1531156500000,1531156500000,1531156800000,1531203600000,STOP,-1.0,2018,2018-2022,25204,26068,1531427400000,True,25348,True,REFERENCE_ALREADY_CAPTURES,2,0,0,0,1,2,1,,,0.0,,,-1.0,False,False
IDEA_1531204500000,1531204500000,1531204800000,1531212900000,STOP,-1.0,2018,2018-2022,25352,26216,1531475400000,True,25379,True,REFERENCE_ALREADY_CAPTURES,1,0,0,0,0,1,1,,,0.0,,,-1.0,False,False
IDEA_1531213500000,1531213500000,1531213800000,1531220400000,STOP,-1.0,2018,2018-2022,25382,26246,1531484400000,True,25404,True,REFERENCE_ALREADY_CAPTURES,1,0,0,0,0,1,1,,,0.0,,,-1.0,False,False
IDEA_1531310400000,1531310400000,1531310700000,1531322100000,STOP,-1.0,2018,2018-2022,25692,26556,1531754100000,True,25730,True,FRESH_EVENTS_REJECTED_PERMISSION,10,0,10,0,0,0,0,,,0.0,,,-1.0,False,False
IDEA_1531979400000,1531979400000,1531979700000,1531984500000,STOP,-1.0,2018,2018-2022,27272,28136,1532422800000,True,27288,True,REFERENCE_ALREADY_CAPTURES,6,0,5,0,0,1,1,,,0.0,,,-1.0,False,False
IDEA_1532351700000,1532351700000,1532352000000,1532363400000,STOP,-1.0,2018,2018-2022,27912,28776,1532622000000,True,27950,True,REFERENCE_ALREADY_CAPTURES,2,0,0,0,1,2,1,,,0.0,,,-1.0,False,False
IDEA_1532363700000,1532363700000,1532364000000,1532407800000,STOP,-1.0,2018,2018-2022,27952,28816,1532634000000,True,28086,True,REFERENCE_ALREADY_CAPTURES,1,0,0,0,0,1,1,,,0.0,,,-1.0,False,False
IDEA_1532594100000,1532594100000,1532594400000,1532628900000,STOP,-1.0,2018,2018-2022,28684,29548,1533038100000,True,28799,True,REFERENCE_ALREADY_CAPTURES,1,0,0,0,0,1,1,,,0.0,,,-1.0,False,False
IDEA_1532653800000,1532653800000,1532654100000,1532680200000,STOP,-1.0,2018,2018-2022,28870,29734,1533097500000,True,28957,True,FRESH_EVENTS_BLOCKED_OPEN_TRADE,10,1,8,0,1,1,0,,,0.0,,,-1.0,False,False
IDEA_1533536400000,1533536400000,1533536700000,1533550500000,STOP,-1.0,2018,2018-2022,30583,31447,1533807300000,True,30629,True,FRESH_EVENTS_REJECTED_PERMISSION,6,0,6,0,0,0,0,,,0.0,,,-1.0,False,False
IDEA_1534324500000,1534324500000,1534324800000,1534340400000,STOP,-1.0,2018,2018-2022,32545,33409,1534768500000,True,32597,True,REFERENCE_ALREADY_CAPTURES,2,0,0,0,1,2,1,,,0.0,,,-1.0,False,False
IDEA_1534341600000,1534341600000,1534341900000,1534347300000,STOP,-1.0,2018,2018-2022,32602,33466,1534785600000,True,32620,True,REFERENCE_ALREADY_CAPTURES,3,0,0,0,2,3,1,,,0.0,,,-1.0,False,False
IDEA_1534350300000,1534350300000,1534350600000,1534378200000,STOP,-1.0,2018,2018-2022,32631,33495,1534794300000,True,32711,True,REFERENCE_ALREADY_CAPTURES,1,0,0,0,0,1,1,,,0.0,,,-1.0,False,False
IDEA_1534983600000,1534983600000,1534983900000,1534986300000,STOP,-1.0,2018,2018-2022,34090,34954,1535427300000,True,34098,True,REFERENCE_ALREADY_CAPTURES,1,0,0,0,0,1,1,,,0.0,,,-1.0,False,False
IDEA_1534991700000,1534991700000,1534992000000,1535007900000,STOP,-1.0,2018,2018-2022,34117,34981,1535435400000,True,34170,True,REFERENCE_ALREADY_CAPTURES,1,0,0,0,0,1,1,,,0.0,,,-1.0,False,False
IDEA_1535466900000,1535466900000,1535467200000,1535479200000,STOP,-1.0,2018,2018-2022,35087,35951,1535738100000,True,35127,True,REFERENCE_ALREADY_CAPTURES,1,0,0,0,0,1,1,,,0.0,,,-1.0,False,False
IDEA_1535483700000,1535483700000,1535484000000,1535637300000,STOP,-1.0,2018,2018-2022,35143,36007,1535931600000,True,35629,True,HORIZON_EXPIRED,0,0,0,0,0,0,0,,,0.0,,,-1.0,False,False
IDEA_1536045300000,1536045300000,1536045600000,1536059700000,STOP,-1.0,2018,2018-2022,36327,37191,1536315900000,True,36374,True,REFERENCE_ALREADY_CAPTURES,1,0,0,0,0,1,1,,,0.0,,,-1.0,False,False
IDEA_1536325500000,1536325500000,1536325800000,1536669300000,STOP,-1.0,2018,2018-2022,37224,38088,1536769200000,True,37768,True,FRESH_EVENTS_REJECTED_PERMISSION,1,0,1,0,0,0,0,,,0.0,,,-1.0,False,False
IDEA_1536931800000,1536931800000,1536932100000,1536934500000,STOP,-1.0,2018,2018-2022,38605,39469,1537375500000,True,38613,True,FRESH_EVENTS_BLOCKED_OPEN_TRADE,3,0,2,0,1,1,0,,,0.0,,,-1.0,False,False
IDEA_1536936600000,1536936600000,1536936900000,1536941100000,STOP,-1.0,2018,2018-2022,38621,39485,1537380300000,True,38635,True,REFERENCE_ALREADY_CAPTURES,1,0,0,0,0,1,1,,,0.0,,,-1.0,False,False
IDEA_1537842000000,1537842000000,1537842300000,1537965000000,STOP,-1.0,2018,2018-2022,40399,41263,1538114400000,True,40795,True,FRESH_EVENTS_REJECTED_PERMISSION,4,0,4,0,0,0,0,,,0.0,,,-1.0,False,False
IDEA_1538376600000,1538376600000,1538376900000,1538384700000,STOP,-1.0,2018,2018-2022,41549,42413,1538646900000,True,41575,True,REFERENCE_ALREADY_CAPTURES,6,0,5,0,0,1,1,,,0.0,,,-1.0,False,False
IDEA_1538961900000,1538961900000,1538962200000,1538965200000,STOP,-1.0,2018,2018-2022,42862,43726,1539232500000,True,42872,True,REFERENCE_ALREADY_CAPTURES,1,0,0,0,0,1,1,,,0.0,,,-1.0,False,False
IDEA_1539814200000,1539814200000,1539814500000,1539845100000,STOP,-1.0,2018,2018-2022,45028,45892,1540258200000,True,45130,True,FRESH_EVENTS_REJECTED_PERMISSION,5,0,5,0,0,0,0,,,0.0,,,-1.0,False,False
IDEA_1541162400000,1541162400000,1541162700000,1541422800000,STOP,-1.0,2018,2018-2022,48210,49074,1541611500000,True,48475,True,REFERENCE_ALREADY_CAPTURES,2,0,0,0,1,2,1,,,0.0,,,-1.0,False,False
IDEA_1543244700000,1543244700000,1543245000000,1543301100000,STOP,-1.0,2018,2018-2022,52504,53368,1543518600000,True,52675,True,REFERENCE_ALREADY_CAPTURES,5,0,4,0,0,1,1,,,0.0,,,-1.0,False,False
IDEA_1543515600000,1543515600000,1543515900000,1543586400000,STOP,-1.0,2018,2018-2022,53359,54223,1543967100000,True,53577,True,REFERENCE_ALREADY_CAPTURES,1,0,0,0,0,1,1,,,0.0,,,-1.0,False,False
IDEA_1543586700000,1543586700000,1543587000000,1543588500000,STOP,-1.0,2018,2018-2022,53579,54443,1544033100000,True,53584,True,REFERENCE_ALREADY_CAPTURES,1,0,0,0,0,1,1,,,0.0,,,-1.0,False,False
IDEA_1549254900000,1549254900000,1549255200000,1549283400000,STOP,-1.0,2019,2018-2022,65369,66233,1549529700000,True,65461,True,FRESH_EVENTS_BLOCKED_OPEN_TRADE,8,0,5,0,3,3,0,,,0.0,,,-1.0,False,False
IDEA_1549871700000,1549871700000,1549872000000,1549875300000,STOP,-1.0,2019,2018-2022,66767,67631,1550143800000,True,66778,True,REFERENCE_ALREADY_CAPTURES,1,0,0,0,0,1,1,,,0.0,,,-1.0,False,False
IDEA_1549890300000,1549890300000,1549890600000,1549894800000,STOP,-1.0,2019,2018-2022,66829,67693,1550162700000,True,66843,True,FRESH_EVENTS_REJECTED_PERMISSION,2,0,2,0,0,0,0,,,0.0,,,-1.0,False,False
IDEA_1550773200000,1550773200000,1550773500000,1550784900000,STOP,-1.0,2019,2018-2022,69026,69890,1551223800000,True,69064,True,FRESH_EVENTS_BLOCKED_OPEN_TRADE,4,0,2,0,2,2,0,,,0.0,,,-1.0,False,False
IDEA_1551460800000,1551460800000,1551461100000,1551467400000,STOP,-1.0,2019,2018-2022,70632,71496,1551907200000,True,70653,True,REFERENCE_ALREADY_CAPTURES,4,0,3,0,0,1,1,,,0.0,,,-1.0,False,False
IDEA_1552304700000,1552304700000,1552305000000,1552315500000,STOP,-1.0,2019,2018-2022,72195,73059,1552581900000,True,72230,True,REFERENCE_ALREADY_CAPTURES,3,0,0,0,2,3,1,,,0.0,,,-1.0,False,False
IDEA_1552539600000,1552539600000,1552539900000,1552555800000,STOP,-1.0,2019,2018-2022,72919,73783,1552989000000,True,72972,True,REFERENCE_ALREADY_CAPTURES,1,0,0,0,0,1,1,,,0.0,,,-1.0,False,False
IDEA_1552557600000,1552557600000,1552557900000,1552568700000,STOP,-1.0,2019,2018-2022,72979,73843,1553007000000,True,73015,True,REFERENCE_ALREADY_CAPTURES,1,0,0,0,0,1,1,,,0.0,,,-1.0,False,False
IDEA_1553181600000,1553181600000,1553181900000,1553185500000,STOP,-1.0,2019,2018-2022,74385,75249,1553628900000,True,74397,True,REFERENCE_ALREADY_CAPTURES,1,0,0,0,0,1,1,,,0.0,,,-1.0,False,False
IDEA_1553580300000,1553580300000,1553580600000,1553594100000,STOP,-1.0,2019,2018-2022,75088,75952,1553854500000,True,75133,True,REFERENCE_ALREADY_CAPTURES,2,0,1,0,0,1,1,,,0.0,,,-1.0,False,False
IDEA_1553601000000,1553601000000,1553601300000,1553694300000,STOP,-1.0,2019,2018-2022,75157,76021,1553875200000,True,75452,True,REFERENCE_ALREADY_CAPTURES,5,0,0,0,4,5,1,,,0.0,,,-1.0,False,False
IDEA_1553694600000,1553694600000,1553694900000,1553766600000,STOP,-1.0,2019,2018-2022,75454,76318,1554141300000,True,75675,True,REFERENCE_ALREADY_CAPTURES,1,0,0,0,0,1,1,,,0.0,,,-1.0,False,False
IDEA_1553767200000,1553767200000,1553767500000,1553773800000,STOP,-1.0,2019,2018-2022,75678,76542,1554214500000,True,75699,True,FRESH_EVENTS_BLOCKED_OPEN_TRADE,3,0,2,0,1,1,0,,,0.0,,,-1.0,False,False
IDEA_1553774400000,1553774400000,1553774700000,1553778000000,STOP,-1.0,2019,2018-2022,75702,76566,1554221700000,True,75713,True,REFERENCE_ALREADY_CAPTURES,1,0,0,0,0,1,1,,,0.0,,,-1.0,False,False
IDEA_1553781900000,1553781900000,1553782200000,1553790900000,STOP,-1.0,2019,2018-2022,75727,76591,1554229200000,True,75756,True,FRESH_EVENTS_REJECTED_PERMISSION,7,0,7,0,0,0,0,,,0.0,,,-1.0,False,False
IDEA_1554466800000,1554466800000,1554467100000,1554468300000,STOP,-1.0,2019,2018-2022,77326,78190,1554915000000,True,77330,True,HORIZON_EXPIRED,0,0,0,0,0,0,0,,,0.0,,,-1.0,False,False
IDEA_1554966600000,1554966600000,1554966900000,1554981300000,STOP,-1.0,2019,2018-2022,78348,79212,1555412400000,True,78396,True,REFERENCE_ALREADY_CAPTURES,3,0,2,0,0,1,1,,,0.0,,,-1.0,False,False
IDEA_1554997800000,1554997800000,1554998100000,1555003500000,STOP,-1.0,2019,2018-2022,78452,79316,1555443600000,True,78470,True,REFERENCE_ALREADY_CAPTURES,1,0,0,0,0,1,1,,,0.0,,,-1.0,False,False
IDEA_1555072800000,1555072800000,1555073100000,1555288200000,STOP,-1.0,2019,2018-2022,78685,79549,1555518900000,True,78813,True,REFERENCE_ALREADY_CAPTURES,6,1,4,0,0,1,1,,,0.0,,,-1.0,False,False
IDEA_1555329600000,1555329600000,1555329900000,1555334400000,STOP,-1.0,2019,2018-2022,78952,79816,1555603800000,True,78967,True,FRESH_EVENTS_BLOCKED_OPEN_TRADE,7,0,6,0,1,1,0,,,0.0,,,-1.0,False,False
IDEA_1555334400000,1555334400000,1555334700000,1555417800000,STOP,-1.0,2019,2018-2022,78968,79832,1555608600000,True,79230,True,REFERENCE_ALREADY_CAPTURES,5,0,4,0,0,1,1,,,0.0,,,-1.0,False,False
IDEA_1555941900000,1555941900000,1555942200000,1555999200000,STOP,-1.0,2019,2018-2022,80062,80926,1556217000000,True,80232,True,REFERENCE_ALREADY_CAPTURES,1,0,0,0,0,1,1,,,0.0,,,-1.0,False,False
IDEA_1556018400000,1556018400000,1556018700000,1556023200000,STOP,-1.0,2019,2018-2022,80297,81161,1556292300000,True,80312,True,FRESH_EVENTS_BLOCKED_OPEN_TRADE,2,0,0,1,1,1,0,,,0.0,,,-1.0,False,False
IDEA_1556526600000,1556526600000,1556526900000,1556545800000,STOP,-1.0,2019,2018-2022,81345,82209,1556801100000,True,81408,True,REFERENCE_ALREADY_CAPTURES,1,0,0,0,0,1,1,,,0.0,,,-1.0,False,False
IDEA_1556679900000,1556679900000,1556680200000,1556736000000,STOP,-1.0,2019,2018-2022,81821,82685,1557128700000,True,82007,True,FRESH_EVENTS_REJECTED_PERMISSION,3,0,3,0,0,0,0,,,0.0,,,-1.0,False,False
IDEA_1556736600000,1556736600000,1556736900000,1556784600000,STOP,-1.0,2019,2018-2022,82010,82874,1557190800000,True,82154,True,REFERENCE_ALREADY_CAPTURES,3,1,1,0,0,1,1,,,0.0,,,-1.0,False,False
IDEA_1557144300000,1557144300000,1557144600000,1557147000000,STOP,-1.0,2019,2018-2022,82738,83602,1557420600000,True,82746,True,REFERENCE_ALREADY_CAPTURES,1,0,0,0,0,1,1,,,0.0,,,-1.0,False,False
IDEA_1557324600000,1557324600000,1557324900000,1557330900000,STOP,-1.0,2019,2018-2022,83299,84163,1557770400000,True,83319,True,FRESH_EVENTS_REJECTED_PERMISSION,5,0,5,0,0,0,0,,,0.0,,,-1.0,False,False
IDEA_1558687800000,1558687800000,1558688100000,1559046000000,STOP,-1.0,2019,2018-2022,86501,87365,1559150700000,True,87037,True,FRESH_EVENTS_REJECTED_PERMISSION,1,0,1,0,0,0,0,,,0.0,,,-1.0,False,False
IDEA_1561522200000,1561522200000,1561522500000,1561932300000,STOP,-1.0,2019,2018-2022,92671,93535,1561966800000,True,93420,True,FRESH_EVENTS_REJECTED_PERMISSION,2,0,2,0,0,0,0,,,0.0,,,-1.0,False,False
IDEA_1562159400000,1562159400000,1562159700000,1562330100000,STOP,-1.0,2019,2018-2022,94153,95017,1562617800000,True,94647,True,REFERENCE_ALREADY_CAPTURES,1,0,0,0,0,1,1,,,0.0,,,-1.0,False,False
IDEA_1562332200000,1562332200000,1562332500000,1562334600000,STOP,-1.0,2019,2018-2022,94655,95519,1562775900000,True,94662,True,FRESH_EVENTS_REJECTED_PERMISSION,6,0,6,0,0,0,0,,,0.0,,,-1.0,False,False
IDEA_1562857200000,1562857200000,1562857500000,1562866200000,STOP,-1.0,2019,2018-2022,95779,96643,1563301200000,True,95808,True,REFERENCE_ALREADY_CAPTURES,3,0,0,0,2,3,1,,,0.0,,,-1.0,False,False
IDEA_1563202200000,1563202200000,1563202500000,1563292800000,STOP,-1.0,2019,2018-2022,96328,97192,1563473700000,True,96615,True,REFERENCE_ALREADY_CAPTURES,1,0,0,0,0,1,1,,,0.0,,,-1.0,False,False
IDEA_1563433200000,1563433200000,1563433500000,1563453900000,STOP,-1.0,2019,2018-2022,97058,97922,1563877500000,True,97126,True,REFERENCE_ALREADY_CAPTURES,1,0,0,0,0,1,1,,,0.0,,,-1.0,False,False
IDEA_1563536100000,1563536100000,1563536400000,1563547500000,STOP,-1.0,2019,2018-2022,97389,98253,1563980400000,True,97426,True,FRESH_EVENTS_REJECTED_PERMISSION,3,0,3,0,0,0,0,,,0.0,,,-1.0,False,False
IDEA_1564581900000,1564581900000,1564582200000,1564590300000,STOP,-1.0,2019,2018-2022,99615,100479,1565025600000,True,99642,True,REFERENCE_ALREADY_CAPTURES,1,0,0,0,0,1,1,,,0.0,,,-1.0,False,False
IDEA_1564592100000,1564592100000,1564592400000,1564596300000,STOP,-1.0,2019,2018-2022,99649,100513,1565035800000,True,99662,True,REFERENCE_ALREADY_CAPTURES,1,0,0,0,0,1,1,,,0.0,,,-1.0,False,False
IDEA_1565968500000,1565968500000,1565968800000,1566206400000,STOP,-1.0,2019,2018-2022,102934,103798,1566412800000,True,103136,True,REFERENCE_ALREADY_CAPTURES,3,0,0,0,2,3,1,,,0.0,,,-1.0,False,False
IDEA_1566206400000,1566206400000,1566206700000,1566215100000,STOP,-1.0,2019,2018-2022,103137,104001,1566477900000,True,103165,True,REFERENCE_ALREADY_CAPTURES,1,0,0,0,0,1,1,,,0.0,,,-1.0,False,False
IDEA_1566365400000,1566365400000,1566365700000,1566371100000,STOP,-1.0,2019,2018-2022,103641,104505,1566809400000,True,103659,True,FRESH_EVENTS_REJECTED_PERMISSION,10,0,10,0,0,0,0,,,0.0,,,-1.0,False,False
IDEA_1569303000000,1569303000000,1569303300000,1569332700000,STOP,-1.0,2019,2018-2022,110207,111071,1569573600000,True,110305,True,REFERENCE_ALREADY_CAPTURES,1,0,0,0,0,1,1,,,0.0,,,-1.0,False,False
IDEA_1569413700000,1569413700000,1569414000000,1569422100000,STOP,-1.0,2019,2018-2022,110564,111428,1569857100000,True,110591,True,REFERENCE_ALREADY_CAPTURES,1,0,0,0,0,1,1,,,0.0,,,-1.0,False,False
IDEA_1569499800000,1569499800000,1569500100000,1569566400000,STOP,-1.0,2019,2018-2022,110838,111702,1569943800000,True,111047,True,FRESH_EVENTS_REJECTED_PERMISSION,2,0,2,0,0,0,0,,,0.0,,,-1.0,False,False
IDEA_1569568500000,1569568500000,1569568800000,1569579000000,STOP,-1.0,2019,2018-2022,111055,111919,1570012500000,True,111089,True,REFERENCE_ALREADY_CAPTURES,12,0,11,0,0,1,1,,,0.0,,,-1.0,False,False
IDEA_1570438500000,1570438500000,1570438800000,1570446600000,STOP,-1.0,2019,2018-2022,112727,113591,1570709100000,True,112753,True,REFERENCE_ALREADY_CAPTURES,2,0,0,0,1,2,1,,,0.0,,,-1.0,False,False
IDEA_1570447200000,1570447200000,1570447500000,1570469700000,STOP,-1.0,2019,2018-2022,112756,113620,1570717800000,True,112830,True,REFERENCE_ALREADY_CAPTURES,1,0,0,0,0,1,1,,,0.0,,,-1.0,False,False
IDEA_1570795200000,1570795200000,1570795500000,1570804200000,STOP,-1.0,2019,2018-2022,113864,114728,1571240100000,True,113893,True,FRESH_EVENTS_REJECTED_PERMISSION,5,0,5,0,0,0,0,,,0.0,,,-1.0,False,False
IDEA_1571385000000,1571385000000,1571385300000,1571396700000,STOP,-1.0,2019,2018-2022,115181,116045,1571831400000,True,115219,True,REFERENCE_ALREADY_CAPTURES,1,0,0,0,0,1,1,,,0.0,,,-1.0,False,False
IDEA_1571645100000,1571645100000,1571645400000,1571670900000,STOP,-1.0,2019,2018-2022,115457,116321,1571918700000,True,115542,True,FRESH_EVENTS_REJECTED_PERMISSION,5,0,5,0,0,0,0,,,0.0,,,-1.0,False,False
IDEA_1572274200000,1572274200000,1572274500000,1572345600000,STOP,-1.0,2019,2018-2022,116905,117769,1572546600000,True,117125,True,REFERENCE_ALREADY_CAPTURES,1,0,0,0,0,1,1,,,0.0,,,-1.0,False,False
IDEA_1572885600000,1572885600000,1572885900000,1572952200000,STOP,-1.0,2019,2018-2022,118281,119145,1573156200000,True,118489,True,REFERENCE_ALREADY_CAPTURES,1,0,0,0,0,1,1,,,0.0,,,-1.0,False,False
IDEA_1572959100000,1572959100000,1572959400000,1572960600000,STOP,-1.0,2019,2018-2022,118513,119377,1573229700000,True,118517,True,REFERENCE_ALREADY_CAPTURES,1,0,0,0,0,1,1,,,0.0,,,-1.0,False,False
IDEA_1572966600000,1572966600000,1572966900000,1572971100000,STOP,-1.0,2019,2018-2022,118538,119402,1573237200000,True,118552,True,REFERENCE_ALREADY_CAPTURES,8,0,7,0,0,1,1,,,0.0,,,-1.0,False,False
IDEA_1573485600000,1573485600000,1573485900000,1573487700000,STOP,-1.0,2019,2018-2022,119639,120503,1573758600000,True,119645,True,FRESH_EVENTS_BLOCKED_OPEN_TRADE,1,0,0,0,1,1,0,,,0.0,,,-1.0,False,False
IDEA_1573797600000,1573797600000,1573797900000,1574065500000,STOP,-1.0,2019,2018-2022,120620,121484,1574241900000,True,120924,True,REFERENCE_ALREADY_CAPTURES,1,0,0,0,0,1,1,,,0.0,,,-1.0,False,False
IDEA_1574151000000,1574151000000,1574151300000,1574157300000,STOP,-1.0,2019,2018-2022,121198,122062,1574423700000,True,121218,True,REFERENCE_ALREADY_CAPTURES,1,0,0,0,0,1,1,,,0.0,,,-1.0,False,False
IDEA_1574261400000,1574261400000,1574261700000,1574264400000,STOP,-1.0,2019,2018-2022,121550,122414,1574705700000,True,121559,True,FRESH_EVENTS_BLOCKED_OPEN_TRADE,3,0,1,0,2,2,0,,,0.0,,,-1.0,False,False
IDEA_1574264400000,1574264400000,1574264700000,1574349300000,STOP,-1.0,2019,2018-2022,121560,122424,1574708700000,True,121830,True,REFERENCE_ALREADY_CAPTURES,7,0,6,0,0,1,1,,,0.0,,,-1.0,False,False
IDEA_1574690100000,1574690100000,1574690400000,1574733000000,STOP,-1.0,2019,2018-2022,122363,123227,1574982000000,True,122490,True,FRESH_EVENTS_REJECTED_PERMISSION,4,1,3,0,0,0,0,,,0.0,,,-1.0,False,False
IDEA_1575474900000,1575474900000,1575475200000,1575639300000,STOP,-1.0,2019,2018-2022,124218,125082,1575921300000,True,124732,True,REFERENCE_ALREADY_CAPTURES,1,0,0,0,0,1,1,,,0.0,,,-1.0,False,False
IDEA_1576598100000,1576598100000,1576598400000,1576675500000,STOP,-1.0,2019,2018-2022,126684,127548,1576875600000,True,126918,True,REFERENCE_ALREADY_CAPTURES,1,0,0,0,0,1,1,,,0.0,,,-1.0,False,False
IDEA_1579597200000,1579597200000,1579597500000,1579616400000,STOP,-1.0,2020,2018-2022,132808,133672,1579867800000,True,132871,True,REFERENCE_ALREADY_CAPTURES,1,0,0,0,0,1,1,,,0.0,,,-1.0,False,False
IDEA_1580197800000,1580197800000,1580198100000,1580214000000,STOP,-1.0,2020,2018-2022,134171,135035,1580468100000,True,134224,True,REFERENCE_ALREADY_CAPTURES,7,0,6,0,0,1,1,,,0.0,,,-1.0,False,False
IDEA_1582826100000,1582826100000,1582826400000,1582869300000,STOP,-1.0,2020,2018-2022,140306,141170,1583269200000,True,140437,True,REFERENCE_ALREADY_CAPTURES,2,0,0,0,1,2,1,,,0.0,,,-1.0,False,False
IDEA_1582870800000,1582870800000,1582871100000,1582893000000,STOP,-1.0,2020,2018-2022,140443,141307,1583313900000,True,140516,True,REFERENCE_ALREADY_CAPTURES,1,0,0,0,0,1,1,,,0.0,,,-1.0,False,False
IDEA_1582901400000,1582901400000,1582901700000,1582903200000,STOP,-1.0,2020,2018-2022,140545,141409,1583344500000,True,140550,True,REFERENCE_ALREADY_CAPTURES,1,0,0,0,0,1,1,,,0.0,,,-1.0,False,False
IDEA_1582903200000,1582903200000,1582903500000,1582904400000,STOP,-1.0,2020,2018-2022,140551,141415,1583346300000,True,140554,True,FRESH_EVENTS_BLOCKED_OPEN_TRADE,3,0,0,0,3,3,0,,,0.0,,,-1.0,False,False
IDEA_1583802600000,1583802600000,1583802900000,1583820300000,STOP,-1.0,2020,2018-2022,142320,143184,1584072900000,True,142378,True,FRESH_EVENTS_BLOCKED_OPEN_TRADE,5,0,4,0,1,1,0,,,0.0,,,-1.0,False,False
IDEA_1583820300000,1583820300000,1583820600000,1583948100000,STOP,-1.0,2020,2018-2022,142379,143243,1584090600000,True,142792,True,FRESH_EVENTS_REJECTED_PERMISSION,7,0,7,0,0,0,0,,,0.0,,,-1.0,False,False
IDEA_1586918700000,1586918700000,1586919000000,1586933700000,STOP,-1.0,2020,2018-2022,149218,150082,1587361800000,True,149267,True,REFERENCE_ALREADY_CAPTURES,7,0,6,0,0,1,1,,,0.0,,,-1.0,False,False
IDEA_1587120900000,1587120900000,1587121200000,1587342000000,STOP,-1.0,2020,2018-2022,149868,150732,1587564000000,True,150016,True,FRESH_EVENTS_REJECTED_PERMISSION,1,0,1,0,0,0,0,,,0.0,,,-1.0,False,False
IDEA_1587705300000,1587705300000,1587705600000,1587741600000,STOP,-1.0,2020,2018-2022,151179,152043,1588148400000,True,151299,True,REFERENCE_ALREADY_CAPTURES,5,0,0,0,4,5,1,,,0.0,,,-1.0,False,False
IDEA_1587744000000,1587744000000,1587744300000,1588036500000,STOP,-1.0,2020,2018-2022,151308,152172,1588187100000,True,151682,True,REFERENCE_ALREADY_CAPTURES,2,0,0,0,1,2,1,,,0.0,,,-1.0,False,False
IDEA_1588038600000,1588038600000,1588038900000,1588050300000,STOP,-1.0,2020,2018-2022,151690,152554,1588308900000,True,151728,True,REFERENCE_ALREADY_CAPTURES,1,0,0,0,0,1,1,,,0.0,,,-1.0,False,False
IDEA_1588760700000,1588760700000,1588761000000,1588769100000,STOP,-1.0,2020,2018-2022,153449,154313,1589203800000,True,153476,True,REFERENCE_ALREADY_CAPTURES,1,0,0,0,0,1,1,,,0.0,,,-1.0,False,False
IDEA_1588769400000,1588769400000,1588769700000,1588770300000,STOP,-1.0,2020,2018-2022,153478,154342,1589212500000,True,153480,True,REFERENCE_ALREADY_CAPTURES,4,0,0,0,3,4,1,,,0.0,,,-1.0,False,False
IDEA_1588771500000,1588771500000,1588771800000,1588802700000,STOP,-1.0,2020,2018-2022,153485,154349,1589214600000,True,153576,True,REFERENCE_ALREADY_CAPTURES,1,0,0,0,0,1,1,,,0.0,,,-1.0,False,False
IDEA_1588966200000,1588966200000,1588966500000,1589193000000,STOP,-1.0,2020,2018-2022,154110,154974,1589412900000,True,154277,True,FRESH_EVENTS_BLOCKED_OPEN_TRADE,3,0,0,0,3,3,0,,,0.0,,,-1.0,False,False
IDEA_1589807100000,1589807100000,1589807400000,1589808000000,STOP,-1.0,2020,2018-2022,155688,156552,1590077700000,True,155690,True,REFERENCE_ALREADY_CAPTURES,5,0,1,0,3,4,1,,,0.0,,,-1.0,False,False
IDEA_1589808000000,1589808000000,1589808300000,1589809800000,STOP,-1.0,2020,2018-2022,155691,156555,1590078600000,True,155696,True,REFERENCE_ALREADY_CAPTURES,3,0,2,0,0,1,1,,,0.0,,,-1.0,False,False
IDEA_1589979300000,1589979300000,1589979600000,1590029400000,STOP,-1.0,2020,2018-2022,156237,157101,1590422400000,True,156391,True,REFERENCE_ALREADY_CAPTURES,1,0,0,0,0,1,1,,,0.0,,,-1.0,False,False
IDEA_1590048000000,1590048000000,1590048300000,1590055800000,STOP,-1.0,2020,2018-2022,156454,157318,1590505500000,True,156479,True,REFERENCE_ALREADY_CAPTURES,1,0,0,0,0,1,1,,,0.0,,,-1.0,False,False
IDEA_1590056100000,1590056100000,1590056400000,1590069900000,STOP,-1.0,2020,2018-2022,156481,157345,1590513600000,True,156526,True,REFERENCE_ALREADY_CAPTURES,1,0,0,0,0,1,1,,,0.0,,,-1.0,False,False
IDEA_1590366900000,1590366900000,1590367200000,1590414000000,STOP,-1.0,2020,2018-2022,156917,157781,1590651600000,True,157073,True,REFERENCE_ALREADY_CAPTURES,5,1,3,0,0,1,1,,,0.0,,,-1.0,False,False
IDEA_1591017300000,1591017300000,1591017600000,1591115400000,STOP,-1.0,2020,2018-2022,158401,159265,1591287600000,True,158715,True,REFERENCE_ALREADY_CAPTURES,1,0,0,0,0,1,1,,,0.0,,,-1.0,False,False
IDEA_1591115700000,1591115700000,1591116000000,1591173600000,STOP,-1.0,2020,2018-2022,158717,159581,1591386000000,True,158897,True,REFERENCE_ALREADY_CAPTURES,1,0,0,0,0,1,1,,,0.0,,,-1.0,False,False
IDEA_1591190400000,1591190400000,1591190700000,1591193700000,STOP,-1.0,2020,2018-2022,158954,159818,1591633500000,True,158964,True,REFERENCE_ALREADY_CAPTURES,1,0,0,0,0,1,1,,,0.0,,,-1.0,False,False
IDEA_1591352400000,1591352400000,1591352700000,1591360500000,STOP,-1.0,2020,2018-2022,159470,160334,1591795800000,True,159496,True,FRESH_EVENTS_REJECTED_PERMISSION,2,0,2,0,0,0,0,,,0.0,,,-1.0,False,False
IDEA_1592190600000,1592190600000,1592190900000,1592200800000,STOP,-1.0,2020,2018-2022,161039,161903,1592460900000,True,161072,True,REFERENCE_ALREADY_CAPTURES,6,0,5,0,0,1,1,,,0.0,,,-1.0,False,False
IDEA_1592311500000,1592311500000,1592311800000,1592386500000,STOP,-1.0,2020,2018-2022,161430,162294,1592581800000,True,161667,True,REFERENCE_ALREADY_CAPTURES,1,0,0,0,0,1,1,,,0.0,,,-1.0,False,False
IDEA_1593005400000,1593005400000,1593005700000,1593036300000,STOP,-1.0,2020,2018-2022,163095,163959,1593448800000,True,163185,True,FRESH_EVENTS_BLOCKED_OPEN_TRADE,5,0,0,0,5,5,0,,,0.0,,,-1.0,False,False
IDEA_1593602700000,1593602700000,1593603000000,1593606300000,STOP,-1.0,2020,2018-2022,164448,165312,1594060200000,True,164459,True,REFERENCE_ALREADY_CAPTURES,1,0,0,0,0,1,1,,,0.0,,,-1.0,False,False
IDEA_1593609300000,1593609300000,1593609600000,1593611700000,STOP,-1.0,2020,2018-2022,164470,165334,1594066800000,True,164477,True,FRESH_EVENTS_BLOCKED_OPEN_TRADE,5,0,0,0,5,5,0,,,0.0,,,-1.0,False,False
IDEA_1594298100000,1594298100000,1594298400000,1594307100000,STOP,-1.0,2020,2018-2022,166070,166934,1594742100000,True,166099,True,FRESH_EVENTS_BLOCKED_OPEN_TRADE,5,0,4,0,1,1,0,,,0.0,,,-1.0,False,False
IDEA_1594307400000,1594307400000,1594307700000,1594722000000,STOP,-1.0,2020,2018-2022,166101,166965,1594751400000,True,166867,True,HORIZON_EXPIRED,0,0,0,0,0,0,0,,,0.0,,,-1.0,False,False
IDEA_1594811700000,1594811700000,1594812000000,1594919100000,STOP,-1.0,2020,2018-2022,167155,168019,1595255700000,True,167498,True,FRESH_EVENTS_BLOCKED_OPEN_TRADE,2,0,1,0,1,1,0,,,0.0,,,-1.0,False,False
IDEA_1596774600000,1596774600000,1596774900000,1596809100000,STOP,-1.0,2020,2018-2022,171763,172627,1597217700000,True,171877,True,REFERENCE_ALREADY_CAPTURES,1,0,0,0,0,1,1,,,0.0,,,-1.0,False,False
IDEA_1596814800000,1596814800000,1596815100000,1596821100000,STOP,-1.0,2020,2018-2022,171897,172761,1597257900000,True,171917,True,REFERENCE_ALREADY_CAPTURES,7,0,3,0,3,4,1,,,0.0,,,-1.0,False,False
IDEA_1596822300000,1596822300000,1596822600000,1597126500000,STOP,-1.0,2020,2018-2022,171922,172786,1597265400000,True,172335,True,REFERENCE_ALREADY_CAPTURES,1,0,0,0,0,1,1,,,0.0,,,-1.0,False,False
IDEA_1597146600000,1597146600000,1597146900000,1597149900000,STOP,-1.0,2020,2018-2022,172403,173267,1597416900000,True,172413,True,REFERENCE_ALREADY_CAPTURES,1,0,0,0,0,1,1,,,0.0,,,-1.0,False,False
IDEA_1597150500000,1597150500000,1597150800000,1597151400000,STOP,-1.0,2020,2018-2022,172416,173280,1597420800000,True,172418,True,REFERENCE_ALREADY_CAPTURES,2,0,0,0,1,2,1,,,0.0,,,-1.0,False,False
IDEA_1597152000000,1597152000000,1597152300000,1597168800000,STOP,-1.0,2020,2018-2022,172421,173285,1597422300000,True,172476,True,FRESH_EVENTS_REJECTED_PERMISSION,2,0,2,0,0,0,0,,,0.0,,,-1.0,False,False
IDEA_1597171800000,1597171800000,1597172100000,1597197000000,STOP,-1.0,2020,2018-2022,172487,173351,1597618500000,True,172558,True,REFERENCE_ALREADY_CAPTURES,3,0,2,0,0,1,1,,,0.0,,,-1.0,False,False
IDEA_1597816800000,1597816800000,1597817100000,1597848300000,STOP,-1.0,2020,2018-2022,173989,174853,1598259900000,True,174093,True,REFERENCE_ALREADY_CAPTURES,1,0,0,0,0,1,1,,,0.0,,,-1.0,False,False
IDEA_1597851000000,1597851000000,1597851300000,1597861200000,STOP,-1.0,2020,2018-2022,174103,174967,1598294100000,True,174136,True,FRESH_EVENTS_BLOCKED_OPEN_TRADE,4,0,1,0,3,3,0,,,0.0,,,-1.0,False,False
IDEA_1597863000000,1597863000000,1597863300000,1598010000000,STOP,-1.0,2020,2018-2022,174143,175007,1598309700000,True,174608,True,FRESH_EVENTS_REJECTED_PERMISSION,5,0,5,0,0,0,0,,,0.0,,,-1.0,False,False
IDEA_1598353500000,1598353500000,1598353800000,1598364300000,STOP,-1.0,2020,2018-2022,175154,176018,1598623800000,True,175189,True,REFERENCE_ALREADY_CAPTURES,4,0,0,0,3,4,1,,,0.0,,,-1.0,False,False
IDEA_1598365200000,1598365200000,1598365500000,1598444400000,STOP,-1.0,2020,2018-2022,175193,176057,1598635500000,True,175444,True,REFERENCE_ALREADY_CAPTURES,1,0,0,0,0,1,1,,,0.0,,,-1.0,False,False
IDEA_1598971800000,1598971800000,1598972100000,1599032100000,STOP,-1.0,2020,2018-2022,176579,177443,1599242100000,True,176767,True,REFERENCE_ALREADY_CAPTURES,6,0,0,0,5,6,1,,,0.0,,,-1.0,False,False
IDEA_1599032700000,1599032700000,1599033000000,1599054000000,STOP,-1.0,2020,2018-2022,176770,177634,1599475800000,True,176840,True,REFERENCE_ALREADY_CAPTURES,1,0,0,0,0,1,1,,,0.0,,,-1.0,False,False
IDEA_1599057900000,1599057900000,1599058200000,1599115500000,STOP,-1.0,2020,2018-2022,176854,177718,1599519000000,True,177033,True,FRESH_EVENTS_BLOCKED_OPEN_TRADE,2,0,1,0,1,1,0,,,0.0,,,-1.0,False,False
IDEA_1599116100000,1599116100000,1599116400000,1599146700000,STOP,-1.0,2020,2018-2022,177036,177900,1599573600000,True,177137,True,REFERENCE_ALREADY_CAPTURES,1,0,0,0,0,1,1,,,0.0,,,-1.0,False,False
IDEA_1599223500000,1599223500000,1599223800000,1599224700000,STOP,-1.0,2020,2018-2022,177382,178246,1599681000000,True,177385,True,REFERENCE_ALREADY_CAPTURES,6,0,5,0,0,1,1,,,0.0,,,-1.0,False,False
IDEA_1600280100000,1600280100000,1600280400000,1600307700000,STOP,-1.0,2020,2018-2022,179605,180469,1600726800000,True,179684,True,REFERENCE_ALREADY_CAPTURES,1,0,0,0,0,1,1,,,0.0,,,-1.0,False,False
IDEA_1600335300000,1600335300000,1600335600000,1600681500000,STOP,-1.0,2020,2018-2022,179777,180641,1600778400000,True,180330,True,FRESH_EVENTS_BLOCKED_OPEN_TRADE,2,0,1,0,1,1,0,,,0.0,,,-1.0,False,False
IDEA_1600681800000,1600681800000,1600682100000,1600691400000,STOP,-1.0,2020,2018-2022,180332,181196,1600952100000,True,180363,True,REFERENCE_ALREADY_CAPTURES,3,0,2,0,0,1,1,,,0.0,,,-1.0,False,False
IDEA_1600756800000,1600756800000,1600757100000,1600834200000,STOP,-1.0,2020,2018-2022,180570,181434,1601027100000,True,180815,True,FRESH_EVENTS_BLOCKED_OPEN_TRADE,4,0,1,0,3,3,0,,,0.0,,,-1.0,False,False
IDEA_1600835400000,1600835400000,1600835700000,1600841700000,STOP,-1.0,2020,2018-2022,180820,181684,1601278500000,True,180840,True,REFERENCE_ALREADY_CAPTURES,10,0,9,0,0,1,1,,,0.0,,,-1.0,False,False
IDEA_1601604900000,1601604900000,1601605200000,1601615100000,STOP,-1.0,2020,2018-2022,182725,183589,1602048300000,True,182758,True,FRESH_EVENTS_REJECTED_PERMISSION,9,0,9,0,0,0,0,,,0.0,,,-1.0,False,False
IDEA_1602561300000,1602561300000,1602561600000,1602594300000,STOP,-1.0,2020,2018-2022,184676,185540,1602831600000,True,184785,True,REFERENCE_ALREADY_CAPTURES,1,0,0,0,0,1,1,,,0.0,,,-1.0,False,False
IDEA_1604928300000,1604928300000,1604928600000,1604929200000,STOP,-1.0,2020,2018-2022,190022,190886,1605198600000,True,190024,True,NO_FRESH_SETUP,0,0,0,0,0,0,0,,,0.0,,,-1.0,False,False
IDEA_1604929800000,1604929800000,1604930100000,1604934000000,STOP,-1.0,2020,2018-2022,190027,190891,1605200100000,True,190040,True,FRESH_EVENTS_REJECTED_PERMISSION,4,0,4,0,0,0,0,,,0.0,,,-1.0,False,False
IDEA_1605594000000,1605594000000,1605594300000,1605645900000,STOP,-1.0,2020,2018-2022,191592,192456,1605864900000,True,191764,True,FRESH_EVENTS_BLOCKED_OPEN_TRADE,3,0,0,0,3,3,0,,,0.0,,,-1.0,False,False
IDEA_1605646200000,1605646200000,1605646500000,1605696300000,STOP,-1.0,2020,2018-2022,191766,192630,1606093500000,True,191920,True,REFERENCE_ALREADY_CAPTURES,1,0,0,0,0,1,1,,,0.0,,,-1.0,False,False
IDEA_1606125600000,1606125600000,1606125900000,1606131000000,STOP,-1.0,2020,2018-2022,192738,193602,1606395900000,True,192755,True,REFERENCE_ALREADY_CAPTURES,1,0,0,0,0,1,1,,,0.0,,,-1.0,False,False
IDEA_1606138200000,1606138200000,1606138500000,1606143000000,STOP,-1.0,2020,2018-2022,192780,193644,1606408500000,True,192795,True,FRESH_EVENTS_BLOCKED_OPEN_TRADE,6,0,0,0,6,6,0,,,0.0,,,-1.0,False,False
IDEA_1606145400000,1606145400000,1606145700000,1606180800000,STOP,-1.0,2020,2018-2022,192804,193668,1606433700000,True,192909,True,REFERENCE_ALREADY_CAPTURES,1,0,0,0,0,1,1,,,0.0,,,-1.0,False,False
IDEA_1606187100000,1606187100000,1606187400000,1606215300000,STOP,-1.0,2020,2018-2022,192931,193795,1606471800000,True,193024,True,REFERENCE_ALREADY_CAPTURES,1,0,0,0,0,1,1,,,0.0,,,-1.0,False,False
IDEA_1606219200000,1606219200000,1606219500000,1606482900000,STOP,-1.0,2020,2018-2022,193038,193902,1606692000000,True,193832,True,REFERENCE_ALREADY_CAPTURES,1,0,0,0,0,1,1,,,0.0,,,-1.0,False,False
IDEA_1606486800000,1606486800000,1606487100000,1606705200000,STOP,-1.0,2020,2018-2022,193846,194710,1606942200000,True,193946,True,HORIZON_EXPIRED,0,0,0,0,0,0,0,,,0.0,,,-1.0,False,False
IDEA_1607425800000,1607425800000,1607426100000,1607487300000,STOP,-1.0,2020,2018-2022,195699,196563,1607696700000,True,195889,True,REFERENCE_ALREADY_CAPTURES,1,0,0,0,0,1,1,,,0.0,,,-1.0,False,False
IDEA_1607515200000,1607515200000,1607515500000,1607526000000,STOP,-1.0,2020,2018-2022,195983,196847,1607958600000,True,196018,True,FRESH_EVENTS_REJECTED_PERMISSION,1,0,1,0,0,0,0,,,0.0,,,-1.0,False,False
IDEA_1607527800000,1607527800000,1607528100000,1607540100000,STOP,-1.0,2020,2018-2022,196025,196889,1607971200000,True,196065,True,REFERENCE_ALREADY_CAPTURES,1,0,0,0,0,1,1,,,0.0,,,-1.0,False,False
IDEA_1607678100000,1607678100000,1607678400000,1607686200000,STOP,-1.0,2020,2018-2022,196502,197366,1608121500000,True,196528,True,FRESH_EVENTS_REJECTED_PERMISSION,3,0,3,0,0,0,0,,,0.0,,,-1.0,False,False
IDEA_1608617400000,1608617400000,1608617700000,1608621300000,STOP,-1.0,2020,2018-2022,198395,199259,1609159200000,True,198407,True,REFERENCE_ALREADY_CAPTURES,1,0,0,0,0,1,1,,,0.0,,,-1.0,False,False
IDEA_1609950000000,1609950000000,1609950300000,1610093100000,STOP,-1.0,2021,2018-2022,200960,201824,1610393100000,True,201412,True,FRESH_EVENTS_REJECTED_PERMISSION,6,0,6,0,0,0,0,,,0.0,,,-1.0,False,False
IDEA_1610534400000,1610534400000,1610534700000,1610571300000,STOP,-1.0,2021,2018-2022,202272,203136,1610977800000,True,202394,True,REFERENCE_ALREADY_CAPTURES,1,0,0,0,0,1,1,,,0.0,,,-1.0,False,False
IDEA_1610578800000,1610578800000,1610579100000,1610591700000,STOP,-1.0,2021,2018-2022,202408,203272,1611036600000,True,202450,True,REFERENCE_ALREADY_CAPTURES,1,0,0,0,0,1,1,,,0.0,,,-1.0,False,False
IDEA_1610719500000,1610719500000,1610719800000,1610724300000,STOP,-1.0,2021,2018-2022,202864,203728,1611177000000,True,202879,True,REFERENCE_ALREADY_CAPTURES,4,1,1,0,1,2,1,,,0.0,,,-1.0,False,False
IDEA_1610724600000,1610724600000,1610724900000,1610727300000,STOP,-1.0,2021,2018-2022,202881,203745,1611185700000,True,202889,True,REFERENCE_ALREADY_CAPTURES,1,0,0,0,0,1,1,,,0.0,,,-1.0,False,False
IDEA_1611234900000,1611234900000,1611235200000,1611237900000,STOP,-1.0,2021,2018-2022,203910,204774,1611678000000,True,203919,True,REFERENCE_ALREADY_CAPTURES,3,0,0,0,2,3,1,,,0.0,,,-1.0,False,False
IDEA_1611237900000,1611237900000,1611238200000,1611311700000,STOP,-1.0,2021,2018-2022,203920,204784,1611681000000,True,204153,True,REFERENCE_ALREADY_CAPTURES,1,0,0,0,0,1,1,,,0.0,,,-1.0,False,False
IDEA_1611315000000,1611315000000,1611315300000,1611320100000,STOP,-1.0,2021,2018-2022,204165,205029,1611758100000,True,204181,True,REFERENCE_ALREADY_CAPTURES,1,0,0,0,0,1,1,,,0.0,,,-1.0,False,False
IDEA_1611591600000,1611591600000,1611591900000,1611747600000,STOP,-1.0,2021,2018-2022,204499,205363,1611861900000,True,204994,True,FRESH_EVENTS_REJECTED_PERMISSION,2,0,2,0,0,0,0,,,0.0,,,-1.0,False,False
IDEA_1613013900000,1613013900000,1613014200000,1613063400000,STOP,-1.0,2021,2018-2022,207932,208796,1613471400000,True,208096,True,REFERENCE_ALREADY_CAPTURES,1,0,0,0,0,1,1,,,0.0,,,-1.0,False,False
IDEA_1613072400000,1613072400000,1613072700000,1613117100000,STOP,-1.0,2021,2018-2022,208127,208991,1613533500000,True,208263,True,FRESH_EVENTS_REJECTED_PERMISSION,9,0,9,0,0,0,0,,,0.0,,,-1.0,False,False
IDEA_1613569800000,1613569800000,1613570100000,1613661600000,STOP,-1.0,2021,2018-2022,209113,209977,1614012900000,True,209406,True,FRESH_EVENTS_REJECTED_PERMISSION,3,0,3,0,0,0,0,,,0.0,,,-1.0,False,False
IDEA_1614075000000,1614075000000,1614075300000,1614091200000,STOP,-1.0,2021,2018-2022,210173,211037,1614345600000,True,210226,True,REFERENCE_ALREADY_CAPTURES,3,0,0,0,2,3,1,,,0.0,,,-1.0,False,False
IDEA_1614092100000,1614092100000,1614092400000,1614174600000,STOP,-1.0,2021,2018-2022,210230,211094,1614362700000,True,210492,True,REFERENCE_ALREADY_CAPTURES,4,0,0,0,3,4,1,,,0.0,,,-1.0,False,False
IDEA_1614175200000,1614175200000,1614175500000,1614253800000,STOP,-1.0,2021,2018-2022,210495,211359,1614618600000,True,210743,True,REFERENCE_ALREADY_CAPTURES,3,0,0,0,2,3,1,,,0.0,,,-1.0,False,False
IDEA_1614254100000,1614254100000,1614254400000,1614265800000,STOP,-1.0,2021,2018-2022,210745,211609,1614697200000,True,210783,True,FRESH_EVENTS_BLOCKED_OPEN_TRADE,3,0,2,0,1,1,0,,,0.0,,,-1.0,False,False
IDEA_1614268500000,1614268500000,1614268800000,1614317700000,STOP,-1.0,2021,2018-2022,210793,211657,1614711600000,True,210944,True,FRESH_EVENTS_REJECTED_PERMISSION,9,0,9,0,0,0,0,,,0.0,,,-1.0,False,False
IDEA_1614762900000,1614762900000,1614763200000,1614776700000,STOP,-1.0,2021,2018-2022,211817,212681,1615206000000,True,211862,True,REFERENCE_ALREADY_CAPTURES,1,0,0,0,0,1,1,,,0.0,,,-1.0,False,False
IDEA_1614850500000,1614850500000,1614850800000,1614879600000,STOP,-1.0,2021,2018-2022,212097,212961,1615293600000,True,212193,True,REFERENCE_ALREADY_CAPTURES,5,0,4,0,0,1,1,,,0.0,,,-1.0,False,False
IDEA_1615193700000,1615193700000,1615194000000,1615204800000,STOP,-1.0,2021,2018-2022,212641,213505,1615464000000,True,212677,True,REFERENCE_ALREADY_CAPTURES,3,0,2,0,0,1,1,,,0.0,,,-1.0,False,False
IDEA_1615474200000,1615474200000,1615474500000,1615529700000,STOP,-1.0,2021,2018-2022,213540,214404,1615913700000,True,213712,True,REFERENCE_ALREADY_CAPTURES,1,0,0,0,0,1,1,,,0.0,,,-1.0,False,False
IDEA_1615533900000,1615533900000,1615534200000,1615540800000,STOP,-1.0,2021,2018-2022,213727,214591,1615973400000,True,213749,True,REFERENCE_ALREADY_CAPTURES,1,0,0,0,0,1,1,,,0.0,,,-1.0,False,False
IDEA_1615981500000,1615981500000,1615981800000,1615989900000,STOP,-1.0,2021,2018-2022,214619,215483,1616424600000,True,214646,True,REFERENCE_ALREADY_CAPTURES,1,0,0,0,0,1,1,,,0.0,,,-1.0,False,False
IDEA_1616068800000,1616068800000,1616069100000,1616073000000,STOP,-1.0,2021,2018-2022,214898,215762,1616511900000,True,214911,True,REFERENCE_ALREADY_CAPTURES,1,0,0,0,0,1,1,,,0.0,,,-1.0,False,False
IDEA_1616377200000,1616377200000,1616377500000,1616399400000,STOP,-1.0,2021,2018-2022,215326,216190,1616647500000,True,215399,True,FRESH_EVENTS_BLOCKED_OPEN_TRADE,4,0,0,0,4,4,0,,,0.0,,,-1.0,False,False
IDEA_1616692200000,1616692200000,1616692500000,1617025200000,STOP,-1.0,2021,2018-2022,216340,217204,1617135600000,True,216849,True,REFERENCE_ALREADY_CAPTURES,9,0,8,0,0,1,1,,,0.0,,,-1.0,False,False
IDEA_1617795600000,1617795600000,1617795900000,1617798000000,STOP,-1.0,2021,2018-2022,218481,219345,1618238700000,True,218488,True,REFERENCE_ALREADY_CAPTURES,2,1,0,0,0,1,1,,,0.0,,,-1.0,False,False
IDEA_1617944100000,1617944100000,1617944400000,1617949200000,STOP,-1.0,2021,2018-2022,218952,219816,1618387800000,True,218968,True,FRESH_EVENTS_REJECTED_PERMISSION,13,0,13,0,0,0,0,,,0.0,,,-1.0,False,False
IDEA_1619072700000,1619072700000,1619073000000,1619089200000,STOP,-1.0,2021,2018-2022,221452,222316,1619516400000,True,221506,True,REFERENCE_ALREADY_CAPTURES,2,0,0,0,1,2,1,,,0.0,,,-1.0,False,False
IDEA_1619089500000,1619089500000,1619089800000,1619097900000,STOP,-1.0,2021,2018-2022,221508,222372,1619533200000,True,221535,True,REFERENCE_ALREADY_CAPTURES,3,0,0,0,2,3,1,,,0.0,,,-1.0,False,False
IDEA_1619187000000,1619187000000,1619187300000,1619187900000,STOP,-1.0,2021,2018-2022,221819,222683,1619630400000,True,221821,True,FRESH_EVENTS_BLOCKED_OPEN_TRADE,9,0,4,0,5,5,0,,,0.0,,,-1.0,False,False
IDEA_1619189700000,1619189700000,1619190000000,1619602200000,STOP,-1.0,2021,2018-2022,221828,222692,1619633100000,True,222589,True,REFERENCE_ALREADY_CAPTURES,1,0,0,0,0,1,1,,,0.0,,,-1.0,False,False
IDEA_1619689800000,1619689800000,1619690100000,1619702400000,STOP,-1.0,2021,2018-2022,222870,223734,1620132900000,True,222911,True,REFERENCE_ALREADY_CAPTURES,2,0,0,0,1,2,1,,,0.0,,,-1.0,False,False
IDEA_1620106200000,1620106200000,1620106500000,1620129300000,STOP,-1.0,2021,2018-2022,223646,224510,1620376500000,True,223722,True,REFERENCE_ALREADY_CAPTURES,1,0,0,0,0,1,1,,,0.0,,,-1.0,False,False
IDEA_1620198600000,1620198600000,1620198900000,1620218100000,STOP,-1.0,2021,2018-2022,223942,224806,1620641700000,True,224006,True,HORIZON_EXPIRED,0,0,0,0,0,0,0,,,0.0,,,-1.0,False,False
IDEA_1620693600000,1620693600000,1620693900000,1620738000000,STOP,-1.0,2021,2018-2022,224968,225832,1620964200000,True,225115,True,REFERENCE_ALREADY_CAPTURES,2,0,0,1,0,1,1,,,0.0,,,-1.0,False,False
IDEA_1620833700000,1620833700000,1620834000000,1620851400000,STOP,-1.0,2021,2018-2022,225422,226286,1621276800000,True,225480,True,FRESH_EVENTS_BLOCKED_OPEN_TRADE,2,0,0,0,2,2,0,,,0.0,,,-1.0,False,False
IDEA_1621348200000,1621348200000,1621348500000,1621417800000,STOP,-1.0,2021,2018-2022,226513,227377,1621618800000,True,226731,True,FRESH_EVENTS_REJECTED_PERMISSION,4,0,4,0,0,0,0,,,0.0,,,-1.0,False,False
IDEA_1622544600000,1622544600000,1622544900000,1622556300000,STOP,-1.0,2021,2018-2022,229179,230043,1622814900000,True,229217,True,FRESH_EVENTS_BLOCKED_OPEN_TRADE,5,0,1,0,4,4,0,,,0.0,,,-1.0,False,False
IDEA_1622557500000,1622557500000,1622557800000,1622706600000,STOP,-1.0,2021,2018-2022,229222,230086,1622827800000,True,229694,True,FRESH_EVENTS_REJECTED_PERMISSION,2,0,2,0,0,0,0,,,0.0,,,-1.0,False,False
IDEA_1623160800000,1623160800000,1623161100000,1623310800000,STOP,-1.0,2021,2018-2022,230596,231460,1623431400000,True,231071,True,REFERENCE_ALREADY_CAPTURES,1,0,0,0,0,1,1,,,0.0,,,-1.0,False,False
IDEA_1623312600000,1623312600000,1623312900000,1623326700000,STOP,-1.0,2021,2018-2022,231078,231942,1623756000000,True,231124,True,REFERENCE_ALREADY_CAPTURES,2,1,0,0,0,1,1,,,0.0,,,-1.0,False,False
IDEA_1623404100000,1623404100000,1623404400000,1623414600000,STOP,-1.0,2021,2018-2022,231370,232234,1623847200000,True,231404,True,REFERENCE_ALREADY_CAPTURES,2,0,0,0,1,2,1,,,0.0,,,-1.0,False,False
IDEA_1623414900000,1623414900000,1623415200000,1623417300000,STOP,-1.0,2021,2018-2022,231406,232270,1623858000000,True,231413,True,REFERENCE_ALREADY_CAPTURES,10,0,9,0,0,1,1,,,0.0,,,-1.0,False,False
IDEA_1623660000000,1623660000000,1623660300000,1623672600000,STOP,-1.0,2021,2018-2022,231635,232499,1623930300000,True,231676,True,REFERENCE_ALREADY_CAPTURES,1,0,0,0,0,1,1,,,0.0,,,-1.0,False,False
IDEA_1623767400000,1623767400000,1623767700000,1623774600000,STOP,-1.0,2021,2018-2022,231981,232845,1624037700000,True,232004,True,REFERENCE_ALREADY_CAPTURES,2,0,0,0,1,2,1,,,0.0,,,-1.0,False,False
IDEA_1623776400000,1623776400000,1623776700000,1623866700000,STOP,-1.0,2021,2018-2022,232011,232875,1624046700000,True,232299,True,REFERENCE_ALREADY_CAPTURES,4,0,2,0,1,2,1,,,0.0,,,-1.0,False,False
IDEA_1623867600000,1623867600000,1623867900000,1623873300000,STOP,-1.0,2021,2018-2022,232303,233167,1624314300000,True,232321,True,REFERENCE_ALREADY_CAPTURES,1,0,0,0,0,1,1,,,0.0,,,-1.0,False,False
IDEA_1623920700000,1623920700000,1623921000000,1623930300000,STOP,-1.0,2021,2018-2022,232468,233332,1624363800000,True,232499,True,REFERENCE_ALREADY_CAPTURES,1,0,0,0,0,1,1,,,0.0,,,-1.0,False,False
IDEA_1623939300000,1623939300000,1623939600000,1623944100000,STOP,-1.0,2021,2018-2022,232530,233394,1624382400000,True,232545,True,FRESH_EVENTS_BLOCKED_OPEN_TRADE,5,0,0,0,5,5,0,,,0.0,,,-1.0,False,False
IDEA_1624476000000,1624476000000,1624476300000,1624844700000,STOP,-1.0,2021,2018-2022,233695,234559,1624922700000,True,234311,True,HORIZON_EXPIRED,0,0,0,0,0,0,0,,,0.0,,,-1.0,False,False
IDEA_1624937100000,1624937100000,1624937400000,1624953900000,STOP,-1.0,2021,2018-2022,234608,235472,1625207400000,True,234663,True,REFERENCE_ALREADY_CAPTURES,1,0,0,0,0,1,1,,,0.0,,,-1.0,False,False
IDEA_1624966200000,1624966200000,1624966500000,1624970700000,STOP,-1.0,2021,2018-2022,234705,235569,1625236500000,True,234719,True,REFERENCE_ALREADY_CAPTURES,3,0,0,0,2,3,1,,,0.0,,,-1.0,False,False
IDEA_1626345300000,1626345300000,1626345600000,1626358500000,STOP,-1.0,2021,2018-2022,237958,238822,1626788400000,True,238001,True,REFERENCE_ALREADY_CAPTURES,1,0,0,0,0,1,1,,,0.0,,,-1.0,False,False
IDEA_1626361500000,1626361500000,1626361800000,1626434400000,STOP,-1.0,2021,2018-2022,238012,238876,1626804600000,True,238242,True,REFERENCE_ALREADY_CAPTURES,1,0,0,0,0,1,1,,,0.0,,,-1.0,False,False
IDEA_1626434700000,1626434700000,1626435000000,1626447000000,STOP,-1.0,2021,2018-2022,238244,239108,1626877800000,True,238284,True,REFERENCE_ALREADY_CAPTURES,1,0,0,0,0,1,1,,,0.0,,,-1.0,False,False
IDEA_1626450900000,1626450900000,1626451200000,1626675600000,STOP,-1.0,2021,2018-2022,238298,239162,1626894000000,True,238458,True,REFERENCE_ALREADY_CAPTURES,3,0,0,0,2,3,1,,,0.0,,,-1.0,False,False
IDEA_1626678300000,1626678300000,1626678600000,1626696300000,STOP,-1.0,2021,2018-2022,238468,239332,1626948600000,True,238527,True,REFERENCE_ALREADY_CAPTURES,1,0,0,0,0,1,1,,,0.0,,,-1.0,False,False
IDEA_1626792900000,1626792900000,1626793200000,1626860700000,STOP,-1.0,2021,2018-2022,238838,239702,1627063200000,True,239051,True,FRESH_EVENTS_REJECTED_PERMISSION,9,0,9,0,0,0,0,,,0.0,,,-1.0,False,False
IDEA_1627624500000,1627624500000,1627624800000,1627649700000,STOP,-1.0,2021,2018-2022,240938,241802,1628068200000,True,241021,True,REFERENCE_ALREADY_CAPTURES,3,0,0,0,2,3,1,,,0.0,,,-1.0,False,False
IDEA_1627650900000,1627650900000,1627651200000,1627662300000,STOP,-1.0,2021,2018-2022,241026,241890,1628094600000,True,241063,True,REFERENCE_ALREADY_CAPTURES,1,0,0,0,0,1,1,,,0.0,,,-1.0,False,False
IDEA_1627662900000,1627662900000,1627663200000,1627664700000,STOP,-1.0,2021,2018-2022,241066,241930,1628106600000,True,241071,True,REFERENCE_ALREADY_CAPTURES,2,0,0,0,1,2,1,,,0.0,,,-1.0,False,False
IDEA_1627664700000,1627664700000,1627665000000,1627868400000,STOP,-1.0,2021,2018-2022,241072,241936,1628108400000,True,241162,True,FRESH_EVENTS_BLOCKED_OPEN_TRADE,7,0,1,0,6,6,0,,,0.0,,,-1.0,False,False
IDEA_1628522100000,1628522100000,1628522400000,1628604900000,STOP,-1.0,2021,2018-2022,242701,243565,1628792700000,True,242964,True,REFERENCE_ALREADY_CAPTURES,2,1,0,0,0,1,1,,,0.0,,,-1.0,False,False
IDEA_1629210000000,1629210000000,1629210300000,1629300000000,STOP,-1.0,2021,2018-2022,244345,245209,1629480300000,True,244632,True,FRESH_EVENTS_REJECTED_PERMISSION,2,0,2,0,0,0,0,,,0.0,,,-1.0,False,False
IDEA_1629895500000,1629895500000,1629895800000,1629899100000,STOP,-1.0,2021,2018-2022,245981,246845,1630338900000,True,245992,True,REFERENCE_ALREADY_CAPTURES,1,0,0,0,0,1,1,,,0.0,,,-1.0,False,False
IDEA_1629961200000,1629961200000,1629961500000,1629982500000,STOP,-1.0,2021,2018-2022,246187,247051,1630404300000,True,246257,True,REFERENCE_ALREADY_CAPTURES,4,1,2,0,0,1,1,,,0.0,,,-1.0,False,False
IDEA_1630309800000,1630309800000,1630310100000,1630337700000,STOP,-1.0,2021,2018-2022,246749,247613,1630580400000,True,246841,True,REFERENCE_ALREADY_CAPTURES,1,0,0,0,0,1,1,,,0.0,,,-1.0,False,False
IDEA_1631015700000,1631015700000,1631016000000,1631023500000,STOP,-1.0,2021,2018-2022,248405,249269,1631286000000,True,248430,True,REFERENCE_ALREADY_CAPTURES,2,0,0,0,1,2,1,,,0.0,,,-1.0,False,False
IDEA_1631025300000,1631025300000,1631025600000,1631109000000,STOP,-1.0,2021,2018-2022,248437,249301,1631295600000,True,248703,True,FRESH_EVENTS_REJECTED_PERMISSION,4,0,4,0,0,0,0,,,0.0,,,-1.0,False,False
IDEA_1631695500000,1631695500000,1631695800000,1631710500000,STOP,-1.0,2021,2018-2022,250023,250887,1632138600000,True,250072,True,REFERENCE_ALREADY_CAPTURES,3,0,1,0,1,2,1,,,0.0,,,-1.0,False,False
IDEA_1631711700000,1631711700000,1631712000000,1631720100000,STOP,-1.0,2021,2018-2022,250077,250941,1632154800000,True,250104,True,REFERENCE_ALREADY_CAPTURES,8,0,7,0,0,1,1,,,0.0,,,-1.0,False,False
IDEA_1631883900000,1631883900000,1631884200000,1631888400000,STOP,-1.0,2021,2018-2022,250627,251491,1632327000000,True,250641,True,REFERENCE_ALREADY_CAPTURES,3,0,1,0,1,2,1,,,0.0,,,-1.0,False,False
IDEA_1631888400000,1631888400000,1631888700000,1632104700000,STOP,-1.0,2021,2018-2022,250642,251506,1632331500000,True,250774,True,REFERENCE_ALREADY_CAPTURES,1,0,0,0,0,1,1,,,0.0,,,-1.0,False,False
IDEA_1632313500000,1632313500000,1632313800000,1632333660000,M1_AMBIGUOUS_STOP_FIRST,-1.0,2021,2018-2022,251447,252311,1632756600000,True,251514,True,REFERENCE_ALREADY_CAPTURES,1,0,0,0,0,1,1,,,0.0,,,-1.0,False,False
IDEA_1632338100000,1632338100000,1632338400000,1632402600000,STOP,-1.0,2021,2018-2022,251529,252393,1632784800000,True,251731,True,REFERENCE_ALREADY_CAPTURES,1,0,0,0,0,1,1,,,0.0,,,-1.0,False,False
IDEA_1632408900000,1632408900000,1632409200000,1632428700000,STOP,-1.0,2021,2018-2022,251753,252617,1632852000000,True,251818,True,REFERENCE_ALREADY_CAPTURES,1,0,0,0,0,1,1,,,0.0,,,-1.0,False,False
IDEA_1633413300000,1633413300000,1633413600000,1633440000000,STOP,-1.0,2021,2018-2022,253853,254717,1633683600000,True,253941,True,FRESH_EVENTS_REJECTED_PERMISSION,6,0,6,0,0,0,0,,,0.0,,,-1.0,False,False
IDEA_1634275500000,1634275500000,1634275800000,1634282700000,STOP,-1.0,2021,2018-2022,256054,256918,1634719200000,True,256077,True,REFERENCE_ALREADY_CAPTURES,1,0,0,0,0,1,1,,,0.0,,,-1.0,False,False
IDEA_1634284800000,1634284800000,1634285100000,1634289600000,STOP,-1.0,2021,2018-2022,256085,256949,1634728500000,True,256100,True,REFERENCE_ALREADY_CAPTURES,4,0,0,0,3,4,1,,,0.0,,,-1.0,False,False
IDEA_1634291100000,1634291100000,1634291400000,1634298600000,STOP,-1.0,2021,2018-2022,256106,256970,1634734800000,True,256130,True,REFERENCE_ALREADY_CAPTURES,1,0,0,0,0,1,1,,,0.0,,,-1.0,False,False
IDEA_1634302800000,1634302800000,1634303100000,1634552100000,STOP,-1.0,2021,2018-2022,256145,257009,1634746500000,True,256387,True,FRESH_EVENTS_REJECTED_PERMISSION,3,0,3,0,0,0,0,,,0.0,,,-1.0,False,False
IDEA_1635234300000,1635234300000,1635234600000,1635251400000,STOP,-1.0,2021,2018-2022,258011,258875,1635504600000,True,258067,True,REFERENCE_ALREADY_CAPTURES,1,0,0,0,0,1,1,,,0.0,,,-1.0,False,False
IDEA_1635432000000,1635432000000,1635432300000,1635509400000,STOP,-1.0,2021,2018-2022,258646,259510,1635875100000,True,258891,True,REFERENCE_ALREADY_CAPTURES,3,0,2,0,0,1,1,,,0.0,,,-1.0,False,False
IDEA_1635855000000,1635855000000,1635855300000,1635899400000,STOP,-1.0,2021,2018-2022,259444,260308,1636125300000,True,259579,True,REFERENCE_ALREADY_CAPTURES,6,0,5,0,0,1,1,,,0.0,,,-1.0,False,False
IDEA_1637591700000,1637591700000,1637592000000,1637602200000,STOP,-1.0,2021,2018-2022,263325,264189,1637862000000,True,263359,True,REFERENCE_ALREADY_CAPTURES,4,0,2,0,1,2,1,,,0.0,,,-1.0,False,False
IDEA_1637605200000,1637605200000,1637605500000,1637660100000,STOP,-1.0,2021,2018-2022,263370,264234,1637895000000,True,263540,True,REFERENCE_ALREADY_CAPTURES,1,0,0,0,0,1,1,,,0.0,,,-1.0,False,False
IDEA_1637673300000,1637673300000,1637673600000,1637684100000,STOP,-1.0,2021,2018-2022,263585,264449,1638147900000,True,263620,True,REFERENCE_ALREADY_CAPTURES,10,0,6,0,3,4,1,,,0.0,,,-1.0,False,False
IDEA_1638290700000,1638290700000,1638291000000,1638457200000,STOP,-1.0,2021,2018-2022,264914,265778,1638561000000,True,265444,True,FRESH_EVENTS_REJECTED_PERMISSION,2,0,2,0,0,0,0,,,0.0,,,-1.0,False,False
IDEA_1638780600000,1638780600000,1638780900000,1638801900000,STOP,-1.0,2021,2018-2022,265923,266787,1639050900000,True,265993,True,REFERENCE_ALREADY_CAPTURES,2,0,0,0,1,2,1,,,0.0,,,-1.0,False,False
IDEA_1638969300000,1638969300000,1638969600000,1639052400000,STOP,-1.0,2021,2018-2022,266528,267392,1639412400000,True,266792,True,REFERENCE_ALREADY_CAPTURES,3,0,0,0,2,3,1,,,0.0,,,-1.0,False,False
IDEA_1639053300000,1639053300000,1639053600000,1639117500000,STOP,-1.0,2021,2018-2022,266796,267660,1639496400000,True,266997,True,REFERENCE_ALREADY_CAPTURES,3,0,0,0,2,3,1,,,0.0,,,-1.0,False,False
IDEA_1639404600000,1639404600000,1639404900000,1639488900000,STOP,-1.0,2021,2018-2022,267367,268231,1639675500000,True,267635,True,REFERENCE_ALREADY_CAPTURES,1,0,0,0,0,1,1,,,0.0,,,-1.0,False,False
IDEA_1639552500000,1639552500000,1639552800000,1639593000000,STOP,-1.0,2021,2018-2022,267834,268698,1639995600000,True,267968,True,FRESH_EVENTS_REJECTED_PERMISSION,2,0,2,0,0,0,0,,,0.0,,,-1.0,False,False
IDEA_1640002200000,1640002200000,1640002500000,1640012400000,STOP,-1.0,2021,2018-2022,268721,269585,1640272500000,True,268754,True,REFERENCE_ALREADY_CAPTURES,4,0,0,0,3,4,1,,,0.0,,,-1.0,False,False
IDEA_1640012400000,1640012400000,1640012700000,1640101200000,STOP,-1.0,2021,2018-2022,268755,269619,1640282700000,True,269038,True,REFERENCE_ALREADY_CAPTURES,3,0,0,0,2,3,1,,,0.0,,,-1.0,False,False
IDEA_1640718000000,1640718000000,1640718300000,1640772600000,STOP,-1.0,2021,2018-2022,270180,271044,1641164700000,True,270349,True,REFERENCE_ALREADY_CAPTURES,1,0,0,0,0,1,1,,,0.0,,,-1.0,False,False
IDEA_1641199200000,1641199200000,1641199500000,1641215400000,STOP,-1.0,2022,2018-2022,271160,272024,1641469500000,True,271213,True,REFERENCE_ALREADY_CAPTURES,1,0,0,0,0,1,1,,,0.0,,,-1.0,False,False
IDEA_1641220500000,1641220500000,1641220800000,1641222900000,STOP,-1.0,2022,2018-2022,271231,272095,1641490800000,True,271238,True,REFERENCE_ALREADY_CAPTURES,2,0,0,0,1,2,1,,,0.0,,,-1.0,False,False
IDEA_1641415200000,1641415200000,1641415500000,1641448200000,STOP,-1.0,2022,2018-2022,271856,272720,1641861900000,True,271953,True,REFERENCE_ALREADY_CAPTURES,1,0,0,0,0,1,1,,,0.0,,,-1.0,False,False
IDEA_1641452100000,1641452100000,1641452400000,1641459600000,STOP,-1.0,2022,2018-2022,271967,272831,1641895200000,True,271991,True,REFERENCE_ALREADY_CAPTURES,1,0,0,0,0,1,1,,,0.0,,,-1.0,False,False
IDEA_1641460800000,1641460800000,1641461100000,1641474300000,STOP,-1.0,2022,2018-2022,271996,272860,1641903900000,True,272040,True,REFERENCE_ALREADY_CAPTURES,1,0,0,0,0,1,1,,,0.0,,,-1.0,False,False
IDEA_1642058400000,1642058400000,1642058700000,1642063500000,STOP,-1.0,2022,2018-2022,273352,274216,1642516200000,True,273368,True,REFERENCE_ALREADY_CAPTURES,1,0,0,0,0,1,1,,,0.0,,,-1.0,False,False
IDEA_1642065300000,1642065300000,1642065600000,1642088100000,STOP,-1.0,2022,2018-2022,273375,274239,1642523100000,True,273450,True,REFERENCE_ALREADY_CAPTURES,1,0,0,0,0,1,1,,,0.0,,,-1.0,False,False
IDEA_1642088100000,1642088100000,1642088400000,1642089900000,STOP,-1.0,2022,2018-2022,273451,274315,1642549500000,True,273456,True,REFERENCE_ALREADY_CAPTURES,1,0,0,0,0,1,1,,,0.0,,,-1.0,False,False
IDEA_1642165200000,1642165200000,1642165500000,1642180500000,STOP,-1.0,2022,2018-2022,273696,274560,1642623000000,True,273746,True,FRESH_EVENTS_BLOCKED_OPEN_TRADE,7,0,6,0,1,1,0,,,0.0,,,-1.0,False,False
IDEA_1642180800000,1642180800000,1642181100000,1642496400000,STOP,-1.0,2022,2018-2022,273748,274612,1642642200000,True,274150,True,FRESH_EVENTS_REJECTED_PERMISSION,2,0,2,0,0,0,0,,,0.0,,,-1.0,False,False
IDEA_1643292000000,1643292000000,1643292300000,1643300700000,STOP,-1.0,2022,2018-2022,276143,277007,1643735100000,True,276171,True,REFERENCE_ALREADY_CAPTURES,3,0,2,0,0,1,1,,,0.0,,,-1.0,False,False
IDEA_1643362200000,1643362200000,1643362500000,1643367300000,STOP,-1.0,2022,2018-2022,276365,277229,1643805300000,True,276381,True,REFERENCE_ALREADY_CAPTURES,1,0,0,0,0,1,1,,,0.0,,,-1.0,False,False
IDEA_1643774400000,1643774400000,1643774700000,1643899800000,STOP,-1.0,2022,2018-2022,277127,277991,1644217500000,True,277532,True,REFERENCE_ALREADY_CAPTURES,1,0,0,0,0,1,1,,,0.0,,,-1.0,False,False
IDEA_1644482700000,1644482700000,1644483000000,1644500100000,STOP,-1.0,2022,2018-2022,278840,279704,1644925800000,True,278897,True,REFERENCE_ALREADY_CAPTURES,1,0,0,0,0,1,1,,,0.0,,,-1.0,False,False
IDEA_1644917700000,1644917700000,1644918000000,1644927900000,STOP,-1.0,2022,2018-2022,279678,280542,1645188300000,True,279711,True,FRESH_EVENTS_REJECTED_PERMISSION,2,0,2,0,0,0,0,,,0.0,,,-1.0,False,False
IDEA_1646876100000,1646876100000,1646876400000,1647257100000,STOP,-1.0,2022,2018-2022,284242,285106,1647315600000,True,284923,True,FRESH_EVENTS_REJECTED_PERMISSION,3,0,3,0,0,0,0,,,0.0,,,-1.0,False,False
IDEA_1647324300000,1647324300000,1647324600000,1647350100000,STOP,-1.0,2022,2018-2022,285136,286000,1647594600000,True,285221,True,REFERENCE_ALREADY_CAPTURES,4,0,0,0,3,4,1,,,0.0,,,-1.0,False,False
IDEA_1647350700000,1647350700000,1647351000000,1647440400000,STOP,-1.0,2022,2018-2022,285224,286088,1647621000000,True,285510,True,REFERENCE_ALREADY_CAPTURES,1,0,0,0,0,1,1,,,0.0,,,-1.0,False,False
IDEA_1647441600000,1647441600000,1647441900000,1647454800000,STOP,-1.0,2022,2018-2022,285515,286379,1647884700000,True,285558,True,REFERENCE_ALREADY_CAPTURES,1,0,0,0,0,1,1,,,0.0,,,-1.0,False,False
IDEA_1647574200000,1647574200000,1647574500000,1647609900000,STOP,-1.0,2022,2018-2022,285933,286797,1648017300000,True,286051,True,FRESH_EVENTS_BLOCKED_OPEN_TRADE,2,0,0,0,2,2,0,,,0.0,,,-1.0,False,False
IDEA_1647610200000,1647610200000,1647610500000,1647957900000,STOP,-1.0,2022,2018-2022,286053,286917,1648053300000,True,286611,True,REFERENCE_ALREADY_CAPTURES,1,0,0,0,0,1,1,,,0.0,,,-1.0,False,False
IDEA_1648190700000,1648190700000,1648191000000,1648205100000,STOP,-1.0,2022,2018-2022,287352,288216,1648634100000,True,287399,True,REFERENCE_ALREADY_CAPTURES,1,0,0,0,0,1,1,,,0.0,,,-1.0,False,False
IDEA_1648442700000,1648442700000,1648443000000,1648446900000,STOP,-1.0,2022,2018-2022,287604,288468,1648713300000,True,287617,True,REFERENCE_ALREADY_CAPTURES,1,0,0,0,0,1,1,,,0.0,,,-1.0,False,False
IDEA_1648452600000,1648452600000,1648452900000,1648458300000,STOP,-1.0,2022,2018-2022,287637,288501,1648723200000,True,287655,True,REFERENCE_ALREADY_CAPTURES,2,0,0,0,1,2,1,,,0.0,,,-1.0,False,False
IDEA_1648459200000,1648459200000,1648459500000,1648496700000,STOP,-1.0,2022,2018-2022,287659,288523,1648729800000,True,287783,True,FRESH_EVENTS_BLOCKED_OPEN_TRADE,2,0,0,0,2,2,0,,,0.0,,,-1.0,False,False
IDEA_1648497600000,1648497600000,1648497900000,1648554600000,STOP,-1.0,2022,2018-2022,287787,288651,1648771800000,True,287964,True,REFERENCE_ALREADY_CAPTURES,1,0,0,0,0,1,1,,,0.0,,,-1.0,False,False
IDEA_1648797600000,1648797600000,1648797900000,1648813200000,STOP,-1.0,2022,2018-2022,288738,289602,1649240700000,True,288789,True,REFERENCE_ALREADY_CAPTURES,1,0,0,0,0,1,1,,,0.0,,,-1.0,False,False
IDEA_1648813500000,1648813500000,1648813800000,1648823700000,STOP,-1.0,2022,2018-2022,288791,289655,1649256600000,True,288824,True,REFERENCE_ALREADY_CAPTURES,4,0,0,0,3,4,1,,,0.0,,,-1.0,False,False
IDEA_1650374400000,1650374400000,1650374700000,1650379200000,STOP,-1.0,2022,2018-2022,291843,292707,1650644700000,True,291858,True,REFERENCE_ALREADY_CAPTURES,2,0,0,0,1,2,1,,,0.0,,,-1.0,False,False
IDEA_1650379800000,1650379800000,1650380100000,1650396300000,STOP,-1.0,2022,2018-2022,291861,292725,1650650100000,True,291915,True,FRESH_EVENTS_BLOCKED_OPEN_TRADE,8,0,4,0,4,4,0,,,0.0,,,-1.0,False,False
IDEA_1650397200000,1650397200000,1650397500000,1650541500000,STOP,-1.0,2022,2018-2022,291919,292783,1650843900000,True,292375,True,FRESH_EVENTS_REJECTED_PERMISSION,1,0,1,0,0,0,0,,,0.0,,,-1.0,False,False
IDEA_1650885000000,1650885000000,1650885300000,1650889500000,STOP,-1.0,2022,2018-2022,292921,293785,1651155300000,True,292935,True,FRESH_EVENTS_BLOCKED_OPEN_TRADE,4,0,1,0,3,3,0,,,0.0,,,-1.0,False,False
IDEA_1650889800000,1650889800000,1650890100000,1651047300000,STOP,-1.0,2022,2018-2022,292937,293801,1651160100000,True,293437,True,REFERENCE_ALREADY_CAPTURES,5,0,4,0,0,1,1,,,0.0,,,-1.0,False,False
IDEA_1651263900000,1651263900000,1651264200000,1651458600000,STOP,-1.0,2022,2018-2022,294136,295000,1651710600000,True,294196,True,REFERENCE_ALREADY_CAPTURES,7,0,0,0,6,7,1,,,0.0,,,-1.0,False,False
IDEA_1651459200000,1651459200000,1651459500000,1651482300000,STOP,-1.0,2022,2018-2022,294199,295063,1651729500000,True,294275,True,REFERENCE_ALREADY_CAPTURES,1,0,0,0,0,1,1,,,0.0,,,-1.0,False,False
IDEA_1651487400000,1651487400000,1651487700000,1651494000000,STOP,-1.0,2022,2018-2022,294293,295157,1651757700000,True,294314,True,REFERENCE_ALREADY_CAPTURES,1,0,0,0,0,1,1,,,0.0,,,-1.0,False,False
IDEA_1651760100000,1651760100000,1651760400000,1651763400000,STOP,-1.0,2022,2018-2022,295166,296030,1652203200000,True,295176,True,FRESH_EVENTS_REJECTED_PERMISSION,3,0,3,0,0,0,0,,,0.0,,,-1.0,False,False
IDEA_1651764600000,1651764600000,1651764900000,1651798800000,STOP,-1.0,2022,2018-2022,295181,296045,1652207700000,True,295282,True,FRESH_EVENTS_REJECTED_PERMISSION,12,0,12,0,0,0,0,,,0.0,,,-1.0,False,False
IDEA_1652445300000,1652445300000,1652445600000,1652447400000,STOP,-1.0,2022,2018-2022,296802,297666,1652888400000,True,296808,True,REFERENCE_ALREADY_CAPTURES,1,0,0,0,0,1,1,,,0.0,,,-1.0,False,False
IDEA_1652677800000,1652677800000,1652678100000,1652687100000,STOP,-1.0,2022,2018-2022,296989,297853,1652948100000,True,297019,True,REFERENCE_ALREADY_CAPTURES,1,0,0,0,0,1,1,,,0.0,,,-1.0,False,False
IDEA_1652797500000,1652797500000,1652797800000,1652812800000,STOP,-1.0,2022,2018-2022,297376,298240,1653067800000,True,297426,True,REFERENCE_ALREADY_CAPTURES,3,0,0,0,2,3,1,,,0.0,,,-1.0,False,False
IDEA_1652812800000,1652812800000,1652813100000,1652844300000,STOP,-1.0,2022,2018-2022,297427,298291,1653259500000,True,297519,True,REFERENCE_ALREADY_CAPTURES,9,0,0,0,8,9,1,,,0.0,,,-1.0,False,False
IDEA_1654028700000,1654028700000,1654029000000,1654061700000,STOP,-1.0,2022,2018-2022,300175,301039,1654475400000,True,300272,True,REFERENCE_ALREADY_CAPTURES,2,0,0,0,1,2,1,,,0.0,,,-1.0,False,False
IDEA_1654240200000,1654240200000,1654240500000,1654259700000,STOP,-1.0,2022,2018-2022,300844,301708,1654683300000,True,300908,True,REFERENCE_ALREADY_CAPTURES,1,0,0,0,0,1,1,,,0.0,,,-1.0,False,False
IDEA_1654260600000,1654260600000,1654260900000,1654269900000,STOP,-1.0,2022,2018-2022,300912,301776,1654703700000,True,300942,True,REFERENCE_ALREADY_CAPTURES,2,0,0,0,1,2,1,,,0.0,,,-1.0,False,False
IDEA_1654270200000,1654270200000,1654270500000,1654277400000,STOP,-1.0,2022,2018-2022,300944,301808,1654713300000,True,300967,True,REFERENCE_ALREADY_CAPTURES,1,0,0,0,0,1,1,,,0.0,,,-1.0,False,False
IDEA_1654277700000,1654277700000,1654278000000,1654528500000,STOP,-1.0,2022,2018-2022,300969,301833,1654720800000,True,301216,True,REFERENCE_ALREADY_CAPTURES,5,0,0,0,4,5,1,,,0.0,,,-1.0,False,False
IDEA_1654529400000,1654529400000,1654529700000,1654559100000,STOP,-1.0,2022,2018-2022,301220,302084,1654799700000,True,301306,True,REFERENCE_ALREADY_CAPTURES,3,0,0,0,2,3,1,,,0.0,,,-1.0,False,False
IDEA_1654661700000,1654661700000,1654662000000,1654784100000,STOP,-1.0,2022,2018-2022,301637,302501,1655104800000,True,302032,True,FRESH_EVENTS_REJECTED_PERMISSION,2,0,2,0,0,0,0,,,0.0,,,-1.0,False,False
IDEA_1655112000000,1655112000000,1655112300000,1655123700000,STOP,-1.0,2022,2018-2022,302526,303390,1655382300000,True,302564,True,FRESH_EVENTS_REJECTED_PERMISSION,9,1,8,0,0,0,0,,,0.0,,,-1.0,False,False
IDEA_1655794800000,1655794800000,1655795100000,1655839800000,STOP,-1.0,2022,2018-2022,304123,304987,1656065100000,True,304272,True,FRESH_EVENTS_REJECTED_PERMISSION,16,1,15,0,0,0,0,,,0.0,,,-1.0,False,False
IDEA_1656666900000,1656666900000,1656667200000,1656674400000,STOP,-1.0,2022,2018-2022,306358,307222,1657119300000,True,306382,True,REFERENCE_ALREADY_CAPTURES,3,0,0,0,2,3,1,,,0.0,,,-1.0,False,False
IDEA_1656929700000,1656929700000,1656930000000,1657020000000,STOP,-1.0,2022,2018-2022,306646,307510,1657209300000,True,306903,True,REFERENCE_ALREADY_CAPTURES,8,0,0,0,7,8,1,,,0.0,,,-1.0,False,False
IDEA_1657022700000,1657022700000,1657023000000,1657028100000,STOP,-1.0,2022,2018-2022,306913,307777,1657293000000,True,306930,True,REFERENCE_ALREADY_CAPTURES,1,0,0,0,0,1,1,,,0.0,,,-1.0,False,False
IDEA_1657035900000,1657035900000,1657036200000,1657115700000,STOP,-1.0,2022,2018-2022,306957,307821,1657306200000,True,307210,True,REFERENCE_ALREADY_CAPTURES,2,0,0,0,1,2,1,,,0.0,,,-1.0,False,False
IDEA_1657115700000,1657115700000,1657116000000,1657118700000,STOP,-1.0,2022,2018-2022,307211,308075,1657558800000,True,307220,True,FRESH_EVENTS_BLOCKED_OPEN_TRADE,4,0,0,0,4,4,0,,,0.0,,,-1.0,False,False
IDEA_1657569300000,1657569300000,1657569600000,1657587900000,STOP,-1.0,2022,2018-2022,308111,308975,1657843200000,True,308160,True,REFERENCE_ALREADY_CAPTURES,6,0,5,0,0,1,1,,,0.0,,,-1.0,False,False
IDEA_1657781100000,1657781100000,1657781400000,1657782300000,STOP,-1.0,2022,2018-2022,308781,309645,1658224200000,True,308784,True,FRESH_EVENTS_REJECTED_PERMISSION,3,0,3,0,0,0,0,,,0.0,,,-1.0,False,False
IDEA_1657782600000,1657782600000,1657782900000,1657796700000,STOP,-1.0,2022,2018-2022,308786,309650,1658225700000,True,308832,True,FRESH_EVENTS_REJECTED_PERMISSION,9,1,8,0,0,0,0,,,0.0,,,-1.0,False,False
IDEA_1658336700000,1658336700000,1658337000000,1658346900000,STOP,-1.0,2022,2018-2022,310007,310871,1658779800000,True,310040,True,REFERENCE_ALREADY_CAPTURES,1,0,0,0,0,1,1,,,0.0,,,-1.0,False,False
IDEA_1658362800000,1658362800000,1658363100000,1658387700000,STOP,-1.0,2022,2018-2022,310082,310946,1658805900000,True,310164,True,REFERENCE_ALREADY_CAPTURES,2,0,0,0,1,2,1,,,0.0,,,-1.0,False,False
IDEA_1658387700000,1658387700000,1658388000000,1658400300000,STOP,-1.0,2022,2018-2022,310165,311029,1658830800000,True,310206,True,REFERENCE_ALREADY_CAPTURES,1,0,0,0,0,1,1,,,0.0,,,-1.0,False,False
IDEA_1658711100000,1658711100000,1658711400000,1658838300000,STOP,-1.0,2022,2018-2022,310643,311507,1658981400000,True,311054,True,FRESH_EVENTS_BLOCKED_OPEN_TRADE,2,0,0,0,2,2,0,,,0.0,,,-1.0,False,False
IDEA_1659686100000,1659686100000,1659686400000,1659688200000,STOP,-1.0,2022,2018-2022,313208,314072,1660129800000,True,313214,True,REFERENCE_ALREADY_CAPTURES,4,0,0,0,3,4,1,,,0.0,,,-1.0,False,False
IDEA_1659688200000,1659688200000,1659688500000,1659702900000,STOP,-1.0,2022,2018-2022,313215,314079,1660131900000,True,313263,True,REFERENCE_ALREADY_CAPTURES,1,0,0,0,0,1,1,,,0.0,,,-1.0,False,False
IDEA_1660909200000,1660909200000,1660909500000,1660920000000,STOP,-1.0,2022,2018-2022,316011,316875,1661352600000,True,316046,True,REFERENCE_ALREADY_CAPTURES,9,0,0,0,8,9,1,,,0.0,,,-1.0,False,False
IDEA_1660920300000,1660920300000,1660920600000,1661151900000,STOP,-1.0,2022,2018-2022,316048,316912,1661363700000,True,316231,True,REFERENCE_ALREADY_CAPTURES,1,0,0,0,0,1,1,,,0.0,,,-1.0,False,False
IDEA_1661158500000,1661158500000,1661158800000,1661170200000,STOP,-1.0,2022,2018-2022,316254,317118,1661429100000,True,316292,True,REFERENCE_ALREADY_CAPTURES,2,0,0,0,1,2,1,,,0.0,,,-1.0,False,False
IDEA_1661479500000,1661479500000,1661479800000,1661508300000,STOP,-1.0,2022,2018-2022,317274,318138,1661922900000,True,317369,True,REFERENCE_ALREADY_CAPTURES,1,0,0,0,0,1,1,,,0.0,,,-1.0,False,False
IDEA_1661527500000,1661527500000,1661527800000,1661736300000,STOP,-1.0,2022,2018-2022,317434,318298,1661970900000,True,317541,True,REFERENCE_ALREADY_CAPTURES,1,0,0,0,0,1,1,,,0.0,,,-1.0,False,False
IDEA_1661738700000,1661738700000,1661739000000,1661934300000,STOP,-1.0,2022,2018-2022,317550,318414,1662009300000,True,318176,True,REFERENCE_ALREADY_CAPTURES,2,0,1,0,0,1,1,,,0.0,,,-1.0,False,False
IDEA_1662021900000,1662021900000,1662022200000,1662036300000,STOP,-1.0,2022,2018-2022,318457,319321,1662474300000,True,318504,True,REFERENCE_ALREADY_CAPTURES,3,0,0,0,2,3,1,,,0.0,,,-1.0,False,False
IDEA_1662036600000,1662036600000,1662036900000,1662043500000,STOP,-1.0,2022,2018-2022,318506,319370,1662489000000,True,318528,True,REFERENCE_ALREADY_CAPTURES,1,0,0,0,0,1,1,,,0.0,,,-1.0,False,False
IDEA_1662470100000,1662470100000,1662470400000,1662483600000,STOP,-1.0,2022,2018-2022,319308,320172,1662740400000,True,319352,True,REFERENCE_ALREADY_CAPTURES,5,0,0,0,4,5,1,,,0.0,,,-1.0,False,False
IDEA_1662484500000,1662484500000,1662484800000,1662510600000,STOP,-1.0,2022,2018-2022,319356,320220,1662754800000,True,319430,True,REFERENCE_ALREADY_CAPTURES,3,0,0,0,2,3,1,,,0.0,,,-1.0,False,False
IDEA_1662643200000,1662643200000,1662643500000,1662647400000,STOP,-1.0,2022,2018-2022,319861,320725,1663086300000,True,319874,True,REFERENCE_ALREADY_CAPTURES,1,0,0,0,0,1,1,,,0.0,,,-1.0,False,False
IDEA_1663033500000,1663033500000,1663033800000,1663072500000,STOP,-1.0,2022,2018-2022,320550,321414,1663303800000,True,320679,True,REFERENCE_ALREADY_CAPTURES,5,0,4,0,0,1,1,,,0.0,,,-1.0,False,False
IDEA_1663075200000,1663075200000,1663075500000,1663211100000,STOP,-1.0,2022,2018-2022,320689,321553,1663345500000,True,321117,True,REFERENCE_ALREADY_CAPTURES,5,0,4,0,0,1,1,,,0.0,,,-1.0,False,False
IDEA_1663249500000,1663249500000,1663249800000,1663253400000,STOP,-1.0,2022,2018-2022,321246,322110,1663692600000,True,321258,True,REFERENCE_ALREADY_CAPTURES,3,0,2,0,0,1,1,,,0.0,,,-1.0,False,False
IDEA_1663255500000,1663255500000,1663255800000,1663314900000,STOP,-1.0,2022,2018-2022,321266,322130,1663698600000,True,321451,True,REFERENCE_ALREADY_CAPTURES,1,0,0,0,0,1,1,,,0.0,,,-1.0,False,False
IDEA_1663568400000,1663568400000,1663568700000,1663572300000,STOP,-1.0,2022,2018-2022,321709,322573,1663838700000,True,321721,True,REFERENCE_ALREADY_CAPTURES,3,0,2,0,0,1,1,,,0.0,,,-1.0,False,False
IDEA_1663667700000,1663667700000,1663668000000,1663680900000,STOP,-1.0,2022,2018-2022,322028,322892,1663938000000,True,322071,True,FRESH_EVENTS_REJECTED_PERMISSION,4,0,4,0,0,0,0,,,0.0,,,-1.0,False,False
IDEA_1664429100000,1664429100000,1664429400000,1664430300000,STOP,-1.0,2022,2018-2022,323906,324770,1664872200000,True,323909,True,REFERENCE_ALREADY_CAPTURES,3,0,0,0,2,3,1,,,0.0,,,-1.0,False,False
IDEA_1664946000000,1664946000000,1664946300000,1664957700000,STOP,-1.0,2022,2018-2022,325005,325869,1665389400000,True,325043,True,FRESH_EVENTS_REJECTED_PERMISSION,15,0,15,0,0,0,0,,,0.0,,,-1.0,False,False
IDEA_1666199700000,1666199700000,1666200000000,1666233600000,STOP,-1.0,2022,2018-2022,327905,328769,1666643100000,True,328004,True,REFERENCE_ALREADY_CAPTURES,1,0,0,0,0,1,1,,,0.0,,,-1.0,False,False
IDEA_1666294800000,1666294800000,1666295100000,1666336500000,STOP,-1.0,2022,2018-2022,328209,329073,1666741500000,True,328335,True,REFERENCE_ALREADY_CAPTURES,1,0,0,0,0,1,1,,,0.0,,,-1.0,False,False
IDEA_1666596600000,1666596600000,1666596900000,1666601100000,STOP,-1.0,2022,2018-2022,328615,329479,1666867500000,True,328629,True,FRESH_EVENTS_BLOCKED_OPEN_TRADE,3,0,0,0,3,3,0,,,0.0,,,-1.0,False,False
IDEA_1666601100000,1666601100000,1666601400000,1666693200000,STOP,-1.0,2022,2018-2022,328630,329494,1666872000000,True,328924,True,REFERENCE_ALREADY_CAPTURES,1,0,0,0,0,1,1,,,0.0,,,-1.0,False,False
IDEA_1666854300000,1666854300000,1666854600000,1666873800000,STOP,-1.0,2022,2018-2022,329436,330300,1667297700000,True,329500,True,REFERENCE_ALREADY_CAPTURES,8,0,7,0,0,1,1,,,0.0,,,-1.0,False,False
IDEA_1667206500000,1667206500000,1667206800000,1667244300000,STOP,-1.0,2022,2018-2022,330010,330874,1667477700000,True,330135,True,FRESH_EVENTS_REJECTED_PERMISSION,12,0,12,0,0,0,0,,,0.0,,,-1.0,False,False
IDEA_1669363800000,1669363800000,1669364100000,1669382700000,STOP,-1.0,2022,2018-2022,335186,336050,1669819800000,True,335248,True,REFERENCE_ALREADY_CAPTURES,1,0,0,0,0,1,1,,,0.0,,,-1.0,False,False
IDEA_1670810100000,1670810100000,1670810400000,1670859600000,STOP,-1.0,2022,2018-2022,338099,338963,1671080700000,True,338263,True,REFERENCE_ALREADY_CAPTURES,3,0,0,0,2,3,1,,,0.0,,,-1.0,False,False
IDEA_1670860200000,1670860200000,1670860500000,1670870100000,STOP,-1.0,2022,2018-2022,338266,339130,1671130800000,True,338298,True,REFERENCE_ALREADY_CAPTURES,2,0,0,0,1,2,1,,,0.0,,,-1.0,False,False
IDEA_1671005400000,1671005400000,1671005700000,1671044700000,STOP,-1.0,2022,2018-2022,338725,339589,1671448500000,True,338855,True,FRESH_EVENTS_REJECTED_PERMISSION,4,0,4,0,0,0,0,,,0.0,,,-1.0,False,False
IDEA_1671605700000,1671605700000,1671606000000,1671717000000,STOP,-1.0,2022,2018-2022,340090,340954,1672135800000,True,340448,True,REFERENCE_ALREADY_CAPTURES,1,0,0,0,0,1,1,,,0.0,,,-1.0,False,False
IDEA_1671720300000,1671720300000,1671720600000,1671722700000,STOP,-1.0,2022,2018-2022,340460,341324,1672251300000,True,340467,True,REFERENCE_ALREADY_CAPTURES,1,0,0,0,0,1,1,,,0.0,,,-1.0,False,False
IDEA_1672906800000,1672906800000,1672907100000,1672926600000,STOP,-1.0,2023,2023-2024,342583,343447,1673349900000,True,342648,True,REFERENCE_ALREADY_CAPTURES,1,0,0,0,0,1,1,,,0.0,,,-1.0,False,False
IDEA_1672927800000,1672927800000,1672928100000,1672932900000,STOP,-1.0,2023,2023-2024,342653,343517,1673370900000,True,342669,True,REFERENCE_ALREADY_CAPTURES,1,0,0,0,0,1,1,,,0.0,,,-1.0,False,False
IDEA_1673859300000,1673859300000,1673859600000,1673949300000,STOP,-1.0,2023,2023-2024,344522,345386,1674144600000,True,344760,True,REFERENCE_ALREADY_CAPTURES,2,0,1,0,0,1,1,,,0.0,,,-1.0,False,False
IDEA_1674225600000,1674225600000,1674225900000,1674483000000,STOP,-1.0,2023,2023-2024,345645,346509,1674669000000,True,345914,True,REFERENCE_ALREADY_CAPTURES,1,0,0,0,0,1,1,,,0.0,,,-1.0,False,False
IDEA_1674834900000,1674834900000,1674835200000,1675152600000,STOP,-1.0,2023,2023-2024,347038,347902,1675278000000,True,347496,True,REFERENCE_ALREADY_CAPTURES,5,0,4,0,0,1,1,,,0.0,,,-1.0,False,False
IDEA_1675238100000,1675238100000,1675238400000,1675271700000,STOP,-1.0,2023,2023-2024,347770,348634,1675681200000,True,347881,True,REFERENCE_ALREADY_CAPTURES,1,0,0,0,0,1,1,,,0.0,,,-1.0,False,False
IDEA_1675346700000,1675346700000,1675347000000,1675349100000,STOP,-1.0,2023,2023-2024,348120,348984,1675789800000,True,348127,True,REFERENCE_ALREADY_CAPTURES,5,0,3,0,1,2,1,,,0.0,,,-1.0,False,False
IDEA_1675350900000,1675350900000,1675351200000,1675410000000,STOP,-1.0,2023,2023-2024,348134,348998,1675794000000,True,348318,True,FRESH_EVENTS_BLOCKED_OPEN_TRADE,5,0,1,0,4,4,0,,,0.0,,,-1.0,False,False
IDEA_1675410300000,1675410300000,1675410600000,1675431300000,STOP,-1.0,2023,2023-2024,348320,349184,1675853700000,True,348389,True,REFERENCE_ALREADY_CAPTURES,1,0,0,0,0,1,1,,,0.0,,,-1.0,False,False
IDEA_1675437300000,1675437300000,1675437600000,1675447500000,STOP,-1.0,2023,2023-2024,348410,349274,1675880700000,True,348443,True,FRESH_EVENTS_REJECTED_PERMISSION,6,0,6,0,0,0,0,,,0.0,,,-1.0,False,False
IDEA_1676468400000,1676468400000,1676468700000,1676599500000,STOP,-1.0,2023,2023-2024,350597,351461,1676911500000,True,351009,True,REFERENCE_ALREADY_CAPTURES,4,0,3,0,0,1,1,,,0.0,,,-1.0,False,False
IDEA_1676916000000,1676916000000,1676916300000,1676951100000,STOP,-1.0,2023,2023-2024,351477,352341,1677199500000,True,351550,True,REFERENCE_ALREADY_CAPTURES,2,0,0,0,1,2,1,,,0.0,,,-1.0,False,False
IDEA_1676951700000,1676951700000,1676952000000,1676964600000,STOP,-1.0,2023,2023-2024,351553,352417,1677222300000,True,351595,True,REFERENCE_ALREADY_CAPTURES,2,0,0,0,1,2,1,,,0.0,,,-1.0,False,False
IDEA_1676965800000,1676965800000,1676966100000,1676982300000,STOP,-1.0,2023,2023-2024,351600,352464,1677236400000,True,351654,True,REFERENCE_ALREADY_CAPTURES,2,0,0,0,1,2,1,,,0.0,,,-1.0,False,False
IDEA_1677078900000,1677078900000,1677079200000,1677093600000,STOP,-1.0,2023,2023-2024,351965,352829,1677522600000,True,352013,True,REFERENCE_ALREADY_CAPTURES,5,0,4,0,0,1,1,,,0.0,,,-1.0,False,False
IDEA_1677246600000,1677246600000,1677246900000,1677469500000,STOP,-1.0,2023,2023-2024,352499,353363,1677690600000,True,352652,True,FRESH_EVENTS_REJECTED_PERMISSION,2,0,2,0,0,0,0,,,0.0,,,-1.0,False,False
IDEA_1678191000000,1678191000000,1678191300000,1678194900000,STOP,-1.0,2023,2023-2024,354405,355269,1678461900000,True,354417,True,REFERENCE_ALREADY_CAPTURES,1,0,0,0,0,1,1,,,0.0,,,-1.0,False,False
IDEA_1678783800000,1678783800000,1678784100000,1678801800000,STOP,-1.0,2023,2023-2024,355755,356619,1679054100000,True,355814,True,FRESH_EVENTS_BLOCKED_OPEN_TRADE,4,0,2,0,2,2,0,,,0.0,,,-1.0,False,False
IDEA_1678802100000,1678802100000,1678802400000,1678867800000,STOP,-1.0,2023,2023-2024,355816,356680,1679072400000,True,356022,True,HORIZON_EXPIRED,0,0,0,0,0,0,0,,,0.0,,,-1.0,False,False
IDEA_1679404500000,1679404500000,1679404800000,1679406600000,STOP,-1.0,2023,2023-2024,357187,358051,1679674800000,True,357193,True,FRESH_EVENTS_BLOCKED_OPEN_TRADE,4,1,0,0,3,3,0,,,0.0,,,-1.0,False,False
IDEA_1679408400000,1679408400000,1679408700000,1679419800000,STOP,-1.0,2023,2023-2024,357200,358064,1679678700000,True,357237,True,REFERENCE_ALREADY_CAPTURES,1,0,0,0,0,1,1,,,0.0,,,-1.0,False,False
IDEA_1679679900000,1679679900000,1679680200000,1679897700000,STOP,-1.0,2023,2023-2024,358069,358933,1680123000000,True,358206,True,REFERENCE_ALREADY_CAPTURES,1,0,0,0,0,1,1,,,0.0,,,-1.0,False,False
IDEA_1679902500000,1679902500000,1679902800000,1679909700000,STOP,-1.0,2023,2023-2024,358223,359087,1680172800000,True,358246,True,REFERENCE_ALREADY_CAPTURES,1,0,0,0,0,1,1,,,0.0,,,-1.0,False,False
IDEA_1680067200000,1680067200000,1680067500000,1680070800000,STOP,-1.0,2023,2023-2024,358748,359612,1680510300000,True,358759,True,FRESH_EVENTS_REJECTED_PERMISSION,10,0,10,0,0,0,0,,,0.0,,,-1.0,False,False
IDEA_1680704100000,1680704100000,1680704400000,1680705300000,STOP,-1.0,2023,2023-2024,360235,361099,1681234200000,True,360238,True,REFERENCE_ALREADY_CAPTURES,1,0,0,0,0,1,1,,,0.0,,,-1.0,False,False
IDEA_1680749400000,1680749400000,1680749700000,1680789600000,STOP,-1.0,2023,2023-2024,360374,361238,1681279800000,True,360507,True,REFERENCE_ALREADY_CAPTURES,1,0,0,0,0,1,1,,,0.0,,,-1.0,False,False
IDEA_1680790200000,1680790200000,1680790500000,1681078200000,STOP,-1.0,2023,2023-2024,360510,361374,1681320600000,True,360591,True,REFERENCE_ALREADY_CAPTURES,2,0,0,0,1,2,1,,,0.0,,,-1.0,False,False
IDEA_1681078200000,1681078200000,1681078500000,1681131900000,STOP,-1.0,2023,2023-2024,360592,361456,1681349700000,True,360770,True,REFERENCE_ALREADY_CAPTURES,2,0,0,0,1,2,1,,,0.0,,,-1.0,False,False
IDEA_1681132200000,1681132200000,1681132500000,1681137600000,STOP,-1.0,2023,2023-2024,360772,361636,1681403700000,True,360789,True,REFERENCE_ALREADY_CAPTURES,1,0,0,0,0,1,1,,,0.0,,,-1.0,False,False
IDEA_1681458600000,1681458600000,1681458900000,1681460700000,STOP,-1.0,2023,2023-2024,361808,362672,1681902600000,True,361814,True,FRESH_EVENTS_REJECTED_PERMISSION,9,0,9,0,0,0,0,,,0.0,,,-1.0,False,False
IDEA_1683868800000,1683868800000,1683869100000,1683884400000,STOP,-1.0,2023,2023-2024,367295,368159,1684311900000,True,367346,True,REFERENCE_ALREADY_CAPTURES,1,0,0,0,0,1,1,,,0.0,,,-1.0,False,False
IDEA_1684318500000,1684318500000,1684318800000,1684331100000,STOP,-1.0,2023,2023-2024,368182,369046,1684761600000,True,368223,True,REFERENCE_ALREADY_CAPTURES,3,0,0,0,2,3,1,,,0.0,,,-1.0,False,False
IDEA_1684332600000,1684332600000,1684332900000,1684413300000,STOP,-1.0,2023,2023-2024,368229,369093,1684775700000,True,368485,True,REFERENCE_ALREADY_CAPTURES,1,0,0,0,0,1,1,,,0.0,,,-1.0,False,False
IDEA_1684417200000,1684417200000,1684417500000,1684422300000,STOP,-1.0,2023,2023-2024,368499,369363,1684860900000,True,368515,True,REFERENCE_ALREADY_CAPTURES,8,0,7,0,0,1,1,,,0.0,,,-1.0,False,False
IDEA_1684938600000,1684938600000,1684938900000,1684943700000,STOP,-1.0,2023,2023-2024,369610,370474,1685381700000,True,369626,True,FRESH_EVENTS_REJECTED_PERMISSION,9,1,8,0,0,0,0,,,0.0,,,-1.0,False,False
IDEA_1685601600000,1685601600000,1685601900000,1685604000000,STOP,-1.0,2023,2023-2024,371139,372003,1686044700000,True,371146,True,REFERENCE_ALREADY_CAPTURES,1,0,0,0,0,1,1,,,0.0,,,-1.0,False,False
IDEA_1685942400000,1685942400000,1685942700000,1685951700000,STOP,-1.0,2023,2023-2024,371675,372539,1686213300000,True,371705,True,REFERENCE_ALREADY_CAPTURES,3,0,0,0,2,3,1,,,0.0,,,-1.0,False,False
IDEA_1687157100000,1687157100000,1687157400000,1687168500000,STOP,-1.0,2023,2023-2024,374450,375314,1687438200000,True,374487,True,REFERENCE_ALREADY_CAPTURES,3,0,0,0,2,3,1,,,0.0,,,-1.0,False,False
IDEA_1687169400000,1687169400000,1687169700000,1687226100000,STOP,-1.0,2023,2023-2024,374491,375355,1687450500000,True,374633,True,FRESH_EVENTS_BLOCKED_OPEN_TRADE,3,0,2,0,1,1,0,,,0.0,,,-1.0,False,False
IDEA_1687226700000,1687226700000,1687227000000,1687266600000,STOP,-1.0,2023,2023-2024,374636,375500,1687498200000,True,374768,True,REFERENCE_ALREADY_CAPTURES,1,0,0,0,0,1,1,,,0.0,,,-1.0,False,False
IDEA_1687270200000,1687270200000,1687270500000,1687354800000,STOP,-1.0,2023,2023-2024,374781,375645,1687541700000,True,375048,True,FRESH_EVENTS_REJECTED_PERMISSION,10,0,10,0,0,0,0,,,0.0,,,-1.0,False,False
IDEA_1687942200000,1687942200000,1687942500000,1687958100000,STOP,-1.0,2023,2023-2024,376365,377229,1688385300000,True,376417,True,REFERENCE_ALREADY_CAPTURES,5,0,0,0,4,5,1,,,0.0,,,-1.0,False,False
IDEA_1687958100000,1687958100000,1687958400000,1688042100000,STOP,-1.0,2023,2023-2024,376418,377282,1688401200000,True,376685,True,REFERENCE_ALREADY_CAPTURES,1,0,0,0,0,1,1,,,0.0,,,-1.0,False,False
IDEA_1688106300000,1688106300000,1688106600000,1688114100000,STOP,-1.0,2023,2023-2024,376888,377752,1688562900000,True,376913,True,REFERENCE_ALREADY_CAPTURES,1,0,0,0,0,1,1,,,0.0,,,-1.0,False,False
IDEA_1688366700000,1688366700000,1688367000000,1688372400000,STOP,-1.0,2023,2023-2024,377168,378032,1688650500000,True,377186,True,REFERENCE_ALREADY_CAPTURES,1,0,0,0,0,1,1,,,0.0,,,-1.0,False,False
IDEA_1688523600000,1688523600000,1688523900000,1688539500000,STOP,-1.0,2023,2023-2024,377622,378486,1688967600000,True,377674,True,REFERENCE_ALREADY_CAPTURES,1,0,0,0,0,1,1,,,0.0,,,-1.0,False,False
IDEA_1688568900000,1688568900000,1688569200000,1688584200000,STOP,-1.0,2023,2023-2024,377773,378637,1689012900000,True,377823,True,REFERENCE_ALREADY_CAPTURES,2,0,1,0,0,1,1,,,0.0,,,-1.0,False,False
IDEA_1688966400000,1688966400000,1688966700000,1688992800000,STOP,-1.0,2023,2023-2024,378483,379347,1689237900000,True,378570,True,REFERENCE_ALREADY_CAPTURES,1,0,0,0,0,1,1,,,0.0,,,-1.0,False,False
IDEA_1689228000000,1689228000000,1689228300000,1689252300000,STOP,-1.0,2023,2023-2024,379315,380179,1689672000000,True,379395,True,REFERENCE_ALREADY_CAPTURES,3,0,0,0,2,3,1,,,0.0,,,-1.0,False,False
IDEA_1689252900000,1689252900000,1689253200000,1689598200000,STOP,-1.0,2023,2023-2024,379398,380262,1689696900000,True,379947,True,FRESH_EVENTS_BLOCKED_OPEN_TRADE,1,0,0,0,1,1,0,,,0.0,,,-1.0,False,False
IDEA_1689946200000,1689946200000,1689946500000,1690222500000,STOP,-1.0,2023,2023-2024,381055,381919,1690389300000,True,381387,True,FRESH_EVENTS_REJECTED_PERMISSION,4,0,4,0,0,0,0,,,0.0,,,-1.0,False,False
IDEA_1692022200000,1692022200000,1692022500000,1692102900000,STOP,-1.0,2023,2023-2024,385469,386333,1692293400000,True,385723,True,REFERENCE_ALREADY_CAPTURES,1,0,0,0,0,1,1,,,0.0,,,-1.0,False,False
IDEA_1692190800000,1692190800000,1692191100000,1692207000000,STOP,-1.0,2023,2023-2024,386004,386868,1692634200000,True,386057,True,FRESH_EVENTS_REJECTED_PERMISSION,10,1,9,0,0,0,0,,,0.0,,,-1.0,False,False
IDEA_1692946800000,1692946800000,1692947100000,1692973800000,STOP,-1.0,2023,2023-2024,387837,388701,1693392900000,True,387926,True,REFERENCE_ALREADY_CAPTURES,1,0,0,0,0,1,1,,,0.0,,,-1.0,False,False
IDEA_1693490400000,1693490400000,1693490700000,1693542300000,STOP,-1.0,2023,2023-2024,389011,389875,1693946400000,True,389167,True,REFERENCE_ALREADY_CAPTURES,9,0,8,0,0,1,1,,,0.0,,,-1.0,False,False
IDEA_1693918200000,1693918200000,1693918500000,1693923600000,STOP,-1.0,2023,2023-2024,389782,390646,1694190000000,True,389799,True,REFERENCE_ALREADY_CAPTURES,4,0,2,0,1,2,1,,,0.0,,,-1.0,False,False
IDEA_1693925400000,1693925400000,1693925700000,1694005500000,STOP,-1.0,2023,2023-2024,389806,390670,1694197200000,True,390057,True,REFERENCE_ALREADY_CAPTURES,1,0,0,0,0,1,1,,,0.0,,,-1.0,False,False
IDEA_1694007000000,1694007000000,1694007300000,1694010600000,STOP,-1.0,2023,2023-2024,390063,390927,1694451000000,True,390074,True,REFERENCE_ALREADY_CAPTURES,1,0,0,0,0,1,1,,,0.0,,,-1.0,False,False
IDEA_1694445600000,1694445600000,1694445900000,1694515200000,STOP,-1.0,2023,2023-2024,390910,391774,1694721600000,True,391121,True,REFERENCE_ALREADY_CAPTURES,1,0,0,0,0,1,1,,,0.0,,,-1.0,False,False
IDEA_1694521800000,1694521800000,1694522100000,1694608500000,STOP,-1.0,2023,2023-2024,391144,392008,1694795400000,True,391412,True,REFERENCE_ALREADY_CAPTURES,1,0,0,0,0,1,1,,,0.0,,,-1.0,False,False
IDEA_1694673000000,1694673000000,1694673300000,1694694900000,STOP,-1.0,2023,2023-2024,391613,392477,1695116400000,True,391685,True,REFERENCE_ALREADY_CAPTURES,2,0,1,0,0,1,1,,,0.0,,,-1.0,False,False
IDEA_1695299100000,1695299100000,1695299400000,1695709500000,STOP,-1.0,2023,2023-2024,393057,393921,1695743400000,True,393808,True,NO_FRESH_SETUP,0,0,0,0,0,0,0,,,0.0,,,-1.0,False,False
IDEA_1695711900000,1695711900000,1695712200000,1695732000000,STOP,-1.0,2023,2023-2024,393817,394681,1695983100000,True,393883,True,REFERENCE_ALREADY_CAPTURES,1,0,0,0,0,1,1,,,0.0,,,-1.0,False,False
IDEA_1695735600000,1695735600000,1695735900000,1695741000000,STOP,-1.0,2023,2023-2024,393896,394760,1696006800000,True,393913,True,REFERENCE_ALREADY_CAPTURES,1,0,0,0,0,1,1,,,0.0,,,-1.0,False,False
IDEA_1695744600000,1695744600000,1695744900000,1695789300000,STOP,-1.0,2023,2023-2024,393926,394790,1696015800000,True,394060,True,REFERENCE_ALREADY_CAPTURES,3,0,2,0,0,1,1,,,0.0,,,-1.0,False,False
IDEA_1695808200000,1695808200000,1695808500000,1695816300000,STOP,-1.0,2023,2023-2024,394124,394988,1696251600000,True,394150,True,REFERENCE_ALREADY_CAPTURES,1,0,0,0,0,1,1,,,0.0,,,-1.0,False,False
IDEA_1695818100000,1695818100000,1695818400000,1695822300000,STOP,-1.0,2023,2023-2024,394157,395021,1696261500000,True,394170,True,REFERENCE_ALREADY_CAPTURES,1,0,0,0,0,1,1,,,0.0,,,-1.0,False,False
IDEA_1695828600000,1695828600000,1695828900000,1695832800000,STOP,-1.0,2023,2023-2024,394192,395056,1696272000000,True,394205,True,REFERENCE_ALREADY_CAPTURES,4,0,3,0,0,1,1,,,0.0,,,-1.0,False,False
IDEA_1695834000000,1695834000000,1695834300000,1695905400000,STOP,-1.0,2023,2023-2024,394210,395074,1696277700000,True,394435,True,REFERENCE_ALREADY_CAPTURES,1,0,0,0,0,1,1,,,0.0,,,-1.0,False,False
IDEA_1695909600000,1695909600000,1695909900000,1695912000000,STOP,-1.0,2023,2023-2024,394450,395314,1696353300000,True,394457,True,REFERENCE_ALREADY_CAPTURES,9,0,8,0,0,1,1,,,0.0,,,-1.0,False,False
IDEA_1696226400000,1696226400000,1696226700000,1696239000000,STOP,-1.0,2023,2023-2024,394905,395769,1696497600000,True,394946,True,REFERENCE_ALREADY_CAPTURES,2,0,0,0,1,2,1,,,0.0,,,-1.0,False,False
IDEA_1696239600000,1696239600000,1696239900000,1696257900000,STOP,-1.0,2023,2023-2024,394949,395813,1696510800000,True,395009,True,REFERENCE_ALREADY_CAPTURES,1,0,0,0,0,1,1,,,0.0,,,-1.0,False,False
IDEA_1696289400000,1696289400000,1696289700000,1696300500000,STOP,-1.0,2023,2023-2024,395102,395966,1696560600000,True,395138,True,FRESH_EVENTS_BLOCKED_OPEN_TRADE,2,0,1,0,1,1,0,,,0.0,,,-1.0,False,False
IDEA_1697119200000,1697119200000,1697119500000,1697130600000,STOP,-1.0,2023,2023-2024,397199,398063,1697562600000,True,397236,True,REFERENCE_ALREADY_CAPTURES,4,0,3,0,0,1,1,,,0.0,,,-1.0,False,False
IDEA_1698012600000,1698012600000,1698012900000,1698145500000,STOP,-1.0,2023,2023-2024,398939,399803,1698283500000,True,399369,True,FRESH_EVENTS_REJECTED_PERMISSION,1,0,1,0,0,0,0,,,0.0,,,-1.0,False,False
IDEA_1698811200000,1698811200000,1698811500000,1698864300000,STOP,-1.0,2023,2023-2024,400938,401802,1699258200000,True,401114,True,REFERENCE_ALREADY_CAPTURES,1,0,0,0,0,1,1,,,0.0,,,-1.0,False,False
IDEA_1699242300000,1699242300000,1699242600000,1699314000000,STOP,-1.0,2023,2023-2024,401750,402614,1699512600000,True,401976,True,REFERENCE_ALREADY_CAPTURES,1,0,0,0,0,1,1,,,0.0,,,-1.0,False,False
IDEA_1699316700000,1699316700000,1699317000000,1699326300000,STOP,-1.0,2023,2023-2024,401986,402850,1699587300000,True,402017,True,REFERENCE_ALREADY_CAPTURES,2,0,0,0,1,2,1,,,0.0,,,-1.0,False,False
IDEA_1699326600000,1699326600000,1699326900000,1699341300000,STOP,-1.0,2023,2023-2024,402019,402883,1699597200000,True,402067,True,REFERENCE_ALREADY_CAPTURES,1,0,0,0,0,1,1,,,0.0,,,-1.0,False,False
IDEA_1699342200000,1699342200000,1699342500000,1699347900000,STOP,-1.0,2023,2023-2024,402071,402935,1699612800000,True,402089,True,REFERENCE_ALREADY_CAPTURES,2,0,0,0,1,2,1,,,0.0,,,-1.0,False,False
IDEA_1699348500000,1699348500000,1699348800000,1699359300000,STOP,-1.0,2023,2023-2024,402092,402956,1699619100000,True,402127,True,REFERENCE_ALREADY_CAPTURES,1,0,0,0,0,1,1,,,0.0,,,-1.0,False,False
IDEA_1699359300000,1699359300000,1699359600000,1699361400000,STOP,-1.0,2023,2023-2024,402128,402992,1699629900000,True,402134,True,REFERENCE_ALREADY_CAPTURES,2,0,0,0,1,2,1,,,0.0,,,-1.0,False,False
IDEA_1699440600000,1699440600000,1699440900000,1699456500000,STOP,-1.0,2023,2023-2024,402387,403251,1699884300000,True,402439,True,FRESH_EVENTS_REJECTED_PERMISSION,14,0,14,0,0,0,0,,,0.0,,,-1.0,False,False
IDEA_1700484300000,1700484300000,1700484600000,1700487300000,STOP,-1.0,2023,2023-2024,404612,405476,1700754600000,True,404621,True,REFERENCE_ALREADY_CAPTURES,2,0,0,0,1,2,1,,,0.0,,,-1.0,False,False
IDEA_1702045800000,1702045800000,1702046100000,1702055100000,STOP,-1.0,2023,2023-2024,408399,409263,1702488900000,True,408429,True,REFERENCE_ALREADY_CAPTURES,7,0,0,0,6,7,1,,,0.0,,,-1.0,False,False
IDEA_1702056300000,1702056300000,1702056600000,1702305300000,STOP,-1.0,2023,2023-2024,408434,409298,1702499400000,True,408675,True,REFERENCE_ALREADY_CAPTURES,1,0,0,0,0,1,1,,,0.0,,,-1.0,False,False
IDEA_1702309500000,1702309500000,1702309800000,1702318800000,STOP,-1.0,2023,2023-2024,408690,409554,1702579800000,True,408720,True,REFERENCE_ALREADY_CAPTURES,1,0,0,0,0,1,1,,,0.0,,,-1.0,False,False
IDEA_1702392000000,1702392000000,1702392300000,1702448400000,STOP,-1.0,2023,2023-2024,408953,409817,1702662300000,True,409128,True,REFERENCE_ALREADY_CAPTURES,2,0,0,0,1,2,1,,,0.0,,,-1.0,False,False
IDEA_1702561200000,1702561200000,1702561500000,1702665000000,STOP,-1.0,2023,2023-2024,409493,410357,1703004300000,True,409826,True,REFERENCE_ALREADY_CAPTURES,2,0,0,0,1,2,1,,,0.0,,,-1.0,False,False
IDEA_1702665300000,1702665300000,1702665600000,1702668900000,STOP,-1.0,2023,2023-2024,409828,410692,1703108700000,True,409839,True,REFERENCE_ALREADY_CAPTURES,1,0,0,0,0,1,1,,,0.0,,,-1.0,False,False
IDEA_1703068500000,1703068500000,1703068800000,1703070900000,STOP,-1.0,2023,2023-2024,410559,411423,1703598600000,True,410566,True,REFERENCE_ALREADY_CAPTURES,1,0,0,0,0,1,1,,,0.0,,,-1.0,False,False
IDEA_1704207000000,1704207000000,1704207300000,1704210000000,STOP,-1.0,2024,2023-2024,412539,413403,1704477300000,True,412548,True,FRESH_EVENTS_REJECTED_PERMISSION,2,0,2,0,0,0,0,,,0.0,,,-1.0,False,False
IDEA_1704211500000,1704211500000,1704211800000,1704281700000,STOP,-1.0,2024,2023-2024,412554,413418,1704481800000,True,412775,True,FRESH_EVENTS_REJECTED_GEOMETRY,13,0,12,1,0,0,0,,,0.0,,,-1.0,False,False
IDEA_1704686400000,1704686400000,1704686700000,1704692400000,STOP,-1.0,2024,2023-2024,413513,414377,1704956700000,True,413532,True,FRESH_EVENTS_REJECTED_PERMISSION,7,1,6,0,0,0,0,,,0.0,,,-1.0,False,False
IDEA_1705332300000,1705332300000,1705332600000,1705394100000,STOP,-1.0,2024,2023-2024,415030,415894,1705612200000,True,415191,True,REFERENCE_ALREADY_CAPTURES,1,0,0,0,0,1,1,,,0.0,,,-1.0,False,False
IDEA_1705394700000,1705394700000,1705395000000,1705397100000,STOP,-1.0,2024,2023-2024,415194,416058,1705665000000,True,415201,True,REFERENCE_ALREADY_CAPTURES,3,0,0,0,2,3,1,,,0.0,,,-1.0,False,False
IDEA_1705397400000,1705397400000,1705397700000,1705410900000,STOP,-1.0,2024,2023-2024,415203,416067,1705667700000,True,415247,True,REFERENCE_ALREADY_CAPTURES,1,0,0,0,0,1,1,,,0.0,,,-1.0,False,False
IDEA_1705429200000,1705429200000,1705429500000,1705469100000,STOP,-1.0,2024,2023-2024,415309,416173,1705699500000,True,415429,True,FRESH_EVENTS_BLOCKED_OPEN_TRADE,3,0,1,0,2,2,0,,,0.0,,,-1.0,False,False
IDEA_1705469100000,1705469100000,1705469400000,1705503600000,STOP,-1.0,2024,2023-2024,415430,416294,1705912200000,True,415544,True,REFERENCE_ALREADY_CAPTURES,6,0,5,0,0,1,1,,,0.0,,,-1.0,False,False
IDEA_1707122100000,1707122100000,1707122400000,1707139800000,STOP,-1.0,2024,2023-2024,419056,419920,1707393000000,True,419114,True,REFERENCE_ALREADY_CAPTURES,3,0,0,0,2,3,1,,,0.0,,,-1.0,False,False
IDEA_1707365100000,1707365100000,1707365400000,1707392100000,STOP,-1.0,2024,2023-2024,419828,420692,1707808800000,True,419917,True,REFERENCE_ALREADY_CAPTURES,3,0,2,0,0,1,1,,,0.0,,,-1.0,False,False
IDEA_1707466800000,1707466800000,1707467100000,1707483900000,STOP,-1.0,2024,2023-2024,420155,421019,1707910800000,True,420211,True,REFERENCE_ALREADY_CAPTURES,1,0,0,0,0,1,1,,,0.0,,,-1.0,False,False
IDEA_1707487500000,1707487500000,1707487800000,1707492600000,STOP,-1.0,2024,2023-2024,420224,421088,1707931500000,True,420240,True,REFERENCE_ALREADY_CAPTURES,3,0,0,0,2,3,1,,,0.0,,,-1.0,False,False
IDEA_1707492600000,1707492600000,1707492900000,1707746100000,STOP,-1.0,2024,2023-2024,420241,421105,1707936600000,True,420496,True,REFERENCE_ALREADY_CAPTURES,2,0,0,0,1,2,1,,,0.0,,,-1.0,False,False
IDEA_1707833700000,1707833700000,1707834000000,1707834900000,STOP,-1.0,2024,2023-2024,420776,421640,1708104300000,True,420779,True,REFERENCE_ALREADY_CAPTURES,3,0,0,0,2,3,1,,,0.0,,,-1.0,False,False
IDEA_1707837300000,1707837300000,1707837600000,1707923100000,STOP,-1.0,2024,2023-2024,420788,421652,1708107900000,True,421060,True,REFERENCE_ALREADY_CAPTURES,1,0,0,0,0,1,1,,,0.0,,,-1.0,False,False
IDEA_1708474800000,1708474800000,1708475100000,1708542300000,STOP,-1.0,2024,2023-2024,422229,423093,1708918200000,True,422453,True,REFERENCE_ALREADY_CAPTURES,1,0,0,0,0,1,1,,,0.0,,,-1.0,False,False
IDEA_1708609200000,1708609200000,1708609500000,1708620600000,STOP,-1.0,2024,2023-2024,422665,423529,1709052600000,True,422702,True,FRESH_EVENTS_REJECTED_PERMISSION,7,0,7,0,0,0,0,,,0.0,,,-1.0,False,False
IDEA_1713526500000,1713526500000,1713526800000,1713756000000,STOP,-1.0,2024,2023-2024,433677,434541,1713969600000,True,433853,True,REFERENCE_ALREADY_CAPTURES,1,0,0,0,0,1,1,,,0.0,,,-1.0,False,False
IDEA_1713785700000,1713785700000,1713786000000,1713792900000,STOP,-1.0,2024,2023-2024,433953,434817,1714056000000,True,433976,True,REFERENCE_ALREADY_CAPTURES,3,0,0,0,2,3,1,,,0.0,,,-1.0,False,False
IDEA_1713793200000,1713793200000,1713793500000,1713836400000,STOP,-1.0,2024,2023-2024,433978,434842,1714063500000,True,434109,True,REFERENCE_ALREADY_CAPTURES,2,0,0,0,1,2,1,,,0.0,,,-1.0,False,False
IDEA_1714353600000,1714353600000,1714353900000,1714463100000,STOP,-1.0,2024,2023-2024,435210,436074,1714623900000,True,435562,True,REFERENCE_ALREADY_CAPTURES,2,0,0,0,1,2,1,,,0.0,,,-1.0,False,False
IDEA_1714463400000,1714463400000,1714463700000,1714477800000,STOP,-1.0,2024,2023-2024,435564,436428,1714733700000,True,435611,True,REFERENCE_ALREADY_CAPTURES,2,0,0,0,1,2,1,,,0.0,,,-1.0,False,False
IDEA_1714477800000,1714477800000,1714478100000,1714480500000,STOP,-1.0,2024,2023-2024,435612,436476,1714748100000,True,435620,True,REFERENCE_ALREADY_CAPTURES,1,0,0,0,0,1,1,,,0.0,,,-1.0,False,False
IDEA_1714486500000,1714486500000,1714486800000,1714498200000,STOP,-1.0,2024,2023-2024,435641,436505,1714756800000,True,435679,True,REFERENCE_ALREADY_CAPTURES,3,0,0,0,2,3,1,,,0.0,,,-1.0,False,False
IDEA_1714498500000,1714498500000,1714498800000,1714535700000,STOP,-1.0,2024,2023-2024,435681,436545,1714768800000,True,435792,True,REFERENCE_ALREADY_CAPTURES,1,0,0,0,0,1,1,,,0.0,,,-1.0,False,False
IDEA_1714641000000,1714641000000,1714641300000,1714654800000,STOP,-1.0,2024,2023-2024,436132,436996,1715084100000,True,436177,True,REFERENCE_ALREADY_CAPTURES,3,0,2,0,0,1,1,,,0.0,,,-1.0,False,False
IDEA_1715066700000,1715066700000,1715067000000,1715069700000,STOP,-1.0,2024,2023-2024,436939,437803,1715337300000,True,436948,True,REFERENCE_ALREADY_CAPTURES,1,0,0,0,0,1,1,,,0.0,,,-1.0,False,False
IDEA_1715076300000,1715076300000,1715076600000,1715132400000,STOP,-1.0,2024,2023-2024,436971,437835,1715346900000,True,437144,True,FRESH_EVENTS_BLOCKED_OPEN_TRADE,1,0,0,0,1,1,0,,,0.0,,,-1.0,False,False
IDEA_1715564700000,1715564700000,1715565000000,1715583000000,STOP,-1.0,2024,2023-2024,437974,438838,1715835300000,True,438034,True,REFERENCE_ALREADY_CAPTURES,1,0,0,0,0,1,1,,,0.0,,,-1.0,False,False
IDEA_1715586600000,1715586600000,1715586900000,1715590500000,STOP,-1.0,2024,2023-2024,438047,438911,1715857200000,True,438059,True,REFERENCE_ALREADY_CAPTURES,3,0,0,0,2,3,1,,,0.0,,,-1.0,False,False
IDEA_1715590800000,1715590800000,1715591100000,1715612700000,STOP,-1.0,2024,2023-2024,438061,438925,1715861400000,True,438133,True,REFERENCE_ALREADY_CAPTURES,1,0,0,0,0,1,1,,,0.0,,,-1.0,False,False
IDEA_1715856300000,1715856300000,1715856600000,1715865600000,STOP,-1.0,2024,2023-2024,438909,439773,1716299700000,True,438939,True,FRESH_EVENTS_REJECTED_PERMISSION,5,0,5,0,0,0,0,,,0.0,,,-1.0,False,False
IDEA_1716964800000,1716964800000,1716965100000,1716972300000,STOP,-1.0,2024,2023-2024,441310,442174,1717407900000,True,441334,True,REFERENCE_ALREADY_CAPTURES,3,0,2,0,0,1,1,,,0.0,,,-1.0,False,False
IDEA_1717034700000,1717034700000,1717035000000,1717047300000,STOP,-1.0,2024,2023-2024,441531,442395,1717477800000,True,441572,True,REFERENCE_ALREADY_CAPTURES,1,0,0,0,0,1,1,,,0.0,,,-1.0,False,False
IDEA_1718983500000,1718983500000,1718983800000,1719329700000,STOP,-1.0,2024,2023-2024,446075,446939,1719426600000,True,446628,True,FRESH_EVENTS_REJECTED_PERMISSION,6,0,6,0,0,0,0,,,0.0,,,-1.0,False,False
IDEA_1720422600000,1720422600000,1720422900000,1720429500000,STOP,-1.0,2024,2023-2024,448978,449842,1720692900000,True,449000,True,REFERENCE_ALREADY_CAPTURES,2,0,0,0,1,2,1,,,0.0,,,-1.0,False,False
IDEA_1720429800000,1720429800000,1720430100000,1720453200000,STOP,-1.0,2024,2023-2024,449002,449866,1720700100000,True,449079,True,FRESH_EVENTS_BLOCKED_OPEN_TRADE,3,0,0,0,3,3,0,,,0.0,,,-1.0,False,False
IDEA_1720761900000,1720761900000,1720762200000,1720769400000,STOP,-1.0,2024,2023-2024,450061,450925,1721205000000,True,450085,True,REFERENCE_ALREADY_CAPTURES,4,0,3,0,0,1,1,,,0.0,,,-1.0,False,False
IDEA_1721229600000,1721229600000,1721229900000,1721329800000,STOP,-1.0,2024,2023-2024,451008,451872,1721672700000,True,451329,True,REFERENCE_ALREADY_CAPTURES,2,0,1,0,0,1,1,,,0.0,,,-1.0,False,False
IDEA_1721352900000,1721352900000,1721353200000,1721375100000,STOP,-1.0,2024,2023-2024,451395,452259,1721796000000,True,451468,True,REFERENCE_ALREADY_CAPTURES,2,0,0,0,1,2,1,,,0.0,,,-1.0,False,False
IDEA_1721375400000,1721375400000,1721375700000,1721391000000,STOP,-1.0,2024,2023-2024,451470,452334,1721818500000,True,451521,True,REFERENCE_ALREADY_CAPTURES,1,0,0,0,0,1,1,,,0.0,,,-1.0,False,False
IDEA_1721391300000,1721391300000,1721391600000,1721394600000,STOP,-1.0,2024,2023-2024,451523,452387,1721834400000,True,451533,True,FRESH_EVENTS_BLOCKED_OPEN_TRADE,5,0,3,0,2,2,0,,,0.0,,,-1.0,False,False
IDEA_1721395800000,1721395800000,1721396100000,1721658900000,STOP,-1.0,2024,2023-2024,451538,452402,1721838900000,True,451826,True,FRESH_EVENTS_REJECTED_PERMISSION,1,0,1,0,0,0,0,,,0.0,,,-1.0,False,False
IDEA_1721909700000,1721909700000,1721910000000,1721928600000,STOP,-1.0,2024,2023-2024,452627,453491,1722352800000,True,452689,True,REFERENCE_ALREADY_CAPTURES,1,0,0,0,0,1,1,,,0.0,,,-1.0,False,False
IDEA_1722255300000,1722255300000,1722255600000,1722266100000,STOP,-1.0,2024,2023-2024,453179,454043,1722525600000,True,453214,True,REFERENCE_ALREADY_CAPTURES,1,0,0,0,0,1,1,,,0.0,,,-1.0,False,False
IDEA_1723642500000,1723642500000,1723642800000,1723650600000,STOP,-1.0,2024,2023-2024,456507,457371,1724085600000,True,456533,True,REFERENCE_ALREADY_CAPTURES,1,0,0,0,0,1,1,,,0.0,,,-1.0,False,False
IDEA_1724229900000,1724229900000,1724230200000,1724247300000,STOP,-1.0,2024,2023-2024,457829,458693,1724673000000,True,457886,True,REFERENCE_ALREADY_CAPTURES,4,0,0,0,3,4,1,,,0.0,,,-1.0,False,False
IDEA_1724248500000,1724248500000,1724248800000,1724333100000,STOP,-1.0,2024,2023-2024,457891,458755,1724691600000,True,458160,True,REFERENCE_ALREADY_CAPTURES,1,0,0,0,0,1,1,,,0.0,,,-1.0,False,False
IDEA_1724334600000,1724334600000,1724334900000,1724336100000,STOP,-1.0,2024,2023-2024,458166,459030,1724777700000,True,458170,True,REFERENCE_ALREADY_CAPTURES,1,0,0,0,0,1,1,,,0.0,,,-1.0,False,False
IDEA_1724823300000,1724823300000,1724823600000,1724845800000,STOP,-1.0,2024,2023-2024,459171,460035,1725266400000,True,459245,True,REFERENCE_ALREADY_CAPTURES,1,0,0,0,0,1,1,,,0.0,,,-1.0,False,False
IDEA_1724991000000,1724991000000,1724991300000,1725028800000,STOP,-1.0,2024,2023-2024,459706,460570,1725444000000,True,459831,True,REFERENCE_ALREADY_CAPTURES,10,0,9,0,0,1,1,,,0.0,,,-1.0,False,False
IDEA_1725625200000,1725625200000,1725625500000,1725625860000,STOP,-1.0,2024,2023-2024,461151,462015,1726068600000,True,461153,True,REFERENCE_ALREADY_CAPTURES,1,0,0,0,0,1,1,,,0.0,,,-1.0,False,False
IDEA_1725633300000,1725633300000,1725633600000,1725639600000,STOP,-1.0,2024,2023-2024,461178,462042,1726076700000,True,461198,True,REFERENCE_ALREADY_CAPTURES,1,0,0,0,0,1,1,,,0.0,,,-1.0,False,False
IDEA_1726484100000,1726484100000,1726484400000,1726569600000,STOP,-1.0,2024,2023-2024,462789,463653,1726754400000,True,463061,True,REFERENCE_ALREADY_CAPTURES,2,0,0,0,1,2,1,,,0.0,,,-1.0,False,False
IDEA_1726570200000,1726570200000,1726570500000,1726587300000,STOP,-1.0,2024,2023-2024,463064,463928,1726840500000,True,463120,True,REFERENCE_ALREADY_CAPTURES,2,0,0,0,1,2,1,,,0.0,,,-1.0,False,False
IDEA_1727694600000,1727694600000,1727694900000,1727720400000,STOP,-1.0,2024,2023-2024,465551,466415,1727964900000,True,465636,True,REFERENCE_ALREADY_CAPTURES,1,0,0,0,0,1,1,,,0.0,,,-1.0,False,False
IDEA_1727848500000,1727848500000,1727848800000,1727964300000,STOP,-1.0,2024,2023-2024,466040,466904,1728291600000,True,466413,True,REFERENCE_ALREADY_CAPTURES,1,0,0,0,0,1,1,,,0.0,,,-1.0,False,False
IDEA_1728281400000,1728281400000,1728281700000,1728371100000,STOP,-1.0,2024,2023-2024,466871,467735,1728556200000,True,467157,True,FRESH_EVENTS_REJECTED_PERMISSION,6,0,6,0,0,0,0,,,0.0,,,-1.0,False,False
IDEA_1729689900000,1729689900000,1729690200000,1729692900000,STOP,-1.0,2024,2023-2024,470252,471116,1730133000000,True,470261,True,FRESH_EVENTS_REJECTED_PERMISSION,3,0,3,0,0,0,0,,,0.0,,,-1.0,False,False
IDEA_1730364000000,1730364000000,1730364300000,1730379000000,STOP,-1.0,2024,2023-2024,471851,472715,1730810700000,True,471900,True,REFERENCE_ALREADY_CAPTURES,1,0,0,0,0,1,1,,,0.0,,,-1.0,False,False
IDEA_1730384100000,1730384100000,1730384400000,1730385900000,STOP,-1.0,2024,2023-2024,471918,472782,1730830800000,True,471923,True,FRESH_EVENTS_BLOCKED_OPEN_TRADE,6,0,4,0,2,2,0,,,0.0,,,-1.0,False,False
IDEA_1731293400000,1731293400000,1731293700000,1731323100000,STOP,-1.0,2024,2023-2024,473701,474565,1731563700000,True,473799,True,REFERENCE_ALREADY_CAPTURES,2,0,0,0,1,2,1,,,0.0,,,-1.0,False,False
IDEA_1731323100000,1731323100000,1731323400000,1731330300000,STOP,-1.0,2024,2023-2024,473800,474664,1731593400000,True,473823,True,REFERENCE_ALREADY_CAPTURES,1,0,0,0,0,1,1,,,0.0,,,-1.0,False,False
IDEA_1731334500000,1731334500000,1731334800000,1731336300000,STOP,-1.0,2024,2023-2024,473838,474702,1731604800000,True,473843,True,REFERENCE_ALREADY_CAPTURES,4,0,0,0,3,4,1,,,0.0,,,-1.0,False,False
IDEA_1731336300000,1731336300000,1731336600000,1731389700000,STOP,-1.0,2024,2023-2024,473844,474708,1731606600000,True,474009,True,REFERENCE_ALREADY_CAPTURES,2,0,0,0,1,2,1,,,0.0,,,-1.0,False,False
IDEA_1731391500000,1731391500000,1731391800000,1731397200000,STOP,-1.0,2024,2023-2024,474016,474880,1731661800000,True,474034,True,REFERENCE_ALREADY_CAPTURES,8,0,4,0,3,4,1,,,0.0,,,-1.0,False,False
IDEA_1731397500000,1731397500000,1731397800000,1731515700000,STOP,-1.0,2024,2023-2024,474036,474900,1731667800000,True,474417,True,REFERENCE_ALREADY_CAPTURES,1,0,0,0,0,1,1,,,0.0,,,-1.0,False,False
IDEA_1731530100000,1731530100000,1731530400000,1731546600000,STOP,-1.0,2024,2023-2024,474466,475330,1731976800000,True,474508,True,REFERENCE_ALREADY_CAPTURES,3,0,2,0,0,1,1,,,0.0,,,-1.0,False,False
IDEA_1731567300000,1731567300000,1731567600000,1731577200000,STOP,-1.0,2024,2023-2024,474578,475442,1732010400000,True,474610,True,REFERENCE_ALREADY_CAPTURES,1,0,0,0,0,1,1,,,0.0,,,-1.0,False,False
IDEA_1732514100000,1732514100000,1732514400000,1732544700000,STOP,-1.0,2024,2023-2024,476498,477362,1732784700000,True,476599,True,REFERENCE_ALREADY_CAPTURES,4,0,0,0,3,4,1,,,0.0,,,-1.0,False,False
IDEA_1732545900000,1732545900000,1732546200000,1732558800000,STOP,-1.0,2024,2023-2024,476604,477468,1732816500000,True,476646,True,FRESH_EVENTS_BLOCKED_OPEN_TRADE,5,0,1,0,4,4,0,,,0.0,,,-1.0,False,False
IDEA_1734084600000,1734084600000,1734084900000,1734097800000,STOP,-1.0,2024,2023-2024,480346,481210,1734527700000,True,480389,True,REFERENCE_ALREADY_CAPTURES,4,0,0,0,3,4,1,,,0.0,,,-1.0,False,False
IDEA_1734099000000,1734099000000,1734099300000,1734115500000,STOP,-1.0,2024,2023-2024,480394,481258,1734542100000,True,480448,True,REFERENCE_ALREADY_CAPTURES,1,0,0,0,0,1,1,,,0.0,,,-1.0,False,False
IDEA_1734117000000,1734117000000,1734117300000,1734310500000,STOP,-1.0,2024,2023-2024,480454,481318,1734563700000,True,480510,True,FRESH_EVENTS_BLOCKED_OPEN_TRADE,5,0,4,0,1,1,0,,,0.0,,,-1.0,False,False
IDEA_1734310800000,1734310800000,1734311100000,1734433500000,STOP,-1.0,2024,2023-2024,480512,481376,1734581100000,True,480908,True,FRESH_EVENTS_REJECTED_PERMISSION,6,0,6,0,0,0,0,,,0.0,,,-1.0,False,False
IDEA_1735287900000,1735287900000,1735288200000,1735296300000,STOP,-1.0,2024,2023-2024,482767,483631,1735817700000,True,482794,True,FRESH_EVENTS_REJECTED_PERMISSION,2,0,2,0,0,0,0,,,0.0,,,-1.0,False,False
IDEA_1735296300000,1735296300000,1735296600000,1735306500000,STOP,-1.0,2024,2023-2024,482795,483659,1735826100000,True,482828,True,FRESH_EVENTS_REJECTED_PERMISSION,7,0,7,0,0,0,0,,,0.0,,,-1.0,False,False
IDEA_1735894800000,1735894800000,1735895100000,1735911600000,STOP,-1.0,2025,2025-2026,483877,484741,1736337900000,True,483932,True,REFERENCE_ALREADY_CAPTURES,4,0,0,0,3,4,1,,,0.0,,,-1.0,False,False
IDEA_1735911900000,1735911900000,1735912200000,1735934700000,STOP,-1.0,2025,2025-2026,483934,484798,1736355000000,True,484009,True,REFERENCE_ALREADY_CAPTURES,3,0,0,0,2,3,1,,,0.0,,,-1.0,False,False
IDEA_1735935300000,1735935300000,1735935600000,1736141700000,STOP,-1.0,2025,2025-2026,484012,484876,1736382000000,True,484111,True,REFERENCE_ALREADY_CAPTURES,2,0,0,0,1,2,1,,,0.0,,,-1.0,False,False
IDEA_1736142600000,1736142600000,1736142900000,1736149200000,STOP,-1.0,2025,2025-2026,484115,484979,1736412900000,True,484136,True,REFERENCE_ALREADY_CAPTURES,1,0,0,0,0,1,1,,,0.0,,,-1.0,False,False
IDEA_1736171400000,1736171400000,1736171700000,1736173200000,STOP,-1.0,2025,2025-2026,484211,485075,1736441700000,True,484216,True,HORIZON_EXPIRED,0,0,0,0,0,0,0,,,0.0,,,-1.0,False,False
IDEA_1736764200000,1736764200000,1736764500000,1736770500000,STOP,-1.0,2025,2025-2026,485550,486414,1737034800000,True,485570,True,REFERENCE_ALREADY_CAPTURES,4,0,0,0,3,4,1,,,0.0,,,-1.0,False,False
IDEA_1736772000000,1736772000000,1736772300000,1736793000000,STOP,-1.0,2025,2025-2026,485576,486440,1737042600000,True,485645,True,FRESH_EVENTS_BLOCKED_OPEN_TRADE,2,0,0,0,2,2,0,,,0.0,,,-1.0,False,False
IDEA_1737100500000,1737100500000,1737100800000,1737107700000,STOP,-1.0,2025,2025-2026,486622,487486,1737553200000,True,486645,True,REFERENCE_ALREADY_CAPTURES,1,0,0,0,0,1,1,,,0.0,,,-1.0,False,False
IDEA_1737111000000,1737111000000,1737111300000,1737148500000,STOP,-1.0,2025,2025-2026,486657,487521,1737563700000,True,486781,True,REFERENCE_ALREADY_CAPTURES,1,0,0,0,0,1,1,,,0.0,,,-1.0,False,False
IDEA_1737148800000,1737148800000,1737149100000,1737329100000,STOP,-1.0,2025,2025-2026,486783,487647,1737605100000,True,486794,True,FRESH_EVENTS_BLOCKED_OPEN_TRADE,2,0,0,0,2,2,0,,,0.0,,,-1.0,False,False
IDEA_1737988800000,1737988800000,1737989100000,1737996600000,STOP,-1.0,2025,2025-2026,488327,489191,1738259100000,True,488352,True,REFERENCE_ALREADY_CAPTURES,1,0,0,0,0,1,1,,,0.0,,,-1.0,False,False
IDEA_1738137000000,1738137000000,1738137300000,1738156800000,STOP,-1.0,2025,2025-2026,488797,489661,1738580700000,True,488862,True,REFERENCE_ALREADY_CAPTURES,1,0,0,0,0,1,1,,,0.0,,,-1.0,False,False
IDEA_1738157100000,1738157100000,1738157400000,1738165200000,STOP,-1.0,2025,2025-2026,488864,489728,1738600800000,True,488890,True,REFERENCE_ALREADY_CAPTURES,3,0,0,0,2,3,1,,,0.0,,,-1.0,False,False
IDEA_1738539600000,1738539600000,1738539900000,1738550400000,STOP,-1.0,2025,2025-2026,489525,490389,1738810200000,True,489560,True,REFERENCE_ALREADY_CAPTURES,1,0,0,0,0,1,1,,,0.0,,,-1.0,False,False
IDEA_1739280000000,1739280000000,1739280300000,1739367300000,STOP,-1.0,2025,2025-2026,491344,492208,1739550300000,True,491622,True,REFERENCE_ALREADY_CAPTURES,1,0,0,0,0,1,1,,,0.0,,,-1.0,False,False
IDEA_1739542200000,1739542200000,1739542500000,1739546700000,STOP,-1.0,2025,2025-2026,492182,493046,1739995200000,True,492196,True,REFERENCE_ALREADY_CAPTURES,3,0,0,0,2,3,1,,,0.0,,,-1.0,False,False
IDEA_1739547300000,1739547300000,1739547600000,1739555700000,STOP,-1.0,2025,2025-2026,492199,493063,1740000300000,True,492226,True,REFERENCE_ALREADY_CAPTURES,6,0,0,0,5,6,1,,,0.0,,,-1.0,False,False
IDEA_1740061800000,1740061800000,1740062100000,1740126300000,STOP,-1.0,2025,2025-2026,493257,494121,1740505200000,True,493459,True,REFERENCE_ALREADY_CAPTURES,2,0,0,0,1,2,1,,,0.0,,,-1.0,False,False
IDEA_1740465600000,1740465600000,1740465900000,1740486900000,STOP,-1.0,2025,2025-2026,493990,494854,1740735900000,True,494060,True,FRESH_EVENTS_REJECTED_PERMISSION,10,0,10,0,0,0,0,,,0.0,,,-1.0,False,False
IDEA_1741251300000,1741251300000,1741251600000,1741254900000,STOP,-1.0,2025,2025-2026,495942,496806,1741690800000,True,495953,True,REFERENCE_ALREADY_CAPTURES,1,0,0,0,0,1,1,,,0.0,,,-1.0,False,False
IDEA_1741372200000,1741372200000,1741372500000,1741626900000,STOP,-1.0,2025,2025-2026,496333,497197,1741811700000,True,496605,True,REFERENCE_ALREADY_CAPTURES,3,0,2,0,0,1,1,,,0.0,,,-1.0,False,False
IDEA_1744875300000,1744875300000,1744875600000,1744900500000,STOP,-1.0,2025,2025-2026,504213,505077,1745405100000,True,504296,True,REFERENCE_ALREADY_CAPTURES,4,0,3,0,0,1,1,,,0.0,,,-1.0,False,False
IDEA_1745388900000,1745388900000,1745389200000,1745416500000,STOP,-1.0,2025,2025-2026,505024,505888,1745833200000,True,505115,True,REFERENCE_ALREADY_CAPTURES,2,0,0,0,1,2,1,,,0.0,,,-1.0,False,False
IDEA_1745503800000,1745503800000,1745504100000,1745560500000,STOP,-1.0,2025,2025-2026,505395,506259,1745948100000,True,505567,True,REFERENCE_ALREADY_CAPTURES,1,0,0,0,0,1,1,,,0.0,,,-1.0,False,False
IDEA_1746581700000,1746581700000,1746582000000,1746685200000,STOP,-1.0,2025,2025-2026,507723,508587,1747025100000,True,508055,True,REFERENCE_ALREADY_CAPTURES,1,0,0,0,0,1,1,,,0.0,,,-1.0,False,False
IDEA_1746721500000,1746721500000,1746721800000,1746756600000,STOP,-1.0,2025,2025-2026,508177,509041,1747164900000,True,508281,True,FRESH_EVENTS_REJECTED_PERMISSION,8,0,8,0,0,0,0,,,0.0,,,-1.0,False,False
IDEA_1747228800000,1747228800000,1747229100000,1747276500000,STOP,-1.0,2025,2025-2026,509243,510107,1747671900000,True,509389,True,REFERENCE_ALREADY_CAPTURES,1,0,0,0,0,1,1,,,0.0,,,-1.0,False,False
IDEA_1747285200000,1747285200000,1747285500000,1747289100000,STOP,-1.0,2025,2025-2026,509419,510283,1747728300000,True,509431,True,REFERENCE_ALREADY_CAPTURES,1,0,0,0,0,1,1,,,0.0,,,-1.0,False,False
IDEA_1747380300000,1747380300000,1747380600000,1747392600000,STOP,-1.0,2025,2025-2026,509724,510588,1747823400000,True,509764,True,REFERENCE_ALREADY_CAPTURES,1,0,0,0,0,1,1,,,0.0,,,-1.0,False,False
IDEA_1747910400000,1747910400000,1747910700000,1747922700000,STOP,-1.0,2025,2025-2026,510867,511731,1748362800000,True,510907,True,REFERENCE_ALREADY_CAPTURES,8,0,7,0,0,1,1,,,0.0,,,-1.0,False,False
IDEA_1748355000000,1748355000000,1748355300000,1748474100000,STOP,-1.0,2025,2025-2026,511706,512570,1748625300000,True,512078,True,REFERENCE_ALREADY_CAPTURES,7,1,5,0,0,1,1,,,0.0,,,-1.0,False,False
IDEA_1748925600000,1748925600000,1748925900000,1748958600000,STOP,-1.0,2025,2025-2026,512972,513836,1749195900000,True,513081,True,REFERENCE_ALREADY_CAPTURES,1,0,0,0,0,1,1,,,0.0,,,-1.0,False,False
IDEA_1749139800000,1749139800000,1749140100000,1749219600000,STOP,-1.0,2025,2025-2026,513662,514526,1749582900000,True,513915,True,FRESH_EVENTS_BLOCKED_OPEN_TRADE,4,0,2,0,2,2,0,,,0.0,,,-1.0,False,False
IDEA_1749220200000,1749220200000,1749220500000,1749428400000,STOP,-1.0,2025,2025-2026,513918,514782,1749663300000,True,514023,True,FRESH_EVENTS_REJECTED_PERMISSION,5,0,5,0,0,0,0,,,0.0,,,-1.0,False,False
IDEA_1750082700000,1750082700000,1750083000000,1750171200000,STOP,-1.0,2025,2025-2026,515569,516433,1750353000000,True,515851,True,FRESH_EVENTS_BLOCKED_OPEN_TRADE,3,0,2,0,1,1,0,,,0.0,,,-1.0,False,False
IDEA_1750171500000,1750171500000,1750171800000,1750313400000,STOP,-1.0,2025,2025-2026,515853,516717,1750451100000,True,516301,True,FRESH_EVENTS_REJECTED_PERMISSION,4,0,4,0,0,0,0,,,0.0,,,-1.0,False,False
IDEA_1751013600000,1751013600000,1751013900000,1751026500000,STOP,-1.0,2025,2025-2026,517957,518821,1751456700000,True,517999,True,REFERENCE_ALREADY_CAPTURES,1,0,0,0,0,1,1,,,0.0,,,-1.0,False,False
IDEA_1751026800000,1751026800000,1751027100000,1751030100000,STOP,-1.0,2025,2025-2026,518001,518865,1751469900000,True,518011,True,REFERENCE_ALREADY_CAPTURES,1,0,0,0,0,1,1,,,0.0,,,-1.0,False,False
IDEA_1751036100000,1751036100000,1751036400000,1751236200000,STOP,-1.0,2025,2025-2026,518032,518896,1751479200000,True,518110,True,REFERENCE_ALREADY_CAPTURES,1,0,0,0,0,1,1,,,0.0,,,-1.0,False,False
IDEA_1751414700000,1751414700000,1751415000000,1751441100000,STOP,-1.0,2025,2025-2026,518682,519546,1751872500000,True,518769,True,REFERENCE_ALREADY_CAPTURES,1,0,0,0,0,1,1,,,0.0,,,-1.0,False,False
IDEA_1751547000000,1751547000000,1751547300000,1751874900000,STOP,-1.0,2025,2025-2026,519111,519975,1752004800000,True,519554,True,FRESH_EVENTS_REJECTED_PERMISSION,8,1,7,0,0,0,0,,,0.0,,,-1.0,False,False
IDEA_1752498600000,1752498600000,1752498900000,1752586500000,STOP,-1.0,2025,2025-2026,520998,521862,1752768900000,True,521278,True,REFERENCE_ALREADY_CAPTURES,1,0,0,0,0,1,1,,,0.0,,,-1.0,False,False
IDEA_1752587100000,1752587100000,1752587400000,1752593700000,STOP,-1.0,2025,2025-2026,521281,522145,1752857400000,True,521302,True,FRESH_EVENTS_BLOCKED_OPEN_TRADE,11,0,7,0,4,4,0,,,0.0,,,-1.0,False,False
IDEA_1753327800000,1753327800000,1753328100000,1753348800000,STOP,-1.0,2025,2025-2026,523090,523954,1753770900000,True,523159,True,REFERENCE_ALREADY_CAPTURES,1,0,0,0,0,1,1,,,0.0,,,-1.0,False,False
IDEA_1753356900000,1753356900000,1753357200000,1753361700000,STOP,-1.0,2025,2025-2026,523187,524051,1753800000000,True,523202,True,FRESH_EVENTS_BLOCKED_OPEN_TRADE,8,0,6,0,2,2,0,,,0.0,,,-1.0,False,False
IDEA_1753362300000,1753362300000,1753362600000,1753434900000,STOP,-1.0,2025,2025-2026,523205,524069,1753805400000,True,523434,True,FRESH_EVENTS_REJECTED_PERMISSION,8,0,8,0,0,0,0,,,0.0,,,-1.0,False,False
IDEA_1754377500000,1754377500000,1754377800000,1754387700000,STOP,-1.0,2025,2025-2026,525341,526205,1754648400000,True,525374,True,REFERENCE_ALREADY_CAPTURES,2,0,0,0,1,2,1,,,0.0,,,-1.0,False,False
IDEA_1754457300000,1754457300000,1754457600000,1754469300000,STOP,-1.0,2025,2025-2026,525595,526459,1754901000000,True,525634,True,REFERENCE_ALREADY_CAPTURES,2,0,0,0,1,2,1,,,0.0,,,-1.0,False,False
IDEA_1754469300000,1754469300000,1754469600000,1754474100000,STOP,-1.0,2025,2025-2026,525635,526499,1754913000000,True,525650,True,REFERENCE_ALREADY_CAPTURES,1,0,0,0,0,1,1,,,0.0,,,-1.0,False,False
IDEA_1754652600000,1754652600000,1754652900000,1754874900000,STOP,-1.0,2025,2025-2026,526220,527084,1755095700000,True,526372,True,REFERENCE_ALREADY_CAPTURES,9,0,5,0,3,4,1,,,0.0,,,-1.0,False,False
IDEA_1754875200000,1754875200000,1754875500000,1754906100000,STOP,-1.0,2025,2025-2026,526374,527238,1755145500000,True,526476,True,REFERENCE_ALREADY_CAPTURES,2,0,1,0,0,1,1,,,0.0,,,-1.0,False,False
IDEA_1754915700000,1754915700000,1754916000000,1755008400000,STOP,-1.0,2025,2025-2026,526509,527373,1755186000000,True,526805,True,FRESH_EVENTS_REJECTED_PERMISSION,3,0,3,0,0,0,0,,,0.0,,,-1.0,False,False
IDEA_1758135600000,1758135600000,1758135900000,1758176100000,STOP,-1.0,2025,2025-2026,534006,534870,1758582300000,True,534128,True,REFERENCE_ALREADY_CAPTURES,1,0,0,0,0,1,1,,,0.0,,,-1.0,False,False
IDEA_1758681600000,1758681600000,1758681900000,1758730800000,STOP,-1.0,2025,2025-2026,535190,536054,1759124700000,True,535353,True,REFERENCE_ALREADY_CAPTURES,1,0,0,0,0,1,1,,,0.0,,,-1.0,False,False
IDEA_1758733800000,1758733800000,1758734100000,1758740700000,STOP,-1.0,2025,2025-2026,535364,536228,1759176900000,True,535386,True,REFERENCE_ALREADY_CAPTURES,1,0,0,0,0,1,1,,,0.0,,,-1.0,False,False
IDEA_1759221900000,1759221900000,1759222200000,1759225800000,STOP,-1.0,2025,2025-2026,536367,537231,1759492200000,True,536379,True,REFERENCE_ALREADY_CAPTURES,3,0,2,0,0,1,1,,,0.0,,,-1.0,False,False
IDEA_1759965000000,1759965000000,1759965300000,1760028000000,STOP,-1.0,2025,2025-2026,538184,539048,1760408100000,True,538393,True,HORIZON_EXPIRED,0,0,0,0,0,0,0,,,0.0,,,-1.0,False,False
IDEA_1761025800000,1761025800000,1761026100000,1761032400000,STOP,-1.0,2025,2025-2026,540472,541336,1761296100000,True,540493,True,REFERENCE_ALREADY_CAPTURES,7,0,6,0,0,1,1,,,0.0,,,-1.0,False,False
IDEA_1761538800000,1761538800000,1761539100000,1761555600000,STOP,-1.0,2025,2025-2026,541558,542422,1761809100000,True,541613,True,REFERENCE_ALREADY_CAPTURES,7,0,6,0,0,1,1,,,0.0,,,-1.0,False,False
IDEA_1761764100000,1761764100000,1761764400000,1761775200000,STOP_GAP,-1.0655908265816556,2025,2025-2026,542285,543149,1762214400000,True,542309,True,FRESH_EVENTS_REJECTED_PERMISSION,3,0,3,0,0,0,0,,,0.0,,,-1.0655908265816556,False,False
IDEA_1762217100000,1762217100000,1762217400000,1762266600000,STOP,-1.0,2025,2025-2026,543159,544023,1762487400000,True,543323,True,REFERENCE_ALREADY_CAPTURES,1,0,0,0,0,1,1,,,0.0,,,-1.0,False,False
IDEA_1762872000000,1762872000000,1762872300000,1762874700000,STOP,-1.0,2025,2025-2026,544706,545570,1763142300000,True,544714,True,REFERENCE_ALREADY_CAPTURES,1,0,0,0,0,1,1,,,0.0,,,-1.0,False,False
IDEA_1763120100000,1763120100000,1763120400000,1763122500000,STOP,-1.0,2025,2025-2026,545497,546361,1763563200000,True,545504,True,REFERENCE_ALREADY_CAPTURES,1,0,0,0,0,1,1,,,0.0,,,-1.0,False,False
IDEA_1763128500000,1763128500000,1763128800000,1763408700000,STOP,-1.0,2025,2025-2026,545525,546389,1763571600000,True,545870,True,FRESH_EVENTS_REJECTED_PERMISSION,2,0,2,0,0,0,0,,,0.0,,,-1.0,False,False
IDEA_1764674100000,1764674100000,1764674400000,1764691200000,STOP,-1.0,2025,2025-2026,548737,549601,1764944400000,True,548793,True,REFERENCE_ALREADY_CAPTURES,2,0,0,0,1,2,1,,,0.0,,,-1.0,False,False
IDEA_1764951900000,1764951900000,1764952200000,1765206300000,STOP,-1.0,2025,2025-2026,549627,550491,1765397700000,True,549877,True,FRESH_EVENTS_BLOCKED_OPEN_TRADE,6,1,4,0,1,1,0,,,0.0,,,-1.0,False,False
IDEA_1766998800000,1766998800000,1766999100000,1767015900000,STOP,-1.0,2025,2025-2026,553627,554491,1767355800000,True,553683,True,REFERENCE_ALREADY_CAPTURES,1,0,0,0,0,1,1,,,0.0,,,-1.0,False,False
IDEA_1767126000000,1767126000000,1767126300000,1767160200000,STOP,-1.0,2025,2025-2026,554039,554903,1767659400000,True,554140,True,FRESH_EVENTS_REJECTED_PERMISSION,4,0,4,0,0,0,0,,,0.0,,,-1.0,False,False
IDEA_1767769500000,1767769500000,1767769800000,1767799200000,STOP,-1.0,2026,2025-2026,555259,556123,1768212600000,True,555357,True,FRESH_EVENTS_BLOCKED_OPEN_TRADE,2,0,0,0,2,2,0,,,0.0,,,-1.0,False,False
IDEA_1769009400000,1769009400000,1769009700000,1769024400000,STOP,-1.0,2026,2025-2026,558088,558952,1769452500000,True,558137,True,REFERENCE_ALREADY_CAPTURES,1,0,0,0,0,1,1,,,0.0,,,-1.0,False,False
IDEA_1769762700000,1769762700000,1769763000000,1769766600000,STOP,-1.0,2026,2025-2026,559939,560803,1770206700000,True,559951,True,REFERENCE_ALREADY_CAPTURES,1,0,0,0,0,1,1,,,0.0,,,-1.0,False,False
IDEA_1769766900000,1769766900000,1769767200000,1769795100000,STOP,-1.0,2026,2025-2026,559953,560817,1770210900000,True,560046,True,REFERENCE_ALREADY_CAPTURES,1,0,0,0,0,1,1,,,0.0,,,-1.0,False,False
IDEA_1769796000000,1769796000000,1769796300000,1769797800000,STOP,-1.0,2026,2025-2026,560050,560914,1770240000000,True,560055,True,REFERENCE_ALREADY_CAPTURES,2,0,1,0,0,1,1,,,0.0,,,-1.0,False,False
IDEA_1769798400000,1769798400000,1769798700000,1770011100000,STOP,-1.0,2026,2025-2026,560058,560922,1770246000000,True,560175,True,REFERENCE_ALREADY_CAPTURES,1,0,0,0,0,1,1,,,0.0,,,-1.0,False,False
IDEA_1770216300000,1770216300000,1770216600000,1770219300000,STOP,-1.0,2026,2025-2026,560836,561700,1770659400000,True,560845,True,REFERENCE_ALREADY_CAPTURES,1,0,0,0,0,1,1,,,0.0,,,-1.0,False,False
IDEA_1770219600000,1770219600000,1770219900000,1770223800000,STOP,-1.0,2026,2025-2026,560847,561711,1770662700000,True,560860,True,REFERENCE_ALREADY_CAPTURES,1,0,0,0,0,1,1,,,0.0,,,-1.0,False,False
IDEA_1770260700000,1770260700000,1770261000000,1770335400000,STOP,-1.0,2026,2025-2026,560972,561836,1770703800000,True,561208,True,REFERENCE_ALREADY_CAPTURES,1,0,0,0,0,1,1,,,0.0,,,-1.0,False,False
IDEA_1770908700000,1770908700000,1770909000000,1770912900000,STOP,-1.0,2026,2025-2026,562496,563360,1771361700000,True,562509,True,REFERENCE_ALREADY_CAPTURES,1,0,0,0,0,1,1,,,0.0,,,-1.0,False,False
IDEA_1771218300000,1771218300000,1771218600000,1771290000000,STOP,-1.0,2026,2025-2026,562926,563790,1771498200000,True,563121,True,NO_FRESH_SETUP,0,0,0,0,0,0,0,,,0.0,,,-1.0,False,False
IDEA_1771290300000,1771290300000,1771290600000,1771305600000,STOP,-1.0,2026,2025-2026,563123,563987,1771560900000,True,563173,True,REFERENCE_ALREADY_CAPTURES,1,0,0,0,0,1,1,,,0.0,,,-1.0,False,False
IDEA_1773274200000,1773274200000,1773274500000,1773338400000,STOP,-1.0,2026,2025-2026,567811,568675,1773717300000,True,568024,True,REFERENCE_ALREADY_CAPTURES,2,0,0,0,1,2,1,,,0.0,,,-1.0,False,False
IDEA_1773338400000,1773338400000,1773338700000,1773342300000,STOP,-1.0,2026,2025-2026,568025,568889,1773785100000,True,568037,True,REFERENCE_ALREADY_CAPTURES,1,0,0,0,0,1,1,,,0.0,,,-1.0,False,False
IDEA_1773348000000,1773348000000,1773348300000,1773417600000,STOP,-1.0,2026,2025-2026,568057,568921,1773794700000,True,568276,True,FRESH_EVENTS_REJECTED_PERMISSION,2,0,2,0,0,0,0,,,0.0,,,-1.0,False,False
IDEA_1773418800000,1773418800000,1773419100000,1773617100000,STOP,-1.0,2026,2025-2026,568281,569145,1773861900000,True,568353,True,FRESH_EVENTS_REJECTED_PERMISSION,5,0,5,0,0,0,0,,,0.0,,,-1.0,False,False
IDEA_1774014000000,1774014000000,1774014300000,1774015800000,STOP,-1.0,2026,2025-2026,569629,570493,1774457100000,True,569634,True,FRESH_EVENTS_REJECTED_PERMISSION,10,0,10,0,0,0,0,,,0.0,,,-1.0,False,False
IDEA_1774466100000,1774466100000,1774466400000,1774504800000,STOP,-1.0,2026,2025-2026,570524,571388,1774912800000,True,570640,True,REFERENCE_ALREADY_CAPTURES,1,0,0,0,0,1,1,,,0.0,,,-1.0,False,False
IDEA_1774506300000,1774506300000,1774506600000,1774542900000,STOP,-1.0,2026,2025-2026,570646,571510,1774949400000,True,570767,True,REFERENCE_ALREADY_CAPTURES,2,0,0,0,1,2,1,,,0.0,,,-1.0,False,False
IDEA_1775094600000,1775094600000,1775094900000,1775109000000,STOP,-1.0,2026,2025-2026,571970,572834,1775624400000,True,572017,True,FRESH_EVENTS_BLOCKED_OPEN_TRADE,2,0,0,0,2,2,0,,,0.0,,,-1.0,False,False
IDEA_1776237000000,1776237000000,1776237300000,1776246600000,STOP,-1.0,2026,2025-2026,574241,575105,1776680100000,True,574272,True,REFERENCE_ALREADY_CAPTURES,3,0,0,0,2,3,1,,,0.0,,,-1.0,False,False
IDEA_1776246600000,1776246600000,1776246900000,1776388500000,STOP,-1.0,2026,2025-2026,574273,575137,1776689700000,True,574721,True,REFERENCE_ALREADY_CAPTURES,1,0,0,0,0,1,1,,,0.0,,,-1.0,False,False
IDEA_1776636300000,1776636300000,1776636600000,1776783000000,STOP,-1.0,2026,2025-2026,574960,575824,1776906600000,True,575436,True,REFERENCE_ALREADY_CAPTURES,1,0,0,0,0,1,1,,,0.0,,,-1.0,False,False
IDEA_1776792900000,1776792900000,1776793200000,1776800700000,STOP,-1.0,2026,2025-2026,575470,576334,1777063200000,True,575495,True,FRESH_EVENTS_REJECTED_PERMISSION,8,0,8,0,0,0,0,,,0.0,,,-1.0,False,False
IDEA_1777447800000,1777447800000,1777448100000,1777456500000,STOP,-1.0,2026,2025-2026,577005,577869,1777890900000,True,577033,True,REFERENCE_ALREADY_CAPTURES,3,0,2,0,0,1,1,,,0.0,,,-1.0,False,False
IDEA_1777456800000,1777456800000,1777457100000,1777469100000,STOP,-1.0,2026,2025-2026,577035,577899,1777899900000,True,577075,True,REFERENCE_ALREADY_CAPTURES,2,0,1,0,0,1,1,,,0.0,,,-1.0,False,False
IDEA_1777622400000,1777622400000,1777622700000,1777629300000,STOP,-1.0,2026,2025-2026,577563,578427,1778065500000,True,577585,True,REFERENCE_ALREADY_CAPTURES,1,0,0,0,0,1,1,,,0.0,,,-1.0,False,False
IDEA_1777878300000,1777878300000,1777878600000,1777889100000,STOP,-1.0,2026,2025-2026,577828,578692,1778148600000,True,577863,True,FRESH_EVENTS_REJECTED_PERMISSION,2,0,2,0,0,0,0,,,0.0,,,-1.0,False,False
IDEA_1778459400000,1778459400000,1778459700000,1778478900000,STOP,-1.0,2026,2025-2026,579129,579993,1778729700000,True,579193,True,REFERENCE_ALREADY_CAPTURES,1,0,0,0,0,1,1,,,0.0,,,-1.0,False,False
IDEA_1778567400000,1778567400000,1778567700000,1778594400000,STOP,-1.0,2026,2025-2026,579477,580341,1778837700000,True,579566,True,REFERENCE_ALREADY_CAPTURES,2,0,0,0,1,2,1,,,0.0,,,-1.0,False,False
IDEA_1778595000000,1778595000000,1778595300000,1778599500000,STOP,-1.0,2026,2025-2026,579569,580433,1778865300000,True,579583,True,REFERENCE_ALREADY_CAPTURES,1,0,0,0,0,1,1,,,0.0,,,-1.0,False,False
IDEA_1778665200000,1778665200000,1778665500000,1778680200000,STOP,-1.0,2026,2025-2026,579791,580655,1779108300000,True,579840,True,FRESH_EVENTS_BLOCKED_OPEN_TRADE,3,0,1,0,2,2,0,,,0.0,,,-1.0,False,False
IDEA_1778680200000,1778680200000,1778680500000,1778788200000,STOP,-1.0,2026,2025-2026,579841,580705,1779123300000,True,580188,True,FRESH_EVENTS_REJECTED_PERMISSION,12,0,12,0,0,0,0,,,0.0,,,-1.0,False,False
IDEA_1779771900000,1779771900000,1779772200000,1779795600000,STOP,-1.0,2026,2025-2026,582189,583053,1780042500000,True,582267,True,REFERENCE_ALREADY_CAPTURES,4,0,0,0,3,4,1,,,0.0,,,-1.0,False,False
IDEA_1779797700000,1779797700000,1779798000000,1779818700000,STOP,-1.0,2026,2025-2026,582275,583139,1780068300000,True,582344,True,FRESH_EVENTS_BLOCKED_OPEN_TRADE,3,0,1,0,2,2,0,,,0.0,,,-1.0,False,False
IDEA_1779819300000,1779819300000,1779819600000,1779878400000,STOP,-1.0,2026,2025-2026,582347,583211,1780266300000,True,582530,True,FRESH_EVENTS_REJECTED_PERMISSION,7,0,7,0,0,0,0,,,0.0,,,-1.0,False,False
IDEA_1780284300000,1780284300000,1780284600000,1780300200000,STOP,-1.0,2026,2025-2026,583272,584136,1780554600000,True,583324,True,REFERENCE_ALREADY_CAPTURES,3,0,0,0,2,3,1,,,0.0,,,-1.0,False,False
IDEA_1780300500000,1780300500000,1780300800000,1780319700000,STOP,-1.0,2026,2025-2026,583326,584190,1780570800000,True,583389,True,REFERENCE_ALREADY_CAPTURES,2,0,0,0,1,2,1,,,0.0,,,-1.0,False,False
IDEA_1780425900000,1780425900000,1780426200000,1780443000000,STOP,-1.0,2026,2025-2026,583732,584596,1780872600000,True,583776,True,REFERENCE_ALREADY_CAPTURES,4,0,0,0,3,4,1,,,0.0,,,-1.0,False,False
IDEA_1780443600000,1780443600000,1780443900000,1780476900000,STOP,-1.0,2026,2025-2026,583779,584643,1780886700000,True,583889,True,REFERENCE_ALREADY_CAPTURES,3,0,0,0,2,3,1,,,0.0,,,-1.0,False,False
IDEA_1780477200000,1780477200000,1780477500000,1780525200000,STOP,-1.0,2026,2025-2026,583891,584755,1780920300000,True,584038,True,REFERENCE_ALREADY_CAPTURES,14,1,12,0,0,1,1,,,0.0,,,-1.0,False,False
IDEA_1780882800000,1780882800000,1780883100000,1780897200000,STOP,-1.0,2026,2025-2026,584631,585495,1781153100000,True,584678,True,REFERENCE_ALREADY_CAPTURES,1,0,0,0,0,1,1,,,0.0,,,-1.0,False,False
IDEA_1781016600000,1781016600000,1781016900000,1781021400000,STOP,-1.0,2026,2025-2026,585065,585929,1781286900000,True,585080,True,REFERENCE_ALREADY_CAPTURES,5,0,4,0,0,1,1,,,0.0,,,-1.0,False,False
IDEA_1781053800000,1781053800000,1781054100000,1781086200000,STOP,-1.0,2026,2025-2026,585177,586041,1781496900000,True,585284,True,REFERENCE_ALREADY_CAPTURES,1,0,0,0,0,1,1,,,0.0,,,-1.0,False,False
IDEA_1781089800000,1781089800000,1781090100000,1781103600000,STOP,-1.0,2026,2025-2026,585297,586161,1781532900000,True,585342,True,REFERENCE_ALREADY_CAPTURES,3,0,0,0,2,3,1,,,0.0,,,-1.0,False,False
IDEA_1781104800000,1781104800000,1781105100000,1781119500000,STOP,-1.0,2026,2025-2026,585347,586211,1781547900000,True,585395,True,REFERENCE_ALREADY_CAPTURES,3,0,0,0,2,3,1,,,0.0,,,-1.0,False,False
IDEA_1781119800000,1781119800000,1781120100000,1781130000000,STOP,-1.0,2026,2025-2026,585397,586261,1781566500000,True,585418,True,REFERENCE_ALREADY_CAPTURES,2,0,0,0,1,2,1,,,0.0,,,-1.0,False,False
IDEA_1781720100000,1781720100000,1781720400000,1781723700000,STOP,-1.0,2026,2025-2026,586762,587626,1782181500000,True,586773,True,REFERENCE_ALREADY_CAPTURES,1,0,0,0,0,1,1,,,0.0,,,-1.0,False,False
IDEA_1781781900000,1781781900000,1781782200000,1781800800000,STOP,-1.0,2026,2025-2026,586956,587820,1782239700000,True,587018,True,FRESH_EVENTS_BLOCKED_OPEN_TRADE,3,0,2,0,1,1,0,,,0.0,,,-1.0,False,False
IDEA_1781802000000,1781802000000,1781802300000,1781826600000,STOP,-1.0,2026,2025-2026,587023,587887,1782263400000,True,587092,True,FRESH_EVENTS_REJECTED_PERMISSION,11,0,11,0,0,0,0,,,0.0,,,-1.0,False,False
IDEA_1782864600000,1782864600000,1782864900000,1782868200000,STOP,-1.0,2026,2025-2026,589256,590120,1783322400000,True,589267,True,REFERENCE_ALREADY_CAPTURES,1,0,0,0,0,1,1,,,0.0,,,-1.0,False,False
IDEA_1783315500000,1783315500000,1783315800000,1783341900000,STOP,-1.0,2026,2025-2026,590098,590962,1783585800000,True,590185,True,REFERENCE_ALREADY_CAPTURES,6,0,0,0,5,6,1,,,0.0,,,-1.0,False,False
IDEA_1783342800000,1783342800000,1783343100000,1783451400000,STOP,-1.0,2026,2025-2026,590189,591053,1783613100000,True,590538,True,REFERENCE_ALREADY_CAPTURES,1,0,0,0,0,1,1,,,0.0,,,-1.0,False,False
IDEA_1783452600000,1783452600000,1783452900000,1783500000000,STOP,-1.0,2026,2025-2026,590543,591407,1783899300000,True,590688,True,FRESH_EVENTS_BLOCKED_OPEN_TRADE,5,0,4,0,1,1,0,,,0.0,,,-1.0,False,False
IDEA_1783502100000,1783502100000,1783502400000,1783524000000,STOP,-1.0,2026,2025-2026,590696,591560,1783945200000,True,590768,True,REFERENCE_ALREADY_CAPTURES,1,0,0,0,0,1,1,,,0.0,,,-1.0,False,False
IDEA_1783662900000,1783662900000,1783663200000,1783673400000,STOP,-1.0,2026,2025-2026,591208,592072,1784106000000,True,591242,True,REFERENCE_ALREADY_CAPTURES,1,0,0,0,0,1,1,,,0.0,,,-1.0,False,False
IDEA_1783690800000,1783690800000,1783691100000,1783694100000,STOP,-1.0,2026,2025-2026,591301,592165,1784133900000,True,591311,True,REFERENCE_ALREADY_CAPTURES,1,0,0,0,0,1,1,,,0.0,,,-1.0,False,False
IDEA_1783920900000,1783920900000,1783921200000,1783951800000,STOP,-1.0,2026,2025-2026,591480,592344,1784191200000,True,591582,True,REFERENCE_ALREADY_CAPTURES,4,1,0,0,2,3,1,,,0.0,,,-1.0,False,False
IDEA_1784091000000,1784091000000,1784091300000,1784205900000,STOP,-1.0,2026,2025-2026,592023,592887,1784534100000,True,592393,True,FRESH_EVENTS_REJECTED_PERMISSION,1,0,1,0,0,0,0,,,0.0,,,-1.0,False,False
IDEA_1784815800000,1784815800000,1784816100000,1784862000000,STOP,-1.0,2026,2025-2026,593791,594655,1785258900000,True,593932,True,REFERENCE_ALREADY_CAPTURES,3,0,0,0,2,3,1,,,0.0,,,-1.0,False,False
IDEA_1785159300000,1785159300000,1785159600000,1785197400000,STOP,-1.0,2026,2025-2026,594336,595200,1785429600000,True,594450,True,FRESH_EVENTS_REJECTED_PERMISSION,10,0,10,0,0,0,0,,,0.0,,,-1.0,False,False
IDEA_1786638000000,1786638000000,1786638300000,1786668600000,STOP,-1.0,2026,2025-2026,597957,598821,1787081100000,True,598046,True,REFERENCE_ALREADY_CAPTURES,1,0,0,0,0,1,1,,,0.0,,,-1.0,False,False
IDEA_1787026800000,1787026800000,1787027100000,1787064900000,STOP,-1.0,2026,2025-2026,598641,599505,1787297100000,True,598767,True,REFERENCE_ALREADY_CAPTURES,3,0,0,0,2,3,1,,,0.0,,,-1.0,False,False
IDEA_1787067000000,1787067000000,1787067300000,1787084700000,STOP,-1.0,2026,2025-2026,598775,599639,1787337300000,True,598833,True,REFERENCE_ALREADY_CAPTURES,1,0,0,0,0,1,1,,,0.0,,,-1.0,False,False
IDEA_1787595900000,1787595900000,1787596200000,1787750400000,STOP,-1.0,2026,2025-2026,599914,600778,1787869800000,True,600404,True,FRESH_EVENTS_REJECTED_PERMISSION,3,0,3,0,0,0,0,,,0.0,,,-1.0,False,False
IDEA_1788505200000,1788505200000,1788505500000,1788525300000,STOP,-1.0,2026,2025-2026,602261,603125,1788957600000,True,602327,True,REFERENCE_ALREADY_CAPTURES,1,0,0,0,0,1,1,,,0.0,,,-1.0,False,False
IDEA_1788761700000,1788761700000,1788762000000,1788893400000,STOP,-1.0,2026,2025-2026,602528,603392,1789041300000,True,602923,True,REFERENCE_ALREADY_CAPTURES,1,0,0,0,0,1,1,,,0.0,,,-1.0,False,False
IDEA_1789983600000,1789983600000,1789983900000,1789999500000,STOP,-1.0,2026,2025-2026,605298,606162,1790254200000,True,605350,True,FRESH_EVENTS_BLOCKED_OPEN_TRADE,3,0,2,0,1,1,0,,,0.0,,,-1.0,False,False
IDEA_1789999800000,1789999800000,1790000100000,1790063700000,STOP,-1.0,2026,2025-2026,605352,606216,1790270400000,True,605552,True,FRESH_EVENTS_REJECTED_PERMISSION,12,0,12,0,0,0,0,,,0.0,,,-1.0,False,False
