engine,rule,year,episode_start_t,anchor_t,signal_t,entry_t,exit_t,anchor_low,atr_h1,bars_from_anchor,bars_from_episode,entry_px,stop_px,target_px,exit_px,entry_rr,pnl_r,exit_kind
swing,HIGH_RECLAIM,2018,1519917600000,1519917600000,1519918200000,1519918500000,1519922700000,1302.758,2.432714285714318,2,2,1309.459,1300.3252857142857,1312.4888571428573,1312.4888571428573,0.33172234734735817,0.33172234734735817,TARGET
swing,HIGH_RECLAIM,2018,1520256600000,1520258700000,1520259000000,1520259300000,1520269800000,1320.702,1.9277142857142897,1,8,1321.221,1318.7742857142857,1328.412857142857,1318.7742857142857,2.9393939393939252,-1.0,STOP
swing,HIGH_RECLAIM,2018,1520269500000,1520270100000,1520270400000,1520270700000,1520336700000,1318.541,2.007857142857152,1,3,1319.668,1316.5331428571428,1326.5724285714286,1326.5724285714286,2.202469923441595,2.202469923441595,TARGET
swing,HIGH_RECLAIM,2018,1520409600000,1520409600000,1520409900000,1520410200000,1520436300000,1331.238,2.859928571428603,1,1,1332.421,1328.3780714285715,1342.6777142857145,1328.3780714285715,2.536951643963944,-1.0,STOP
swing,HIGH_RECLAIM,2018,1520436300000,1520437500000,1520437800000,1520438100000,1520439600000,1326.758,2.371642857142888,1,5,1328.098,1324.3863571428572,1336.2445714285716,1324.3863571428572,2.194869426322661,-1.0,STOP
swing,HIGH_RECLAIM,2018,1520438400000,1520439900000,1520441100000,1520441400000,1520521500000,1322.681,2.5302142857143184,4,9,1324.329,1320.1507857142858,1332.8018571428572,1320.1507857142858,2.0278656295410826,-1.0,STOP
swing,HIGH_RECLAIM,2018,1520519700000,1520521800000,1520522700000,1520523000000,1520559000000,1319.388,1.968357142857144,3,10,1321.082,1317.4196428571427,1327.2614285714285,1317.4196428571427,1.6872818052384355,-1.0,STOP
swing,HIGH_RECLAIM,2018,1520556600000,1520559300000,1520559900000,1520560200000,1520601600000,1316.829,2.5133571428571355,2,11,1317.618,1314.3156428571428,1326.8824285714286,1314.3156428571428,2.8053987411589816,-1.0,STOP
swing,HIGH_RECLAIM,2018,1520843100000,1520844000000,1520844600000,1520844900000,1520847900000,1320.068,1.5312857142857053,2,5,1320.868,1318.5367142857142,1326.193142857143,1318.5367142857142,2.2842085912127166,-1.0,STOP
swing,HIGH_RECLAIM,2018,1520847600000,1520847900000,1520848200000,1520848500000,1520848800000,1318.478,1.556999999999984,1,2,1319.148,1316.921,1324.706,1316.921,2.4957341715313595,-1.0,STOP
swing,HIGH_RECLAIM,2018,1520848500000,1520849100000,1520849400000,1520849700000,1520854200000,1316.818,1.6553571428571234,1,3,1317.538,1315.1626428571428,1323.4394285714284,1315.1626428571428,2.484438430311104,-1.0,STOP
swing,HIGH_RECLAIM,2018,1520926800000,1520928000000,1520928300000,1520928600000,1520944200000,1317.319,2.0177857142857,1,5,1318.219,1315.3012142857142,1325.3901428571428,1315.3012142857142,2.4577345834657764,-1.0,STOP
swing,HIGH_RECLAIM,2018,1521015300000,1521015300000,1521016500000,1521016800000,1521037200000,1323.389,1.843357142857144,4,4,1324.799,1321.5456428571429,1330.7624285714285,1321.5456428571429,1.833007662414642,-1.0,STOP
swing,HIGH_RECLAIM,2018,1521037200000,1521037200000,1521037500000,1521037800000,1521117900000,1321.458,2.3491428571428514,1,1,1322.988,1319.1088571428572,1330.8545714285715,1319.1088571428572,2.0279148560065,-1.0,STOP
swing,HIGH_RECLAIM,2018,1521116700000,1521117900000,1521118200000,1521118500000,1521121200000,1319.079,1.4312857142857314,1,5,1320.329,1317.6477142857143,1324.8041428571428,1317.6477142857143,1.6690287175662286,-1.0,STOP
swing,HIGH_RECLAIM,2018,1521121200000,1521121500000,1521122100000,1521122400000,1521132300000,1317.289,1.6566428571428722,2,3,1318.859,1315.632357142857,1323.9155714285714,1315.632357142857,1.5671308082261473,-1.0,STOP
swing,HIGH_RECLAIM,2018,1521132300000,1521132300000,1521132600000,1521132900000,1521162900000,1315.588,1.917571428571429,1,1,1316.682,1313.6704285714286,1323.2582857142856,1313.6704285714286,2.183672501304475,-1.0,STOP
swing,HIGH_RECLAIM,2018,1521207900000,1521210000000,1521210300000,1521210600000,1521440100000,1310.398,1.951571428571518,1,8,1312.618,1308.4464285714284,1318.204285714286,1308.4464285714284,1.3391322214993289,-1.0,STOP
swing,HIGH_RECLAIM,2018,1521439800000,1521440100000,1521440700000,1521441000000,1521468000000,1307.739,1.615785714285721,2,3,1308.818,1306.1232142857143,1314.202142857143,1314.202142857143,1.9979855276062832,1.9979855276062832,TARGET
swing,HIGH_RECLAIM,2018,1521531000000,1521531000000,1521531900000,1521532200000,1521539400000,1314.339,1.3572857142857597,3,3,1315.358,1312.9817142857141,1319.768142857143,1312.9817142857141,1.855897559216046,-1.0,STOP
swing,HIGH_RECLAIM,2018,1521539100000,1521540600000,1521540900000,1521541200000,1521548400000,1311.768,1.452571428571462,1,6,1312.718,1310.3154285714286,1317.5782857142858,1310.3154285714286,2.022951599476708,-1.0,STOP
swing,HIGH_RECLAIM,2018,1521545700000,1521549000000,1521549300000,1521549600000,1521555600000,1309.549,1.529714285714314,1,12,1310.928,1308.0192857142856,1315.6678571428572,1308.0192857142856,1.6295368596825912,-1.0,STOP
swing,HIGH_RECLAIM,2018,1521732900000,1521732900000,1521733200000,1521733500000,1521766200000,1326.842,2.754357142857072,1,1,1328.419,1324.087642857143,1337.8594285714285,1337.8594285714285,2.17955441217696,2.17955441217696,TARGET
swing,HIGH_RECLAIM,2018,1522043400000,1522046100000,1522047000000,1522047300000,1522073100000,1343.439,2.612285714285755,3,12,1345.001,1340.8267142857144,1353.888142857143,1353.888142857143,2.1290212183437203,2.1290212183437203,TARGET
swing,HIGH_RECLAIM,2018,1522140600000,1522143600000,1522143900000,1522144200000,1522149000000,1348.358,2.2685714285714442,1,11,1349.409,1346.0894285714285,1357.4322857142856,1346.0894285714285,2.416964324138019,-1.0,STOP
swing,HIGH_RECLAIM,2018,1522157400000,1522158000000,1522158300000,1522158600000,1522234500000,1339.818,2.6839285714285586,1,3,1342.688,1337.1340714285714,1350.5537142857142,1337.1340714285714,1.4162433284032498,-1.0,STOP
swing,HIGH_RECLAIM,2018,1522238700000,1522240200000,1522240500000,1522240800000,1522247400000,1332.699,2.1725714285714566,1,6,1334.909,1330.5264285714286,1341.389285714286,1330.5264285714286,1.4786491948627731,-1.0,STOP
swing,HIGH_RECLAIM,2018,1522248900000,1522248900000,1522249200000,1522249500000,1522253400000,1329.298,2.763285714285741,1,1,1331.401,1326.5347142857142,1340.351142857143,1326.5347142857142,1.839214419915434,-1.0,STOP
swing,HIGH_RECLAIM,2018,1522250700000,1522254000000,1522254300000,1522254600000,1522306500000,1325.749,2.8401428571428857,1,12,1327.418,1322.9088571428572,1337.1095714285716,1322.9088571428572,2.1493156760868146,-1.0,STOP
swing,HIGH_RECLAIM,2018,1522305600000,1522306500000,1522307100000,1522307400000,1522655400000,1322.888,2.3645000000000045,2,5,1323.779,1320.5235,1332.346,1332.346,2.6315466134234526,2.6315466134234526,TARGET
swing,HIGH_RECLAIM,2018,1522742700000,1522743300000,1522743600000,1522743900000,1522762200000,1336.321,2.478071428571411,1,3,1337.218,1333.8429285714285,1346.2332857142856,1333.8429285714285,2.6711392351482797,-1.0,STOP
swing,HIGH_RECLAIM,2018,1522761300000,1522762200000,1522763100000,1522763400000,1522766400000,1333.158,2.2824285714285355,3,6,1334.699,1330.8755714285714,1342.287714285714,1330.8755714285714,1.9847930055296832,-1.0,STOP
swing,HIGH_RECLAIM,2018,1522764600000,1522767300000,1522767600000,1522767900000,1522828800000,1329.0,2.762071428571403,1,10,1330.169,1326.2379285714287,1340.0482857142856,1340.0482857142856,2.5131280094485096,2.5131280094485096,TARGET
swing,HIGH_RECLAIM,2018,1522866300000,1522866600000,1522866900000,1522867200000,1522901700000,1332.188,3.8589285714285944,1,2,1333.848,1328.3290714285715,1347.6237142857144,1328.3290714285715,2.496084902608002,-1.0,STOP
swing,HIGH_RECLAIM,2018,1522908900000,1522912200000,1522912500000,1522912800000,1522977300000,1324.439,2.021499999999995,1,12,1326.229,1322.4175,1332.525,1332.525,1.6518431063885635,1.6518431063885635,TARGET
swing,HIGH_RECLAIM,2018,1522997700000,1522999500000,1523001000000,1523001300000,1523017800000,1319.651,2.120071428571464,5,11,1324.398,1317.5309285714286,1328.131285714286,1328.131285714286,0.5436503396124891,0.5436503396124891,TARGET
swing,HIGH_RECLAIM,2018,1523262600000,1523262900000,1523263800000,1523264100000,1523291700000,1327.428,1.9232857142856932,3,4,1328.869,1325.5047142857145,1335.1211428571428,1335.1211428571428,1.858386411889766,1.858386411889766,TARGET
swing,HIGH_RECLAIM,2018,1523337000000,1523337900000,1523338500000,1523338800000,1523365800000,1331.049,2.1175714285714093,2,5,1332.338,1328.9314285714286,1339.5192857142856,1339.5192857142856,2.1080684391512214,2.1080684391512214,TARGET
swing,HIGH_RECLAIM,2018,1523523300000,1523523900000,1523524200000,1523524500000,1523535900000,1345.168,2.923071428571461,1,3,1346.718,1342.2449285714283,1356.8602857142857,1342.2449285714283,2.2674097376361537,-1.0,STOP
swing,HIGH_RECLAIM,2018,1523535600000,1523535900000,1523536200000,1523536500000,1523542800000,1340.941,2.5865000000000333,1,2,1344.341,1338.3545,1351.2870000000003,1338.3545,1.1602772905705159,-1.0,STOP
swing,HIGH_RECLAIM,2018,1523541300000,1523543400000,1523543700000,1523544000000,1523561400000,1337.679,3.320142857142904,1,8,1338.938,1334.3588571428572,1350.9595714285717,1334.3588571428572,2.625288575528833,-1.0,STOP
swing,HIGH_RECLAIM,2018,1523561100000,1523562000000,1523562900000,1523563200000,1523842200000,1333.722,3.538142857142881,3,6,1335.372,1330.183857142857,1347.8745714285715,1347.8745714285715,2.4098356141750985,2.4098356141750985,TARGET
swing,HIGH_RECLAIM,2018,1523953800000,1523953800000,1523954100000,1523954400000,1523969100000,1340.651,2.3251428571428505,1,1,1342.569,1338.3258571428573,1349.9515714285715,1338.3258571428573,1.7398828361727607,-1.0,STOP
swing,HIGH_RECLAIM,2018,1523968500000,1523969700000,1523970000000,1523970300000,1524048600000,1337.648,2.8593571428571067,1,5,1339.269,1334.7886428571428,1349.0854285714283,1349.0854285714283,2.1909924272617753,2.1909924272617753,TARGET
swing,HIGH_RECLAIM,2018,1524150000000,1524152400000,1524153300000,1524153600000,1524230400000,1340.909,2.9930000000000194,3,11,1342.558,1337.9160000000002,1352.881,1337.9160000000002,2.223825937096183,-1.0,STOP
swing,HIGH_RECLAIM,2018,1524230400000,1524231900000,1524232800000,1524233100000,1524435900000,1335.902,2.4138571428571334,3,8,1337.188,1333.488142857143,1345.5574285714285,1333.488142857143,2.2620950615853648,-1.0,STOP
swing,HIGH_RECLAIM,2018,1524474000000,1524476100000,1524477300000,1524477600000,1524486300000,1327.081,2.064785714285693,4,11,1328.389,1325.016214285714,1335.3401428571426,1325.016214285714,2.060950041296851,-1.0,STOP
swing,HIGH_RECLAIM,2018,1524485400000,1524487500000,1524488100000,1524488400000,1524593100000,1323.999,2.1467857142856865,2,9,1325.609,1321.8522142857144,1332.5861428571427,1332.5861428571427,1.857210761479279,1.857210761479279,TARGET
swing,HIGH_RECLAIM,2018,1524633000000,1524633900000,1524634800000,1524635100000,1524644100000,1325.408,2.2735000000000127,3,6,1327.138,1323.1345,1334.502,1323.1345,1.839390533283371,-1.0,STOP
swing,HIGH_RECLAIM,2018,1524644100000,1524644100000,1524644400000,1524644700000,1524656400000,1322.941,1.8564285714285884,1,1,1324.159,1321.0845714285715,1330.3667142857144,1321.0845714285715,2.0191440918172643,-1.0,STOP
swing,HIGH_RECLAIM,2018,1524655800000,1524657600000,1524658200000,1524658500000,1524752100000,1320.068,1.9219285714285823,2,8,1321.128,1318.1460714285713,1327.7557142857142,1318.1460714285713,2.2226267755766593,-1.0,STOP
swing,HIGH_RECLAIM,2018,1524751200000,1524752400000,1524752700000,1524753000000,1525086600000,1316.798,2.3124999999999676,1,5,1319.089,1314.4855,1326.0479999999998,1314.4855,1.5116758987726564,-1.0,STOP
swing,HIGH_RECLAIM,2018,1525086600000,1525088700000,1525089000000,1525089300000,1525096200000,1312.669,1.9494285714285493,1,8,1313.702,1310.7195714285715,1320.4667142857143,1310.7195714285715,2.2681898740240922,-1.0,STOP
swing,HIGH_RECLAIM,2018,1525095600000,1525096500000,1525096800000,1525097100000,1525108500000,1310.168,2.2684285714285255,1,4,1313.322,1307.8995714285713,1319.241714285714,1319.241714285714,1.0917090391758617,1.0917090391758617,TARGET
swing,HIGH_RECLAIM,2018,1525151100000,1525153500000,1525153800000,1525154100000,1525163700000,1311.241,2.3199285714285582,1,9,1311.669,1308.9210714285714,1320.5207142857141,1308.9210714285714,3.2212315770318023,-1.0,STOP
swing,HIGH_RECLAIM,2018,1525163400000,1525165500000,1525165800000,1525166100000,1525181400000,1307.799,1.640999999999979,1,8,1308.519,1306.158,1314.3629999999998,1306.158,2.475222363405153,-1.0,STOP
swing,HIGH_RECLAIM,2018,1525181400000,1525182900000,1525183200000,1525183500000,1525184100000,1305.5,1.7861428571428308,1,6,1307.509,1303.7138571428573,1312.6445714285712,1303.7138571428573,1.3531958141985756,-1.0,STOP
swing,HIGH_RECLAIM,2018,1525183800000,1525186200000,1525187100000,1525187400000,1525225800000,1301.678,1.7861428571428308,3,11,1303.708,1299.8918571428574,1308.8225714285713,1308.8225714285713,1.3402463220154994,1.3402463220154994,TARGET
swing,HIGH_RECLAIM,2018,1525268400000,1525269600000,1525270200000,1525270500000,1525284600000,1304.048,2.2675714285714514,2,6,1305.348,1301.7804285714285,1313.1182857142858,1313.1182857142858,2.178032274856859,2.178032274856859,TARGET
swing,HIGH_RECLAIM,2018,1525289700000,1525290300000,1525291800000,1525292100000,1525347900000,1303.868,2.6791428571428924,5,7,1305.458,1301.1888571428572,1314.5845714285715,1314.5845714285715,2.1377994913665828,2.1377994913665828,TARGET
swing,HIGH_RECLAIM,2018,1525417200000,1525419000000,1525419900000,1525420200000,1525651800000,1309.368,1.7525000000000384,3,9,1310.841,1307.6154999999999,1316.3780000000002,1316.3780000000002,1.716633080142689,1.716633080142689,TARGET
swing,HIGH_RECLAIM,2018,1525693500000,1525694700000,1525695000000,1525695300000,1525786200000,1310.198,1.9496428571428137,1,5,1310.698,1308.2483571428572,1317.9965714285713,1308.2483571428572,2.979443067502461,-1.0,STOP
swing,HIGH_RECLAIM,2018,1525786200000,1525788300000,1525789200000,1525789500000,1525803000000,1306.028,2.4463571428571447,3,10,1307.032,1303.581642857143,1315.8134285714286,1315.8134285714286,2.5450781492600543,2.5450781492600543,TARGET
swing,HIGH_RECLAIM,2018,1525850100000,1525850100000,1525850400000,1525850700000,1525874400000,1304.839,2.566357142857133,1,1,1305.938,1302.2726428571427,1315.1044285714286,1315.1044285714286,2.5008282178698327,2.5008282178698327,TARGET
swing,HIGH_RECLAIM,2018,1525935900000,1525935900000,1525936200000,1525936500000,1525954200000,1310.698,1.8889999999999938,1,1,1312.028,1308.8090000000002,1318.2540000000001,1318.2540000000001,1.9341410375894545,1.9341410375894545,TARGET
swing,HIGH_RECLAIM,2018,1526063400000,1526063400000,1526064300000,1526064600000,1526320200000,1318.168,1.967000000000017,3,3,1319.228,1316.2009999999998,1326.036,1316.2009999999998,2.249091509745419,-1.0,STOP
swing,HIGH_RECLAIM,2018,1526335200000,1526335200000,1526336400000,1526336700000,1526372400000,1312.609,2.090571428571447,4,4,1314.268,1310.5184285714286,1320.9712857142856,1310.5184285714286,1.7877471711052142,-1.0,STOP
swing,HIGH_RECLAIM,2018,1526379300000,1526379600000,1526379900000,1526380200000,1526382600000,1309.148,1.5186428571428874,1,2,1309.619,1307.629357142857,1315.2225714285714,1307.629357142857,2.816370490037782,-1.0,STOP
swing,HIGH_RECLAIM,2018,1526381700000,1526383500000,1526383800000,1526384100000,1526387400000,1306.658,1.4399285714285952,1,7,1307.539,1305.2180714285714,1312.4177142857143,1305.2180714285714,2.102052749823047,-1.0,STOP
swing,HIGH_RECLAIM,2018,1526390100000,1526392200000,1526392800000,1526393100000,1526404500000,1291.858,2.1505714285714412,2,9,1295.258,1289.7074285714284,1300.4602857142856,1289.7074285714284,0.9372522777577068,-1.0,STOP
swing,HIGH_RECLAIM,2018,1526403300000,1526404500000,1526405400000,1526405700000,1526470800000,1289.598,2.894428571428583,3,7,1291.179,1286.7035714285714,1301.1757142857143,1286.7035714285714,2.2336887129723624,-1.0,STOP
swing,HIGH_RECLAIM,2018,1526470200000,1526470800000,1526471100000,1526471400000,1526883900000,1286.648,2.0823571428570795,1,3,1287.389,1284.5656428571428,1294.9774285714282,1284.5656428571428,2.6877324360563484,-1.0,STOP
swing,HIGH_RECLAIM,2018,1526883300000,1526886300000,1526886600000,1526886900000,1526909100000,1282.029,1.8983571428571264,1,11,1283.128,1280.130642857143,1289.6224285714286,1289.6224285714286,2.166718299454398,2.166718299454398,TARGET
swing,HIGH_RECLAIM,2018,1526972400000,1526972400000,1526972700000,1526973000000,1526976000000,1287.898,1.7087142857142226,1,1,1289.311,1286.1892857142857,1294.7328571428568,1294.7328571428568,1.7368204283360238,1.7368204283360238,TARGET
swing,HIGH_RECLAIM,2018,1527026400000,1527026400000,1527026700000,1527027000000,1527080400000,1290.879,2.239571428571448,1,1,1291.508,1288.6394285714284,1299.8372857142856,1288.6394285714284,2.9036354581670905,-1.0,STOP
swing,HIGH_RECLAIM,2018,1527080400000,1527081600000,1527082200000,1527082500000,1527152400000,1287.879,2.475285714285763,2,6,1289.379,1285.4037142857142,1297.780142857143,1297.780142857143,2.1133431559277116,2.1133431559277116,TARGET
swing,HIGH_RECLAIM,2018,1527276300000,1527278400000,1527278700000,1527279000000,1527458700000,1299.809,2.3195000000000294,1,8,1300.641,1297.4895,1309.087,1297.4895,2.6799936538154716,-1.0,STOP
swing,HIGH_RECLAIM,2018,1527487200000,1527488100000,1527488700000,1527489000000,1527582300000,1295.448,1.9567142857142699,2,5,1296.479,1293.4912857142858,1303.2748571428572,1303.2748571428572,2.274600745911876,2.274600745911876,TARGET
swing,HIGH_RECLAIM,2018,1527661500000,1527662700000,1527663000000,1527663300000,1527856200000,1296.579,3.1720714285714524,1,5,1297.648,1293.4069285714286,1309.2672857142857,1293.4069285714286,2.7397052631579664,-1.0,STOP
swing,HIGH_RECLAIM,2018,1527855300000,1527856200000,1527856500000,1527856800000,1527865800000,1289.252,1.80685714285713,1,4,1294.552,1287.4451428571429,1296.4794285714286,1296.4794285714286,0.2712068826887677,0.2712068826887677,TARGET
swing,HIGH_RECLAIM,2018,1528087500000,1528089300000,1528089600000,1528089900000,1528215600000,1290.748,1.9284999999999854,1,7,1291.201,1288.8195,1298.462,1298.462,3.0489187486878393,3.0489187486878393,TARGET
swing,HIGH_RECLAIM,2018,1528278600000,1528278600000,1528279500000,1528279800000,1528293000000,1294.188,1.4139999999999873,3,3,1295.188,1292.7740000000001,1299.844,1299.844,1.9287489643744713,1.9287489643744713,TARGET
swing,HIGH_RECLAIM,2018,1528379400000,1528379400000,1528380000000,1528380300000,1528435500000,1294.839,1.5743571428571386,2,2,1297.648,1293.264642857143,1301.1364285714285,1293.264642857143,0.7958348949761574,-1.0,STOP
swing,HIGH_RECLAIM,2018,1528435500000,1528435500000,1528436700000,1528437000000,1528444500000,1293.252,1.3220714285714459,4,4,1296.169,1291.9299285714285,1298.5402857142858,1298.5402857142858,0.559388006133393,0.559388006133393,TARGET
swing,HIGH_RECLAIM,2018,1528699500000,1528700400000,1528701000000,1528701300000,1528709400000,1296.748,1.3880714285714117,2,5,1297.818,1295.3599285714286,1302.3002857142858,1295.3599285714286,1.8234969342981227,-1.0,STOP
swing,HIGH_RECLAIM,2018,1528709400000,1528710000000,1528710900000,1528711200000,1528724400000,1294.761,1.377071428571412,3,5,1295.539,1293.3839285714284,1300.2692857142856,1300.2692857142856,2.194955420768128,2.194955420768128,TARGET
swing,HIGH_RECLAIM,2018,1528778400000,1528778400000,1528780200000,1528780500000,1528806000000,1296.338,1.8652857142857004,6,6,1297.602,1294.4727142857143,1303.7991428571427,1294.4727142857143,1.9803697785892567,-1.0,STOP
swing,HIGH_RECLAIM,2018,1528805400000,1528806300000,1528806600000,1528806900000,1528878000000,1293.218,1.6566428571428398,1,4,1294.851,1291.5613571428573,1299.8445714285715,1291.5613571428573,1.5179676473781571,-1.0,STOP
swing,HIGH_RECLAIM,2018,1528877400000,1528878000000,1528879200000,1528879500000,1528894200000,1291.409,1.1114285714285839,4,6,1294.008,1290.2975714285715,1295.8547142857144,1295.8547142857144,0.49770915951182426,0.49770915951182426,TARGET
swing,HIGH_RECLAIM,2018,1529020800000,1529020800000,1529021400000,1529021700000,1529042400000,1301.611,2.648785714285704,2,2,1302.811,1298.9622142857145,1312.2061428571428,1298.9622142857145,2.441066755748751,-1.0,STOP
swing,HIGH_RECLAIM,2018,1529046300000,1529046300000,1529046900000,1529047200000,1529065200000,1297.409,1.7257142857142753,2,2,1298.338,1295.6832857142858,1304.3118571428572,1295.6832857142858,2.2502825162784834,-1.0,STOP
swing,HIGH_RECLAIM,2018,1529073600000,1529073900000,1529074200000,1529074500000,1529083500000,1278.318,2.831214285714233,1,2,1280.949,1275.4867857142858,1289.6428571428569,1275.4867857142858,1.5916360450366298,-1.0,STOP
swing,HIGH_RECLAIM,2018,1529083200000,1529083500000,1529083800000,1529084100000,1529409600000,1275.348,3.597714285714216,1,2,1277.668,1271.7502857142858,1289.738857142857,1271.7502857142858,2.039783700270429,-1.0,STOP
swing,HIGH_RECLAIM,2018,1529409600000,1529410200000,1529410500000,1529410800000,1529527800000,1270.388,2.3950714285714736,1,3,1272.349,1267.9929285714284,1279.968285714286,1267.9929285714284,1.7491186357301025,-1.0,STOP
swing,HIGH_RECLAIM,2018,1529526300000,1529528100000,1529532000000,1529532300000,1529551800000,1267.331,1.9939285714286012,1,7,1268.149,1265.3370714285713,1275.3067142857144,1265.3370714285713,2.545482256712575,-1.0,STOP
swing,HIGH_RECLAIM,2018,1529549700000,1529552100000,1529552400000,1529552700000,1529561700000,1264.791,2.061785714285731,1,9,1265.708,1262.7292142857143,1273.038142857143,1262.7292142857143,2.460782197923355,-1.0,STOP
swing,HIGH_RECLAIM,2018,1529561100000,1529562000000,1529562300000,1529562600000,1529602800000,1262.0,1.9205714285714717,1,4,1263.139,1260.0794285714285,1269.6822857142859,1269.6822857142859,2.138628192557402,2.138628192557402,TARGET
swing,HIGH_RECLAIM,2018,1529900700000,1529900700000,1529901000000,1529901300000,1529906400000,1266.569,1.8328571428571325,1,1,1267.262,1264.7361428571428,1273.9004285714284,1264.7361428571428,2.6281884508794207,-1.0,STOP
swing,HIGH_RECLAIM,2018,1529960100000,1529960100000,1529964000000,1529964300000,1529998200000,1264.678,2.27235714285715,1,1,1266.179,1262.405642857143,1273.7674285714288,1262.405642857143,2.011054952959727,-1.0,STOP
swing,HIGH_RECLAIM,2018,1530003900000,1530005700000,1530006000000,1530006300000,1530064800000,1256.049,1.995214285714269,1,7,1256.768,1254.0537857142858,1264.029857142857,1254.0537857142858,2.6754914603016218,-1.0,STOP
swing,HIGH_RECLAIM,2018,1530068400000,1530068400000,1530068700000,1530069000000,1530126900000,1253.379,2.075285714285753,1,1,1255.779,1251.3037142857142,1261.680142857143,1251.3037142857142,1.3186069524691355,-1.0,STOP
swing,HIGH_RECLAIM,2018,1530126600000,1530126900000,1530127200000,1530127500000,1530207000000,1250.671,2.430785714285743,1,2,1252.828,1248.2402142857143,1260.394142857143,1248.2402142857143,1.6491927322549254,-1.0,STOP
swing,HIGH_RECLAIM,2018,1530210900000,1530211200000,1530211500000,1530211800000,1530291300000,1245.918,2.25692857142857,1,2,1246.768,1243.6610714285714,1254.945714285714,1254.945714285714,2.632089569395468,2.632089569395468,TARGET
swing,HIGH_RECLAIM,2018,1530511800000,1530512400000,1530513000000,1530513300000,1530544800000,1247.789,1.7852142857142976,2,4,1248.459,1246.0037857142856,1254.9298571428571,1246.0037857142856,2.6355569778603636,-1.0,STOP
swing,HIGH_RECLAIM,2018,1530549600000,1530551400000,1530552300000,1530552600000,1530612300000,1239.788,1.9332142857143222,3,9,1240.798,1237.8547857142858,1247.5208571428573,1247.5208571428573,2.2841888120374447,2.2841888120374447,TARGET
swing,HIGH_RECLAIM,2018,1530767400000,1530767400000,1530768900000,1530769200000,1530784200000,1253.338,1.6832857142857165,5,5,1254.681,1251.6547142857144,1260.0711428571428,1251.6547142857144,1.7811083836858006,-1.0,STOP
swing,HIGH_RECLAIM,2018,1530784200000,1530786600000,1530787500000,1530787800000,1530803700000,1251.279,1.8030714285714728,3,11,1251.809,1249.4759285714285,1258.4912857142858,1258.4912857142858,2.864158221841286,2.864158221841286,TARGET
swing,HIGH_RECLAIM,2018,1530846900000,1530847800000,1530848700000,1530849000000,1531116600000,1252.778,2.1533571428571383,3,6,1253.549,1250.6246428571428,1261.3914285714286,1261.3914285714286,2.681761559317068,2.681761559317068,TARGET
swing,HIGH_RECLAIM,2018,1531155600000,1531156200000,1531156500000,1531156800000,1531203300000,1258.0,1.8506428571428322,1,3,1258.831,1256.149357142857,1265.4025714285713,1256.149357142857,2.4505766720826747,-1.0,STOP
swing,HIGH_RECLAIM,2018,1531203000000,1531203600000,1531204500000,1531204800000,1531212600000,1255.029,1.511142857142821,3,5,1256.428,1253.517857142857,1261.0735714285713,1253.517857142857,1.5963379313728738,-1.0,STOP
swing,HIGH_RECLAIM,2018,1531211700000,1531213200000,1531213500000,1531213800000,1531220100000,1252.149,1.7239285714285384,1,6,1253.028,1250.4250714285713,1259.044714285714,1250.4250714285713,2.3115172470566403,-1.0,STOP
swing,HIGH_RECLAIM,2018,1531219800000,1531221600000,1531222500000,1531222800000,1531229100000,1247.299,1.9276428571428303,3,9,1248.568,1245.371357142857,1255.0095714285712,1255.0095714285712,2.0151051326167044,2.0151051326167044,TARGET
swing,HIGH_RECLAIM,2018,1531309500000,1531310100000,1531310400000,1531310700000,1531321800000,1248.289,2.087785714285701,1,3,1248.908,1246.2012142857143,1256.6401428571428,1246.2012142857143,2.856577384879388,-1.0,STOP
swing,HIGH_RECLAIM,2018,1531321200000,1531322400000,1531323000000,1531323300000,1531329600000,1245.758,2.2312857142857183,2,6,1246.889,1243.5267142857142,1254.683142857143,1243.5267142857142,2.3181084296397647,-1.0,STOP
swing,HIGH_RECLAIM,2018,1531337400000,1531338000000,1531338300000,1531338600000,1531473300000,1242.198,2.327428571428576,1,3,1242.519,1239.8705714285716,1251.5077142857144,1239.8705714285716,3.393980257835055,-1.0,STOP
swing,HIGH_RECLAIM,2018,1531473000000,1531473600000,1531473900000,1531474200000,1531483200000,1239.148,1.5157142857142551,1,3,1240.569,1237.6322857142857,1245.2108571428569,1237.6322857142857,1.5806294692804554,-1.0,STOP
swing,HIGH_RECLAIM,2018,1531482900000,1531483200000,1531483800000,1531484100000,1531704600000,1236.338,1.9080714285714098,2,3,1238.908,1234.4299285714285,1243.9702857142856,1243.9702857142856,1.130461136012004,1.130461136012004,TARGET
swing,HIGH_RECLAIM,2018,1531746600000,1531748100000,1531748400000,1531748700000,1531758600000,1240.068,1.721785714285748,1,6,1240.848,1238.3462142857143,1246.955142857143,1238.3462142857143,2.4411134903641547,-1.0,STOP
swing,HIGH_RECLAIM,2018,1531790100000,1531790400000,1531790700000,1531791000000,1531813200000,1237.489,1.6419285714285772,1,2,1238.188,1235.8470714285716,1244.0567142857144,1244.0567142857144,2.50700271565011,2.50700271565011,TARGET
swing,HIGH_RECLAIM,2018,1531837500000,1531839300000,1531839600000,1531839900000,1531895100000,1226.018,2.763714285714254,1,7,1227.918,1223.2542857142857,1237.072857142857,1223.2542857142857,1.9629969981008775,-1.0,STOP
swing,HIGH_RECLAIM,2018,1531894800000,1531895400000,1531896000000,1531896300000,1531985700000,1222.299,1.6632142857142753,2,4,1224.099,1220.6357857142857,1228.951857142857,1220.6357857142857,1.4012581210683954,-1.0,STOP
swing,HIGH_RECLAIM,2018,1531983900000,1531986900000,1531987200000,1531987500000,1531994700000,1217.948,1.8695000000000164,1,11,1219.358,1216.0785,1225.4260000000002,1216.0785,1.8502820551914774,-1.0,STOP
swing,HIGH_RECLAIM,2018,1531994700000,1531995000000,1531995600000,1531995900000,1532003100000,1215.73,2.0619999999999954,2,3,1216.438,1213.6680000000001,1223.978,1213.6680000000001,2.7220216606498244,-1.0,STOP
swing,HIGH_RECLAIM,2018,1532329500000,1532329800000,1532330100000,1532330400000,1532350500000,1228.708,2.111071428571466,1,2,1229.642,1226.5969285714286,1237.1522857142859,1226.5969285714286,2.466374234711875,-1.0,STOP
swing,HIGH_RECLAIM,2018,1532350500000,1532351400000,1532351700000,1532352000000,1532363100000,1225.989,2.538642857142918,1,4,1227.158,1223.4503571428572,1236.1435714285717,1223.4503571428572,2.423526691968549,-1.0,STOP
swing,HIGH_RECLAIM,2018,1532363100000,1532363400000,1532363700000,1532364000000,1532407500000,1222.3,2.436428571428613,1,2,1223.031,1219.8635714285713,1232.0457142857144,1219.8635714285713,2.8460671116723533,-1.0,STOP
swing,HIGH_RECLAIM,2018,1532407500000,1532408100000,1532409000000,1532409300000,1532427000000,1218.101,2.1053571428571525,3,5,1219.868,1215.995642857143,1226.5224285714287,1226.5224285714287,1.7184439156660825,1.7184439156660825,TARGET
swing,HIGH_RECLAIM,2018,1532488200000,1532488800000,1532489100000,1532489400000,1532511900000,1223.208,2.071642857142836,1,3,1223.881,1221.1363571428572,1231.4945714285714,1231.4945714285714,2.773975276512553,2.773975276512553,TARGET
swing,HIGH_RECLAIM,2018,1532593500000,1532593500000,1532594100000,1532594400000,1532628600000,1226.789,2.0496428571428362,2,2,1227.928,1224.7393571428572,1234.9875714285713,1224.7393571428572,2.213973701305873,-1.0,STOP
swing,HIGH_RECLAIM,2018,1532653200000,1532653200000,1532653800000,1532654100000,1532679900000,1222.078,2.0362857142856847,2,2,1223.419,1220.0417142857143,1230.2231428571426,1220.0417142857143,2.014677890106036,-1.0,STOP
swing,HIGH_RECLAIM,2018,1532679600000,1532681400000,1532681700000,1532682000000,1532700600000,1218.501,1.696785714285706,1,7,1219.208,1216.8042142857144,1225.2881428571427,1225.2881428571427,2.529403024990225,2.529403024990225,TARGET
swing,HIGH_RECLAIM,2018,1532932200000,1532932200000,1532932500000,1532932800000,1533042300000,1219.008,2.0298571428571512,1,1,1220.208,1216.978142857143,1227.1274285714287,1216.978142857143,2.1423326993675538,-1.0,STOP
swing,HIGH_RECLAIM,2018,1533042300000,1533043200000,1533043500000,1533043800000,1533043800000,1213.938,2.0975000000000006,1,4,1219.092,1211.8405,1222.3280000000002,1222.3280000000002,0.4462524994828751,0.4462524994828751,TARGET
swing,HIGH_RECLAIM,2018,1533099300000,1533099600000,1533099900000,1533100200000,1533134100000,1220.519,2.266999999999988,1,2,1221.638,1218.252,1229.587,1218.252,2.347607796810439,-1.0,STOP
swing,HIGH_RECLAIM,2018,1533133800000,1533135600000,1533135900000,1533136200000,1533210300000,1216.568,2.155357142857156,1,7,1217.498,1214.4126428571428,1225.1894285714286,1214.4126428571428,2.4928811204999923,-1.0,STOP
swing,HIGH_RECLAIM,2018,1533209400000,1533210600000,1533210900000,1533211200000,1533231300000,1213.228,1.8816428571428625,1,5,1214.329,1211.3463571428572,1220.7545714285716,1211.3463571428572,2.154321431137429,-1.0,STOP
swing,HIGH_RECLAIM,2018,1533229200000,1533231300000,1533231600000,1533231900000,1533236400000,1211.338,2.2169285714285576,1,8,1211.888,1209.1210714285714,1220.2057142857143,1209.1210714285714,3.00611818158363,-1.0,STOP
swing,HIGH_RECLAIM,2018,1533234000000,1533236700000,1533237000000,1533237300000,1533276600000,1208.458,2.3568571428571334,1,10,1209.598,1206.101142857143,1217.8854285714285,1206.101142857143,2.3699648664108,-1.0,STOP
swing,HIGH_RECLAIM,2018,1533276600000,1533279600000,1533279900000,1533280200000,1533295800000,1205.248,1.7891428571428574,1,11,1207.251,1203.4588571428571,1212.4045714285714,1212.4045714285714,1.3590129967979085,1.3590129967979085,TARGET
swing,HIGH_RECLAIM,2018,1533535200000,1533536100000,1533536400000,1533536700000,1533550200000,1212.759,1.8495714285714127,1,4,1213.308,1210.9094285714286,1220.1572857142858,1210.9094285714286,2.8555687909470993,-1.0,STOP
swing,HIGH_RECLAIM,2018,1533550200000,1533552600000,1533552900000,1533553200000,1533558000000,1209.129,1.5762142857142376,1,9,1209.898,1207.5527857142856,1215.4338571428568,1207.5527857142856,2.3604909694513623,-1.0,STOP
swing,HIGH_RECLAIM,2018,1533585600000,1533585600000,1533586800000,1533587100000,1533625200000,1206.518,1.8082142857142895,4,4,1207.658,1204.7097857142858,1213.7508571428573,1213.7508571428573,2.0666262870989187,2.0666262870989187,TARGET
swing,HIGH_RECLAIM,2018,1533664200000,1533666000000,1533666600000,1533666900000,1533881700000,1208.498,2.2564999999999764,2,8,1208.919,1206.2415,1217.524,1206.2415,3.2138188608775953,-1.0,STOP
swing,HIGH_RECLAIM,2018,1533880800000,1533881700000,1533882300000,1533882600000,1533901800000,1205.668,1.6140000000000003,2,5,1207.599,1204.0539999999999,1212.1239999999998,1212.1239999999998,1.276445698166367,1.276445698166367,TARGET
swing,HIGH_RECLAIM,2018,1534123800000,1534124700000,1534125000000,1534125300000,1534145400000,1207.768,2.8142857142856883,1,4,1208.629,1204.9537142857143,1219.0251428571428,1204.9537142857143,2.828662494655541,-1.0,STOP
swing,HIGH_RECLAIM,2018,1534147800000,1534147800000,1534148100000,1534148400000,1534157700000,1203.429,2.3582142857142605,1,1,1204.698,1201.0707857142859,1212.8618571428572,1201.0707857142859,2.250723695870525,-1.0,STOP
swing,HIGH_RECLAIM,2018,1534157700000,1534157700000,1534158000000,1534158300000,1534160100000,1201.038,2.250928571428566,1,1,1201.738,1198.7870714285714,1210.0417142857143,1198.7870714285714,2.813932660421547,-1.0,STOP
swing,HIGH_RECLAIM,2018,1534158300000,1534160100000,1534161600000,1534161900000,1534179000000,1194.809,2.250928571428566,5,11,1200.049,1192.5580714285713,1203.8127142857143,1192.5580714285713,0.5024362800720826,-1.0,STOP
swing,HIGH_RECLAIM,2018,1534178400000,1534179000000,1534179600000,1534179900000,1534302000000,1191.998,2.9317857142857355,2,4,1193.738,1189.0662142857143,1203.725142857143,1189.0662142857143,2.1377570522131424,-1.0,STOP
swing,HIGH_RECLAIM,2018,1534300200000,1534302600000,1534302900000,1534303200000,1534323300000,1188.278,1.9642142857142875,1,9,1189.442,1186.3137857142858,1196.134857142857,1186.3137857142858,2.139513643109982,-1.0,STOP
swing,HIGH_RECLAIM,2018,1534323300000,1534323600000,1534324500000,1534324800000,1534340100000,1184.892,1.8274999999999864,3,4,1186.388,1183.0645,1192.202,1183.0645,1.7493606138107824,-1.0,STOP
swing,HIGH_RECLAIM,2018,1534339200000,1534341000000,1534341600000,1534341900000,1534347000000,1180.072,2.304499999999962,2,8,1181.898,1177.7675,1189.2899999999997,1177.7675,1.7896138482023616,-1.0,STOP
swing,HIGH_RECLAIM,2018,1534347000000,1534349100000,1534350300000,1534350600000,1534377900000,1175.601,2.9321428571428214,4,11,1177.608,1172.6688571428572,1187.3295714285714,1172.6688571428572,1.9682709550529693,-1.0,STOP
swing,HIGH_RECLAIM,2018,1534377900000,1534380300000,1534380600000,1534380900000,1534386300000,1160.168,3.1536428571428132,1,9,1165.178,1157.014357142857,1172.7825714285711,1172.7825714285711,0.9315169173425047,0.9315169173425047,TARGET
swing,HIGH_RECLAIM,2018,1534446900000,1534449600000,1534450500000,1534450800000,1534747200000,1173.388,3.3991428571428224,3,12,1174.048,1169.9888571428571,1186.9845714285711,1186.9845714285711,3.187020482860467,3.187020482860467,TARGET
swing,HIGH_RECLAIM,2018,1534854000000,1534854600000,1534855200000,1534855500000,1534884300000,1189.388,1.8106428571428685,2,4,1190.592,1187.577357142857,1196.6305714285713,1196.6305714285713,2.0030802037670696,2.0030802037670696,TARGET
swing,HIGH_RECLAIM,2018,1534982700000,1534983300000,1534983600000,1534983900000,1534986000000,1193.961,2.353785714285696,1,3,1194.649,1191.6072142857142,1203.376142857143,1191.6072142857142,2.8690853586944844,-1.0,STOP
swing,HIGH_RECLAIM,2018,1534991100000,1534991400000,1534991700000,1534992000000,1535007600000,1191.178,2.4507857142856926,1,2,1191.681,1188.7272142857144,1200.981142857143,1188.7272142857144,3.1485502865572377,-1.0,STOP
swing,HIGH_RECLAIM,2018,1535069100000,1535069100000,1535070300000,1535070600000,1535105400000,1183.118,2.26757142857137,4,4,1184.429,1180.8504285714287,1192.1882857142855,1192.1882857142855,2.1682634730538077,2.1682634730538077,TARGET
swing,HIGH_RECLAIM,2018,1535361000000,1535361000000,1535361300000,1535361600000,1535379600000,1203.198,1.952499999999954,1,1,1203.859,1201.2455000000002,1211.0079999999998,1211.0079999999998,2.7354122823802176,2.7354122823802176,TARGET
swing,HIGH_RECLAIM,2018,1535466000000,1535466600000,1535466900000,1535467200000,1535478900000,1206.908,2.0264999999999906,1,3,1208.819,1204.8815,1215.014,1204.8815,1.5733333333333173,-1.0,STOP
swing,HIGH_RECLAIM,2018,1535483100000,1535483400000,1535483700000,1535484000000,1535637000000,1199.599,2.768071428571391,1,2,1201.568,1196.8309285714286,1210.6712857142854,1196.8309285714286,1.9217117266544481,-1.0,STOP
swing,HIGH_RECLAIM,2018,1535635800000,1535637300000,1535638200000,1535638500000,1535699100000,1196.258,2.8002857142856947,3,8,1200.272,1193.4577142857142,1207.4591428571428,1207.4591428571428,1.0547169811320736,1.0547169811320736,TARGET
swing,HIGH_RECLAIM,2018,1536041100000,1536043200000,1536043500000,1536043800000,1536045000000,1196.069,1.621428571428591,1,8,1196.898,1194.4475714285713,1202.5547142857142,1194.4475714285713,2.308459161662692,-1.0,STOP
swing,HIGH_RECLAIM,2018,1536044100000,1536045000000,1536045300000,1536045600000,1536059400000,1193.898,1.804214285714303,1,4,1195.778,1192.0937857142856,1201.114857142857,1192.0937857142856,1.4485740320672256,-1.0,STOP
swing,HIGH_RECLAIM,2018,1536059400000,1536060600000,1536060900000,1536061200000,1536069900000,1191.679,1.9317857142857358,1,5,1193.169,1189.7472142857143,1199.406142857143,1189.7472142857143,1.822774240684705,-1.0,STOP
swing,HIGH_RECLAIM,2018,1536323400000,1536325200000,1536325500000,1536325800000,1536669000000,1193.418,2.563714285714257,1,7,1195.298,1190.8542857142857,1203.6728571428569,1190.8542857142857,1.8846524786213956,-1.0,STOP
swing,HIGH_RECLAIM,2018,1536667500000,1536669600000,1536670800000,1536671100000,1536679500000,1187.758,1.4981428571428848,4,11,1189.801,1186.259857142857,1193.7505714285717,1193.7505714285717,1.115338066806608,1.115338066806608,TARGET
swing,HIGH_RECLAIM,2018,1536849600000,1536850500000,1536850800000,1536851100000,1536934200000,1201.499,2.5776428571428402,1,4,1203.939,1198.9213571428572,1211.8095714285714,1198.9213571428572,1.5685794411149085,-1.0,STOP
swing,HIGH_RECLAIM,2018,1536933600000,1536936300000,1536936600000,1536936900000,1536940800000,1197.209,2.037428571428596,1,10,1198.791,1195.1715714285715,1205.3587142857145,1195.1715714285715,1.8145721503001198,-1.0,STOP
swing,HIGH_RECLAIM,2018,1536943200000,1536943200000,1536943800000,1536944100000,1537193400000,1192.878,2.4345714285714655,2,2,1194.912,1190.4434285714285,1202.6162857142858,1202.6162857142858,1.7241048593350188,1.7241048593350188,TARGET
swing,HIGH_RECLAIM,2018,1537254300000,1537254600000,1537255200000,1537255500000,1537271400000,1195.838,1.7440714285714063,2,3,1197.479,1194.0939285714285,1202.8142857142857,1202.8142857142857,1.5761220484901366,1.5761220484901366,TARGET
swing,HIGH_RECLAIM,2018,1537432500000,1537434000000,1537434300000,1537434600000,1537446000000,1201.269,1.3773571428571358,1,6,1202.749,1199.8916428571429,1206.7784285714285,1206.7784285714285,1.410194235432321,1.410194235432321,TARGET
swing,HIGH_RECLAIM,2018,1537524600000,1537527900000,1537528200000,1537528500000,1537533000000,1204.608,1.5598571428571404,1,12,1205.331,1203.048142857143,1210.8474285714285,1203.048142857143,2.4164580725909226,-1.0,STOP
swing,HIGH_RECLAIM,2018,1537534500000,1537536600000,1537537500000,1537537800000,1537539600000,1191.789,2.2852857142857244,3,10,1195.998,1189.5037142857143,1200.930142857143,1200.930142857143,0.7594588649362153,0.7594588649362153,TARGET
swing,HIGH_RECLAIM,2018,1537768200000,1537770000000,1537770300000,1537770600000,1537795800000,1194.399,2.127571428571465,1,7,1194.939,1192.2714285714285,1202.9092857142857,1202.9092857142857,2.987843410271304,2.987843410271304,TARGET
swing,HIGH_RECLAIM,2018,1537840800000,1537841700000,1537842000000,1537842300000,1537964700000,1197.078,2.0372142857142665,1,4,1197.508,1195.0407857142857,1205.226857142857,1195.0407857142857,3.1285718421584003,-1.0,STOP
swing,HIGH_RECLAIM,2018,1537964100000,1537965600000,1537966200000,1537966500000,1537986900000,1194.168,1.499071428571418,2,7,1195.189,1192.6689285714285,1200.1642857142856,1192.6689285714285,1.9742637680336095,-1.0,STOP
swing,HIGH_RECLAIM,2018,1537986900000,1537987200000,1537987500000,1537987800000,1538052000000,1190.478,2.202142857142868,1,2,1193.268,1188.2758571428571,1199.2865714285715,1188.2758571428571,1.2056088138503402,-1.0,STOP
swing,HIGH_RECLAIM,2018,1538055000000,1538055300000,1538055600000,1538055900000,1538118300000,1183.268,2.4766428571428736,1,2,1185.391,1180.7913571428571,1193.1745714285714,1180.7913571428571,1.6922121282707758,-1.0,STOP
swing,HIGH_RECLAIM,2018,1538115300000,1538118300000,1538118600000,1538118900000,1538142600000,1180.718,1.5383571428571616,1,11,1181.808,1179.1796428571429,1186.8714285714286,1186.8714285714286,1.9264613963095267,1.9264613963095267,TARGET
swing,HIGH_RECLAIM,2018,1538375400000,1538376300000,1538376600000,1538376900000,1538384400000,1186.691,1.9038571428571263,1,4,1187.419,1184.787142857143,1194.3064285714286,1184.787142857143,2.6169462085436304,-1.0,STOP
swing,HIGH_RECLAIM,2018,1538564700000,1538565000000,1538565300000,1538565600000,1538579700000,1201.788,1.7929285714285308,1,2,1202.518,1199.9950714285715,1208.9597142857142,1199.9950714285715,2.553268593754384,-1.0,STOP
swing,HIGH_RECLAIM,2018,1538579700000,1538580900000,1538581200000,1538581500000,1538662800000,1198.029,2.136785714285679,1,5,1199.299,1195.8922142857143,1206.5761428571427,1206.5761428571427,2.1360729636230187,2.1360729636230187,TARGET
swing,HIGH_RECLAIM,2018,1538960700000,1538961300000,1538961900000,1538962200000,1538964900000,1198.548,2.449071428571447,2,4,1199.539,1196.0989285714286,1208.344285714286,1196.0989285714286,2.5596229314176124,-1.0,STOP
swing,HIGH_RECLAIM,2018,1539000000000,1539003000000,1539003300000,1539003600000,1539057900000,1184.2,1.7842142857143375,1,11,1186.018,1182.4157857142857,1191.3368571428573,1191.3368571428573,1.476552120719406,1.476552120719406,TARGET
swing,HIGH_RECLAIM,2018,1539080100000,1539081300000,1539081600000,1539081900000,1539092700000,1186.088,1.7313571428571453,1,5,1186.539,1184.3566428571428,1193.0134285714284,1184.3566428571428,2.966713579681082,-1.0,STOP
swing,HIGH_RECLAIM,2018,1539092700000,1539092700000,1539093600000,1539093900000,1539133200000,1183.258,1.8679999999999868,3,3,1186.411,1181.39,1190.73,1190.73,0.8601872137024489,0.8601872137024489,TARGET
swing,HIGH_RECLAIM,2018,1539172500000,1539172500000,1539172800000,1539173100000,1539198600000,1185.659,1.8770000000000013,1,1,1186.718,1183.7820000000002,1193.1670000000001,1193.1670000000001,2.1965258855586653,2.1965258855586653,TARGET
swing,HIGH_RECLAIM,2018,1539325800000,1539327000000,1539327300000,1539327600000,1539587700000,1215.798,3.123999999999975,1,5,1216.829,1212.674,1228.2939999999999,1228.2939999999999,2.759326113116725,2.759326113116725,TARGET
swing,HIGH_RECLAIM,2018,1539718800000,1539719100000,1539719400000,1539719700000,1539745500000,1224.249,2.396785714285719,1,2,1225.049,1221.8522142857144,1233.836142857143,1221.8522142857144,2.748743157189248,-1.0,STOP
swing,HIGH_RECLAIM,2018,1539745500000,1539746100000,1539746700000,1539747000000,1539843300000,1221.538,2.136571428571415,2,4,1222.118,1219.4014285714286,1230.0842857142857,1219.4014285714286,2.9324779133362378,-1.0,STOP
swing,HIGH_RECLAIM,2018,1539842700000,1539843300000,1539843900000,1539844200000,1539866100000,1219.171,1.6368571428571386,2,4,1220.379,1217.5341428571428,1225.7184285714286,1225.7184285714286,1.8768705433364135,1.8768705433364135,TARGET
swing,HIGH_RECLAIM,2018,1539932700000,1539933600000,1539933900000,1539934200000,1539951300000,1223.058,1.6942857142857162,1,4,1225.469,1221.3637142857142,1229.835142857143,1229.835142857143,1.0635417754114653,1.0635417754114653,TARGET
swing,HIGH_RECLAIM,2018,1540194900000,1540195500000,1540196100000,1540196400000,1540197000000,1224.521,1.613285714285699,2,4,1225.328,1222.9077142857143,1230.9741428571429,1222.9077142857143,2.3328414590957767,-1.0,STOP
swing,HIGH_RECLAIM,2018,1540209600000,1540209900000,1540210200000,1540210500000,1540276800000,1221.388,1.6894285714285584,1,2,1222.661,1219.6985714285713,1228.1457142857141,1228.1457142857141,1.8514249891496448,1.8514249891496448,TARGET
swing,HIGH_RECLAIM,2018,1540370100000,1540370100000,1540371000000,1540371300000,1540382400000,1229.511,2.287142857142872,3,3,1230.911,1227.223857142857,1238.6595714285716,1227.223857142857,2.1015110422316043,-1.0,STOP
swing,HIGH_RECLAIM,2018,1540381200000,1540382700000,1540383300000,1540383600000,1540414200000,1225.579,2.0068571428571595,2,7,1227.392,1223.5721428571428,1233.6064285714285,1233.6064285714285,1.6268746026402683,1.6268746026402683,TARGET
swing,HIGH_RECLAIM,2018,1540473900000,1540473900000,1540474200000,1540474500000,1540565400000,1229.771,2.2375714285714627,1,1,1233.592,1227.5334285714284,1238.7212857142858,1238.7212857142858,0.8466163640650503,0.8466163640650503,TARGET
swing,HIGH_RECLAIM,2018,1540804800000,1540804800000,1540805100000,1540805400000,1540831500000,1227.626,2.085071428571431,1,1,1228.774,1225.5409285714286,1235.9662857142857,1225.5409285714286,2.224598457901731,-1.0,STOP
swing,HIGH_RECLAIM,2018,1540884000000,1540884000000,1540884600000,1540884900000,1540894500000,1224.097,1.9551428571428622,2,2,1225.396,1222.1418571428571,1231.9175714285714,1222.1418571428571,2.004082707757158,-1.0,STOP
swing,HIGH_RECLAIM,2018,1540893000000,1540895400000,1540896600000,1540896900000,1540957500000,1219.85,1.8508571428571454,4,12,1220.883,1217.9991428571427,1227.2534285714285,1217.9991428571427,2.2089958884428667,-1.0,STOP
swing,HIGH_RECLAIM,2018,1540972800000,1540972800000,1540973100000,1540973400000,1540992900000,1214.62,2.239714285714253,1,1,1216.243,1212.3802857142857,1223.5788571428568,1212.3802857142857,1.8991456784644016,-1.0,STOP
swing,HIGH_RECLAIM,2018,1541162100000,1541162100000,1541162400000,1541162700000,1541422500000,1230.315,2.0593571428571034,1,1,1232.425,1228.255642857143,1238.5524285714284,1228.255642857143,1.4696338935430369,-1.0,STOP
swing,HIGH_RECLAIM,2018,1541421900000,1541422500000,1541422800000,1541423100000,1541494800000,1227.955,1.809857142857108,1,3,1229.408,1226.145142857143,1235.1944285714283,1235.1944285714283,1.7734238178634096,1.7734238178634096,TARGET
swing,HIGH_RECLAIM,2018,1541523300000,1541523300000,1541523600000,1541523900000,1541585100000,1225.118,2.3053571428571655,1,1,1226.185,1222.8126428571427,1234.3394285714287,1234.3394285714287,2.418020460466371,2.418020460466371,TARGET
swing,HIGH_RECLAIM,2018,1541614200000,1541614500000,1541614800000,1541615100000,1541650500000,1225.735,2.4506428571428875,1,2,1226.625,1223.284357142857,1235.5375714285715,1223.284357142857,2.6679210588209648,-1.0,STOP
swing,HIGH_RECLAIM,2018,1541649600000,1541651100000,1541652900000,1541653200000,1541684700000,1222.718,2.2739285714286064,6,11,1223.428,1220.4440714285715,1231.8137142857145,1220.4440714285715,2.8102932375823038,-1.0,STOP
swing,HIGH_RECLAIM,2018,1541684400000,1541684700000,1541685000000,1541685300000,1541736000000,1220.028,1.949428571428598,1,2,1221.405,1218.0785714285714,1227.8257142857144,1218.0785714285714,1.930212583208132,-1.0,STOP
swing,HIGH_RECLAIM,2018,1541734500000,1541736000000,1541736300000,1541736600000,1541769600000,1218.0,2.6982857142857193,1,6,1218.475,1215.3017142857143,1228.7931428571428,1215.3017142857143,3.251564399225798,-1.0,STOP
swing,HIGH_RECLAIM,2018,1541768400000,1541771400000,1541771700000,1541772000000,1541781300000,1210.688,1.8478571428571837,1,11,1211.995,1208.8401428571428,1218.079428571429,1208.8401428571428,1.9285908349938645,-1.0,STOP
swing,HIGH_RECLAIM,2018,1541781300000,1541781900000,1541782200000,1541782500000,1542009000000,1207.315,2.5592857142857253,1,3,1208.275,1204.7557142857142,1217.552142857143,1204.7557142857142,2.6360868682767755,-1.0,STOP
swing,HIGH_RECLAIM,2018,1542007800000,1542009300000,1542009600000,1542009900000,1542049800000,1203.858,2.3647857142857283,1,6,1205.075,1201.4932142857142,1213.317142857143,1201.4932142857142,2.301126732475744,-1.0,STOP
swing,HIGH_RECLAIM,2018,1542049500000,1542049800000,1542050100000,1542050400000,1542101700000,1201.385,2.1716428571428588,1,2,1201.995,1199.2133571428571,1210.0715714285714,1199.2133571428571,2.903525665716695,-1.0,STOP
swing,HIGH_RECLAIM,2018,1542187500000,1542189600000,1542189900000,1542190200000,1542217800000,1197.698,1.9592857142857187,1,8,1198.425,1195.7387142857144,1205.535142857143,1205.535142857143,2.6468304616041642,2.6468304616041642,TARGET
swing,HIGH_RECLAIM,2018,1542606900000,1542606900000,1542608100000,1542608400000,1542720000000,1217.955,2.3206428571428757,4,4,1218.695,1215.634357142857,1227.2375714285715,1227.2375714285715,2.791103643025462,2.791103643025462,TARGET
swing,HIGH_RECLAIM,2018,1542726900000,1542726900000,1542728700000,1542729000000,1542813600000,1220.345,2.034714285714277,6,6,1222.658,1218.3102857142858,1228.4838571428572,1228.4838571428572,1.3399815995269395,1.3399815995269395,TARGET
swing,HIGH_RECLAIM,2018,1542961800000,1542963000000,1542963900000,1542964200000,1543217100000,1221.455,1.391857142857199,3,7,1223.355,1220.0631428571428,1227.0224285714287,1227.0224285714287,1.1140910471726801,1.1140910471726801,TARGET
swing,HIGH_RECLAIM,2018,1543244100000,1543244100000,1543244700000,1543245000000,1543300800000,1222.398,1.7568571428571917,2,2,1223.805,1220.6411428571428,1229.4254285714287,1220.6411428571428,1.7764482774190016,-1.0,STOP
swing,HIGH_RECLAIM,2018,1543308000000,1543308000000,1543308300000,1543308600000,1543331100000,1219.475,1.5221428571428532,1,1,1220.898,1217.952857142857,1225.5635714285713,1217.952857142857,1.5841579355840076,-1.0,STOP
swing,HIGH_RECLAIM,2018,1543335000000,1543335600000,1543335900000,1543336200000,1543424700000,1212.588,2.3660714285714284,1,3,1213.515,1210.2219285714286,1222.0522857142857,1222.0522857142857,2.5924994035094824,2.5924994035094824,TARGET
swing,HIGH_RECLAIM,2018,1543515000000,1543515000000,1543515600000,1543515900000,1543586100000,1222.335,2.291785714285733,2,2,1225.275,1220.0432142857144,1231.5021428571429,1220.0432142857144,1.1902518943272449,-1.0,STOP
swing,HIGH_RECLAIM,2018,1543586100000,1543586400000,1543586700000,1543587000000,1543588200000,1219.685,1.2702142857142624,1,2,1221.035,1218.4147857142857,1224.765857142857,1218.4147857142857,1.4238748193984665,-1.0,STOP
swing,HIGH_RECLAIM,2018,1543588200000,1543589100000,1543590300000,1543590600000,1543597200000,1216.605,1.2702142857142624,4,7,1218.025,1215.3347857142858,1221.685857142857,1221.685857142857,1.360805034118263,1.360805034118263,TARGET
swing,HIGH_RECLAIM,2018,1543984500000,1543985100000,1543985700000,1543986000000,1544107200000,1234.5,2.296357142857151,2,4,1234.778,1232.2036428571428,1243.6854285714287,1243.6854285714287,3.460059376820739,3.460059376820739,TARGET
swing,HIGH_RECLAIM,2018,1544442900000,1544442900000,1544443800000,1544444100000,1544448000000,1245.458,1.7142857142857306,3,3,1246.835,1243.7437142857143,1252.315142857143,1243.7437142857143,1.7727713849993225,-1.0,STOP
swing,HIGH_RECLAIM,2018,1544447700000,1544448300000,1544448600000,1544448900000,1544469300000,1243.345,1.700714285714298,1,3,1244.568,1241.6442857142856,1250.1478571428572,1241.6442857142856,1.9084823609889354,-1.0,STOP
swing,HIGH_RECLAIM,2018,1544468400000,1544469300000,1544469900000,1544470200000,1544747700000,1241.515,2.204428571428577,2,5,1242.938,1239.3105714285716,1250.3327142857145,1242.055,2.038555450535676,-0.2434231253938414,864BAR_TIMEOUT
swing,HIGH_RECLAIM,2018,1544767200000,1544769900000,1544770800000,1544771100000,1544772900000,1239.455,1.455571428571456,3,12,1240.215,1237.9994285714286,1245.2772857142857,1237.9994285714286,2.284866851505652,-1.0,STOP
swing,HIGH_RECLAIM,2018,1544772600000,1544773200000,1544773500000,1544773800000,1544794200000,1237.338,1.2910000000000375,1,3,1237.958,1236.047,1242.5020000000002,1236.047,2.377812663526927,-1.0,STOP
swing,HIGH_RECLAIM,2018,1544794200000,1544795700000,1544796000000,1544796300000,1544805900000,1234.185,1.4754285714286166,1,6,1235.025,1232.7095714285713,1240.0867142857144,1240.0867142857144,2.186080947679933,2.186080947679933,TARGET
swing,HIGH_RECLAIM,2018,1545249900000,1545249900000,1545250200000,1545250500000,1545299100000,1242.0,3.19442857142857,1,1,1243.435,1238.8055714285715,1254.7777142857142,1254.7777142857142,2.450132691476949,2.450132691476949,TARGET
swing,HIGH_RECLAIM,2018,1545382800000,1545383100000,1545383400000,1545383700000,1545415800000,1258.0,2.2106428571428296,1,2,1259.315,1255.7893571428572,1266.8425714285713,1255.7893571428572,2.1350918778742862,-1.0,STOP
swing,HIGH_RECLAIM,2018,1545415800000,1545416400000,1545418200000,1545418500000,1545619800000,1254.0,2.373714285714251,6,8,1254.845,1251.6262857142858,1263.494857142857,1263.494857142857,2.6873640761617317,2.6873640761617317,TARGET
swing,HIGH_RECLAIM,2018,1545846900000,1545847800000,1545848100000,1545848400000,1545854400000,1268.628,3.155642857142863,1,4,1271.685,1265.4723571428572,1281.2505714285714,1265.4723571428572,1.539694401968367,-1.0,STOP
swing,HIGH_RECLAIM,2018,1545854400000,1545855000000,1545855300000,1545855600000,1545930300000,1264.528,3.1383571428571195,1,3,1265.858,1261.389642857143,1277.0814285714284,1277.0814285714284,2.5117572773630887,2.5117572773630887,TARGET
swing,HIGH_RECLAIM,2019,1546521300000,1546521300000,1546522200000,1546522500000,1546559100000,1284.485,2.658571428571463,3,3,1288.508,1281.8264285714286,1295.1192857142858,1295.1192857142858,0.9894806610934038,0.9894806610934038,TARGET
swing,HIGH_RECLAIM,2019,1546611600000,1546613400000,1546614000000,1546614300000,1546815600000,1276.565,2.394357142857172,2,8,1279.945,1274.1706428571429,1286.1424285714288,1286.1424285714288,1.0732672777427952,1.0732672777427952,TARGET
swing,HIGH_RECLAIM,2019,1546912500000,1546912800000,1546913700000,1546914000000,1546920000000,1285.465,2.182500000000021,3,4,1286.375,1283.2824999999998,1294.195,1283.2824999999998,2.528698464025685,-1.0,STOP
swing,HIGH_RECLAIM,2019,1546924500000,1546925700000,1546926000000,1546926300000,1546953600000,1281.738,2.2172857142857247,1,5,1282.528,1279.5207142857143,1290.607142857143,1279.5207142857143,2.686523205548472,-1.0,STOP
swing,HIGH_RECLAIM,2019,1546953000000,1546953600000,1546953900000,1546954200000,1546968900000,1279.315,1.806785714285752,1,3,1280.715,1277.5082142857143,1286.542142857143,1286.542142857143,1.8171288562202146,1.8171288562202146,TARGET
swing,HIGH_RECLAIM,2019,1547029800000,1547031000000,1547031900000,1547032200000,1547044500000,1280.025,1.7570714285714562,3,7,1280.885,1278.2679285714287,1287.053285714286,1287.053285714286,2.3569420562790304,2.3569420562790304,TARGET
swing,HIGH_RECLAIM,2019,1547127000000,1547128800000,1547129400000,1547129700000,1547143200000,1289.045,2.107928571428634,2,8,1290.888,1286.9370714285715,1297.4767142857147,1286.9370714285715,1.667636902717442,-1.0,STOP
swing,HIGH_RECLAIM,2019,1547142300000,1547143200000,1547143500000,1547143800000,1547465700000,1286.885,2.1870000000000607,1,4,1288.385,1284.6979999999999,1295.6330000000003,1295.6330000000003,1.9658258746948813,1.9658258746948813,TARGET
swing,HIGH_RECLAIM,2019,1547544600000,1547544600000,1547545800000,1547546100000,1547562300000,1287.475,1.4564285714285623,4,4,1288.885,1286.0185714285712,1293.300714285714,1293.300714285714,1.5404933964613448,1.5404933964613448,TARGET
swing,HIGH_RECLAIM,2019,1547571600000,1547571600000,1547571900000,1547572200000,1547803500000,1286.665,2.202571428571397,1,1,1288.365,1284.4624285714285,1295.4752857142855,1284.4624285714285,1.8219488981623022,-1.0,STOP
swing,HIGH_RECLAIM,2019,1547817000000,1547818200000,1547818500000,1547818800000,1548060300000,1281.155,1.9530714285714177,1,5,1283.228,1279.2019285714287,1288.9672857142857,1279.2019285714287,1.4255300274993226,-1.0,STOP
swing,HIGH_RECLAIM,2019,1548065100000,1548065100000,1548066900000,1548067200000,1548144000000,1277.468,1.5232857142856833,6,6,1278.855,1275.9447142857143,1283.5611428571428,1283.5611428571428,1.6170724523856277,1.6170724523856277,TARGET
swing,HIGH_RECLAIM,2019,1548249300000,1548249600000,1548249900000,1548250200000,1548252600000,1280.585,1.3742142857142718,1,2,1282.115,1279.2107857142857,1286.0818571428572,1279.2107857142857,1.36589684940606,-1.0,STOP
swing,HIGH_RECLAIM,2019,1548252300000,1548253200000,1548253500000,1548253800000,1548261600000,1278.615,1.5975714285714113,1,4,1279.905,1277.0174285714286,1285.0052857142857,1285.0052857142857,1.7662890219166223,1.7662890219166223,TARGET
swing,HIGH_RECLAIM,2019,1548317700000,1548317700000,1548318000000,1548318300000,1548336000000,1279.385,1.7762142857142993,1,1,1280.448,1277.6087857142857,1286.489857142857,1277.6087857142857,2.1280032202066357,-1.0,STOP
swing,HIGH_RECLAIM,2019,1548336000000,1548336600000,1548336900000,1548337200000,1548339900000,1276.585,1.335499999999976,1,3,1278.598,1275.2495000000001,1281.927,1281.927,0.9941764969389635,0.9941764969389635,TARGET
swing,HIGH_RECLAIM,2019,1548676800000,1548676800000,1548677400000,1548677700000,1548746100000,1299.355,1.8678571428571655,2,2,1300.155,1297.4871428571428,1306.8264285714288,1306.8264285714288,2.500669344042871,2.500669344042871,TARGET
swing,HIGH_RECLAIM,2019,1548856800000,1548857400000,1548857700000,1548858000000,1548874800000,1309.355,1.6795714285714374,1,3,1310.475,1307.6754285714285,1316.0732857142857,1316.0732857142857,1.9996938306884011,1.9996938306884011,TARGET
swing,HIGH_RECLAIM,2019,1548985500000,1548986400000,1548988200000,1548988500000,1549242000000,1317.455,2.3720714285714,6,9,1318.385,1315.0829285714285,1326.9432857142856,1315.0829285714285,2.591793030348841,-1.0,STOP
swing,HIGH_RECLAIM,2019,1549253700000,1549254600000,1549254900000,1549255200000,1549283100000,1312.438,2.319000000000009,1,4,1312.715,1310.1190000000001,1321.7140000000002,1310.1190000000001,3.4664869029279766,-1.0,STOP
swing,HIGH_RECLAIM,2019,1549283100000,1549283100000,1549284900000,1549285200000,1549373400000,1309.755,1.4587857142857306,6,6,1311.078,1308.2962142857143,1315.590142857143,1315.590142857143,1.622031069457041,1.622031069457041,TARGET
swing,HIGH_RECLAIM,2019,1549454100000,1549455000000,1549455300000,1549455600000,1549476600000,1311.488,1.356071428571454,1,4,1312.655,1310.1319285714285,1316.9122857142859,1310.1319285714285,1.6873425247006564,-1.0,STOP
swing,HIGH_RECLAIM,2019,1549476600000,1549477200000,1549477500000,1549477800000,1549480500000,1309.128,1.5032142857143072,1,3,1310.278,1307.6247857142857,1315.1408571428572,1307.6247857142857,1.8328173374612993,-1.0,STOP
swing,HIGH_RECLAIM,2019,1549489500000,1549489800000,1549494000000,1549494300000,1549504500000,1305.515,1.8506428571428646,2,3,1307.448,1303.6643571428572,1312.9175714285716,1303.6643571428572,1.4455834324441612,-1.0,STOP
swing,HIGH_RECLAIM,2019,1549508700000,1549509600000,1549510800000,1549511100000,1549548300000,1303.425,1.8946428571428637,4,7,1303.965,1301.5303571428572,1311.0035714285714,1311.0035714285714,2.8910077746810696,2.8910077746810696,TARGET
swing,HIGH_RECLAIM,2019,1549859100000,1549859400000,1549859700000,1549860000000,1549875600000,1310.475,1.669142857142869,1,2,1311.085,1308.8058571428571,1317.1515714285713,1308.8058571428571,2.661777610630417,-1.0,STOP
swing,HIGH_RECLAIM,2019,1549888200000,1549889400000,1549890300000,1549890600000,1549894500000,1305.435,1.5637142857143058,3,7,1306.725,1303.8712857142857,1311.6898571428571,1303.8712857142857,1.7397877452944321,-1.0,STOP
swing,HIGH_RECLAIM,2019,1549894500000,1549894800000,1549895700000,1549896000000,1549953300000,1303.595,1.7292142857143062,3,4,1305.045,1301.8657857142857,1310.5118571428573,1310.5118571428573,1.7195623357073608,1.7195623357073608,TARGET
swing,HIGH_RECLAIM,2019,1550062200000,1550062800000,1550064000000,1550064300000,1550068800000,1308.065,1.4238571428571245,4,6,1309.495,1306.641142857143,1313.7604285714285,1313.7604285714285,1.494618811633528,1.494618811633528,TARGET
swing,HIGH_RECLAIM,2019,1550147400000,1550148300000,1550149200000,1550149500000,1550151000000,1302.288,1.8566428571428852,3,6,1305.008,1300.4313571428572,1309.7145714285716,1309.7145714285716,1.0283894932343218,1.0283894932343218,TARGET
swing,HIGH_RECLAIM,2019,1550556900000,1550556900000,1550557500000,1550557800000,1550567100000,1323.298,1.4026428571428855,2,2,1323.755,1321.8953571428572,1328.9085714285716,1328.9085714285716,2.7712694449778055,2.7712694449778055,TARGET
swing,HIGH_RECLAIM,2019,1550689200000,1550690100000,1550691000000,1550691300000,1550739900000,1336.798,2.26950000000001,3,6,1340.265,1334.5285,1345.876,1334.5285,0.9781225485922906,-1.0,STOP
swing,HIGH_RECLAIM,2019,1550742600000,1550742600000,1550743200000,1550743500000,1550769300000,1331.965,2.723714285714306,2,2,1333.678,1329.2412857142856,1342.8598571428572,1329.2412857142856,2.069517339086079,-1.0,STOP
swing,HIGH_RECLAIM,2019,1550772900000,1550772900000,1550773200000,1550773500000,1550784600000,1325.388,2.873000000000015,1,1,1326.218,1322.5149999999999,1336.8799999999999,1322.5149999999999,2.879287064542054,-1.0,STOP
swing,HIGH_RECLAIM,2019,1550781900000,1550784600000,1550785200000,1550785500000,1551241500000,1320.858,3.1975714285714503,2,11,1323.108,1317.6604285714284,1333.6482857142857,1327.908,1.9348595704507585,0.881126583274299,864BAR_TIMEOUT
swing,HIGH_RECLAIM,2019,1551288000000,1551288900000,1551289500000,1551289800000,1551346200000,1316.815,2.034214285714321,2,5,1318.985,1314.7807857142857,1324.9518571428573,1324.9518571428573,1.41925618851841,1.41925618851841,TARGET
swing,HIGH_RECLAIM,2019,1551365100000,1551365100000,1551366000000,1551366300000,1551367800000,1316.235,2.3732857142857546,3,3,1318.545,1313.8617142857142,1325.728142857143,1313.8617142857142,1.5337827532562345,-1.0,STOP
swing,HIGH_RECLAIM,2019,1551366900000,1551367800000,1551368100000,1551368400000,1551423000000,1312.918,2.6382857142857574,1,4,1314.898,1310.2797142857141,1323.471142857143,1310.2797142857141,1.8563474387527927,-1.0,STOP
swing,HIGH_RECLAIM,2019,1551423000000,1551423900000,1551424200000,1551424500000,1551432300000,1308.265,2.0619285714286013,1,4,1309.945,1306.2030714285715,1316.5127142857145,1306.2030714285715,1.7551682669366235,-1.0,STOP
swing,HIGH_RECLAIM,2019,1551431400000,1551432900000,1551433200000,1551433500000,1551447600000,1306.115,1.7945000000000195,1,6,1306.595,1304.3205,1313.2930000000001,1304.3205,2.9448230380303912,-1.0,STOP
swing,HIGH_RECLAIM,2019,1551444900000,1551447900000,1551448200000,1551448500000,1551452400000,1304.3,1.9075000000000273,1,11,1305.848,1302.3925,1311.93,1311.93,1.7600926059904662,1.7600926059904662,TARGET
swing,HIGH_RECLAIM,2019,1551459900000,1551460500000,1551460800000,1551461100000,1551467100000,1298.288,2.763428571428595,1,3,1300.598,1295.5245714285713,1309.3417142857145,1295.5245714285713,1.7234330123331958,-1.0,STOP
swing,HIGH_RECLAIM,2019,1551467100000,1551468000000,1551468900000,1551469200000,1551688800000,1292.075,3.1842857142857417,3,6,1293.908,1288.8907142857142,1304.812142857143,1288.8907142857142,2.1733151106176583,-1.0,STOP
swing,HIGH_RECLAIM,2019,1551688200000,1551689400000,1551690900000,1551691200000,1551710700000,1286.265,2.655642857142896,5,9,1287.875,1283.609357142857,1296.8875714285716,1283.609357142857,2.1128284130678945,-1.0,STOP
swing,HIGH_RECLAIM,2019,1551710100000,1551711000000,1551711300000,1551711600000,1551985800000,1282.758,2.4752142857143196,1,4,1286.168,1280.2827857142856,1292.6588571428574,1286.228,1.1029092277257264,0.010195040840877545,864BAR_TIMEOUT
swing,HIGH_RECLAIM,2019,1552303200000,1552304400000,1552304700000,1552305000000,1552315200000,1294.085,1.953642857142849,1,5,1294.648,1292.1313571428573,1301.8995714285713,1292.1313571428573,2.881446371299878,-1.0,STOP
swing,HIGH_RECLAIM,2019,1552312800000,1552315500000,1552316100000,1552316400000,1552394400000,1290.925,2.003928571428576,2,11,1292.295,1288.9210714285714,1298.9407142857142,1298.9407142857142,1.969725838890542,1.969725838890542,TARGET
swing,HIGH_RECLAIM,2019,1552537800000,1552539000000,1552539600000,1552539900000,1552555500000,1302.635,2.0903571428571337,2,6,1303.478,1300.544642857143,1310.9964285714286,1300.544642857143,2.5630798451310937,-1.0,STOP
swing,HIGH_RECLAIM,2019,1552554000000,1552557000000,1552557600000,1552557900000,1552568400000,1295.818,1.9771428571428455,2,12,1297.468,1293.8408571428572,1303.7265714285713,1293.8408571428572,1.7254824734146765,-1.0,STOP
swing,HIGH_RECLAIM,2019,1552568100000,1552570800000,1552571100000,1552571400000,1552634100000,1292.775,2.469857142857141,1,10,1294.505,1290.305142857143,1302.6544285714288,1302.6544285714288,1.9404061362631628,1.9404061362631628,TARGET
swing,HIGH_RECLAIM,2019,1552868100000,1552871100000,1552871400000,1552871700000,1552962000000,1298.155,2.142071428571415,1,11,1299.305,1296.0129285714286,1306.7232857142856,1306.7232857142856,2.2533793312936954,2.2533793312936954,TARGET
swing,HIGH_RECLAIM,2019,1553053500000,1553053500000,1553054400000,1553054700000,1553067000000,1304.465,2.0127142857142934,1,1,1304.865,1302.4522857142856,1312.5158571428572,1302.4522857142856,3.1710580851440278,-1.0,STOP
swing,HIGH_RECLAIM,2019,1553070900000,1553071500000,1553071800000,1553072100000,1553088000000,1301.575,1.9684285714285872,1,3,1302.185,1299.6065714285714,1309.4487142857145,1309.4487142857145,2.8171089811071495,2.8171089811071495,TARGET
swing,HIGH_RECLAIM,2019,1553096400000,1553096700000,1553098200000,1553098500000,1553104800000,1298.605,2.1753571428571377,5,6,1301.215,1296.4296428571429,1307.3064285714286,1307.3064285714286,1.2729308157325618,1.2729308157325618,TARGET
swing,HIGH_RECLAIM,2019,1553176200000,1553178000000,1553178300000,1553178600000,1553184900000,1310.398,2.3601428571428675,1,7,1312.005,1308.037857142857,1319.8385714285714,1308.037857142857,1.9746128916095398,-1.0,STOP
swing,HIGH_RECLAIM,2019,1553184900000,1553185500000,1553186700000,1553187000000,1553247600000,1303.205,2.559428571428579,4,6,1305.555,1300.6455714285714,1313.4427142857141,1313.4427142857141,1.6066461037070905,1.6066461037070905,TARGET
swing,HIGH_RECLAIM,2019,1553576700000,1553579400000,1553580300000,1553580600000,1553593800000,1317.345,1.9692857142857096,3,12,1318.455,1315.3757142857144,1325.222142857143,1315.3757142857144,2.1976339596382815,-1.0,STOP
swing,HIGH_RECLAIM,2019,1553592300000,1553595300000,1553595600000,1553595900000,1553694000000,1314.265,1.7738571428571146,1,11,1314.808,1312.491142857143,1321.3604285714287,1312.491142857143,2.8281539030707683,-1.0,STOP
swing,HIGH_RECLAIM,2019,1553694000000,1553694300000,1553694600000,1553694900000,1553766300000,1308.945,2.177785714285733,1,2,1311.785,1306.767214285714,1317.6561428571429,1306.767214285714,1.1700664778145518,-1.0,STOP
swing,HIGH_RECLAIM,2019,1553766300000,1553766300000,1553767200000,1553767500000,1553773500000,1306.726,2.4483571428571134,3,3,1307.485,1304.277642857143,1316.5194285714285,1304.277642857143,2.8167828430174597,-1.0,STOP
swing,HIGH_RECLAIM,2019,1553771400000,1553774100000,1553774400000,1553774700000,1553777700000,1302.335,2.4049285714285458,1,10,1303.835,1299.9300714285714,1311.9547142857143,1299.9300714285714,2.0793502716347163,-1.0,STOP
swing,HIGH_RECLAIM,2019,1553780700000,1553780700000,1553781900000,1553782200000,1553790600000,1291.225,2.613285714285699,4,4,1292.598,1288.6117142857142,1301.6781428571428,1288.6117142857142,2.277845470183484,-1.0,STOP
swing,HIGH_RECLAIM,2019,1553789400000,1553790900000,1553791200000,1553791500000,1554242400000,1288.455,3.439428571428558,1,6,1289.208,1285.0155714285713,1302.2127142857141,1292.145,3.1019524994034873,0.7005486080348364,864BAR_TIMEOUT
swing,HIGH_RECLAIM,2019,1554296400000,1554297900000,1554298200000,1554298500000,1554380400000,1288.335,1.603000000000033,1,6,1289.438,1286.732,1294.747,1286.732,1.9619364375460873,-1.0,STOP
swing,HIGH_RECLAIM,2019,1554383100000,1554385500000,1554386400000,1554386700000,1554388800000,1280.848,1.8496428571428396,3,11,1283.088,1278.998357142857,1288.2465714285713,1288.2465714285713,1.2613745524407831,1.2613745524407831,TARGET
swing,HIGH_RECLAIM,2019,1554465000000,1554465000000,1554466800000,1554467100000,1554468000000,1287.0,1.6601428571428383,6,6,1288.848,1285.3398571428572,1293.6405714285713,1285.3398571428572,1.3661277843385091,-1.0,STOP
swing,HIGH_RECLAIM,2019,1554467700000,1554468000000,1554468600000,1554468900000,1554469200000,1284.325,1.7049999999999759,2,3,1288.648,1282.6200000000001,1291.145,1291.145,0.41423357664236177,0.41423357664236177,TARGET
swing,HIGH_RECLAIM,2019,1554966000000,1554966000000,1554966600000,1554966900000,1554981000000,1305.028,1.4901428571428466,2,2,1306.508,1303.537857142857,1310.9885714285715,1303.537857142857,1.5085373478908817,-1.0,STOP
swing,HIGH_RECLAIM,2019,1554984900000,1554986400000,1554986700000,1554987000000,1554996000000,1295.715,1.450499999999985,1,6,1297.275,1294.2645,1301.5169999999998,1294.2645,1.4090682610860668,-1.0,STOP
swing,HIGH_RECLAIM,2019,1554996000000,1554996900000,1554997800000,1554998100000,1555003200000,1293.215,2.2364285714285677,3,6,1294.588,1290.9785714285713,1302.1607142857142,1290.9785714285713,2.0980368875167494,-1.0,STOP
swing,HIGH_RECLAIM,2019,1555072200000,1555072500000,1555072800000,1555073100000,1555287900000,1290.465,1.6571428571428604,1,2,1292.138,1288.807857142857,1297.0935714285713,1288.807857142857,1.4880957487881146,-1.0,STOP
swing,HIGH_RECLAIM,2019,1555287300000,1555287900000,1555288500000,1555288800000,1555311600000,1288.668,1.9058571428571927,2,4,1289.808,1286.7621428571426,1296.2914285714287,1286.7621428571426,2.1286056001124583,-1.0,STOP
swing,HIGH_RECLAIM,2019,1555311300000,1555311600000,1555312500000,1555312800000,1555329000000,1286.685,1.489071428571492,3,4,1287.605,1285.1959285714283,1292.641285714286,1285.1959285714283,2.0905505974440426,-1.0,STOP
swing,HIGH_RECLAIM,2019,1555329000000,1555329000000,1555329600000,1555329900000,1555334100000,1284.885,1.5689285714286305,2,2,1286.885,1283.3160714285714,1291.1607142857144,1283.3160714285714,1.198038627038961,-1.0,STOP
swing,HIGH_RECLAIM,2019,1555334100000,1555334100000,1555334400000,1555334700000,1555417500000,1282.845,1.8835714285714695,1,1,1284.035,1280.9614285714285,1290.379285714286,1280.9614285714285,2.064141296769677,-1.0,STOP
swing,HIGH_RECLAIM,2019,1555417500000,1555418100000,1555418700000,1555419000000,1555420200000,1278.198,1.559428571428563,2,4,1280.315,1276.6385714285716,1284.4357142857143,1276.6385714285716,1.1208470953954022,-1.0,STOP
swing,HIGH_RECLAIM,2019,1555419900000,1555421700000,1555422900000,1555423200000,1555569600000,1273.255,1.9799285714285588,4,10,1276.218,1271.2750714285717,1281.1747142857143,1271.2750714285717,1.0027889770379335,-1.0,STOP
swing,HIGH_RECLAIM,2019,1555569600000,1555569600000,1555571100000,1555571400000,1555578300000,1271.105,1.3315714285714486,5,5,1272.575,1269.7734285714287,1276.4312857142859,1276.4312857142859,1.3764723879456073,1.3764723879456073,TARGET
swing,HIGH_RECLAIM,2019,1555941300000,1555941300000,1555941900000,1555942200000,1555998900000,1274.725,1.81235714285713,2,2,1275.908,1272.9126428571428,1281.9744285714285,1272.9126428571428,2.0252772147371356,-1.0,STOP
swing,HIGH_RECLAIM,2019,1555998600000,1555999800000,1556000100000,1556000400000,1556022900000,1272.035,1.644714285714258,1,5,1272.765,1270.3902857142857,1278.6138571428571,1270.3902857142857,2.4629729892316248,-1.0,STOP
swing,HIGH_RECLAIM,2019,1556022900000,1556024700000,1556026500000,1556026800000,1556094300000,1266.648,1.689785714285709,6,12,1268.758,1264.9582142857141,1273.4071428571428,1273.4071428571428,1.2235276425361543,1.2235276425361543,TARGET
swing,HIGH_RECLAIM,2019,1556524500000,1556525400000,1556526600000,1556526900000,1556545500000,1280.775,2.5020000000000664,4,7,1281.628,1278.2730000000001,1290.7830000000004,1278.2730000000001,2.7287630402387477,-1.0,STOP
swing,HIGH_RECLAIM,2019,1556547900000,1556548200000,1556548500000,1556548800000,1556616900000,1277.988,1.7717857142857514,1,2,1278.808,1276.2162142857144,1285.075142857143,1285.075142857143,2.4180790960453424,2.4180790960453424,TARGET
swing,HIGH_RECLAIM,2019,1556678400000,1556678400000,1556679900000,1556680200000,1556735700000,1279.325,2.1037142857142856,5,5,1280.285,1277.2212857142858,1287.739857142857,1277.2212857142858,2.4332742702601804,-1.0,STOP
swing,HIGH_RECLAIM,2019,1556735700000,1556736000000,1556736600000,1556736900000,1556784300000,1273.0,2.063071428571431,2,3,1277.288,1270.9369285714286,1281.2522857142858,1270.9369285714286,0.6241916437046691,-1.0,STOP
swing,HIGH_RECLAIM,2019,1556783400000,1556785800000,1556786100000,1556786400000,1556803200000,1270.185,2.773857142857147,1,9,1270.738,1267.4111428571427,1281.2804285714285,1267.4111428571427,3.168885262796096,-1.0,STOP
swing,HIGH_RECLAIM,2019,1556803500000,1556804400000,1556804700000,1556805000000,1556886900000,1266.195,1.8499285714285634,1,4,1268.798,1264.3450714285714,1273.5947142857142,1273.5947142857142,1.0772044080139518,1.0772044080139518,TARGET
swing,HIGH_RECLAIM,2019,1557143700000,1557144000000,1557144300000,1557144600000,1557146700000,1280.285,2.140714285714288,1,2,1281.105,1278.1442857142858,1288.8478571428573,1278.1442857142858,2.6151990349820387,-1.0,STOP
swing,HIGH_RECLAIM,2019,1557150300000,1557150300000,1557150600000,1557150900000,1557241200000,1276.935,1.8759285714285656,1,1,1278.618,1275.0590714285713,1284.4387142857142,1284.4387142857142,1.6355243351730868,1.6355243351730868,TARGET
swing,HIGH_RECLAIM,2019,1557324000000,1557324300000,1557324600000,1557324900000,1557330600000,1283.175,2.064642857142839,1,2,1284.875,1281.110357142857,1291.4335714285712,1281.110357142857,1.7421497011667872,-1.0,STOP
swing,HIGH_RECLAIM,2019,1557329100000,1557330900000,1557331200000,1557331500000,1557751200000,1280.528,2.2503571428571183,1,7,1281.385,1278.2776428571428,1289.5294285714285,1289.5294285714285,2.6210146426683005,2.6210146426683005,TARGET
swing,HIGH_RECLAIM,2019,1557823500000,1557824100000,1557824700000,1557825000000,1557847800000,1296.825,1.8974285714285608,2,4,1297.455,1294.9275714285716,1304.4147142857144,1294.9275714285716,2.7536739769390315,-1.0,STOP
swing,HIGH_RECLAIM,2019,1557902400000,1557903000000,1557903300000,1557903600000,1557921600000,1292.948,1.6880000000000532,1,3,1293.558,1291.26,1299.7000000000003,1299.7000000000003,2.672758920800816,2.672758920800816,TARGET
swing,HIGH_RECLAIM,2019,1557998100000,1557998100000,1557998400000,1557998700000,1558009800000,1294.468,1.6210714285714403,1,1,1295.405,1292.8469285714286,1300.9522857142858,1292.8469285714286,2.16854214949892,-1.0,STOP
swing,HIGH_RECLAIM,2019,1558009800000,1558010400000,1558010700000,1558011000000,1558017900000,1289.865,1.5563571428571419,1,3,1291.095,1288.3086428571428,1296.0904285714287,1288.3086428571428,1.7928170422209897,-1.0,STOP
swing,HIGH_RECLAIM,2019,1558088400000,1558089000000,1558089300000,1558089600000,1558096800000,1284.395,1.4019999999999462,1,3,1285.255,1282.993,1290.0029999999997,1282.993,2.099027409371898,-1.0,STOP
swing,HIGH_RECLAIM,2019,1558096500000,1558096800000,1558098000000,1558098300000,1558100100000,1282.795,1.4598571428570852,4,5,1284.815,1281.335142857143,1288.6344285714283,1281.335142857143,1.097582002545185,-1.0,STOP
swing,HIGH_RECLAIM,2019,1558099200000,1558100700000,1558101000000,1558101300000,1558102200000,1280.175,1.6682142857142221,1,6,1282.005,1278.5067857142858,1286.8478571428568,1278.5067857142858,1.384379785604764,-1.0,STOP
swing,HIGH_RECLAIM,2019,1558101600000,1558102800000,1558103100000,1558103400000,1558104900000,1277.695,1.9827142857142397,1,5,1278.938,1275.7122857142856,1285.6258571428568,1275.7122857142856,2.0732949512840544,-1.0,STOP
swing,HIGH_RECLAIM,2019,1558103700000,1558104900000,1558105200000,1558105500000,1558437600000,1275.215,2.3169999999999584,1,5,1276.795,1272.898,1284.4829999999997,1272.898,1.9727995894275925,-1.0,STOP
swing,HIGH_RECLAIM,2019,1558437600000,1558437900000,1558438200000,1558438500000,1558445700000,1271.738,1.2091428571428489,1,2,1272.985,1270.5288571428573,1276.5745714285715,1270.5288571428573,1.4614668760544407,-1.0,STOP
swing,HIGH_RECLAIM,2019,1558445400000,1558446000000,1558446600000,1558446900000,1558483500000,1269.455,1.4151428571428661,2,4,1270.685,1268.039857142857,1275.1155714285715,1275.1155714285715,1.674983797796504,1.674983797796504,TARGET
swing,HIGH_RECLAIM,2019,1558581900000,1558583400000,1558583700000,1558584000000,1558613100000,1272.755,1.3475714285714437,1,6,1272.958,1271.4074285714287,1278.1452857142858,1278.1452857142858,3.345402616546966,3.345402616546966,TARGET
swing,HIGH_RECLAIM,2019,1558685100000,1558687500000,1558687800000,1558688100000,1559045700000,1281.655,1.4198571428571702,1,9,1281.938,1280.2351428571428,1287.3344285714286,1280.2351428571428,3.169043624160763,-1.0,STOP
swing,HIGH_RECLAIM,2019,1559044800000,1559046000000,1559046600000,1559046900000,1559111100000,1276.785,1.3854285714286172,2,6,1278.338,1275.3995714285716,1282.3267142857146,1282.3267142857146,1.3574310856144756,1.3574310856144756,TARGET
swing,HIGH_RECLAIM,2019,1559158800000,1559158800000,1559159400000,1559159700000,1559195400000,1279.135,2.350857142857145,2,2,1280.138,1276.7841428571428,1288.5384285714285,1276.7841428571428,2.5047067342505724,-1.0,STOP
swing,HIGH_RECLAIM,2019,1559193000000,1559195400000,1559195700000,1559196000000,1559228400000,1276.658,2.0898571428571295,1,9,1276.968,1274.5681428571427,1285.0174285714284,1285.0174285714284,3.354128221917491,3.354128221917491,TARGET
swing,HIGH_RECLAIM,2019,1559650200000,1559650500000,1559650800000,1559651100000,1559715600000,1319.905,2.481142857142832,1,2,1321.805,1317.423857142857,1329.8295714285714,1329.8295714285714,1.8316160166948434,1.8316160166948434,TARGET
swing,HIGH_RECLAIM,2019,1559868300000,1559868300000,1559868900000,1559869200000,1559910600000,1332.088,2.950571428571493,2,2,1333.098,1329.1374285714285,1343.890285714286,1343.890285714286,2.7249314673207623,2.7249314673207623,TARGET
swing,HIGH_RECLAIM,2019,1560128700000,1560130500000,1560130800000,1560131100000,1560235800000,1328.928,4.32650000000001,1,7,1329.985,1324.6015000000002,1346.2340000000002,1324.6015000000002,3.0182966471628494,-1.0,STOP
swing,HIGH_RECLAIM,2019,1560243300000,1560243600000,1560244200000,1560244500000,1560305100000,1321.175,1.987571428571414,2,3,1322.4,1319.1874285714284,1329.1252857142856,1329.1252857142856,2.0934276058340084,2.0934276058340084,TARGET
swing,HIGH_RECLAIM,2019,1560531600000,1560534300000,1560534600000,1560534900000,1560759300000,1337.738,3.724071428571441,1,10,1339.628,1334.0139285714286,1352.6342857142859,1334.0139285714286,2.316729646169759,-1.0,STOP
swing,HIGH_RECLAIM,2019,1560763200000,1560763800000,1560764400000,1560764700000,1560838500000,1332.915,3.439714285714282,2,4,1333.905,1329.4752857142857,1346.673857142857,1346.673857142857,2.882546439628509,2.882546439628509,TARGET
swing,HIGH_RECLAIM,2019,1560933000000,1560933000000,1560933300000,1560933600000,1560967200000,1341.948,2.251571428571424,1,1,1342.958,1339.6964285714287,1350.9542857142858,1350.9542857142858,2.4516665936665136,2.4516665936665136,TARGET
swing,HIGH_RECLAIM,2019,1561103400000,1561103400000,1561104900000,1561105200000,1561327800000,1382.5,5.455785714285737,5,5,1387.348,1377.0442142857144,1404.323142857143,1404.323142857143,1.6474666038141703,1.6474666038141703,TARGET
swing,HIGH_RECLAIM,2019,1561482000000,1561483500000,1561483800000,1561484100000,1561521000000,1411.808,7.08328571428571,1,6,1419.228,1404.7247142857143,1440.1411428571428,1404.7247142857143,1.4419589649635884,-1.0,STOP
swing,HIGH_RECLAIM,2019,1561521000000,1561521300000,1561522200000,1561522500000,1561932000000,1403.308,6.996857142857152,3,4,1406.188,1396.3111428571428,1431.2954285714286,1396.3111428571428,2.542046342098374,-1.0,STOP
swing,HIGH_RECLAIM,2019,1561938300000,1561939500000,1561940100000,1561940400000,1561960200000,1390.868,5.200285714285736,2,6,1392.655,1385.6677142857143,1411.6691428571428,1385.6677142857143,2.7212487988387104,-1.0,STOP
swing,HIGH_RECLAIM,2019,1561964100000,1561964400000,1561964700000,1561965000000,1562081700000,1381.715,5.41857142857147,1,2,1384.128,1376.2964285714284,1403.3892857142857,1403.3892857142857,2.459440725269478,2.459440725269478,TARGET
swing,HIGH_RECLAIM,2019,1562153700000,1562155500000,1562156100000,1562156400000,1562329800000,1414.865,6.828500000000012,2,8,1420.075,1408.0365,1442.179,1408.0365,1.8361091498110091,-1.0,STOP
swing,HIGH_RECLAIM,2019,1562329800000,1562331900000,1562332200000,1562332500000,1562334300000,1394.375,4.490214285714306,1,8,1398.598,1389.8847857142857,1412.3358571428573,1389.8847857142857,1.5766692626142915,-1.0,STOP
swing,HIGH_RECLAIM,2019,1562332500000,1562334900000,1562335200000,1562335500000,1562761800000,1386.518,5.3440714285714455,1,9,1391.225,1381.1739285714286,1407.8942857142858,1407.8942857142858,1.658458586504684,1.658458586504684,TARGET
swing,HIGH_RECLAIM,2019,1562852400000,1562853900000,1562854200000,1562854500000,1562856900000,1412.165,3.6464999999999628,1,6,1415.445,1408.5185,1426.7509999999997,1408.5185,1.63228181621306,-1.0,STOP
swing,HIGH_RECLAIM,2019,1562855700000,1562856900000,1562857200000,1562857500000,1562865900000,1408.495,3.849142857142835,1,5,1410.275,1404.645857142857,1423.8915714285713,1404.645857142857,2.4189422393664386,-1.0,STOP
swing,HIGH_RECLAIM,2019,1562864400000,1562866200000,1562866500000,1562866800000,1563142500000,1403.615,3.7493571428571255,1,7,1406.098,1399.8656428571428,1418.6124285714286,1418.6124285714286,2.0079768030898744,2.0079768030898744,TARGET
swing,HIGH_RECLAIM,2019,1563200400000,1563201600000,1563202200000,1563202500000,1563292500000,1407.655,2.8937857142857086,2,6,1410.148,1404.7612142857142,1419.2301428571427,1404.7612142857142,1.6860041105880794,-1.0,STOP
swing,HIGH_RECLAIM,2019,1563292500000,1563292800000,1563293100000,1563293400000,1563372900000,1402.608,3.1104285714285913,1,2,1404.708,1399.4975714285713,1415.0497142857143,1415.0497142857143,1.9848106818741742,1.9848106818741742,TARGET
swing,HIGH_RECLAIM,2019,1563432000000,1563432900000,1563433200000,1563433500000,1563453600000,1419.065,3.32778571428571,1,4,1420.635,1415.7372142857143,1432.376142857143,1415.7372142857143,2.397234902069491,-1.0,STOP
swing,HIGH_RECLAIM,2019,1563453000000,1563453600000,1563455100000,1563455400000,1563464700000,1414.578,3.2911428571428423,5,7,1418.405,1411.2868571428571,1427.7425714285714,1427.7425714285714,1.3117988239308018,1.3117988239308018,TARGET
swing,HIGH_RECLAIM,2019,1563534900000,1563535800000,1563536100000,1563536400000,1563547200000,1435.055,3.9869285714286042,1,4,1437.185,1431.0680714285716,1451.0027142857145,1431.0680714285716,2.258930135338816,-1.0,STOP
swing,HIGH_RECLAIM,2019,1563547200000,1563547500000,1563548400000,1563548700000,1563559800000,1426.075,3.6640714285714466,3,4,1430.005,1422.4109285714285,1440.7312857142858,1422.4109285714285,1.4124552047179308,-1.0,STOP
swing,HIGH_RECLAIM,2019,1563559800000,1563560100000,1563561300000,1563561600000,1563859800000,1420.098,5.007142857142883,4,5,1424.075,1415.090857142857,1440.1265714285714,1415.090857142857,1.7866558539648745,-1.0,STOP
swing,HIGH_RECLAIM,2019,1563911700000,1563913500000,1563914100000,1563914400000,1564054800000,1416.008,3.881142857142874,2,8,1417.825,1412.1268571428573,1431.5325714285716,1431.5325714285716,2.4056208789831803,2.4056208789831803,TARGET
swing,HIGH_RECLAIM,2019,1564059600000,1564059900000,1564060200000,1564060500000,1564061700000,1421.295,3.079928571428549,1,2,1423.708,1418.2150714285715,1433.6147142857142,1418.2150714285715,1.8035396158697117,-1.0,STOP
swing,HIGH_RECLAIM,2019,1564073100000,1564074300000,1564074600000,1564074900000,1564478400000,1410.968,4.282714285714276,1,5,1413.448,1406.6852857142858,1428.0988571428572,1428.0988571428572,2.1664166965926546,2.1664166965926546,TARGET
swing,HIGH_RECLAIM,2019,1564581600000,1564581600000,1564581900000,1564582200000,1564590000000,1426.565,2.0724999999999585,1,1,1428.368,1424.4925,1434.8549999999998,1424.4925,1.6738485356728325,-1.0,STOP
swing,HIGH_RECLAIM,2019,1564589700000,1564590600000,1564592100000,1564592400000,1564596000000,1422.048,2.231785714285674,5,8,1424.548,1419.8162142857143,1430.9751428571426,1419.8162142857143,1.3582911917880072,-1.0,STOP
swing,HIGH_RECLAIM,2019,1564598700000,1564599000000,1564599300000,1564599600000,1564599600000,1410.385,2.7279999999999682,1,2,1417.948,1407.657,1421.2969999999998,1421.2969999999998,0.32542998736756884,0.32542998736756884,TARGET
swing,HIGH_RECLAIM,2019,1564618200000,1564619700000,1564620600000,1564620900000,1564680900000,1405.715,5.330642857142834,3,8,1407.365,1400.384357142857,1427.0375714285713,1427.0375714285713,2.818160423211025,2.818160423211025,TARGET
swing,HIGH_RECLAIM,2019,1565269200000,1565269200000,1565270700000,1565271000000,1565635200000,1489.948,5.497928571428572,5,5,1493.905,1484.4500714285716,1511.9397142857144,1511.9397142857144,1.907440563878313,1.907440563878313,TARGET
swing,HIGH_RECLAIM,2019,1565703600000,1565704500000,1565704800000,1565705100000,1565782500000,1479.715,7.917285714285656,1,4,1495.978,1471.7977142857142,1511.3841428571425,1511.3841428571425,0.6371365102621738,0.6371365102621738,TARGET
swing,HIGH_RECLAIM,2019,1565850900000,1565850900000,1565852100000,1565852400000,1566202200000,1507.848,5.157714285714308,4,4,1513.905,1502.6902857142857,1528.4788571428571,1502.6902857142857,1.2995299542692618,-1.0,STOP
swing,HIGH_RECLAIM,2019,1566206100000,1566206100000,1566206400000,1566206700000,1566214800000,1498.108,3.893071428571391,1,1,1500.628,1494.2149285714286,1513.6802857142854,1494.2149285714286,2.0352628003074,-1.0,STOP
swing,HIGH_RECLAIM,2019,1566213900000,1566214800000,1566216000000,1566216300000,1566300300000,1493.175,3.8118571428571255,4,7,1496.435,1489.3631428571427,1508.4224285714286,1508.4224285714286,1.6950891865139408,1.6950891865139408,TARGET
swing,HIGH_RECLAIM,2019,1566364500000,1566364500000,1566365400000,1566365700000,1566370800000,1501.308,2.631071428571431,3,3,1502.375,1498.6769285714286,1511.8322857142857,1498.6769285714286,2.557356150889454,-1.0,STOP
swing,HIGH_RECLAIM,2019,1566369600000,1566371100000,1566371400000,1566371700000,1566411000000,1496.775,2.525428571428571,1,6,1499.255,1494.2495714285715,1506.8767142857143,1506.8767142857143,1.5226896512357704,1.5226896512357704,TARGET
swing,HIGH_RECLAIM,2019,1566449100000,1566450300000,1566450900000,1566451200000,1566469200000,1498.935,3.1732142857142986,2,6,1500.315,1495.7617857142857,1511.6278571428572,1495.7617857142857,2.4845870264334056,-1.0,STOP
swing,HIGH_RECLAIM,2019,1566468000000,1566470400000,1566471000000,1566471300000,1566474900000,1495.178,2.741500000000006,2,10,1496.565,1492.4365,1506.1440000000002,1492.4365,2.3202131524767124,-1.0,STOP
swing,HIGH_RECLAIM,2019,1566474900000,1566474900000,1566475500000,1566475800000,1566481500000,1492.425,2.560357142857161,2,2,1494.225,1489.8646428571428,1502.6664285714287,1502.6664285714287,1.9359488901630706,1.9359488901630706,TARGET
swing,HIGH_RECLAIM,2019,1566531900000,1566534600000,1566534900000,1566535200000,1566563400000,1493.715,2.642571428571403,1,9,1494.868,1491.0724285714284,1504.2852857142855,1504.2852857142855,2.4811246189166734,2.4811246189166734,TARGET
swing,HIGH_RECLAIM,2019,1566808800000,1566808800000,1566809700000,1566810000000,1567080600000,1524.955,6.566928571428597,3,3,1526.845,1518.3880714285713,1551.2227142857143,1538.735,2.882573038168136,1.4059477858391216,864BAR_TIMEOUT
swing,HIGH_RECLAIM,2019,1567184700000,1567184700000,1567185300000,1567185600000,1567519200000,1521.325,4.476428571428577,2,2,1523.355,1516.8485714285714,1539.2307142857144,1539.2307142857144,2.440004391261386,2.440004391261386,TARGET
swing,HIGH_RECLAIM,2019,1567582200000,1567582500000,1567584000000,1567584300000,1567617300000,1535.235,4.291142857142843,5,6,1536.605,1530.943857142857,1552.3995714285713,1552.3995714285713,2.7899969718380153,2.7899969718380153,TARGET
swing,HIGH_RECLAIM,2019,1567670100000,1567670100000,1567670400000,1567670700000,1567686900000,1540.821,4.368857142857142,1,1,1542.745,1536.4521428571427,1558.2964285714286,1536.4521428571427,2.4712826333711644,-1.0,STOP
swing,HIGH_RECLAIM,2019,1567686000000,1567687200000,1567687500000,1567687800000,1567690500000,1535.0,3.7367857142857344,1,5,1536.165,1531.2632142857142,1549.947142857143,1531.2632142857142,2.811657559198549,-1.0,STOP
swing,HIGH_RECLAIM,2019,1567751700000,1567752900000,1567753200000,1567753500000,1567775100000,1505.215,3.8099285714285673,1,5,1509.228,1501.4050714285713,1520.454714285714,1520.454714285714,1.4351037700531661,1.4351037700531661,TARGET
swing,HIGH_RECLAIM,2019,1568039400000,1568041200000,1568041800000,1568042100000,1568076900000,1497.548,4.3601428571428515,2,8,1502.148,1493.1878571428572,1514.9885714285715,1493.1878571428572,1.4330766409974722,-1.0,STOP
swing,HIGH_RECLAIM,2019,1568077200000,1568078700000,1568079000000,1568079300000,1568276400000,1486.398,4.623928571428564,1,6,1489.348,1481.7740714285715,1504.8937142857142,1504.8937142857142,2.0525298250577744,2.0525298250577744,TARGET
swing,HIGH_RECLAIM,2019,1568326500000,1568327700000,1568328000000,1568328300000,1568392500000,1495.368,6.432857142857172,1,4,1496.965,1488.9351428571429,1521.0994285714287,1488.9351428571429,3.0055862940099143,-1.0,STOP
swing,HIGH_RECLAIM,2019,1568392500000,1568392800000,1568393100000,1568393400000,1568592900000,1488.215,5.289857142857143,1,2,1491.145,1482.9251428571429,1509.3744285714286,1509.3744285714286,2.2177305827351974,2.2177305827351974,TARGET
swing,HIGH_RECLAIM,2019,1568641500000,1568642700000,1568643000000,1568643300000,1568832000000,1495.815,4.070428571428579,1,5,1497.745,1491.7445714285714,1512.0967142857144,1491.7445714285714,2.3917815394139006,-1.0,STOP
swing,HIGH_RECLAIM,2019,1569301800000,1569301800000,1569303000000,1569303300000,1569332400000,1519.325,2.6473571428571665,4,4,1520.635,1516.677642857143,1529.9144285714287,1516.677642857143,2.3448549717525253,-1.0,STOP
swing,HIGH_RECLAIM,2019,1569332400000,1569332700000,1569333000000,1569333300000,1569337800000,1515.525,2.3465714285714023,1,2,1517.915,1513.1784285714286,1524.9112857142857,1524.9112857142857,1.4770780552539817,1.4770780552539817,TARGET
swing,HIGH_RECLAIM,2019,1569412800000,1569413400000,1569413700000,1569414000000,1569421800000,1525.985,2.65964285714285,1,3,1528.065,1523.325357142857,1536.6235714285713,1523.325357142857,1.8057418431164498,-1.0,STOP
swing,HIGH_RECLAIM,2019,1569499500000,1569499500000,1569499800000,1569500100000,1569566100000,1502.758,2.7239285714286035,1,1,1505.265,1500.0340714285715,1513.6537142857144,1500.0340714285715,1.603675938443028,-1.0,STOP
swing,HIGH_RECLAIM,2019,1569565800000,1569567300000,1569568500000,1569568800000,1569578700000,1496.095,2.9711428571428735,4,9,1498.675,1493.123857142857,1507.9795714285715,1493.123857142857,1.6761542024808491,-1.0,STOP
swing,HIGH_RECLAIM,2019,1569577500000,1569580800000,1569581100000,1569581400000,1569590400000,1490.605,2.97114285714289,1,12,1491.545,1487.633857142857,1502.4895714285715,1487.633857142857,2.7983052085615276,-1.0,STOP
swing,HIGH_RECLAIM,2019,1569589800000,1569591000000,1569591600000,1569591900000,1569602100000,1486.768,3.14635714285719,2,6,1489.725,1483.621642857143,1499.3534285714288,1499.3534285714288,1.5775626996852723,1.5775626996852723,TARGET
swing,HIGH_RECLAIM,2019,1569823800000,1569825300000,1569825600000,1569825900000,1569843600000,1487.965,3.845428571428556,1,6,1490.275,1484.1195714285714,1503.3467142857141,1484.1195714285714,2.1236075009282405,-1.0,STOP
swing,HIGH_RECLAIM,2019,1569855300000,1569855300000,1569855600000,1569855900000,1569856200000,1479.588,4.064000000000013,1,1,1481.835,1475.524,1495.844,1475.524,2.2197749960386126,-1.0,STOP
swing,HIGH_RECLAIM,2019,1569864300000,1569865200000,1569865500000,1569865800000,1569915600000,1464.445,5.124285714285699,1,4,1468.645,1459.3207142857143,1484.9421428571427,1459.3207142857143,1.7478167611460005,-1.0,STOP
swing,HIGH_RECLAIM,2019,1569914700000,1569915600000,1569916200000,1569916500000,1569940800000,1459.065,5.541857142857144,2,5,1460.845,1453.5231428571428,1481.2324285714287,1481.2324285714287,2.7844613973816132,2.7844613973816132,TARGET
swing,HIGH_RECLAIM,2019,1569992400000,1569992400000,1569992700000,1569993000000,1570021200000,1475.695,4.203571428571438,1,1,1476.705,1471.4914285714285,1492.5092857142856,1492.5092857142856,3.031374160843957,3.031374160843957,TARGET
swing,HIGH_RECLAIM,2019,1570085700000,1570085700000,1570086000000,1570086300000,1570111200000,1495.725,3.583357142857153,1,1,1497.295,1492.1416428571429,1510.0584285714285,1510.0584285714285,2.476721138786037,2.476721138786037,TARGET
swing,HIGH_RECLAIM,2019,1570191300000,1570193700000,1570194600000,1570194900000,1570208100000,1495.927,3.368214285714235,3,11,1500.895,1492.5587857142857,1509.399857142857,1509.399857142857,1.020230149005609,1.020230149005609,TARGET
swing,HIGH_RECLAIM,2019,1570437300000,1570437600000,1570438500000,1570438800000,1570446300000,1500.548,3.200642857142855,3,4,1501.505,1497.3473571428572,1513.3505714285714,1497.3473571428572,2.8491074956619293,-1.0,STOP
swing,HIGH_RECLAIM,2019,1570445400000,1570446300000,1570447200000,1570447500000,1570469400000,1497.188,2.9168571428571113,3,6,1500.385,1494.2711428571429,1508.8554285714285,1494.2711428571429,1.3854475781012727,-1.0,STOP
swing,HIGH_RECLAIM,2019,1570496400000,1570496400000,1570496700000,1570497000000,1570528800000,1486.845,3.8288571428571134,1,1,1492.448,1483.016142857143,1502.1604285714284,1502.1604285714284,1.029747209305823,1.029747209305823,TARGET
swing,HIGH_RECLAIM,2019,1570613400000,1570614300000,1570615500000,1570615800000,1570659600000,1499.775,3.2464285714285097,4,7,1502.705,1496.5285714285715,1512.7607142857141,1512.7607142857141,1.6280791025789452,1.6280791025789452,TARGET
swing,HIGH_RECLAIM,2019,1570710900000,1570711200000,1570711500000,1570711800000,1570714800000,1500.908,4.187071428571438,1,2,1503.475,1496.7209285714284,1517.6562857142856,1496.7209285714284,2.0996647524773167,-1.0,STOP
swing,HIGH_RECLAIM,2019,1570714200000,1570717200000,1570717500000,1570717800000,1570793400000,1491.645,4.484714285714306,1,11,1494.215,1487.1602857142857,1509.5838571428571,1487.1602857142857,2.178522973492932,-1.0,STOP
swing,HIGH_RECLAIM,2019,1570793400000,1570794900000,1570795200000,1570795500000,1570803900000,1479.465,4.677642857142847,1,6,1483.885,1474.787357142857,1498.1755714285714,1474.787357142857,1.5707993436290137,-1.0,STOP
swing,HIGH_RECLAIM,2019,1570802400000,1570803900000,1570805400000,1570805700000,1571044800000,1473.925,5.1390714285714045,5,10,1476.135,1468.7859285714285,1494.4812857142856,1494.4812857142856,2.4964086813688406,2.4964086813688406,TARGET
swing,HIGH_RECLAIM,2019,1571121000000,1571121000000,1571121900000,1571122200000,1571135400000,1488.738,2.2587857142857177,3,3,1490.225,1486.4792142857143,1497.7731428571428,1497.7731428571428,2.015102686829085,2.015102686829085,TARGET
swing,HIGH_RECLAIM,2019,1571148900000,1571148900000,1571149200000,1571149500000,1571150400000,1482.115,3.1512142857142504,1,1,1485.655,1478.9637857142857,1494.719857142857,1478.9637857142857,1.3547402243880537,-1.0,STOP
swing,HIGH_RECLAIM,2019,1571149800000,1571150700000,1571151000000,1571151300000,1571230500000,1478.385,3.1512142857142504,1,4,1480.995,1475.2337857142857,1490.989857142857,1490.989857142857,1.7348525236495544,1.7348525236495544,TARGET
swing,HIGH_RECLAIM,2019,1571304600000,1571304900000,1571306100000,1571306400000,1571327400000,1483.385,3.071214285714291,4,5,1485.855,1480.3137857142856,1495.6698571428572,1495.6698571428572,1.7712466323781053,1.7712466323781053,TARGET
swing,HIGH_RECLAIM,2019,1571384100000,1571384700000,1571385000000,1571385300000,1571396400000,1487.385,1.9179285714285956,1,3,1488.335,1485.4670714285714,1495.0567142857144,1485.4670714285714,2.34375233493563,-1.0,STOP
swing,HIGH_RECLAIM,2019,1571396100000,1571396700000,1571397000000,1571397300000,1571403600000,1484.825,2.001285714285765,1,3,1486.095,1482.8237142857142,1492.830142857143,1492.830142857143,2.05886719944103,2.05886719944103,TARGET
swing,HIGH_RECLAIM,2019,1571643600000,1571644800000,1571645100000,1571645400000,1571670600000,1487.315,2.1622857142856446,1,5,1489.066,1485.1527142857144,1495.9641428571426,1485.1527142857144,1.762749607563953,-1.0,STOP
swing,HIGH_RECLAIM,2019,1571670300000,1571671800000,1571672100000,1571672400000,1571819700000,1483.325,2.6892857142856883,1,6,1484.905,1480.6357142857144,1494.0821428571428,1494.0821428571428,2.1495733645642052,2.1495733645642052,TARGET
swing,HIGH_RECLAIM,2019,1571898900000,1571898900000,1571899500000,1571899800000,1571901600000,1490.398,2.069500000000013,2,2,1491.955,1488.3284999999998,1498.676,1488.3284999999998,1.853302081897107,-1.0,STOP
swing,HIGH_RECLAIM,2019,1571901300000,1571901600000,1571902200000,1571902500000,1571923500000,1487.915,2.0555000000000194,2,3,1490.365,1485.8595,1496.137,1496.137,1.281100876706238,1.281100876706238,TARGET
swing,HIGH_RECLAIM,2019,1572022800000,1572022800000,1572023100000,1572023400000,1572267300000,1501.445,3.546714285714253,1,1,1502.885,1497.8982857142857,1515.631857142857,1497.8982857142857,2.5561635202108244,-1.0,STOP
swing,HIGH_RECLAIM,2019,1572273900000,1572273900000,1572274200000,1572274500000,1572345300000,1489.948,3.0426428571428557,1,1,1492.495,1486.9053571428572,1502.1185714285716,1486.9053571428572,1.7216791259345352,-1.0,STOP
swing,HIGH_RECLAIM,2019,1572356700000,1572356700000,1572357300000,1572357600000,1572432300000,1483.398,2.447785714285731,2,2,1485.718,1480.950214285714,1493.1891428571428,1493.1891428571428,1.5670047491346932,1.5670047491346932,TARGET
swing,HIGH_RECLAIM,2019,1572460200000,1572460500000,1572461100000,1572461400000,1572462300000,1481.048,2.6307857142857074,2,3,1486.508,1478.4172142857142,1491.5711428571428,1491.5711428571428,0.6257912440077147,0.6257912440077147,TARGET
swing,HIGH_RECLAIM,2019,1572608100000,1572608100000,1572608700000,1572609000000,1572611400000,1508.748,2.0535714285714612,2,2,1510.035,1506.6944285714285,1516.9622857142858,1506.6944285714285,2.073682860075172,-1.0,STOP
swing,HIGH_RECLAIM,2019,1572611400000,1572611700000,1572612000000,1572612300000,1572615900000,1503.218,1.9905000000000135,1,2,1506.415,1501.2275,1511.18,1511.18,0.9185542168674892,0.9185542168674892,TARGET
swing,HIGH_RECLAIM,2019,1572882000000,1572885300000,1572885600000,1572885900000,1572951900000,1504.395,2.6217142857142983,1,12,1506.215,1501.7732857142857,1514.8818571428571,1501.7732857142857,1.9512414769073123,-1.0,STOP
swing,HIGH_RECLAIM,2019,1572955500000,1572958800000,1572959100000,1572959400000,1572960300000,1498.495,2.4543571428571176,1,12,1500.305,1496.0406428571428,1508.3124285714284,1496.0406428571428,1.877757491499184,-1.0,STOP
swing,HIGH_RECLAIM,2019,1572966000000,1572966300000,1572966600000,1572966900000,1572970800000,1486.545,3.2254285714285515,1,2,1490.185,1483.3195714285716,1499.4467142857143,1483.3195714285716,1.3490365807982605,-1.0,STOP
swing,HIGH_RECLAIM,2019,1572979500000,1572979800000,1572980100000,1572980400000,1573140600000,1479.275,4.196142857142831,1,2,1481.955,1475.0788571428573,1496.0595714285714,1475.0788571428573,2.051233041780133,-1.0,STOP
swing,HIGH_RECLAIM,2019,1573140300000,1573142100000,1573142700000,1573143000000,1573144500000,1467.945,3.9258571428571423,2,8,1470.975,1464.0191428571427,1483.6484285714284,1464.0191428571427,1.8219794212482558,-1.0,STOP
swing,HIGH_RECLAIM,2019,1573143300000,1573146000000,1573146300000,1573146600000,1573485000000,1460.498,4.531857142857153,1,10,1465.205,1455.9661428571428,1478.6254285714288,1455.9661428571428,1.452607001484446,-1.0,STOP
swing,HIGH_RECLAIM,2019,1573484400000,1573485300000,1573485600000,1573485900000,1573487400000,1452.415,2.1392857142857338,1,4,1454.615,1450.2757142857142,1460.972142857143,1450.2757142857142,1.4650205761316728,-1.0,STOP
swing,HIGH_RECLAIM,2019,1573486200000,1573487700000,1573488000000,1573488300000,1573586700000,1448.155,2.7692857142857292,1,6,1450.855,1445.3857142857141,1459.232142857143,1459.232142857143,1.5316703669844125,1.5316703669844125,TARGET
swing,HIGH_RECLAIM,2019,1573795800000,1573796700000,1573797600000,1573797900000,1574065200000,1463.265,2.9292142857143353,3,6,1464.695,1460.3357857142857,1474.9818571428575,1460.3357857142857,2.3597961624802832,-1.0,STOP
swing,HIGH_RECLAIM,2019,1574070600000,1574071500000,1574071800000,1574072100000,1574085900000,1457.985,2.1167857142857462,1,4,1459.015,1455.8682142857142,1466.452142857143,1466.452142857143,2.363409374645179,2.363409374645179,TARGET
swing,HIGH_RECLAIM,2019,1574150100000,1574150400000,1574151000000,1574151300000,1574157000000,1468.855,2.071785714285706,2,3,1470.438,1466.7832142857144,1477.1421428571427,1466.7832142857144,1.834346356049742,-1.0,STOP
swing,HIGH_RECLAIM,2019,1574259900000,1574260200000,1574261400000,1574261700000,1574264100000,1469.325,2.4853571428571968,4,5,1471.715,1466.8396428571427,1479.2664285714288,1466.8396428571427,1.5488975166655032,-1.0,STOP
swing,HIGH_RECLAIM,2019,1574263800000,1574264100000,1574264400000,1574264700000,1574349000000,1465.838,2.566285714285771,1,2,1468.975,1463.271714285714,1476.103142857143,1463.271714285714,1.2498309245297365,-1.0,STOP
swing,HIGH_RECLAIM,2019,1574348700000,1574349000000,1574349300000,1574349600000,1574636700000,1462.985,2.85928571428568,1,2,1467.008,1460.1257142857141,1474.4221428571427,1460.1257142857141,1.0772791431417585,-1.0,STOP
swing,HIGH_RECLAIM,2019,1574636400000,1574637900000,1574638200000,1574638500000,1574669400000,1459.585,2.870142857142842,1,6,1460.005,1456.7148571428572,1471.0655714285715,1456.7148571428572,3.3617298423863122,-1.0,STOP
swing,HIGH_RECLAIM,2019,1574668800000,1574669400000,1574670000000,1574670300000,1574689500000,1456.415,1.5110714285714428,2,4,1458.855,1454.9039285714284,1462.4592857142857,1454.9039285714284,0.9122299557081623,-1.0,STOP
swing,HIGH_RECLAIM,2019,1574687400000,1574689800000,1574690100000,1574690400000,1574732700000,1453.995,1.724928571428612,1,9,1455.985,1452.2700714285713,1460.8947142857144,1452.2700714285713,1.3216174123709856,-1.0,STOP
swing,HIGH_RECLAIM,2019,1574732700000,1574732700000,1574733000000,1574733300000,1574786100000,1451.575,2.4735714285714363,1,1,1453.595,1449.1014285714286,1461.469285714286,1461.469285714286,1.7523446192974583,1.7523446192974583,TARGET
swing,HIGH_RECLAIM,2019,1574858700000,1574858700000,1574859300000,1574859600000,1574860800000,1457.215,1.8061428571428775,2,2,1457.865,1455.408857142857,1464.4395714285715,1455.408857142857,2.6767870645028213,-1.0,STOP
swing,HIGH_RECLAIM,2019,1574871900000,1574871900000,1574872200000,1574872500000,1575040500000,1452.535,1.9780714285714436,1,1,1454.005,1450.5569285714287,1460.447285714286,1460.447285714286,1.868373625007801,1.868373625007801,TARGET
swing,HIGH_RECLAIM,2019,1575450600000,1575451800000,1575452100000,1575452400000,1575465300000,1472.665,1.8044285714285675,1,4,1475.585,1470.8605714285713,1479.8827142857142,1479.8827142857142,0.9096791751080524,0.9096791751080524,TARGET
swing,HIGH_RECLAIM,2019,1575474000000,1575474000000,1575474900000,1575475200000,1575639000000,1471.365,2.888428571428595,3,3,1472.925,1468.4765714285713,1482.9187142857145,1468.4765714285713,2.2465718231157368,-1.0,STOP
swing,HIGH_RECLAIM,2019,1575641400000,1575643200000,1575643500000,1575643800000,1576080300000,1460.435,2.728785714285761,1,7,1461.945,1457.7062142857142,1471.350142857143,1471.350142857143,2.218829516539474,2.218829516539474,TARGET
swing,HIGH_RECLAIM,2019,1576166700000,1576166700000,1576167600000,1576167900000,1576482000000,1464.608,3.4487857142857075,3,3,1467.045,1461.1592142857141,1478.4031428571427,1478.4031428571427,1.9297581340031202,1.9297581340031202,TARGET
swing,HIGH_RECLAIM,2019,1576512600000,1576512900000,1576514100000,1576514400000,1576675500000,1473.9,2.136142857142821,4,5,1474.555,1471.7638571428572,1482.4445714285714,1471.7638571428572,2.8266455113112587,-1.0,STOP
swing,HIGH_RECLAIM,2019,1576674300000,1576676700000,1576677000000,1576677300000,1576683000000,1470.405,1.5109285714285403,1,9,1472.355,1468.8940714285714,1476.4487142857142,1476.4487142857142,1.1828369760385817,1.1828369760385817,TARGET
swing,HIGH_RECLAIM,2019,1576858800000,1576859400000,1576860300000,1576860600000,1577082600000,1475.768,1.5468571428571392,3,5,1477.108,1474.221142857143,1481.9554285714287,1481.9554285714287,1.6791369754553909,1.6791369754553909,TARGET
swing,HIGH_RECLAIM,2020,1578324300000,1578325200000,1578327000000,1578327300000,1578361500000,1560.855,4.364285714285659,6,9,1564.945,1556.4907142857144,1578.3121428571426,1556.4907142857144,1.581108482595476,-1.0,STOP
swing,HIGH_RECLAIM,2020,1578361500000,1578363000000,1578363600000,1578363900000,1578432600000,1555.248,4.632499999999969,2,7,1557.538,1550.6155,1573.778,1573.778,2.3459732755507754,2.3459732755507754,TARGET
swing,HIGH_RECLAIM,2020,1578488100000,1578489600000,1578490200000,1578490500000,1578501300000,1568.038,9.426857142857134,2,7,1571.905,1558.6111428571428,1605.7454285714286,1558.6111428571428,2.545568844901513,-1.0,STOP
swing,HIGH_RECLAIM,2020,1578500700000,1578501900000,1578502500000,1578502800000,1578551700000,1552.568,6.821357142857161,2,6,1558.818,1545.746642857143,1579.8534285714286,1545.746642857143,1.609276553423798,-1.0,STOP
swing,HIGH_RECLAIM,2020,1578551100000,1578552000000,1578552300000,1578552600000,1578995700000,1540.105,5.860571428571428,1,4,1545.255,1534.2444285714287,1563.5472857142856,1543.895,1.661338453953325,-0.1235176583543203,864BAR_TIMEOUT
swing,HIGH_RECLAIM,2020,1579185300000,1579185600000,1579185900000,1579186200000,1579189200000,1550.618,2.1568571428571692,1,2,1553.098,1548.4611428571427,1559.2454285714286,1548.4611428571427,1.3257748474952191,-1.0,STOP
swing,HIGH_RECLAIM,2020,1579187700000,1579189500000,1579189800000,1579190100000,1579263300000,1547.975,2.36992857142861,1,7,1550.385,1545.6050714285714,1557.4547142857143,1557.4547142857143,1.4790418266859848,1.4790418266859848,TARGET
swing,HIGH_RECLAIM,2020,1579596000000,1579596900000,1579597200000,1579597500000,1579616100000,1552.545,3.1999999999998994,1,4,1555.465,1549.3450000000003,1565.3449999999996,1549.3450000000003,1.6143790849673525,-1.0,STOP
swing,HIGH_RECLAIM,2020,1579614600000,1579617000000,1579617300000,1579617600000,1579735800000,1546.238,4.1069285714284955,1,9,1549.415,1542.1310714285717,1562.665714285714,1562.665714285714,1.8191713655308137,1.8191713655308137,TARGET
swing,HIGH_RECLAIM,2020,1579764600000,1579765200000,1579765500000,1579765800000,1579796400000,1554.148,2.7061428571428547,1,3,1555.695,1551.441857142857,1564.9725714285714,1564.9725714285714,2.181344887814073,2.181344887814073,TARGET
swing,HIGH_RECLAIM,2020,1579853100000,1579853400000,1579853700000,1579854000000,1579878900000,1558.575,2.666214285714269,1,2,1559.525,1555.9087857142858,1569.239857142857,1569.239857142857,2.6864716455646067,2.6864716455646067,TARGET
swing,HIGH_RECLAIM,2020,1580197500000,1580197500000,1580197800000,1580198100000,1580213700000,1576.938,2.4462857142856853,1,1,1577.825,1574.4917142857144,1586.7231428571429,1574.4917142857144,2.6694809925856164,-1.0,STOP
swing,HIGH_RECLAIM,2020,1580213400000,1580213700000,1580214000000,1580214300000,1580225100000,1573.085,2.36371428571426,1,2,1575.175,1570.7212857142858,1582.539857142857,1570.7212857142858,1.6536438285861441,-1.0,STOP
swing,HIGH_RECLAIM,2020,1580224500000,1580226000000,1580226300000,1580226600000,1580260500000,1567.315,2.924071428571421,1,6,1569.695,1564.3909285714287,1579.0112857142858,1564.3909285714287,1.756440470258799,-1.0,STOP
swing,HIGH_RECLAIM,2020,1580260500000,1580262300000,1580262900000,1580263200000,1580328900000,1563.368,3.488357142857126,2,8,1565.715,1559.8796428571427,1577.3214285714284,1577.3214285714284,1.9889834139175862,1.9889834139175862,TARGET
swing,HIGH_RECLAIM,2020,1580394600000,1580394900000,1580395200000,1580395500000,1580398800000,1572.155,2.651642857142877,1,2,1576.795,1569.503357142857,1582.7615714285714,1582.7615714285714,0.8182753249806295,0.8182753249806295,TARGET
swing,HIGH_RECLAIM,2020,1580432400000,1580433000000,1580433300000,1580433600000,1580486100000,1570.905,4.4019285714286,1,3,1571.935,1566.5030714285713,1588.5127142857143,1588.5127142857143,3.051902113166816,3.051902113166816,TARGET
swing,HIGH_RECLAIM,2020,1580711400000,1580711400000,1580711700000,1580712000000,1580715600000,1578.945,4.785571428571432,1,1,1579.705,1574.1594285714284,1598.0872857142856,1574.1594285714284,3.3147685411782266,-1.0,STOP
swing,HIGH_RECLAIM,2020,1580713200000,1580715600000,1580715900000,1580716200000,1580742000000,1574.0,4.468928571428592,1,9,1575.265,1569.5310714285715,1591.8757142857144,1569.5310714285715,2.896916848333846,-1.0,STOP
swing,HIGH_RECLAIM,2020,1580742000000,1580742000000,1580742300000,1580742600000,1580808900000,1569.188,3.788357142857129,1,1,1574.935,1565.399642857143,1584.3414285714287,1565.399642857143,0.986478894340637,-1.0,STOP
swing,HIGH_RECLAIM,2020,1580808900000,1580808900000,1580809200000,1580809500000,1580824500000,1565.395,3.2514285714285376,1,1,1567.335,1562.1435714285715,1578.4007142857142,1562.1435714285715,2.131535498073735,-1.0,STOP
swing,HIGH_RECLAIM,2020,1580823600000,1580825400000,1580826000000,1580826300000,1580829900000,1558.165,3.663857142857101,2,8,1560.845,1554.501142857143,1572.8204285714285,1554.501142857143,1.8877204044407234,-1.0,STOP
swing,HIGH_RECLAIM,2020,1580829600000,1580830500000,1580831400000,1580831700000,1580986500000,1551.165,3.8317142857142374,3,6,1554.305,1547.3332857142857,1566.4918571428568,1566.4918571428568,1.7480431129870955,1.7480431129870955,TARGET
swing,HIGH_RECLAIM,2020,1581057000000,1581057000000,1581058800000,1581059100000,1581082200000,1562.795,2.0637142857142896,6,6,1564.278,1560.7312857142858,1571.0498571428573,1560.7312857142858,1.9093325814638098,-1.0,STOP
swing,HIGH_RECLAIM,2020,1581082200000,1581082200000,1581082800000,1581083100000,1581085200000,1559.875,2.741785714285714,2,2,1568.628,1557.1332142857143,1570.8421428571428,1570.8421428571428,0.19262149918907506,0.19262149918907506,TARGET
swing,HIGH_RECLAIM,2020,1581386700000,1581389100000,1581389400000,1581389700000,1581435600000,1566.838,2.1052857142857255,1,9,1567.575,1564.7327142857143,1575.259142857143,1564.7327142857143,2.7035082428629034,-1.0,STOP
swing,HIGH_RECLAIM,2020,1581435600000,1581436800000,1581437400000,1581437700000,1581565200000,1561.925,2.9479285714285846,2,6,1564.355,1558.9770714285714,1573.7167142857143,1573.7167142857143,1.740765828585078,1.740765828585078,TARGET
swing,HIGH_RECLAIM,2020,1581926100000,1581928200000,1581928500000,1581928800000,1581986400000,1578.798,1.8508571428571454,1,8,1580.368,1576.9471428571428,1586.2014285714286,1586.2014285714286,1.705253487012463,1.705253487012463,TARGET
swing,HIGH_RECLAIM,2020,1582182900000,1582183200000,1582183500000,1582183800000,1582199700000,1603.785,3.085928571428521,1,2,1605.305,1600.6990714285716,1616.128714285714,1616.128714285714,2.349952700711831,2.349952700711831,TARGET
swing,HIGH_RECLAIM,2020,1582572300000,1582572600000,1582573200000,1582573500000,1582589400000,1651.325,7.480785714285681,2,3,1659.975,1643.8442142857143,1681.2481428571427,1643.8442142857143,1.3187914856684948,-1.0,STOP
swing,HIGH_RECLAIM,2020,1582724100000,1582725300000,1582725600000,1582725900000,1582728000000,1631.158,5.919571428571397,1,5,1635.175,1625.2384285714286,1654.8362857142854,1625.2384285714286,1.9786790499741058,-1.0,STOP
swing,HIGH_RECLAIM,2020,1582727400000,1582728000000,1582728300000,1582728600000,1582742400000,1624.785,5.919571428571397,1,3,1633.355,1618.8654285714288,1648.4632857142856,1648.4632857142856,1.042700661559547,1.042700661559547,TARGET
swing,HIGH_RECLAIM,2020,1582824900000,1582825800000,1582826100000,1582826400000,1582869000000,1638.085,6.113071428571418,1,4,1640.745,1631.9719285714286,1662.5372857142856,1631.9719285714286,2.4839972969232678,-1.0,STOP
swing,HIGH_RECLAIM,2020,1582868700000,1582870200000,1582870800000,1582871100000,1582892700000,1626.598,8.542928571428563,2,7,1632.968,1618.0550714285714,1660.7697142857141,1618.0550714285714,1.864269258217915,-1.0,STOP
swing,HIGH_RECLAIM,2020,1582900500000,1582900800000,1582901400000,1582901700000,1582902900000,1613.785,9.258285714285714,2,3,1619.495,1604.5267142857144,1650.818142857143,1604.5267142857144,2.09263394987502,-1.0,STOP
swing,HIGH_RECLAIM,2020,1582902000000,1582902900000,1582903200000,1582903500000,1582904100000,1604.5,9.953000000000007,1,4,1611.588,1594.547,1644.3120000000001,1594.547,1.92030984097179,-1.0,STOP
swing,HIGH_RECLAIM,2020,1582903800000,1582904400000,1582905600000,1582905900000,1583247600000,1571.265,9.953000000000007,4,6,1589.815,1561.3120000000001,1611.0770000000002,1611.0770000000002,0.7459565659755192,0.7459565659755192,TARGET
swing,HIGH_RECLAIM,2020,1583802000000,1583802000000,1583802600000,1583802900000,1583820000000,1661.485,10.321285714285684,2,2,1668.468,1651.1637142857141,1702.7701428571427,1651.1637142857141,1.9822917526623898,-1.0,STOP
swing,HIGH_RECLAIM,2020,1583819700000,1583820000000,1583820300000,1583820600000,1583947800000,1649.248,8.076999999999998,1,2,1658.515,1641.171,1681.556,1641.171,1.3284709409594022,-1.0,STOP
swing,HIGH_RECLAIM,2020,1583947500000,1583947800000,1583948400000,1583948700000,1583954100000,1639.748,6.651999999999995,2,3,1645.465,1633.096,1666.356,1633.096,1.688980515805661,-1.0,STOP
swing,HIGH_RECLAIM,2020,1583953200000,1583954100000,1583954400000,1583954700000,1584014400000,1632.935,7.164428571428549,1,4,1642.545,1625.7705714285714,1661.5927142857142,1625.7705714285714,1.1355209034159015,-1.0,STOP
swing,HIGH_RECLAIM,2020,1584019800000,1584020700000,1584021300000,1584021600000,1584022500000,1585.915,9.16878571428567,2,5,1597.015,1576.7462142857144,1622.5901428571426,1576.7462142857144,1.2617994594080082,-1.0,STOP
swing,HIGH_RECLAIM,2020,1584022200000,1584022800000,1584023100000,1584023400000,1584028200000,1574.375,10.683071428571386,1,3,1579.718,1563.6919285714287,1617.1072857142856,1563.6919285714287,2.33302877008445,-1.0,STOP
swing,HIGH_RECLAIM,2020,1584025500000,1584028500000,1584028800000,1584029100000,1584114000000,1560.508,12.55949999999999,1,11,1571.898,1547.9485,1610.746,1547.9485,1.6220797928975668,-1.0,STOP
swing,HIGH_RECLAIM,2020,1584116700000,1584117600000,1584118200000,1584118500000,1584310500000,1504.398,17.172071428571403,2,5,1524.795,1487.2259285714285,1573.0862857142856,1573.0862857142856,1.2854000346029235,1.2854000346029235,TARGET
swing,HIGH_RECLAIM,2020,1584354000000,1584356400000,1584357000000,1584357300000,1584457500000,1464.985,20.90207142857147,2,10,1479.785,1444.0829285714285,1548.5932857142857,1548.5932857142857,1.9272911335676692,1.9272911335676692,TARGET
swing,HIGH_RECLAIM,2020,1584517200000,1584517800000,1584518400000,1584518700000,1584548100000,1494.678,11.559071428571428,2,4,1507.088,1483.1189285714286,1540.9142857142858,1483.1189285714286,1.4112472322963898,-1.0,STOP
swing,HIGH_RECLAIM,2020,1584548100000,1584548100000,1584549000000,1584549300000,1584588300000,1482.748,16.861214285714272,3,3,1490.868,1465.8867857142857,1550.192857142857,1465.8867857142857,2.374778762327122,-1.0,STOP
swing,HIGH_RECLAIM,2020,1584588300000,1584588300000,1584589200000,1584589500000,1584975900000,1464.898,17.41428571428573,3,3,1472.988,1447.483714285714,1534.5551428571428,1534.5551428571428,2.4139920461546773,2.4139920461546773,TARGET
swing,HIGH_RECLAIM,2020,1585124100000,1585124100000,1585125600000,1585125900000,1585570200000,1594.682,14.309928571428552,5,5,1604.986,1580.3720714285714,1651.9217142857142,1617.388,1.9068761879887812,0.5038610542811027,864BAR_TIMEOUT
swing,HIGH_RECLAIM,2020,1585596000000,1585596300000,1585596900000,1585597200000,1585644000000,1611.338,6.474785714285742,2,3,1614.138,1604.8632142857143,1637.237142857143,1604.8632142857143,2.490531163600292,-1.0,STOP
swing,HIGH_RECLAIM,2020,1585649700000,1585651800000,1585652100000,1585652400000,1585674900000,1594.898,6.145357142857149,1,8,1600.528,1588.7526428571427,1619.4794285714286,1588.7526428571427,1.6094143338084788,-1.0,STOP
swing,HIGH_RECLAIM,2020,1585674000000,1585674900000,1585675200000,1585675500000,1585682700000,1588.318,7.503714285714295,1,4,1593.258,1580.8142857142857,1618.3328571428572,1580.8142857142857,2.015062108235931,-1.0,STOP
swing,HIGH_RECLAIM,2020,1585680300000,1585683300000,1585683600000,1585683900000,1585692000000,1577.898,8.78135714285718,1,11,1582.765,1569.1166428571428,1613.0234285714287,1569.1166428571428,2.2170015229462177,-1.0,STOP
swing,HIGH_RECLAIM,2020,1585747200000,1585747800000,1585749000000,1585749300000,1585778700000,1571.765,5.642428571428566,4,6,1581.148,1566.1225714285715,1594.3347142857144,1594.3347142857144,0.877626499838395,0.877626499838395,TARGET
swing,HIGH_RECLAIM,2020,1585918500000,1585918500000,1585918800000,1585919100000,1586159400000,1605.625,6.498214285714247,1,1,1611.938,1599.1267857142857,1631.617857142857,1631.617857142857,1.536142999715618,1.536142999715618,TARGET
swing,HIGH_RECLAIM,2020,1586245500000,1586246400000,1586246700000,1586247000000,1586439600000,1643.138,9.658785714285727,1,4,1650.915,1633.479214285714,1681.7731428571428,1681.7731428571428,1.7698165923121818,1.7698165923121818,TARGET
swing,HIGH_RECLAIM,2020,1586917800000,1586917800000,1586918700000,1586919000000,1586933400000,1719.645,8.937142857142817,3,3,1721.098,1710.7078571428572,1755.3935714285712,1710.7078571428572,3.300779585046274,-1.0,STOP
swing,HIGH_RECLAIM,2020,1586935500000,1586935800000,1586936100000,1586936400000,1587038100000,1707.958,7.151357142857121,1,2,1712.458,1700.806642857143,1736.5634285714286,1736.5634285714286,2.068894488073144,2.068894488073144,TARGET
swing,HIGH_RECLAIM,2020,1587058800000,1587058800000,1587060300000,1587060600000,1587102900000,1708.168,8.340142857142837,5,5,1716.598,1699.827857142857,1741.5285714285712,1699.827857142857,1.4866045949007891,-1.0,STOP
swing,HIGH_RECLAIM,2020,1587102900000,1587103800000,1587104100000,1587104400000,1587336600000,1684.818,9.296214285714314,1,4,1689.928,1675.5217857142857,1722.0028571428572,1675.5217857142857,2.2264598114900562,-1.0,STOP
swing,HIGH_RECLAIM,2020,1587334800000,1587337200000,1587338400000,1587338700000,1587467700000,1674.828,7.934500000000022,4,12,1676.588,1666.8935,1706.566,1666.8935,3.0922688122130975,-1.0,STOP
swing,HIGH_RECLAIM,2020,1587467700000,1587467700000,1587468000000,1587468300000,1587478800000,1659.298,6.075714285714298,1,1,1677.648,1653.2222857142856,1683.6008571428572,1683.6008571428572,0.24371271493742497,0.24371271493742497,TARGET
swing,HIGH_RECLAIM,2020,1587704700000,1587704700000,1587705300000,1587705600000,1587741300000,1720.768,6.539714285714273,2,2,1723.808,1714.2282857142857,1746.9268571428572,1714.2282857142857,2.4133138477139195,-1.0,STOP
swing,HIGH_RECLAIM,2020,1587741000000,1587743700000,1587744000000,1587744300000,1588036200000,1710.508,6.5097857142857105,1,10,1714.108,1703.9982142857143,1736.547142857143,1703.9982142857143,2.2195468322771035,-1.0,STOP
swing,HIGH_RECLAIM,2020,1588035900000,1588038000000,1588038600000,1588038900000,1588050000000,1700.185,5.598785714285766,2,9,1703.888,1694.5862142857143,1722.580142857143,1694.5862142857143,2.0095219811864555,-1.0,STOP
swing,HIGH_RECLAIM,2020,1588050000000,1588050300000,1588050900000,1588051200000,1588065900000,1692.258,5.260214285714336,2,3,1695.185,1686.9977857142858,1713.2988571428573,1713.2988571428573,2.2124567051413493,2.2124567051413493,TARGET
swing,HIGH_RECLAIM,2020,1588082400000,1588082400000,1588083000000,1588083300000,1588227900000,1691.678,6.980428571428547,2,2,1699.375,1684.6975714285716,1719.5997142857143,1719.5997142857143,1.377946701446355,1.377946701446355,TARGET
swing,HIGH_RECLAIM,2020,1588267500000,1588269000000,1588269900000,1588270200000,1588312500000,1683.418,7.7750714285714855,3,8,1684.928,1675.6429285714285,1714.5182857142859,1675.6429285714285,3.1868667830849096,-1.0,STOP
swing,HIGH_RECLAIM,2020,1588311300000,1588313100000,1588313400000,1588313700000,1588357800000,1670.418,7.4506428571428716,1,7,1675.135,1662.967357142857,1700.2205714285715,1700.2205714285715,2.061662371512257,2.061662371512257,TARGET
swing,HIGH_RECLAIM,2020,1588753500000,1588753500000,1588753800000,1588754100000,1588768800000,1700.508,3.974428571428575,1,1,1703.698,1696.5335714285716,1716.4057142857143,1696.5335714285716,1.7737233554664993,-1.0,STOP
swing,HIGH_RECLAIM,2020,1588767600000,1588768800000,1588769400000,1588769700000,1588770000000,1694.478,3.718142857142863,2,6,1697.238,1690.7598571428573,1709.3505714285716,1690.7598571428573,1.8697598518094252,-1.0,STOP
swing,HIGH_RECLAIM,2020,1588770000000,1588771200000,1588771500000,1588771800000,1588802400000,1685.578,4.257428571428575,1,5,1691.278,1681.3205714285714,1702.6077142857143,1681.3205714285714,1.1378152707239348,-1.0,STOP
swing,HIGH_RECLAIM,2020,1588802400000,1588802400000,1588804200000,1588804500000,1588866300000,1681.308,6.431785714285719,6,6,1688.248,1674.8762142857142,1707.0351428571428,1707.0351428571428,1.404983841243537,1.404983841243537,TARGET
swing,HIGH_RECLAIM,2020,1588964100000,1588965900000,1588966200000,1588966500000,1589192700000,1701.578,6.537714285714303,1,7,1705.245,1695.0402857142856,1727.7288571428571,1695.0402857142856,2.2032813965534155,-1.0,STOP
swing,HIGH_RECLAIM,2020,1589190300000,1589192700000,1589193000000,1589193300000,1589374800000,1693.738,4.932428571428561,1,9,1697.158,1688.8055714285715,1713.4677142857142,1713.4677142857142,1.9526912617374386,1.9526912617374386,TARGET
swing,HIGH_RECLAIM,2020,1589806500000,1589806800000,1589807100000,1589807400000,1589807700000,1748.028,5.962571428571437,1,2,1751.028,1742.0654285714286,1771.8782857142858,1742.0654285714286,2.326373170964967,-1.0,STOP
swing,HIGH_RECLAIM,2020,1589807400000,1589807700000,1589808000000,1589808300000,1589809500000,1741.108,5.962571428571437,1,2,1746.838,1735.1454285714285,1764.9582857142857,1735.1454285714285,1.5497263219626602,-1.0,STOP
swing,HIGH_RECLAIM,2020,1589809500000,1589810100000,1589810700000,1589811000000,1590069600000,1731.698,6.354000000000009,2,4,1738.268,1725.344,1757.114,1725.344,1.458217270194989,-1.0,STOP
swing,HIGH_RECLAIM,2020,1590069600000,1590072300000,1590072600000,1590072900000,1590131100000,1717.155,4.743214285714283,1,10,1722.425,1712.4117857142858,1736.127857142857,1736.127857142857,1.3684773691907175,1.3684773691907175,TARGET
swing,HIGH_RECLAIM,2020,1590366300000,1590366300000,1590366900000,1590367200000,1590413700000,1727.415,4.603357142857119,2,2,1729.265,1722.811642857143,1745.8284285714285,1722.811642857143,2.5666375197847975,-1.0,STOP
swing,HIGH_RECLAIM,2020,1590487200000,1590487200000,1590487500000,1590487800000,1590501600000,1720.175,3.8360714285714232,1,1,1722.315,1716.3389285714286,1735.5192857142856,1716.3389285714286,2.2095260861769788,-1.0,STOP
swing,HIGH_RECLAIM,2020,1590504300000,1590506100000,1590506400000,1590506700000,1590579000000,1709.015,5.292142857142884,1,7,1711.658,1703.7228571428573,1730.1835714285717,1703.7228571428573,2.3346235552516106,-1.0,STOP
swing,HIGH_RECLAIM,2020,1590585000000,1590585300000,1590586200000,1590586500000,1590597000000,1693.598,4.074785714285683,3,4,1697.868,1689.5232142857142,1709.8971428571426,1709.8971428571426,1.441516087890613,1.441516087890613,TARGET
swing,HIGH_RECLAIM,2020,1590687600000,1590688500000,1590689100000,1590689400000,1590754800000,1712.135,4.744642857142837,2,5,1714.165,1707.390357142857,1731.1135714285713,1731.1135714285713,2.5017660393272876,2.5017660393272876,TARGET
swing,HIGH_RECLAIM,2020,1591016700000,1591017000000,1591017300000,1591017600000,1591115100000,1728.635,4.421714285714286,1,2,1731.678,1724.2132857142858,1746.3218571428572,1724.2132857142858,1.9617438233211357,-1.0,STOP
swing,HIGH_RECLAIM,2020,1591115400000,1591115400000,1591115700000,1591116000000,1591173300000,1721.215,4.563500000000009,1,1,1725.818,1716.6515,1739.469,1716.6515,1.4892270768559435,-1.0,STOP
swing,HIGH_RECLAIM,2020,1591188000000,1591190100000,1591190400000,1591190700000,1591193400000,1702.735,5.704357142857134,1,8,1706.435,1697.0306428571428,1725.5524285714284,1697.0306428571428,2.032826729251622,-1.0,STOP
swing,HIGH_RECLAIM,2020,1591192800000,1591194900000,1591195200000,1591195500000,1591267800000,1689.245,5.876142857142862,1,8,1693.788,1683.368857142857,1712.7495714285712,1712.7495714285712,1.8198782460854557,1.8198782460854557,TARGET
swing,HIGH_RECLAIM,2020,1591350000000,1591352100000,1591352400000,1591352700000,1591360200000,1701.825,4.0152142857143,1,8,1704.748,1697.8097857142857,1717.8858571428573,1697.8097857142857,1.8935502136202096,-1.0,STOP
swing,HIGH_RECLAIM,2020,1591359000000,1591360800000,1591361100000,1591361400000,1591367100000,1682.008,4.104499999999997,1,7,1691.598,1677.9035000000001,1698.426,1677.9035000000001,0.49859432618935023,-1.0,STOP
swing,HIGH_RECLAIM,2020,1591365300000,1591368300000,1591368600000,1591368900000,1591599900000,1670.745,6.231642857142837,1,11,1674.995,1664.513357142857,1695.6715714285713,1695.6715714285713,1.972646054667011,1.972646054667011,TARGET
swing,HIGH_RECLAIM,2020,1591808400000,1591808400000,1591810200000,1591810500000,1591812000000,1712.638,4.232428571428549,6,6,1714.868,1708.4055714285714,1729.5677142857141,1708.4055714285714,2.274642438711681,-1.0,STOP
swing,HIGH_RECLAIM,2020,1591812000000,1591812000000,1591812300000,1591812600000,1591812600000,1707.695,4.233428571428557,1,1,1722.568,1703.4615714285715,1724.628714285714,1724.628714285714,0.10785449923360595,0.10785449923360595,TARGET
swing,HIGH_RECLAIM,2020,1591874400000,1591875000000,1591875900000,1591876200000,1591881900000,1721.445,4.111999999999966,3,5,1727.538,1717.333,1737.8929999999998,1737.8929999999998,1.014698677119046,1.014698677119046,TARGET
swing,HIGH_RECLAIM,2020,1592189700000,1592189700000,1592190600000,1592190900000,1592200500000,1726.588,5.2709285714286125,3,3,1729.415,1721.3170714285714,1747.6717142857144,1721.3170714285714,2.2544918894602772,-1.0,STOP
swing,HIGH_RECLAIM,2020,1592205600000,1592205900000,1592206200000,1592206500000,1592216100000,1715.268,4.287714285714336,1,2,1718.885,1710.9802857142856,1732.4188571428574,1710.9802857142856,1.7121247718359927,-1.0,STOP
swing,HIGH_RECLAIM,2020,1592213400000,1592216400000,1592216700000,1592217000000,1592272200000,1707.918,5.105142857142904,1,11,1711.395,1702.812857142857,1728.3385714285714,1728.3385714285714,1.9742821473158165,1.9742821473158165,TARGET
swing,HIGH_RECLAIM,2020,1592310600000,1592310600000,1592311500000,1592311800000,1592386200000,1719.685,4.297928571428591,3,3,1726.725,1715.3870714285713,1736.8767142857143,1715.3870714285713,0.8953764545048003,-1.0,STOP
swing,HIGH_RECLAIM,2020,1592480700000,1592480700000,1592481300000,1592481600000,1592576700000,1718.108,5.031642857142856,2,2,1722.018,1713.076357142857,1738.2345714285714,1738.2345714285714,1.8136008882994803,1.8136008882994803,TARGET
swing,HIGH_RECLAIM,2020,1592895600000,1592895600000,1592896800000,1592897100000,1592918400000,1747.295,4.380357142857163,4,4,1752.318,1742.914642857143,1764.8164285714288,1764.8164285714288,1.3291453660167445,1.3291453660167445,TARGET
swing,HIGH_RECLAIM,2020,1593002700000,1593004800000,1593005400000,1593005700000,1593036000000,1761.748,4.675642857142845,2,9,1765.838,1757.0723571428573,1780.4505714285715,1757.0723571428573,1.6670279255861427,-1.0,STOP
swing,HIGH_RECLAIM,2020,1593032100000,1593036000000,1593036600000,1593036900000,1593480300000,1753.548,6.803642857142839,2,3,1762.708,1746.744357142857,1780.7625714285714,1769.408,1.1309806658880952,0.4197037017150431,864BAR_TIMEOUT
swing,HIGH_RECLAIM,2020,1593516900000,1593518100000,1593518400000,1593518700000,1593527400000,1764.425,2.905285714285713,1,5,1767.738,1761.5197142857141,1776.0461428571427,1776.0461428571427,1.3360825215952246,1.3360825215952246,TARGET
swing,HIGH_RECLAIM,2020,1593602400000,1593602400000,1593602700000,1593603000000,1593606000000,1779.085,3.319928571428623,1,1,1782.078,1775.7650714285714,1792.3647142857146,1775.7650714285714,1.6294678720540172,-1.0,STOP
swing,HIGH_RECLAIM,2020,1593608700000,1593609000000,1593609300000,1593609600000,1593611400000,1772.528,3.940142857142892,1,2,1775.678,1768.587857142857,1788.2885714285717,1768.587857142857,1.778606113114756,-1.0,STOP
swing,HIGH_RECLAIM,2020,1593611400000,1593614100000,1593614400000,1593614700000,1594037400000,1761.538,4.83800000000003,1,10,1764.568,1756.7,1780.89,1780.89,2.074478901881068,2.074478901881068,TARGET
swing,HIGH_RECLAIM,2020,1594110000000,1594110600000,1594111200000,1594111500000,1594129800000,1774.555,2.700928571428579,2,4,1778.608,1771.8540714285714,1785.3587142857143,1785.3587142857143,0.9995240865105102,0.9995240865105102,TARGET
swing,HIGH_RECLAIM,2020,1594297200000,1594297800000,1594298100000,1594298400000,1594306800000,1804.785,3.8227142857142877,1,3,1809.965,1800.9622857142858,1820.0758571428573,1800.9622857142858,1.123089861787769,-1.0,STOP
swing,HIGH_RECLAIM,2020,1594306800000,1594307100000,1594307400000,1594307700000,1594721700000,1795.258,4.660499999999972,1,2,1801.445,1790.5975,1813.8999999999999,1790.5975,1.1481908273795893,-1.0,STOP
swing,HIGH_RECLAIM,2020,1594788900000,1594789200000,1594790400000,1594790700000,1594820100000,1805.598,3.007428571428542,4,5,1806.975,1802.5905714285714,1817.627714285714,1802.5905714285714,2.4296699358117935,-1.0,STOP
swing,HIGH_RECLAIM,2020,1594818900000,1594820100000,1594821900000,1594822200000,1594919100000,1802.228,3.2627857142857204,6,10,1806.065,1798.9652142857144,1815.279142857143,1798.9652142857144,1.2978057687857913,-1.0,STOP
swing,HIGH_RECLAIM,2020,1594918200000,1594919400000,1594919700000,1594920000000,1594998600000,1796.148,3.6023571428571586,1,5,1799.285,1792.5456428571429,1810.5574285714285,1810.5574285714285,1.6726266812222104,1.6726266812222104,TARGET
swing,HIGH_RECLAIM,2020,1595921400000,1595922600000,1595924100000,1595924400000,1595948100000,1906.645,11.334214285714276,5,9,1923.895,1895.3107857142857,1951.981857142857,1951.981857142857,0.9826002863718447,0.9826002863718447,TARGET
swing,HIGH_RECLAIM,2020,1596031800000,1596032100000,1596032700000,1596033000000,1596046200000,1941.328,6.3792142857142995,2,3,1949.918,1934.9487857142856,1966.844857142857,1966.844857142857,1.1307779299419312,1.1307779299419312,TARGET
swing,HIGH_RECLAIM,2020,1596093000000,1596094200000,1596094500000,1596094800000,1596178800000,1947.337,8.393285714285705,1,5,1952.275,1938.9437142857143,1980.9101428571428,1980.9101428571428,2.1479655804284055,2.1479655804284055,TARGET
swing,HIGH_RECLAIM,2020,1596449400000,1596451800000,1596452400000,1596452700000,1596551700000,1965.858,5.537357142857169,2,10,1968.735,1960.3206428571427,1988.0074285714286,1988.0074285714286,2.2904219828354666,2.2904219828354666,TARGET
swing,HIGH_RECLAIM,2020,1596772800000,1596772800000,1596774600000,1596774900000,1596808800000,2047.185,8.856714285714231,6,6,2057.148,2038.3282857142858,2082.611857142857,2038.3282857142858,1.353041643261604,-1.0,STOP
swing,HIGH_RECLAIM,2020,1596814500000,1596814500000,1596814800000,1596815100000,1596820800000,2028.288,11.494428571428589,1,1,2032.985,2016.7935714285713,2074.2657142857142,2016.7935714285713,2.549541203458625,-1.0,STOP
swing,HIGH_RECLAIM,2020,1596819300000,1596822000000,1596822300000,1596822600000,1597126200000,2015.385,12.298000000000002,1,10,2018.735,2003.087,2064.577,2003.087,2.9295756646217144,-1.0,STOP
swing,HIGH_RECLAIM,2020,1597144200000,1597146000000,1597146600000,1597146900000,1597149600000,1974.008,9.132142857142835,2,8,1980.488,1964.8758571428573,2010.5365714285713,1964.8758571428573,1.9246923182504434,-1.0,STOP
swing,HIGH_RECLAIM,2020,1597148700000,1597150200000,1597150500000,1597150800000,1597151100000,1953.118,9.912428571428547,1,6,1963.165,1943.2055714285714,1992.7677142857142,1943.2055714285714,1.4831443785965774,-1.0,STOP
swing,HIGH_RECLAIM,2020,1597151100000,1597151400000,1597152000000,1597152300000,1597168500000,1938.098,11.733142857142834,2,3,1952.748,1926.364857142857,1985.0305714285712,1926.364857142857,1.22360598217475,-1.0,STOP
swing,HIGH_RECLAIM,2020,1597168200000,1597170600000,1597171800000,1597172100000,1597196700000,1910.0,15.356214285714291,4,12,1917.585,1894.6437857142857,1971.4248571428573,1894.6437857142857,2.3468616993122198,-1.0,STOP
swing,HIGH_RECLAIM,2020,1597196400000,1597197900000,1597198200000,1597198500000,1597329300000,1872.478,19.37728571428574,1,6,1882.498,1853.1007142857143,1949.987142857143,1949.987142857143,2.295761027500108,2.295761027500108,TARGET
swing,HIGH_RECLAIM,2020,1597422900000,1597424400000,1597424700000,1597425000000,1597671000000,1932.025,8.821714285714295,1,6,1937.645,1923.2032857142858,1967.3118571428572,1967.3118571428572,2.0542476160329426,2.0542476160329426,TARGET
swing,HIGH_RECLAIM,2020,1597760700000,1597761000000,1597761600000,1597761900000,1597767600000,1975.898,7.746928571428596,2,3,1991.205,1968.1510714285714,2006.8857142857144,2006.8857142857144,0.6801753652151091,0.6801753652151091,TARGET
swing,HIGH_RECLAIM,2020,1597815600000,1597815900000,1597816800000,1597817100000,1597848000000,1984.125,8.968428571428603,3,4,1991.835,1975.1565714285714,2019.9987142857144,1975.1565714285714,1.6886311660057032,-1.0,STOP
swing,HIGH_RECLAIM,2020,1597848000000,1597850700000,1597851000000,1597851300000,1597860900000,1953.858,10.205071428571387,1,10,1961.495,1943.6529285714287,1994.6782857142855,1943.6529285714287,1.8598336996425142,-1.0,STOP
swing,HIGH_RECLAIM,2020,1597860300000,1597862400000,1597863000000,1597863300000,1598009700000,1934.535,10.908428571428544,2,9,1942.915,1923.6265714285714,1978.1687142857143,1923.6265714285714,1.8277131366696575,-1.0,STOP
swing,HIGH_RECLAIM,2020,1598008800000,1598011500000,1598011800000,1598012100000,1598021700000,1911.238,8.118428571428533,1,10,1918.098,1903.1195714285716,1943.7117142857142,1943.7117142857142,1.7100401529819247,1.7100401529819247,TARGET
swing,HIGH_RECLAIM,2020,1598280600000,1598281500000,1598281800000,1598282100000,1598364000000,1927.248,7.977142857142894,1,4,1931.515,1919.270857142857,1959.1565714285716,1919.270857142857,2.2575342146098714,-1.0,STOP
swing,HIGH_RECLAIM,2020,1598364000000,1598364600000,1598365200000,1598365500000,1598444100000,1915.028,6.188714285714306,2,4,1920.595,1908.8392857142858,1939.7828571428572,1908.8392857142858,1.632215336006814,-1.0,STOP
swing,HIGH_RECLAIM,2020,1598444100000,1598445000000,1598446500000,1598446800000,1598448600000,1902.678,5.233857142857103,5,8,1911.525,1897.444142857143,1923.6134285714286,1923.6134285714286,0.8585009029482824,0.8585009029482824,TARGET
swing,HIGH_RECLAIM,2020,1598508900000,1598508900000,1598510100000,1598510400000,1598534100000,1936.788,5.843785714285706,4,4,1941.175,1930.9442142857142,1960.163142857143,1960.163142857143,1.855980897989969,1.855980897989969,TARGET
swing,HIGH_RECLAIM,2020,1598535900000,1598537100000,1598537700000,1598538000000,1598596800000,1909.778,9.252857142857156,2,6,1928.795,1900.5251428571428,1946.7894285714287,1946.7894285714287,0.6365235056016253,0.6365235056016253,TARGET
swing,HIGH_RECLAIM,2020,1598858400000,1598859900000,1598860200000,1598860500000,1598925300000,1954.125,5.4202142857142395,1,6,1958.425,1948.7047857142857,1975.805857142857,1975.805857142857,1.788114606526877,1.788114606526877,TARGET
swing,HIGH_RECLAIM,2020,1598971200000,1598971500000,1598971800000,1598972100000,1599031800000,1964.098,6.190428571428567,1,2,1974.555,1957.9075714285714,1988.8597142857143,1957.9075714285714,0.8592747056602381,-1.0,STOP
swing,HIGH_RECLAIM,2020,1599031500000,1599031800000,1599032700000,1599033000000,1599053700000,1955.905,5.648999999999985,3,4,1961.908,1950.256,1978.501,1950.256,1.4240473738414294,-1.0,STOP
swing,HIGH_RECLAIM,2020,1599056700000,1599057600000,1599057900000,1599058200000,1599115200000,1938.588,8.396071428571418,1,4,1943.288,1930.1919285714284,1972.1722857142856,1930.1919285714284,2.205568736534916,-1.0,STOP
swing,HIGH_RECLAIM,2020,1599114900000,1599115800000,1599116100000,1599116400000,1599146400000,1927.618,5.93171428571426,1,4,1929.745,1921.6862857142858,1951.3448571428569,1921.6862857142858,2.680310577724235,-1.0,STOP
swing,HIGH_RECLAIM,2020,1599223200000,1599223200000,1599223500000,1599223800000,1599224400000,1925.038,5.54135714285709,1,1,1932.268,1919.496642857143,1947.2034285714283,1919.496642857143,1.1694472564163976,-1.0,STOP
swing,HIGH_RECLAIM,2020,1599224400000,1599224700000,1599225000000,1599225300000,1599565500000,1916.198,6.8877857142856715,1,2,1923.625,1909.3102142857144,1943.7491428571427,1909.3102142857144,1.4058291377047758,-1.0,STOP
swing,HIGH_RECLAIM,2020,1599565200000,1599565500000,1599565800000,1599566100000,1599578700000,1907.718,5.133285714285713,1,2,1914.578,1902.5847142857144,1928.251142857143,1928.251142857143,1.1400664657606252,1.1400664657606252,TARGET
swing,HIGH_RECLAIM,2020,1599648600000,1599650100000,1599650400000,1599650700000,1599657000000,1919.935,4.897571428571415,1,6,1924.475,1915.0374285714286,1939.5252857142857,1939.5252857142857,1.5947201913325382,1.5947201913325382,TARGET
swing,HIGH_RECLAIM,2020,1599720000000,1599720000000,1599720300000,1599720600000,1599741300000,1942.605,3.753857142857149,1,1,1944.378,1938.8511428571428,1957.6204285714286,1957.6204285714286,2.396014267990109,2.396014267990109,TARGET
swing,HIGH_RECLAIM,2020,1599765900000,1599766500000,1599766800000,1599767100000,1600167300000,1941.548,7.197214285714267,1,3,1943.138,1934.3507857142858,1970.336857142857,1970.336857142857,3.095276416221697,3.095276416221697,TARGET
swing,HIGH_RECLAIM,2020,1600177800000,1600178700000,1600179000000,1600179300000,1600261800000,1949.718,5.493999999999995,1,4,1951.735,1944.2240000000002,1971.694,1971.694,2.657302622819964,2.657302622819964,TARGET
swing,HIGH_RECLAIM,2020,1600279800000,1600279800000,1600280100000,1600280400000,1600307400000,1954.985,5.453714285714308,1,1,1965.298,1949.5312857142856,1976.799857142857,1949.5312857142856,0.7295024780957935,-1.0,STOP
swing,HIGH_RECLAIM,2020,1600335000000,1600335000000,1600335300000,1600335600000,1600681200000,1936.795,6.537714285714271,1,1,1939.635,1930.257285714286,1962.9458571428572,1930.257285714286,2.4857717384681615,-1.0,STOP
swing,HIGH_RECLAIM,2020,1600680300000,1600681500000,1600681800000,1600682100000,1600691100000,1928.175,4.781428571428527,1,5,1931.705,1923.3935714285715,1947.300714285714,1923.3935714285715,1.876418013062921,-1.0,STOP
swing,HIGH_RECLAIM,2020,1600690800000,1600692300000,1600692600000,1600692900000,1600694700000,1919.158,5.553785714285693,1,6,1922.778,1913.6042142857143,1941.3731428571427,1913.6042142857143,2.0269868336019408,-1.0,STOP
swing,HIGH_RECLAIM,2020,1600693500000,1600694700000,1600695000000,1600695300000,1600698000000,1911.508,5.996428571428543,1,5,1918.428,1905.5115714285714,1935.4937142857143,1905.5115714285714,1.3212409445335198,-1.0,STOP
swing,HIGH_RECLAIM,2020,1600696800000,1600699200000,1600699800000,1600700100000,1600710000000,1882.375,6.647142857142837,2,10,1896.648,1875.7278571428571,1908.9635714285714,1908.9635714285714,0.5886944230099556,0.5886944230099556,TARGET
swing,HIGH_RECLAIM,2020,1600756500000,1600756500000,1600756800000,1600757100000,1600833900000,1898.398,7.066928571428564,1,1,1903.738,1891.3310714285712,1926.665714285714,1891.3310714285712,1.847976648992156,-1.0,STOP
swing,HIGH_RECLAIM,2020,1600833600000,1600834500000,1600835400000,1600835700000,1600841400000,1886.628,6.867571428571442,3,6,1889.915,1879.7604285714285,1914.0982857142858,1879.7604285714285,2.3815171210714463,-1.0,STOP
swing,HIGH_RECLAIM,2020,1600840200000,1600842000000,1600843800000,1600844100000,1600870500000,1874.378,6.081142857142887,6,12,1880.978,1868.296857142857,1898.7025714285714,1868.296857142857,1.3977108868060413,-1.0,STOP
swing,HIGH_RECLAIM,2020,1600869600000,1600872900000,1600873200000,1600873500000,1600900800000,1864.548,8.960000000000004,1,12,1868.615,1855.588,1900.388,1855.588,2.4390112842557614,-1.0,STOP
swing,HIGH_RECLAIM,2020,1600900800000,1600904100000,1600904400000,1600904700000,1601347500000,1853.448,8.511214285714248,1,12,1857.958,1844.9367857142859,1887.492857142857,1883.725,2.268210667207903,1.978847704570011,864BAR_TIMEOUT
swing,HIGH_RECLAIM,2020,1601445900000,1601446500000,1601447100000,1601447400000,1601470200000,1883.585,4.063285714285712,2,4,1887.768,1879.5217142857143,1899.8381428571429,1899.8381428571429,1.4637066038389592,1.4637066038389592,TARGET
swing,HIGH_RECLAIM,2020,1601604600000,1601604600000,1601604900000,1601605200000,1601614800000,1895.735,5.823785714285707,1,1,1896.835,1889.911214285714,1919.0301428571427,1889.911214285714,3.205636883207851,-1.0,STOP
swing,HIGH_RECLAIM,2020,1601614500000,1601614800000,1601615100000,1601615400000,1601619600000,1889.638,5.177285714285729,1,2,1895.448,1884.4607142857142,1910.347142857143,1910.347142857143,1.3560348974788745,1.3560348974788745,TARGET
swing,HIGH_RECLAIM,2020,1601672100000,1601672100000,1601848800000,1601849100000,1601873100000,1897.818,6.162071428571429,1,1,1903.308,1891.6559285714286,1922.4662857142857,1891.6559285714286,1.644195697883278,-1.0,STOP
swing,HIGH_RECLAIM,2020,1601881500000,1601882100000,1601882400000,1601882700000,1601899800000,1886.898,4.283642857142906,1,3,1888.918,1882.614357142857,1904.0325714285716,1904.0325714285716,2.3977518668343967,2.3977518668343967,TARGET
swing,HIGH_RECLAIM,2020,1601972700000,1601973900000,1601974200000,1601974500000,1601991000000,1906.515,3.3757142857143014,1,5,1908.558,1903.1392857142857,1920.0178571428573,1920.0178571428573,2.114866468060473,2.114866468060473,TARGET
swing,HIGH_RECLAIM,2020,1601999400000,1602000000000,1602000600000,1602000900000,1602010500000,1900.385,5.122142857142876,2,4,1905.805,1895.2628571428572,1920.8735714285715,1895.2628571428572,1.4293651331391048,-1.0,STOP
swing,HIGH_RECLAIM,2020,1602013500000,1602015000000,1602015600000,1602015900000,1602017700000,1883.318,6.958071428571445,2,7,1886.185,1876.3599285714286,1911.1502857142857,1876.3599285714286,2.5409775283349587,-1.0,STOP
swing,HIGH_RECLAIM,2020,1602016500000,1602017700000,1602022500000,1602022800000,1602208500000,1874.558,7.765928571428584,4,8,1878.995,1866.7920714285715,1905.6217142857142,1905.6217142857142,2.181993783693645,2.181993783693645,TARGET
swing,HIGH_RECLAIM,2020,1602494100000,1602495000000,1602495300000,1602495600000,1602555000000,1918.928,4.6053571428571365,1,4,1920.728,1914.322642857143,1937.3494285714287,1914.322642857143,2.594926122107614,-1.0,STOP
swing,HIGH_RECLAIM,2020,1602560100000,1602561000000,1602561300000,1602561600000,1602594000000,1910.465,4.269285714285713,1,4,1911.355,1906.1957142857143,1927.5421428571428,1906.1957142857143,3.1374775024228074,-1.0,STOP
swing,HIGH_RECLAIM,2020,1602597600000,1602598500000,1602598800000,1602599100000,1602683700000,1886.308,6.265142857142872,1,4,1891.578,1880.0428571428572,1911.3685714285714,1911.3685714285714,1.715676318331569,1.715676318331569,TARGET
swing,HIGH_RECLAIM,2020,1602723600000,1602723600000,1602724500000,1602724800000,1602850800000,1891.778,5.501928571428558,3,3,1897.508,1886.2760714285714,1913.7857142857142,1913.7857142857142,1.4492359154705492,1.4492359154705492,TARGET
swing,HIGH_RECLAIM,2020,1602858900000,1602859800000,1602860100000,1602860400000,1603109400000,1898.758,4.363285714285699,1,4,1902.148,1894.3947142857144,1916.211142857143,1916.211142857143,1.8138300812559351,1.8138300812559351,TARGET
swing,HIGH_RECLAIM,2020,1603134000000,1603134300000,1603134600000,1603134900000,1603158900000,1901.258,4.701142857142892,1,2,1903.915,1896.556857142857,1920.0625714285716,1896.556857142857,2.194517250082535,-1.0,STOP
swing,HIGH_RECLAIM,2020,1603158300000,1603159200000,1603159500000,1603159800000,1603215600000,1894.618,4.529857142857152,1,4,1896.585,1890.0881428571429,1912.7374285714286,1912.7374285714286,2.486191125379301,2.486191125379301,TARGET
swing,HIGH_RECLAIM,2020,1603332000000,1603332600000,1603334400000,1603334700000,1603368600000,1910.585,4.767357142857122,6,8,1914.965,1905.8176428571428,1929.6544285714285,1905.8176428571428,1.6058658628956144,-1.0,STOP
swing,HIGH_RECLAIM,2020,1603368600000,1603369800000,1603370100000,1603370400000,1603376400000,1902.248,3.569999999999985,1,5,1906.225,1898.678,1916.528,1898.678,1.3651782165099227,-1.0,STOP
swing,HIGH_RECLAIM,2020,1603462800000,1603464600000,1603464900000,1603465200000,1603764600000,1894.198,3.6134999999999957,1,7,1897.838,1890.5845000000002,1908.652,1908.652,1.4908664782519296,1.4908664782519296,TARGET
swing,HIGH_RECLAIM,2020,1603788600000,1603790100000,1603791000000,1603791300000,1603812000000,1897.718,2.816857142857186,3,8,1900.335,1894.901142857143,1908.9854285714289,1908.9854285714289,1.5919499434761668,1.5919499434761668,TARGET
swing,HIGH_RECLAIM,2020,1603877100000,1603879200000,1603879500000,1603879800000,1603883100000,1898.655,3.1955000000000218,1,8,1900.258,1895.4595,1911.4370000000001,1895.4595,2.3296863603209013,-1.0,STOP
swing,HIGH_RECLAIM,2020,1603885200000,1603885500000,1603885800000,1603886100000,1603886700000,1891.555,3.3842857142857383,1,2,1893.235,1888.1707142857144,1905.092142857143,1888.1707142857144,2.3413258110015787,-1.0,STOP
swing,HIGH_RECLAIM,2020,1603886100000,1603889100000,1603889400000,1603889700000,1603896600000,1876.478,3.685500000000015,1,11,1881.808,1872.7925,1891.22,1872.7925,1.043979812545068,-1.0,STOP
swing,HIGH_RECLAIM,2020,1603896600000,1603897200000,1603897500000,1603897800000,1603974300000,1869.208,5.242857142857166,1,3,1874.678,1863.9651428571428,1890.1794285714288,1863.9651428571428,1.4469929323909827,-1.0,STOP
swing,HIGH_RECLAIM,2020,1603971000000,1603974300000,1603974600000,1603974900000,1603976700000,1863.605,3.5835714285714175,1,12,1868.668,1860.0214285714287,1877.9392857142857,1860.0214285714287,1.0722499421736518,-1.0,STOP
swing,HIGH_RECLAIM,2020,1603975500000,1603976700000,1603977000000,1603977300000,1604028000000,1859.868,4.204285714285691,1,5,1862.205,1855.6637142857141,1876.6851428571426,1876.6851428571426,2.213653934351001,2.213653934351001,TARGET
swing,HIGH_RECLAIM,2020,1604388300000,1604388900000,1604389500000,1604389800000,1604396100000,1886.835,3.1268571428571312,2,4,1889.818,1883.708142857143,1899.3424285714286,1899.3424285714286,1.5588627276766411,1.5588627276766411,TARGET
swing,HIGH_RECLAIM,2020,1604451600000,1604451600000,1604452200000,1604452500000,1604452500000,1880.635,5.915071428571407,2,2,1903.858,1874.7199285714287,1904.2952857142857,1904.2952857142857,0.015007366405758624,0.015007366405758624,TARGET
swing,HIGH_RECLAIM,2020,1604456400000,1604457600000,1604457900000,1604458200000,1604561100000,1882.855,7.511928571428565,1,5,1891.425,1875.3430714285714,1912.9027142857142,1912.9027142857142,1.3355185723105345,1.3355185723105345,TARGET
swing,HIGH_RECLAIM,2020,1604927400000,1604928000000,1604928300000,1604928600000,1604928900000,1887.728,8.883357142857124,1,3,1895.865,1878.8446428571428,1923.2614285714285,1878.8446428571428,1.6096271271796307,-1.0,STOP
swing,HIGH_RECLAIM,2020,1604928900000,1604929500000,1604929800000,1604930100000,1604933700000,1868.448,8.883357142857124,1,3,1882.508,1859.5646428571429,1903.9814285714285,1859.5646428571429,0.9359322804297493,-1.0,STOP
swing,HIGH_RECLAIM,2020,1604936400000,1604936700000,1604937300000,1604937600000,1605207600000,1853.628,12.735214285714278,2,3,1860.758,1840.8927857142858,1904.568857142857,1877.718,2.205405716381465,0.8537536900468539,864BAR_TIMEOUT
swing,HIGH_RECLAIM,2020,1605591000000,1605593100000,1605594000000,1605594300000,1605645600000,1884.198,3.8530000000000006,3,10,1887.278,1880.345,1899.6100000000001,1880.345,1.7787393624693668,-1.0,STOP
swing,HIGH_RECLAIM,2020,1605645300000,1605645900000,1605646200000,1605646500000,1605696000000,1876.735,4.390357142857121,1,3,1881.615,1872.3446428571428,1894.2964285714284,1872.3446428571428,1.367954694302087,-1.0,STOP
swing,HIGH_RECLAIM,2020,1605773400000,1605776400000,1605776700000,1605777000000,1605880800000,1855.008,4.8063571428570935,1,11,1860.465,1850.201642857143,1874.2334285714285,1874.2334285714285,1.3415131501110387,1.3415131501110387,TARGET
swing,HIGH_RECLAIM,2020,1606124700000,1606124700000,1606125600000,1606125900000,1606130700000,1866.575,2.855500000000023,3,3,1869.528,1863.7195,1877.997,1863.7195,1.4580356374278924,-1.0,STOP
swing,HIGH_RECLAIM,2020,1606137900000,1606137900000,1606138200000,1606138500000,1606142700000,1862.398,3.3508571428571616,1,1,1865.495,1859.0471428571427,1875.8014285714285,1859.0471428571427,1.59842694139802,-1.0,STOP
swing,HIGH_RECLAIM,2020,1606142700000,1606145100000,1606145400000,1606145700000,1606180500000,1835.688,5.362285714285723,1,9,1839.598,1830.3257142857144,1857.137142857143,1830.3257142857144,1.8915662650603053,-1.0,STOP
swing,HIGH_RECLAIM,2020,1606184700000,1606186800000,1606187100000,1606187400000,1606215000000,1821.188,6.952642857142856,1,8,1823.598,1814.2353571428573,1848.9985714285715,1814.2353571428573,2.7129702388673036,-1.0,STOP
swing,HIGH_RECLAIM,2020,1606217700000,1606217700000,1606219200000,1606219500000,1606482600000,1805.544,5.936857142857142,5,5,1811.473,1799.607142857143,1829.2914285714287,1799.607142857143,1.50165540987951,-1.0,STOP
swing,HIGH_RECLAIM,2020,1606486500000,1606486500000,1606486800000,1606487100000,1606704900000,1774.218,5.663785714285723,1,1,1780.585,1768.5542142857144,1796.873142857143,1768.5542142857144,1.3538719119402103,-1.0,STOP
swing,HIGH_RECLAIM,2020,1606704600000,1606704900000,1606705800000,1606706100000,1606816800000,1764.245,7.927928571428587,3,4,1773.415,1756.3170714285714,1795.9567142857143,1795.9567142857143,1.3183886101490974,1.3183886101490974,TARGET
swing,HIGH_RECLAIM,2020,1607011200000,1607011500000,1607012400000,1607012700000,1607352600000,1823.648,6.322928571428569,3,4,1828.555,1817.3250714285714,1848.9397142857142,1848.9397142857142,1.815213173980216,1.815213173980216,TARGET
swing,HIGH_RECLAIM,2020,1607425200000,1607425500000,1607425800000,1607426100000,1607487000000,1860.148,4.175571428571451,1,2,1862.285,1855.9724285714285,1876.8502857142857,1855.9724285714285,2.3073458857607796,-1.0,STOP
swing,HIGH_RECLAIM,2020,1607514000000,1607514300000,1607515200000,1607515500000,1607525700000,1851.428,4.499714285714276,3,4,1855.226,1846.9282857142857,1869.4268571428572,1846.9282857142857,1.711417946422396,-1.0,STOP
swing,HIGH_RECLAIM,2020,1607525400000,1607526000000,1607527800000,1607528100000,1607539800000,1837.278,6.815857142857145,6,8,1846.143,1830.462142857143,1864.5414285714287,1830.462142857143,1.1733050307016821,-1.0,STOP
swing,HIGH_RECLAIM,2020,1607677800000,1607677800000,1607678100000,1607678400000,1607685900000,1831.308,3.6454999999999864,1,1,1835.254,1827.6625,1845.8899999999999,1827.6625,1.4010406375551567,-1.0,STOP
swing,HIGH_RECLAIM,2020,1607684400000,1607685900000,1607686200000,1607686500000,1607694600000,1823.843,3.989857142857139,1,6,1829.395,1819.853142857143,1839.8024285714287,1839.8024285714287,1.0907130986780333,1.0907130986780333,TARGET
swing,HIGH_RECLAIM,2020,1607923200000,1607923800000,1607924400000,1607924700000,1607934000000,1832.765,4.282428571428568,2,4,1834.375,1828.4825714285716,1849.8947142857144,1828.4825714285716,2.6338400368512764,-1.0,STOP
swing,HIGH_RECLAIM,2020,1608124800000,1608124800000,1608125400000,1608125700000,1608146100000,1849.228,4.166714285714306,2,2,1854.258,1845.0612857142858,1865.8948571428573,1845.0612857142858,1.2653276791400785,-1.0,STOP
swing,HIGH_RECLAIM,2020,1608145800000,1608146100000,1608146400000,1608146700000,1608179700000,1844.663,5.690071428571433,1,2,1848.975,1838.9729285714286,1867.4232857142858,1867.4232857142858,1.8444465075092045,1.8444465075092045,TARGET
swing,HIGH_RECLAIM,2020,1608279000000,1608279600000,1608280500000,1608280800000,1608512400000,1877.275,3.579285714285772,3,5,1880.075,1873.6957142857143,1891.5921428571432,1891.5921428571432,1.805396932034532,1.805396932034532,TARGET
swing,HIGH_RECLAIM,2020,1608617100000,1608617100000,1608617400000,1608617700000,1608621000000,1872.938,5.106214285714275,1,1,1875.645,1867.8317857142858,1893.3628571428571,1867.8317857142858,2.2676783836906784,-1.0,STOP
swing,HIGH_RECLAIM,2020,1608652200000,1608652800000,1608653100000,1608653400000,1609110300000,1860.598,6.147285714285674,1,3,1863.885,1854.4507142857142,1885.1871428571426,1887.718,2.257949727437867,2.526211387038143,TARGET_GAP
swing,HIGH_RECLAIM,2020,1609254000000,1609254600000,1609255800000,1609256100000,1609361100000,1871.595,5.117285714285718,4,6,1877.75,1866.4777142857142,1892.064142857143,1892.064142857143,1.2698527361670908,1.2698527361670908,TARGET
swing,HIGH_RECLAIM,2021,1609946700000,1609949400000,1609950000000,1609950300000,1610092800000,1900.755,10.310285714285717,2,11,1907.755,1890.4447142857143,1941.996142857143,1890.4447142857143,1.9780807447264994,-1.0,STOP
swing,HIGH_RECLAIM,2021,1610112900000,1610112900000,1610113500000,1610113800000,1610117100000,1876.188,6.2057142857142775,2,2,1886.025,1869.9822857142858,1901.0108571428573,1869.9822857142858,0.9341222985066681,-1.0,STOP
swing,HIGH_RECLAIM,2021,1610116800000,1610117700000,1610118000000,1610118300000,1610126700000,1857.838,9.206571428571399,1,4,1865.342,1848.6314285714286,1894.6642857142856,1848.6314285714286,1.7547147229298632,-1.0,STOP
swing,HIGH_RECLAIM,2021,1610126700000,1610127000000,1610127600000,1610127900000,1610130300000,1839.401,10.875857142857106,2,3,1845.555,1828.525142857143,1882.9044285714285,1828.525142857143,2.1931733342281254,-1.0,STOP
swing,HIGH_RECLAIM,2021,1610129100000,1610130300000,1610131200000,1610131500000,1610574300000,1828.038,11.882285714285672,3,7,1837.635,1816.1557142857143,1875.5671428571427,1846.908,1.765987163712545,0.43171826676864467,864BAR_TIMEOUT
swing,HIGH_RECLAIM,2021,1610574300000,1610574300000,1610578800000,1610579100000,1610591400000,1841.808,5.497214285714335,3,3,1847.388,1836.3107857142857,1863.7968571428573,1836.3107857142857,1.4813162153971426,-1.0,STOP
swing,HIGH_RECLAIM,2021,1610718000000,1610718900000,1610719500000,1610719800000,1610724000000,1836.378,5.2302142857143314,2,5,1841.527,1831.1477857142856,1857.2988571428573,1831.1477857142856,1.5195617614875818,-1.0,STOP
swing,HIGH_RECLAIM,2021,1610723100000,1610724000000,1610724600000,1610724900000,1610727000000,1829.785,5.384428571428608,2,5,1833.935,1824.4005714285715,1851.3227142857145,1824.4005714285715,1.8236766005903997,-1.0,STOP
swing,HIGH_RECLAIM,2021,1610725800000,1610727300000,1610727600000,1610727900000,1610926500000,1823.235,6.216142857142894,1,6,1825.807,1817.018857142857,1848.0995714285714,1817.018857142857,2.5366646618007747,-1.0,STOP
swing,HIGH_RECLAIM,2021,1611060300000,1611061800000,1611062100000,1611062400000,1611109800000,1832.843,3.9860000000000224,1,6,1836.785,1828.857,1848.7870000000003,1848.7870000000003,1.5138748738647845,1.5138748738647845,TARGET
swing,HIGH_RECLAIM,2021,1611147600000,1611148500000,1611149100000,1611149400000,1611150900000,1832.272,4.16828571428573,2,5,1840.922,1828.1037142857142,1848.9451428571429,1848.9451428571429,0.6259138730385091,0.6259138730385091,TARGET
swing,HIGH_RECLAIM,2021,1611233700000,1611234000000,1611234900000,1611235200000,1611237600000,1863.011,4.364500000000005,3,4,1868.875,1858.6465,1880.469,1858.6465,1.1334995356112938,-1.0,STOP
swing,HIGH_RECLAIM,2021,1611237000000,1611237600000,1611237900000,1611238200000,1611311400000,1858.131,4.958142857142873,1,3,1863.575,1853.1728571428573,1877.9635714285716,1853.1728571428573,1.3832314770308638,-1.0,STOP
swing,HIGH_RECLAIM,2021,1611314100000,1611314400000,1611315000000,1611315300000,1611319800000,1845.277,4.107928571428569,2,3,1850.065,1841.1690714285714,1861.7087142857142,1841.1690714285714,1.3088812699228187,-1.0,STOP
swing,HIGH_RECLAIM,2021,1611326100000,1611326100000,1611326400000,1611326700000,1611571500000,1838.125,5.497571428571438,1,1,1844.731,1832.6274285714285,1860.1152857142858,1860.1152857142858,1.2710534080849833,1.2710534080849833,TARGET
swing,HIGH_RECLAIM,2021,1611591000000,1611591300000,1611591600000,1611591900000,1611747300000,1847.025,5.268071428571424,1,2,1851.735,1841.7569285714287,1868.0972857142858,1841.7569285714287,1.6398244722356057,-1.0,STOP
swing,HIGH_RECLAIM,2021,1611745200000,1611747900000,1611748200000,1611748500000,1611758400000,1838.255,3.7050714285713866,1,10,1842.325,1834.5499285714286,1853.0752857142857,1834.5499285714286,1.3826607013256504,-1.0,STOP
swing,HIGH_RECLAIM,2021,1611758100000,1611758700000,1611759000000,1611759300000,1611763200000,1831.227,4.616928571428535,1,3,1835.925,1826.6100714285715,1849.6947142857143,1849.6947142857143,1.4782415324095965,1.4782415324095965,TARGET
swing,HIGH_RECLAIM,2021,1611953700000,1611954000000,1611954600000,1611954900000,1612272600000,1841.425,8.897571428571464,2,3,1844.485,1832.5274285714286,1877.0152857142857,1832.5274285714286,2.720475968603307,-1.0,STOP
swing,HIGH_RECLAIM,2021,1612271700000,1612273500000,1612273800000,1612274100000,1612403400000,1829.711,5.809357142857119,1,7,1834.655,1823.9016428571429,1852.9484285714284,1823.9016428571429,1.7011830192564357,-1.0,STOP
swing,HIGH_RECLAIM,2021,1612403100000,1612404300000,1612404600000,1612404900000,1612417200000,1822.972,4.502285714285709,1,5,1825.835,1818.4697142857142,1840.981142857143,1818.4697142857142,2.056422988149005,-1.0,STOP
swing,HIGH_RECLAIM,2021,1612417200000,1612418100000,1612419000000,1612419300000,1612430100000,1815.838,3.934857142857124,3,6,1818.945,1811.903142857143,1831.5774285714285,1811.903142857143,1.7939058284138105,-1.0,STOP
swing,HIGH_RECLAIM,2021,1612429500000,1612430100000,1612430700000,1612431000000,1612447200000,1810.236,4.190000000000006,2,4,1815.105,1806.046,1826.996,1806.046,1.3126172866762464,-1.0,STOP
swing,HIGH_RECLAIM,2021,1612450200000,1612450800000,1612451100000,1612451400000,1612738800000,1784.888,7.583428571428564,1,3,1795.315,1777.3045714285713,1815.2217142857141,1816.958,1.1052882060393363,1.2016926701196824,TARGET_GAP
swing,HIGH_RECLAIM,2021,1612774200000,1612774500000,1612774800000,1612775100000,1612788600000,1807.665,4.037142857142856,1,2,1811.085,1803.627857142857,1823.8135714285713,1823.8135714285713,1.7068965517240802,1.7068965517240802,TARGET
swing,HIGH_RECLAIM,2021,1612881600000,1612881600000,1612881900000,1612882200000,1612963800000,1831.945,4.676642857142854,1,1,1839.907,1827.268357142857,1850.6515714285713,1850.6515714285713,0.8501364861733464,0.8501364861733464,TARGET
swing,HIGH_RECLAIM,2021,1613013600000,1613013600000,1613013900000,1613014200000,1613063100000,1833.895,5.637142857142878,1,1,1836.405,1828.2578571428571,1856.4435714285714,1828.2578571428571,2.4595826757846795,-1.0,STOP
swing,HIGH_RECLAIM,2021,1613071200000,1613072100000,1613072400000,1613072700000,1613116800000,1821.007,4.817928571428589,1,4,1823.745,1816.1890714285714,1840.2787142857144,1816.1890714285714,2.1881776845051295,-1.0,STOP
swing,HIGH_RECLAIM,2021,1613136600000,1613136900000,1613137200000,1613137500000,1613145000000,1810.395,3.925714285714272,1,2,1814.185,1806.4692857142857,1826.097857142857,1826.097857142857,1.5439733382706844,1.5439733382706844,TARGET
swing,HIGH_RECLAIM,2021,1613372700000,1613372700000,1613373900000,1613374200000,1613479500000,1817.115,4.6537142857143055,4,4,1818.975,1812.4612857142856,1835.7298571428573,1812.4612857142856,2.57224317922629,-1.0,STOP
swing,HIGH_RECLAIM,2021,1613478900000,1613480400000,1613480700000,1613481000000,1613482800000,1804.355,4.6791428571428435,1,6,1809.295,1799.6758571428572,1823.0715714285714,1799.6758571428572,1.4322036415480923,-1.0,STOP
swing,HIGH_RECLAIM,2021,1613481900000,1613484000000,1613484300000,1613484600000,1613516700000,1793.765,5.708214285714283,1,8,1797.315,1788.0567857142858,1816.5978571428573,1788.0567857142858,2.08278362843807,-1.0,STOP
swing,HIGH_RECLAIM,2021,1613522400000,1613522400000,1613522700000,1613523000000,1613568300000,1786.455,8.417428571428559,1,1,1788.435,1778.0375714285715,1820.1247142857142,1778.0375714285715,3.047841499271823,-1.0,STOP
swing,HIGH_RECLAIM,2021,1613568000000,1613569200000,1613569800000,1613570100000,1613661300000,1773.885,4.577571428571446,2,6,1780.905,1769.3074285714285,1792.1952857142858,1769.3074285714285,0.9735043050885113,-1.0,STOP
swing,HIGH_RECLAIM,2021,1613659200000,1613661600000,1613661900000,1613662200000,1613696700000,1768.305,5.294642857142841,1,9,1772.035,1763.0103571428572,1789.4835714285714,1763.0103571428572,1.9334362262059994,-1.0,STOP
swing,HIGH_RECLAIM,2021,1613696700000,1613697000000,1613697300000,1613697600000,1613743200000,1761.108,5.8125714285714105,1,2,1764.751,1755.2954285714286,1784.3582857142856,1784.3582857142856,2.073622505250115,2.073622505250115,TARGET
swing,HIGH_RECLAIM,2021,1614072000000,1614074400000,1614075000000,1614075300000,1614090900000,1803.525,4.101142857142869,2,10,1807.125,1799.4238571428573,1819.9295714285715,1799.4238571428573,1.6626845737182314,-1.0,STOP
swing,HIGH_RECLAIM,2021,1614090900000,1614091800000,1614092100000,1614092400000,1614174300000,1795.425,4.625285714285724,1,4,1801.395,1790.7997142857143,1813.9261428571428,1790.7997142857143,1.1827092911942065,-1.0,STOP
swing,HIGH_RECLAIM,2021,1614173400000,1614174900000,1614175200000,1614175500000,1614253500000,1787.655,5.245857142857111,1,6,1792.715,1782.4091428571428,1808.6384285714284,1782.4091428571428,1.5450853190280138,-1.0,STOP
swing,HIGH_RECLAIM,2021,1614252600000,1614253500000,1614254100000,1614254400000,1614265500000,1781.295,5.266428571428589,2,5,1786.608,1776.0285714285715,1802.3607142857145,1776.0285714285715,1.4889948147348329,-1.0,STOP
swing,HIGH_RECLAIM,2021,1614265200000,1614267900000,1614268500000,1614268800000,1614317400000,1769.698,6.929785714285702,2,11,1775.545,1762.7682142857143,1797.4171428571428,1762.7682142857143,1.711865828092227,-1.0,STOP
swing,HIGH_RECLAIM,2021,1614317400000,1614318900000,1614319500000,1614319800000,1614350700000,1757.818,7.449714285714306,2,7,1762.615,1750.3682857142858,1787.6168571428573,1750.3682857142858,2.0415155085329193,-1.0,STOP
swing,HIGH_RECLAIM,2021,1614356100000,1614356700000,1614357300000,1614357600000,1614579600000,1719.202,8.926928571428546,2,4,1725.065,1710.2750714285714,1754.9097142857142,1754.9097142857142,2.0179079392829933,2.0179079392829933,TARGET
swing,HIGH_RECLAIM,2021,1614604800000,1614605400000,1614605700000,1614606000000,1614621600000,1730.745,5.725071428571449,1,3,1735.125,1725.0199285714284,1753.6452857142856,1725.0199285714284,1.8327713807069583,-1.0,STOP
swing,HIGH_RECLAIM,2021,1614626400000,1614627000000,1614627300000,1614627600000,1614649500000,1720.425,7.455928571428591,1,3,1723.355,1712.9690714285714,1750.2487142857144,1712.9690714285714,2.5894376319608243,-1.0,STOP
swing,HIGH_RECLAIM,2021,1614648000000,1614649800000,1614650400000,1614650700000,1614706500000,1710.377,6.94985714285716,2,8,1713.205,1703.4271428571428,1738.1764285714287,1738.1764285714287,2.553875374388225,2.553875374388225,TARGET
swing,HIGH_RECLAIM,2021,1614759000000,1614759600000,1614759900000,1614760200000,1614770700000,1726.695,4.433785714285672,1,3,1728.585,1722.2612142857142,1744.4301428571425,1722.2612142857142,2.505641964013325,-1.0,STOP
swing,HIGH_RECLAIM,2021,1614770700000,1614771300000,1614771600000,1614771900000,1614776700000,1721.325,4.402642857142821,1,3,1722.895,1716.9223571428572,1738.9355714285714,1716.9223571428572,2.6856739658203823,-1.0,STOP
swing,HIGH_RECLAIM,2021,1614783900000,1614786000000,1614786300000,1614786600000,1614787500000,1701.797,5.451714285714274,1,8,1710.013,1696.3452857142856,1723.6038571428571,1723.6038571428571,0.9943767376716813,0.9943767376716813,TARGET
swing,HIGH_RECLAIM,2021,1614849600000,1614849600000,1614850500000,1614850800000,1614879300000,1706.189,5.473571428571485,3,3,1711.544,1700.7154285714287,1728.083285714286,1700.7154285714287,1.5273746701847077,-1.0,STOP
swing,HIGH_RECLAIM,2021,1614883500000,1614884100000,1614884400000,1614884700000,1615218000000,1690.258,8.499428571428584,1,3,1695.785,1681.7585714285715,1724.2557142857145,1681.7585714285715,2.029790701227279,-1.0,STOP
swing,HIGH_RECLAIM,2021,1615218000000,1615218300000,1615219500000,1615219800000,1615288800000,1679.324,6.861642857142864,4,5,1683.368,1672.4623571428572,1706.7705714285714,1706.7705714285714,2.1459139763818444,2.1459139763818444,TARGET
swing,HIGH_RECLAIM,2021,1615356000000,1615356900000,1615357200000,1615357500000,1615403100000,1709.544,3.6237857142857104,1,4,1711.404,1705.9202142857143,1724.039142857143,1724.039142857143,2.304091282091393,2.304091282091393,TARGET
swing,HIGH_RECLAIM,2021,1615472700000,1615473900000,1615474200000,1615474500000,1615529400000,1719.115,5.125785714285696,1,5,1724.014,1713.9892142857143,1739.6181428571429,1713.9892142857143,1.5565562498664307,-1.0,STOP
swing,HIGH_RECLAIM,2021,1615533000000,1615533600000,1615533900000,1615534200000,1615540500000,1707.445,4.057357142857151,1,3,1710.405,1703.3876428571427,1723.6744285714285,1703.3876428571427,1.8909438840425987,-1.0,STOP
swing,HIGH_RECLAIM,2021,1615539300000,1615542600000,1615542900000,1615543200000,1615567200000,1699.078,4.118785714285731,1,12,1701.345,1694.9592142857143,1715.5531428571428,1715.5531428571428,2.2249639265779937,2.2249639265779937,TARGET
swing,HIGH_RECLAIM,2021,1615878600000,1615878600000,1615880400000,1615880700000,1615904700000,1726.114,3.026000000000035,6,6,1729.628,1723.088,1738.218,1738.218,1.3134556574923844,1.3134556574923844,TARGET
swing,HIGH_RECLAIM,2021,1615979700000,1615980600000,1615981500000,1615981800000,1615989600000,1727.795,2.7152857142857068,3,6,1729.425,1725.0797142857143,1738.6561428571429,1725.0797142857143,2.124404116119326,-1.0,STOP
swing,HIGH_RECLAIM,2021,1615989300000,1615989600000,1615990500000,1615990800000,1616004000000,1724.018,3.424285714285702,3,4,1730.058,1720.5937142857142,1737.7151428571428,1737.7151428571428,0.809056603773578,0.809056603773578,TARGET
swing,HIGH_RECLAIM,2021,1616066400000,1616067300000,1616068800000,1616069100000,1616072700000,1727.624,5.3659999999999695,5,8,1733.104,1722.258,1749.088,1722.258,1.4737230315323546,-1.0,STOP
swing,HIGH_RECLAIM,2021,1616376300000,1616376300000,1616377200000,1616377500000,1616399100000,1732.438,4.6818571428571625,3,3,1735.125,1727.756142857143,1751.1654285714287,1727.756142857143,2.17678647590251,-1.0,STOP
swing,HIGH_RECLAIM,2021,1616399100000,1616399100000,1616400600000,1616400900000,1616670900000,1727.238,4.476928571428597,5,5,1731.055,1722.7610714285715,1745.1457142857143,1732.895,1.6989191749558723,0.22184902897988204,864BAR_TIMEOUT
swing,HIGH_RECLAIM,2021,1616676000000,1616676300000,1616676600000,1616676900000,1616678400000,1724.785,2.8449285714285844,1,2,1728.658,1721.9400714285714,1736.1647142857144,1736.1647142857144,1.1174150195107273,1.1174150195107273,TARGET
swing,HIGH_RECLAIM,2021,1616691600000,1616691600000,1616692200000,1616692500000,1617024900000,1721.589,5.0899285714285565,2,2,1728.395,1716.4990714285714,1741.9487142857142,1716.4990714285714,1.1393574031931624,-1.0,STOP
swing,HIGH_RECLAIM,2021,1617023100000,1617025800000,1617026100000,1617026400000,1617087300000,1706.058,3.228142857142838,1,10,1711.035,1702.8298571428572,1718.9705714285712,1702.8298571428572,0.9671460408106107,-1.0,STOP
swing,HIGH_RECLAIM,2021,1617086700000,1617087600000,1617087900000,1617088200000,1617089700000,1701.565,3.282714285714243,1,4,1703.45,1698.2822857142858,1714.695857142857,1698.2822857142858,2.1761762591916485,-1.0,STOP
swing,HIGH_RECLAIM,2021,1617089100000,1617090300000,1617091500000,1617091800000,1617102000000,1695.258,3.282714285714243,4,8,1698.625,1691.9752857142857,1708.388857142857,1691.9752857142857,1.4683122797971808,-1.0,STOP
swing,HIGH_RECLAIM,2021,1617101400000,1617102300000,1617102600000,1617102900000,1617105000000,1690.668,4.141999999999972,1,4,1693.138,1686.5259999999998,1707.2359999999999,1686.5259999999998,2.1321839080459446,-1.0,STOP
swing,HIGH_RECLAIM,2021,1617104100000,1617105000000,1617105900000,1617106200000,1617107400000,1686.088,4.141999999999972,3,6,1688.778,1681.946,1702.656,1681.946,2.0313231850116673,-1.0,STOP
swing,HIGH_RECLAIM,2021,1617107100000,1617108000000,1617108600000,1617108900000,1617198900000,1678.6,4.529357142857131,2,5,1683.135,1674.0706428571427,1696.7174285714284,1696.7174285714284,1.4984436686865765,1.4984436686865765,TARGET
swing,HIGH_RECLAIM,2021,1617601500000,1617603000000,1617603300000,1617603600000,1617635700000,1721.148,2.7586428571428803,1,6,1724.055,1718.389357142857,1732.1825714285715,1732.1825714285715,1.4345364918871526,1.4345364918871526,TARGET
swing,HIGH_RECLAIM,2021,1617793800000,1617794400000,1617795600000,1617795900000,1617797700000,1733.638,2.8204285714285464,4,6,1735.665,1730.8175714285715,1744.919714285714,1730.8175714285715,1.9092007544500516,-1.0,STOP
swing,HIGH_RECLAIM,2021,1617796800000,1617797700000,1617798300000,1617798600000,1617808200000,1730.518,3.0099999999999745,2,5,1734.575,1727.508,1742.558,1742.558,1.129616527522278,1.129616527522278,TARGET
swing,HIGH_RECLAIM,2021,1617942300000,1617942600000,1617942900000,1617943200000,1617948900000,1751.588,3.1394285714285877,1,2,1752.215,1748.4485714285713,1764.1457142857143,1748.4485714285713,3.1676465010430594,-1.0,STOP
swing,HIGH_RECLAIM,2021,1617948900000,1617950400000,1617950700000,1617951000000,1617952200000,1747.535,2.4334999999999973,1,6,1748.258,1745.1015,1757.269,1745.1015,2.85474417867886,-1.0,STOP
swing,HIGH_RECLAIM,2021,1617951900000,1617952200000,1617952800000,1617953100000,1617970800000,1745.088,2.4192142857142795,2,3,1747.145,1742.6687857142856,1754.7648571428572,1742.6687857142856,1.7022994558539362,-1.0,STOP
swing,HIGH_RECLAIM,2021,1617970800000,1617974100000,1617974400000,1617974700000,1617979500000,1731.168,3.5522857142857123,1,12,1736.398,1727.6157142857141,1745.3771428571426,1745.3771428571426,1.0224152514802327,1.0224152514802327,TARGET
swing,HIGH_RECLAIM,2021,1618205100000,1618205700000,1618206000000,1618206300000,1618235400000,1735.068,2.883071428571465,1,3,1736.428,1732.1849285714286,1746.6002857142857,1732.1849285714286,2.3973873373398,-1.0,STOP
swing,HIGH_RECLAIM,2021,1618234500000,1618236300000,1618236900000,1618237200000,1618251900000,1731.845,3.8480000000000376,2,8,1735.005,1727.997,1747.237,1727.997,1.7454337899543242,-1.0,STOP
swing,HIGH_RECLAIM,2021,1618251600000,1618253100000,1618253700000,1618254000000,1618320600000,1727.318,4.067285714285747,2,7,1730.295,1723.2507142857141,1743.587142857143,1743.587142857143,1.8869397688095102,1.8869397688095102,TARGET
swing,HIGH_RECLAIM,2021,1618378200000,1618378800000,1618379100000,1618379400000,1618406100000,1740.705,3.1077857142857153,1,3,1743.908,1737.5972142857142,1753.1361428571429,1737.5972142857142,1.4622811286799577,-1.0,STOP
swing,HIGH_RECLAIM,2021,1618410000000,1618410000000,1618410300000,1618410600000,1618478400000,1732.505,3.981499999999999,1,1,1735.495,1728.5235,1748.431,1748.431,1.8555547586603134,1.8555547586603134,TARGET
swing,HIGH_RECLAIM,2021,1618837800000,1618838400000,1618838700000,1618839000000,1618988400000,1766.628,5.3460000000000365,1,3,1771.215,1761.282,1788.0120000000002,1788.0120000000002,1.6910299003322526,1.6910299003322526,TARGET
swing,HIGH_RECLAIM,2021,1619071200000,1619071800000,1619072700000,1619073000000,1619088900000,1788.118,3.0005000000000206,3,5,1790.205,1785.1174999999998,1800.1200000000001,1785.1174999999998,1.9488943488943515,-1.0,STOP
swing,HIGH_RECLAIM,2021,1619088000000,1619088900000,1619089500000,1619089800000,1619097600000,1783.615,3.216214285714305,2,5,1786.958,1780.3987857142856,1796.4798571428573,1780.3987857142856,1.4516764856417672,-1.0,STOP
swing,HIGH_RECLAIM,2021,1619096400000,1619097600000,1619098500000,1619098800000,1619180400000,1779.218,3.769500000000026,3,7,1785.515,1775.4485,1794.2960000000003,1794.2960000000003,0.8722992102518314,0.8722992102518314,TARGET
swing,HIGH_RECLAIM,2021,1619186100000,1619186700000,1619187000000,1619187300000,1619187600000,1776.505,4.433642857142851,1,3,1779.738,1772.0713571428573,1794.2395714285715,1772.0713571428573,1.891515191040996,-1.0,STOP
swing,HIGH_RECLAIM,2021,1619187300000,1619188200000,1619189700000,1619190000000,1619601900000,1769.865,4.433642857142851,5,8,1774.058,1765.4313571428572,1787.5995714285714,1765.4313571428572,1.5697382693151727,-1.0,STOP
swing,HIGH_RECLAIM,2021,1619606700000,1619606700000,1619607900000,1619608200000,1619634000000,1764.318,3.041499999999977,4,4,1766.825,1761.2765,1776.484,1776.484,1.7408308551860319,1.7408308551860319,TARGET
swing,HIGH_RECLAIM,2021,1619688600000,1619688600000,1619689800000,1619690100000,1619702100000,1774.465,4.05014285714284,4,4,1776.468,1770.414857142857,1790.6655714285712,1770.414857142857,2.345487586141672,-1.0,STOP
swing,HIGH_RECLAIM,2021,1619701800000,1619704800000,1619705100000,1619705400000,1620023400000,1756.028,5.420499999999996,1,11,1762.165,1750.6075,1777.71,1777.71,1.345014060134131,1.345014060134131,TARGET
swing,HIGH_RECLAIM,2021,1620104700000,1620105900000,1620106200000,1620106500000,1620129000000,1783.788,2.624785714285703,1,5,1785.568,1781.1632142857143,1794.2871428571427,1781.1632142857143,1.9794703812411591,-1.0,STOP
swing,HIGH_RECLAIM,2021,1620129000000,1620129000000,1620129300000,1620129600000,1620135000000,1780.628,2.6627142857143196,1,1,1783.465,1777.9652857142855,1791.2788571428573,1791.2788571428573,1.4207751052002875,1.4207751052002875,TARGET
swing,HIGH_RECLAIM,2021,1620198300000,1620198300000,1620198600000,1620198900000,1620217800000,1775.305,2.980142857142888,1,1,1777.355,1772.3248571428571,1787.2255714285716,1772.3248571428571,1.9622845133623155,-1.0,STOP
swing,HIGH_RECLAIM,2021,1620217500000,1620217800000,1620218100000,1620218400000,1620219000000,1770.228,2.9249285714285924,1,2,1775.028,1767.3030714285715,1781.9277142857145,1781.9277142857145,0.8931751564970812,0.8931751564970812,TARGET
swing,HIGH_RECLAIM,2021,1620693000000,1620693300000,1620693600000,1620693900000,1620737700000,1832.988,4.250500000000004,1,2,1833.948,1828.7375,1849.99,1828.7375,3.078783226177812,-1.0,STOP
swing,HIGH_RECLAIM,2021,1620737400000,1620739500000,1620740100000,1620740400000,1620748800000,1817.875,4.29157142857142,2,9,1822.668,1813.5834285714286,1835.0412857142858,1835.0412857142858,1.3620109447729685,1.3620109447729685,TARGET
swing,HIGH_RECLAIM,2021,1620833400000,1620833400000,1620833700000,1620834000000,1620851100000,1820.786,6.0288571428571265,1,1,1823.686,1814.757142857143,1844.9014285714286,1814.757142857143,2.376051966337142,-1.0,STOP
swing,HIGH_RECLAIM,2021,1620849900000,1620852000000,1620852300000,1620852600000,1620994500000,1813.145,6.257499999999985,1,8,1814.986,1806.8875,1838.175,1838.175,2.8633697598320285,2.8633697598320285,TARGET
swing,HIGH_RECLAIM,2021,1621346100000,1621346400000,1621348200000,1621348500000,1621417500000,1863.105,4.056142857142861,6,7,1866.375,1859.048857142857,1879.3295714285714,1859.048857142857,1.768266287073665,-1.0,STOP
swing,HIGH_RECLAIM,2021,1621417500000,1621418100000,1621418400000,1621418700000,1621423200000,1857.745,4.106142857142897,1,3,1859.278,1853.638857142857,1874.1695714285715,1853.638857142857,2.640750873992938,-1.0,STOP
swing,HIGH_RECLAIM,2021,1621422300000,1621424700000,1621425300000,1621425600000,1621428900000,1852.095,4.320285714285741,2,10,1855.775,1847.7747142857143,1869.376142857143,1869.376142857143,1.7000821399235413,1.7000821399235413,TARGET
swing,HIGH_RECLAIM,2021,1621608300000,1621608300000,1621608600000,1621608900000,1621951200000,1870.238,4.300214285714317,1,1,1873.695,1865.9377857142858,1887.4388571428574,1887.4388571428574,1.771751641329352,1.771751641329352,TARGET
swing,HIGH_RECLAIM,2021,1622050800000,1622051400000,1622051700000,1622052000000,1622203800000,1890.588,4.781142857142852,1,3,1893.208,1885.806857142857,1909.7125714285714,1885.806857142857,2.2300030883260784,-1.0,STOP
swing,HIGH_RECLAIM,2021,1622203800000,1622203800000,1622205000000,1622205300000,1622205900000,1882.135,2.7404285714285703,4,4,1891.128,1879.3945714285715,1893.0967142857144,1893.0967142857144,0.16778678744492168,0.16778678744492168,TARGET
swing,HIGH_RECLAIM,2021,1622459100000,1622459100000,1622460300000,1622460600000,1622512200000,1902.005,2.801142857142882,4,4,1903.865,1899.2038571428573,1913.2095714285717,1913.508,2.004781169547738,2.0688059335540565,TARGET_GAP
swing,HIGH_RECLAIM,2021,1622544000000,1622544300000,1622544600000,1622544900000,1622556000000,1904.348,3.539857142857126,1,2,1906.295,1900.808142857143,1918.5074285714284,1900.808142857143,2.2257602582794664,-1.0,STOP
swing,HIGH_RECLAIM,2021,1622555100000,1622557200000,1622557500000,1622557800000,1622706300000,1896.868,4.628142857142815,1,8,1900.608,1892.239857142857,1915.380571428571,1892.239857142857,1.7653345169605492,-1.0,STOP
swing,HIGH_RECLAIM,2021,1622706000000,1622706600000,1622706900000,1622707200000,1622723100000,1890.528,2.4205714285714555,1,3,1893.575,1888.1074285714285,1900.2102857142859,1888.1074285714285,1.2135709246727406,-1.0,STOP
swing,HIGH_RECLAIM,2021,1622726400000,1622728200000,1622729100000,1622729400000,1622771700000,1865.185,4.290785714285724,3,9,1871.548,1860.8942142857143,1882.3481428571429,1860.8942142857143,1.0137375714869965,-1.0,STOP
swing,HIGH_RECLAIM,2021,1623042600000,1623042600000,1623042900000,1623043200000,1623050100000,1884.435,2.7268571428571216,1,1,1886.115,1881.7081428571428,1895.3424285714284,1881.7081428571428,2.0938796680497083,-1.0,STOP
swing,HIGH_RECLAIM,2021,1623048900000,1623050400000,1623050700000,1623051000000,1623075900000,1881.415,2.6115714285714375,1,6,1882.788,1878.8034285714284,1891.8612857142857,1891.8612857142857,2.2771045461063104,2.2771045461063104,TARGET
swing,HIGH_RECLAIM,2021,1623136800000,1623137100000,1623137400000,1623137700000,1623139500000,1893.268,2.643214285714261,1,2,1894.935,1890.6247857142857,1903.840857142857,1890.6247857142857,2.0662214341348726,-1.0,STOP
swing,HIGH_RECLAIM,2021,1623137700000,1623139800000,1623140100000,1623140400000,1623155400000,1889.778,2.851785714285711,1,8,1891.318,1886.9262142857142,1901.1851428571429,1901.1851428571429,2.246726843945645,2.246726843945645,TARGET
swing,HIGH_RECLAIM,2021,1623160200000,1623160500000,1623160800000,1623161100000,1623310500000,1883.618,5.1010714285714425,1,2,1893.558,1878.5169285714285,1904.0222857142858,1878.5169285714285,0.6957141161106498,-1.0,STOP
swing,HIGH_RECLAIM,2021,1623309000000,1623311700000,1623312600000,1623312900000,1623326400000,1876.468,3.2225714285714275,3,12,1879.744,1873.2454285714286,1889.3582857142858,1873.2454285714286,1.4794460320950267,-1.0,STOP
swing,HIGH_RECLAIM,2021,1623326100000,1623326400000,1623327000000,1623327300000,1623328500000,1872.388,3.747142857142876,2,3,1876.708,1868.640857142857,1887.3765714285714,1887.3765714285714,1.32247210908441,1.32247210908441,TARGET
swing,HIGH_RECLAIM,2021,1623402900000,1623403500000,1623404100000,1623404400000,1623414300000,1889.008,2.699357142857155,2,4,1892.888,1886.3086428571428,1899.8054285714286,1886.3086428571428,1.0513836566751154,-1.0,STOP
swing,HIGH_RECLAIM,2021,1623413700000,1623414600000,1623414900000,1623415200000,1623417000000,1884.648,3.243928571428569,1,4,1888.718,1881.4040714285713,1897.6237142857142,1881.4040714285713,1.2176375799599084,-1.0,STOP
swing,HIGH_RECLAIM,2021,1623419400000,1623420600000,1623420900000,1623421200000,1623424800000,1880.818,3.938214285714285,1,5,1881.978,1876.8797857142856,1896.5708571428572,1876.8797857142856,2.862346760069964,-1.0,STOP
swing,HIGH_RECLAIM,2021,1623424800000,1623424800000,1623425700000,1623426000000,1623631800000,1875.118,4.185500000000014,3,3,1878.638,1870.9325,1891.86,1870.9325,1.7159172019985633,-1.0,STOP
swing,HIGH_RECLAIM,2021,1623635700000,1623636600000,1623636900000,1623637200000,1623654300000,1863.108,4.770071428571425,1,4,1864.908,1858.3379285714286,1882.1882857142857,1858.3379285714286,2.6301518791925154,-1.0,STOP
swing,HIGH_RECLAIM,2021,1623655500000,1623655500000,1623656100000,1623656400000,1623667800000,1856.788,3.936999999999963,2,2,1858.595,1852.851,1872.5359999999998,1852.851,2.4270543175487482,-1.0,STOP
swing,HIGH_RECLAIM,2021,1623666600000,1623667800000,1623668400000,1623668700000,1623673200000,1852.648,4.11735714285708,2,6,1856.024,1848.5306428571428,1869.1174285714283,1848.5306428571428,1.747338118524005,-1.0,STOP
swing,HIGH_RECLAIM,2021,1623672000000,1623674700000,1623675600000,1623675900000,1623678000000,1844.478,4.498071428571377,3,12,1849.918,1839.9799285714287,1862.4702857142856,1862.4702857142856,1.263050462507127,1.263050462507127,TARGET
swing,HIGH_RECLAIM,2021,1623766500000,1623766800000,1623767400000,1623767700000,1623774300000,1857.469,3.867428571428572,2,3,1860.738,1853.6015714285716,1872.9387142857142,1853.6015714285716,1.7096386748073304,-1.0,STOP
swing,HIGH_RECLAIM,2021,1623774300000,1623776100000,1623776400000,1623776700000,1623866400000,1851.478,4.115928571428542,1,7,1852.738,1847.3620714285714,1867.9417142857142,1847.3620714285714,2.8281094296001386,-1.0,STOP
swing,HIGH_RECLAIM,2021,1623866400000,1623867300000,1623867600000,1623867900000,1623873000000,1833.798,3.96971428571432,1,4,1839.808,1829.8282857142856,1849.6768571428572,1829.8282857142856,0.9888917518394417,-1.0,STOP
swing,HIGH_RECLAIM,2021,1623919800000,1623919800000,1623920700000,1623921000000,1623930000000,1802.688,9.429285714285763,3,3,1805.688,1793.2587142857144,1840.4051428571431,1793.2587142857144,2.793172806160582,-1.0,STOP
swing,HIGH_RECLAIM,2021,1623930000000,1623930600000,1623931200000,1623931500000,1623932400000,1785.698,7.607857142857158,2,4,1789.795,1778.0901428571428,1816.1294285714287,1778.0901428571428,2.249871848072823,-1.0,STOP
swing,HIGH_RECLAIM,2021,1623938700000,1623938700000,1623939300000,1623939600000,1623943800000,1775.0,7.587357142857139,2,2,1781.126,1767.4126428571428,1805.3494285714285,1767.4126428571428,1.7664112674295585,-1.0,STOP
swing,HIGH_RECLAIM,2021,1623942600000,1623943800000,1623944400000,1623944700000,1624387500000,1767.128,7.854357142857144,2,6,1772.258,1759.2736428571427,1798.5454285714286,1781.568,2.02454601966099,0.7170166299008,864BAR_TIMEOUT
swing,HIGH_RECLAIM,2021,1624473000000,1624475100000,1624476000000,1624476300000,1624844400000,1776.608,4.95150000000001,3,10,1778.178,1771.6565,1796.414,1771.6565,2.796289197270522,-1.0,STOP
swing,HIGH_RECLAIM,2021,1624843200000,1624844400000,1624845000000,1624845300000,1624857600000,1770.518,3.1350714285714014,2,6,1773.598,1767.3829285714287,1783.0582857142856,1783.0582857142856,1.5221523715392602,1.5221523715392602,TARGET
swing,HIGH_RECLAIM,2021,1624936500000,1624936500000,1624937100000,1624937400000,1624953600000,1773.988,3.0280714285714145,2,2,1775.278,1770.9599285714287,1786.1002857142857,1770.9599285714287,2.5062776040891874,-1.0,STOP
swing,HIGH_RECLAIM,2021,1624965300000,1624965300000,1624966200000,1624966500000,1624970400000,1764.138,3.128357142857112,3,3,1769.538,1761.0096428571428,1776.6514285714284,1761.0096428571428,0.834091308826824,-1.0,STOP
swing,HIGH_RECLAIM,2021,1624969800000,1624971300000,1624972500000,1624972800000,1625071500000,1750.488,5.3871428571428135,4,9,1755.308,1745.1008571428572,1772.0365714285713,1772.0365714285713,1.6389083275017449,1.6389083275017449,TARGET
swing,HIGH_RECLAIM,2021,1625152500000,1625152800000,1625153400000,1625153700000,1625222400000,1768.218,4.5969285714285535,2,3,1770.858,1763.6210714285714,1786.6057142857144,1786.6057142857144,2.17602179298641,2.17602179298641,TARGET
swing,HIGH_RECLAIM,2021,1625711400000,1625712300000,1625712600000,1625712900000,1625733300000,1796.268,4.417285714285673,1,4,1797.988,1791.8507142857143,1813.9371428571428,1813.9371428571428,2.5987290798630878,2.5987290798630878,TARGET
swing,HIGH_RECLAIM,2021,1626063000000,1626063600000,1626063900000,1626064200000,1626084600000,1801.848,3.3027142857142735,1,3,1803.255,1798.5452857142857,1815.058857142857,1798.5452857142857,2.5062788158212848,-1.0,STOP
swing,HIGH_RECLAIM,2021,1626084600000,1626084600000,1626086100000,1626086400000,1626097800000,1798.478,3.4714999999999754,5,5,1801.295,1795.0065000000002,1812.364,1795.0065000000002,1.7601971853383418,-1.0,STOP
swing,HIGH_RECLAIM,2021,1626096900000,1626098400000,1626098700000,1626099000000,1626141300000,1791.375,4.5843571428571295,1,6,1794.768,1786.7906428571428,1809.7124285714285,1809.7124285714285,1.8733558375043242,1.8733558375043242,TARGET
swing,HIGH_RECLAIM,2021,1626179400000,1626180900000,1626181800000,1626182100000,1626251400000,1798.508,4.172857142857148,3,8,1809.748,1794.335142857143,1815.1994285714286,1815.1994285714286,0.353693576791176,0.353693576791176,TARGET
swing,HIGH_RECLAIM,2021,1626345000000,1626345000000,1626345300000,1626345600000,1626358200000,1823.338,2.8089285714285745,1,1,1825.878,1820.5290714285713,1834.5737142857142,1820.5290714285713,1.625692728850903,-1.0,STOP
swing,HIGH_RECLAIM,2021,1626361200000,1626361200000,1626361500000,1626361800000,1626434100000,1820.13,4.010928571428606,1,1,1822.976,1816.1190714285715,1836.1737142857146,1816.1190714285715,1.9247268143796297,-1.0,STOP
swing,HIGH_RECLAIM,2021,1626432300000,1626434100000,1626434700000,1626435000000,1626446700000,1815.348,2.9950714285714475,2,8,1817.888,1812.3529285714285,1827.3282857142858,1812.3529285714285,1.705539998193371,-1.0,STOP
swing,HIGH_RECLAIM,2021,1626449400000,1626449400000,1626450900000,1626451200000,1626675300000,1809.468,4.745071428571448,5,5,1812.658,1804.7229285714286,1828.448285714286,1804.7229285714286,1.9899361784483731,-1.0,STOP
swing,HIGH_RECLAIM,2021,1626674700000,1626678000000,1626678300000,1626678600000,1626696000000,1802.548,3.497214285714303,1,12,1804.928,1799.0507857142857,1816.5368571428571,1799.0507857142857,1.9752312198441155,-1.0,STOP
swing,HIGH_RECLAIM,2021,1626695100000,1626697800000,1626698100000,1626698400000,1626699300000,1794.865,3.761785714285744,1,10,1801.228,1791.1032142857143,1809.912142857143,1809.912142857143,0.8577112743126851,0.8577112743126851,TARGET
swing,HIGH_RECLAIM,2021,1626792000000,1626792600000,1626792900000,1626793200000,1626860400000,1806.418,3.9107142857142208,1,3,1809.448,1802.5072857142857,1822.0608571428568,1802.5072857142857,1.8172275393638997,-1.0,STOP
swing,HIGH_RECLAIM,2021,1626860400000,1626860400000,1626861300000,1626861600000,1626868800000,1802.475,2.9951428571428584,3,3,1804.805,1799.479857142857,1814.4555714285714,1799.479857142857,1.8122652645133013,-1.0,STOP
swing,HIGH_RECLAIM,2021,1626867300000,1626869100000,1626869400000,1626869700000,1626941700000,1798.208,3.647642857142858,1,7,1799.958,1794.5603571428571,1812.7985714285714,1794.5603571428571,2.3789220162239584,-1.0,STOP
swing,HIGH_RECLAIM,2021,1626941100000,1626942900000,1626943200000,1626943500000,1626957000000,1792.648,2.34614285714289,1,7,1795.548,1790.301857142857,1802.0325714285714,1802.0325714285714,1.236064591672746,1.236064591672746,TARGET
swing,HIGH_RECLAIM,2021,1627019700000,1627020000000,1627020300000,1627020600000,1627034700000,1801.218,2.302642857142879,1,2,1803.458,1798.9153571428571,1810.4285714285716,1798.9153571428571,1.5344748966146033,-1.0,STOP
swing,HIGH_RECLAIM,2021,1627034100000,1627035000000,1627036500000,1627036800000,1627039800000,1796.938,2.952857142857153,5,8,1799.228,1793.985142857143,1808.7494285714288,1793.985142857143,1.816076294277999,-1.0,STOP
swing,HIGH_RECLAIM,2021,1627038000000,1627039800000,1627040400000,1627040700000,1627044000000,1789.407,3.256428571428582,2,8,1795.438,1786.1505714285713,1802.4327142857142,1802.4327142857142,0.7531378822370827,0.7531378822370827,TARGET
swing,HIGH_RECLAIM,2021,1627308300000,1627309200000,1627309500000,1627309800000,1627495200000,1796.598,3.766142857142849,1,4,1799.365,1792.8318571428572,1811.6625714285713,1792.8318571428572,1.882336219714843,-1.0,STOP
swing,HIGH_RECLAIM,2021,1627495200000,1627495200000,1627495800000,1627496100000,1627501200000,1792.418,3.6322857142856555,2,2,1799.168,1788.7857142857142,1806.9471428571426,1806.9471428571426,0.7492707358687742,0.7492707358687742,TARGET
swing,HIGH_RECLAIM,2021,1627622100000,1627623000000,1627624500000,1627624800000,1627649400000,1825.748,2.56578571428575,5,8,1828.288,1823.1822142857143,1836.011142857143,1823.1822142857143,1.5126257327122326,-1.0,STOP
swing,HIGH_RECLAIM,2021,1627648800000,1627650300000,1627650900000,1627651200000,1627662000000,1821.638,2.9363571428571698,2,7,1824.85,1818.7016428571428,1833.3834285714286,1818.7016428571428,1.3879201180338785,-1.0,STOP
swing,HIGH_RECLAIM,2021,1627661400000,1627662600000,1627662900000,1627663200000,1627664400000,1816.828,3.1994285714285815,1,5,1818.565,1813.6285714285714,1829.6257142857144,1813.6285714285714,2.2406308783098976,-1.0,STOP
swing,HIGH_RECLAIM,2021,1627663800000,1627664400000,1627664700000,1627665000000,1627868100000,1812.338,3.662928571428584,1,3,1816.148,1808.6750714285713,1826.9897142857144,1808.6750714285713,1.450798596840042,-1.0,STOP
swing,HIGH_RECLAIM,2021,1627867800000,1627868100000,1627869300000,1627869600000,1628079300000,1808.348,3.9668571428571306,4,5,1810.908,1804.3811428571428,1824.2154285714284,1824.2154285714284,2.0388723516021727,2.0388723516021727,TARGET
swing,HIGH_RECLAIM,2021,1628089500000,1628090400000,1628091300000,1628091600000,1628170800000,1806.325,4.834428571428605,3,6,1808.578,1801.4905714285715,1825.6627142857144,1801.4905714285715,2.4105659920987237,-1.0,STOP
swing,HIGH_RECLAIM,2021,1628170800000,1628171100000,1628171700000,1628172000000,1628247300000,1797.708,2.870857142857111,2,3,1803.598,1794.837142857143,1809.1914285714286,1794.837142857143,0.638456772005359,-1.0,STOP
swing,HIGH_RECLAIM,2021,1628244900000,1628247600000,1628247900000,1628248200000,1628253000000,1794.575,2.1075000000000403,1,10,1796.848,1792.4675,1803.005,1792.4675,1.4055473119507307,-1.0,STOP
swing,HIGH_RECLAIM,2021,1628253000000,1628255100000,1628255400000,1628255700000,1628257500000,1770.805,4.105571428571466,1,8,1774.858,1766.6994285714286,1787.227285714286,1766.6994285714286,1.5161092628261723,-1.0,STOP
swing,HIGH_RECLAIM,2021,1628255700000,1628258100000,1628258700000,1628259000000,1628460900000,1763.058,4.997571428571454,2,10,1766.278,1758.0604285714285,1783.0482857142858,1758.0604285714285,2.0407836865253737,-1.0,STOP
swing,HIGH_RECLAIM,2021,1628460900000,1628461500000,1628461800000,1628462100000,1628462700000,1753.668,6.485428571428575,1,3,1755.548,1747.1825714285712,1779.6097142857143,1747.1825714285712,2.876327743433794,-1.0,STOP
swing,HIGH_RECLAIM,2021,1628462400000,1628463900000,1628465400000,1628465700000,1628466000000,1684.878,6.485428571428575,5,8,1708.918,1678.3925714285713,1710.8197142857143,1710.8197142857143,0.062299347616511826,0.062299347616511826,TARGET
swing,HIGH_RECLAIM,2021,1628520900000,1628521500000,1628522100000,1628522400000,1628604600000,1726.098,7.951214285714302,2,4,1731.258,1718.1467857142857,1757.902857142857,1718.1467857142857,2.0322188747909182,-1.0,STOP
swing,HIGH_RECLAIM,2021,1628769600000,1628769600000,1628769900000,1628770200000,1628771100000,1748.713,2.975785714285751,1,1,1750.628,1745.7372142857141,1760.616142857143,1745.7372142857141,2.0422368594003135,-1.0,STOP
swing,HIGH_RECLAIM,2021,1628770800000,1628771400000,1628772300000,1628772600000,1628818200000,1743.848,2.975785714285751,3,5,1749.711,1740.872214285714,1755.751142857143,1755.751142857143,0.6833679480859405,0.6833679480859405,TARGET
swing,HIGH_RECLAIM,2021,1629093900000,1629093900000,1629094800000,1629095100000,1629120900000,1771.788,2.9667857142857366,3,3,1774.108,1768.8212142857142,1783.655142857143,1783.655142857143,1.8058501655069892,1.8058501655069892,TARGET
swing,HIGH_RECLAIM,2021,1629209400000,1629209700000,1629210000000,1629210300000,1629299700000,1780.898,3.595571428571426,1,2,1784.658,1777.3024285714284,1795.2802857142856,1777.3024285714284,1.4441142768358173,-1.0,STOP
swing,HIGH_RECLAIM,2021,1629299400000,1629299700000,1629300000000,1629300300000,1629378600000,1777.208,3.7795714285714275,1,2,1780.018,1773.4284285714286,1792.3262857142859,1792.3262857142859,1.8678431287532535,1.8678431287532535,TARGET
swing,HIGH_RECLAIM,2021,1629468000000,1629468000000,1629468300000,1629468600000,1629721500000,1779.118,3.5825714285714088,1,1,1781.848,1775.5354285714286,1793.4482857142855,1793.4482857142855,1.8376482302887593,1.8376482302887593,TARGET
swing,HIGH_RECLAIM,2021,1629848700000,1629849000000,1629849300000,1629849600000,1629851700000,1801.085,3.151999999999995,1,2,1801.668,1797.933,1813.693,1797.933,3.219544846050981,-1.0,STOP
swing,HIGH_RECLAIM,2021,1629850800000,1629852300000,1629853800000,1629854100000,1629890700000,1793.848,3.151999999999995,5,10,1796.268,1790.696,1806.456,1790.696,1.828427853553421,-1.0,STOP
swing,HIGH_RECLAIM,2021,1629890700000,1629890700000,1629891000000,1629891300000,1629898800000,1790.208,3.3340000000000276,1,1,1792.654,1786.874,1803.544,1786.874,1.8840830449827253,-1.0,STOP
swing,HIGH_RECLAIM,2021,1629960900000,1629960900000,1629961200000,1629961500000,1629982200000,1783.558,2.554785714285702,1,1,1784.948,1781.0032142857142,1793.7771428571427,1781.0032142857142,2.2381806000686475,-1.0,STOP
swing,HIGH_RECLAIM,2021,1629981600000,1629982200000,1629982500000,1629982800000,1629987900000,1780.768,2.525214285714274,1,3,1784.108,1778.2427857142857,1790.8688571428572,1790.8688571428572,1.1527042003093548,1.1527042003093548,TARGET
swing,HIGH_RECLAIM,2021,1630069800000,1630071000000,1630071900000,1630072200000,1630072800000,1787.698,3.3244285714285815,3,7,1792.348,1784.3735714285715,1800.9957142857145,1784.3735714285715,1.0844305906379774,-1.0,STOP_BOTH
swing,HIGH_RECLAIM,2021,1630309500000,1630309500000,1630309800000,1630310100000,1630337400000,1812.778,3.291785714285733,1,1,1814.378,1809.4862142857144,1825.9451428571429,1809.4862142857144,2.364605388041265,-1.0,STOP
swing,HIGH_RECLAIM,2021,1630346700000,1630348500000,1630349100000,1630349400000,1630391400000,1807.618,2.693785714285728,2,8,1808.868,1804.9242142857142,1818.393142857143,1818.393142857143,2.4152282976835666,2.4152282976835666,TARGET
swing,HIGH_RECLAIM,2021,1630414500000,1630415100000,1630416000000,1630416300000,1630416900000,1801.598,2.890071428571462,3,5,1807.248,1798.7079285714285,1813.1582857142857,1813.1582857142857,0.6920651382975941,0.6920651382975941,TARGET
swing,HIGH_RECLAIM,2021,1630421400000,1630423200000,1630423500000,1630423800000,1630672200000,1804.048,4.3138571428571755,1,7,1806.715,1799.7341428571428,1821.3034285714286,1821.3034285714286,2.089776122457374,2.089776122457374,TARGET
swing,HIGH_RECLAIM,2021,1630915200000,1630915200000,1630915500000,1630915800000,1630931100000,1824.617,2.1205714285714197,1,1,1825.985,1822.4964285714286,1833.0992857142855,1822.4964285714286,2.0393120393121076,-1.0,STOP
swing,HIGH_RECLAIM,2021,1630930800000,1630931100000,1630932000000,1630932300000,1630992300000,1822.348,2.1536428571428456,3,4,1823.558,1820.1943571428571,1830.9625714285714,1820.1943571428571,2.2013548236393463,-1.0,STOP
swing,HIGH_RECLAIM,2021,1630993200000,1630995300000,1630995600000,1630995900000,1631002500000,1816.008,2.3089285714285745,1,8,1817.765,1813.6990714285714,1825.2437142857143,1813.6990714285714,1.839361945083638,-1.0,STOP
swing,HIGH_RECLAIM,2021,1631001900000,1631002800000,1631003400000,1631003700000,1631007000000,1813.125,2.522285714285707,2,5,1815.048,1810.6027142857142,1823.2141428571429,1810.6027142857142,1.8370344184850482,-1.0,STOP
swing,HIGH_RECLAIM,2021,1631010900000,1631011200000,1631011500000,1631011800000,1631023200000,1809.528,2.868142857142857,1,2,1811.068,1806.6598571428572,1821.0005714285714,1806.6598571428572,2.253232653854906,-1.0,STOP
swing,HIGH_RECLAIM,2021,1631023200000,1631025000000,1631025300000,1631025600000,1631108700000,1793.158,3.575571428571428,1,7,1798.954,1789.5824285714284,1807.4602857142856,1789.5824285714284,0.9076690904101942,-1.0,STOP
swing,HIGH_RECLAIM,2021,1631108100000,1631109000000,1631109300000,1631109600000,1631113800000,1782.254,2.9565714285714484,1,4,1788.734,1779.2974285714286,1794.0802857142858,1794.0802857142858,0.5665495942836551,0.5665495942836551,TARGET
swing,HIGH_RECLAIM,2021,1631165400000,1631166300000,1631167200000,1631167500000,1631186700000,1786.518,2.984642857142863,3,6,1787.938,1783.533357142857,1798.4565714285716,1798.4565714285716,2.3880645422848508,2.3880645422848508,TARGET
swing,HIGH_RECLAIM,2021,1631197800000,1631198700000,1631199000000,1631199300000,1631242500000,1783.717,3.8517142857142517,1,4,1788.778,1779.8652857142858,1799.123857142857,1799.123857142857,1.1607975764958647,1.1607975764958647,TARGET
swing,HIGH_RECLAIM,2021,1631277900000,1631279100000,1631279700000,1631280000000,1631303400000,1791.627,4.195785714285681,2,6,1794.524,1787.4312142857143,1808.4101428571428,1787.4312142857143,1.957784066304837,-1.0,STOP
swing,HIGH_RECLAIM,2021,1631301900000,1631303700000,1631304000000,1631304300000,1631620200000,1787.094,4.419857142857105,1,7,1788.265,1782.674142857143,1804.7734285714284,1782.674142857143,2.9527544971381117,-1.0,STOP
swing,HIGH_RECLAIM,2021,1631620200000,1631620200000,1631621400000,1631621700000,1631622600000,1782.018,2.0349999999999846,4,4,1786.124,1779.983,1790.158,1790.158,0.6568962709656128,0.6568962709656128,TARGET
swing,HIGH_RECLAIM,2021,1631686800000,1631687700000,1631688000000,1631688300000,1631710200000,1800.658,2.2582142857143026,1,4,1802.698,1798.3997857142856,1809.690857142857,1798.3997857142856,1.626921479019419,-1.0,STOP
swing,HIGH_RECLAIM,2021,1631710200000,1631711400000,1631711700000,1631712000000,1631719800000,1794.378,3.0233571428571264,1,5,1797.828,1791.3546428571428,1806.4714285714285,1791.3546428571428,1.3352312224833645,-1.0,STOP
swing,HIGH_RECLAIM,2021,1631723700000,1631723700000,1631724000000,1631724300000,1631770800000,1791.694,3.768071428571407,1,1,1792.738,1787.9259285714286,1806.7662857142857,1787.9259285714286,2.9152280722587105,-1.0,STOP
swing,HIGH_RECLAIM,2021,1631776200000,1631776500000,1631776800000,1631777100000,1631785800000,1782.694,2.6597142857143092,1,2,1785.957,1780.0342857142857,1793.3328571428572,1780.0342857142857,1.2453508285293537,-1.0,STOP
swing,HIGH_RECLAIM,2021,1631786100000,1631786400000,1631786700000,1631787000000,1631793000000,1775.328,3.1672857142857374,1,2,1778.887,1772.1607142857142,1787.997142857143,1772.1607142857142,1.3544091411095327,-1.0,STOP
swing,HIGH_RECLAIM,2021,1631795100000,1631796300000,1631796600000,1631796900000,1631798700000,1761.072,3.856714285714296,1,5,1763.754,1757.2152857142855,1776.498857142857,1757.2152857142855,1.949138100543994,-1.0,STOP
swing,HIGH_RECLAIM,2021,1631796900000,1631800200000,1631800500000,1631800800000,1631859600000,1745.218,4.583071428571445,1,12,1752.977,1740.6349285714286,1763.5502857142858,1763.5502857142858,0.8566864788846492,0.8566864788846492,TARGET
swing,HIGH_RECLAIM,2021,1631883300000,1631883600000,1631883900000,1631884200000,1631888100000,1751.377,3.8157142857142907,1,2,1755.037,1747.5612857142858,1766.6398571428572,1747.5612857142858,1.5520733804700964,-1.0,STOP
swing,HIGH_RECLAIM,2021,1631888100000,1631888100000,1631888400000,1631888700000,1632104400000,1747.258,4.24571428571429,1,1,1751.657,1743.0122857142858,1764.2408571428573,1743.0122857142858,1.4556706823327719,-1.0,STOP
swing,HIGH_RECLAIM,2021,1632104400000,1632104400000,1632105900000,1632106200000,1632140100000,1741.978,4.546785714285745,5,5,1749.244,1737.4312142857143,1760.165142857143,1760.165142857143,0.9245188324999309,0.9245188324999309,TARGET
swing,HIGH_RECLAIM,2021,1632207600000,1632207600000,1632207900000,1632208200000,1632226200000,1759.868,2.553285714285721,1,1,1761.594,1757.3147142857142,1770.0811428571428,1770.0811428571428,1.9833082957769235,1.9833082957769235,TARGET
swing,HIGH_RECLAIM,2021,1632311700000,1632313200000,1632313500000,1632313800000,1632333600000,1771.388,2.8437142857142783,1,6,1774.298,1768.5442857142857,1782.762857142857,1768.5442857142857,1.4711987287714494,-1.0,STOP_BOTH
swing,HIGH_RECLAIM,2021,1632336300000,1632337500000,1632338100000,1632338400000,1632402300000,1764.498,4.89064285714286,2,6,1773.744,1759.6073571428572,1784.0605714285714,1759.6073571428572,0.7297752042564242,-1.0,STOP
swing,HIGH_RECLAIM,2021,1632408600000,1632408600000,1632408900000,1632409200000,1632428400000,1748.738,5.273357142857159,1,1,1752.007,1743.464642857143,1769.8314285714287,1743.464642857143,2.086593696955521,-1.0,STOP
swing,HIGH_RECLAIM,2021,1632488400000,1632488700000,1632489000000,1632489300000,1632705300000,1741.838,3.5846428571428697,1,2,1744.387,1738.253357142857,1756.1765714285714,1756.1765714285714,1.9221157317371498,1.9221157317371498,TARGET
swing,HIGH_RECLAIM,2021,1632737100000,1632737100000,1632738000000,1632738300000,1632812100000,1744.764,3.7146428571428323,3,3,1748.208,1741.0493571428572,1759.6225714285713,1741.0493571428572,1.5945161193761332,-1.0,STOP
swing,HIGH_RECLAIM,2021,1632809400000,1632812700000,1632813000000,1632813300000,1632826500000,1735.698,2.896571428571438,1,12,1740.638,1732.8014285714287,1747.284285714286,1732.8014285714287,0.8481114189879562,-1.0,STOP
swing,HIGH_RECLAIM,2021,1632825900000,1632827100000,1632828900000,1632829200000,1632924900000,1731.698,4.34414285714284,6,10,1733.978,1727.3538571428574,1749.0745714285715,1727.3538571428574,2.2790226228730925,-1.0,STOP
swing,HIGH_RECLAIM,2021,1632924300000,1632925200000,1632925500000,1632925800000,1632936900000,1725.748,3.920714285714293,1,4,1729.365,1721.8272857142858,1741.4308571428571,1721.8272857142858,1.600731559396578,-1.0,STOP
swing,HIGH_RECLAIM,2021,1632934500000,1632936900000,1632937200000,1632937500000,1633008300000,1721.548,4.84857142857142,1,9,1725.018,1716.6994285714286,1740.9422857142856,1740.9422857142856,1.91430534088956,1.91430534088956,TARGET
swing,HIGH_RECLAIM,2021,1633090200000,1633090500000,1633090800000,1633091100000,1633098600000,1749.655,3.576714285714307,1,2,1753.688,1746.0782857142856,1763.9618571428573,1763.9618571428573,1.3500976195839562,1.3500976195839562,TARGET
swing,HIGH_RECLAIM,2021,1633335300000,1633337100000,1633337400000,1633337700000,1633357200000,1748.738,3.157499999999995,1,7,1751.098,1745.5805,1761.368,1761.368,1.8613502492070897,1.8613502492070897,TARGET
swing,HIGH_RECLAIM,2021,1633412100000,1633412700000,1633413300000,1633413600000,1633439700000,1756.235,4.484785714285733,2,4,1757.958,1751.7502142857143,1774.174142857143,1751.7502142857143,2.612226581826917,-1.0,STOP
swing,HIGH_RECLAIM,2021,1633439100000,1633439700000,1633440900000,1633441200000,1633504200000,1751.358,3.7066428571428918,4,6,1755.448,1747.651357142857,1766.1845714285714,1747.651357142857,1.3770762141214115,-1.0,STOP
swing,HIGH_RECLAIM,2021,1633503900000,1633504200000,1633504800000,1633505100000,1633521900000,1747.328,2.6015714285714955,2,3,1751.583,1744.7264285714284,1757.734285714286,1757.734285714286,0.8971372614384495,0.8971372614384495,TARGET
swing,HIGH_RECLAIM,2021,1633586100000,1633586400000,1633586700000,1633587000000,1633591200000,1755.928,2.6530714285714145,1,2,1758.698,1753.2749285714287,1766.5402857142858,1766.5402857142858,1.4460967032388283,1.4460967032388283,TARGET
swing,HIGH_RECLAIM,2021,1633610400000,1633612200000,1633613400000,1633613700000,1633696200000,1751.838,3.8155714285713884,4,10,1755.928,1748.0224285714285,1767.1002857142855,1767.1002857142855,1.4132167187696867,1.4132167187696867,TARGET
swing,HIGH_RECLAIM,2021,1633904700000,1633905000000,1633905300000,1633905600000,1634125800000,1750.995,5.647142857142853,1,2,1752.795,1745.347857142857,1773.5835714285713,1773.5835714285713,2.7914828313829876,2.7914828313829876,TARGET
swing,HIGH_RECLAIM,2021,1634128800000,1634128800000,1634129400000,1634129700000,1634131500000,1758.121,2.6797142857143075,2,2,1762.878,1755.4412857142859,1768.8398571428572,1768.8398571428572,0.80167892886648,0.80167892886648,TARGET
swing,HIGH_RECLAIM,2021,1634273700000,1634275200000,1634275500000,1634275800000,1634282400000,1792.168,2.5430714285714333,1,6,1792.908,1789.6249285714284,1802.3402857142855,1789.6249285714284,2.873006548745663,-1.0,STOP
swing,HIGH_RECLAIM,2021,1634282400000,1634284200000,1634284800000,1634285100000,1634289300000,1785.374,2.23471428571429,2,8,1788.704,1783.1392857142857,1794.3128571428572,1783.1392857142857,1.0079326367674148,-1.0,STOP
swing,HIGH_RECLAIM,2021,1634288700000,1634290500000,1634291100000,1634291400000,1634298300000,1780.704,2.594571428571417,2,8,1782.674,1778.1094285714285,1791.0822857142857,1778.1094285714285,1.8420756134200964,-1.0,STOP
swing,HIGH_RECLAIM,2021,1634302200000,1634302500000,1634302800000,1634303100000,1634551800000,1764.748,4.0709999999999615,1,2,1769.234,1760.6770000000001,1781.032,1760.6770000000001,1.378754236297802,-1.0,STOP
swing,HIGH_RECLAIM,2021,1634550000000,1634552100000,1634553600000,1634553900000,1634611800000,1760.184,3.307214285714313,5,12,1762.214,1756.8767857142857,1773.4128571428573,1773.4128571428573,2.0982588562787465,2.0982588562787465,TARGET
swing,HIGH_RECLAIM,2021,1634657700000,1634658000000,1634658600000,1634658900000,1634733600000,1769.364,4.594571428571418,2,3,1771.364,1764.7694285714285,1787.7422857142858,1787.7422857142858,2.4836012304492687,2.4836012304492687,TARGET
swing,HIGH_RECLAIM,2021,1634799900000,1634799900000,1634801700000,1634802000000,1634817300000,1780.738,3.284285714285699,6,6,1783.238,1777.4537142857143,1793.875142857143,1777.4537142857143,1.8389725858236607,-1.0,STOP
swing,HIGH_RECLAIM,2021,1634814600000,1634817600000,1634817900000,1634818200000,1634884500000,1776.374,3.597857142857119,1,11,1779.348,1772.776142857143,1790.7654285714284,1790.7654285714284,1.7373214790340024,1.7373214790340024,TARGET
swing,HIGH_RECLAIM,2021,1634917200000,1634917200000,1634918400000,1634918700000,1635137700000,1782.788,4.320714285714287,4,4,1787.938,1778.4672857142857,1800.0708571428572,1800.0708571428572,1.2810920883927728,1.2810920883927728,TARGET
swing,HIGH_RECLAIM,2021,1635233100000,1635233700000,1635234300000,1635234600000,1635251100000,1800.808,2.3982857142857483,2,4,1802.778,1798.4097142857142,1810.401142857143,1798.4097142857142,1.745110864019884,-1.0,STOP
swing,HIGH_RECLAIM,2021,1635255000000,1635258300000,1635258600000,1635258900000,1635359700000,1782.288,4.106571428571475,1,12,1786.844,1778.1814285714286,1798.714285714286,1798.714285714286,1.3702958540849166,1.3702958540849166,TARGET
swing,HIGH_RECLAIM,2021,1635431700000,1635431700000,1635432000000,1635432300000,1635509100000,1792.198,4.7547142857143045,1,1,1796.404,1787.4432857142858,1811.2168571428574,1787.4432857142858,1.6530888800319354,-1.0,STOP
swing,HIGH_RECLAIM,2021,1635509100000,1635509700000,1635510000000,1635510300000,1635511800000,1784.558,3.694071428571387,1,3,1787.698,1780.8639285714287,1799.3342857142854,1780.8639285714287,1.7026871661945446,-1.0,STOP
swing,HIGH_RECLAIM,2021,1635510600000,1635511800000,1635512700000,1635513000000,1635515400000,1775.918,3.694071428571387,3,7,1782.208,1772.2239285714286,1790.6942857142853,1772.2239285714286,0.8499824720804768,-1.0,STOP
swing,HIGH_RECLAIM,2021,1635514200000,1635516000000,1635516300000,1635516600000,1635775200000,1771.848,5.400642857142851,1,7,1781.274,1766.447357142857,1793.4505714285713,1793.4505714285713,0.821262881010535,0.821262881010535,TARGET
swing,HIGH_RECLAIM,2021,1635853500000,1635853500000,1635855000000,1635855300000,1635899100000,1788.138,2.476714285714284,5,5,1794.384,1785.6612857142857,1798.0448571428572,1785.6612857142857,0.41969242863459605,-1.0,STOP
swing,HIGH_RECLAIM,2021,1635898800000,1635899400000,1635899700000,1635900000000,1635909000000,1782.374,3.1875714285714105,1,3,1785.238,1779.1864285714287,1795.1242857142856,1779.1864285714287,1.6336724817638775,-1.0,STOP
swing,HIGH_RECLAIM,2021,1635908400000,1635909000000,1635909300000,1635909600000,1635943200000,1779.168,3.2355714285713963,1,3,1781.628,1775.9324285714285,1792.1102857142855,1775.9324285714285,1.8404273997341203,-1.0,STOP
swing,HIGH_RECLAIM,2021,1636115400000,1636115400000,1636117200000,1636117500000,1636117800000,1784.894,2.941357142857149,6,6,1795.674,1781.9526428571428,1796.6594285714286,1796.6594285714286,0.07181713595594533,0.07181713595594533,TARGET
swing,HIGH_RECLAIM,2021,1636361700000,1636361700000,1636362600000,1636362900000,1636420800000,1812.313,3.628571428571393,3,3,1814.358,1808.6844285714287,1826.8272857142856,1826.8272857142856,2.197784212514234,2.197784212514234,TARGET
swing,HIGH_RECLAIM,2021,1636443300000,1636444500000,1636444800000,1636445100000,1636466400000,1819.043,2.7665714285714427,1,5,1821.058,1816.2764285714284,1830.1092857142858,1830.1092857142858,1.8929521077947413,1.8929521077947413,TARGET
swing,HIGH_RECLAIM,2021,1636529700000,1636530000000,1636530300000,1636530600000,1636551000000,1823.008,3.0087857142857337,1,2,1824.568,1819.9992142857143,1835.043142857143,1835.043142857143,2.2927630036115154,2.2927630036115154,TARGET
swing,HIGH_RECLAIM,2021,1636686900000,1636689300000,1636689600000,1636689900000,1636707600000,1855.008,3.251714285714278,1,9,1856.024,1851.7562857142857,1868.0148571428572,1851.7562857142857,2.8096672691973925,-1.0,STOP
swing,HIGH_RECLAIM,2021,1636712100000,1636715100000,1636715400000,1636715700000,1636728600000,1845.088,3.490571428571424,1,11,1847.208,1841.5974285714285,1859.0502857142856,1859.0502857142856,2.1107093751590416,2.1107093751590416,TARGET
swing,HIGH_RECLAIM,2021,1636960500000,1636960500000,1636960800000,1636961100000,1637052900000,1856.318,3.8404285714286095,1,1,1857.554,1852.4775714285713,1871.6797142857145,1871.6797142857145,2.7826086956520766,2.7826086956520766,TARGET
swing,HIGH_RECLAIM,2021,1637071500000,1637072100000,1637073000000,1637073300000,1637079900000,1858.978,4.282571428571438,3,5,1864.914,1854.6954285714287,1876.1082857142858,1854.6954285714287,1.095484412134791,-1.0,STOP
swing,HIGH_RECLAIM,2021,1637084700000,1637085600000,1637085900000,1637086200000,1637343600000,1851.238,5.581000000000017,1,4,1853.968,1845.6570000000002,1873.5620000000001,1845.6570000000002,2.3575983636145152,-1.0,STOP
swing,HIGH_RECLAIM,2021,1637343600000,1637343900000,1637345400000,1637345700000,1637577600000,1842.869,5.486857142857145,5,6,1848.524,1837.3821428571428,1864.8164285714286,1837.3821428571428,1.4622722552024001,-1.0,STOP
swing,HIGH_RECLAIM,2021,1637587800000,1637588100000,1637588400000,1637588700000,1637589600000,1834.858,4.307999999999993,1,2,1841.378,1830.55,1852.09,1830.55,0.989287033616551,-1.0,STOP
swing,HIGH_RECLAIM,2021,1637589600000,1637591400000,1637591700000,1637592000000,1637601900000,1811.368,4.227285714285699,1,7,1819.558,1807.1407142857142,1828.2771428571427,1807.1407142857142,0.7021778396474845,-1.0,STOP
swing,HIGH_RECLAIM,2021,1637601600000,1637604300000,1637605200000,1637605500000,1637659800000,1805.008,6.978142857142838,3,12,1807.398,1798.0298571428573,1832.9205714285713,1798.0298571428573,2.7244003232841396,-1.0,STOP
swing,HIGH_RECLAIM,2021,1637657400000,1637660400000,1637661000000,1637661300000,1637672700000,1792.598,4.19235714285711,2,12,1797.104,1788.4056428571428,1809.3674285714285,1788.4056428571428,1.409855719881387,-1.0,STOP
swing,HIGH_RECLAIM,2021,1637672100000,1637673000000,1637673300000,1637673600000,1637683800000,1787.878,4.843357142857128,1,4,1791.924,1783.034642857143,1807.2514285714285,1783.034642857143,1.7242448835284643,-1.0,STOP
swing,HIGH_RECLAIM,2021,1637683800000,1637684100000,1637684400000,1637684700000,1637912700000,1781.928,5.637214285714273,1,2,1783.758,1776.290785714286,1804.4768571428572,1804.4768571428572,2.7746434413292937,2.7746434413292937,TARGET
swing,HIGH_RECLAIM,2021,1638140400000,1638140700000,1638142200000,1638142500000,1638285000000,1775.563,7.802357142857155,5,6,1790.385,1767.760642857143,1806.7724285714287,1806.7724285714287,0.7243268159158538,0.7243268159158538,TARGET
swing,HIGH_RECLAIM,2021,1638290400000,1638290400000,1638290700000,1638291000000,1638456900000,1770.758,6.326785714285701,1,1,1776.165,1764.4312142857143,1796.0651428571427,1764.4312142857143,1.695969514162402,-1.0,STOP
swing,HIGH_RECLAIM,2021,1638455700000,1638456900000,1638457200000,1638457500000,1638552600000,1763.258,4.705500000000013,1,5,1767.515,1758.5525,1782.0800000000002,1782.0800000000002,1.6251046025104499,1.6251046025104499,TARGET
swing,HIGH_RECLAIM,2021,1638780000000,1638780000000,1638780600000,1638780900000,1638801600000,1779.188,3.4514999999999936,2,2,1781.395,1775.7365000000002,1792.9940000000001,1775.7365000000002,2.0498365291155993,-1.0,STOP
swing,HIGH_RECLAIM,2021,1638801600000,1638801600000,1638802800000,1638803100000,1638930000000,1775.587,3.615571428571408,4,4,1780.488,1771.9714285714285,1790.0492857142856,1790.0492857142856,1.122668411164754,1.122668411164754,TARGET
swing,HIGH_RECLAIM,2021,1638968700000,1638968700000,1638969300000,1638969600000,1639052100000,1781.948,3.649000000000001,2,2,1784.418,1778.299,1796.544,1778.299,1.9816963556137233,-1.0,STOP
swing,HIGH_RECLAIM,2021,1639050000000,1639053000000,1639053300000,1639053600000,1639117200000,1774.795,2.945714285714319,1,11,1777.338,1771.8492857142858,1786.5778571428573,1771.8492857142858,1.68342833346353,-1.0,STOP
swing,HIGH_RECLAIM,2021,1639116900000,1639117800000,1639118100000,1639118400000,1639144500000,1771.268,2.8180000000000325,1,4,1772.648,1768.45,1782.5400000000002,1782.5400000000002,2.3563601715103855,2.3563601715103855,TARGET
swing,HIGH_RECLAIM,2021,1639403700000,1639404300000,1639404600000,1639404900000,1639488600000,1781.698,2.9671428571428544,1,3,1784.848,1778.7308571428573,1793.5665714285715,1778.7308571428573,1.4252685660906748,-1.0,STOP
swing,HIGH_RECLAIM,2021,1639551300000,1639551900000,1639552500000,1639552800000,1639592700000,1767.188,3.084785714285723,2,4,1768.218,1764.1032142857143,1779.527142857143,1764.1032142857143,2.748415991112178,-1.0,STOP
swing,HIGH_RECLAIM,2021,1639592700000,1639593900000,1639594500000,1639594800000,1639594800000,1760.108,3.223999999999949,2,6,1762.538,1756.884,1773.0039999999997,1756.884,1.8510788822072293,-1.0,STOP
swing,HIGH_RECLAIM,2021,1639594800000,1639594800000,1639595400000,1639595700000,1639597200000,1752.928,3.553785714285677,2,2,1765.788,1749.3742142857145,1767.1431428571427,1767.1431428571427,0.08256126165722275,0.08256126165722275,TARGET
swing,HIGH_RECLAIM,2021,1639766100000,1639766700000,1639767000000,1639767300000,1639774500000,1799.778,3.9044999999999845,1,3,1801.798,1795.8735000000001,1815.396,1795.8735000000001,2.295214786057945,-1.0,STOP
swing,HIGH_RECLAIM,2021,1640001300000,1640001600000,1640002200000,1640002500000,1640012100000,1794.798,2.9412857142857223,2,3,1796.905,1791.8567142857144,1806.5631428571428,1791.8567142857144,1.913152979795153,-1.0,STOP
swing,HIGH_RECLAIM,2021,1640011200000,1640012100000,1640012400000,1640012700000,1640100900000,1791.605,3.433571428571424,1,4,1796.465,1788.1714285714286,1805.3392857142858,1788.1714285714286,1.0700198088020272,-1.0,STOP
swing,HIGH_RECLAIM,2021,1640100900000,1640101800000,1640103300000,1640103600000,1640188800000,1784.838,3.3099999999999943,5,8,1787.438,1781.528,1798.078,1798.078,1.800338409475419,1.800338409475419,TARGET
swing,HIGH_RECLAIM,2021,1640269800000,1640270400000,1640271000000,1640271300000,1640282700000,1798.778,2.540714285714281,2,4,1801.565,1796.2372857142857,1808.940857142857,1808.940857142857,1.3844318120876988,1.3844318120876988,TARGET
swing,HIGH_RECLAIM,2021,1640595600000,1640598000000,1640598600000,1640598900000,1640673300000,1804.948,2.2283571428571185,2,10,1805.784,1802.719642857143,1813.8614285714286,1813.8614285714286,2.635929232418904,2.635929232418904,TARGET
swing,HIGH_RECLAIM,2021,1640716500000,1640717700000,1640718000000,1640718300000,1640772300000,1804.918,3.47657142857143,1,5,1806.314,1801.4414285714286,1818.8242857142857,1801.4414285714286,2.5674914975958014,-1.0,STOP
swing,HIGH_RECLAIM,2021,1640782200000,1640783700000,1640784000000,1640784300000,1640790300000,1789.348,2.672785714285705,1,6,1791.768,1786.6752142857142,1800.0391428571427,1800.0391428571427,1.6240900994403136,1.6240900994403136,TARGET
swing,HIGH_RECLAIM,2021,1640844000000,1640844300000,1640844600000,1640844900000,1640875200000,1797.585,2.733285714285736,1,2,1798.175,1794.8517142857143,1808.518142857143,1808.518142857143,3.1123242917938874,3.1123242917938874,TARGET
swing,HIGH_RECLAIM,2022,1641193200000,1641193800000,1641194100000,1641194400000,1641215100000,1820.908,2.8926428571428784,1,3,1822.948,1818.015357142857,1832.4785714285715,1818.015357142857,1.9321430122941197,-1.0,STOP
swing,HIGH_RECLAIM,2022,1641220200000,1641220200000,1641220500000,1641220800000,1641222600000,1804.278,4.00157142857144,1,1,1808.568,1800.2764285714286,1820.2842857142857,1800.2764285714286,1.413035612756509,-1.0,STOP
swing,HIGH_RECLAIM,2022,1641221700000,1641222900000,1641223200000,1641223500000,1641363900000,1799.678,4.302285714285712,1,5,1805.414,1795.3757142857144,1816.8871428571429,1816.8871428571429,1.1429384641657778,1.1429384641657778,TARGET
swing,HIGH_RECLAIM,2022,1641412800000,1641414900000,1641415200000,1641415500000,1641447900000,1808.168,4.820785714285729,1,8,1810.538,1803.3472142857142,1827.4511428571427,1803.3472142857142,2.3520576928807313,-1.0,STOP
swing,HIGH_RECLAIM,2022,1641447300000,1641450000000,1641450300000,1641450600000,1641457500000,1801.308,3.9132857142857183,1,10,1802.658,1797.3947142857144,1816.961142857143,1797.3947142857144,2.7175311456723046,-1.0,STOP
swing,HIGH_RECLAIM,2022,1641460500000,1641460500000,1641460800000,1641461100000,1641474000000,1794.494,4.1622857142857255,1,1,1795.818,1790.3317142857143,1811.1431428571427,1790.3317142857143,2.793354858868846,-1.0,STOP
swing,HIGH_RECLAIM,2022,1641473700000,1641475500000,1641475800000,1641476100000,1641864300000,1786.738,4.67085714285713,1,7,1790.498,1782.067142857143,1805.4214285714286,1805.4214285714286,1.770096245086078,1.770096245086078,TARGET
swing,HIGH_RECLAIM,2022,1641910200000,1641910200000,1641911100000,1641911400000,1641917400000,1801.638,2.930928571428516,3,3,1803.578,1798.7070714285715,1813.361714285714,1813.361714285714,2.0085932573724277,2.0085932573724277,TARGET
swing,HIGH_RECLAIM,2022,1641974400000,1641974400000,1641975000000,1641975300000,1642008900000,1815.298,2.5735714285714266,2,2,1817.448,1812.7244285714287,1825.5922857142857,1825.5922857142857,1.7241796461515078,1.7241796461515078,TARGET
swing,HIGH_RECLAIM,2022,1642057800000,1642057800000,1642058400000,1642058700000,1642063200000,1823.358,2.2483571428570843,2,2,1825.348,1821.109642857143,1832.3514285714282,1821.109642857143,1.6523922678935277,-1.0,STOP
swing,HIGH_RECLAIM,2022,1642062300000,1642065000000,1642065300000,1642065600000,1642087800000,1818.918,2.434714285714254,1,10,1820.874,1816.4832857142856,1828.656857142857,1816.4832857142856,1.7725719863346883,-1.0,STOP
swing,HIGH_RECLAIM,2022,1642085100000,1642087800000,1642088100000,1642088400000,1642089600000,1816.268,3.244285714285703,1,10,1817.918,1813.0237142857143,1829.2451428571428,1813.0237142857143,2.3143607705779923,-1.0,STOP
swing,HIGH_RECLAIM,2022,1642088400000,1642089600000,1642090200000,1642090500000,1642130100000,1812.228,3.5256428571428517,2,6,1815.678,1808.7023571428572,1826.3305714285714,1826.3305714285714,1.527109636592594,1.527109636592594,TARGET
swing,HIGH_RECLAIM,2022,1642164900000,1642164900000,1642165200000,1642165500000,1642180200000,1819.408,2.8428571428571723,1,1,1822.834,1816.5651428571427,1830.7794285714285,1816.5651428571427,1.267444510277511,-1.0,STOP
swing,HIGH_RECLAIM,2022,1642180200000,1642180500000,1642180800000,1642181100000,1642496100000,1815.768,3.773500000000045,1,2,1817.854,1811.9945,1830.8620000000003,1811.9945,2.219984640327709,-1.0,STOP
swing,HIGH_RECLAIM,2022,1642494300000,1642496400000,1642496700000,1642497000000,1642511400000,1811.528,2.8485714285714363,1,8,1812.778,1808.6794285714286,1822.9222857142859,1808.6794285714286,2.475078424538213,-1.0,STOP
swing,HIGH_RECLAIM,2022,1642511400000,1642512000000,1642512600000,1642512900000,1642512900000,1805.658,3.3517857142857275,2,4,1816.738,1802.306214285714,1819.0651428571427,1819.0651428571427,0.16125120641439805,0.16125120641439805,TARGET
swing,HIGH_RECLAIM,2022,1642671900000,1642672200000,1642672500000,1642672800000,1642691100000,1836.918,2.639928571428576,1,2,1838.428,1834.2780714285714,1847.4777142857142,1847.4777142857142,2.180691578168167,2.180691578168167,TARGET
swing,HIGH_RECLAIM,2022,1642752900000,1642755300000,1642755600000,1642755900000,1642773000000,1828.384,3.0424285714286077,1,9,1832.228,1825.3415714285713,1840.5537142857145,1840.5537142857145,1.2090032154340753,1.2090032154340753,TARGET
swing,HIGH_RECLAIM,2022,1643036400000,1643037600000,1643038500000,1643038800000,1643121900000,1829.558,3.94600000000001,3,7,1832.748,1825.612,1845.342,1845.342,1.7648542600897013,1.7648542600897013,TARGET
swing,HIGH_RECLAIM,2022,1643197800000,1643198700000,1643199000000,1643199300000,1643206500000,1842.544,2.293500000000011,1,4,1844.608,1840.2505,1851.718,1840.2505,1.6316695352840802,-1.0,STOP
swing,HIGH_RECLAIM,2022,1643205600000,1643208000000,1643208600000,1643208900000,1643223600000,1831.158,2.679928571428572,2,10,1834.568,1828.4780714285714,1841.877714285714,1828.4780714285714,1.2002955699691233,-1.0,STOP
swing,HIGH_RECLAIM,2022,1643223000000,1643223900000,1643224200000,1643224500000,1643226000000,1824.768,4.211571428571427,1,4,1832.268,1820.5564285714286,1841.6142857142856,1820.5564285714286,0.79803856991253,-1.0,STOP
swing,HIGH_RECLAIM,2022,1643229900000,1643229900000,1643230200000,1643230500000,1643271300000,1814.838,5.368714285714288,1,1,1818.138,1809.4692857142857,1836.3128571428572,1809.4692857142857,2.096603549710803,-1.0,STOP
swing,HIGH_RECLAIM,2022,1643270400000,1643271300000,1643271600000,1643271900000,1643290200000,1809.458,4.911285714285684,1,4,1811.948,1804.5467142857144,1829.1031428571428,1804.5467142857144,2.317859831303427,-1.0,STOP
swing,HIGH_RECLAIM,2022,1643290200000,1643291700000,1643292000000,1643292300000,1643300400000,1797.904,4.923928571428535,1,6,1801.068,1792.9800714285714,1817.599714285714,1792.9800714285714,2.04399855163335,-1.0,STOP
swing,HIGH_RECLAIM,2022,1643300100000,1643302500000,1643302800000,1643303100000,1643367900000,1791.778,6.1371428571428295,1,9,1794.558,1785.6408571428572,1816.3265714285712,1785.6408571428572,2.4412047420698353,-1.0,STOP
swing,HIGH_RECLAIM,2022,1643365200000,1643368500000,1643368800000,1643369100000,1643373000000,1780.158,2.5197142857142905,1,12,1782.578,1777.6382857142855,1790.2368571428572,1790.2368571428572,1.5504656139741624,1.5504656139741624,TARGET
swing,HIGH_RECLAIM,2022,1643771700000,1643772600000,1643774400000,1643774700000,1643899500000,1797.208,3.5395714285714512,6,9,1797.948,1793.6684285714286,1811.3662857142858,1793.6684285714286,3.1354274460059344,-1.0,STOP
swing,HIGH_RECLAIM,2022,1643898600000,1643899800000,1643900400000,1643900700000,1643901000000,1788.538,2.443071428571443,2,6,1792.468,1786.0949285714287,1798.3102857142858,1798.3102857142858,0.9167143001244116,0.9167143001244116,TARGET
swing,HIGH_RECLAIM,2022,1643981400000,1643983200000,1643983800000,1643984100000,1643985600000,1792.018,3.5539285714285307,2,8,1803.258,1788.4640714285715,1806.233714285714,1806.233714285714,0.2011442918185395,0.2011442918185395,TARGET
swing,HIGH_RECLAIM,2022,1644304800000,1644306000000,1644306300000,1644306600000,1644328200000,1815.314,2.186928571428585,1,5,1816.808,1813.1270714285715,1824.0617142857145,1824.0617142857145,1.9706207672754585,1.9706207672754585,TARGET
swing,HIGH_RECLAIM,2022,1644415200000,1644415200000,1644415500000,1644415800000,1644424800000,1824.538,2.0585714285714403,1,1,1826.988,1822.4794285714286,1832.7722857142858,1832.7722857142858,1.2829531051964351,1.2829531051964351,TARGET
swing,HIGH_RECLAIM,2022,1644481800000,1644482100000,1644482700000,1644483000000,1644499800000,1830.278,1.5912142857142564,2,3,1831.588,1828.6867857142859,1836.642857142857,1828.6867857142859,1.7423246423912266,-1.0,STOP
swing,HIGH_RECLAIM,2022,1644552900000,1644553800000,1644554100000,1644554400000,1644604200000,1822.988,5.614285714285708,1,4,1824.674,1817.3737142857144,1845.4451428571429,1845.4451428571429,2.8452506751204085,2.8452506751204085,TARGET
swing,HIGH_RECLAIM,2022,1644914700000,1644917100000,1644917700000,1644918000000,1644927600000,1852.368,4.921857142857156,2,10,1855.798,1847.4461428571428,1872.0554285714286,1847.4461428571428,1.9465644937823883,-1.0,STOP
swing,HIGH_RECLAIM,2022,1644931800000,1644931800000,1644932100000,1644932400000,1645029000000,1844.558,5.178571428571478,1,1,1851.988,1839.3794285714284,1865.272285714286,1865.272285714286,1.053591661001588,1.053591661001588,TARGET
swing,HIGH_RECLAIM,2022,1645180200000,1645180800000,1645181100000,1645181400000,1645191000000,1886.478,3.350714285714243,1,3,1889.098,1883.1272857142858,1899.880857142857,1899.880857142857,1.8059576504366646,1.8059576504366646,TARGET
swing,HIGH_RECLAIM,2022,1645424400000,1645425300000,1645425600000,1645425900000,1645484400000,1888.663,5.381999999999964,1,4,1889.952,1883.281,1910.1909999999998,1910.1909999999998,3.0338779793133948,3.0338779793133948,TARGET
swing,HIGH_RECLAIM,2022,1645525200000,1645526700000,1645527300000,1645527600000,1645670700000,1893.858,5.3335714285714175,2,7,1896.418,1888.5244285714284,1915.1922857142856,1915.1922857142856,2.3784272916478013,2.3784272916478013,TARGET
swing,HIGH_RECLAIM,2022,1645720500000,1645722300000,1645722600000,1645722900000,1645730100000,1916.568,14.82228571428571,1,7,1922.743,1901.7457142857143,1975.857142857143,1901.7457142857143,2.529571849422723,-1.0,STOP
swing,HIGH_RECLAIM,2022,1645729500000,1645731300000,1645732200000,1645732500000,1646153100000,1877.938,14.048000000000002,3,9,1889.228,1863.89,1934.13,1934.13,1.7721209250927503,1.7721209250927503,TARGET
swing,HIGH_RECLAIM,2022,1646658900000,1646660400000,1646660700000,1646661000000,1646721000000,1960.878,9.889071428571437,1,6,1969.018,1950.9889285714285,2000.4342857142856,2000.4342857142856,1.7425348742308822,1.7425348742308822,TARGET
swing,HIGH_RECLAIM,2022,1646817600000,1646820300000,1646820900000,1646821200000,1646832300000,2004.078,12.05357142857146,2,11,2017.338,1992.0244285714284,2052.2922857142858,1992.0244285714284,1.3808516041648995,-1.0,STOP
swing,HIGH_RECLAIM,2022,1646830800000,1646834100000,1646834400000,1646834700000,1646874900000,1985.032,12.50592857142861,1,12,1990.158,1972.5260714285714,2035.0557142857144,1972.5260714285714,2.546387033263545,-1.0,STOP
swing,HIGH_RECLAIM,2022,1646874300000,1646875200000,1646876100000,1646876400000,1647256800000,1970.508,12.790999999999988,3,6,1974.788,1957.717,2021.672,1957.717,2.7464120438170143,-1.0,STOP
swing,HIGH_RECLAIM,2022,1647256800000,1647257100000,1647258300000,1647258600000,1647302400000,1954.628,7.215214285714312,4,5,1961.992,1947.4127857142855,1983.4888571428571,1947.4127857142855,1.4744866713373583,-1.0,STOP
swing,HIGH_RECLAIM,2022,1647306900000,1647307500000,1647307800000,1647308100000,1647320400000,1941.488,7.083499999999991,1,3,1943.758,1934.4045,1969.8220000000001,1934.4045,2.7865504891217454,-1.0,STOP
swing,HIGH_RECLAIM,2022,1647319500000,1647321600000,1647321900000,1647322200000,1647341700000,1929.413,5.852999999999985,1,8,1932.998,1923.56,1952.825,1923.56,2.1007628734901234,-1.0,STOP
swing,HIGH_RECLAIM,2022,1647341700000,1647342000000,1647342600000,1647342900000,1647353400000,1920.458,6.933142857142863,2,3,1924.949,1913.5248571428572,1948.1905714285715,1913.5248571428572,2.0344258400129984,-1.0,STOP
swing,HIGH_RECLAIM,2022,1647353400000,1647354600000,1647355500000,1647355800000,1647454500000,1906.948,8.125000000000032,3,7,1915.238,1898.823,1939.4480000000003,1898.823,1.474870545233038,-1.0,STOP
swing,HIGH_RECLAIM,2022,1647453600000,1647454800000,1647455700000,1647456000000,1647458100000,1894.948,7.0493571428571125,3,7,1904.513,1887.898642857143,1923.1454285714285,1923.1454285714285,1.1214655139057987,1.1214655139057987,TARGET
swing,HIGH_RECLAIM,2022,1647573900000,1647573900000,1647574200000,1647574500000,1647609600000,1930.918,5.943642857142858,1,1,1932.908,1924.9743571428571,1954.6925714285712,1924.9743571428571,2.745847250857571,-1.0,STOP
swing,HIGH_RECLAIM,2022,1647609600000,1647609600000,1647610200000,1647610500000,1647957600000,1921.628,5.175928571428552,2,2,1932.289,1916.4520714285713,1942.331714285714,1916.4520714285713,0.6341327006950127,-1.0,STOP
swing,HIGH_RECLAIM,2022,1647962400000,1647962400000,1647962700000,1647963000000,1648030800000,1910.929,5.547071428571452,1,1,1913.539,1905.3819285714287,1933.1172857142858,1933.1172857142858,2.400161122251567,2.400161122251567,TARGET
swing,HIGH_RECLAIM,2022,1648190100000,1648190400000,1648190700000,1648191000000,1648204800000,1955.353,4.135857142857146,1,2,1957.142,1951.217142857143,1971.8964285714287,1951.217142857143,2.490258957419166,-1.0,STOP
swing,HIGH_RECLAIM,2022,1648214400000,1648215600000,1648215900000,1648216200000,1648222200000,1942.998,4.43771428571428,1,5,1949.683,1938.5602857142858,1960.748857142857,1960.748857142857,0.994888195327455,0.994888195327455,TARGET
swing,HIGH_RECLAIM,2022,1648442400000,1648442400000,1648442700000,1648443000000,1648446600000,1941.558,6.038928571428626,1,1,1943.593,1935.5190714285714,1965.7137142857146,1935.5190714285714,2.739770867430415,-1.0,STOP
swing,HIGH_RECLAIM,2022,1648452000000,1648452300000,1648452600000,1648452900000,1648458000000,1931.538,5.268928571428611,1,2,1934.098,1926.2690714285714,1952.6137142857144,1926.2690714285714,2.365038091327963,-1.0,STOP
swing,HIGH_RECLAIM,2022,1648455900000,1648458600000,1648459200000,1648459500000,1648496400000,1925.197,5.423214285714315,2,11,1929.243,1919.7737857142856,1946.8898571428572,1919.7737857142856,1.8636031047982609,-1.0,STOP
swing,HIGH_RECLAIM,2022,1648495500000,1648496700000,1648497600000,1648497900000,1648554300000,1916.838,7.605642857142827,3,7,1920.448,1909.2323571428572,1947.2605714285712,1909.2323571428572,2.39064062310926,-1.0,STOP
swing,HIGH_RECLAIM,2022,1648699500000,1648702800000,1648703100000,1648703400000,1648732200000,1920.038,4.429928571428637,1,12,1922.298,1915.6080714285713,1937.7577142857147,1937.7577142857147,2.3108937742235205,2.3108937742235205,TARGET
swing,HIGH_RECLAIM,2022,1648796100000,1648797300000,1648797600000,1648797900000,1648812900000,1929.328,4.438214285714301,1,5,1931.96,1924.8897857142856,1947.0808571428572,1924.8897857142856,2.138670276714145,-1.0,STOP
swing,HIGH_RECLAIM,2022,1648812900000,1648813200000,1648813500000,1648813800000,1648823400000,1924.118,4.099857142857153,1,2,1927.858,1920.0181428571427,1940.5174285714286,1920.0181428571427,1.6147524554018748,-1.0,STOP
swing,HIGH_RECLAIM,2022,1648823400000,1648823400000,1648824300000,1648824600000,1649165400000,1918.63,5.413928571428561,3,3,1926.223,1913.2160714285715,1940.2857142857144,1940.2857142857144,1.0811710242343593,1.0811710242343593,TARGET
swing,HIGH_RECLAIM,2022,1649174100000,1649174400000,1649174700000,1649175000000,1649426700000,1917.838,6.7192142857142825,1,2,1922.648,1911.1187857142857,1944.714857142857,1944.714857142857,1.9139948825654078,1.9139948825654078,TARGET
swing,HIGH_RECLAIM,2022,1649908800000,1649908800000,1649909400000,1649909700000,1649927700000,1972.388,4.155428571428566,2,2,1974.078,1968.2325714285714,1989.0097142857142,1968.2325714285714,2.5544259250207615,-1.0,STOP
swing,HIGH_RECLAIM,2022,1649926800000,1649928000000,1649928600000,1649928900000,1649944500000,1967.613,3.8020714285714314,2,6,1970.148,1963.8109285714286,1982.8212857142858,1963.8109285714286,1.9998647414872166,-1.0,STOP
swing,HIGH_RECLAIM,2022,1649944200000,1649944800000,1649945100000,1649945400000,1650239400000,1960.412,5.9458571428571565,1,3,1964.418,1954.4661428571428,1984.1954285714287,1984.1954285714287,1.9873103369077199,1.9873103369077199,TARGET
swing,HIGH_RECLAIM,2022,1650326400000,1650326400000,1650326700000,1650327000000,1650372000000,1975.618,5.421428571428529,1,1,1977.798,1970.1965714285714,1997.303714285714,1970.1965714285714,2.566059011463952,-1.0,STOP
swing,HIGH_RECLAIM,2022,1650372000000,1650374100000,1650374400000,1650374700000,1650378900000,1957.214,4.669714285714251,1,8,1963.228,1952.5442857142857,1975.8928571428569,1952.5442857142857,1.1854357767496204,-1.0,STOP
swing,HIGH_RECLAIM,2022,1650378900000,1650379200000,1650379800000,1650380100000,1650396000000,1951.208,5.27314285714283,2,3,1954.918,1945.9348571428573,1972.3005714285714,1945.9348571428573,1.935021150726814,-1.0,STOP
swing,HIGH_RECLAIM,2022,1650395400000,1650396900000,1650397200000,1650397500000,1650541200000,1943.588,6.231642857142821,1,6,1946.568,1937.3563571428572,1968.5145714285713,1937.3563571428572,2.3824817971046017,-1.0,STOP
swing,HIGH_RECLAIM,2022,1650541200000,1650541200000,1650542700000,1650543000000,1650566700000,1936.632,3.549071428571421,5,5,1941.688,1933.0829285714287,1950.8282857142858,1950.8282857142858,1.062197541317005,1.062197541317005,TARGET
swing,HIGH_RECLAIM,2022,1650629700000,1650630000000,1650630300000,1650630600000,1650852000000,1929.448,4.650285714285701,1,2,1934.555,1924.7977142857144,1948.049142857143,1924.7977142857144,1.3829812155019727,-1.0,STOP
swing,HIGH_RECLAIM,2022,1650857400000,1650857400000,1650857700000,1650858000000,1650866100000,1921.679,6.840285714285707,1,1,1923.878,1914.8387142857143,1949.0401428571429,1914.8387142857143,2.7836428289214217,-1.0,STOP
swing,HIGH_RECLAIM,2022,1650866100000,1650866100000,1650866700000,1650867000000,1650884100000,1913.138,5.412785714285698,2,2,1916.593,1907.7252142857142,1934.7891428571427,1907.7252142857142,2.0519375911202755,-1.0,STOP
swing,HIGH_RECLAIM,2022,1650882900000,1650884700000,1650885000000,1650885300000,1650889200000,1905.058,5.618285714285727,1,7,1908.288,1899.4397142857142,1927.5311428571429,1899.4397142857142,2.1747876909167037,-1.0,STOP
swing,HIGH_RECLAIM,2022,1650888600000,1650889500000,1650889800000,1650890100000,1651047000000,1894.408,5.753214285714307,1,4,1900.548,1888.6547857142855,1917.4208571428571,1888.6547857142855,1.4186961352511644,-1.0,STOP
swing,HIGH_RECLAIM,2022,1651046400000,1651047000000,1651047900000,1651048200000,1651061700000,1886.468,4.307285714285691,3,5,1894.895,1882.1607142857144,1903.6971428571428,1903.6971428571428,0.691216064617463,0.691216064617463,TARGET
swing,HIGH_RECLAIM,2022,1651066800000,1651067100000,1651067400000,1651067700000,1651118400000,1881.538,5.305499999999938,1,2,1889.108,1876.2325,1902.7599999999998,1876.2325,1.0603083375402858,-1.0,STOP
swing,HIGH_RECLAIM,2022,1651123800000,1651124400000,1651124700000,1651125000000,1651135200000,1871.938,3.8577857142857477,1,3,1876.368,1868.0802142857144,1887.369142857143,1887.369142857143,1.327392289858633,1.327392289858633,TARGET
swing,HIGH_RECLAIM,2022,1651260300000,1651262100000,1651263900000,1651264200000,1651458300000,1894.373,6.864285714285708,6,12,1897.423,1887.5087142857144,1921.8301428571428,1887.5087142857144,2.461815561959682,-1.0,STOP
swing,HIGH_RECLAIM,2022,1651457400000,1651458300000,1651459200000,1651459500000,1651482000000,1884.368,6.5603571428571446,3,6,1888.778,1877.8076428571428,1910.6094285714285,1877.8076428571428,1.990038089657168,-1.0,STOP
swing,HIGH_RECLAIM,2022,1651486200000,1651487100000,1651487400000,1651487700000,1651493700000,1877.128,5.2864999999999975,1,4,1878.728,1871.8415,1898.274,1871.8415,2.8383068322078886,-1.0,STOP
swing,HIGH_RECLAIM,2022,1651498200000,1651499400000,1651499700000,1651500000000,1651589400000,1854.468,5.810785714285706,1,5,1857.915,1848.6572142857144,1877.711142857143,1877.711142857143,2.138323727518973,2.138323727518973,TARGET
swing,HIGH_RECLAIM,2022,1651644000000,1651644300000,1651644600000,1651644900000,1651689000000,1861.298,3.6449999999999982,1,2,1862.998,1857.653,1875.878,1875.878,2.4097287184284033,2.4097287184284033,TARGET
swing,HIGH_RECLAIM,2022,1651759500000,1651759800000,1651760100000,1651760400000,1651763100000,1886.549,5.8343571428571295,1,2,1894.163,1880.7146428571427,1909.8864285714285,1880.7146428571427,1.1691709555601406,-1.0,STOP
swing,HIGH_RECLAIM,2022,1651763100000,1651763400000,1651764600000,1651764900000,1651798500000,1878.247,6.505785714285691,4,5,1882.238,1871.7412142857145,1904.270142857143,1871.7412142857145,2.098941852948207,-1.0,STOP
swing,HIGH_RECLAIM,2022,1651798200000,1651801500000,1651801800000,1651802100000,1652091600000,1866.001,6.8666428571428275,1,12,1869.458,1859.1343571428572,1893.4675714285713,1859.1343571428572,2.3256879147033946,-1.0,STOP
swing,HIGH_RECLAIM,2022,1652091000000,1652091900000,1652092200000,1652092500000,1652127000000,1856.108,4.398285714285732,1,4,1859.578,1851.7097142857142,1873.701142857143,1851.7097142857142,1.7949453502305819,-1.0,STOP
swing,HIGH_RECLAIM,2022,1652125800000,1652127000000,1652128500000,1652128800000,1652196600000,1851.558,6.611785714285718,5,9,1853.678,1844.9462142857142,1878.0051428571428,1844.9462142857142,2.786044418994553,-1.0,STOP
swing,HIGH_RECLAIM,2022,1652203200000,1652203200000,1652203800000,1652204100000,1652226600000,1839.738,6.372428571428567,2,2,1844.378,1833.3655714285715,1865.2277142857142,1833.3655714285715,1.8932894002880045,-1.0,STOP
swing,HIGH_RECLAIM,2022,1652229600000,1652229900000,1652230800000,1652231100000,1652374500000,1831.838,6.884857142857105,3,4,1833.698,1824.953142857143,1859.3774285714285,1824.953142857143,2.936517790047988,-1.0,STOP
swing,HIGH_RECLAIM,2022,1652374200000,1652374800000,1652375400000,1652375700000,1652394600000,1821.918,7.235071428571457,2,4,1825.528,1814.6829285714284,1850.8582857142858,1814.6829285714284,2.3356495050417574,-1.0,STOP
swing,HIGH_RECLAIM,2022,1652394300000,1652394600000,1652396400000,1652396700000,1652447100000,1810.734,6.979928571428592,6,7,1820.168,1803.7540714285713,1838.6537142857144,1803.7540714285713,1.1262211971539928,-1.0,STOP
swing,HIGH_RECLAIM,2022,1652446200000,1652448000000,1652448300000,1652448600000,1652452200000,1798.968,4.74014285714283,1,7,1804.583,1794.2278571428571,1817.9285714285713,1817.9285714285713,1.2887868002096683,1.2887868002096683,TARGET
swing,HIGH_RECLAIM,2022,1652677500000,1652677500000,1652677800000,1652678100000,1652686800000,1806.578,4.96135714285718,1,1,1808.108,1801.6166428571428,1826.4234285714288,1801.6166428571428,2.821509919783474,-1.0,STOP
swing,HIGH_RECLAIM,2022,1652686500000,1652687400000,1652688300000,1652688600000,1652693100000,1786.638,3.960928571428602,3,6,1797.498,1782.6770714285713,1802.4817142857144,1802.4817142857144,0.3362619461861332,0.3362619461861332,TARGET
swing,HIGH_RECLAIM,2022,1652796300000,1652796300000,1652797500000,1652797800000,1652812500000,1819.818,5.387857142857148,4,4,1823.878,1814.4301428571428,1841.3694285714287,1814.4301428571428,1.8513646329477702,-1.0,STOP
swing,HIGH_RECLAIM,2022,1652811000000,1652812500000,1652812800000,1652813100000,1652844000000,1813.508,5.752071428571477,1,6,1815.468,1807.7559285714285,1836.516285714286,1807.7559285714285,2.7292648815863503,-1.0,STOP
swing,HIGH_RECLAIM,2022,1652843100000,1652844300000,1652844900000,1652845200000,1652951400000,1807.588,4.8937142857143145,2,6,1808.723,1802.6942857142856,1827.1628571428573,1827.1628571428573,3.058671595459809,3.058671595459809,TARGET
swing,HIGH_RECLAIM,2022,1653054900000,1653055800000,1653056100000,1653056400000,1653256800000,1832.178,4.488071428571435,1,4,1835.056,1827.6899285714287,1850.130285714286,1850.130285714286,2.046448484848538,2.046448484848538,TARGET
swing,HIGH_RECLAIM,2022,1653321300000,1653322500000,1653323100000,1653323400000,1653400500000,1848.534,4.751571428571457,2,6,1850.948,1843.7824285714287,1867.540285714286,1867.540285714286,2.3155565302338927,2.3155565302338927,TARGET
swing,HIGH_RECLAIM,2022,1653456900000,1653459600000,1653460500000,1653460800000,1653475500000,1855.754,3.191999999999991,3,12,1858.198,1852.562,1868.522,1852.562,1.8317955997160194,-1.0,STOP
swing,HIGH_RECLAIM,2022,1653473400000,1653476400000,1653476700000,1653477000000,1653483900000,1851.118,3.3537142857142856,1,11,1852.758,1847.7642857142857,1864.532857142857,1847.7642857142857,2.357935690582398,-1.0,STOP
swing,HIGH_RECLAIM,2022,1653483000000,1653483900000,1653484200000,1653484500000,1653493800000,1847.699,3.9217857142857286,1,4,1850.868,1843.7772142857143,1863.3861428571429,1843.7772142857143,1.7654098377169904,-1.0,STOP
swing,HIGH_RECLAIM,2022,1653564000000,1653564000000,1653565800000,1653566100000,1653616200000,1840.798,3.5887857142857422,6,6,1845.553,1837.2092142857143,1855.153142857143,1855.153142857143,1.150573994332809,1.150573994332809,TARGET
swing,HIGH_RECLAIM,2022,1653868200000,1653868200000,1653868500000,1653868800000,1654005900000,1848.008,4.121071428571424,1,1,1849.748,1843.8869285714286,1864.4922857142858,1843.8869285714286,2.5156297605264735,-1.0,STOP
swing,HIGH_RECLAIM,2022,1654005900000,1654007100000,1654007400000,1654007700000,1654026900000,1839.848,4.239071428571443,1,5,1843.788,1835.6089285714286,1856.8042857142857,1835.6089285714286,1.5914136253678772,-1.0,STOP
swing,HIGH_RECLAIM,2022,1654026300000,1654026900000,1654028700000,1654029000000,1654061400000,1834.858,5.285928571428583,6,8,1837.908,1829.5720714285715,1856.0017142857143,1829.5720714285715,2.170569736853433,-1.0,STOP
swing,HIGH_RECLAIM,2022,1654061400000,1654061400000,1654061700000,1654062000000,1654088400000,1829.538,4.174571428571442,1,1,1831.663,1825.3634285714286,1846.2362857142857,1846.2362857142857,2.3133773272558216,2.3133773272558216,TARGET
swing,HIGH_RECLAIM,2022,1654238700000,1654239900000,1654240200000,1654240500000,1654259400000,1864.238,2.6330714285714487,1,5,1866.423,1861.6049285714287,1874.7702857142858,1861.6049285714287,1.7324952188932123,-1.0,STOP
swing,HIGH_RECLAIM,2022,1654259100000,1654260000000,1654260600000,1654260900000,1654269600000,1856.528,2.7655714285714503,2,5,1859.893,1853.7624285714285,1867.5902857142858,1853.7624285714285,1.2555576268816462,-1.0,STOP
swing,HIGH_RECLAIM,2022,1654268400000,1654269900000,1654270200000,1654270500000,1654277100000,1851.674,3.9210000000000167,1,6,1853.428,1847.753,1867.358,1847.753,2.4546255506606856,-1.0,STOP
swing,HIGH_RECLAIM,2022,1654277100000,1654277400000,1654277700000,1654278000000,1654528200000,1847.273,4.257285714285721,1,2,1848.378,1843.0157142857142,1864.3021428571428,1843.0157142857142,2.96965579710147,-1.0,STOP
swing,HIGH_RECLAIM,2022,1654528200000,1654528500000,1654529400000,1654529700000,1654558800000,1841.638,3.376000000000041,3,4,1844.098,1838.262,1855.142,1838.262,1.8923920493488815,-1.0,STOP
swing,HIGH_RECLAIM,2022,1654557600000,1654558800000,1654559700000,1654560000000,1654599300000,1837.798,3.4160714285714318,3,7,1839.268,1834.3819285714285,1851.4622857142858,1851.4622857142858,2.4957239967838207,2.4957239967838207,TARGET
swing,HIGH_RECLAIM,2022,1654660800000,1654661400000,1654661700000,1654662000000,1654783800000,1845.658,3.56435714285718,1,3,1847.078,1842.0936428571426,1859.9154285714287,1842.0936428571426,2.5755434860491473,-1.0,STOP
swing,HIGH_RECLAIM,2022,1654783500000,1654784100000,1654785000000,1654785300000,1654861200000,1839.91,3.579928571428549,3,5,1842.658,1836.3300714285715,1854.2297142857142,1836.3300714285715,1.82867334153587,-1.0,STOP
swing,HIGH_RECLAIM,2022,1654868400000,1654868400000,1654869300000,1654869600000,1654871400000,1828.298,4.253142857142864,3,3,1833.638,1824.0448571428572,1845.3105714285714,1845.3105714285714,1.2167619728377574,1.2167619728377574,TARGET
swing,HIGH_RECLAIM,2022,1655109600000,1655110800000,1655112000000,1655112300000,1655123400000,1852.583,5.038214285714308,4,8,1856.463,1847.5447857142858,1872.7358571428574,1847.5447857142858,1.8246766248849269,-1.0,STOP
swing,HIGH_RECLAIM,2022,1655122500000,1655124600000,1655125200000,1655125500000,1655126400000,1842.12,5.24585714285716,2,9,1845.148,1836.8741428571427,1863.1034285714286,1836.8741428571427,2.170140027971062,-1.0,STOP
swing,HIGH_RECLAIM,2022,1655147100000,1655148600000,1655148900000,1655149200000,1655157600000,1819.188,6.977714285714261,1,6,1821.548,1812.2102857142859,1847.0988571428572,1812.2102857142859,2.736307447524688,-1.0,STOP
swing,HIGH_RECLAIM,2022,1655163900000,1655163900000,1655164200000,1655164500000,1655221500000,1817.613,7.4480714285714225,1,1,1820.123,1810.1649285714286,1847.4052857142858,1810.1649285714286,2.739715808425331,-1.0,STOP
swing,HIGH_RECLAIM,2022,1655220900000,1655222100000,1655223300000,1655223600000,1655292000000,1809.278,5.1311428571428745,4,8,1812.248,1804.1468571428572,1829.8025714285716,1829.8025714285716,2.166925301544783,2.166925301544783,TARGET
swing,HIGH_RECLAIM,2022,1655316000000,1655316000000,1655316900000,1655317200000,1655318400000,1812.968,6.142000000000004,3,3,1823.955,1806.826,1837.536,1837.536,0.7928658999357935,0.7928658999357935,TARGET
swing,HIGH_RECLAIM,2022,1655377200000,1655377200000,1655378400000,1655378700000,1655391300000,1814.718,4.610214285714262,4,4,1821.458,1810.107785714286,1833.1588571428572,1833.1588571428572,1.0308930605463777,1.0308930605463777,TARGET
swing,HIGH_RECLAIM,2022,1655474100000,1655475600000,1655475900000,1655476200000,1655811900000,1836.548,4.832857142857149,1,6,1840.858,1831.7151428571428,1855.8794285714287,1831.7151428571428,1.6429687500000214,-1.0,STOP
swing,HIGH_RECLAIM,2022,1655811900000,1655812200000,1655812500000,1655812800000,1655857800000,1830.667,3.4758571428571776,1,2,1833.418,1827.1911428571427,1844.5704285714287,1827.1911428571427,1.7910204643480145,-1.0,STOP
swing,HIGH_RECLAIM,2022,1655863500000,1655863800000,1655864400000,1655864700000,1655901900000,1825.773,4.598785714285749,2,3,1826.988,1821.1742142857142,1844.1681428571428,1844.1681428571428,2.955069846301211,2.955069846301211,TARGET
swing,HIGH_RECLAIM,2022,1655949300000,1655949900000,1655950800000,1655951100000,1655982300000,1832.358,5.21285714285716,3,5,1833.118,1827.1451428571427,1853.2094285714286,1827.1451428571427,3.363788567328335,-1.0,STOP
swing,HIGH_RECLAIM,2022,1655982300000,1655984400000,1655984700000,1655985000000,1655989500000,1823.798,3.1470714285714427,1,8,1828.468,1820.6509285714285,1836.3862857142858,1836.3862857142858,1.0129478522281643,1.0129478522281643,TARGET
swing,HIGH_RECLAIM,2022,1656008100000,1656008700000,1656009000000,1656009300000,1656075900000,1822.388,5.484357142857123,1,3,1823.588,1816.9036428571428,1844.3254285714283,1816.9036428571428,3.1023818937604526,-1.0,STOP
swing,HIGH_RECLAIM,2022,1656075600000,1656075900000,1656076200000,1656076500000,1656280800000,1816.898,4.007928571428546,1,2,1826.623,1812.8900714285714,1832.929714285714,1837.376,0.4592403035456756,0.7830085144673058,TARGET_GAP
swing,HIGH_RECLAIM,2022,1656340500000,1656343500000,1656344100000,1656344400000,1656484200000,1820.678,4.346571428571435,2,12,1822.458,1816.3314285714287,1838.064285714286,1816.3314285714287,2.5473114769388823,-1.0,STOP
swing,HIGH_RECLAIM,2022,1656484200000,1656484800000,1656485100000,1656485400000,1656495000000,1815.898,2.2916428571429117,1,3,1817.918,1813.606357142857,1825.0645714285715,1813.606357142857,1.6575054255090185,-1.0,STOP
swing,HIGH_RECLAIM,2022,1656574500000,1656575100000,1656575400000,1656575700000,1656585900000,1812.383,2.237714285714316,1,3,1815.076,1810.1452857142858,1821.3338571428574,1810.1452857142858,1.26915833695501,-1.0,STOP
swing,HIGH_RECLAIM,2022,1656584100000,1656586800000,1656587100000,1656587400000,1656588900000,1809.198,2.8601428571428675,1,10,1811.393,1806.3378571428573,1820.6385714285716,1806.3378571428573,1.8289436500311498,-1.0,STOP
swing,HIGH_RECLAIM,2022,1656588600000,1656589500000,1656589800000,1656590100000,1656592800000,1802.628,2.8601428571428675,1,4,1805.263,1799.767857142857,1814.0685714285714,1814.0685714285714,1.6024281183383016,1.6024281183383016,TARGET
swing,HIGH_RECLAIM,2022,1656645900000,1656648000000,1656648300000,1656648600000,1656653700000,1800.688,4.953071428571418,1,8,1801.984,1795.7349285714288,1820.5002857142858,1795.7349285714288,2.963045938253851,-1.0,STOP
swing,HIGH_RECLAIM,2022,1656659400000,1656659400000,1656660000000,1656660300000,1656674100000,1792.292,3.5628571428571343,2,2,1796.158,1788.7291428571427,1806.5434285714284,1788.7291428571427,1.3979846928964152,-1.0,STOP
swing,HIGH_RECLAIM,2022,1656674100000,1656674100000,1656674400000,1656674700000,1656684900000,1787.988,3.73599999999999,1,1,1790.604,1784.252,1802.932,1802.932,1.940806045340019,1.940806045340019,TARGET
swing,HIGH_RECLAIM,2022,1656929100000,1656929100000,1656929700000,1656930000000,1657019700000,1803.836,3.718500000000014,2,2,1805.716,1800.1175,1818.71,1800.1175,2.3209788336162425,-1.0,STOP
swing,HIGH_RECLAIM,2022,1657019700000,1657022400000,1657022700000,1657023000000,1657027800000,1796.208,3.363714285714309,1,10,1799.386,1792.844285714286,1809.6628571428573,1792.844285714286,1.5709730957373285,-1.0,STOP
swing,HIGH_RECLAIM,2022,1657034700000,1657035300000,1657035900000,1657036200000,1657115400000,1764.888,5.959428571428573,2,4,1769.358,1758.9285714285713,1788.7257142857143,1758.9285714285713,1.8570254499630128,-1.0,STOP
swing,HIGH_RECLAIM,2022,1657115100000,1657115400000,1657115700000,1657116000000,1657118400000,1755.305,4.403285714285711,1,2,1760.344,1750.9017142857144,1772.9181428571428,1750.9017142857144,1.3316842168966387,-1.0,STOP
swing,HIGH_RECLAIM,2022,1657118100000,1657120500000,1657120800000,1657121100000,1657563900000,1736.498,6.166357142857139,1,9,1739.628,1730.331642857143,1761.1634285714285,1734.564,2.3165448831724027,-0.5447295023396181,864BAR_TIMEOUT
swing,HIGH_RECLAIM,2022,1657568400000,1657569000000,1657569300000,1657569600000,1657587600000,1731.128,4.0165,1,3,1732.068,1727.1115,1747.194,1727.1115,3.0517502269746717,-1.0,STOP
swing,HIGH_RECLAIM,2022,1657587600000,1657588500000,1657588800000,1657589100000,1657589400000,1723.048,3.688071428571415,1,4,1725.194,1719.3599285714286,1737.8002857142856,1737.8002857142856,2.1608041431492238,2.1608041431492238,TARGET
swing,HIGH_RECLAIM,2022,1657647300000,1657647300000,1657647600000,1657647900000,1657715400000,1725.308,5.167928571428596,1,1,1726.998,1720.1400714285714,1745.9797142857144,1720.1400714285714,2.767849517242815,-1.0,STOP
swing,HIGH_RECLAIM,2022,1657715400000,1657716000000,1657717200000,1657717500000,1657717800000,1706.948,3.0476428571428835,4,6,1716.528,1703.9003571428573,1719.1385714285716,1719.1385714285716,0.2067346580913889,0.2067346580913889,TARGET
swing,HIGH_RECLAIM,2022,1657779000000,1657779600000,1657781100000,1657781400000,1657782000000,1722.658,4.381571428571435,5,7,1725.218,1718.2764285714284,1740.1842857142856,1718.2764285714284,2.1560371262166727,-1.0,STOP
swing,HIGH_RECLAIM,2022,1657781700000,1657782300000,1657782600000,1657782900000,1657796400000,1714.998,4.321857142857149,1,3,1718.18,1710.6761428571428,1732.2854285714286,1710.6761428571428,1.8797570773125991,-1.0,STOP
swing,HIGH_RECLAIM,2022,1657795800000,1657796700000,1657797000000,1657797300000,1657803600000,1709.848,4.7028571428571535,1,4,1713.137,1705.145142857143,1728.6594285714286,1705.145142857143,1.9422805355451476,-1.0,STOP
swing,HIGH_RECLAIM,2022,1657805400000,1657806300000,1657806600000,1657806900000,1658123100000,1697.438,5.211428571428574,1,4,1702.868,1692.2265714285716,1718.2837142857145,1718.2837142857145,1.4486508256142283,1.4486508256142283,TARGET
swing,HIGH_RECLAIM,2022,1658167200000,1658168100000,1658169000000,1658169300000,1658335500000,1708.7,5.088857142857153,3,6,1710.254,1703.6111428571428,1729.0554285714286,1703.6111428571428,2.8303225806451926,-1.0,STOP
swing,HIGH_RECLAIM,2022,1658335200000,1658335800000,1658336700000,1658337000000,1658346600000,1701.184,3.8746428571428817,3,5,1703.404,1697.3093571428572,1716.6825714285715,1697.3093571428572,2.178728391444488,-1.0,STOP
swing,HIGH_RECLAIM,2022,1658362500000,1658362500000,1658362800000,1658363100000,1658387400000,1691.888,4.4466428571428525,1,1,1695.134,1687.441357142857,1709.6745714285714,1687.441357142857,1.8901919273516925,-1.0,STOP
swing,HIGH_RECLAIM,2022,1658386800000,1658387400000,1658387700000,1658388000000,1658400000000,1685.108,3.5960000000000036,1,3,1689.538,1681.512,1699.492,1681.512,1.2402192873162057,-1.0,STOP
swing,HIGH_RECLAIM,2022,1658403300000,1658403300000,1658403600000,1658403900000,1658406900000,1680.748,3.753142857142864,1,1,1683.576,1676.9948571428572,1695.7605714285714,1695.7605714285714,1.8514370061648078,1.8514370061648078,TARGET
swing,HIGH_RECLAIM,2022,1658710800000,1658710800000,1658711100000,1658711400000,1658838000000,1719.768,5.569285714285733,1,1,1723.228,1714.1987142857142,1742.045142857143,1714.1987142857142,2.084012340795803,-1.0,STOP
swing,HIGH_RECLAIM,2022,1658838000000,1658838000000,1658838600000,1658838900000,1658946900000,1713.534,3.559142857142888,2,2,1719.538,1709.9748571428572,1727.7705714285717,1727.7705714285717,0.8608646290819203,0.8608646290819203,TARGET
swing,HIGH_RECLAIM,2022,1659103200000,1659103200000,1659104400000,1659104700000,1659346800000,1751.928,4.646214285714287,4,4,1756.504,1747.281785714286,1770.5128571428572,1770.5128571428572,1.519034009495769,1.519034009495769,TARGET
swing,HIGH_RECLAIM,2022,1659463200000,1659464400000,1659464700000,1659465000000,1659470100000,1766.368,5.831071428571396,1,5,1768.264,1760.5369285714285,1789.6922857142856,1760.5369285714285,2.7731445104872465,-1.0,STOP
swing,HIGH_RECLAIM,2022,1659467400000,1659470100000,1659471000000,1659471300000,1659614100000,1760.354,6.31878571428568,3,12,1762.684,1754.0352142857143,1785.6291428571428,1785.6291428571428,2.6529900977016045,2.6529900977016045,TARGET
swing,HIGH_RECLAIM,2022,1659685500000,1659685500000,1659686100000,1659686400000,1659687900000,1788.588,3.168785714285702,2,2,1790.417,1785.4192142857144,1801.2631428571428,1785.4192142857144,2.1701896554189104,-1.0,STOP
swing,HIGH_RECLAIM,2022,1659686700000,1659687900000,1659688200000,1659688500000,1659702600000,1785.324,3.115642857142867,1,5,1786.698,1782.2083571428573,1797.7865714285715,1782.2083571428573,2.4698114708456105,-1.0,STOP
swing,HIGH_RECLAIM,2022,1659702600000,1659705000000,1659705300000,1659705600000,1659960000000,1764.907,4.734214285714286,1,9,1768.037,1760.1727857142857,1783.8438571428571,1783.8438571428571,2.009972842623448,2.009972842623448,TARGET
swing,HIGH_RECLAIM,2022,1660106100000,1660106400000,1660107300000,1660107600000,1660134600000,1789.738,3.6403571428571695,3,4,1790.238,1786.097642857143,1804.2994285714287,1804.2994285714287,3.39618735443812,3.39618735443812,TARGET
swing,HIGH_RECLAIM,2022,1660181400000,1660183500000,1660183800000,1660184100000,1660556700000,1784.838,5.228714285714253,1,8,1786.878,1779.6092857142858,1805.752857142857,1779.6092857142858,2.596725693284364,-1.0,STOP
swing,HIGH_RECLAIM,2022,1660555500000,1660557300000,1660557600000,1660557900000,1660563000000,1777.658,3.3808571428571343,1,7,1780.658,1774.2771428571427,1791.1814285714283,1774.2771428571427,1.6492186450543769,-1.0,STOP
swing,HIGH_RECLAIM,2022,1660636500000,1660637400000,1660638000000,1660638300000,1660653000000,1773.918,2.526999999999995,2,5,1775.508,1771.3909999999998,1784.0259999999998,1771.3909999999998,2.068982268642072,-1.0,STOP
swing,HIGH_RECLAIM,2022,1660721100000,1660723500000,1660724100000,1660724400000,1660734900000,1771.884,2.505928571428529,2,10,1772.818,1769.3780714285715,1781.907714285714,1769.3780714285715,2.642413671380229,-1.0,STOP
swing,HIGH_RECLAIM,2022,1660738800000,1660739700000,1660740000000,1660740300000,1660751100000,1764.629,3.102142857142813,1,4,1771.418,1761.5268571428571,1777.0375714285713,1761.5268571428571,0.568141771859382,-1.0,STOP
swing,HIGH_RECLAIM,2022,1660750800000,1660754100000,1660754400000,1660754700000,1660867800000,1759.714,4.575285714285704,1,12,1761.444,1755.1387142857143,1778.0151428571428,1755.1387142857143,2.6281351247253,-1.0,STOP
swing,HIGH_RECLAIM,2022,1660867800000,1660869300000,1660869600000,1660869900000,1660903200000,1754.648,3.5319285714285797,1,6,1755.595,1751.1160714285713,1768.7757142857142,1751.1160714285713,2.9428275257155523,-1.0,STOP
swing,HIGH_RECLAIM,2022,1660903200000,1660903800000,1660905000000,1660905300000,1660919700000,1749.728,2.860500000000002,4,6,1751.218,1746.8675,1761.17,1746.8675,2.287553154809786,-1.0,STOP
swing,HIGH_RECLAIM,2022,1660919400000,1660919700000,1660920300000,1660920600000,1661151600000,1745.581,3.9099285714285736,2,3,1748.274,1741.6710714285714,1761.2207142857142,1741.6710714285714,1.9607533453770738,-1.0,STOP
swing,HIGH_RECLAIM,2022,1661158200000,1661158200000,1661158500000,1661158800000,1661169900000,1732.328,2.6157142857142617,1,1,1734.898,1729.7122857142858,1742.790857142857,1729.7122857142858,1.5220385674931658,-1.0,STOP
swing,HIGH_RECLAIM,2022,1661169600000,1661169900000,1661170200000,1661170500000,1661244000000,1729.474,3.476714285714284,1,2,1731.618,1725.9972857142857,1743.3808571428572,1743.3808571428572,2.0927690939128483,2.0927690939128483,TARGET
swing,HIGH_RECLAIM,2022,1661257200000,1661257800000,1661258100000,1661258400000,1661262300000,1730.688,3.219714285714287,1,3,1734.274,1727.468285714286,1743.5668571428573,1743.5668571428573,1.3654492023510698,1.3654492023510698,TARGET
swing,HIGH_RECLAIM,2022,1661340600000,1661340600000,1661341200000,1661341500000,1661354100000,1742.355,2.997071428571433,2,2,1745.038,1739.3579285714286,1754.3432857142857,1754.3432857142857,1.6382339256297063,1.6382339256297063,TARGET
swing,HIGH_RECLAIM,2022,1661478900000,1661479200000,1661479500000,1661479800000,1661508000000,1752.194,3.6147142857142853,1,2,1753.468,1748.5792857142856,1766.652857142857,1748.5792857142856,2.6969989187924046,-1.0,STOP
swing,HIGH_RECLAIM,2022,1661511000000,1661514300000,1661514600000,1661514900000,1661523000000,1743.594,2.935571428571442,1,12,1744.886,1740.6584285714287,1755.3362857142859,1755.3362857142859,2.471935930794554,2.471935930794554,TARGET
swing,HIGH_RECLAIM,2022,1661525400000,1661527200000,1661527500000,1661527800000,1661736000000,1734.204,4.900071428571404,1,7,1736.808,1729.3039285714285,1753.8042857142855,1729.3039285714285,2.2649418886889507,-1.0,STOP
swing,HIGH_RECLAIM,2022,1661736900000,1661738400000,1661738700000,1661739000000,1661934000000,1723.248,5.6449285714285224,1,6,1724.558,1717.6030714285716,1745.8277142857141,1717.6030714285716,3.0582218159784667,-1.0,STOP
swing,HIGH_RECLAIM,2022,1661933700000,1661937000000,1661937300000,1661937600000,1661942700000,1712.734,2.8183571428571503,1,12,1714.098,1709.9156428571428,1724.0074285714286,1709.9156428571428,2.3693405974074597,-1.0,STOP
swing,HIGH_RECLAIM,2022,1661942400000,1661942700000,1661943000000,1661943300000,1661955900000,1709.558,3.0011428571428787,1,2,1711.058,1706.556857142857,1721.5625714285716,1721.5625714285716,2.3337565062841326,2.3337565062841326,TARGET
swing,HIGH_RECLAIM,2022,1661976000000,1661976000000,1661976600000,1661976900000,1661995800000,1709.514,4.9795714285714565,2,2,1710.844,1704.5344285714284,1729.4322857142856,1704.5344285714284,2.946045690221083,-1.0,STOP
swing,HIGH_RECLAIM,2022,1661995500000,1661995800000,1661996100000,1661996400000,1662035700000,1704.144,4.606571428571458,1,2,1705.034,1699.5374285714286,1722.5702857142858,1699.5374285714286,3.1904044079425393,-1.0,STOP
swing,HIGH_RECLAIM,2022,1662035700000,1662036300000,1662036600000,1662036900000,1662043200000,1694.844,4.102857142857114,1,3,1699.704,1690.741142857143,1711.2554285714284,1690.741142857143,1.28881096589098,-1.0,STOP
swing,HIGH_RECLAIM,2022,1662043200000,1662043500000,1662043800000,1662044100000,1662112800000,1688.668,4.627642857142795,1,2,1690.995,1684.0403571428571,1707.178571428571,1707.178571428571,2.327016895188216,2.327016895188216,TARGET
swing,HIGH_RECLAIM,2022,1662468300000,1662469500000,1662470100000,1662470400000,1662483300000,1705.748,4.735500000000035,2,6,1708.504,1701.0125,1724.6900000000003,1701.0125,2.160581992925406,-1.0,STOP
swing,HIGH_RECLAIM,2022,1662483300000,1662484200000,1662484500000,1662484800000,1662510300000,1700.268,4.536642857142884,1,4,1701.294,1695.7313571428572,1718.4145714285717,1695.7313571428572,3.077776493701597,-1.0,STOP
swing,HIGH_RECLAIM,2022,1662509700000,1662510900000,1662511200000,1662511500000,1662560700000,1692.478,3.8945714285714206,1,5,1695.218,1688.5834285714286,1708.0562857142857,1708.0562857142857,1.9350587829981176,1.9350587829981176,TARGET
swing,HIGH_RECLAIM,2022,1662642300000,1662642900000,1662643200000,1662643500000,1662647100000,1709.584,4.236071428571482,1,3,1712.909,1705.3479285714286,1726.528285714286,1705.3479285714286,1.801237541920571,-1.0,STOP
swing,HIGH_RECLAIM,2022,1662645600000,1662647400000,1662648600000,1662648900000,1662704100000,1703.878,4.598428571428615,4,10,1707.438,1699.2795714285712,1722.2717142857143,1722.2717142857143,1.8182072878179545,1.8182072878179545,TARGET
swing,HIGH_RECLAIM,2022,1662731700000,1662731700000,1662732000000,1662732300000,1662982500000,1711.258,4.460857142857127,1,1,1715.93,1706.797142857143,1729.1014285714286,1729.1014285714286,1.442202408884722,1.442202408884722,TARGET
swing,HIGH_RECLAIM,2022,1663030800000,1663033200000,1663033500000,1663033800000,1663072200000,1720.778,4.267785714285732,1,9,1722.124,1716.5102142857143,1737.8491428571429,1716.5102142857143,2.801165498199553,-1.0,STOP
swing,HIGH_RECLAIM,2022,1663072200000,1663074900000,1663075200000,1663075500000,1663210800000,1696.934,5.0047142857143045,1,10,1702.378,1691.9292857142857,1716.9528571428573,1691.9292857142857,1.3948947922506119,-1.0,STOP
swing,HIGH_RECLAIM,2022,1663216200000,1663218000000,1663218300000,1663218600000,1663244400000,1685.938,3.159214285714305,1,7,1688.188,1682.7787857142857,1698.5748571428574,1682.7787857142857,1.9202155052885852,-1.0,STOP
swing,HIGH_RECLAIM,2022,1663243800000,1663245000000,1663245600000,1663245900000,1663253100000,1681.968,3.427500000000009,2,6,1688.114,1678.5405,1695.678,1678.5405,0.7900976654306267,-1.0,STOP
swing,HIGH_RECLAIM,2022,1663253100000,1663253700000,1663255500000,1663255800000,1663314600000,1663.438,6.461785714285725,6,8,1670.95,1656.9762142857144,1689.285142857143,1656.9762142857144,1.312109920105515,-1.0,STOP
swing,HIGH_RECLAIM,2022,1663314000000,1663316100000,1663316400000,1663316700000,1663337100000,1654.048,3.582142857142896,1,8,1655.545,1650.4658571428572,1668.3765714285717,1668.3765714285717,2.526326151769163,2.526326151769163,TARGET
swing,HIGH_RECLAIM,2022,1663566600000,1663567800000,1663568400000,1663568700000,1663572000000,1664.705,3.7717857142857025,2,6,1666.095,1660.9332142857143,1679.7921428571428,1660.9332142857143,2.6535667335500897,-1.0,STOP
swing,HIGH_RECLAIM,2022,1663570800000,1663572300000,1663572600000,1663572900000,1663599600000,1659.583,3.5841428571428486,1,6,1661.459,1655.9988571428573,1673.9195714285715,1673.9195714285715,2.2820962298213665,2.2820962298213665,TARGET
swing,HIGH_RECLAIM,2022,1663661400000,1663662300000,1663662600000,1663662900000,1663680300000,1667.928,2.9389285714285864,1,4,1670.075,1664.9890714285716,1679.6837142857144,1664.9890714285716,1.889274328328917,-1.0,STOP
swing,HIGH_RECLAIM,2022,1663680000000,1663681200000,1663681500000,1663681800000,1663741200000,1659.875,3.530928571428587,1,5,1664.195,1656.3440714285714,1673.9987142857144,1673.9987142857144,1.248733088897612,1.248733088897612,TARGET
swing,HIGH_RECLAIM,2022,1663783200000,1663783500000,1663784100000,1663784400000,1663785000000,1653.649,4.379142857142922,2,3,1662.098,1649.269857142857,1671.1655714285716,1671.1655714285716,0.706849894762649,0.706849894762649,TARGET
swing,HIGH_RECLAIM,2022,1663917300000,1663917300000,1663917600000,1663917900000,1663922700000,1666.77,3.170071428571402,1,1,1668.898,1663.5999285714286,1679.4502857142857,1663.5999285714286,1.991722055195323,-1.0,STOP
swing,HIGH_RECLAIM,2022,1663926600000,1663926600000,1663926900000,1663927200000,1663929900000,1652.524,3.4134999999999667,1,1,1657.065,1649.1105,1666.1779999999997,1649.1105,1.1456408322332694,-1.0,STOP
swing,HIGH_RECLAIM,2022,1663929900000,1663930500000,1663932300000,1663932600000,1664153700000,1641.008,4.858285714285704,6,8,1648.155,1636.1497142857143,1660.441142857143,1636.1497142857143,1.0233944572033842,-1.0,STOP
swing,HIGH_RECLAIM,2022,1664152800000,1664153700000,1664154000000,1664154300000,1664349000000,1626.518,7.522428571428561,1,4,1639.723,1618.9955714285716,1656.6077142857143,1618.9955714285716,0.8146072836545205,-1.0,STOP
swing,HIGH_RECLAIM,2022,1664349000000,1664349600000,1664349900000,1664350200000,1664360400000,1614.71,3.4890000000000327,1,3,1618.488,1611.221,1628.6660000000002,1628.6660000000002,1.4005779551396775,1.4005779551396775,TARGET
swing,HIGH_RECLAIM,2022,1664428200000,1664428800000,1664429100000,1664429400000,1664430000000,1648.625,4.2397142857142525,1,3,1649.435,1644.3852857142858,1665.583857142857,1644.3852857142858,3.197974425710155,-1.0,STOP
swing,HIGH_RECLAIM,2022,1664429400000,1664430300000,1664430600000,1664430900000,1664464200000,1642.778,4.2397142857142525,1,4,1644.315,1638.5382857142858,1659.736857142857,1659.736857142857,2.6696589756905715,2.6696589756905715,TARGET
swing,HIGH_RECLAIM,2022,1664559900000,1664560200000,1664560500000,1664560800000,1664806800000,1660.925,5.232428571428613,1,2,1662.878,1655.6925714285712,1681.8547142857144,1681.8547142857144,2.640999642132867,2.640999642132867,TARGET
swing,HIGH_RECLAIM,2022,1664945700000,1664945700000,1664946000000,1664946300000,1664957400000,1717.408,4.488071428571418,1,1,1719.864,1712.9199285714285,1735.3602857142855,1712.9199285714285,2.2315850108519437,-1.0,STOP
swing,HIGH_RECLAIM,2022,1664955900000,1664958000000,1664958600000,1664958900000,1664964600000,1709.744,4.208214285714267,2,9,1713.262,1705.5357857142856,1726.576857142857,1705.5357857142856,1.7233352131426192,-1.0,STOP
swing,HIGH_RECLAIM,2022,1664964600000,1664965200000,1664965500000,1664965800000,1665015300000,1703.068,4.823928571428545,1,3,1707.914,1698.2440714285715,1722.3637142857142,1722.3637142857142,1.4942937974131911,1.4942937974131911,TARGET
swing,HIGH_RECLAIM,2022,1665046500000,1665046800000,1665047100000,1665047400000,1665065700000,1713.298,4.007928571428579,1,2,1717.102,1709.2900714285715,1729.3297142857143,1709.2900714285715,1.56526191630016,-1.0,STOP
swing,HIGH_RECLAIM,2022,1665065100000,1665066300000,1665067500000,1665067800000,1665145800000,1708.158,4.746214285714261,4,8,1711.264,1703.4117857142855,1727.1428571428569,1703.4117857142855,2.0222139341950487,-1.0,STOP
swing,HIGH_RECLAIM,2022,1665145800000,1665147000000,1665147300000,1665147600000,1665158700000,1690.504,3.6802142857142632,1,5,1697.838,1686.8237857142856,1705.224857142857,1705.224857142857,0.6706658279236402,0.6706658279236402,TARGET
swing,HIGH_RECLAIM,2022,1665375600000,1665375900000,1665376800000,1665377100000,1665394500000,1685.028,6.259357142857149,3,4,1686.964,1678.7686428571428,1710.0654285714286,1678.7686428571428,2.818843421798073,-1.0,STOP
swing,HIGH_RECLAIM,2022,1665393600000,1665394500000,1665394800000,1665395100000,1665408000000,1677.955,4.019214285714286,1,4,1680.525,1673.9357857142857,1694.031857142857,1673.9357857142857,2.0498433587355156,-1.0,STOP
swing,HIGH_RECLAIM,2022,1665408000000,1665409200000,1665409500000,1665409800000,1665413400000,1671.998,4.661428571428554,1,5,1675.328,1667.3365714285715,1690.6437142857142,1667.3365714285715,1.9165176975330733,-1.0,STOP
swing,HIGH_RECLAIM,2022,1665412500000,1665414300000,1665414600000,1665414900000,1665664200000,1665.478,5.4781428571428545,1,7,1667.798,1659.9998571428573,1687.3905714285715,1659.9998571428573,2.5124663381391854,-1.0,STOP
swing,HIGH_RECLAIM,2022,1665664200000,1665665100000,1665665700000,1665666000000,1665674100000,1644.688,3.1237142857143163,2,5,1654.545,1641.5642857142857,1657.1828571428573,1657.1828571428573,0.2032135585759144,0.2032135585759144,TARGET
swing,HIGH_RECLAIM,2022,1665738000000,1665738600000,1665739200000,1665739500000,1665739800000,1657.185,4.7499285714285735,2,4,1658.455,1652.4350714285713,1676.1847142857143,1652.4350714285713,2.9451702084742233,-1.0,STOP
swing,HIGH_RECLAIM,2022,1665739500000,1665740100000,1665740700000,1665741000000,1665756000000,1650.118,4.7499285714285735,2,4,1654.238,1645.3680714285713,1669.1177142857143,1645.3680714285713,1.6775461229354003,-1.0,STOP
swing,HIGH_RECLAIM,2022,1665755100000,1665756000000,1665756300000,1665756600000,1666162800000,1645.118,6.507785714285709,1,4,1651.218,1638.6102142857142,1671.1491428571428,1638.6102142857142,1.5808598994951752,-1.0,STOP
swing,HIGH_RECLAIM,2022,1666163100000,1666163700000,1666164000000,1666164300000,1666175400000,1637.567,3.510428571428552,1,3,1639.058,1634.0565714285715,1651.6087142857143,1634.0565714285715,2.50942587832052,-1.0,STOP
swing,HIGH_RECLAIM,2022,1666182000000,1666182600000,1666182900000,1666183200000,1666224000000,1630.267,4.244571428571427,1,3,1635.238,1626.0224285714287,1647.2452857142857,1626.0224285714287,1.30293447425941,-1.0,STOP
swing,HIGH_RECLAIM,2022,1666224000000,1666224000000,1666224600000,1666224900000,1666277400000,1625.798,4.202428571428543,2,2,1627.998,1621.5955714285715,1642.607714285714,1642.607714285714,2.281901956846697,2.281901956846697,TARGET
swing,HIGH_RECLAIM,2022,1666293600000,1666294500000,1666294800000,1666295100000,1666336200000,1624.558,5.8517142857143165,1,4,1626.248,1618.7062857142857,1647.9648571428572,1618.7062857142857,2.87956508561903,-1.0,STOP
swing,HIGH_RECLAIM,2022,1666335900000,1666336200000,1666336800000,1666337100000,1666356900000,1617.067,3.4146428571428777,2,3,1625.758,1613.6523571428572,1630.7255714285716,1630.7255714285716,0.4103517249924882,0.4103517249924882,TARGET
swing,HIGH_RECLAIM,2022,1666595700000,1666596300000,1666596600000,1666596900000,1666600800000,1649.577,5.215071428571426,1,3,1651.297,1644.3619285714285,1670.4372857142857,1644.3619285714285,2.7599262547506616,-1.0,STOP
swing,HIGH_RECLAIM,2022,1666598400000,1666600800000,1666601100000,1666601400000,1666692900000,1644.197,5.41071428571427,1,9,1646.657,1638.7862857142857,1665.839857142857,1638.7862857142857,2.437244759052546,-1.0,STOP
swing,HIGH_RECLAIM,2022,1666852800000,1666854000000,1666854300000,1666854600000,1666873500000,1658.857,4.153000000000004,1,5,1661.948,1654.704,1675.469,1654.704,1.8665102153505926,-1.0,STOP
swing,HIGH_RECLAIM,2022,1666939800000,1666943100000,1666943400000,1666943700000,1666948500000,1651.277,3.6845714285714166,1,12,1652.817,1647.5924285714286,1666.0152857142857,1647.5924285714286,2.5261949032046584,-1.0,STOP
swing,HIGH_RECLAIM,2022,1666948500000,1666948500000,1666948800000,1666949100000,1666960200000,1646.727,3.7909999999999564,1,1,1649.328,1642.9360000000001,1661.8909999999998,1642.9360000000001,1.9654255319149276,-1.0,STOP
swing,HIGH_RECLAIM,2022,1667200800000,1667200800000,1667201700000,1667202000000,1667204100000,1640.347,3.0056428571428535,3,3,1642.018,1637.341357142857,1652.3695714285714,1637.341357142857,2.2134620377865035,-1.0,STOP
swing,HIGH_RECLAIM,2022,1667203200000,1667206200000,1667206500000,1667206800000,1667244000000,1635.417,2.989928571428582,1,11,1636.907,1632.4270714285713,1647.3767142857143,1632.4270714285713,2.337027057191577,-1.0,STOP
swing,HIGH_RECLAIM,2022,1667243400000,1667244000000,1667244300000,1667244600000,1667286300000,1632.408,4.196785714285754,1,3,1633.898,1628.211214285714,1649.1951428571429,1649.1951428571429,2.689945362054835,2.689945362054835,TARGET
swing,HIGH_RECLAIM,2022,1667401800000,1667402400000,1667402700000,1667403000000,1667412000000,1646.308,3.5010000000000088,1,3,1647.117,1642.807,1660.3120000000001,1660.3120000000001,3.0614849187935804,3.0614849187935804,TARGET
swing,HIGH_RECLAIM,2022,1667415000000,1667417100000,1667418000000,1667418300000,1667459100000,1636.428,5.11514285714283,3,10,1640.247,1631.3128571428572,1656.8885714285714,1631.3128571428572,1.8626936791441928,-1.0,STOP
swing,HIGH_RECLAIM,2022,1667459100000,1667461500000,1667462100000,1667462400000,1667466900000,1628.257,5.567571428571422,2,10,1629.787,1622.6894285714286,1650.5272857142857,1622.6894285714286,2.922166535837195,-1.0,STOP
swing,HIGH_RECLAIM,2022,1667466600000,1667468700000,1667469000000,1667469300000,1667537100000,1619.888,5.890642857142844,1,8,1621.537,1613.997357142857,1643.4505714285713,1643.4505714285713,2.9064468760361053,2.9064468760361053,TARGET
swing,HIGH_RECLAIM,2022,1667805600000,1667805900000,1667806200000,1667806500000,1667919900000,1666.707,4.252214285714282,1,2,1667.848,1662.454785714286,1683.7158571428572,1683.7158571428572,2.94218925898961,2.94218925898961,TARGET
swing,HIGH_RECLAIM,2022,1667988300000,1667988900000,1667990100000,1667990400000,1668006300000,1703.777,3.3445000000000067,4,6,1707.137,1700.4325000000001,1717.155,1717.155,1.494220299798686,1.494220299798686,TARGET
swing,HIGH_RECLAIM,2022,1668022500000,1668022800000,1668024000000,1668024300000,1668087000000,1702.048,5.208785714285715,4,5,1704.367,1696.8392142857142,1722.883142857143,1722.883142857143,2.4597064209737307,2.4597064209737307,TARGET
swing,HIGH_RECLAIM,2022,1668405000000,1668405000000,1668405900000,1668406200000,1668497400000,1757.828,4.99571428571429,3,3,1761.328,1752.8322857142857,1777.8108571428572,1777.8108571428572,1.9401378846477413,1.9401378846477413,TARGET
swing,HIGH_RECLAIM,2022,1668531600000,1668531900000,1668532200000,1668532500000,1668661200000,1767.887,6.165785714285708,1,2,1769.697,1761.7212142857143,1792.5501428571429,1761.7212142857143,2.8653155533266363,-1.0,STOP
swing,HIGH_RECLAIM,2022,1668659100000,1668661800000,1668662100000,1668662400000,1668690300000,1761.227,4.011642857142874,1,10,1762.348,1757.215357142857,1777.2735714285716,1757.215357142857,2.907969995964247,-1.0,STOP
swing,HIGH_RECLAIM,2022,1668690000000,1668690300000,1668691200000,1668691500000,1668782700000,1756.498,4.029999999999989,3,4,1762.758,1752.468,1772.618,1752.468,0.9582118561710335,-1.0,STOP
swing,HIGH_RECLAIM,2022,1668780600000,1668783000000,1668783300000,1668783600000,1668993300000,1750.0,3.8430714285714203,1,9,1753.438,1746.1569285714286,1765.3722857142857,1746.1569285714286,1.6390837298277918,-1.0,STOP
swing,HIGH_RECLAIM,2022,1668993300000,1668994200000,1668994500000,1668994800000,1669021800000,1744.218,4.956714285714303,1,4,1747.058,1739.2612857142858,1764.0448571428574,1739.2612857142858,2.178719973615318,-1.0,STOP
swing,HIGH_RECLAIM,2022,1669021500000,1669024200000,1669024800000,1669025100000,1669047900000,1736.828,3.429142857142909,2,11,1740.438,1733.398857142857,1750.5445714285715,1733.398857142857,1.4357673418029249,-1.0,STOP
swing,HIGH_RECLAIM,2022,1669046400000,1669047900000,1669048500000,1669048800000,1669116900000,1733.168,3.9723571428571796,2,7,1734.227,1729.1956428571427,1749.0574285714285,1749.0574285714285,2.947600051107901,2.947600051107901,TARGET
swing,HIGH_RECLAIM,2022,1669133400000,1669133700000,1669134000000,1669134300000,1669176000000,1739.588,3.4993571428571744,1,2,1740.997,1736.0886428571428,1753.5854285714286,1736.0886428571428,2.5646928707596786,-1.0,STOP
swing,HIGH_RECLAIM,2022,1669180800000,1669180800000,1669181100000,1669181400000,1669210200000,1733.398,3.2849285714285736,1,1,1736.008,1730.1130714285714,1746.5377142857142,1730.1130714285714,1.786232718195983,-1.0,STOP
swing,HIGH_RECLAIM,2022,1669336500000,1669337400000,1669337700000,1669338000000,1669369500000,1752.147,2.8069285714285246,1,4,1753.457,1749.3400714285715,1763.374714285714,1749.3400714285715,2.409008102434063,-1.0,STOP
swing,HIGH_RECLAIM,2022,1669368900000,1669369800000,1669370100000,1669370400000,1669383900000,1749.148,3.003142857142848,1,4,1750.717,1746.144857142857,1761.1605714285713,1746.144857142857,2.2841743477580247,-1.0,STOP
swing,HIGH_RECLAIM,2022,1669381500000,1669383900000,1669384200000,1669384500000,1669625400000,1745.848,3.32678571428575,1,9,1748.028,1742.5212142857142,1759.155142857143,1759.155142857143,2.020623905571021,2.020623905571021,TARGET
swing,HIGH_RECLAIM,2022,1669650300000,1669652100000,1669652700000,1669653000000,1669800900000,1741.747,4.990142857142863,2,8,1743.348,1736.7568571428571,1761.7075714285716,1761.7075714285716,2.7854913520309084,2.7854913520309084,TARGET
swing,HIGH_RECLAIM,2022,1669821300000,1669822200000,1669823700000,1669824000000,1669832700000,1748.978,4.047428571428587,5,8,1752.407,1744.9305714285715,1765.1677142857145,1744.9305714285715,1.7067927773001619,-1.0,STOP
swing,HIGH_RECLAIM,2022,1669832700000,1669832700000,1669833000000,1669833300000,1669834800000,1744.717,4.493142857142857,1,1,1753.017,1740.2238571428572,1762.6895714285715,1762.6895714285715,0.7560746828658271,0.7560746828658271,TARGET
swing,HIGH_RECLAIM,2022,1669987800000,1669988700000,1669989000000,1669989300000,1669998300000,1778.418,2.918857142857129,1,4,1784.198,1775.4991428571427,1790.0934285714284,1790.0934285714284,0.6777244958286288,0.6777244958286288,TARGET
swing,HIGH_RECLAIM,2022,1670235600000,1670236200000,1670236800000,1670237100000,1670250600000,1793.198,3.8843571428571653,2,4,1795.448,1789.313642857143,1808.7354285714287,1789.313642857143,2.166066999685591,-1.0,STOP
swing,HIGH_RECLAIM,2022,1670251500000,1670253300000,1670254500000,1670254800000,1670263500000,1772.908,4.695928571428616,4,10,1775.858,1768.2120714285713,1791.6917142857144,1768.2120714285713,2.070868716310278,-1.0,STOP
swing,HIGH_RECLAIM,2022,1670263500000,1670263500000,1670263800000,1670264100000,1670438700000,1768.038,5.341642857142915,1,1,1769.907,1762.696357142857,1789.4045714285717,1789.4045714285717,2.7039990490248096,2.7039990490248096,TARGET
swing,HIGH_RECLAIM,2022,1670809800000,1670809800000,1670810100000,1670810400000,1670859300000,1789.587,5.469071428571413,1,1,1790.487,1784.1179285714286,1811.4632857142856,1784.1179285714286,3.2934605851940093,-1.0,STOP
swing,HIGH_RECLAIM,2022,1670859300000,1670859600000,1670860200000,1670860500000,1670869800000,1782.988,3.55728571428574,2,3,1786.178,1779.4307142857142,1797.217142857143,1779.4307142857142,1.6360864686328496,-1.0,STOP
swing,HIGH_RECLAIM,2022,1670868000000,1670870100000,1670870400000,1670870700000,1670938200000,1779.075,3.9279285714285868,1,8,1779.715,1775.1470714285715,1794.7867142857144,1794.7867142857144,3.2994636518586185,3.2994636518586185,TARGET
swing,HIGH_RECLAIM,2022,1671005100000,1671005100000,1671005400000,1671005700000,1671044400000,1806.368,3.293000000000023,1,1,1809.015,1803.0749999999998,1819.54,1803.0749999999998,1.7718855218854148,-1.0,STOP
swing,HIGH_RECLAIM,2022,1671072900000,1671073200000,1671074100000,1671074400000,1671091500000,1792.395,5.0042142857142835,3,4,1794.378,1787.3907857142858,1812.4118571428571,1787.3907857142858,2.580979544269704,-1.0,STOP
swing,HIGH_RECLAIM,2022,1671090300000,1671093000000,1671093900000,1671094200000,1671410700000,1773.608,5.207642857142868,3,12,1779.545,1768.400357142857,1794.4385714285713,1794.4385714285713,1.3363883992949483,1.3363883992949483,TARGET
swing,HIGH_RECLAIM,2022,1671460500000,1671460800000,1671461400000,1671461700000,1671465600000,1788.795,3.156642857142856,2,3,1790.998,1785.6383571428573,1801.4215714285715,1785.6383571428573,1.9448257479843287,-1.0,STOP
swing,HIGH_RECLAIM,2022,1671464700000,1671465900000,1671466200000,1671466500000,1671525300000,1783.785,3.640000000000003,1,5,1785.795,1780.145,1798.345,1798.345,2.2212389380530535,2.2212389380530535,TARGET
swing,HIGH_RECLAIM,2022,1671605100000,1671605100000,1671605700000,1671606000000,1671716700000,1812.398,3.3176428571428493,2,2,1814.077,1809.080357142857,1825.6685714285713,1809.080357142857,2.319871913999368,-1.0,STOP
swing,HIGH_RECLAIM,2022,1671719700000,1671720000000,1671720300000,1671720600000,1671722400000,1798.795,3.739357142857151,1,2,1801.167,1795.0556428571429,1813.7524285714287,1795.0556428571429,2.0593508573032118,-1.0,STOP
swing,HIGH_RECLAIM,2022,1671733200000,1671734700000,1671735000000,1671735300000,1672097400000,1784.627,4.723000000000005,1,6,1786.555,1779.904,1803.519,1803.519,2.550593895654754,2.550593895654754,TARGET
swing,HIGH_RECLAIM,2022,1672210800000,1672211400000,1672211700000,1672212000000,1672218000000,1807.285,5.953500000000012,1,3,1809.705,1801.3315,1831.0990000000002,1801.3315,2.5549650683705063,-1.0,STOP
swing,HIGH_RECLAIM,2022,1672221300000,1672221600000,1672221900000,1672222200000,1672324800000,1799.115,4.124428571428601,1,2,1802.635,1794.9905714285715,1815.6127142857144,1815.6127142857144,1.6976696380183818,1.6976696380183818,TARGET
swing,HIGH_RECLAIM,2022,1672396200000,1672396200000,1672396800000,1672397100000,1672409100000,1813.175,2.570357142857136,2,2,1815.925,1810.6046428571428,1823.4564285714284,1823.4564285714284,1.4155870309458167,1.4155870309458167,TARGET
swing,HIGH_RECLAIM,2023,1672760100000,1672760100000,1672760700000,1672761000000,1672817400000,1827.525,6.788428571428605,2,2,1833.575,1820.7365714285716,1854.6787142857145,1854.6787142857145,1.643792631496978,1.643792631496978,TARGET
swing,HIGH_RECLAIM,2023,1672905900000,1672906200000,1672906800000,1672907100000,1672926300000,1844.975,4.6180714285714135,2,3,1847.685,1840.3569285714284,1863.4472857142855,1840.3569285714284,2.1509459709726215,-1.0,STOP
swing,HIGH_RECLAIM,2023,1672924500000,1672927200000,1672927800000,1672928100000,1672932600000,1831.315,5.297357142857144,2,11,1836.105,1826.0176428571428,1852.5044285714287,1826.0176428571428,1.625740849578329,-1.0,STOP
swing,HIGH_RECLAIM,2023,1672931100000,1672932900000,1672934400000,1672934700000,1673012400000,1824.995,5.585357142857139,5,11,1828.818,1819.4096428571427,1847.3364285714285,1847.3364285714285,1.9682956641890959,1.9682956641890959,TARGET
swing,HIGH_RECLAIM,2023,1673284500000,1673285100000,1673285400000,1673285700000,1673429400000,1869.275,4.29607142857146,1,3,1870.775,1864.9789285714287,1886.459285714286,1886.459285714286,2.706020087497721,2.706020087497721,TARGET
swing,HIGH_RECLAIM,2023,1673451300000,1673453700000,1673454600000,1673454900000,1673516400000,1867.015,4.503285714285734,3,11,1871.545,1862.5117142857143,1885.028142857143,1885.028142857143,1.4926067085224455,1.4926067085224455,TARGET
swing,HIGH_RECLAIM,2023,1673856600000,1673859000000,1673859300000,1673859600000,1673949000000,1910.665,4.776571428571434,1,9,1911.645,1905.8884285714284,1929.7712857142858,1905.8884285714284,3.1487988882270797,-1.0,STOP
swing,HIGH_RECLAIM,2023,1673982600000,1673982900000,1673983200000,1673983500000,1674014700000,1903.675,5.0379285714285515,1,2,1905.545,1898.6370714285713,1923.8267142857142,1898.6370714285713,2.646482819947983,-1.0,STOP
swing,HIGH_RECLAIM,2023,1674014700000,1674015000000,1674015300000,1674015600000,1674046200000,1897.235,5.068571428571447,1,2,1898.485,1892.1664285714285,1917.5092857142856,1917.5092857142856,3.0108523626497856,3.0108523626497856,TARGET
swing,HIGH_RECLAIM,2023,1674093000000,1674094200000,1674094800000,1674095100000,1674141300000,1900.855,5.0471428571428145,2,6,1902.395,1895.8078571428573,1921.0435714285713,1921.0435714285713,2.831056170028259,2.831056170028259,TARGET
swing,HIGH_RECLAIM,2023,1674225000000,1674225300000,1674225600000,1674225900000,1674482700000,1920.508,4.526714285714271,1,2,1923.045,1915.9812857142858,1938.614857142857,1915.9812857142858,2.2042025644137,-1.0,STOP
swing,HIGH_RECLAIM,2023,1674482700000,1674483000000,1674483300000,1674483600000,1674523800000,1915.315,4.4262857142857035,1,2,1918.805,1910.8887142857143,1933.020142857143,1933.020142857143,1.7956834013065122,1.7956834013065122,TARGET
swing,HIGH_RECLAIM,2023,1674572100000,1674572700000,1674573000000,1674573300000,1674575100000,1917.065,4.53328571428569,1,3,1928.015,1912.5317142857143,1935.1981428571428,1935.1981428571428,0.46392884492954206,0.46392884492954206,TARGET
swing,HIGH_RECLAIM,2023,1674641400000,1674641700000,1674642000000,1674642300000,1674659100000,1922.605,3.9267857142856917,1,2,1924.395,1918.6782142857144,1938.3121428571428,1938.3121428571428,2.4344349347161036,2.4344349347161036,TARGET
swing,HIGH_RECLAIM,2023,1674724500000,1674726300000,1674726600000,1674726900000,1674744300000,1933.785,4.136428571428529,1,7,1936.615,1929.6485714285716,1950.3307142857143,1929.6485714285716,1.9688301035579212,-1.0,STOP
swing,HIGH_RECLAIM,2023,1674747300000,1674748500000,1674749100000,1674749400000,1674834300000,1923.018,5.805642857142824,2,6,1926.885,1917.2123571428572,1946.2405714285712,1917.2123571428572,2.001063381997817,-1.0,STOP
swing,HIGH_RECLAIM,2023,1674834300000,1674834300000,1674834900000,1674835200000,1675152300000,1916.525,4.61228571428569,2,2,1923.945,1911.9127142857144,1934.9741428571429,1911.9127142857144,0.9166290694085146,-1.0,STOP
swing,HIGH_RECLAIM,2023,1675152300000,1675154400000,1675154700000,1675155000000,1675164600000,1904.918,3.182071428571411,1,8,1907.255,1901.7359285714285,1917.6462857142856,1901.7359285714285,1.8827960189989579,-1.0,STOP
swing,HIGH_RECLAIM,2023,1675164600000,1675164600000,1675164900000,1675165200000,1675171800000,1901.085,3.865714285714278,1,1,1903.845,1897.2192857142857,1916.547857142857,1916.547857142857,1.9172056921086311,1.9172056921086311,TARGET
swing,HIGH_RECLAIM,2023,1675236600000,1675237800000,1675238100000,1675238400000,1675271400000,1923.998,2.4396428571428714,1,5,1924.855,1921.5583571428572,1933.7565714285715,1921.5583571428572,2.7001928368687143,-1.0,STOP
swing,HIGH_RECLAIM,2023,1675270800000,1675271400000,1675272000000,1675272300000,1675280400000,1920.435,4.489285714285724,2,4,1924.765,1915.9457142857143,1938.3921428571427,1938.3921428571427,1.5451526686644141,1.5451526686644141,TARGET
swing,HIGH_RECLAIM,2023,1675344600000,1675346400000,1675346700000,1675347000000,1675348800000,1943.0,4.564785714285709,1,7,1946.195,1938.4352142857142,1961.259142857143,1938.4352142857142,1.9413091304067824,-1.0,STOP
swing,HIGH_RECLAIM,2023,1675348500000,1675350300000,1675350900000,1675351200000,1675409700000,1917.147,6.053357142857132,2,8,1925.345,1911.0936428571429,1941.3604285714284,1911.0936428571429,1.123782697387203,-1.0,STOP
swing,HIGH_RECLAIM,2023,1675409700000,1675409700000,1675410300000,1675410600000,1675431000000,1910.017,4.218714285714278,2,2,1913.385,1905.7982857142858,1926.8918571428571,1905.7982857142858,1.780330276611401,-1.0,STOP
swing,HIGH_RECLAIM,2023,1675436400000,1675437000000,1675437300000,1675437600000,1675447200000,1868.995,6.484428571428533,1,3,1876.495,1862.5105714285714,1894.932714285714,1862.5105714285714,1.3184460267031632,-1.0,STOP
swing,HIGH_RECLAIM,2023,1675447200000,1675448100000,1675448400000,1675448700000,1675891800000,1861.255,8.024642857142842,1,4,1864.265,1853.2303571428572,1893.3535714285715,1875.368,2.6361135385312378,1.0061947761918448,864BAR_TIMEOUT
swing,HIGH_RECLAIM,2023,1675956300000,1675957500000,1675957800000,1675958100000,1675958400000,1872.475,5.010428571428553,1,5,1874.715,1867.4645714285714,1892.5167142857142,1867.4645714285714,2.455263728252533,-1.0,STOP
swing,HIGH_RECLAIM,2023,1675958400000,1675958700000,1675959000000,1675959300000,1675971600000,1865.428,5.319928571428542,1,2,1874.105,1860.1080714285715,1886.7077142857142,1860.1080714285715,0.900391412401701,-1.0,STOP
swing,HIGH_RECLAIM,2023,1675971300000,1675973100000,1675973400000,1675973700000,1676304600000,1859.518,7.193499999999972,1,7,1861.985,1852.3245000000002,1888.292,1852.3245000000002,2.723150975622458,-1.0,STOP
swing,HIGH_RECLAIM,2023,1676304000000,1676306400000,1676306700000,1676307000000,1676381400000,1851.965,4.585214285714285,1,9,1854.005,1847.3797857142856,1870.3058571428571,1870.3058571428571,2.460427155994858,2.460427155994858,TARGET
swing,HIGH_RECLAIM,2023,1676384700000,1676385000000,1676386200000,1676386500000,1676387100000,1843.165,4.986357142857206,4,5,1851.985,1838.1786428571427,1863.1104285714289,1863.1104285714289,0.8058192654522754,0.8058192654522754,TARGET
swing,HIGH_RECLAIM,2023,1676442600000,1676443200000,1676443800000,1676444100000,1676448000000,1841.995,7.004214285714316,2,4,1843.915,1834.9907857142855,1870.0118571428573,1834.9907857142855,2.9242750462225127,-1.0,STOP
swing,HIGH_RECLAIM,2023,1676446200000,1676448900000,1676449500000,1676449800000,1676599200000,1831.735,5.252500000000039,2,11,1835.865,1826.4824999999998,1852.7450000000001,1826.4824999999998,1.799094058086844,-1.0,STOP
swing,HIGH_RECLAIM,2023,1676599200000,1676599200000,1676599800000,1676600100000,1676620800000,1825.875,6.015571428571385,2,2,1829.275,1819.8594285714287,1849.9372857142855,1819.8594285714287,2.1944802682486184,-1.0,STOP
swing,HIGH_RECLAIM,2023,1676620800000,1676621100000,1676621400000,1676621700000,1676647200000,1819.795,4.173999999999978,1,2,1821.215,1815.621,1836.491,1836.491,2.7307829817662763,2.7307829817662763,TARGET
swing,HIGH_RECLAIM,2023,1676914800000,1676915700000,1676916000000,1676916300000,1676950800000,1840.655,3.054285714285681,1,4,1841.385,1837.6007142857143,1852.8721428571428,1837.6007142857143,3.035485088712698,-1.0,STOP
swing,HIGH_RECLAIM,2023,1676949000000,1676951400000,1676951700000,1676952000000,1676964300000,1837.015,2.9013571428571203,1,9,1838.365,1834.113642857143,1848.6204285714286,1834.113642857143,2.4122717115544288,-1.0,STOP
swing,HIGH_RECLAIM,2023,1676963700000,1676965500000,1676965800000,1676966100000,1676982000000,1833.475,2.769428571428502,1,7,1835.535,1830.7055714285714,1844.5527142857138,1830.7055714285714,1.8672425013309586,-1.0,STOP
swing,HIGH_RECLAIM,2023,1676981400000,1676982300000,1676982600000,1676982900000,1676990100000,1830.225,3.2314999999999503,1,4,1831.615,1826.9935,1843.1509999999996,1843.1509999999996,2.4961592556528576,2.4961592556528576,TARGET
swing,HIGH_RECLAIM,2023,1677061500000,1677061500000,1677062700000,1677063000000,1677069000000,1832.025,2.912428571428596,4,4,1834.275,1829.1125714285715,1843.6747142857146,1843.6747142857146,1.820793092951863,1.820793092951863,TARGET
swing,HIGH_RECLAIM,2023,1677078600000,1677078600000,1677078900000,1677079200000,1677093300000,1831.235,4.21821428571429,1,1,1834.625,1827.0167857142856,1848.107857142857,1827.0167857142856,1.7721447683424363,-1.0,STOP
swing,HIGH_RECLAIM,2023,1677095700000,1677096300000,1677096600000,1677096900000,1677159600000,1823.425,5.439785714285709,1,3,1825.455,1817.9852142857142,1845.184142857143,1817.9852142857142,2.641192614054712,-1.0,STOP
swing,HIGH_RECLAIM,2023,1677159000000,1677159600000,1677160200000,1677160500000,1677245400000,1817.395,3.286285714285733,2,4,1823.028,1814.1087142857143,1830.5401428571429,1814.1087142857143,0.8422359253623782,-1.0,STOP
swing,HIGH_RECLAIM,2023,1677243600000,1677246000000,1677246600000,1677246900000,1677469200000,1811.498,3.3893571428571283,2,10,1816.748,1808.108642857143,1825.0554285714286,1808.108642857143,0.9615794826003959,-1.0,STOP
swing,HIGH_RECLAIM,2023,1677562500000,1677562500000,1677562800000,1677563100000,1677571500000,1812.064,3.331285714285741,1,1,1813.215,1808.7327142857143,1825.389142857143,1808.7327142857143,2.716056858745678,-1.0,STOP
swing,HIGH_RECLAIM,2023,1677568800000,1677572100000,1677572400000,1677572700000,1677595500000,1804.594,3.0083571428571565,1,12,1808.344,1801.5856428571428,1816.6274285714287,1816.6274285714287,1.225657122927168,1.225657122927168,TARGET
swing,HIGH_RECLAIM,2023,1677741300000,1677741300000,1677741900000,1677742200000,1677834300000,1830.105,3.8896428571428197,2,2,1832.868,1826.215357142857,1845.6635714285712,1845.6635714285712,1.9233816850445973,1.9233816850445973,TARGET
swing,HIGH_RECLAIM,2023,1678096500000,1678096500000,1678097400000,1678097700000,1678128300000,1850.505,3.4735714285714203,3,3,1851.955,1847.0314285714287,1864.3992857142857,1847.0314285714287,2.527491658204098,-1.0,STOP
swing,HIGH_RECLAIM,2023,1678128300000,1678130100000,1678130400000,1678130700000,1678189500000,1845.015,3.7712857142856984,1,7,1846.265,1841.2437142857143,1860.1001428571428,1841.2437142857143,2.755298870522562,-1.0,STOP
swing,HIGH_RECLAIM,2023,1678190700000,1678190700000,1678191000000,1678191300000,1678194600000,1840.295,2.71235714285714,1,1,1841.165,1837.582642857143,1851.1444285714285,1837.582642857143,2.7857157099276835,-1.0,STOP
swing,HIGH_RECLAIM,2023,1678212600000,1678215300000,1678215900000,1678216200000,1678374000000,1812.775,4.982214285714268,2,11,1815.115,1807.7927857142859,1832.7038571428573,1832.7038571428573,2.4021226990274793,2.4021226990274793,TARGET
swing,HIGH_RECLAIM,2023,1678771500000,1678771500000,1678772100000,1678772400000,1678801500000,1901.395,5.723999999999933,2,2,1902.595,1895.671,1924.2909999999997,1895.671,3.1334488734834998,-1.0,STOP
swing,HIGH_RECLAIM,2023,1678801200000,1678801500000,1678802100000,1678802400000,1678867500000,1895.228,5.533999999999976,2,3,1902.295,1889.6940000000002,1917.364,1889.6940000000002,1.1958574716292434,-1.0,STOP
swing,HIGH_RECLAIM,2023,1678866300000,1678869000000,1678869300000,1678869600000,1678874400000,1885.565,3.299999999999938,1,10,1888.685,1882.265,1898.7649999999999,1898.7649999999999,1.5700934579439516,1.5700934579439516,TARGET
swing,HIGH_RECLAIM,2023,1679321400000,1679321400000,1679321700000,1679322000000,1679406000000,1965.748,10.120071428571416,1,1,1973.465,1955.6279285714286,2006.2282857142857,1955.6279285714286,1.8368085728358796,-1.0,STOP
swing,HIGH_RECLAIM,2023,1679406000000,1679408100000,1679408400000,1679408700000,1679419500000,1945.135,6.1860000000000195,1,8,1950.175,1938.949,1969.8790000000001,1938.949,1.7552111170497398,-1.0,STOP
swing,HIGH_RECLAIM,2023,1679423700000,1679424600000,1679425500000,1679425800000,1679508000000,1935.194,7.444857142857164,3,6,1938.095,1927.7491428571427,1964.9734285714287,1964.9734285714287,2.5979895334225946,2.5979895334225946,TARGET
swing,HIGH_RECLAIM,2023,1679646900000,1679647200000,1679647500000,1679647800000,1679661000000,1981.135,5.391714285714313,1,2,1985.595,1975.7432857142858,2002.7018571428573,2002.7018571428573,1.7364345581624863,1.7364345581624863,TARGET
swing,HIGH_RECLAIM,2023,1679678700000,1679679600000,1679679900000,1679680200000,1679897400000,1975.535,7.509714285714251,1,4,1979.285,1968.025285714286,2005.5738571428572,1968.025285714286,2.3347712451470684,-1.0,STOP
swing,HIGH_RECLAIM,2023,1679896800000,1679898000000,1679898600000,1679898900000,1679909400000,1966.525,5.525928571428575,2,6,1968.195,1960.9990714285716,1988.6287142857143,1960.9990714285716,2.8396216114271984,-1.0,STOP
swing,HIGH_RECLAIM,2023,1679913300000,1679913600000,1679915100000,1679915400000,1680015300000,1948.045,5.37621428571429,5,6,1951.045,1942.6687857142858,1969.5498571428573,1969.5498571428573,2.2092148686331368,2.2092148686331368,TARGET
swing,HIGH_RECLAIM,2023,1680066600000,1680066600000,1680067200000,1680067500000,1680070500000,1965.565,3.9463571428571282,2,2,1966.895,1961.618642857143,1981.3504285714287,1961.618642857143,2.7396607507886417,-1.0,STOP
swing,HIGH_RECLAIM,2023,1680073200000,1680073500000,1680074100000,1680074400000,1680179100000,1958.575,3.4637857142857262,2,3,1962.255,1955.1112142857144,1972.430142857143,1972.430142857143,1.4243348364712556,1.4243348364712556,TARGET
swing,HIGH_RECLAIM,2023,1680247500000,1680249600000,1680249900000,1680250200000,1680283500000,1974.285,3.333071428571478,1,8,1977.545,1970.9519285714287,1987.617285714286,1970.9519285714287,1.5277076584726772,-1.0,STOP
swing,HIGH_RECLAIM,2023,1680282900000,1680285300000,1680285600000,1680285900000,1680473400000,1966.754,6.053714285714266,1,9,1969.305,1960.7002857142857,1990.968857142857,1960.7002857142857,2.517673036375338,-1.0,STOP
swing,HIGH_RECLAIM,2023,1680472800000,1680474000000,1680474300000,1680474600000,1680490500000,1959.995,6.047928571428558,1,5,1963.855,1953.9470714285712,1984.186714285714,1953.9470714285712,2.0520650849607494,-1.0,STOP
swing,HIGH_RECLAIM,2023,1680490200000,1680491700000,1680492000000,1680492300000,1680522600000,1949.595,6.935571428571442,1,6,1951.464,1942.6594285714286,1977.3372857142858,1977.3372857142858,2.938619548286664,2.938619548286664,TARGET
swing,HIGH_RECLAIM,2023,1680589800000,1680589800000,1680590100000,1680590400000,1680615600000,1976.825,3.567642857142817,1,1,1980.275,1973.2573571428572,1991.0955714285712,1991.0955714285712,1.5419096766313112,1.5419096766313112,TARGET
swing,HIGH_RECLAIM,2023,1680703800000,1680703800000,1680704100000,1680704400000,1680705000000,2018.844,4.366857142857157,1,1,2025.375,2014.477142857143,2036.3114285714287,2014.477142857143,1.0035393589827857,-1.0,STOP
swing,HIGH_RECLAIM,2023,1680748200000,1680749100000,1680749400000,1680749700000,1680789300000,2007.915,5.591500000000012,1,4,2010.565,2002.3235,2030.281,2002.3235,2.392282958199319,-1.0,STOP
swing,HIGH_RECLAIM,2023,1680789300000,1680789300000,1680790200000,1680790500000,1681077900000,2001.0,5.087214285714318,3,3,2007.775,1995.9127857142857,2021.3488571428572,1995.9127857142857,1.1442937057041818,-1.0,STOP
swing,HIGH_RECLAIM,2023,1681077900000,1681077900000,1681078200000,1681078500000,1681131600000,1993.835,5.559214285714282,1,1,2001.275,1988.2757857142858,2016.0718571428572,1988.2757857142858,1.1382885778810778,-1.0,STOP
swing,HIGH_RECLAIM,2023,1681131600000,1681131900000,1681132200000,1681132500000,1681137300000,1986.715,4.8959285714285965,1,2,1991.075,1981.8190714285713,2006.2987142857144,1981.8190714285713,1.644752783929965,-1.0,STOP
swing,HIGH_RECLAIM,2023,1681137300000,1681137300000,1681138500000,1681138800000,1681198500000,1981.545,5.35450000000003,4,4,1987.425,1976.1905000000002,2002.9630000000002,2002.9630000000002,1.3830611064133267,1.3830611064133267,TARGET
swing,HIGH_RECLAIM,2023,1681307100000,1681307100000,1681308000000,1681308300000,1681371000000,2001.225,5.622928571428555,3,3,2009.078,1995.6020714285714,2023.716714285714,2023.716714285714,1.0862861292357129,1.0862861292357129,TARGET
swing,HIGH_RECLAIM,2023,1681458300000,1681458300000,1681458600000,1681458900000,1681460400000,2036.495,3.592500000000005,1,1,2039.195,2032.9025,2050.865,2032.9025,1.8545887961859058,-1.0,STOP
swing,HIGH_RECLAIM,2023,1681459500000,1681461000000,1681461300000,1681461600000,1681475700000,2031.725,3.69585714285714,1,6,2034.108,2028.0291428571427,2046.5084285714286,2028.0291428571427,2.039927617973272,-1.0,STOP
swing,HIGH_RECLAIM,2023,1681475400000,1681476600000,1681476900000,1681477200000,1681481100000,2017.125,4.065000000000022,1,5,2024.555,2013.06,2033.385,2013.06,0.768160069595462,-1.0,STOP
swing,HIGH_RECLAIM,2023,1681488600000,1681488900000,1681489200000,1681489500000,1681742700000,1992.285,7.727357142857143,1,2,1995.475,1984.557642857143,2023.1944285714287,1984.557642857143,2.539023704062423,-1.0,STOP
swing,HIGH_RECLAIM,2023,1681741500000,1681742700000,1681743900000,1681744200000,1681802700000,1980.974,5.301071428571423,4,8,1988.785,1975.6729285714284,2002.1782857142857,2002.1782857142857,1.021446976341298,1.021446976341298,TARGET
swing,HIGH_RECLAIM,2023,1681824300000,1681824600000,1681825500000,1681825800000,1681826700000,1991.195,3.802142857142891,3,4,1997.858,1987.392857142857,2006.4035714285715,2006.4035714285715,0.8165747515561969,0.8165747515561969,TARGET
swing,HIGH_RECLAIM,2023,1681884300000,1681885500000,1681886400000,1681886700000,1681893300000,1986.875,4.518142857142867,3,7,1991.904,1982.356857142857,2004.9475714285716,1982.356857142857,1.3662277420320237,-1.0,STOP
swing,HIGH_RECLAIM,2023,1681893300000,1681893900000,1681894200000,1681894500000,1681899300000,1976.454,4.32885714285713,1,3,1981.165,1972.125142857143,1993.7694285714285,1972.125142857143,1.3943172300447375,-1.0,STOP
swing,HIGH_RECLAIM,2023,1681899300000,1681899600000,1681899900000,1681900200000,1681911900000,1971.205,5.375642857142858,1,2,1973.985,1965.8293571428571,1992.7075714285713,1992.7075714285713,2.295658571190875,2.295658571190875,TARGET
swing,HIGH_RECLAIM,2023,1682055000000,1682056200000,1682056800000,1682057100000,1682058300000,1993.885,3.8971428571428532,2,6,1995.685,1989.9878571428571,2009.4735714285714,1989.9878571428571,2.4202607823470674,-1.0,STOP
swing,HIGH_RECLAIM,2023,1682063100000,1682063100000,1682063400000,1682063700000,1682084700000,1982.795,4.373785714285694,1,1,1985.935,1978.4212142857143,2000.2901428571429,1978.4212142857143,1.9105073531509067,-1.0,STOP
swing,HIGH_RECLAIM,2023,1682084700000,1682085600000,1682086200000,1682086500000,1682383500000,1971.515,7.031642857142856,2,5,1977.975,1964.4833571428571,1999.6415714285715,1999.6415714285715,1.6059253612024607,1.6059253612024607,TARGET
swing,HIGH_RECLAIM,2023,1682412600000,1682412600000,1682412900000,1682413200000,1682420100000,1986.798,4.451857142857144,1,1,1988.358,1982.346142857143,2004.6054285714285,1982.346142857143,2.7025639807048556,-1.0,STOP
swing,HIGH_RECLAIM,2023,1682422500000,1682424000000,1682424600000,1682424900000,1682444700000,1976.015,5.197357142857121,2,7,1979.175,1970.817642857143,1996.8044285714286,1996.8044285714286,2.109450185038056,2.109450185038056,TARGET
swing,HIGH_RECLAIM,2023,1682524800000,1682526000000,1682526600000,1682526900000,1682601300000,1985.345,5.317071428571418,2,6,1987.685,1980.0279285714287,2006.6132857142857,1980.0279285714287,2.472000671648108,-1.0,STOP
swing,HIGH_RECLAIM,2023,1682602800000,1682602800000,1682603400000,1682603700000,1682943600000,1973.865,5.341857142857099,2,2,1980.104,1968.5231428571428,1995.2324285714285,1995.2324285714285,1.306330644166464,1.306330644166464,TARGET
swing,HIGH_RECLAIM,2023,1683014700000,1683014700000,1683015000000,1683015300000,1683025500000,1978.578,2.7933571428571407,1,1,1980.398,1975.784642857143,1989.7514285714285,1989.7514285714285,2.027466827689845,2.027466827689845,TARGET
swing,HIGH_RECLAIM,2023,1683271200000,1683274200000,1683274500000,1683274800000,1683289200000,2038.735,4.062928571428562,1,11,2040.655,2034.6720714285714,2054.9867142857142,2034.6720714285714,2.3954346294814863,-1.0,STOP
swing,HIGH_RECLAIM,2023,1683292800000,1683295500000,1683295800000,1683296100000,1683549600000,1999.455,6.535999999999977,1,10,2003.855,1992.9189999999999,2025.599,2025.599,1.9882955376737033,1.9882955376737033,TARGET
swing,HIGH_RECLAIM,2023,1683707400000,1683707700000,1683708300000,1683708600000,1683721800000,2026.138,3.093928571428559,2,3,2028.135,2023.0440714285714,2038.513714285714,2038.513714285714,2.03866821938178,2.03866821938178,TARGET
swing,HIGH_RECLAIM,2023,1683788100000,1683789000000,1683789900000,1683790200000,1683804000000,2021.714,3.4394285714285906,3,6,2025.604,2018.2745714285713,2035.4717142857144,2035.4717142857144,1.346314271235314,1.346314271235314,TARGET
swing,HIGH_RECLAIM,2023,1683812700000,1683813300000,1683813600000,1683813900000,1683884100000,2011.044,6.690857142857177,1,3,2015.345,2004.353142857143,2037.8074285714288,2004.353142857143,2.0435517201045275,-1.0,STOP
swing,HIGH_RECLAIM,2023,1683882300000,1683884700000,1683885600000,1683885900000,1683895200000,2000.825,3.1347142857142836,3,11,2003.745,1997.6902857142857,2013.3638571428571,2013.3638571428571,1.5886558289880666,1.5886558289880666,TARGET
swing,HIGH_RECLAIM,2023,1684239300000,1684239300000,1684239600000,1684239900000,1684241100000,2002.374,3.0748571428571267,1,1,2005.375,1999.299142857143,2014.6734285714285,2014.6734285714285,1.5303895981754518,1.5303895981754518,TARGET
swing,HIGH_RECLAIM,2023,1684316400000,1684317600000,1684318500000,1684318800000,1684330800000,1983.634,2.4572142857143393,3,7,1986.974,1981.1767857142856,1993.4628571428573,1981.1767857142856,1.1193060706497298,-1.0,STOP
swing,HIGH_RECLAIM,2023,1684330500000,1684332000000,1684332600000,1684332900000,1684413000000,1974.935,3.7100000000000364,2,7,1981.085,1971.225,1989.775,1971.225,0.8813387423935033,-1.0,STOP
swing,HIGH_RECLAIM,2023,1684416900000,1684416900000,1684417200000,1684417500000,1684422000000,1956.478,3.47749999999998,1,1,1959.865,1953.0005,1970.388,1953.0005,1.5329594289460344,-1.0,STOP
swing,HIGH_RECLAIM,2023,1684420800000,1684423200000,1684423500000,1684423800000,1684509300000,1951.885,4.646571428571406,1,9,1954.745,1947.2384285714286,1970.4712857142856,1970.4712857142856,2.0950024740227966,2.0950024740227966,TARGET
swing,HIGH_RECLAIM,2023,1684735500000,1684735800000,1684736100000,1684736400000,1684803600000,1971.145,5.52192857142854,1,2,1974.055,1965.6230714285714,1993.232714285714,1965.6230714285714,2.2744161223918735,-1.0,STOP
swing,HIGH_RECLAIM,2023,1684807200000,1684807200000,1684808400000,1684808700000,1684826700000,1960.165,4.795785714285638,4,4,1961.925,1955.3692142857144,1979.3481428571424,1955.3692142857144,2.6576742463037086,-1.0,STOP
swing,HIGH_RECLAIM,2023,1684825800000,1684826700000,1684827000000,1684827300000,1684849500000,1955.308,3.765571428571385,1,4,1958.275,1951.5424285714287,1970.3702857142855,1970.3702857142855,1.796532846715286,1.796532846715286,TARGET
swing,HIGH_RECLAIM,2023,1684936800000,1684938000000,1684938600000,1684938900000,1684943400000,1966.525,4.6017142857142845,2,6,1970.005,1961.9232857142858,1984.9318571428573,1961.9232857142858,1.846991444530876,-1.0,STOP
swing,HIGH_RECLAIM,2023,1684942800000,1684945800000,1684946100000,1684946400000,1685017800000,1956.548,5.373785714285694,1,11,1958.805,1951.1742142857142,1978.0431428571428,1951.1742142857142,2.521122146193471,-1.0,STOP
swing,HIGH_RECLAIM,2023,1685017800000,1685018400000,1685019300000,1685019600000,1685020800000,1939.044,3.5472142857143063,3,5,1943.418,1935.4967857142858,1953.2328571428573,1953.2328571428573,1.2390596679802568,1.2390596679802568,TARGET
swing,HIGH_RECLAIM,2023,1685043300000,1685043300000,1685043900000,1685044200000,1685425500000,1938.658,5.814357142857132,2,2,1940.165,1932.8436428571429,1961.9154285714285,1932.8436428571429,2.9708192275046716,-1.0,STOP
swing,HIGH_RECLAIM,2023,1685423100000,1685425800000,1685426400000,1685426700000,1685433600000,1931.905,2.724071428571457,2,11,1934.485,1929.1809285714285,1942.8012857142858,1942.8012857142858,1.5679060559947489,1.5679060559947489,TARGET
swing,HIGH_RECLAIM,2023,1685599200000,1685601300000,1685601600000,1685601900000,1685603700000,1960.415,3.335714285714289,1,8,1961.735,1957.0792857142856,1973.7578571428571,1957.0792857142856,2.582387235348253,-1.0,STOP
swing,HIGH_RECLAIM,2023,1685606700000,1685608800000,1685609100000,1685609400000,1685616300000,1953.255,3.2628571428571473,1,8,1954.775,1949.9921428571429,1966.3064285714288,1966.3064285714288,2.4109916367980824,2.4109916367980824,TARGET
swing,HIGH_RECLAIM,2023,1685709000000,1685710200000,1685711100000,1685711400000,1685713500000,1968.505,3.1589285714285813,3,7,1973.785,1965.3460714285716,1981.1407142857145,1965.3460714285716,0.8716407803969883,-1.0,STOP
swing,HIGH_RECLAIM,2023,1685713200000,1685714100000,1685714400000,1685714700000,1685722200000,1961.725,4.845214285714292,1,4,1965.715,1956.8797857142856,1981.105857142857,1956.8797857142856,1.7419902500545692,-1.0,STOP
swing,HIGH_RECLAIM,2023,1685724900000,1685725200000,1685725500000,1685725800000,1685925000000,1952.115,5.560142857142864,1,2,1953.535,1946.5548571428571,1974.3555714285715,1946.5548571428571,2.9828288409978923,-1.0,STOP
swing,HIGH_RECLAIM,2023,1685941800000,1685942100000,1685942400000,1685942700000,1685951400000,1942.845,3.7048571428571386,1,2,1943.915,1939.1401428571428,1957.6644285714285,1939.1401428571428,2.8795476304451673,-1.0,STOP
swing,HIGH_RECLAIM,2023,1685949300000,1685951400000,1685952300000,1685952600000,1685973600000,1938.365,3.468928571428575,3,10,1940.905,1934.8960714285715,1952.2407142857144,1952.2407142857144,1.8864784546805953,1.8864784546805953,TARGET
swing,HIGH_RECLAIM,2023,1686036300000,1686037200000,1686037500000,1686037800000,1686145800000,1956.895,2.852357142857175,1,4,1958.325,1954.0426428571427,1968.3044285714286,1968.3044285714286,2.330358781045047,2.330358781045047,TARGET
swing,HIGH_RECLAIM,2023,1686155100000,1686155700000,1686156300000,1686156600000,1686231000000,1940.815,5.47271428571433,2,4,1942.975,1935.3422857142857,1962.7058571428574,1962.7058571428574,2.5850380879298553,2.5850380879298553,TARGET
swing,HIGH_RECLAIM,2023,1686317700000,1686318000000,1686318600000,1686318900000,1686577500000,1956.475,2.923571428571433,2,3,1959.925,1953.5514285714285,1968.1692857142857,1953.5514285714285,1.2935111509581905,-1.0,STOP
swing,HIGH_RECLAIM,2023,1686577500000,1686578100000,1686578400000,1686578700000,1686653700000,1949.125,4.19364285714281,1,3,1953.955,1944.9313571428572,1965.8995714285713,1965.8995714285713,1.3236972714535826,1.3236972714535826,TARGET
swing,HIGH_RECLAIM,2023,1686663600000,1686665400000,1686665700000,1686666000000,1686669900000,1951.0,5.206928571428599,1,7,1953.885,1945.7930714285715,1971.8277142857144,1945.7930714285715,2.217359449892774,-1.0,STOP
swing,HIGH_RECLAIM,2023,1686669600000,1686670800000,1686671100000,1686671400000,1686790200000,1942.055,5.315142857142876,1,5,1944.855,1936.739857142857,1963.3155714285715,1936.739857142857,2.2748301235784822,-1.0,STOP
swing,HIGH_RECLAIM,2023,1686805500000,1686805800000,1686806100000,1686806400000,1686832200000,1930.645,5.110214285714294,1,2,1933.305,1925.5347857142856,1951.085857142857,1925.368,2.2883354935972755,-1.0214647509261472,STOP_GAP
swing,HIGH_RECLAIM,2023,1686831900000,1686832200000,1686833400000,1686833700000,1686836400000,1924.898,4.931928571428557,4,5,1932.185,1919.9660714285715,1944.6257142857141,1944.6257142857141,1.0181509952357293,1.0181509952357293,TARGET
swing,HIGH_RECLAIM,2023,1686925500000,1686925500000,1686925800000,1686926100000,1687171800000,1953.165,3.8594285714285337,1,1,1956.835,1949.3055714285715,1968.602714285714,1949.3055714285715,1.5628960649641077,-1.0,STOP
swing,HIGH_RECLAIM,2023,1687171500000,1687171800000,1687173300000,1687173600000,1687225800000,1948.915,2.877071428571412,5,6,1950.034,1946.0379285714284,1960.4232857142856,1946.0379285714284,2.599874877111241,-1.0,STOP
swing,HIGH_RECLAIM,2023,1687225200000,1687225800000,1687226700000,1687227000000,1687266300000,1945.005,3.027785714285739,3,5,1947.555,1941.9772142857144,1957.1161428571431,1941.9772142857144,1.7141466787896253,-1.0,STOP
swing,HIGH_RECLAIM,2023,1687269300000,1687269900000,1687270200000,1687270500000,1687354500000,1929.898,4.820285714285693,1,3,1933.035,1925.0777142857141,1949.1791428571428,1925.0777142857141,2.028850469470846,-1.0,STOP
swing,HIGH_RECLAIM,2023,1687354500000,1687354800000,1687355100000,1687355400000,1687357800000,1919.075,3.2603571428571416,1,2,1926.398,1915.8146428571429,1932.1164285714285,1932.1164285714285,0.5403227439308431,0.5403227439308431,TARGET
swing,HIGH_RECLAIM,2023,1687410000000,1687410900000,1687411500000,1687411800000,1687435800000,1927.885,3.2578571428571683,2,5,1929.465,1924.6271428571429,1940.9164285714287,1924.6271428571429,2.367045622324023,-1.0,STOP
swing,HIGH_RECLAIM,2023,1687435800000,1687436400000,1687436700000,1687437000000,1687439100000,1923.575,3.1077142857143047,1,3,1926.075,1920.4672857142857,1936.0058571428572,1920.4672857142857,1.7709278035359253,-1.0,STOP
swing,HIGH_RECLAIM,2023,1687438500000,1687439400000,1687440000000,1687440300000,1687445700000,1918.905,3.4619285714285946,2,5,1921.245,1915.4430714285713,1932.7527142857143,1915.4430714285713,1.9834291553301522,-1.0,STOP
swing,HIGH_RECLAIM,2023,1687445700000,1687445700000,1687446600000,1687446900000,1687488900000,1914.898,4.338857142857186,3,3,1918.385,1910.5591428571427,1932.2534285714287,1910.5591428571427,1.7721290228363582,-1.0,STOP
swing,HIGH_RECLAIM,2023,1687488600000,1687488900000,1687489800000,1687490100000,1687524600000,1910.065,4.565785714285702,3,4,1911.255,1905.4992142857143,1928.328142857143,1928.328142857143,2.966257554510301,2.966257554510301,TARGET
swing,HIGH_RECLAIM,2023,1687822500000,1687822500000,1687823100000,1687823400000,1687874700000,1920.855,3.968285714285701,2,2,1922.255,1916.8867142857143,1936.7281428571428,1916.8867142857143,2.6960455585714347,-1.0,STOP
swing,HIGH_RECLAIM,2023,1687874400000,1687875300000,1687875600000,1687875900000,1687945500000,1911.385,3.8669285714285513,1,4,1916.685,1907.5180714285714,1926.8527142857142,1907.5180714285714,1.109173504133648,-1.0,STOP
swing,HIGH_RECLAIM,2023,1687945500000,1687947900000,1687948800000,1687949100000,1687959900000,1905.985,2.9204285714285203,3,11,1907.875,1903.0645714285713,1917.666714285714,1903.0645714285713,2.0355180708578593,-1.0,STOP
swing,HIGH_RECLAIM,2023,1688008800000,1688008800000,1688010600000,1688010900000,1688042100000,1902.648,3.7646428571428356,6,6,1904.805,1898.883357142857,1917.7065714285714,1898.883357142857,2.178714883659114,-1.0,STOP
swing,HIGH_RECLAIM,2023,1688104800000,1688106000000,1688106300000,1688106600000,1688113800000,1903.575,2.240642857142867,1,5,1905.085,1901.3343571428572,1912.5375714285715,1901.3343571428572,1.9870117503666422,-1.0,STOP
swing,HIGH_RECLAIM,2023,1688113200000,1688114100000,1688114700000,1688115000000,1688128200000,1900.465,2.2692142857142863,2,5,1901.615,1898.1957857142856,1909.541857142857,1909.541857142857,2.3183271010465103,2.3183271010465103,TARGET
swing,HIGH_RECLAIM,2023,1688365200000,1688366400000,1688366700000,1688367000000,1688372100000,1913.375,2.963071428571425,1,5,1914.565,1910.4119285714287,1925.2272857142857,1910.4119285714287,2.5673253874069326,-1.0,STOP
swing,HIGH_RECLAIM,2023,1688370000000,1688372100000,1688372400000,1688372700000,1688388900000,1909.965,2.980214285714299,1,8,1911.755,1906.9847857142856,1921.885857142857,1921.885857142857,2.123774014344842,2.123774014344842,TARGET
swing,HIGH_RECLAIM,2023,1688521800000,1688523000000,1688523600000,1688523900000,1688539200000,1923.115,2.345071428571422,2,6,1923.755,1920.7699285714286,1932.4952857142857,1920.7699285714286,2.9279988514272652,-1.0,STOP
swing,HIGH_RECLAIM,2023,1688537700000,1688539200000,1688540100000,1688540400000,1688551200000,1920.745,2.0994999999999857,3,8,1922.015,1918.6454999999999,1929.1429999999998,1929.1429999999998,2.1154473957558055,2.1154473957558055,TARGET
swing,HIGH_RECLAIM,2023,1688567700000,1688568600000,1688568900000,1688569200000,1688583900000,1919.015,3.442785714285703,1,4,1922.585,1915.5722142857144,1932.786142857143,1915.5722142857144,1.4546491612259482,-1.0,STOP
swing,HIGH_RECLAIM,2023,1688582100000,1688583900000,1688584200000,1688584500000,1688646000000,1915.085,4.355642857142827,1,7,1916.555,1910.7293571428572,1932.5075714285713,1910.7293571428572,2.738336664255297,-1.0,STOP
swing,HIGH_RECLAIM,2023,1688645700000,1688647800000,1688648100000,1688648400000,1688650500000,1902.505,2.827500000000035,1,8,1906.165,1899.6775,1913.8150000000003,1913.8150000000003,1.179190751445144,1.179190751445144,TARGET
swing,HIGH_RECLAIM,2023,1688965200000,1688966100000,1688966400000,1688966700000,1688992500000,1919.965,4.37749999999999,1,4,1920.835,1915.5874999999999,1937.475,1915.5874999999999,3.1710338256311243,-1.0,STOP
swing,HIGH_RECLAIM,2023,1688991600000,1688993100000,1688994300000,1688994600000,1688997000000,1912.585,2.8895714285714575,4,9,1917.235,1909.6954285714287,1924.1432857142859,1924.1432857142859,0.916270345036724,0.916270345036724,TARGET
swing,HIGH_RECLAIM,2023,1689227700000,1689227700000,1689228000000,1689228300000,1689252000000,1955.165,2.9153571428571303,1,1,1956.635,1952.2496428571428,1966.8264285714286,1952.2496428571428,2.3239677498167413,-1.0,STOP
swing,HIGH_RECLAIM,2023,1689251400000,1689252000000,1689252900000,1689253200000,1689597900000,1952.245,3.101285714285723,3,5,1957.425,1949.1437142857142,1964.6501428571428,1949.1437142857142,0.8724663182045465,-1.0,STOP
swing,HIGH_RECLAIM,2023,1689597900000,1689599400000,1689599700000,1689600000000,1689663600000,1947.258,3.7831428571428853,1,6,1950.675,1943.4748571428572,1962.3905714285715,1962.3905714285715,1.6271304140791358,1.6271304140791358,TARGET
swing,HIGH_RECLAIM,2023,1689748500000,1689748800000,1689749100000,1689749400000,1689822900000,1972.915,3.5207142857142992,1,2,1974.625,1969.3942857142856,1986.9978571428571,1986.9978571428571,2.3654240065546435,2.3654240065546435,TARGET
swing,HIGH_RECLAIM,2023,1689856200000,1689856800000,1689858300000,1689858600000,1689863700000,1972.305,3.2611428571428536,5,7,1975.715,1969.0438571428572,1985.3495714285714,1969.0438571428572,1.4442160263823165,-1.0,STOP
swing,HIGH_RECLAIM,2023,1689861900000,1689864000000,1689864900000,1689865200000,1689927600000,1965.685,4.136428571428561,3,10,1970.425,1961.5485714285714,1982.2307142857142,1961.5485714285714,1.3300072422950033,-1.0,STOP
swing,HIGH_RECLAIM,2023,1689925800000,1689927600000,1689928200000,1689928500000,1689945600000,1961.505,2.7003571428571638,2,8,1964.105,1958.8046428571429,1972.3064285714288,1958.8046428571429,1.5473350852368843,-1.0,STOP
swing,HIGH_RECLAIM,2023,1689945000000,1689945600000,1689946200000,1689946500000,1690222200000,1958.365,3.184571428571449,2,4,1962.485,1955.1804285714286,1971.103285714286,1955.1804285714286,1.1798482359384148,-1.0,STOP
swing,HIGH_RECLAIM,2023,1690222200000,1690222500000,1690222800000,1690223100000,1690353000000,1953.975,3.9976428571428806,1,2,1955.765,1949.977357142857,1969.9655714285714,1969.9655714285714,2.453601885791044,2.453601885791044,TARGET
swing,HIGH_RECLAIM,2023,1690464900000,1690467600000,1690467900000,1690468200000,1690807800000,1942.575,5.999571428571504,1,10,1945.895,1936.5754285714286,1966.5732857142862,1966.5732857142862,2.218802213467872,2.218802213467872,TARGET
swing,HIGH_RECLAIM,2023,1690865100000,1690866900000,1690867800000,1690868100000,1690873800000,1958.308,2.899571428571416,3,9,1959.885,1955.4084285714287,1969.9062857142856,1955.4084285714287,2.2386073525657544,-1.0,STOP
swing,HIGH_RECLAIM,2023,1690888200000,1690888200000,1690889100000,1690889400000,1690892400000,1953.175,2.4318571428571465,3,3,1955.805,1950.7431428571429,1962.9024285714286,1950.7431428571429,1.4021392487229118,-1.0,STOP
swing,HIGH_RECLAIM,2023,1690890900000,1690893000000,1690893300000,1690893600000,1690893900000,1949.435,2.5775714285714293,1,8,1951.495,1946.8574285714285,1959.7452857142857,1946.8574285714285,1.7790099497890315,-1.0,STOP
swing,HIGH_RECLAIM,2023,1690893600000,1690896000000,1690896300000,1690896600000,1690911300000,1944.425,3.191357142857149,1,9,1948.295,1941.2336428571427,1957.1904285714286,1941.2336428571427,1.2597335599186297,-1.0,STOP
swing,HIGH_RECLAIM,2023,1690911300000,1690911300000,1690911600000,1690911900000,1690985700000,1941.118,4.140857142857142,1,1,1941.695,1936.9771428571428,1957.6814285714286,1936.9771428571428,3.3884935654807,-1.0,STOP
swing,HIGH_RECLAIM,2023,1690989300000,1690989900000,1690991400000,1690991700000,1691152200000,1932.885,4.248642857142873,5,7,1936.015,1928.6363571428572,1949.8795714285716,1928.6363571428572,1.8790137559171576,-1.0,STOP
swing,HIGH_RECLAIM,2023,1691382600000,1691382600000,1691383500000,1691383800000,1691403600000,1937.395,3.478142857142854,3,3,1938.465,1933.9168571428572,1951.3075714285715,1933.9168571428572,2.8236956999718585,-1.0,STOP
swing,HIGH_RECLAIM,2023,1691416800000,1691416800000,1691417100000,1691417400000,1691495400000,1931.365,3.211785714285741,1,1,1933.935,1928.1532142857143,1944.212142857143,1928.1532142857143,1.7775032429427735,-1.0,STOP
swing,HIGH_RECLAIM,2023,1691494500000,1691496600000,1691496900000,1691497200000,1691591400000,1923.725,3.2205000000000155,1,8,1925.375,1920.5045,1936.607,1920.5045,2.306128734216197,-1.0,STOP
swing,HIGH_RECLAIM,2023,1691599800000,1691599800000,1691600700000,1691601000000,1691670600000,1915.515,3.507714285714282,3,3,1917.295,1912.007285714286,1929.5458571428571,1929.5458571428571,2.316853082617421,2.316853082617421,TARGET
swing,HIGH_RECLAIM,2023,1691676900000,1691679900000,1691680500000,1691680800000,1692015300000,1912.738,4.056500000000012,2,12,1915.775,1908.6815000000001,1928.9640000000002,1908.6815000000001,1.859307817015602,-1.0,STOP
swing,HIGH_RECLAIM,2023,1692015000000,1692015900000,1692016800000,1692017100000,1692020700000,1905.905,2.531142857142868,3,6,1908.258,1903.373857142857,1916.0295714285714,1903.373857142857,1.5911842990435225,-1.0,STOP
swing,HIGH_RECLAIM,2023,1692019500000,1692020700000,1692022200000,1692022500000,1692102600000,1902.595,2.8754285714285777,5,9,1907.285,1899.7195714285715,1914.0967142857144,1899.7195714285715,0.9003738811888655,-1.0,STOP
swing,HIGH_RECLAIM,2023,1692102000000,1692102600000,1692103500000,1692103800000,1692105000000,1896.215,2.436000000000019,3,5,1905.045,1893.779,1905.959,1905.959,0.08112906089117532,0.08112906089117532,TARGET
swing,HIGH_RECLAIM,2023,1692190200000,1692190200000,1692190800000,1692191100000,1692206700000,1899.905,2.1639285714285443,2,2,1901.885,1897.7410714285713,1908.560714285714,1897.7410714285713,1.6109626820649023,-1.0,STOP
swing,HIGH_RECLAIM,2023,1692208800000,1692209400000,1692209700000,1692210000000,1692215400000,1895.205,2.9650714285713775,1,3,1897.525,1892.2399285714287,1907.0652857142854,1892.2399285714287,1.8051384627859453,-1.0,STOP
swing,HIGH_RECLAIM,2023,1692219300000,1692219300000,1692223200000,1692223500000,1692290700000,1891.148,3.3638571428571304,1,1,1893.835,1887.7841428571428,1904.6034285714284,1887.7841428571428,1.7796534139200375,-1.0,STOP
swing,HIGH_RECLAIM,2023,1692290700000,1692292200000,1692292500000,1692292800000,1692689100000,1885.785,3.6579285714285885,1,6,1886.825,1882.1270714285715,1900.4167142857145,1900.4167142857145,2.893129190676817,2.893129190676817,TARGET
swing,HIGH_RECLAIM,2023,1692711000000,1692712500000,1692712800000,1692713100000,1692771900000,1889.018,3.8031428571428347,1,6,1893.055,1885.2148571428572,1904.2305714285715,1904.2305714285715,1.4254295657877958,1.4254295657877958,TARGET
swing,HIGH_RECLAIM,2023,1692878400000,1692879000000,1692879300000,1692879600000,1692880800000,1914.095,2.332714285714246,1,3,1915.315,1911.7622857142858,1923.425857142857,1911.7622857142858,2.2830029353813543,-1.0,STOP
swing,HIGH_RECLAIM,2023,1692880200000,1692880800000,1692881400000,1692881700000,1692888000000,1911.655,2.332714285714246,2,4,1914.145,1909.3222857142857,1920.985857142857,1920.985857142857,1.418466186794607,1.418466186794607,TARGET
swing,HIGH_RECLAIM,2023,1692946500000,1692946500000,1692946800000,1692947100000,1692973500000,1912.695,2.7654999999999745,1,1,1913.805,1909.9295,1923.7569999999998,1909.9295,2.5679267191328883,-1.0,STOP
swing,HIGH_RECLAIM,2023,1693225800000,1693225800000,1693226400000,1693226700000,1693236000000,1913.295,1.7997857142856901,2,2,1916.535,1911.4952142857144,1920.4941428571428,1920.4941428571428,0.7855776180959888,0.7855776180959888,TARGET
swing,HIGH_RECLAIM,2023,1693311900000,1693311900000,1693312200000,1693312500000,1693317600000,1914.355,2.3617857142857184,1,1,1916.355,1911.9932142857142,1923.8021428571428,1923.8021428571428,1.707361008761105,1.707361008761105,TARGET
swing,HIGH_RECLAIM,2023,1693488900000,1693489200000,1693490400000,1693490700000,1693542000000,1940.245,2.0145000000000306,4,5,1944.615,1938.2305,1948.303,1938.2305,0.5776489936565173,-1.0,STOP
swing,HIGH_RECLAIM,2023,1693541100000,1693542300000,1693542600000,1693542900000,1693571400000,1938.105,2.9927142857143116,1,5,1939.225,1935.1122857142857,1950.0758571428573,1950.0758571428573,2.6383688214249603,2.6383688214249603,TARGET
swing,HIGH_RECLAIM,2023,1693576800000,1693578900000,1693579200000,1693579500000,1693905900000,1934.355,3.292214285714311,1,8,1938.425,1931.0627857142856,1947.5238571428572,1931.0627857142856,1.235885942699696,-1.0,STOP
swing,HIGH_RECLAIM,2023,1693905600000,1693908600000,1693908900000,1693909200000,1693917000000,1930.145,2.1962857142856853,1,11,1931.945,1927.9487142857142,1938.9301428571428,1927.9487142857142,1.747908772431538,-1.0,STOP
swing,HIGH_RECLAIM,2023,1693916100000,1693917600000,1693918200000,1693918500000,1693923300000,1927.808,2.168071428571417,2,7,1933.455,1925.6399285714285,1936.4802857142856,1925.6399285714285,0.38710915721453937,-1.0,STOP
swing,HIGH_RECLAIM,2023,1693921800000,1693925100000,1693925400000,1693925700000,1694005200000,1925.205,3.0649999999999733,1,12,1926.635,1922.1399999999999,1937.465,1922.1399999999999,2.409343715239075,-1.0,STOP
swing,HIGH_RECLAIM,2023,1694005200000,1694005500000,1694007000000,1694007300000,1694010300000,1921.028,2.2558571428571503,5,6,1923.355,1918.7721428571429,1930.0514285714287,1918.7721428571429,1.461190773067346,-1.0,STOP
swing,HIGH_RECLAIM,2023,1694008800000,1694011500000,1694011800000,1694012100000,1694137800000,1915.175,2.6935000000000042,1,10,1917.965,1912.4814999999999,1925.949,1925.949,1.4560043767666782,1.4560043767666782,TARGET
swing,HIGH_RECLAIM,2023,1694386800000,1694386800000,1694387100000,1694387400000,1694415900000,1916.584,3.17364285714286,1,1,1918.278,1913.4103571428573,1929.2785714285715,1929.2785714285715,2.259938075043707,2.259938075043707,TARGET
swing,HIGH_RECLAIM,2023,1694444400000,1694445300000,1694445600000,1694445900000,1694514900000,1921.295,3.046999999999993,1,4,1923.785,1918.248,1933.483,1918.248,1.7514899765215468,-1.0,STOP
swing,HIGH_RECLAIM,2023,1694520300000,1694521500000,1694521800000,1694522100000,1694608200000,1908.384,2.371928571428579,1,5,1910.765,1906.0120714285715,1917.8717142857142,1906.0120714285715,1.4952285057332715,-1.0,STOP
swing,HIGH_RECLAIM,2023,1694671800000,1694672700000,1694673000000,1694673300000,1694694600000,1906.935,2.951428571428583,1,4,1908.205,1903.9835714285714,1918.7407142857144,1903.9835714285714,2.495769881556745,-1.0,STOP
swing,HIGH_RECLAIM,2023,1694694600000,1694694900000,1694695800000,1694696100000,1694703000000,1901.035,2.174571428571442,3,4,1905.385,1898.8604285714287,1909.7332857142858,1909.7332857142858,0.6664477141355972,0.6664477141355972,TARGET
swing,HIGH_RECLAIM,2023,1695045600000,1695045600000,1695046200000,1695046500000,1695057300000,1922.678,2.459000000000011,2,2,1925.105,1920.219,1932.5140000000001,1932.5140000000001,1.516373311502283,1.516373311502283,TARGET
swing,HIGH_RECLAIM,2023,1695106500000,1695106500000,1695106800000,1695107100000,1695119400000,1929.684,1.6010714285714422,1,1,1931.004,1928.0829285714285,1936.0882857142858,1936.0882857142858,1.7405550800832226,1.7405550800832226,TARGET
swing,HIGH_RECLAIM,2023,1695147300000,1695147300000,1695147900000,1695148200000,1695217200000,1929.675,2.517357142857122,2,2,1930.505,1927.157642857143,1939.7444285714284,1939.7444285714284,2.7602159486160915,2.7602159486160915,TARGET
swing,HIGH_RECLAIM,2023,1695286200000,1695287700000,1695288000000,1695288300000,1695297900000,1922.425,3.802571428571436,1,6,1922.945,1918.6224285714286,1937.6352857142856,1918.6224285714286,3.398506180183814,-1.0,STOP
swing,HIGH_RECLAIM,2023,1695298800000,1695298800000,1695299100000,1695299400000,1695709200000,1915.375,3.44728571428571,1,1,1917.895,1911.9277142857143,1929.164142857143,1911.9277142857143,1.8884872279811484,-1.0,STOP
swing,HIGH_RECLAIM,2023,1695708900000,1695711600000,1695711900000,1695712200000,1695731700000,1909.575,1.7683571428571636,1,10,1911.435,1907.8066428571428,1916.6484285714287,1907.8066428571428,1.436856507274105,-1.0,STOP
swing,HIGH_RECLAIM,2023,1695735000000,1695735300000,1695735600000,1695735900000,1695740700000,1904.525,2.4830000000000285,1,2,1906.505,1902.0420000000001,1914.457,1902.0420000000001,1.78176114721041,-1.0,STOP
swing,HIGH_RECLAIM,2023,1695744300000,1695744300000,1695744600000,1695744900000,1695789000000,1900.628,3.276500000000039,1,1,1902.085,1897.3515,1913.7340000000002,1897.3515,2.460969684166049,-1.0,STOP
swing,HIGH_RECLAIM,2023,1695787500000,1695789000000,1695789900000,1695790200000,1695813000000,1896.475,3.180285714285706,3,8,1897.755,1893.2947142857142,1909.1961428571428,1893.2947142857142,2.565114342450714,-1.0,STOP
swing,HIGH_RECLAIM,2023,1695810900000,1695813600000,1695813900000,1695814200000,1695817500000,1892.415,2.427500000000009,1,10,1892.855,1889.9875,1902.125,1889.9875,3.232781168264961,-1.0,STOP
swing,HIGH_RECLAIM,2023,1695816000000,1695817800000,1695818100000,1695818400000,1695822000000,1889.635,2.428428571428591,1,7,1892.145,1887.2065714285714,1899.3487142857143,1887.2065714285714,1.4587057768520866,-1.0,STOP
swing,HIGH_RECLAIM,2023,1695826200000,1695828300000,1695828600000,1695828900000,1695832500000,1879.655,3.2660000000000275,1,8,1880.915,1876.389,1892.719,1876.389,2.6080424215642757,-1.0,STOP
swing,HIGH_RECLAIM,2023,1695830400000,1695833700000,1695834000000,1695834300000,1695905100000,1875.375,3.6021428571428618,1,12,1877.155,1871.7728571428572,1889.7835714285713,1871.7728571428572,2.346383543463871,-1.0,STOP
swing,HIGH_RECLAIM,2023,1695905100000,1695905100000,1695906000000,1695906300000,1695911700000,1871.675,2.483142857142866,3,3,1874.725,1869.191857142857,1881.6075714285714,1869.191857142857,1.2438810286068596,-1.0,STOP
swing,HIGH_RECLAIM,2023,1695911400000,1695914400000,1695914700000,1695915000000,1695972900000,1857.565,3.828857142857146,1,11,1860.905,1853.736142857143,1872.8804285714286,1872.8804285714286,1.670479454784642,1.670479454784642,TARGET
swing,HIGH_RECLAIM,2023,1696000200000,1696002000000,1696002300000,1696002600000,1696011600000,1852.165,4.4129285714285675,1,7,1854.145,1847.7520714285713,1869.8167142857142,1847.7520714285713,2.451413950682057,-1.0,STOP
swing,HIGH_RECLAIM,2023,1696010400000,1696012500000,1696013100000,1696013400000,1696225200000,1846.205,5.110500000000002,2,9,1847.605,1841.0945,1866.647,1841.0945,2.924813762383787,-1.0,STOP
swing,HIGH_RECLAIM,2023,1696224900000,1696225800000,1696226400000,1696226700000,1696238700000,1839.145,4.032571428571406,2,5,1841.305,1835.1124285714286,1855.2752857142857,1835.1124285714286,2.255974900802783,-1.0,STOP
swing,HIGH_RECLAIM,2023,1696238400000,1696239000000,1696239600000,1696239900000,1696257600000,1831.014,3.4494999999999925,2,4,1834.275,1827.5645,1844.812,1827.5645,1.5702257655911764,-1.0,STOP
swing,HIGH_RECLAIM,2023,1696287600000,1696289100000,1696289400000,1696289700000,1696300200000,1820.405,5.0322142857143195,1,6,1823.675,1815.3727857142856,1840.5338571428572,1815.3727857142856,2.0306458690022287,-1.0,STOP
swing,HIGH_RECLAIM,2023,1696299000000,1696300200000,1696301100000,1696301400000,1696572600000,1815.245,4.6268571428571805,3,7,1818.135,1810.6181428571426,1833.7524285714287,1821.285,2.0776540347409225,0.41905811699418444,864BAR_TIMEOUT
swing,HIGH_RECLAIM,2023,1696595400000,1696596300000,1696596900000,1696597200000,1696597800000,1810.288,2.4790714285714524,2,5,1815.015,1807.8089285714286,1820.2042857142858,1820.2042857142858,0.7201268771373261,0.7201268771373261,TARGET
swing,HIGH_RECLAIM,2023,1696855200000,1696855500000,1696855800000,1696856100000,1696896300000,1844.885,4.928928571428547,1,2,1847.215,1839.9560714285715,1864.6007142857143,1864.6007142857143,2.395079950799561,2.395079950799561,TARGET
swing,HIGH_RECLAIM,2023,1696936200000,1696936200000,1696936500000,1696936800000,1697010000000,1854.985,3.093142857142815,1,1,1856.105,1851.8918571428571,1867.3575714285712,1867.3575714285712,2.670825986708182,2.670825986708182,TARGET
swing,HIGH_RECLAIM,2023,1697118000000,1697118900000,1697119200000,1697119500000,1697130300000,1872.765,3.5717857142857383,1,4,1875.185,1869.1932142857145,1887.052142857143,1869.1932142857145,1.980568635632238,-1.0,STOP
swing,HIGH_RECLAIM,2023,1697129400000,1697130900000,1697131200000,1697131500000,1697183100000,1867.915,3.735214285714327,1,6,1870.245,1864.1797857142856,1882.8558571428573,1882.8558571428573,2.0792104860269074,2.0792104860269074,TARGET
swing,HIGH_RECLAIM,2023,1697439300000,1697439600000,1697440200000,1697440500000,1697544900000,1908.085,4.71771428571427,2,3,1911.055,1903.3672857142858,1926.9558571428572,1926.9558571428572,2.068346526926085,2.068346526926085,TARGET
swing,HIGH_RECLAIM,2023,1698012000000,1698012000000,1698012600000,1698012900000,1698145200000,1964.865,6.812214285714292,2,2,1975.625,1958.0527857142856,1992.1138571428571,1958.0527857142856,0.9383482852392712,-1.0,STOP
swing,HIGH_RECLAIM,2023,1698246000000,1698246000000,1698247800000,1698248100000,1698248700000,1962.854,5.0463571428571345,6,6,1978.135,1957.8076428571428,1983.0394285714285,1983.0394285714285,0.24127231774209712,0.24127231774209712,TARGET
swing,HIGH_RECLAIM,2023,1698323400000,1698325800000,1698326100000,1698326400000,1698428100000,1974.545,4.382142857142867,1,9,1977.025,1970.1628571428573,1992.0735714285715,1992.0735714285715,2.1929842822941907,2.1929842822941907,TARGET
swing,HIGH_RECLAIM,2023,1698652500000,1698653100000,1698653400000,1698653700000,1698772800000,1990.835,5.403142857142841,1,3,1994.165,1985.431857142857,2012.4475714285713,1985.431857142857,2.0934698684813107,-1.0,STOP
swing,HIGH_RECLAIM,2023,1698772500000,1698773100000,1698773400000,1698773700000,1698777000000,1983.735,4.818714285714269,1,3,1985.925,1978.9162857142856,2003.009857142857,1978.9162857142856,2.4376592405372453,-1.0,STOP
swing,HIGH_RECLAIM,2023,1698775800000,1698777000000,1698777300000,1698777600000,1698864000000,1978.735,5.148499999999997,1,5,1981.455,1973.5865,1999.329,1973.5865,2.2715892482684037,-1.0,STOP
swing,HIGH_RECLAIM,2023,1698864000000,1698864300000,1698864600000,1698864900000,1698888600000,1969.815,4.388857142857156,1,2,1974.025,1965.4261428571428,1987.3704285714286,1987.3704285714286,1.5520002658160357,1.5520002658160357,TARGET
swing,HIGH_RECLAIM,2023,1698932700000,1698934200000,1698934800000,1698935100000,1699014600000,1980.505,3.386428571428545,2,7,1983.215,1977.1185714285716,1994.0507142857143,1994.0507142857143,1.7773872290569217,1.7773872290569217,TARGET
swing,HIGH_RECLAIM,2023,1699240800000,1699242000000,1699242300000,1699242600000,1699313700000,1981.845,6.104785714285721,1,5,1984.675,1975.7402142857143,2006.2641428571428,1975.7402142857143,2.416302253631482,-1.0,STOP
swing,HIGH_RECLAIM,2023,1699316400000,1699316400000,1699316700000,1699317000000,1699326000000,1975.435,3.060071428571437,1,1,1976.285,1972.3749285714284,1987.6752857142858,1972.3749285714284,2.9130633346119126,-1.0,STOP
swing,HIGH_RECLAIM,2023,1699323000000,1699326000000,1699326600000,1699326900000,1699341000000,1972.118,3.1531428571428575,2,12,1973.295,1968.964857142857,1984.7305714285715,1968.964857142857,2.640922437398824,-1.0,STOP
swing,HIGH_RECLAIM,2023,1699340400000,1699341600000,1699342200000,1699342500000,1699347600000,1967.115,2.4717857142857156,2,6,1968.515,1964.6432142857143,1977.0021428571429,1964.6432142857143,2.192048703994022,-1.0,STOP
swing,HIGH_RECLAIM,2023,1699347000000,1699348200000,1699348500000,1699348800000,1699359000000,1964.058,2.6532142857142844,1,5,1966.475,1961.4047857142857,1974.6708571428571,1961.4047857142857,1.6164715495259854,-1.0,STOP
swing,HIGH_RECLAIM,2023,1699356900000,1699359000000,1699359300000,1699359600000,1699361100000,1961.285,2.8325714285714247,1,8,1962.755,1958.4524285714288,1972.6152857142858,1958.4524285714288,2.2917192376652284,-1.0,STOP
swing,HIGH_RECLAIM,2023,1699359900000,1699361400000,1699362000000,1699362300000,1699382700000,1957.115,2.8325714285714247,2,7,1959.395,1954.2824285714287,1968.4452857142858,1968.4452857142858,1.7702023024478075,1.7702023024478075,TARGET
swing,HIGH_RECLAIM,2023,1699437600000,1699439700000,1699440600000,1699440900000,1699456200000,1959.485,2.2875714285714497,3,10,1962.395,1957.1974285714284,1968.6352857142856,1957.1974285714284,1.200615672154528,-1.0,STOP
swing,HIGH_RECLAIM,2023,1699455600000,1699457100000,1699457400000,1699457700000,1699458000000,1955.245,3.199285714285728,1,6,1957.285,1952.0457142857142,1968.0421428571428,1952.0457142857142,2.0531697341512483,-1.0,STOP
swing,HIGH_RECLAIM,2023,1699457700000,1699458000000,1699458600000,1699458900000,1699473000000,1950.898,3.199285714285728,2,3,1955.585,1947.6987142857142,1963.6951428571429,1947.6987142857142,1.0283856242301115,-1.0,STOP
swing,HIGH_RECLAIM,2023,1699470900000,1699473600000,1699473900000,1699474200000,1699554300000,1947.325,4.443071428571459,1,10,1948.625,1942.8819285714285,1965.0972857142858,1965.0972857142858,2.868201435269805,2.868201435269805,TARGET
swing,HIGH_RECLAIM,2023,1699599900000,1699600800000,1699601700000,1699602000000,1699615500000,1953.595,3.845499999999999,3,6,1956.255,1949.7495000000001,1968.977,1949.7495000000001,1.9555760510337425,-1.0,STOP
swing,HIGH_RECLAIM,2023,1699614900000,1699616700000,1699618200000,1699618500000,1699620000000,1947.085,2.8445714285714336,5,11,1948.465,1944.2404285714285,1958.4632857142858,1944.2404285714285,2.3666982280536315,-1.0,STOP
swing,HIGH_RECLAIM,2023,1699619100000,1699620000000,1699620600000,1699620900000,1699631100000,1943.435,2.8405000000000036,2,5,1947.795,1940.5945,1954.797,1940.5945,0.9724324699673369,-1.0,STOP
swing,HIGH_RECLAIM,2023,1699631100000,1699631400000,1699631700000,1699632000000,1699639500000,1939.645,3.530214285714286,1,2,1941.985,1936.1147857142857,1953.7658571428572,1936.1147857142857,2.0068870691019467,-1.0,STOP
swing,HIGH_RECLAIM,2023,1699638000000,1699640700000,1699641600000,1699641900000,1699968600000,1932.865,4.1397142857142954,3,12,1936.195,1928.7252857142857,1949.4238571428573,1949.4238571428573,1.7709990820073944,1.7709990820073944,TARGET
swing,HIGH_RECLAIM,2023,1700231700000,1700232900000,1700233200000,1700233500000,1700438100000,1979.295,3.810785714285722,1,5,1982.178,1975.4842142857144,1994.538142857143,1975.4842142857144,1.846510089315249,-1.0,STOP
swing,HIGH_RECLAIM,2023,1700438100000,1700438400000,1700440200000,1700440500000,1700487000000,1973.265,4.032857142857146,6,7,1975.335,1969.232142857143,1989.3964285714287,1969.232142857143,2.304073033707881,-1.0,STOP
swing,HIGH_RECLAIM,2023,1700486700000,1700487300000,1700487600000,1700487900000,1700524800000,1965.575,4.023428571428553,1,3,1968.375,1961.5515714285716,1981.6687142857143,1981.6687142857143,1.948245540574538,1.948245540574538,TARGET
swing,HIGH_RECLAIM,2023,1700665500000,1700666700000,1700667300000,1700667600000,1701047100000,1989.885,3.750499999999988,2,6,1992.525,1986.1345000000001,2004.887,2004.887,1.934433925357938,1.934433925357938,TARGET
swing,HIGH_RECLAIM,2023,1701102900000,1701103200000,1701103500000,1701103800000,1701178800000,2005.608,3.7709285714286125,1,2,2009.365,2001.8370714285713,2020.6917142857144,2020.6917142857144,1.504625632169723,1.504625632169723,TARGET
swing,HIGH_RECLAIM,2023,1701255000000,1701255000000,1701255600000,1701255900000,1701355200000,2036.635,4.023214285714289,2,2,2037.955,2032.6117857142858,2052.727857142857,2032.6117857142858,2.7647884499699837,-1.0,STOP
swing,HIGH_RECLAIM,2023,1701355200000,1701355200000,1701355500000,1701355800000,1701423000000,2031.258,4.063142857142858,1,1,2035.325,2027.1948571428572,2047.5105714285714,2047.5105714285714,1.4988139375516218,1.4988139375516218,TARGET
swing,HIGH_RECLAIM,2023,1701434700000,1701435000000,1701435300000,1701435600000,1701442800000,2033.805,3.6187857142857314,1,2,2035.885,2030.1862142857144,2048.280142857143,2048.280142857143,2.1750498226439814,2.1750498226439814,TARGET
swing,HIGH_RECLAIM,2023,1701697800000,1701699900000,1701700200000,1701700500000,1701703500000,2042.455,12.10028571428568,1,8,2048.085,2030.3547142857142,2090.8561428571425,2030.3547142857142,2.4123211293025215,-1.0,STOP
swing,HIGH_RECLAIM,2023,1701703200000,1701704100000,1701704400000,1701704700000,1701791400000,2019.925,9.689071428571424,1,4,2027.405,2010.2359285714285,2058.681285714286,2010.2359285714285,1.821664371565158,-1.0,STOP
swing,HIGH_RECLAIM,2023,1701790500000,1701791400000,1701791700000,1701792000000,1701848700000,2009.855,5.603785714285697,1,4,2016.155,2004.2512142857142,2032.270142857143,2032.270142857143,1.3537830102068409,1.3537830102068409,TARGET
swing,HIGH_RECLAIM,2023,1701968400000,1701969000000,1701969600000,1701969900000,1702042500000,2020.075,4.745071428571448,2,4,2023.835,2015.3299285714286,2039.055285714286,2015.3299285714286,1.7895541315685721,-1.0,STOP
swing,HIGH_RECLAIM,2023,1702042200000,1702042500000,1702042800000,1702043100000,1702044600000,2014.315,3.148428571428586,1,2,2023.125,2011.1665714285714,2026.9087142857145,2011.1665714285714,0.31640564335975074,-1.0,STOP
swing,HIGH_RECLAIM,2023,1702044000000,1702045500000,1702045800000,1702046100000,1702054800000,2002.495,4.041785714285733,1,6,2008.035,1998.4532142857142,2018.6621428571427,1998.4532142857142,1.1090983637108727,-1.0,STOP
swing,HIGH_RECLAIM,2023,1702054500000,1702055700000,1702056300000,1702056600000,1702305000000,1994.555,5.612071428571442,2,6,1997.055,1988.9429285714286,2017.0032857142858,1988.9429285714286,2.4590865465047673,-1.0,STOP
swing,HIGH_RECLAIM,2023,1702308300000,1702309200000,1702309500000,1702309800000,1702318500000,1980.505,4.716071428571435,1,4,1982.925,1975.7889285714286,1999.3692857142858,1975.7889285714286,2.304389169711275,-1.0,STOP
swing,HIGH_RECLAIM,2023,1702318500000,1702318500000,1702319100000,1702319400000,1702387800000,1975.725,5.005928571428545,2,2,1978.375,1970.7190714285714,1995.7487142857142,1995.7487142857142,2.2693150966104474,2.2693150966104474,TARGET
swing,HIGH_RECLAIM,2023,1702391400000,1702391700000,1702392000000,1702392300000,1702448100000,1979.974,4.0247142857142695,1,2,1982.925,1975.9492857142857,1996.072857142857,1975.9492857142857,1.8848044235101185,-1.0,STOP
swing,HIGH_RECLAIM,2023,1702447800000,1702448700000,1702449300000,1702449600000,1702474200000,1973.405,2.630785714285691,2,5,1975.125,1970.7742142857144,1983.9281428571428,1983.9281428571428,2.0233455369309628,2.0233455369309628,TARGET
swing,HIGH_RECLAIM,2023,1702560600000,1702560600000,1702561200000,1702561500000,1702664700000,2027.445,5.557142857142821,2,2,2033.515,2021.8878571428572,2049.6735714285714,2021.8878571428572,1.3897284678707373,-1.0,STOP
swing,HIGH_RECLAIM,2023,1702664100000,1702665000000,1702665300000,1702665600000,1702668600000,2020.065,4.474071428571473,1,4,2022.895,2015.5909285714285,2037.9612857142859,2015.5909285714285,2.0627243122720405,-1.0,STOP
swing,HIGH_RECLAIM,2023,1702668300000,1702668600000,1702669500000,1702669800000,1702996800000,2015.515,5.337642857142896,3,4,2017.935,2010.177357142857,2036.8655714285717,2036.8655714285717,2.4402478661596803,2.4402478661596803,TARGET
swing,HIGH_RECLAIM,2023,1703067900000,1703068200000,1703068500000,1703068800000,1703070600000,2035.785,2.387500000000029,1,2,2036.525,2033.3975,2045.3350000000003,2033.3975,2.8169464428457296,-1.0,STOP
swing,HIGH_RECLAIM,2023,1703079300000,1703079600000,1703079900000,1703080200000,1703165400000,2029.478,2.744142857142898,1,2,2034.115,2026.7338571428572,2040.4545714285716,2040.4545714285716,0.8588875125803553,0.8588875125803553,TARGET
swing,HIGH_RECLAIM,2023,1703601600000,1703601600000,1703603100000,1703603400000,1703622900000,2054.465,2.9225714285713758,5,5,2059.055,2051.542428571429,2066.1552857142856,2066.1552857142856,0.9451205598236001,0.9451205598236001,TARGET
swing,HIGH_RECLAIM,2023,1703673000000,1703673000000,1703673600000,1703673900000,1703689800000,2061.385,2.813785714285749,2,2,2064.285,2058.5712142857146,2072.640142857143,2072.640142857143,1.4622779493207452,1.4622779493207452,TARGET
swing,HIGH_RECLAIM,2023,1703754300000,1703754600000,1703755800000,1703756100000,1703791200000,2072.994,3.841285714285732,4,5,2076.135,2069.1527142857144,2088.359142857143,2069.1527142857144,1.7507365578197644,-1.0,STOP
swing,HIGH_RECLAIM,2023,1703790600000,1703792400000,1703793000000,1703793300000,1703858100000,2065.875,4.968142857142831,2,8,2068.185,2060.906857142857,2085.7475714285715,2060.906857142857,2.413056705988569,-1.0,STOP
swing,HIGH_RECLAIM,2023,1703857800000,1703858100000,1703859300000,1703859600000,1704174300000,2058.105,3.573285714285638,4,5,2061.875,2054.5317142857143,2072.3981428571424,2072.3981428571424,1.4330292006302534,1.4330292006302534,TARGET
swing,HIGH_RECLAIM,2024,1704206400000,1704206400000,1704207000000,1704207300000,1704209700000,2062.095,4.440214285714286,2,2,2069.355,2057.6547857142855,2079.855857142857,2057.6547857142855,0.8974927199135281,-1.0,STOP
swing,HIGH_RECLAIM,2024,1704209700000,1704209700000,1704211500000,1704211800000,1704281400000,2055.818,4.7757142857143275,6,6,2065.545,2051.0422857142858,2074.9208571428576,2051.0422857142858,0.6464898196396973,-1.0,STOP
swing,HIGH_RECLAIM,2024,1704284700000,1704284700000,1704285000000,1704285300000,1704290700000,2041.685,3.498642857142873,1,1,2044.445,2038.186357142857,2055.6795714285713,2038.186357142857,1.7950491320573818,-1.0,STOP
swing,HIGH_RECLAIM,2024,1704289500000,1704291600000,1704291900000,1704292200000,1704461400000,2034.485,4.405071428571448,1,8,2037.025,2030.0799285714284,2052.105285714286,2030.0799285714284,2.1713650996080607,-1.0,STOP
swing,HIGH_RECLAIM,2024,1704686100000,1704686100000,1704686400000,1704686700000,1704692100000,2034.975,7.0907142857143,1,1,2036.155,2027.8842857142856,2063.337857142857,2027.8842857142856,3.286639606183575,-1.0,STOP
swing,HIGH_RECLAIM,2024,1704705300000,1704705300000,1704706200000,1704706500000,1704712500000,2026.465,4.282357142857141,3,3,2028.565,2022.1826428571428,2043.5944285714286,2022.1826428571428,2.354839792732152,-1.0,STOP
swing,HIGH_RECLAIM,2024,1704717000000,1704717000000,1704717900000,1704718200000,1704730200000,2018.865,4.473857142857128,3,3,2021.585,2014.3911428571428,2036.7604285714285,2036.7604285714285,2.1094981829735198,2.1094981829735198,TARGET
swing,HIGH_RECLAIM,2024,1704815700000,1704816300000,1704817200000,1704817500000,1704911100000,2026.015,4.5092857142857055,3,5,2029.375,2021.5057142857145,2044.0521428571428,2021.5057142857145,1.8651175456113689,-1.0,STOP
swing,HIGH_RECLAIM,2024,1704913500000,1704914100000,1704914700000,1704915000000,1704979200000,2020.395,4.5428571428571525,2,4,2022.545,2015.8521428571428,2038.5664285714286,2038.5664285714286,2.3938100320170097,2.3938100320170097,TARGET
swing,HIGH_RECLAIM,2024,1704979800000,1704981900000,1704982200000,1704982500000,1704990000000,2024.825,3.8506428571428324,1,8,2030.235,2020.9743571428571,2040.2275714285713,2020.9743571428571,1.0790364754066815,-1.0,STOP
swing,HIGH_RECLAIM,2024,1704989700000,1704990900000,1704991500000,1704991800000,1705014600000,2013.545,4.7514999999999805,2,6,2019.875,2008.7935,2032.551,2032.551,1.1438884627532306,1.1438884627532306,TARGET
swing,HIGH_RECLAIM,2024,1705331700000,1705331700000,1705332300000,1705332600000,1705393800000,2049.29,3.383714285714323,2,2,2051.564,2045.9062857142856,2062.824857142857,2045.9062857142856,1.9903545096455117,-1.0,STOP
swing,HIGH_RECLAIM,2024,1705392600000,1705394400000,1705394700000,1705395000000,1705396800000,2042.025,2.671571428571383,1,7,2043.725,2039.3534285714286,2052.7112857142856,2039.3534285714286,2.0556190974151707,-1.0,STOP
swing,HIGH_RECLAIM,2024,1705395900000,1705396800000,1705397400000,1705397700000,1705410600000,2038.588,3.0915714285713585,2,5,2040.985,2035.4964285714286,2050.9542857142856,2035.4964285714286,1.8163716814159698,-1.0,STOP
swing,HIGH_RECLAIM,2024,1705410600000,1705410600000,1705411800000,1705412100000,1705412400000,2031.275,3.3741428571427963,4,4,2039.035,2027.9008571428574,2044.7715714285712,2044.7715714285712,0.5152234439753939,0.5152234439753939,TARGET
swing,HIGH_RECLAIM,2024,1705427700000,1705428600000,1705429200000,1705429500000,1705468800000,2024.645,5.309142857142774,2,5,2026.555,2019.335857142857,2045.881571428571,2019.335857142857,2.6771282700754937,-1.0,STOP
swing,HIGH_RECLAIM,2024,1705467900000,1705468800000,1705469100000,1705469400000,1705503300000,2019.198,4.6510000000000025,1,4,2020.455,2014.547,2037.8020000000001,2014.547,2.936188219363659,-1.0,STOP
swing,HIGH_RECLAIM,2024,1705503300000,1705505400000,1705505700000,1705506000000,1705650600000,2006.095,5.836928571428595,1,8,2009.455,2000.2580714285714,2029.4427142857144,2029.4427142857144,2.1733031990493963,2.1733031990493963,TARGET
swing,HIGH_RECLAIM,2024,1705900500000,1705901100000,1705901400000,1705901700000,1705934400000,2021.765,3.9832857142856875,1,3,2023.845,2017.7817142857143,2037.6981428571428,2017.7817142857143,2.2847583818297323,-1.0,STOP
swing,HIGH_RECLAIM,2024,1705934400000,1705934400000,1705935000000,1705935300000,1705992900000,2016.448,4.2120714285714325,2,2,2023.405,2012.2359285714288,2033.296285714286,2033.296285714286,0.8855960656660641,0.8855960656660641,TARGET
swing,HIGH_RECLAIM,2024,1706112300000,1706112600000,1706112900000,1706113200000,1706512200000,2011.825,4.717428571428562,1,2,2014.975,2007.1075714285714,2030.6947142857143,2030.6947142857143,1.9980752469494851,1.9980752469494851,TARGET
swing,HIGH_RECLAIM,2024,1706541900000,1706541900000,1706542200000,1706542500000,1706600100000,2020.485,4.6026428571428495,1,1,2022.535,2015.882357142857,2038.8955714285712,2038.8955714285712,2.459258941129611,2.459258941129611,TARGET
swing,HIGH_RECLAIM,2024,1706628300000,1706628300000,1706628600000,1706628900000,1706710200000,2028.935,3.76857142857146,1,1,2032.275,2025.1664285714285,2044.0092857142859,2044.0092857142859,1.6507234726687718,1.6507234726687718,TARGET
swing,HIGH_RECLAIM,2024,1706784900000,1706785800000,1706786100000,1706786400000,1706798100000,2029.905,4.804571428571421,1,4,2032.275,2025.1004285714284,2049.123285714286,2049.123285714286,2.348333399705246,2.348333399705246,TARGET
swing,HIGH_RECLAIM,2024,1706880300000,1706882400000,1706883300000,1706883600000,1707121200000,2027.635,4.327071428571425,3,10,2031.665,2023.3079285714286,2044.9432857142856,2023.3079285714286,1.5888682809254893,-1.0,STOP
swing,HIGH_RECLAIM,2024,1707120000000,1707121800000,1707122100000,1707122400000,1707139500000,2021.385,3.7954285714285527,1,7,2023.325,2017.5895714285714,2036.5667142857142,2017.5895714285714,2.3087575968914393,-1.0,STOP
swing,HIGH_RECLAIM,2024,1707139200000,1707141600000,1707142800000,1707143100000,1707231900000,2014.835,4.5927857142856805,4,12,2016.825,2010.2422142857145,2033.2061428571428,2033.2061428571428,2.4884818628674696,2.4884818628674696,TARGET
swing,HIGH_RECLAIM,2024,1707294600000,1707294900000,1707295200000,1707295500000,1707316800000,2031.138,2.4517142857143392,1,2,2032.945,2028.6862857142855,2040.9448571428572,2040.9448571428572,1.8784676797155277,1.8784676797155277,TARGET
swing,HIGH_RECLAIM,2024,1707364500000,1707364500000,1707365100000,1707365400000,1707391800000,2031.675,3.7036428571428166,2,2,2033.005,2027.9713571428572,2046.4895714285713,2027.9713571428572,2.6788891884604102,-1.0,STOP
swing,HIGH_RECLAIM,2024,1707395700000,1707397200000,1707398100000,1707398400000,1707745800000,2023.065,3.6551428571428426,3,8,2025.245,2019.4098571428572,2037.6855714285714,2019.4098571428572,2.1320080301621323,-1.0,STOP
swing,HIGH_RECLAIM,2024,1707745500000,1707748200000,1707748500000,1707748800000,1707806700000,2013.135,2.554928571428588,1,10,2016.725,2010.5800714285715,2023.3547142857144,2023.3547142857144,1.0788920015344297,1.0788920015344297,TARGET
swing,HIGH_RECLAIM,2024,1707831000000,1707833400000,1707833700000,1707834000000,1707834600000,2000.035,4.068214285714297,1,9,2002.855,1995.9667857142858,2016.3078571428573,1995.9667857142858,1.953025353865347,-1.0,STOP
swing,HIGH_RECLAIM,2024,1707834600000,1707836700000,1707837300000,1707837600000,1707922800000,1989.985,4.909642857142866,2,9,1993.455,1985.075357142857,2009.6235714285713,1985.075357142857,1.9295060307718273,-1.0,STOP
swing,HIGH_RECLAIM,2024,1707922800000,1707923400000,1707924000000,1707924300000,1707993000000,1984.088,3.2382857142857153,2,4,1987.515,1980.8497142857143,1997.0411428571429,1997.0411428571429,1.4292174807638391,1.4292174807638391,TARGET
swing,HIGH_RECLAIM,2024,1708090200000,1708090500000,1708091100000,1708091400000,1708091400000,1994.985,1.9252857142856945,2,3,2000.195,1993.059714285714,2002.6861428571426,2002.6861428571426,0.34913007788252465,0.34913007788252465,TARGET
swing,HIGH_RECLAIM,2024,1708095000000,1708095300000,1708095600000,1708095900000,1708097700000,1995.195,3.156000000000014,1,2,1998.365,1992.039,2007.819,2007.819,1.4944672779007142,1.4944672779007142,TARGET
swing,HIGH_RECLAIM,2024,1708353900000,1708353900000,1708354200000,1708354500000,1708431900000,2015.835,2.9932857142857268,1,1,2017.365,2012.8417142857143,2027.808142857143,2027.808142857143,2.3087515396519525,2.3087515396519525,TARGET
swing,HIGH_RECLAIM,2024,1708473600000,1708474500000,1708474800000,1708475100000,1708542000000,2022.835,2.836928571428611,1,4,2023.305,2019.9980714285714,2034.1827142857144,2019.9980714285714,3.2893708015637277,-1.0,STOP
swing,HIGH_RECLAIM,2024,1708608000000,1708608600000,1708609200000,1708609500000,1708620300000,2022.355,2.5317142857142505,2,4,2027.298,2019.8232857142857,2032.481857142857,2019.8232857142857,0.6935191024979318,-1.0,STOP
swing,HIGH_RECLAIM,2024,1708619700000,1708620300000,1708621200000,1708621500000,1708681200000,2019.725,3.269785714285685,3,5,2021.375,2016.4552142857142,2032.8041428571426,2016.4552142857142,2.3230976958925718,-1.0,STOP
swing,HIGH_RECLAIM,2024,1708679700000,1708681800000,1708682400000,1708682700000,1708691700000,2015.955,3.0252857142857335,2,9,2017.705,2012.9297142857142,2028.056142857143,2028.056142857143,2.1676489065725737,2.1676489065725737,TARGET
swing,HIGH_RECLAIM,2024,1708956600000,1708957800000,1708958100000,1708958400000,1709019300000,2025.505,2.64257142857137,1,5,2027.875,2022.8624285714288,2036.0752857142857,2036.0752857142857,1.6359439124487751,1.6359439124487751,TARGET
swing,HIGH_RECLAIM,2024,1709050500000,1709050500000,1709051100000,1709051400000,1709064300000,2031.715,2.5150714285714133,2,2,2033.855,2029.1999285714285,2041.7752857142855,2029.1999285714285,1.70143161835776,-1.0,STOP
swing,HIGH_RECLAIM,2024,1709064300000,1709065500000,1709066100000,1709066400000,1709111100000,2028.725,3.049071428571421,2,6,2029.615,2025.6759285714286,2040.9212857142857,2025.6759285714286,2.8702921283115908,-1.0,STOP
swing,HIGH_RECLAIM,2024,1709109900000,1709112900000,1709113200000,1709113500000,1709127000000,2024.915,2.4617142857142977,1,11,2026.015,2022.4532857142856,2034.7618571428573,2034.7618571428573,2.4557997753889023,2.4557997753889023,TARGET
swing,HIGH_RECLAIM,2024,1709202900000,1709204400000,1709204700000,1709205000000,1709209200000,2030.135,2.0851428571428414,1,6,2031.255,2028.049857142857,2038.4755714285714,2028.049857142857,2.252807987163279,-1.0,STOP
swing,HIGH_RECLAIM,2024,1709209200000,1709209200000,1709209800000,1709210100000,1709213400000,2028.015,2.149428571428546,2,2,2029.095,2025.8655714285715,2036.6127142857142,2036.6127142857142,2.327877554631485,2.327877554631485,TARGET
swing,HIGH_RECLAIM,2024,1709280900000,1709283000000,1709283600000,1709283900000,1709287500000,2038.915,2.2682857142857205,2,9,2040.275,2036.6467142857143,2047.9881428571427,2047.9881428571427,2.1258366800534616,2.1258366800534616,TARGET
swing,HIGH_RECLAIM,2024,1710162600000,1710162600000,1710163200000,1710163500000,1710245700000,2174.695,4.8930714285714725,2,2,2178.715,2169.8019285714286,2194.267285714286,2169.8019285714286,1.7448851205693068,-1.0,STOP
swing,HIGH_RECLAIM,2024,1710248400000,1710250800000,1710251100000,1710251400000,1710270000000,2156.055,4.681499999999979,1,9,2160.365,2151.3734999999997,2174.781,2151.3734999999997,1.6032919979981124,-1.0,STOP
swing,HIGH_RECLAIM,2024,1710270000000,1710270000000,1710270300000,1710270600000,1710350100000,2150.455,7.152857142857134,1,1,2154.015,2143.302142857143,2179.0664285714283,2179.0664285714283,2.3384451260168126,2.3384451260168126,TARGET
swing,HIGH_RECLAIM,2024,1710396300000,1710396300000,1710396900000,1710397200000,1710419400000,2167.695,3.6388571428571077,2,2,2169.455,2164.056142857143,2182.2504285714285,2164.056142857143,2.370025402201706,-1.0,STOP
swing,HIGH_RECLAIM,2024,1710416700000,1710419400000,1710420000000,1710420300000,1710423900000,2161.678,2.680071428571377,2,11,2169.195,2158.9979285714285,2172.3982857142855,2158.9979285714285,0.31413781267726626,-1.0,STOP
swing,HIGH_RECLAIM,2024,1710423300000,1710423900000,1710424800000,1710425100000,1710430800000,2158.465,3.1859999999999866,3,5,2163.265,2155.279,2171.2090000000003,2155.279,0.9947407963937563,-1.0,STOP
swing,HIGH_RECLAIM,2024,1710429300000,1710430800000,1710431400000,1710431700000,1710481800000,2152.665,3.993785714285715,2,7,2157.375,2148.671214285714,2168.640142857143,2168.640142857143,1.2942808137673971,1.2942808137673971,TARGET
swing,HIGH_RECLAIM,2024,1710506100000,1710506700000,1710507000000,1710507300000,1710712800000,2157.475,3.0420714285714245,1,3,2161.105,2154.4329285714284,2169.6432857142854,2154.4329285714284,1.27970538170832,-1.0,STOP
swing,HIGH_RECLAIM,2024,1710712800000,1710712800000,1710714600000,1710714900000,1710731100000,2151.435,5.045214285714337,6,6,2155.775,2146.3897857142856,2171.6158571428573,2146.3897857142856,1.687852473114977,-1.0,STOP
swing,HIGH_RECLAIM,2024,1710729000000,1710731700000,1710732600000,1710732900000,1710957600000,2145.985,5.313785714285781,3,12,2147.695,2140.6712142857145,2167.2401428571434,2167.2401428571434,2.78270773799242,2.78270773799242,TARGET
swing,HIGH_RECLAIM,2024,1711029300000,1711032000000,1711032300000,1711032600000,1711033500000,2175.525,6.837428571428551,1,10,2179.975,2168.6875714285716,2202.874714285714,2168.6875714285716,2.0287804384144574,-1.0,STOP
swing,HIGH_RECLAIM,2024,1711033200000,1711033500000,1711033800000,1711034100000,1711128000000,2168.585,7.179571428571372,1,2,2172.395,2161.4054285714287,2197.3032857142857,2161.4054285714287,2.266538406541305,-1.0,STOP
swing,HIGH_RECLAIM,2024,1711417500000,1711417800000,1711418100000,1711418400000,1711444200000,2167.458,3.456214285714298,1,2,2169.298,2164.0017857142857,2181.282857142857,2181.282857142857,2.2629101649427548,2.2629101649427548,TARGET
swing,HIGH_RECLAIM,2024,1711979100000,1711979400000,1711979700000,1711980000000,1711980900000,2239.194,7.40335714285717,1,2,2246.365,2231.7906428571428,2268.8074285714288,2231.7906428571428,1.5398571855656873,-1.0,STOP
swing,HIGH_RECLAIM,2024,1711980000000,1711981200000,1711981800000,1711982100000,1712045100000,2230.685,7.890785714285747,2,6,2233.975,2222.794214285714,2262.2481428571427,2262.2481428571427,2.528725939270799,2.528725939270799,TARGET
swing,HIGH_RECLAIM,2024,1712146800000,1712147100000,1712147400000,1712147700000,1712161200000,2265.405,5.942714285714276,1,2,2271.095,2259.462285714286,2289.1758571428572,2289.1758571428572,1.5543111176608515,1.5543111176608515,TARGET
swing,HIGH_RECLAIM,2024,1712217300000,1712218800000,1712219400000,1712219700000,1712232000000,2291.285,4.583285714285629,2,7,2293.325,2286.7017142857144,2309.618142857142,2286.7017142857144,2.4599788624550047,-1.0,STOP
swing,HIGH_RECLAIM,2024,1712231400000,1712234400000,1712234700000,1712235000000,1712254800000,2282.604,4.355928571428519,1,11,2287.155,2278.248071428571,2300.027714285714,2300.027714285714,1.4452472794051436,1.4452472794051436,TARGET
swing,HIGH_RECLAIM,2024,1712259900000,1712260200000,1712261100000,1712261400000,1712279700000,2279.688,6.298285714285677,3,4,2286.334,2273.3897142857145,2304.881142857143,2273.3897142857145,1.4328440569474221,-1.0,STOP
swing,HIGH_RECLAIM,2024,1712279100000,1712280600000,1712280900000,1712281200000,1712325000000,2267.605,8.122142857142794,1,6,2273.095,2259.482857142857,2300.093571428571,2300.093571428571,1.9834181665529733,1.9834181665529733,TARGET
swing,HIGH_RECLAIM,2024,1712678100000,1712678100000,1712678700000,1712679000000,1712752200000,2338.125,8.895357142857133,2,2,2343.098,2329.229642857143,2373.7064285714287,2329.229642857143,2.207069536509163,-1.0,STOP
swing,HIGH_RECLAIM,2024,1712754600000,1712755800000,1712756400000,1712756700000,1712758500000,2319.265,6.496071428571505,2,6,2332.655,2312.768928571428,2345.249285714286,2345.249285714286,0.6333219590165313,0.6333219590165313,TARGET
swing,HIGH_RECLAIM,2024,1712825400000,1712825400000,1712826000000,1712826300000,1712855100000,2325.655,6.894285714285745,2,2,2329.295,2318.7607142857146,2353.232142857143,2353.232142857143,2.272308109574246,2.272308109574246,TARGET
swing,HIGH_RECLAIM,2024,1712942400000,1712943900000,1712944200000,1712944500000,1713189900000,2346.265,13.934142857142856,1,6,2356.535,2332.330857142857,2402.0015714285714,2332.330857142857,1.8784623647663672,-1.0,STOP
swing,HIGH_RECLAIM,2024,1713188400000,1713190200000,1713190500000,1713190800000,1713201900000,2323.858,9.30942857142853,1,7,2334.455,2314.5485714285714,2361.095714285714,2361.095714285714,1.3382970325451258,1.3382970325451258,TARGET
swing,HIGH_RECLAIM,2024,1713254100000,1713254100000,1713254400000,1713254700000,1713490200000,2362.844,9.803071428571359,1,1,2367.775,2353.0409285714286,2402.0562857142854,2402.0562857142854,2.32666753927967,2.32666753927967,TARGET
swing,HIGH_RECLAIM,2024,1713525000000,1713525000000,1713526500000,1713526800000,1713755700000,2372.805,10.709500000000032,5,5,2378.845,2362.0955,2415.643,2362.0955,2.196961103316544,-1.0,STOP
swing,HIGH_RECLAIM,2024,1713754500000,1713755700000,1713756900000,1713757200000,1713768300000,2361.664,8.468714285714245,4,8,2367.945,2353.195285714286,2395.538857142857,2353.195285714286,1.8708062141639543,-1.0,STOP
swing,HIGH_RECLAIM,2024,1713783900000,1713785100000,1713785700000,1713786000000,1713792600000,2339.295,7.1552857142857125,2,6,2346.995,2332.1397142857145,2367.916142857143,2332.1397142857145,1.4083298873898071,-1.0,STOP
swing,HIGH_RECLAIM,2024,1713792600000,1713792900000,1713793200000,1713793500000,1713836100000,2330.965,8.656214285714245,1,2,2336.555,2322.308785714286,2365.589857142857,2322.308785714286,2.0380752781441243,-1.0,STOP
swing,HIGH_RECLAIM,2024,1713836100000,1713837000000,1713837900000,1713838200000,1713880200000,2295.408,8.26642857142854,3,6,2309.395,2287.1415714285713,2328.473714285714,2328.473714285714,0.8573381950774617,0.8573381950774617,TARGET
swing,HIGH_RECLAIM,2024,1713950100000,1713951000000,1713951900000,1713952200000,1713970800000,2311.635,4.927642857142895,3,6,2314.885,2306.7073571428573,2331.345571428572,2331.345571428572,2.012874824215867,2.012874824215867,TARGET
swing,HIGH_RECLAIM,2024,1714352400000,1714353300000,1714353600000,1714353900000,1714462800000,2322.385,6.856214285714259,1,4,2326.755,2315.5287857142857,2349.8098571428573,2315.5287857142857,2.0536626645542473,-1.0,STOP
swing,HIGH_RECLAIM,2024,1714461900000,1714463100000,1714463400000,1714463700000,1714477500000,2315.215,4.927214285714301,1,5,2317.055,2310.2877857142857,2334.9238571428573,2310.2877857142857,2.6405041112085743,-1.0,STOP
swing,HIGH_RECLAIM,2024,1714477500000,1714477500000,1714477800000,1714478100000,1714480200000,2309.435,4.466214285714257,1,1,2312.455,2304.968785714286,2327.299857142857,2304.968785714286,1.98295915349169,-1.0,STOP
swing,HIGH_RECLAIM,2024,1714485900000,1714486200000,1714486500000,1714486800000,1714497900000,2298.645,5.824785714285683,1,2,2303.915,2292.8202142857144,2321.9441428571427,2292.8202142857144,1.6250104617999555,-1.0,STOP
swing,HIGH_RECLAIM,2024,1714497900000,1714497900000,1714498500000,1714498800000,1714535400000,2291.465,6.9177142857143155,2,2,2295.175,2284.547285714286,2319.1358571428573,2284.547285714286,2.254563540070424,-1.0,STOP
swing,HIGH_RECLAIM,2024,1714535400000,1714537200000,1714537500000,1714537800000,1714572300000,2281.515,6.791071428571513,1,7,2283.345,2274.7239285714286,2308.679285714286,2308.679285714286,2.9386470027757126,2.9386470027757126,TARGET
swing,HIGH_RECLAIM,2024,1714640100000,1714640100000,1714641000000,1714641300000,1714654500000,2302.914,8.679928571428459,3,3,2304.905,2294.234071428572,2337.633714285714,2294.234071428572,3.067091496924284,-1.0,STOP
swing,HIGH_RECLAIM,2024,1714654500000,1714655700000,1714656000000,1714656300000,1714673400000,2285.945,5.813999999999884,1,5,2290.015,2280.1310000000003,2309.2009999999996,2309.2009999999996,1.9411169566977489,1.9411169566977489,TARGET
swing,HIGH_RECLAIM,2024,1714719300000,1714719900000,1714720800000,1714721100000,1714739400000,2297.675,4.638642857142843,3,5,2301.065,2293.0363571428575,2316.2295714285715,2316.2295714285715,1.888808818426947,1.888808818426947,TARGET
swing,HIGH_RECLAIM,2024,1714743000000,1714743300000,1714743600000,1714743900000,1714744800000,2277.165,5.577357142857084,1,2,2286.465,2271.587642857143,2299.4744285714282,2299.4744285714282,0.8744448658795511,0.8744448658795511,TARGET
swing,HIGH_RECLAIM,2024,1715066100000,1715066100000,1715066700000,1715067000000,1715069400000,2317.635,4.592928571428566,2,2,2320.448,2313.0420714285715,2336.0067142857147,2313.0420714285715,2.1008458474389546,-1.0,STOP
swing,HIGH_RECLAIM,2024,1715074200000,1715076000000,1715076300000,1715076600000,1715132100000,2312.075,4.571071428571421,1,7,2313.945,2307.5039285714283,2330.3592857142853,2307.5039285714283,2.548378153589993,-1.0,STOP
swing,HIGH_RECLAIM,2024,1715131800000,1715132100000,1715132400000,1715132700000,1715258100000,2306.875,4.981428571428621,1,2,2310.275,2301.8935714285712,2326.8007142857145,2326.8007142857145,1.9717061530594422,1.9717061530594422,TARGET
swing,HIGH_RECLAIM,2024,1715563500000,1715564400000,1715564700000,1715565000000,1715582700000,2354.715,7.154214285714261,1,4,2358.275,2347.560785714286,2383.331857142857,2347.560785714286,2.338655591037287,-1.0,STOP
swing,HIGH_RECLAIM,2024,1715586000000,1715586300000,1715586600000,1715586900000,1715590200000,2346.395,4.733071428571423,1,2,2348.735,2341.6619285714287,2365.3272857142856,2341.6619285714287,2.3458388455207015,-1.0,STOP
swing,HIGH_RECLAIM,2024,1715588700000,1715590200000,1715590800000,1715591100000,1715612400000,2341.505,4.480714285714287,2,7,2343.578,2337.0242857142857,2359.427857142857,2337.0242857142857,2.41845409364376,-1.0,STOP
swing,HIGH_RECLAIM,2024,1715612400000,1715614200000,1715615400000,1715615700000,1715694900000,2331.985,5.758214285714303,4,10,2335.305,2326.226785714286,2355.0178571428573,2355.0178571428573,2.1714465557261913,2.1714465557261913,TARGET
swing,HIGH_RECLAIM,2024,1715781000000,1715781000000,1715781900000,1715782200000,1715785200000,2351.735,5.7504285714286265,3,3,2362.595,2345.9845714285716,2374.7367142857147,2374.7367142857147,0.7309693566004677,0.7309693566004677,TARGET
swing,HIGH_RECLAIM,2024,1715854800000,1715855400000,1715856300000,1715856600000,1715865300000,2380.805,4.73435714285714,3,5,2383.275,2376.0706428571425,2399.7424285714283,2376.0706428571425,2.28575960975977,-1.0,STOP
swing,HIGH_RECLAIM,2024,1715866800000,1715866800000,1715867100000,1715867400000,1715950200000,2371.565,5.23078571428573,1,1,2376.085,2366.3342142857146,2392.488142857143,2392.488142857143,1.6822380614016932,1.6822380614016932,TARGET
swing,HIGH_RECLAIM,2024,1716207600000,1716207900000,1716208200000,1716208500000,1716378900000,2414.915,9.454071428571426,1,2,2419.675,2405.4609285714287,2452.7312857142856,2405.4609285714287,2.325602898536124,-1.0,STOP
swing,HIGH_RECLAIM,2024,1716377700000,1716378900000,1716379200000,1716379500000,1716387000000,2404.648,5.445500000000103,1,5,2410.655,2399.2025,2426.4300000000007,2399.2025,1.3774285090591656,-1.0,STOP
swing,HIGH_RECLAIM,2024,1716386700000,1716388200000,1716388500000,1716388800000,1716403200000,2382.105,6.088571428571478,1,6,2388.215,2376.0164285714286,2406.459285714286,2376.0164285714286,1.4956083850568063,-1.0,STOP
swing,HIGH_RECLAIM,2024,1716402000000,1716403800000,1716404400000,1716404700000,1716427800000,2374.855,7.991214285714315,2,8,2379.175,2366.8637857142858,2406.8198571428575,2366.8637857142858,2.2455020683813136,-1.0,STOP
swing,HIGH_RECLAIM,2024,1716426600000,1716427800000,1716428100000,1716428400000,1716443700000,2366.628,8.294571428571478,1,5,2371.745,2358.3334285714286,2399.806285714286,2358.3334285714286,2.092318999584624,-1.0,STOP
swing,HIGH_RECLAIM,2024,1716442500000,1716444000000,1716444300000,1716444600000,1716474600000,2354.855,9.15771428571426,1,6,2363.055,2345.697285714286,2391.485857142857,2345.697285714286,1.6379378456676823,-1.0,STOP
swing,HIGH_RECLAIM,2024,1716473700000,1716475800000,1716476400000,1716476700000,1716486900000,2341.415,8.54935714285713,2,9,2346.598,2332.865642857143,2375.6124285714286,2332.865642857143,2.112851294908311,-1.0,STOP
swing,HIGH_RECLAIM,2024,1716486300000,1716487200000,1716487800000,1716488100000,1716943800000,2331.675,10.017142857142842,2,5,2334.908,2321.657857142857,2371.7435714285716,2358.325,2.7800131534970536,1.7673017002512261,864BAR_TIMEOUT
swing,HIGH_RECLAIM,2024,1716963600000,1716964500000,1716964800000,1716965100000,1716972000000,2350.975,4.8474285714286065,1,4,2353.915,2346.127571428571,2370.3647142857144,2346.127571428571,2.112342236571724,-1.0,STOP
swing,HIGH_RECLAIM,2024,1716970800000,1716972000000,1716972300000,1716972600000,1716973800000,2345.825,4.537142857142856,1,5,2347.685,2341.287857142857,2363.973571428571,2341.287857142857,2.546225993747089,-1.0,STOP
swing,HIGH_RECLAIM,2024,1716972600000,1716973800000,1716975600000,1716975900000,1716987000000,2340.758,4.540928571428561,6,10,2344.115,2336.217071428571,2358.921714285714,2336.217071428571,1.8747592044930574,-1.0,STOP
swing,HIGH_RECLAIM,2024,1716987000000,1716987000000,1716987900000,1716988200000,1717036800000,2334.438,4.891857142857134,3,3,2342.865,2329.546142857143,2354.0054285714286,2329.546142857143,0.8364402780161738,-1.0,STOP
swing,HIGH_RECLAIM,2024,1717047000000,1717048200000,1717048500000,1717048800000,1717072200000,2322.458,4.817214285714174,1,5,2324.855,2317.640785714286,2341.7268571428567,2341.7268571428567,2.338696422736823,2.338696422736823,TARGET
swing,HIGH_RECLAIM,2024,1717124400000,1717125300000,1717125600000,1717125900000,1717160400000,2336.845,5.546571428571367,1,4,2339.478,2331.2984285714283,2359.0312857142853,2359.0312857142853,2.390502471313399,2.390502471313399,TARGET
swing,HIGH_RECLAIM,2024,1717166400000,1717168800000,1717169100000,1717169400000,1717182900000,2327.625,6.698928571428626,1,9,2331.075,2320.9260714285715,2354.4207142857144,2320.9260714285715,2.300313192807214,-1.0,STOP
swing,HIGH_RECLAIM,2024,1717180800000,1717182900000,1717183800000,1717184100000,1717433700000,2320.395,7.331357142857216,3,10,2322.415,2313.063642857143,2349.720428571429,2349.720428571429,2.91994286543593,2.91994286543593,TARGET
swing,HIGH_RECLAIM,2024,1717488900000,1717490400000,1717490700000,1717491000000,1717492200000,2333.305,4.472928571428578,1,6,2335.038,2328.8320714285715,2351.1967142857143,2328.8320714285715,2.603754474408115,-1.0,STOP
swing,HIGH_RECLAIM,2024,1717491000000,1717492200000,1717492500000,1717492800000,1717509300000,2326.615,4.389571428571442,1,5,2331.665,2322.2254285714284,2344.1732857142856,2322.2254285714284,1.325090424807401,-1.0,STOP
swing,HIGH_RECLAIM,2024,1717509300000,1717509300000,1717509600000,1717509900000,1717510800000,2322.028,6.38128571428576,1,1,2328.775,2315.646714285714,2347.553142857143,2315.646714285714,1.4303575703497113,-1.0,STOP
swing,HIGH_RECLAIM,2024,1717678800000,1717679100000,1717680000000,1717680300000,1717687800000,2353.305,5.8792142857142995,3,4,2359.045,2347.4257857142857,2376.821857142857,2376.821857142857,1.5299534637822447,1.5299534637822447,TARGET
swing,HIGH_RECLAIM,2024,1717747200000,1717748100000,1717748400000,1717748700000,1717749600000,2350.775,5.787785714285811,1,4,2356.725,2344.9872142857143,2373.9261428571435,2344.9872142857143,1.4654504074144783,-1.0,STOP
swing,HIGH_RECLAIM,2024,1717767900000,1717768500000,1717768800000,1717769100000,1717788600000,2304.875,11.952642857142857,1,3,2311.165,2292.922357142857,2352.6855714285716,2292.922357142857,2.276017337713439,-1.0,STOP
swing,HIGH_RECLAIM,2024,1717789500000,1717791000000,1717791300000,1717791600000,1718197200000,2286.628,13.1105000000001,1,6,2288.795,2273.5175,2339.0700000000006,2339.0700000000006,3.290787105220099,3.290787105220099,TARGET
swing,HIGH_RECLAIM,2024,1718241900000,1718242500000,1718243100000,1718243400000,1718293800000,2307.985,8.696428571428603,2,4,2312.835,2299.2885714285717,2342.7707142857143,2299.2885714285717,2.209860268916463,-1.0,STOP
swing,HIGH_RECLAIM,2024,1718293500000,1718295600000,1718295900000,1718296200000,1718360400000,2295.395,8.531142857142836,1,8,2298.614,2286.8638571428573,2329.5195714285715,2329.5195714285715,2.63022941970314,2.63022941970314,TARGET
swing,HIGH_RECLAIM,2024,1718586000000,1718586000000,1718586900000,1718587200000,1718606100000,2322.625,6.119071428571455,3,3,2327.545,2316.5059285714287,2347.101285714286,2316.5059285714287,1.7715516962477735,-1.0,STOP
swing,HIGH_RECLAIM,2024,1718606100000,1718606100000,1718607600000,1718607900000,1718639100000,2315.365,4.635928571428622,5,5,2318.505,2310.729071428571,2333.9087142857143,2310.729071428571,1.9809485316405155,-1.0,STOP
swing,HIGH_RECLAIM,2024,1718638200000,1718639400000,1718639700000,1718640000000,1718729700000,2309.895,5.008428571428534,1,5,2312.455,2304.8865714285716,2329.9287142857142,2329.9287142857142,2.308763849827382,2.308763849827382,TARGET
swing,HIGH_RECLAIM,2024,1718795100000,1718795100000,1718795700000,1718796000000,1718847300000,2325.715,2.793357142857173,2,2,2327.195,2322.921642857143,2336.888428571429,2336.888428571429,2.2683403814331977,2.2683403814331977,TARGET
swing,HIGH_RECLAIM,2024,1718982900000,1718983200000,1718983500000,1718983800000,1719329400000,2323.165,7.264928571428625,1,2,2326.435,2315.900071428571,2352.2247142857145,2315.900071428571,2.44801985232796,-1.0,STOP
swing,HIGH_RECLAIM,2024,1719329100000,1719329400000,1719330300000,1719330600000,1719381900000,2315.455,5.822857142857076,3,4,2322.778,2309.6321428571428,2338.746428571428,2309.6321428571428,1.2147118592495139,-1.0,STOP
swing,HIGH_RECLAIM,2024,1719381600000,1719381900000,1719383100000,1719383400000,1719407400000,2309.608,5.387928571428477,4,5,2312.285,2304.220071428572,2331.159714285714,2304.220071428572,2.3403448795048765,-1.0,STOP
swing,HIGH_RECLAIM,2024,1719407400000,1719409500000,1719409800000,1719410100000,1719489600000,2293.464,6.243785714285748,1,8,2296.935,2287.220214285714,2318.439142857143,2318.439142857143,2.2135478320968596,2.2135478320968596,TARGET
swing,HIGH_RECLAIM,2024,1719604800000,1719604800000,1719605700000,1719606000000,1719993300000,2322.735,5.9216428571427775,3,3,2325.175,2316.8133571428575,2346.421571428571,2346.421571428571,2.5409565789361173,2.5409565789361173,TARGET
swing,HIGH_RECLAIM,2024,1720074300000,1720074600000,1720074900000,1720075200000,1720159500000,2350.364,3.795428571428634,1,2,2354.095,2346.5685714285714,2365.5457142857144,2365.5457142857144,1.5214007782102046,1.5214007782102046,TARGET
swing,HIGH_RECLAIM,2024,1720420500000,1720422000000,1720422600000,1720422900000,1720429200000,2376.538,4.843071428571453,2,7,2379.785,2371.6949285714286,2395.9102857142857,2371.6949285714286,1.993219201667002,-1.0,STOP
swing,HIGH_RECLAIM,2024,1720426800000,1720429500000,1720429800000,1720430100000,1720452900000,2370.525,5.010785714285736,1,10,2372.115,2365.5142142857144,2390.568142857143,2365.5142142857144,2.795597926653929,-1.0,STOP
swing,HIGH_RECLAIM,2024,1720452600000,1720454700000,1720455000000,1720455300000,1720611900000,2350.915,6.6974285714285475,1,8,2354.845,2344.2175714285713,2377.704714285714,2377.704714285714,2.151010861382963,2.151010861382963,TARGET
swing,HIGH_RECLAIM,2024,1720761300000,1720761300000,1720761900000,1720762200000,1720769100000,2406.528,5.716928571428655,2,2,2408.005,2400.8110714285713,2429.3957142857143,2400.8110714285713,2.973439904681409,-1.0,STOP
swing,HIGH_RECLAIM,2024,1720768500000,1720769100000,1720769400000,1720769700000,1720787400000,2400.165,4.657857142857243,1,3,2403.964,2395.5071428571428,2418.796428571429,2395.5071428571428,1.7538937126254517,-1.0,STOP
swing,HIGH_RECLAIM,2024,1720787400000,1720788000000,1720788300000,1720788600000,1720793400000,2391.325,4.627142857142904,1,3,2397.245,2386.6978571428567,2409.8335714285713,2409.8335714285713,1.1935527563320774,1.1935527563320774,TARGET
swing,HIGH_RECLAIM,2024,1721024700000,1721027100000,1721028300000,1721028600000,1721041800000,2401.225,4.148928571428574,4,12,2403.945,2397.076071428571,2417.820714285714,2417.820714285714,2.02006967191787,2.02006967191787,TARGET
swing,HIGH_RECLAIM,2024,1721228100000,1721229000000,1721229600000,1721229900000,1721329500000,2457.925,9.46992857142852,2,5,2463.995,2448.4550714285715,2495.8047142857145,2448.4550714285715,2.046966569987953,-1.0,STOP
swing,HIGH_RECLAIM,2024,1721347200000,1721348100000,1721348700000,1721349000000,1721369100000,2426.074,5.987571428571365,2,5,2431.935,2420.0864285714288,2450.0242857142857,2420.0864285714288,1.5267060525681595,-1.0,STOP
swing,HIGH_RECLAIM,2024,1721369100000,1721369700000,1721370300000,1721370600000,1721390400000,2414.215,6.949785714285651,2,4,2417.635,2407.2652142857146,2442.014142857143,2407.2652142857146,2.350978460775462,-1.0,STOP
swing,HIGH_RECLAIM,2024,1721389800000,1721390700000,1721391300000,1721391600000,1721394300000,2405.335,7.053428571428542,2,5,2408.705,2398.2815714285716,2433.548714285714,2398.2815714285716,2.38344937229324,-1.0,STOP
swing,HIGH_RECLAIM,2024,1721392200000,1721395200000,1721395800000,1721396100000,1721658600000,2393.675,7.5134285714285465,2,12,2398.885,2386.1615714285717,2423.7287142857144,2386.1615714285717,1.952595886104382,-1.0,STOP
swing,HIGH_RECLAIM,2024,1721658300000,1721658900000,1721659200000,1721659500000,1721726100000,2383.715,5.969571428571401,1,3,2388.795,2377.745428571429,2407.5932857142857,2407.5932857142857,1.701268310341733,1.701268310341733,TARGET
swing,HIGH_RECLAIM,2024,1721843700000,1721845200000,1721845500000,1721845800000,1721850900000,2405.505,7.058428571428489,1,6,2408.275,2398.4465714285716,2433.738714285714,2398.4465714285716,2.590822541025305,-1.0,STOP
swing,HIGH_RECLAIM,2024,1721853000000,1721853000000,1721853900000,1721854200000,1721870700000,2396.975,7.492499999999901,3,3,2399.365,2389.4825,2426.9449999999997,2389.4825,2.7907918036934722,-1.0,STOP
swing,HIGH_RECLAIM,2024,1721875200000,1721875200000,1721875500000,1721875800000,1721916900000,2369.775,9.007785714285708,1,1,2373.805,2360.7672142857145,2405.8061428571427,2360.7672142857145,2.454492162889267,-1.0,STOP
swing,HIGH_RECLAIM,2024,1721914800000,1721916900000,1721917500000,1721917800000,1722204900000,2357.918,10.755571428571459,2,9,2365.968,2347.162428571429,2400.940285714286,2400.940285714286,1.8596768434886861,1.8596768434886861,TARGET
swing,HIGH_RECLAIM,2024,1722254100000,1722254400000,1722255300000,1722255600000,1722265800000,2385.345,5.96885714285723,3,4,2388.765,2379.3761428571424,2409.220428571429,2379.3761428571424,2.178692066583457,-1.0,STOP
swing,HIGH_RECLAIM,2024,1722264000000,1722266100000,1722267600000,1722267900000,1722345300000,2369.518,6.273142857142959,5,12,2377.128,2363.244857142857,2394.610571428572,2394.610571428572,1.259266119240195,1.259266119240195,TARGET
swing,HIGH_RECLAIM,2024,1722505800000,1722505800000,1722506100000,1722506400000,1722520800000,2430.075,7.744928571428578,1,1,2432.935,2422.330071428571,2461.054714285714,2461.054714285714,2.6515703614894996,2.6515703614894996,TARGET
swing,HIGH_RECLAIM,2024,1722609600000,1722611700000,1722612000000,1722612300000,1722831900000,2410.664,11.87471428571426,1,8,2422.575,2398.789285714286,2458.1628571428573,2458.1628571428573,1.496186186186234,1.496186186186234,TARGET
swing,HIGH_RECLAIM,2024,1722860400000,1722861000000,1722861600000,1722861900000,1723131900000,2364.164,15.50542857142854,2,4,2373.655,2348.6585714285716,2426.1857142857143,2417.924,2.101528789827107,1.7710130018573957,864BAR_TIMEOUT
swing,HIGH_RECLAIM,2024,1723602600000,1723602600000,1723603500000,1723603800000,1723638600000,2455.225,6.044357142857182,3,3,2462.095,2449.1806428571426,2479.4024285714286,2479.4024285714286,1.3401695787080952,1.3401695787080952,TARGET
swing,HIGH_RECLAIM,2024,1723641600000,1723642200000,1723642500000,1723642800000,1723650300000,2449.228,6.229642857142933,1,3,2456.158,2442.998357142857,2474.146571428572,2442.998357142857,1.3669498195240135,-1.0,STOP
swing,HIGH_RECLAIM,2024,1723726500000,1723727400000,1723727700000,1723728000000,1723732500000,2432.015,5.663785714285723,1,4,2442.535,2426.3512142857144,2454.6701428571428,2454.6701428571428,0.7498333870320083,0.7498333870320083,TARGET
swing,HIGH_RECLAIM,2024,1724062800000,1724065500000,1724065800000,1724066100000,1724139600000,2488.035,6.1167857142856645,1,10,2490.985,2481.9182142857144,2512.5021428571426,2512.5021428571426,2.373183125221525,2.373183125221525,TARGET
swing,HIGH_RECLAIM,2024,1724228400000,1724228400000,1724229900000,1724230200000,1724247000000,2507.345,5.036928571428559,5,5,2509.515,2502.308071428571,2527.492714285714,2502.308071428571,2.4945042964606734,-1.0,STOP
swing,HIGH_RECLAIM,2024,1724247000000,1724247900000,1724248500000,1724248800000,1724332800000,2497.815,5.4025714285713935,2,5,2502.864,2492.412428571429,2519.4252857142856,2492.412428571429,1.5845737483085358,-1.0,STOP
swing,HIGH_RECLAIM,2024,1724332800000,1724334300000,1724334600000,1724334900000,1724335800000,2482.898,5.637285714285748,1,6,2488.955,2477.2607142857146,2505.4471428571433,2477.2607142857146,1.410273637918483,-1.0,STOP
swing,HIGH_RECLAIM,2024,1724335200000,1724336400000,1724336700000,1724337000000,1724402400000,2470.705,6.8099285714286,1,5,2477.678,2463.895071428571,2497.9447142857143,2497.9447142857143,1.4704214841340884,1.4704214841340884,TARGET
swing,HIGH_RECLAIM,2024,1724730300000,1724730600000,1724730900000,1724731200000,1724799600000,2505.728,5.072357142857202,1,2,2508.955,2500.655642857143,2526.017428571429,2526.017428571429,2.055873518603079,2.055873518603079,TARGET
swing,HIGH_RECLAIM,2024,1724821500000,1724823000000,1724823300000,1724823600000,1724845500000,2506.035,5.219071428571397,1,6,2509.595,2500.8159285714282,2526.9112857142854,2500.8159285714282,1.9724507147680368,-1.0,STOP
swing,HIGH_RECLAIM,2024,1724845500000,1724848200000,1724848800000,1724849100000,1724890500000,2493.515,4.76385714285714,2,11,2496.895,2488.751142857143,2512.5704285714282,2512.5704285714282,1.9248162506358613,1.9248162506358613,TARGET
swing,HIGH_RECLAIM,2024,1724935200000,1724935500000,1724935800000,1724936100000,1724943000000,2503.515,4.577999999999942,1,2,2509.045,2498.937,2521.8269999999998,2521.8269999999998,1.264542936288037,1.264542936288037,TARGET
swing,HIGH_RECLAIM,2024,1724990400000,1724990400000,1724991000000,1724991300000,1725028500000,2512.035,5.140428571428596,2,2,2513.455,2506.8945714285715,2532.5967142857144,2506.8945714285715,2.917753631078176,-1.0,STOP
swing,HIGH_RECLAIM,2024,1725026700000,1725028500000,1725028800000,1725029100000,1725033000000,2506.335,5.8370714285714,1,7,2511.095,2500.4979285714285,2529.683285714286,2500.4979285714285,1.7540964821817817,-1.0,STOP
swing,HIGH_RECLAIM,2024,1725032700000,1725033000000,1725033900000,1725034200000,1725242700000,2500.135,6.476571428571398,3,4,2503.215,2493.658428571429,2526.041285714286,2493.658428571429,2.3885434106673618,-1.0,STOP
swing,HIGH_RECLAIM,2024,1725242700000,1725245100000,1725245400000,1725245700000,1725370500000,2489.915,6.324999999999916,1,9,2492.625,2483.59,2515.2149999999997,2483.59,2.5002767017155567,-1.0,STOP
swing,HIGH_RECLAIM,2024,1725370500000,1725373200000,1725373800000,1725374100000,1725516600000,2473.245,7.670571428571391,2,11,2479.345,2465.5744285714286,2503.9272857142855,2503.9272857142855,1.7851318546797814,1.7851318546797814,TARGET
swing,HIGH_RECLAIM,2024,1725624600000,1725624900000,1725625200000,1725625500000,1725625800000,2512.095,3.053214285714343,1,2,2515.665,2509.0417857142857,2524.3078571428573,2509.0417857142857,1.3049339444594474,-1.0,STOP_BOTH
swing,HIGH_RECLAIM,2024,1725633000000,1725633000000,1725633300000,1725633600000,1725639300000,2500.375,5.927285714285745,1,1,2509.935,2494.447714285714,2524.084142857143,2494.447714285714,0.913597328684358,-1.0,STOP
swing,HIGH_RECLAIM,2024,1726057800000,1726058700000,1726059600000,1726059900000,1726072800000,2502.028,3.9970714285714166,3,6,2510.165,2498.0309285714284,2518.0162857142855,2518.0162857142855,0.6470446264061379,0.6470446264061379,TARGET
swing,HIGH_RECLAIM,2024,1726483800000,1726483800000,1726484100000,1726484400000,1726569300000,2575.115,4.166142857142892,1,1,2579.658,2570.948857142857,2591.779571428571,2570.948857142857,1.3918214027950597,-1.0,STOP
swing,HIGH_RECLAIM,2024,1726568700000,1726569600000,1726570200000,1726570500000,1726587000000,2569.645,4.471071428571447,2,5,2572.805,2565.1739285714284,2587.529285714286,2565.1739285714284,1.929517480226554,-1.0,STOP
swing,HIGH_RECLAIM,2024,1726586700000,1726587600000,1726587900000,1726588200000,1726682700000,2561.625,6.8215000000000146,1,4,2566.825,2554.8035,2588.911,2588.911,1.837208335066385,1.837208335066385,TARGET
swing,HIGH_RECLAIM,2024,1726686000000,1726687200000,1726687500000,1726687800000,1726732500000,2553.325,7.622428571428502,1,5,2565.645,2545.7025714285714,2583.8147142857138,2583.8147142857138,0.9111084049083912,0.9111084049083912,TARGET
swing,HIGH_RECLAIM,2024,1727076900000,1727077500000,1727078400000,1727078700000,1727099400000,2613.685,4.566999999999974,3,5,2616.708,2609.118,2631.953,2631.953,2.0085638998681947,2.0085638998681947,TARGET
swing,HIGH_RECLAIM,2024,1727163300000,1727163600000,1727163900000,1727164200000,1727188800000,2622.475,4.854285714285685,1,2,2627.825,2617.6207142857143,2641.8921428571425,2641.8921428571425,1.3785524289514262,1.3785524289514262,TARGET
swing,HIGH_RECLAIM,2024,1727282700000,1727282700000,1727283000000,1727283300000,1727347800000,2649.715,6.4579285714285435,1,1,2652.688,2643.2570714285716,2675.546714285714,2675.546714285714,2.4238031401240656,2.4238031401240656,TARGET
swing,HIGH_RECLAIM,2024,1727358600000,1727358600000,1727358900000,1727359200000,1727449200000,2654.685,6.125928571428598,1,1,2660.505,2648.5590714285713,2679.1887142857145,2648.5590714285713,1.5640236063691524,-1.0,STOP
swing,HIGH_RECLAIM,2024,1727458500000,1727458800000,1727459100000,1727459400000,1727694000000,2643.111,7.642428571428517,1,2,2645.875,2635.4685714285715,2673.6807142857137,2635.4685714285715,2.67197474088816,-1.0,STOP
swing,HIGH_RECLAIM,2024,1727691300000,1727694000000,1727694600000,1727694900000,1727720100000,2634.305,7.040500000000033,2,11,2638.148,2627.2644999999998,2662.467,2627.2644999999998,2.2344833922910037,-1.0,STOP
swing,HIGH_RECLAIM,2024,1727719800000,1727720700000,1727721300000,1727721600000,1727784600000,2624.538,7.370928571428586,2,5,2629.415,2617.1670714285715,2654.0217142857146,2654.0217142857146,2.00905109318781,2.00905109318781,TARGET
swing,HIGH_RECLAIM,2024,1727846700000,1727848200000,1727848500000,1727848800000,1727964000000,2644.395,6.570642857142859,1,6,2647.895,2637.824357142857,2670.6775714285714,2637.824357142857,2.2622757803800018,-1.0,STOP
swing,HIGH_RECLAIM,2024,1727964000000,1727964000000,1727964600000,1727964900000,1727973600000,2636.255,6.164571428571468,2,2,2651.235,2630.0904285714287,2660.913285714286,2660.913285714286,0.45771964435316037,0.45771964435316037,TARGET
swing,HIGH_RECLAIM,2024,1728045000000,1728046500000,1728046800000,1728047100000,1728052800000,2632.068,5.741714285714189,1,6,2642.184,2626.326285714286,2655.034857142857,2655.034857142857,0.8103852113437217,0.8103852113437217,TARGET
swing,HIGH_RECLAIM,2024,1728279900000,1728281100000,1728281400000,1728281700000,1728370800000,2639.605,6.818071428571427,1,5,2641.495,2632.7869285714287,2666.877285714286,2632.7869285714287,2.9147998982882206,-1.0,STOP
swing,HIGH_RECLAIM,2024,1728370800000,1728370800000,1728371400000,1728371700000,1728397800000,2631.025,6.360214285714327,2,2,2636.764,2624.6647857142857,2656.465857142857,2624.6647857142857,1.6283583939925022,-1.0,STOP
swing,HIGH_RECLAIM,2024,1728397500000,1728398100000,1728398400000,1728398700000,1728400200000,2619.708,8.47742857142852,1,3,2625.105,2611.2305714285717,2653.617714285714,2611.2305714285717,2.0550550344415948,-1.0,STOP
swing,HIGH_RECLAIM,2024,1728399600000,1728401700000,1728402000000,1728402300000,1728615000000,2604.575,9.748642857142775,1,8,2610.085,2594.826357142857,2643.5695714285707,2643.5695714285707,2.194465899888042,2.194465899888042,TARGET
swing,HIGH_RECLAIM,2024,1728921300000,1728921300000,1728922200000,1728922500000,1729059000000,2643.835,6.9402857142856975,3,3,2647.205,2636.894714285714,2671.5961428571427,2671.5961428571427,2.365709693509924,2.365709693509924,TARGET
swing,HIGH_RECLAIM,2024,1729168200000,1729168200000,1729169400000,1729169700000,1729175700000,2672.914,5.251142857142862,4,4,2680.045,2667.6628571428573,2693.918571428572,2693.918571428572,1.1204499567349624,1.1204499567349624,TARGET
swing,HIGH_RECLAIM,2024,1729523100000,1729524000000,1729524300000,1729524600000,1729609500000,2716.775,6.697642857142845,1,4,2721.885,2710.077357142857,2743.5655714285713,2743.5655714285713,1.8361472895884032,1.8361472895884032,TARGET
swing,HIGH_RECLAIM,2024,1729689000000,1729689300000,1729689900000,1729690200000,1729692600000,2731.448,5.318357142857232,2,3,2739.285,2726.1296428571427,2752.721428571429,2726.1296428571427,1.0213655490702194,-1.0,STOP
swing,HIGH_RECLAIM,2024,1729692600000,1729693500000,1729693800000,1729694100000,1729694100000,2723.605,6.086214285714375,1,4,2727.045,2717.5187857142855,2747.9498571428576,2717.5187857142855,2.1944558998852544,-1.0,STOP
swing,HIGH_RECLAIM,2024,1729694100000,1729696200000,1729697700000,1729698000000,1729762200000,2708.635,7.4926428571429495,5,12,2718.375,2701.1423571428572,2738.605571428572,2738.605571428572,1.1739680092184335,1.1739680092184335,TARGET
swing,HIGH_RECLAIM,2024,1729844100000,1729847100000,1729847400000,1729847700000,1729865400000,2717.565,4.223071428571465,1,11,2720.325,2713.3419285714285,2734.4572857142857,2734.4572857142857,2.023792232235165,2.023792232235165,TARGET
swing,HIGH_RECLAIM,2024,1730290500000,1730290500000,1730290800000,1730291100000,1730379900000,2773.125,4.979000000000009,1,1,2777.795,2768.146,2793.041,2768.146,1.580060109855972,-1.0,STOP
swing,HIGH_RECLAIM,2024,1730382600000,1730383500000,1730384100000,1730384400000,1730385600000,2748.0,6.4571428571428635,2,5,2756.225,2741.542857142857,2773.8285714285716,2741.542857142857,1.1989783507662517,-1.0,STOP
swing,HIGH_RECLAIM,2024,1730385000000,1730387100000,1730387700000,1730388000000,1730834400000,2731.415,7.790714285714297,2,9,2738.625,2723.6242857142856,2762.5778571428573,2741.305,1.596781105661636,0.1786581591352674,864BAR_TIMEOUT
swing,HIGH_RECLAIM,2024,1730855100000,1730855100000,1730855400000,1730855700000,1730874300000,2732.615,6.399071428571427,1,1,2738.775,2726.2159285714283,2758.2112857142856,2726.2159285714283,1.547589391845337,-1.0,STOP
swing,HIGH_RECLAIM,2024,1730874000000,1730874900000,1730875500000,1730875800000,1730898000000,2701.245,8.129857142857125,2,5,2711.665,2693.115142857143,2733.764428571428,2693.115142857143,1.1913530331384803,-1.0,STOP
swing,HIGH_RECLAIM,2024,1730903400000,1730903700000,1730905500000,1730905800000,1731333000000,2652.295,17.48435714285714,6,7,2664.105,2634.8106428571427,2722.2324285714285,2634.8106428571427,1.9842534276469503,-1.0,STOP
swing,HIGH_RECLAIM,2024,1731333300000,1731334200000,1731334500000,1731334800000,1731336000000,2627.535,8.149999999999961,1,4,2634.355,2619.3849999999998,2660.1349999999998,2619.3849999999998,1.7221108884435075,-1.0,STOP
swing,HIGH_RECLAIM,2024,1731335100000,1731336000000,1731336300000,1731336600000,1731389400000,2617.625,8.149999999999961,1,4,2623.745,2609.475,2650.225,2609.475,1.8556412053258622,-1.0,STOP
swing,HIGH_RECLAIM,2024,1731389400000,1731391200000,1731391500000,1731391800000,1731396900000,2604.015,6.342857142857221,1,7,2607.205,2597.6721428571427,2629.386428571429,2597.6721428571427,2.326839502472682,-1.0,STOP
swing,HIGH_RECLAIM,2024,1731396000000,1731396900000,1731397500000,1731397800000,1731515400000,2595.074,5.90642857142864,2,5,2602.595,2589.1675714285716,2618.6997142857144,2589.1675714285716,1.199389309728546,-1.0,STOP
swing,HIGH_RECLAIM,2024,1731528000000,1731529800000,1731530100000,1731530400000,1731546300000,2573.685,8.160999999999992,1,7,2575.875,2565.524,2606.3289999999997,2565.524,2.9421311950535594,-1.0,STOP
swing,HIGH_RECLAIM,2024,1731546000000,1731546300000,1731547500000,1731547800000,1731562500000,2564.648,8.840571428571366,4,5,2568.985,2555.8074285714288,2600.0102857142856,2555.8074285714288,2.3544008759472215,-1.0,STOP
swing,HIGH_RECLAIM,2024,1731565800000,1731567000000,1731567300000,1731567600000,1731576900000,2551.765,8.698642857142756,1,5,2554.905,2543.066357142857,2586.559571428571,2543.066357142857,2.673834476683415,-1.0,STOP
swing,HIGH_RECLAIM,2024,1731576600000,1731577800000,1731578100000,1731578400000,1731594900000,2536.664,7.190999999999966,1,5,2543.328,2529.4730000000004,2565.428,2565.428,1.595092024539921,1.595092024539921,TARGET
swing,HIGH_RECLAIM,2024,1731650100000,1731651600000,1731651900000,1731652200000,1731892500000,2554.335,6.84778571428579,1,6,2558.005,2547.4872142857143,2581.7261428571433,2581.7261428571433,2.2553361992271763,2.2553361992271763,TARGET
swing,HIGH_RECLAIM,2024,1732087800000,1732089600000,1732089900000,1732090200000,1732108800000,2618.705,4.755928571428545,1,7,2621.475,2613.949071428571,2637.728714285714,2637.728714285714,2.15969552879087,2.15969552879087,TARGET
swing,HIGH_RECLAIM,2024,1732513800000,1732513800000,1732514100000,1732514400000,1732544400000,2658.064,12.479499999999916,1,1,2664.655,2645.5845,2707.9819999999995,2645.5845,2.2719383340761237,-1.0,STOP
swing,HIGH_RECLAIM,2024,1732544100000,1732545600000,1732545900000,1732546200000,1732558500000,2633.485,12.337857142857176,1,6,2643.235,2621.147142857143,2682.8364285714288,2621.147142857143,1.7929049574750295,-1.0,STOP
swing,HIGH_RECLAIM,2024,1732557900000,1732558800000,1732559400000,1732559700000,1732842900000,2615.455,12.655642857142864,2,5,2621.175,2602.799357142857,2666.0775714285714,2641.265,2.4435918665624308,1.0932950839426014,864BAR_TIMEOUT
swing,HIGH_RECLAIM,2024,1732907400000,1733094600000,1733094900000,1733095200000,1733099700000,2647.745,6.581571428571449,1,9,2649.075,2641.1634285714285,2674.0712857142858,2641.1634285714285,3.1594590202416866,-1.0,STOP
swing,HIGH_RECLAIM,2024,1733116800000,1733116800000,1733117100000,1733117400000,1733387400000,2622.0,8.775357142857176,1,1,2624.335,2613.224642857143,2657.1014285714286,2644.705,2.9491786942685585,1.8334244109421711,864BAR_TIMEOUT
swing,HIGH_RECLAIM,2024,1733386500000,1733387100000,1733388000000,1733388300000,1733410800000,2643.675,4.978499999999973,3,5,2646.105,2638.6965,2663.589,2638.6965,2.3599919011945625,-1.0,STOP
swing,HIGH_RECLAIM,2024,1733410500000,1733413200000,1733413500000,1733413800000,1733419500000,2631.885,6.426428571428557,1,10,2635.655,2625.4585714285718,2657.5907142857145,2625.4585714285718,2.1513134851138656,-1.0,STOP
swing,HIGH_RECLAIM,2024,1733417400000,1733420400000,1733420700000,1733421000000,1733447400000,2623.614,7.241428571428547,1,11,2627.995,2616.3725714285715,2652.579714285714,2616.3725714285715,2.11528202859007,-1.0,STOP
swing,HIGH_RECLAIM,2024,1733447100000,1733447400000,1733448600000,1733448900000,1733456100000,2612.585,6.573642857142853,4,5,2620.185,2606.0113571428574,2638.8795714285716,2638.8795714285716,1.3189672984564318,1.3189672984564318,TARGET
swing,HIGH_RECLAIM,2024,1733893200000,1733894400000,1733895300000,1733895600000,1733924100000,2674.345,6.776714285714239,3,7,2680.964,2667.5682857142856,2701.4518571428566,2701.4518571428566,1.5294337208061866,1.5294337208061866,TARGET
swing,HIGH_RECLAIM,2024,1734009300000,1734009300000,1734009600000,1734009900000,1734012600000,2700.974,6.531357142857099,1,1,2706.915,2694.4426428571433,2727.0994285714287,2694.4426428571433,1.6183331138003012,-1.0,STOP
swing,HIGH_RECLAIM,2024,1734011700000,1734014100000,1734014700000,1734015000000,1734080400000,2680.725,6.976357142857133,2,10,2687.315,2673.748642857143,2708.6304285714286,2673.748642857143,1.5711976580722196,-1.0,STOP
swing,HIGH_RECLAIM,2024,1734079800000,1734081600000,1734081900000,1734082200000,1734087300000,2670.655,5.602142857142813,1,7,2673.048,2665.052857142857,2693.0635714285713,2665.052857142857,2.5034663903085024,-1.0,STOP
swing,HIGH_RECLAIM,2024,1734087300000,1734087300000,1734087600000,1734087900000,1734099900000,2664.924,6.03414285714283,1,1,2668.395,2658.889857142857,2689.060571428571,2658.889857142857,2.1741463268005163,-1.0,STOP
swing,HIGH_RECLAIM,2024,1734103200000,1734103500000,1734103800000,1734104100000,1734123300000,2654.525,7.343928571428511,1,2,2657.295,2647.1810714285716,2683.900714285714,2647.1810714285716,2.6306013630424743,-1.0,STOP
swing,HIGH_RECLAIM,2024,1734309900000,1734310500000,1734310800000,1734311100000,1734433200000,2643.374,6.640642857142731,1,3,2649.965,2636.733357142857,2669.936571428571,2636.733357142857,1.5093795716976481,-1.0,STOP
swing,HIGH_RECLAIM,2024,1734432300000,1734433200000,1734433800000,1734434100000,1734548400000,2635.994,5.379214285714364,2,5,2638.615,2630.614785714286,2657.5108571428577,2630.614785714286,2.3619188771731743,-1.0,STOP
swing,HIGH_RECLAIM,2024,1734552900000,1734554400000,1734555000000,1734555300000,1734572400000,2586.998,6.876214285714241,2,7,2592.915,2580.1217857142856,2614.502857142857,2614.502857142857,1.6874459116160705,1.6874459116160705,TARGET
swing,HIGH_RECLAIM,2024,1734619800000,1734620400000,1734620700000,1734621000000,1734708600000,2590.648,9.009214285714181,1,3,2595.055,2581.638785714286,2626.684857142857,2626.684857142857,2.357584372853784,2.357584372853784,TARGET
swing,HIGH_RECLAIM,2024,1734951900000,1734951900000,1734952200000,1734952500000,1734966300000,2616.928,5.5755000000000825,1,1,2619.425,2611.3525,2639.23,2611.3525,2.4533911427685724,-1.0,STOP
swing,HIGH_RECLAIM,2024,1734966000000,1734966300000,1734966900000,1734967200000,1735225500000,2610.314,5.6155714285714895,2,3,2612.945,2604.6984285714284,2632.7762857142857,2632.7762857142857,2.404791601704481,2.404791601704481,TARGET
swing,HIGH_RECLAIM,2024,1735286700000,1735287300000,1735287900000,1735288200000,1735296000000,2627.278,3.8789999999999702,2,4,2629.375,2623.399,2642.794,2623.399,2.245481927710779,-1.0,STOP
swing,HIGH_RECLAIM,2024,1735296000000,1735296000000,1735296300000,1735296600000,1735306200000,2623.248,4.014499999999998,1,1,2625.985,2619.2335000000003,2639.306,2619.2335000000003,1.9730430274754065,-1.0,STOP
swing,HIGH_RECLAIM,2024,1735305600000,1735306500000,1735306800000,1735307100000,1735309800000,2617.955,4.133857142857161,1,4,2621.055,2613.8211428571426,2634.4904285714288,2613.8211428571426,1.8572980231846543,-1.0,STOP
swing,HIGH_RECLAIM,2024,1735308000000,1735309800000,1735310400000,1735310700000,1735566900000,2611.285,4.666714285714306,2,8,2616.035,2606.618285714286,2629.951857142857,2606.618285714286,1.4778888602333649,-1.0,STOP
swing,HIGH_RECLAIM,2024,1735566900000,1735567200000,1735567500000,1735567800000,1735575300000,2605.325,6.2548571428571575,1,2,2610.715,2599.070142857143,2630.3444285714286,2599.070142857143,1.6856736266162535,-1.0,STOP
swing,HIGH_RECLAIM,2024,1735575300000,1735575600000,1735576500000,1735576800000,1735659600000,2595.905,7.100000000000039,3,4,2598.685,2588.8050000000003,2624.3050000000003,2624.3050000000003,2.593117408907008,2.593117408907008,TARGET
swing,HIGH_RECLAIM,2025,1735893000000,1735893300000,1735893600000,1735893900000,1735911300000,2651.5,5.032571428571406,1,2,2652.795,2646.4674285714286,2671.6302857142855,2646.4674285714286,2.9767006073193865,-1.0,STOP
swing,HIGH_RECLAIM,2025,1735910400000,1735911600000,1735911900000,1735912200000,1735934400000,2643.355,4.607428571428597,1,5,2648.165,2638.7475714285715,2661.7847142857145,2638.7475714285715,1.446224325718316,-1.0,STOP
swing,HIGH_RECLAIM,2025,1735934400000,1735935000000,1735935300000,1735935600000,1736141400000,2638.394,5.537214285714332,1,3,2639.298,2632.8567857142853,2660.542857142857,2632.8567857142853,3.298268959934239,-1.0,STOP
swing,HIGH_RECLAIM,2025,1736140800000,1736142300000,1736142600000,1736142900000,1736148900000,2631.51,5.213785714285775,1,6,2633.975,2626.2962142857145,2652.3651428571434,2626.2962142857145,2.394928513623064,-1.0,STOP
swing,HIGH_RECLAIM,2025,1736170800000,1736171100000,1736171400000,1736171700000,1736172900000,2621.665,6.393428571428591,1,2,2626.248,2615.2715714285714,2647.238714285714,2615.2715714285714,1.9123446346065998,-1.0,STOP
swing,HIGH_RECLAIM,2025,1736172900000,1736172900000,1736174700000,1736175000000,1736247900000,2614.365,8.077928571428597,6,6,2629.248,2606.2870714285714,2646.6767142857143,2646.6767142857143,0.7590596448003238,0.7590596448003238,TARGET
swing,HIGH_RECLAIM,2025,1736762400000,1736763900000,1736764200000,1736764500000,1736770200000,2677.125,6.072857142857076,1,6,2680.145,2671.052142857143,2701.4164285714282,2671.052142857143,2.339355852317323,-1.0,STOP
swing,HIGH_RECLAIM,2025,1736769300000,1736771400000,1736772000000,1736772300000,1736792700000,2664.098,5.908999999999943,2,9,2670.798,2658.189,2687.734,2658.189,1.3431675787136372,-1.0,STOP
swing,HIGH_RECLAIM,2025,1736792700000,1736792700000,1736793000000,1736793300000,1736933700000,2657.498,7.185785714285722,1,1,2661.305,2650.312214285714,2686.241142857143,2686.241142857143,2.2684098012333247,2.2684098012333247,TARGET
swing,HIGH_RECLAIM,2025,1737099900000,1737100200000,1737100500000,1737100800000,1737107400000,2708.525,3.853928571428566,1,2,2710.465,2704.6710714285714,2723.9407142857144,2704.6710714285714,2.3258336929050607,-1.0,STOP
swing,HIGH_RECLAIM,2025,1737110400000,1737110400000,1737111000000,1737111300000,1737148200000,2702.669,3.7012857142856643,2,2,2704.315,2698.967714285714,2717.4741428571424,2698.967714285714,2.4609013918941707,-1.0,STOP
swing,HIGH_RECLAIM,2025,1737148200000,1737148200000,1737148800000,1737149100000,1737328800000,2698.445,5.693142857142902,2,2,2700.775,2692.7518571428573,2721.217571428572,2692.7518571428573,2.5479505715608823,-1.0,STOP
swing,HIGH_RECLAIM,2025,1737328800000,1737329100000,1737329400000,1737329700000,1737355800000,2690.875,5.57971428571435,1,2,2696.995,2685.2952857142855,2713.1938571428573,2713.1938571428573,1.3845515152995214,1.3845515152995214,TARGET
swing,HIGH_RECLAIM,2025,1737624000000,1737624900000,1737625200000,1737625500000,1737631500000,2740.898,3.257571428571477,1,4,2743.005,2737.640428571429,2753.928285714286,2753.928285714286,2.0361898167875205,2.0361898167875205,TARGET
swing,HIGH_RECLAIM,2025,1737637800000,1737639600000,1737639900000,1737640200000,1737650700000,2735.665,4.9030714285714305,1,7,2739.345,2730.7619285714286,2755.277285714286,2755.277285714286,1.8562452668459595,1.8562452668459595,TARGET
swing,HIGH_RECLAIM,2025,1737737400000,1737737400000,1737738900000,1737739200000,1737942000000,2769.708,6.473428571428615,5,5,2774.015,2763.2345714285716,2795.6017142857145,2763.2345714285716,2.002398526430256,-1.0,STOP
swing,HIGH_RECLAIM,2025,1737942000000,1737944400000,1737944700000,1737945000000,1737963000000,2753.618,5.982928571428666,1,9,2757.585,2747.6350714285713,2777.549714285715,2747.6350714285713,2.00651835260844,-1.0,STOP
swing,HIGH_RECLAIM,2025,1737962700000,1737963000000,1737963600000,1737963900000,1737975000000,2747.065,5.6717142857143505,2,3,2751.515,2741.393285714286,2769.7518571428573,2769.7518571428573,1.8017557725964721,1.8017557725964721,TARGET
swing,HIGH_RECLAIM,2025,1737988200000,1737988200000,1737988800000,1737989100000,1737996300000,2744.915,7.971928571428537,2,2,2753.315,2736.9430714285713,2776.802714285714,2736.9430714285713,1.4346333227169885,-1.0,STOP
swing,HIGH_RECLAIM,2025,1738135500000,1738135500000,1738137000000,1738137300000,1738156500000,2757.275,2.818285714285691,5,5,2759.205,2754.4567142857145,2768.548142857143,2754.4567142857145,1.967687586497529,-1.0,STOP
swing,HIGH_RECLAIM,2025,1738156500000,1738156800000,1738157100000,1738157400000,1738164900000,2752.095,3.3397857142856537,1,2,2754.765,2748.755214285714,2765.4541428571424,2748.755214285714,1.778622960171977,-1.0,STOP
swing,HIGH_RECLAIM,2025,1738164300000,1738164900000,1738165200000,1738165500000,1738220100000,2748.0,3.8519285714285485,1,3,2753.395,2744.1480714285713,2763.407714285714,2763.407714285714,1.0828151432521596,1.0828151432521596,TARGET
swing,HIGH_RECLAIM,2025,1738538400000,1738539300000,1738539600000,1738539900000,1738550100000,2782.548,7.748357142857068,1,4,2791.428,2774.7996428571428,2813.5414285714282,2774.7996428571428,1.3298624982280596,-1.0,STOP
swing,HIGH_RECLAIM,2025,1738553700000,1738554000000,1738554600000,1738554900000,1738586100000,2771.885,8.891214285714243,2,3,2773.885,2762.993785714286,2807.449857142857,2807.449857142857,3.0818287348255433,3.0818287348255433,TARGET
swing,HIGH_RECLAIM,2025,1738650000000,1738651200000,1738651500000,1738651800000,1738681800000,2810.648,8.260000000000057,1,5,2812.625,2802.388,2843.6880000000006,2843.6880000000006,3.0343850737521065,3.0343850737521065,TARGET
swing,HIGH_RECLAIM,2025,1738827600000,1738830000000,1738830900000,1738831200000,1738853700000,2848.535,6.435571428571523,3,11,2857.475,2842.0994285714282,2874.277285714286,2842.0994285714282,1.092790976409703,-1.0,STOP
swing,HIGH_RECLAIM,2025,1738853100000,1738854300000,1738854600000,1738854900000,1738892400000,2833.955,8.019142857142924,1,5,2843.565,2825.935857142857,2866.0315714285716,2866.0315714285716,1.2743995332404074,1.2743995332404074,TARGET
swing,HIGH_RECLAIM,2025,1739275500000,1739275800000,1739276100000,1739276400000,1739278500000,2897.948,11.564499999999985,1,2,2901.185,2886.3835,2944.2059999999997,2886.3835,2.906529743607042,-1.0,STOP
swing,HIGH_RECLAIM,2025,1739277600000,1739279700000,1739280000000,1739280300000,1739367000000,2881.635,12.615714285714278,1,8,2888.625,2869.019285714286,2932.0978571428573,2869.019285714286,2.2173564558438237,-1.0,STOP
swing,HIGH_RECLAIM,2025,1739365800000,1739367000000,1739368500000,1739368800000,1739369400000,2863.685,7.394857142857161,5,9,2884.545,2856.2901428571427,2893.2644285714287,2893.2644285714287,0.30859928002264825,0.30859928002264825,TARGET
swing,HIGH_RECLAIM,2025,1739540400000,1739541900000,1739542200000,1739542500000,1739546400000,2914.105,6.599785714285807,1,6,2921.785,2907.5052142857144,2940.504142857143,2907.5052142857144,1.310884016867045,-1.0,STOP
swing,HIGH_RECLAIM,2025,1739545800000,1739547000000,1739547300000,1739547600000,1739555400000,2892.795,7.335714285714338,1,5,2902.255,2885.4592857142857,2922.1378571428572,2885.4592857142857,1.1838053925320964,-1.0,STOP
swing,HIGH_RECLAIM,2025,1739554800000,1739556600000,1739556900000,1739557200000,1739889000000,2883.565,10.068571428571463,1,7,2887.505,2873.4964285714286,2923.839285714286,2923.839285714286,2.593718131756054,2.593718131756054,TARGET
swing,HIGH_RECLAIM,2025,1739980800000,1739980800000,1739981100000,1739981400000,1740042000000,2922.855,7.955857142857179,1,1,2930.025,2914.899142857143,2954.678428571429,2954.678428571429,1.629886381881569,1.629886381881569,TARGET
swing,HIGH_RECLAIM,2025,1740060000000,1740060600000,1740061800000,1740062100000,1740126000000,2923.945,6.951928571428685,4,6,2934.305,2916.9930714285715,2951.752714285715,2916.9930714285715,1.0078434770410682,-1.0,STOP
swing,HIGH_RECLAIM,2025,1740125400000,1740126000000,1740126900000,1740127200000,1740398400000,2916.615,8.170785714285753,3,5,2922.065,2908.444214285714,2949.298142857143,2949.298142857143,1.9993811978541036,1.9993811978541036,TARGET
swing,HIGH_RECLAIM,2025,1740465000000,1740465300000,1740465600000,1740465900000,1740486600000,2934.145,5.6879285714286265,1,2,2935.295,2928.4570714285715,2956.8967142857146,2928.4570714285715,3.1591020672509487,-1.0,STOP
swing,HIGH_RECLAIM,2025,1740486600000,1740487200000,1740487800000,1740488100000,1740496800000,2923.805,6.152928571428577,2,4,2929.205,2917.652071428571,2948.416714285714,2917.652071428571,1.6629302403224513,-1.0,STOP
swing,HIGH_RECLAIM,2025,1740578100000,1740580200000,1740581100000,1740581400000,1740644700000,2890.588,7.852214285714289,3,10,2901.918,2882.735785714286,2921.996857142857,2882.735785714286,1.0467434491027845,-1.0,STOP
swing,HIGH_RECLAIM,2025,1740644700000,1740647100000,1740647400000,1740647700000,1740667500000,2876.715,6.76499999999997,1,9,2886.705,2869.9500000000003,2903.775,2869.9500000000003,1.01880035810209,-1.0,STOP
swing,HIGH_RECLAIM,2025,1740667500000,1740667800000,1740668400000,1740668700000,1740716100000,2867.565,9.102857142857115,2,3,2879.975,2858.462142857143,2903.9764285714286,2858.462142857143,1.1156783318945747,-1.0,STOP
swing,HIGH_RECLAIM,2025,1740729600000,1740729600000,1740729900000,1740730200000,1740750900000,2856.685,7.4121428571428885,1,1,2859.025,2849.272857142857,2886.3335714285713,2849.272857142857,2.8002636783123673,-1.0,STOP
swing,HIGH_RECLAIM,2025,1740750900000,1740751500000,1740752100000,1740752400000,1740754500000,2842.035,8.245071428571432,2,4,2849.905,2833.7899285714284,2875.0152857142857,2833.7899285714284,1.5581864359450064,-1.0,STOP
swing,HIGH_RECLAIM,2025,1740753300000,1740754800000,1740755100000,1740755400000,1740956400000,2832.455,9.15628571428572,1,6,2837.765,2823.298714285714,2869.0801428571426,2869.0801428571426,2.164698214567852,2.164698214567852,TARGET
swing,HIGH_RECLAIM,2025,1741182000000,1741182600000,1741182900000,1741183200000,1741191300000,2894.145,7.732785714285716,1,3,2899.735,2886.412214285714,2925.0761428571427,2925.0761428571427,1.9020904036585393,1.9020904036585393,TARGET
swing,HIGH_RECLAIM,2025,1741247700000,1741251000000,1741251300000,1741251600000,1741254600000,2900.905,7.099571428571445,1,12,2904.575,2893.805428571429,2929.303285714286,2893.805428571429,2.296125326647982,-1.0,STOP
swing,HIGH_RECLAIM,2025,1741371600000,1741371900000,1741372200000,1741372500000,1741626600000,2901.825,9.292428571428543,1,2,2907.275,2892.5325714285714,2938.994714285714,2892.5325714285714,2.151593554076141,-1.0,STOP
swing,HIGH_RECLAIM,2025,1741626000000,1741626600000,1741627500000,1741627800000,1741629900000,2890.535,9.332214285714274,3,5,2894.845,2881.2027857142857,2927.863857142857,2881.2027857142857,2.420344414134728,-1.0,STOP
swing,HIGH_RECLAIM,2025,1741628100000,1741629900000,1741630200000,1741630500000,1741700100000,2879.935,9.893642857142854,1,7,2883.935,2870.041357142857,2919.5095714285712,2919.5095714285712,2.5604927227766003,2.5604927227766003,TARGET
swing,HIGH_RECLAIM,2025,1741762800000,1741764000000,1741764600000,1741764900000,1741792500000,2908.785,4.783571428571382,2,6,2913.435,2904.0014285714283,2927.9192857142853,2927.9192857142853,1.5353978950555702,1.5353978950555702,TARGET
swing,HIGH_RECLAIM,2025,1741964400000,1741965600000,1741966500000,1741966800000,1742267400000,2978.085,8.496142857142884,3,7,2982.135,2969.5888571428573,3012.0695714285716,3012.0695714285716,2.385958120310147,2.385958120310147,TARGET
swing,HIGH_RECLAIM,2025,1742373600000,1742375100000,1742376000000,1742376300000,1742409300000,3022.315,5.579857142857138,3,8,3027.628,3016.735142857143,3044.6344285714285,3044.6344285714285,1.5612459016392994,1.5612459016392994,TARGET
swing,HIGH_RECLAIM,2025,1742464200000,1742466900000,1742467500000,1742467800000,1742564100000,3025.428,6.33428571428567,2,11,3032.865,3019.093714285714,3050.7651428571426,3019.093714285714,1.2998163881368148,-1.0,STOP
swing,HIGH_RECLAIM,2025,1742564100000,1742566200000,1742566800000,1742567100000,1742807100000,2999.268,7.824999999999981,2,9,3006.165,2991.443,3030.5679999999998,3030.5679999999998,1.657587284336381,1.657587284336381,TARGET
swing,HIGH_RECLAIM,2025,1742826600000,1742827500000,1742827800000,1742828100000,1743049500000,3007.748,7.231000000000027,1,4,3012.435,3000.517,3036.672,3036.672,2.033646584997469,2.033646584997469,TARGET
swing,HIGH_RECLAIM,2025,1743516600000,1743517200000,1743518100000,1743518400000,1743522900000,3123.505,9.342142857142887,3,5,3127.835,3114.1628571428573,3160.8735714285717,3114.1628571428573,2.4164881667624907,-1.0,STOP
swing,HIGH_RECLAIM,2025,1743522000000,1743524100000,1743525300000,1743525600000,1743631500000,3100.665,10.197142857142873,4,11,3109.205,3090.467857142857,3141.4535714285716,3141.4535714285716,1.7211039951204872,1.7211039951204872,TARGET
swing,HIGH_RECLAIM,2025,1743676200000,1743676500000,1743676800000,1743677100000,1743680400000,3100.728,15.500857142857058,1,2,3106.925,3085.227142857143,3162.7314285714283,3085.227142857143,2.571978799749786,-1.0,STOP
swing,HIGH_RECLAIM,2025,1743679800000,1743680400000,1743680700000,1743681000000,1743683700000,3085.085,17.449428571428534,1,3,3092.008,3067.6355714285714,3154.882714285714,3067.6355714285714,2.5797476070735827,-1.0,STOP
swing,HIGH_RECLAIM,2025,1743682800000,1743684000000,1743684300000,1743684600000,1743691800000,3061.845,18.101999999999958,1,5,3072.135,3043.743,3134.2529999999997,3134.2529999999997,2.187869822485167,2.187869822485167,TARGET
swing,HIGH_RECLAIM,2025,1743754500000,1743756000000,1743756300000,1743756600000,1743764700000,3078.255,10.305785714285678,1,6,3083.485,3067.9492142857143,3119.4781428571428,3119.4781428571428,2.316789348094925,2.316789348094925,TARGET
swing,HIGH_RECLAIM,2025,1743770100000,1743771300000,1743771600000,1743771900000,1743775500000,3068.971,16.678857142857105,1,5,3076.625,3052.292142857143,3135.686428571428,3052.292142857143,2.4272294956848532,-1.0,STOP
swing,HIGH_RECLAIM,2025,1743773700000,1743776100000,1743776400000,1743776700000,1743780900000,3041.395,18.15249999999995,1,9,3055.148,3023.2425,3114.0049999999997,3023.2425,1.8447289652253986,-1.0,STOP
swing,HIGH_RECLAIM,2025,1743787800000,1743787800000,1743788100000,1743788400000,1743981600000,3015.335,21.7696428571428,1,1,3025.225,2993.5653571428575,3102.4135714285712,2993.5653571428575,2.4380746105339437,-1.0,STOP
swing,HIGH_RECLAIM,2025,1743981600000,1743982500000,1743982800000,1743983100000,1744205700000,2976.585,24.821999999999953,1,4,2987.225,2951.763,3075.873,3075.873,2.4998026056060056,2.4998026056060056,TARGET
swing,HIGH_RECLAIM,2025,1744626000000,1744626600000,1744627500000,1744627800000,1744761600000,3206.025,12.71642857142865,3,5,3213.145,3193.3085714285717,3256.8907142857147,3256.8907142857147,2.2053220985921067,2.2053220985921067,TARGET
swing,HIGH_RECLAIM,2025,1744873800000,1744874400000,1744875300000,1744875600000,1744900200000,3314.015,12.556428571428503,3,5,3322.225,3301.4585714285713,3364.2407142857137,3301.4585714285713,2.0232518143982117,-1.0,STOP
swing,HIGH_RECLAIM,2025,1745329200000,1745329500000,1745330400000,1745330700000,1745339100000,3408.065,22.993857142857223,3,4,3430.255,3385.071142857143,3500.040428571429,3385.071142857143,1.5444770098043956,-1.0,STOP
swing,HIGH_RECLAIM,2025,1745337600000,1745340000000,1745340300000,1745340600000,1745359200000,3371.855,23.88028571428575,1,9,3385.915,3347.974714285714,3467.376142857143,3347.974714285714,2.1470882815853405,-1.0,STOP
swing,HIGH_RECLAIM,2025,1745388000000,1745388000000,1745388900000,1745389200000,1745416200000,3308.0,29.511428571428528,3,3,3322.075,3278.4885714285715,3426.045714285714,3278.4885714285715,2.3853919142590367,-1.0,STOP
swing,HIGH_RECLAIM,2025,1745415300000,1745417400000,1745417700000,1745418000000,1745458500000,3259.485,25.991428571428482,1,8,3278.725,3233.4935714285716,3363.450714285714,3363.450714285714,1.8731602551955138,1.8731602551955138,TARGET
swing,HIGH_RECLAIM,2025,1745502600000,1745503500000,1745503800000,1745504100000,1745560200000,3306.245,18.18478571428568,1,4,3313.525,3288.060214285714,3378.9841428571426,3288.060214285714,2.5705750518222343,-1.0,STOP
swing,HIGH_RECLAIM,2025,1745586000000,1745587800000,1745588400000,1745588700000,1745856600000,3264.785,17.897142857142917,2,8,3278.435,3246.887857142857,3336.3735714285717,3336.3735714285717,1.836571118054605,1.836571118054605,TARGET
swing,HIGH_RECLAIM,2025,1745902500000,1745902500000,1745902800000,1745903100000,1746000600000,3306.345,14.66114285714288,1,1,3310.745,3291.683857142857,3364.9895714285713,3291.683857142857,2.845819468177593,-1.0,STOP
swing,HIGH_RECLAIM,2025,1746000300000,1746001500000,1746001800000,1746002100000,1746010800000,3280.005,10.231428571428523,1,5,3287.125,3269.773571428572,3320.930714285714,3269.773571428572,1.9482957352215104,-1.0,STOP
swing,HIGH_RECLAIM,2025,1746010800000,1746010800000,1746011100000,1746011400000,1746020100000,3268.055,10.82428571428568,1,1,3276.895,3257.2307142857144,3311.3521428571426,3311.3521428571426,1.752270250635666,1.752270250635666,TARGET
swing,HIGH_RECLAIM,2025,1746058800000,1746061500000,1746062400000,1746062700000,1746093300000,3234.935,17.187928571428593,3,12,3245.485,3217.7470714285714,3303.6867142857145,3217.7470714285714,2.098271835109732,-1.0,STOP
swing,HIGH_RECLAIM,2025,1746093300000,1746094800000,1746095100000,1746095400000,1746434400000,3213.355,15.556500000000044,1,6,3218.125,3197.7985,3275.581,3275.581,2.8266548594199583,2.8266548594199583,TARGET
swing,HIGH_RECLAIM,2025,1746578400000,1746578700000,1746579000000,1746579300000,1746684600000,3360.495,17.315000000000023,1,2,3373.725,3343.18,3429.755,3343.18,1.8343427729579331,-1.0,STOP
swing,HIGH_RECLAIM,2025,1746720600000,1746721200000,1746721500000,1746721800000,1746756300000,3303.945,18.23142857142849,1,3,3311.305,3285.713571428572,3376.8707142857143,3285.713571428572,2.5620185329910226,-1.0,STOP
swing,HIGH_RECLAIM,2025,1746754500000,1746756600000,1746757800000,1746758100000,1746803400000,3274.295,16.910714285714285,4,11,3288.715,3257.384285714286,3341.9378571428574,3341.9378571428574,1.6987438159724633,1.6987438159724633,TARGET
swing,HIGH_RECLAIM,2025,1747001100000,1747002000000,1747002300000,1747002600000,1747012200000,3270.47,10.16142857142849,1,4,3276.955,3260.308571428571,3311.1157142857137,3260.308571428571,2.0521347350353514,-1.0,STOP
swing,HIGH_RECLAIM,2025,1747012200000,1747012500000,1747013400000,1747013700000,1747034400000,3258.535,14.243571428571386,3,4,3267.805,3244.2914285714287,3315.5092857142854,3244.2914285714287,2.028797958625736,-1.0,STOP
swing,HIGH_RECLAIM,2025,1747033200000,1747035900000,1747036200000,1747036500000,1747226100000,3215.775,14.816428571428625,1,10,3225.115,3200.9585714285713,3275.040714285715,3200.9585714285713,2.0667672018688097,-1.0,STOP
swing,HIGH_RECLAIM,2025,1747226100000,1747228500000,1747228800000,1747229100000,1747276200000,3174.505,13.119571428571394,1,9,3188.825,3161.3854285714287,3226.9832857142856,3161.3854285714287,1.3906297995075083,-1.0,STOP
swing,HIGH_RECLAIM,2025,1747282200000,1747284600000,1747285200000,1747285500000,1747288800000,3135.215,12.993214285714332,2,10,3141.155,3122.221785714286,3187.1878571428574,3122.221785714286,2.4313281647897758,-1.0,STOP
swing,HIGH_RECLAIM,2025,1747287000000,1747288800000,1747289100000,1747289400000,1747303500000,3120.205,12.877500000000055,1,7,3130.315,3107.3275,3171.715,3171.715,1.8009787928221757,1.8009787928221757,TARGET
swing,HIGH_RECLAIM,2025,1747380000000,1747380000000,1747380300000,1747380600000,1747392300000,3204.975,13.01499999999997,1,1,3209.195,3191.96,3257.035,3191.96,2.7757470263997295,-1.0,STOP
swing,HIGH_RECLAIM,2025,1747396200000,1747396500000,1747397400000,1747397700000,1747605600000,3153.475,17.144285714285747,3,4,3164.515,3136.3307142857143,3222.052142857143,3222.052142857143,2.041461807491523,2.041461807491523,TARGET
swing,HIGH_RECLAIM,2025,1747700700000,1747701300000,1747701600000,1747701900000,1747749300000,3213.795,10.340000000000048,1,3,3220.615,3203.455,3255.155,3255.155,2.012820512820554,2.012820512820554,TARGET
swing,HIGH_RECLAIM,2025,1747907700000,1747909800000,1747910400000,1747910700000,1747922400000,3290.135,10.495142857142842,2,9,3299.115,3279.639857142857,3332.1155714285715,3279.639857142857,1.694497014509373,-1.0,STOP
swing,HIGH_RECLAIM,2025,1747922400000,1747922400000,1747922700000,1747923000000,1748000700000,3278.789,14.986571428571422,1,1,3291.915,3263.8024285714287,3338.735285714286,3338.735285714286,1.665457243327863,1.665457243327863,TARGET
swing,HIGH_RECLAIM,2025,1748323500000,1748324700000,1748325900000,1748326200000,1748328300000,3315.678,7.183714285714294,4,8,3324.925,3308.4942857142855,3344.412857142857,3308.4942857142855,1.1860626874754918,-1.0,STOP
swing,HIGH_RECLAIM,2025,1748328000000,1748329500000,1748329800000,1748330100000,1748332500000,3301.948,9.042071428571424,1,6,3308.555,3292.9059285714284,3338.1162857142854,3292.9059285714284,1.8890121276022613,-1.0,STOP
swing,HIGH_RECLAIM,2025,1748332200000,1748332500000,1748332800000,1748333100000,1748465400000,3292.265,9.931357142857125,1,2,3307.148,3282.333642857143,3331.9904285714283,3282.333642857143,1.001131257538098,-1.0,STOP
swing,HIGH_RECLAIM,2025,1748473500000,1748475600000,1748476200000,1748476500000,1748513700000,3249.725,10.769642857142864,2,9,3261.055,3238.955357142857,3292.8035714285716,3292.8035714285716,1.436610158535213,1.436610158535213,TARGET
swing,HIGH_RECLAIM,2025,1748572800000,1748573400000,1748574000000,1748574300000,1748607000000,3294.648,9.921928571428518,2,4,3298.218,3284.7260714285717,3334.3357142857144,3284.7260714285717,2.6769867698678,-1.0,STOP
swing,HIGH_RECLAIM,2025,1748612700000,1748613600000,1748613900000,1748614200000,1748843400000,3271.095,13.501571428571326,1,4,3283.155,3257.5934285714284,3325.101285714285,3325.101285714285,1.640990102329889,1.640990102329889,TARGET
swing,HIGH_RECLAIM,2025,1748925300000,1748925300000,1748925600000,1748925900000,1748958300000,3359.0,10.71135714285713,1,1,3362.298,3348.288642857143,3401.8454285714283,3348.288642857143,2.8229295725816246,-1.0,STOP
swing,HIGH_RECLAIM,2025,1748958000000,1748959500000,1748960100000,1748960400000,1749047700000,3332.575,10.98278571428565,2,7,3340.045,3321.5922142857144,3376.5061428571425,3376.5061428571425,1.9759153670177356,1.9759153670177356,TARGET
swing,HIGH_RECLAIM,2025,1749100800000,1749101700000,1749102000000,1749102300000,1749119400000,3361.448,9.202428571428559,1,4,3365.805,3352.245571428571,3398.257714285714,3398.257714285714,2.393368873530241,2.393368873530241,TARGET
swing,HIGH_RECLAIM,2025,1749136500000,1749138900000,1749139800000,1749140100000,1749219300000,3339.048,13.531785714285727,3,11,3350.125,3325.516214285714,3393.175142857143,3325.516214285714,1.7493810282622364,-1.0,STOP
swing,HIGH_RECLAIM,2025,1749217500000,1749219600000,1749220200000,1749220500000,1749428100000,3316.065,10.639142857142815,2,9,3329.105,3305.4258571428572,3358.6215714285713,3305.4258571428572,1.2465219542213144,-1.0,STOP
swing,HIGH_RECLAIM,2025,1749428100000,1749428400000,1749428700000,1749429000000,1749645000000,3304.395,11.706857142857091,1,2,3309.815,3292.688142857143,3351.2224285714283,3351.2224285714283,2.417689843854227,2.417689843854227,TARGET
swing,HIGH_RECLAIM,2025,1749661800000,1749663600000,1749663900000,1749664200000,1749680400000,3319.405,11.291571428571356,1,7,3322.798,3308.113428571429,3364.5712857142858,3364.5712857142858,2.844705813682107,2.844705813682107,TARGET
swing,HIGH_RECLAIM,2025,1750052400000,1750053900000,1750054200000,1750054500000,1750081200000,3415.615,10.645214285714312,1,6,3418.705,3404.9697857142855,3458.195857142857,3404.9697857142855,2.875154061770308,-1.0,STOP
swing,HIGH_RECLAIM,2025,1750081200000,1750082100000,1750082700000,1750083000000,1750170900000,3382.525,11.78835714285726,2,5,3395.548,3370.7366428571427,3429.6784285714293,3370.7366428571427,1.3755970048278996,-1.0,STOP
swing,HIGH_RECLAIM,2025,1750170900000,1750170900000,1750171500000,1750171800000,1750313100000,3365.835,10.920928571428574,2,2,3378.695,3354.9140714285713,3409.5187142857144,3354.9140714285713,1.2961526793679046,-1.0,STOP
swing,HIGH_RECLAIM,2025,1750312200000,1750315200000,1750315500000,1750315800000,1750629600000,3347.265,9.617071428571437,1,11,3356.525,3337.6479285714286,3385.7332857142856,3390.698,1.5472890392350298,1.8102913965922165,TARGET_GAP
swing,HIGH_RECLAIM,2025,1750656600000,1750656900000,1750657200000,1750657500000,1750686600000,3346.675,9.539714285714256,1,2,3353.095,3337.135285714286,3384.833857142857,3384.833857142857,1.9886857981704733,1.9886857981704733,TARGET
swing,HIGH_RECLAIM,2025,1750716900000,1750717200000,1750718400000,1750718700000,1750723200000,3350.075,12.155142857142826,4,5,3357.475,3337.919857142857,3398.695571428571,3337.919857142857,2.107914615081128,-1.0,STOP
swing,HIGH_RECLAIM,2025,1750722900000,1750723200000,1750724100000,1750724400000,1750746600000,3332.865,13.851071428571458,3,4,3346.408,3319.0139285714286,3388.2692857142856,3319.0139285714286,1.5281147902179086,-1.0,STOP
swing,HIGH_RECLAIM,2025,1750767000000,1750767300000,1750767600000,1750767900000,1750772400000,3311.785,13.063142857142891,1,2,3316.775,3298.721857142857,3364.0375714285715,3298.721857142857,2.617969170385818,-1.0,STOP
swing,HIGH_RECLAIM,2025,1750772100000,1750772700000,1750773600000,1750773900000,1750923300000,3295.098,12.85435714285716,3,5,3304.245,3282.2436428571427,3346.5154285714284,3346.5154285714284,1.9212645973137978,1.9212645973137978,TARGET
swing,HIGH_RECLAIM,2025,1750941900000,1750943400000,1750943700000,1750944000000,1750993500000,3315.978,8.956642857142795,1,6,3324.845,3307.021357142857,3351.8045714285713,3307.021357142857,1.5125735880512052,-1.0,STOP
swing,HIGH_RECLAIM,2025,1750992300000,1750994400000,1750994700000,1750995000000,1751001000000,3299.205,9.389428571428555,1,8,3302.245,3289.8155714285713,3336.762714285714,3289.8155714285713,2.777095832471306,-1.0,STOP
swing,HIGH_RECLAIM,2025,1751001000000,1751001000000,1751001300000,1751001600000,1751021400000,3288.998,8.218500000000015,1,1,3296.505,3280.7795,3321.8720000000003,3280.7795,1.6131124606530902,-1.0,STOP
swing,HIGH_RECLAIM,2025,1751021400000,1751021400000,1751021700000,1751022000000,1751028300000,3279.545,9.38985714285715,1,1,3285.545,3270.155142857143,3317.104428571429,3270.155142857143,2.0506641665661105,-1.0,STOP
swing,HIGH_RECLAIM,2025,1751035500000,1751035500000,1751036100000,1751036400000,1751235900000,3263.405,11.356714285714295,2,2,3272.315,3252.048285714286,3308.831857142857,3252.048285714286,1.801814375436174,-1.0,STOP
swing,HIGH_RECLAIM,2025,1751235600000,1751235900000,1751236200000,1751236500000,1751259000000,3244.925,10.071571428571458,1,2,3257.598,3234.8534285714286,3285.211285714286,3285.211285714286,1.214060497952437,1.214060497952437,TARGET
swing,HIGH_RECLAIM,2025,1751414400000,1751414400000,1751414700000,1751415000000,1751440800000,3334.355,6.81935714285711,1,1,3342.215,3327.535642857143,3361.6324285714286,3327.535642857143,1.3227710438857292,-1.0,STOP
swing,HIGH_RECLAIM,2025,1751440200000,1751441100000,1751442300000,1751442600000,1751482500000,3327.275,6.547857142857148,4,7,3336.105,3320.727142857143,3353.466428571429,3353.466428571429,1.1289888057968607,1.1289888057968607,TARGET
swing,HIGH_RECLAIM,2025,1751545800000,1751546400000,1751547000000,1751547300000,1751874600000,3311.215,8.572500000000057,2,4,3320.948,3302.6425,3345.5050000000006,3302.6425,1.3415093824260895,-1.0,STOP
swing,HIGH_RECLAIM,2025,1751874300000,1751874900000,1751875500000,1751875800000,1751909700000,3300.435,8.652071428571421,2,4,3305.248,3291.7829285714283,3335.0432857142855,3335.0432857142855,2.212783338903233,2.212783338903233,TARGET
swing,HIGH_RECLAIM,2025,1751961900000,1751962800000,1751963100000,1751963400000,1751982300000,3324.248,6.522928571428598,1,4,3328.425,3317.7250714285715,3350.3397142857143,3317.7250714285715,2.0481178112003025,-1.0,STOP
swing,HIGH_RECLAIM,2025,1751986200000,1751987400000,1751987700000,1751988000000,1752099600000,3286.905,8.318499999999988,1,5,3293.285,3278.5865000000003,3320.179,3320.179,1.8297105146784451,1.8297105146784451,TARGET
swing,HIGH_RECLAIM,2025,1752155700000,1752156000000,1752156300000,1752156600000,1752214800000,3309.905,8.263357142857135,1,2,3315.348,3301.641642857143,3342.9584285714286,3342.9584285714286,2.014425006123346,2.014425006123346,TARGET
swing,HIGH_RECLAIM,2025,1752496500000,1752498000000,1752498600000,1752498900000,1752586200000,3346.985,8.652714285714344,2,7,3352.985,3338.3322857142857,3381.5958571428573,3338.3322857142857,1.9525977634567813,-1.0,STOP
swing,HIGH_RECLAIM,2025,1752585300000,1752586500000,1752587100000,1752587400000,1752593400000,3334.169,6.501642857142834,2,6,3339.748,3327.667357142857,3360.1755714285714,3327.667357142857,1.6909341390299206,-1.0,STOP
swing,HIGH_RECLAIM,2025,1752593100000,1752593700000,1752594000000,1752594300000,1752678900000,3325.145,7.959214285714292,1,3,3331.519,3317.185785714286,3356.9818571428573,3356.9818571428573,1.7764931602422684,1.7764931602422684,TARGET
swing,HIGH_RECLAIM,2025,1752732300000,1752734400000,1752734700000,1752735000000,1752755400000,3327.988,9.647857142857154,1,8,3332.685,3318.340142857143,3366.5794285714283,3318.340142857143,2.3628278925249337,-1.0,STOP
swing,HIGH_RECLAIM,2025,1752755400000,1752756900000,1752757800000,1752758100000,1752791700000,3309.575,8.172142857142912,3,8,3316.598,3301.402857142857,3342.2635714285716,3342.2635714285716,1.689064174642287,1.689064174642287,TARGET
swing,HIGH_RECLAIM,2025,1752818100000,1752818700000,1752819000000,1752819300000,1752829500000,3331.645,4.889714285714263,1,3,3336.995,3326.7552857142855,3351.203857142857,3351.203857142857,1.3876224225006124,1.3876224225006124,TARGET
swing,HIGH_RECLAIM,2025,1753049400000,1753050000000,1753050300000,1753050600000,1753075500000,3344.798,5.8442142857142505,1,3,3347.305,3338.9537857142855,3368.1748571428566,3368.1748571428566,2.499020672784892,2.499020672784892,TARGET
swing,HIGH_RECLAIM,2025,1753163100000,1753164000000,1753164900000,1753165200000,1753188900000,3384.315,5.7645714285714735,3,6,3386.765,3378.5504285714287,3407.373285714286,3407.373285714286,2.5087475218254456,2.5087475218254456,TARGET
swing,HIGH_RECLAIM,2025,1753249200000,1753249500000,1753249800000,1753250100000,1753276800000,3416.165,7.480642857142811,1,2,3418.985,3408.684357142857,3446.087571428571,3408.684357142857,2.631153395419085,-1.0,STOP
swing,HIGH_RECLAIM,2025,1753276800000,1753277400000,1753278000000,1753278300000,1753286400000,3405.268,7.873142857142901,2,4,3412.125,3397.3948571428573,3436.7605714285714,3397.3948571428573,1.672459776357535,-1.0,STOP
swing,HIGH_RECLAIM,2025,1753286100000,1753287600000,1753288500000,1753288800000,1753338300000,3381.215,8.824214285714334,3,8,3389.695,3372.390785714286,3416.5118571428575,3372.390785714286,1.5497298345985122,-1.0,STOP
swing,HIGH_RECLAIM,2025,1753337700000,1753338600000,1753340400000,1753340700000,1753356600000,3369.678,8.348785714285668,6,9,3376.575,3361.3292142857144,3403.0731428571426,3361.3292142857144,1.738063446104575,-1.0,STOP
swing,HIGH_RECLAIM,2025,1753356600000,1753356600000,1753356900000,1753357200000,1753361400000,3361.065,7.52371428571431,1,1,3364.519,3353.5412857142856,3391.159857142857,3353.5412857142856,2.4268127635209344,-1.0,STOP
swing,HIGH_RECLAIM,2025,1753360800000,1753362000000,1753362300000,1753362600000,1753434600000,3351.168,8.03471428571431,1,5,3358.235,3343.1332857142856,3383.3068571428576,3343.1332857142856,1.6601994097169643,-1.0,STOP
swing,HIGH_RECLAIM,2025,1753434300000,1753434600000,1753434900000,1753435200000,1753447200000,3342.845,5.887571428571489,1,2,3346.685,3336.9574285714284,3366.395285714286,3336.9574285714284,2.026228834094541,-1.0,STOP
swing,HIGH_RECLAIM,2025,1753446600000,1753447200000,1753448100000,1753448400000,1753455600000,3336.165,6.357000000000069,3,5,3340.545,3329.808,3361.5930000000003,3329.808,1.9603241128806996,-1.0,STOP
swing,HIGH_RECLAIM,2025,1753452900000,1753455600000,1753455900000,1753456200000,1753653600000,3327.965,7.673857142857189,1,10,3333.255,3320.291142857143,3358.660428571429,3316.938,1.9597121667933886,-1.258653178617465,STOP_GAP
swing,HIGH_RECLAIM,2025,1753653600000,1753653600000,1753653900000,1753654200000,1753710600000,3316.938,7.430571428571478,1,1,3334.015,3309.5074285714286,3346.660285714286,3309.5074285714286,0.5159746550628928,-1.0,STOP
swing,HIGH_RECLAIM,2025,1753709400000,1753711200000,1753712400000,1753712700000,1753888800000,3301.465,8.706500000000037,4,10,3309.348,3292.7585,3336.291,3292.7585,1.6240995810603176,-1.0,STOP
swing,HIGH_RECLAIM,2025,1753888800000,1753889700000,1753890000000,1753890300000,1753901400000,3288.415,8.318857142857171,1,4,3292.745,3280.0961428571427,3321.6904285714286,3280.0961428571427,2.288382914323146,-1.0,STOP
swing,HIGH_RECLAIM,2025,1753977600000,1753978800000,1753979100000,1753979400000,1754051400000,3289.475,8.967142857142822,1,5,3292.335,3280.507857142857,3325.343571428571,3325.343571428571,2.7909167773885257,2.7909167773885257,TARGET
swing,HIGH_RECLAIM,2025,1754370000000,1754370900000,1754371200000,1754371500000,1754386800000,3367.498,5.154428571428655,1,4,3369.659,3362.3435714285715,3388.1157142857146,3362.3435714285715,2.5229846898922292,-1.0,STOP
swing,HIGH_RECLAIM,2025,1754384400000,1754386800000,1754387100000,1754387400000,1754388600000,3361.865,5.403071428571528,1,9,3365.025,3356.4619285714284,3383.4772857142857,3356.4619285714284,2.154867662637664,-1.0,STOP
swing,HIGH_RECLAIM,2025,1754387400000,1754388900000,1754389200000,1754389500000,1754400900000,3354.235,5.674000000000076,1,6,3357.348,3348.561,3376.9310000000005,3376.9310000000005,2.228633208148511,2.228633208148511,TARGET
swing,HIGH_RECLAIM,2025,1754456100000,1754457000000,1754457300000,1754457600000,1754469000000,3370.965,6.178000000000046,1,4,3372.098,3364.7870000000003,3395.677,3364.7870000000003,3.2251401996992426,-1.0,STOP
swing,HIGH_RECLAIM,2025,1754467800000,1754469000000,1754469300000,1754469600000,1754473800000,3364.785,4.736071428571449,1,5,3366.848,3360.0489285714284,3383.7292857142857,3360.0489285714284,2.482881065691696,-1.0,STOP
swing,HIGH_RECLAIM,2025,1754472300000,1754473800000,1754475000000,1754475300000,1754492100000,3358.015,5.174214285714275,4,9,3362.735,3352.8407857142856,3378.711857142857,3378.711857142857,1.6147676492032808,1.6147676492032808,TARGET
swing,HIGH_RECLAIM,2025,1754652000000,1754652300000,1754652600000,1754652900000,1754874600000,3380.035,11.707928571428576,1,2,3386.679,3368.3270714285713,3426.8667142857144,3368.3270714285713,2.1898360234618957,-1.0,STOP
swing,HIGH_RECLAIM,2025,1754874300000,1754874600000,1754875200000,1754875500000,1754905800000,3367.205,14.024357142857168,2,3,3374.735,3353.1806428571426,3423.3024285714287,3353.1806428571426,2.2532534025271267,-1.0,STOP
swing,HIGH_RECLAIM,2025,1754905800000,1754906100000,1754906400000,1754906700000,1754923200000,3352.685,9.578428571428569,1,2,3355.798,3343.1065714285714,3390.9987142857144,3343.1065714285714,2.7735817199460504,-1.0,STOP
swing,HIGH_RECLAIM,2025,1754933400000,1754933400000,1754933700000,1754934000000,1755008100000,3340.808,9.892214285714317,1,1,3354.885,3330.9157857142854,3380.3768571428573,3330.9157857142854,1.0635249382392038,-1.0,STOP
swing,HIGH_RECLAIM,2025,1755007800000,1755008100000,1755009000000,1755009300000,1755130800000,3330.898,10.270071428571457,3,4,3337.255,3320.6279285714286,3371.978285714286,3371.978285714286,2.0883584859458897,2.0883584859458897,TARGET
swing,HIGH_RECLAIM,2025,1755157500000,1755158400000,1755159600000,1755159900000,1755180600000,3341.278,7.236071428571482,4,7,3347.525,3334.0419285714283,3370.2222857142856,3334.0419285714283,1.6833913425829716,-1.0,STOP
swing,HIGH_RECLAIM,2025,1755180300000,1755180600000,1755180900000,1755181200000,1755472500000,3333.948,9.700928571428676,1,2,3343.985,3324.247071428571,3372.7517142857146,3324.247071428571,1.4574332955766456,-1.0,STOP
swing,HIGH_RECLAIM,2025,1755471900000,1755472800000,1755473100000,1755473400000,1755488700000,3323.335,6.937571428571346,1,4,3328.898,3316.3974285714285,3351.0852857142854,3351.0852857142854,1.7749017187785006,1.7749017187785006,TARGET
swing,HIGH_RECLAIM,2025,1755525300000,1755525600000,1755527400000,1755527700000,1755614700000,3332.255,7.726857142857106,6,7,3337.635,3324.528142857143,3363.1624285714283,3324.528142857143,1.9476391855952715,-1.0,STOP
swing,HIGH_RECLAIM,2025,1755614100000,1755615000000,1755615300000,1755615600000,1755647400000,3320.778,6.475500000000044,1,4,3325.305,3314.3025,3346.68,3314.3025,1.9427402862985588,-1.0,STOP
swing,HIGH_RECLAIM,2025,1755650100000,1755650100000,1755650400000,1755650700000,1755692100000,3312.555,5.949571428571322,1,1,3313.575,3306.6054285714285,3336.353285714285,3336.353285714285,3.2682476889335237,3.2682476889335237,TARGET
swing,HIGH_RECLAIM,2025,1755750300000,1755750300000,1755750600000,1755750900000,1755772800000,3338.455,5.371999999999973,1,1,3340.398,3333.083,3359.9429999999998,3333.083,2.671907040328021,-1.0,STOP
swing,HIGH_RECLAIM,2025,1755772500000,1755774000000,1755774900000,1755775200000,1755782400000,3324.948,5.08742857142868,3,8,3329.535,3319.8605714285713,3345.2977142857144,3345.2977142857144,1.6293173461703534,1.6293173461703534,TARGET
swing,HIGH_RECLAIM,2025,1755828000000,1755828300000,1755828900000,1755829200000,1755843600000,3333.075,6.1942857142857,2,3,3335.595,3326.880714285714,3357.8521428571426,3326.880714285714,2.554098360655707,-1.0,STOP
swing,HIGH_RECLAIM,2025,1755843600000,1755845100000,1755845400000,1755845700000,1755865800000,3325.598,4.314642857142871,1,6,3328.185,3321.2833571428573,3342.8565714285714,3321.2833571428573,2.1258085548990158,-1.0,STOP
swing,HIGH_RECLAIM,2025,1756163400000,1756165500000,1756166100000,1756166400000,1756167000000,3351.435,4.785000000000017,2,9,3354.725,3346.65,3370.575,3370.575,1.9628482972136552,1.9628482972136552,TARGET
swing,HIGH_RECLAIM,2025,1756278900000,1756278900000,1756280100000,1756280400000,1756312500000,3373.665,5.149357142857168,4,4,3376.865,3368.5156428571427,3394.2624285714287,3394.2624285714287,2.0836848003696233,2.0836848003696233,TARGET
swing,HIGH_RECLAIM,2025,1756452300000,1756452600000,1756453200000,1756453500000,1756475400000,3406.215,4.966357142857207,2,3,3409.735,3401.248642857143,3426.080428571429,3426.080428571429,1.9260830408470662,1.9260830408470662,TARGET
swing,HIGH_RECLAIM,2025,1756799400000,1756800300000,1756800600000,1756800900000,1756824000000,3469.805,9.160714285714286,1,4,3476.598,3460.6442857142856,3506.447857142857,3506.447857142857,1.8710286901393298,1.8710286901393298,TARGET
swing,HIGH_RECLAIM,2025,1756951800000,1756952100000,1756952400000,1756952700000,1756953900000,3540.445,10.502428571428677,1,2,3544.815,3529.9425714285717,3582.454714285715,3529.9425714285717,2.5308384642724135,-1.0,STOP
swing,HIGH_RECLAIM,2025,1756953300000,1756955400000,1756956000000,1756956300000,1756992900000,3510.425,11.554571428571503,2,9,3528.625,3498.870428571429,3556.6432857142863,3556.6432857142863,0.9416464216783316,0.9416464216783316,TARGET
swing,HIGH_RECLAIM,2025,1757428500000,1757428500000,1757428800000,1757429100000,1757451300000,3635.678,10.821142857142863,1,1,3646.145,3624.856857142857,3678.962571428571,3624.856857142857,1.5415892146533305,-1.0,STOP
swing,HIGH_RECLAIM,2025,1757450700000,1757455200000,1757455500000,1757455800000,1757898600000,3618.505,12.173785714285682,1,4,3629.538,3606.3312142857144,3667.200142857143,3630.225,1.6228935502239294,0.02960341033256472,864BAR_TIMEOUT
swing,HIGH_RECLAIM,2025,1757896500000,1757898600000,1757899500000,1757899800000,1757942400000,3626.148,6.379500000000007,3,10,3631.565,3619.7685,3651.666,3651.666,1.7039799940660572,1.7039799940660572,TARGET
swing,HIGH_RECLAIM,2025,1758090600000,1758091200000,1758091800000,1758092100000,1758096900000,3670.265,6.194642857142851,2,4,3676.395,3664.070357142857,3695.0435714285713,3664.070357142857,1.5131125213712302,-1.0,STOP
swing,HIGH_RECLAIM,2025,1758096000000,1758097200000,1758097500000,1758097800000,1758132000000,3663.195,6.45728571428575,1,5,3666.715,3656.7377142857144,3689.024142857143,3656.7377142857144,2.2359931845191285,-1.0,STOP_BOTH
swing,HIGH_RECLAIM,2025,1758135000000,1758135000000,1758135600000,1758135900000,1758175800000,3645.765,8.239500000000005,2,2,3657.525,3637.5254999999997,3678.723,3637.5254999999997,1.0599264981624286,-1.0,STOP
swing,HIGH_RECLAIM,2025,1758202800000,1758203100000,1758203700000,1758204000000,1758294900000,3627.465,11.405571428571452,2,3,3641.925,3616.0594285714287,3673.087285714286,3673.087285714286,1.2047785528474104,1.2047785528474104,TARGET
swing,HIGH_RECLAIM,2025,1758681000000,1758681300000,1758681600000,1758681900000,1758730500000,3750.329,12.068142857142934,1,2,3754.975,3738.2608571428573,3798.601571428572,3738.2608571428573,2.610159061188619,-1.0,STOP
swing,HIGH_RECLAIM,2025,1758732000000,1758732600000,1758733800000,1758734100000,1758740400000,3732.115,10.348928571428555,4,6,3738.315,3721.766071428571,3773.510714285714,3721.766071428571,2.1267669465005867,-1.0,STOP
swing,HIGH_RECLAIM,2025,1758739500000,1758741900000,1758742200000,1758742500000,1758788100000,3717.348,10.531357142857164,1,9,3722.095,3706.8166428571426,3759.4734285714285,3759.4734285714285,2.4464952757635663,2.4464952757635663,TARGET
swing,HIGH_RECLAIM,2025,1758807600000,1758807900000,1758808500000,1758808800000,1758895200000,3721.915,11.603285714285741,2,3,3733.305,3710.311714285714,3768.328142857143,3768.328142857143,1.523189999565105,1.523189999565105,TARGET
swing,HIGH_RECLAIM,2025,1759220400000,1759221300000,1759221900000,1759222200000,1759225500000,3807.308,10.451428571428583,2,5,3819.845,3796.8565714285714,3849.113714285714,3796.8565714285714,1.2731933457205344,-1.0,STOP
swing,HIGH_RECLAIM,2025,1759223400000,1759225500000,1759226400000,1759226700000,1759241400000,3792.875,12.65907142857142,3,10,3803.205,3780.215928571429,3843.511285714286,3843.511285714286,1.7532802853530065,1.7532802853530065,TARGET
swing,HIGH_RECLAIM,2025,1759366800000,1759366800000,1759367100000,1759367400000,1759416000000,3852.635,12.459285714285702,1,1,3857.798,3840.1757142857145,3902.472142857143,3840.1757142857145,2.535093550374611,-1.0,STOP
swing,HIGH_RECLAIM,2025,1759415700000,1759416600000,1759416900000,1759417200000,1759488000000,3825.135,10.229285714285652,1,4,3839.645,3814.9057142857146,3866.052142857143,3866.052142857143,1.067417352389214,1.067417352389214,TARGET
swing,HIGH_RECLAIM,2025,1759821000000,1759821600000,1759821900000,1759822200000,1759850100000,3943.685,11.44992857142857,1,3,3951.048,3932.2350714285712,3989.4847142857143,3989.4847142857143,2.0431010589222627,2.0431010589222627,TARGET
swing,HIGH_RECLAIM,2025,1759964400000,1759964700000,1759965000000,1759965300000,1760027700000,4011.618,15.623500000000083,1,2,4020.365,3995.9945,4074.112,3995.9945,2.205412281241678,-1.0,STOP
swing,HIGH_RECLAIM,2025,1760422800000,1760422800000,1760423100000,1760423400000,1760484900000,4089.885,18.776642857142892,1,1,4113.475,4071.108357142857,4164.991571428572,4164.991571428572,1.2159701112566519,1.2159701112566519,TARGET
swing,HIGH_RECLAIM,2025,1760708100000,1760710800000,1760711100000,1760711400000,1760985300000,4216.465,36.72264285714294,1,10,4241.265,4179.742357142857,4363.355571428572,4363.355571428572,1.984481903875108,1.984481903875108,TARGET
swing,HIGH_RECLAIM,2025,1761023400000,1761024900000,1761025800000,1761026100000,1761032100000,4316.965,21.338214285714393,3,8,4325.635,4295.626785714286,4402.317857142858,4295.626785714286,2.5553955464575173,-1.0,STOP
swing,HIGH_RECLAIM,2025,1761054300000,1761055200000,1761055800000,1761056100000,1761056700000,4165.185,31.138214285714316,2,5,4181.545,4134.046785714286,4289.737857142858,4134.046785714286,2.2778299936087985,-1.0,STOP
swing,HIGH_RECLAIM,2025,1761056100000,1761057900000,1761058200000,1761058500000,1761091500000,4078.259,31.138214285714316,1,7,4122.379,4047.120785714286,4202.811857142858,4047.120785714286,1.0687585123598389,-1.0,STOP
swing,HIGH_RECLAIM,2025,1761091200000,1761091800000,1761092100000,1761092400000,1761114900000,4003.298,36.50414285714266,1,3,4052.105,3966.793857142857,4149.31457142857,4149.31457142857,1.1394709785022072,1.1394709785022072,TARGET
swing,HIGH_RECLAIM,2025,1761144600000,1761144600000,1761145200000,1761145500000,1761588300000,4010.795,43.91542857142859,2,2,4027.648,3966.8795714285716,4186.456714285714,4005.895,2.613342454611059,-0.35796548489700036,864BAR_TIMEOUT
swing,HIGH_RECLAIM,2025,1761625500000,1761625500000,1761626400000,1761626700000,1761634200000,3963.288,23.068642857142745,3,3,3976.915,3940.2193571428575,4055.562571428571,3940.2193571428575,2.1432400499086244,-1.0,STOP
swing,HIGH_RECLAIM,2025,1761635700000,1761636600000,1761637500000,1761637800000,1761641700000,3921.248,21.797214285714226,3,6,3935.335,3899.4507857142858,4008.4368571428568,3899.4507857142858,2.0371591965428375,-1.0,STOP
swing,HIGH_RECLAIM,2025,1761639300000,1761642300000,1761642900000,1761643200000,1761720300000,3886.199,24.07721428571423,2,12,3905.979,3862.121785714286,3982.507857142857,3982.507857142857,1.7449548127772017,1.7449548127772017,TARGET
swing,HIGH_RECLAIM,2025,1761762900000,1761763200000,1761764100000,1761764400000,1761775200000,3941.988,17.30000000000005,3,4,3968.805,3924.6879999999996,4011.188,3921.725,0.9606954235328804,-1.0671623183806633,STOP_GAP
swing,HIGH_RECLAIM,2025,1761771000000,1761775500000,1761775800000,1761776100000,1761815700000,3916.348,23.660000000000114,1,4,3937.305,3892.6879999999996,4010.9880000000003,4010.9880000000003,1.6514557231548543,1.6514557231548543,TARGET
swing,HIGH_RECLAIM,2025,1761927000000,1761927300000,1761927600000,1761927900000,1762266300000,3971.965,17.898785714285818,1,2,3985.475,3954.0662142857145,4043.5601428571435,3954.0662142857145,1.8493278723196636,-1.0,STOP
swing,HIGH_RECLAIM,2025,1762266300000,1762267200000,1762267500000,1762267800000,1762329900000,3928.475,14.543357142857174,1,4,3938.555,3913.931642857143,3986.6484285714287,3986.6484285714287,1.953162937628928,1.953162937628928,TARGET
swing,HIGH_RECLAIM,2025,1762449300000,1762449900000,1762450200000,1762450500000,1762506900000,3965.425,12.099785714285806,1,3,3972.125,3953.3252142857145,4013.824142857143,4013.824142857143,2.218064795571427,2.218064795571427,TARGET
swing,HIGH_RECLAIM,2025,1762526100000,1762526100000,1762527600000,1762527900000,1762737000000,3984.065,11.242142857142783,5,5,3996.615,3972.822857142857,4029.033571428571,4029.033571428571,1.3625746795160574,1.3625746795160574,TARGET
swing,HIGH_RECLAIM,2025,1762871400000,1762871400000,1762872000000,1762872300000,1762874400000,4123.325,11.042928571428613,2,2,4132.735,4112.282071428571,4167.496714285714,4112.282071428571,1.6995959363136746,-1.0,STOP
swing,HIGH_RECLAIM,2025,1762872300000,1762875000000,1762875300000,1762875600000,1762904400000,4096.845,11.462214285714383,1,10,4107.195,4085.382785714286,4142.693857142858,4142.693857142858,1.6274760864654199,1.6274760864654199,TARGET
swing,HIGH_RECLAIM,2025,1763118300000,1763118900000,1763120100000,1763120400000,1763122200000,4141.578,16.464071428571124,4,6,4155.415,4125.113928571429,4207.434285714285,4125.113928571429,1.7167474040286057,-1.0,STOP
swing,HIGH_RECLAIM,2025,1763125500000,1763128200000,1763128500000,1763128800000,1763408400000,4040.985,19.42049999999972,1,10,4055.265,4021.5645000000004,4118.6669999999995,4021.5645000000004,1.8813370721502825,-1.0,STOP
swing,HIGH_RECLAIM,2025,1763407800000,1763409600000,1763409900000,1763410200000,1763530200000,4006.735,22.06192857142852,1,7,4020.885,3984.673071428572,4094.9827142857143,4094.9827142857143,2.046223915955086,2.046223915955086,TARGET
swing,HIGH_RECLAIM,2025,1763571600000,1763571900000,1763572200000,1763572500000,1763706300000,4055.385,18.84449999999999,1,2,4065.179,4036.5405,4130.763,4036.5405,2.290064074584904,-1.0,STOP
swing,HIGH_RECLAIM,2025,1763706300000,1763708400000,1763709600000,1763709900000,1764009300000,4024.538,19.285214285714282,4,11,4034.775,4005.252785714286,4101.678857142857,4101.678857142857,2.26622083612582,2.26622083612582,TARGET
swing,HIGH_RECLAIM,2025,1764169200000,1764169200000,1764169500000,1764169800000,1764294000000,4135.675,13.957714285714376,1,1,4145.545,4121.717285714286,4191.505857142858,4191.505857142858,1.928882333896951,1.928882333896951,TARGET
swing,HIGH_RECLAIM,2025,1764319200000,1764319200000,1764320700000,1764321000000,1764339000000,4150.289,9.856499999999999,4,4,4163.725,4140.4325,4189.715,4189.715,1.115809810024654,1.115809810024654,TARGET
swing,HIGH_RECLAIM,2025,1764672300000,1764672300000,1764674100000,1764674400000,1764690900000,4182.045,13.849428571428493,6,6,4189.995,4168.195571428571,4237.442714285714,4168.195571428571,2.1765577079346716,-1.0,STOP
swing,HIGH_RECLAIM,2025,1764690600000,1764690900000,1764691800000,1764692100000,1764769800000,4163.458,17.174999999999923,3,4,4177.015,4146.282999999999,4232.157999999999,4232.157999999999,1.7943186255368195,1.7943186255368195,TARGET
swing,HIGH_RECLAIM,2025,1764826500000,1764827400000,1764828000000,1764828300000,1764941400000,4175.005,15.039571428571369,2,5,4183.635,4159.965428571429,4235.163285714286,4235.163285714286,2.1769843137964817,2.1769843137964817,TARGET
swing,HIGH_RECLAIM,2025,1764951600000,1764951600000,1764951900000,1764952200000,1765206000000,4198.215,10.684500000000039,1,1,4216.405,4187.5305,4240.953,4187.5305,0.8501619075655257,-1.0,STOP
swing,HIGH_RECLAIM,2025,1765205100000,1765206900000,1765207200000,1765207500000,1765298700000,4175.998,11.280999999999883,1,7,4192.555,4164.717,4221.121999999999,4221.121999999999,1.0261872260937723,1.0261872260937723,TARGET
swing,HIGH_RECLAIM,2025,1765354200000,1765354200000,1765354500000,1765354800000,1765361100000,4200.025,8.627214285714217,1,1,4204.775,4191.397785714285,4234.5338571428565,4191.397785714285,2.224592991280473,-1.0,STOP
swing,HIGH_RECLAIM,2025,1765359600000,1765361100000,1765361400000,1765361700000,1765395600000,4191.205,8.221499999999976,1,6,4195.498,4182.9835,4224.090999999999,4182.9835,2.2847896440130575,-1.0,STOP
swing,HIGH_RECLAIM,2025,1765395600000,1765395600000,1765396500000,1765396800000,1765396800000,4181.565,9.6383571428572,3,3,4216.335,4171.926642857143,4220.118428571428,4220.118428571428,0.08519631922561464,0.08519631922561464,TARGET
swing,HIGH_RECLAIM,2025,1765557300000,1765557600000,1765557900000,1765558200000,1765764300000,4256.845,17.389285714285702,1,2,4278.285,4239.455714285715,4326.402142857143,4326.402142857143,1.2391972185942446,1.2391972185942446,TARGET
swing,HIGH_RECLAIM,2025,1765810800000,1765812300000,1765812600000,1765812900000,1765815600000,4311.315,11.628714285714263,1,6,4322.185,4299.686285714285,4357.829857142857,4299.686285714285,1.5843064048103268,-1.0,STOP
swing,HIGH_RECLAIM,2025,1765814400000,1765816500000,1765816800000,1765817100000,1765863000000,4285.055,11.345142857142816,1,8,4296.355,4273.709857142858,4330.435571428571,4273.709857142858,1.5049837240405557,-1.0,STOP
swing,HIGH_RECLAIM,2025,1765862700000,1765863000000,1765863900000,1765864200000,1765895400000,4271.125,14.93921428571405,3,4,4283.555,4256.185785714286,4330.8818571428565,4330.8818571428565,1.729200431141307,1.729200431141307,TARGET
swing,HIGH_RECLAIM,2025,1766048100000,1766048100000,1766048400000,1766048700000,1766068800000,4321.665,9.54549999999998,1,1,4328.125,4312.1195,4359.847,4312.1195,1.9819437068507284,-1.0,STOP
swing,HIGH_RECLAIM,2025,1766068800000,1766069100000,1766069400000,1766069700000,1766073600000,4308.285,9.104285714285718,1,2,4323.035,4299.180714285714,4344.7021428571425,4344.7021428571425,0.9083123727392421,0.9083123727392421,TARGET
swing,HIGH_RECLAIM,2025,1766587800000,1766588100000,1766588700000,1766589000000,1766762700000,4460.335,18.140642857142797,2,3,4473.015,4442.194357142857,4532.897571428572,4532.897571428572,1.942937131653403,1.942937131653403,TARGET
swing,HIGH_RECLAIM,2025,1766967600000,1766968200000,1766969100000,1766969400000,1766991600000,4471.498,17.436857142857143,3,5,4503.449,4454.061142857143,4541.245428571428,4454.061142857143,0.7652980055826435,-1.0,STOP
swing,HIGH_RECLAIM,2025,1766991300000,1766991600000,1766992500000,1766992800000,1767015900000,4444.735,21.90785714285721,3,4,4479.975,4422.8271428571425,4532.3664285714285,4422.8271428571425,0.9167697826439991,-1.0,STOP
swing,HIGH_RECLAIM,2025,1767123900000,1767124500000,1767126000000,1767126300000,1767159900000,4337.565,21.61450000000007,5,7,4348.595,4315.9505,4424.023,4315.9505,2.3105883073718116,-1.0,STOP
swing,HIGH_RECLAIM,2025,1767159600000,1767160800000,1767161100000,1767161400000,1767323400000,4273.805,24.22371428571426,1,5,4293.075,4249.581285714286,4370.699857142858,4370.699857142858,1.7847373676328122,1.7847373676328122,TARGET
swing,HIGH_RECLAIM,2026,1767366000000,1767367200000,1767368400000,1767368700000,1767370500000,4330.065,14.813071428571286,4,8,4345.915,4315.251928571428,4389.3172857142845,4315.251928571428,1.4154578681195649,-1.0,STOP
swing,HIGH_RECLAIM,2026,1767369600000,1767370800000,1767371100000,1767371400000,1767571800000,4314.845,15.924499999999885,1,5,4321.105,4298.9205,4378.543,4378.543,2.589105005747332,2.589105005747332,TARGET
swing,HIGH_RECLAIM,2026,1767763800000,1767764700000,1767765300000,1767765600000,1767798600000,4442.935,15.876357142857094,2,5,4453.975,4427.058642857143,4506.440428571429,4427.058642857143,1.9492024233803713,-1.0,STOP
swing,HIGH_RECLAIM,2026,1767796500000,1767798900000,1767799200000,1767799500000,1767969300000,4423.135,18.32050000000007,1,9,4430.465,4404.8145,4496.417,4496.417,2.5711779497476033,2.5711779497476033,TARGET
swing,HIGH_RECLAIM,2026,1768267800000,1768267800000,1768268100000,1768268400000,1768538400000,4575.275,18.61478571428584,1,1,4584.675,4556.660214285714,4649.734142857143,4599.505,2.3223144920921044,0.5293633208994052,864BAR_TIMEOUT
swing,HIGH_RECLAIM,2026,1768569300000,1768569600000,1768570200000,1768570500000,1768577100000,4582.105,13.302857142857192,2,3,4594.635,4568.802142857143,4635.316428571428,4568.802142857143,1.5747940054194218,-1.0,STOP
swing,HIGH_RECLAIM,2026,1768577100000,1768577400000,1768578300000,1768578600000,1768580100000,4536.515,14.3612142857144,3,4,4570.425,4522.153785714286,4593.959857142858,4593.959857142858,0.4875546946790316,0.4875546946790316,TARGET
swing,HIGH_RECLAIM,2026,1768868700000,1768868700000,1768869000000,1768869300000,1768887000000,4659.245,10.60957142857121,1,1,4664.695,4648.635428571429,4701.6832857142845,4701.6832857142845,2.3031925776350626,2.3031925776350626,TARGET
swing,HIGH_RECLAIM,2026,1769008800000,1769008800000,1769009400000,1769009700000,1769024100000,4812.415,26.65142857142876,2,2,4839.235,4785.763571428572,4919.020714285715,4785.763571428572,1.4921186214267013,-1.0,STOP
swing,HIGH_RECLAIM,2026,1769023800000,1769025000000,1769025300000,1769025600000,1769096700000,4755.345,27.61071428571443,1,5,4780.858,4727.734285714286,4865.787857142858,4865.787857142858,1.598718355536685,1.598718355536685,TARGET
swing,HIGH_RECLAIM,2026,1769156700000,1769156700000,1769157600000,1769157900000,1769185500000,4901.005,20.60500000000015,3,3,4924.795,4880.4,4983.425000000001,4983.425000000001,1.3206442166910788,1.3206442166910788,TARGET
swing,HIGH_RECLAIM,2026,1769454000000,1769456700000,1769457600000,1769457900000,1769544000000,5008.018,27.51278571428572,3,12,5041.215,4980.505214285714,5118.069142857143,5118.069142857143,1.2659267686898983,1.2659267686898983,TARGET
swing,HIGH_RECLAIM,2026,1769761800000,1769762100000,1769762700000,1769763000000,1769766300000,5051.785,82.83507142857141,2,3,5125.065,4968.949928571428,5383.125285714285,4968.949928571428,1.6530132763790093,-1.0,STOP
swing,HIGH_RECLAIM,2026,1769764200000,1769766600000,1769766900000,1769767200000,1769794800000,4940.895,84.08364285714288,1,9,5012.345,4856.811357142858,5277.229571428572,4856.811357142858,1.70306929460829,-1.0,STOP
swing,HIGH_RECLAIM,2026,1769792700000,1769795700000,1769796000000,1769796300000,1769797500000,4799.458,100.90778571428564,1,11,4882.408,4698.550214285714,5203.089142857142,4698.550214285714,1.7441803816536654,-1.0,STOP
swing,HIGH_RECLAIM,2026,1769796600000,1769798100000,1769798400000,1769798700000,1770010800000,4679.725,100.90778571428564,1,6,4777.448,4578.817214285715,5083.356142857143,4578.817214285715,1.5400842410056559,-1.0,STOP
swing,HIGH_RECLAIM,2026,1770215700000,1770216000000,1770216300000,1770216600000,1770219000000,4966.515,36.44185714285705,1,2,4999.425,4930.0731428571435,5112.282428571429,4930.0731428571435,1.6273166029131043,-1.0,STOP
swing,HIGH_RECLAIM,2026,1770218400000,1770219300000,1770219600000,1770219900000,1770223500000,4886.798,38.02592857142846,1,4,4943.715,4848.7720714285715,5038.901714285714,4848.7720714285715,1.0025677079689148,-1.0,STOP
swing,HIGH_RECLAIM,2026,1770223500000,1770223500000,1770223800000,1770224100000,1770246900000,4844.165,41.772857142857056,1,1,4901.625,4802.392142857143,5011.256428571428,5011.256428571428,1.1047896002188164,1.1047896002188164,TARGET
swing,HIGH_RECLAIM,2026,1770259500000,1770260400000,1770260700000,1770261000000,1770335100000,4787.685,65.48585714285706,1,4,4845.915,4722.199142857144,5049.628428571428,4722.199142857144,1.6466234262613382,-1.0,STOP
swing,HIGH_RECLAIM,2026,1770336300000,1770336900000,1770337200000,1770337500000,1770357000000,4654.355,56.71635714285711,1,3,4702.398,4597.638642857142,4881.220428571428,4881.220428571428,1.7069828743562427,1.7069828743562427,TARGET
swing,HIGH_RECLAIM,2026,1770908100000,1770908100000,1770908700000,1770909000000,1770912600000,5039.265,20.736642857142865,2,2,5057.425,5018.528357142857,5122.211571428572,5018.528357142857,1.665608306262203,-1.0,STOP
swing,HIGH_RECLAIM,2026,1770912600000,1770913500000,1770913800000,1770914100000,1770914400000,4877.255,21.844714285714286,1,4,4937.505,4855.410285714286,4964.633857142857,4964.633857142857,0.330458024964193,0.330458024964193,TARGET
swing,HIGH_RECLAIM,2026,1771218000000,1771218000000,1771218300000,1771218600000,1771289700000,4964.868,30.824428571428662,1,1,4983.255,4934.043571428571,5088.165714285715,4934.043571428571,2.13183639108221,-1.0,STOP
swing,HIGH_RECLAIM,2026,1771288800000,1771290000000,1771290300000,1771290600000,1771305300000,4922.558,17.934071428571638,1,5,4947.295,4904.623928571428,4994.294285714286,4904.623928571428,1.101432050820644,-1.0,STOP
swing,HIGH_RECLAIM,2026,1771336800000,1771336800000,1771337100000,1771337400000,1771425000000,4840.095,32.62357142857146,1,1,4892.405,4807.471428571429,4970.589285714286,4970.589285714286,0.9205345353932228,0.9205345353932228,TARGET
swing,HIGH_RECLAIM,2026,1771940100000,1771942200000,1771943700000,1771944000000,1771997400000,5093.225,26.131214285714186,5,12,5134.065,5067.093785714286,5197.749857142857,5197.749857142857,0.9509288105657483,0.9509288105657483,TARGET
swing,HIGH_RECLAIM,2026,1772116200000,1772116200000,1772116800000,1772117100000,1772198100000,5139.485,19.375785714285808,2,2,5171.915,5120.109214285714,5216.9881428571425,5216.9881428571425,0.8700407152538051,0.8700407152538051,TARGET
swing,HIGH_RECLAIM,2026,1772548800000,1772550900000,1772551800000,1772552100000,1772822400000,4995.475,67.88457142857143,3,10,5056.925,4927.590428571429,5267.013285714286,5156.015,1.6243784116941458,0.7661524595125384,864BAR_TIMEOUT
swing,HIGH_RECLAIM,2026,1773013200000,1773013200000,1773014100000,1773014400000,1773107700000,5043.468,35.07571428571445,3,3,5075.295,5008.392285714285,5183.7708571428575,5183.7708571428575,1.6213969537857644,1.6213969537857644,TARGET
swing,HIGH_RECLAIM,2026,1773232500000,1773234000000,1773234600000,1773234900000,1773269700000,5161.985,19.660000000000114,2,7,5177.505,5142.325,5240.625,5142.325,1.794201250710613,-1.0,STOP
swing,HIGH_RECLAIM,2026,1773273600000,1773273900000,1773274200000,1773274500000,1773338100000,5125.185,22.345928571428562,1,2,5138.605,5102.8390714285715,5214.568714285715,5102.8390714285715,2.123912822059366,-1.0,STOP
swing,HIGH_RECLAIM,2026,1773336900000,1773338100000,1773338400000,1773338700000,1773342000000,5102.395,21.544071428571442,1,5,5108.295,5080.850928571429,5188.571285714286,5080.850928571429,2.925086604705206,-1.0,STOP
swing,HIGH_RECLAIM,2026,1773346800000,1773347400000,1773348000000,1773348300000,1773417300000,5054.795,21.919071428571442,2,4,5072.175,5032.875928571429,5142.471285714286,5032.875928571429,1.7887518243797038,-1.0,STOP
swing,HIGH_RECLAIM,2026,1773417300000,1773417900000,1773418800000,1773419100000,1773616800000,5018.865,24.082428571428732,3,5,5039.205,4994.782571428571,5115.194714285714,4994.782571428571,1.71061593725176,-1.0,STOP
swing,HIGH_RECLAIM,2026,1773744000000,1773744000000,1773744600000,1773744900000,1773762000000,4991.735,16.94785714285711,2,2,5003.205,4974.7871428571425,5059.526428571428,4974.7871428571425,1.9819027271584524,-1.0,STOP
swing,HIGH_RECLAIM,2026,1773761700000,1773762000000,1773762300000,1773762600000,1773831900000,4973.495,19.132142857142885,1,2,4990.945,4954.362857142857,5050.023571428572,4954.362857142857,1.6149565556966043,-1.0,STOP
swing,HIGH_RECLAIM,2026,1773830100000,1773831900000,1773832200000,1773832500000,1773834300000,4950.165,16.57307142857144,1,7,4970.055,4933.591928571428,5016.457285714286,4933.591928571428,1.2725830243122334,-1.0,STOP
swing,HIGH_RECLAIM,2026,1773837000000,1773839700000,1773840300000,1773840600000,1773865500000,4833.865,23.041642857142897,2,11,4861.335,4810.823357142857,4926.031571428572,4810.823357142857,1.280824930037352,-1.0,STOP
swing,HIGH_RECLAIM,2026,1773864600000,1773865800000,1773866100000,1773866400000,1773902700000,4806.675,32.10378571428581,1,5,4815.745,4774.571214285715,4935.090142857143,4774.571214285715,2.898571039479048,-1.0,STOP
swing,HIGH_RECLAIM,2026,1773902100000,1773903000000,1773903600000,1773903900000,1773907500000,4747.505,24.80099999999993,2,5,4768.455,4722.704,4846.709,4722.704,1.710432558851163,-1.0,STOP
swing,HIGH_RECLAIM,2026,1773906000000,1773907800000,1773908100000,1773908400000,1773917400000,4701.125,32.210499999999875,1,7,4729.155,4668.9145,4829.967,4668.9145,1.673492085889063,-1.0,STOP
swing,HIGH_RECLAIM,2026,1773917400000,1773917700000,1773918000000,1773918300000,1773921600000,4666.385,36.19999999999988,1,2,4687.898,4630.185,4811.1849999999995,4630.185,2.1362084798918772,-1.0,STOP
swing,HIGH_RECLAIM,2026,1773924300000,1773924300000,1773924600000,1773924900000,1773968700000,4530.945,36.67307142857135,1,1,4573.445,4494.271928571428,4677.637285714285,4677.637285714285,1.3160066148031906,1.3160066148031906,TARGET
swing,HIGH_RECLAIM,2026,1774013700000,1774013700000,1774014000000,1774014300000,1774015500000,4636.315,35.42335714285731,1,1,4662.405,4600.891642857142,4778.008428571429,4600.891642857142,1.8793223771375975,-1.0,STOP
swing,HIGH_RECLAIM,2026,1774014600000,1774016700000,1774017000000,1774017300000,1774032300000,4550.965,39.17078571428582,1,8,4579.825,4511.794214285715,4707.648142857143,4511.794214285715,1.8789014637281034,-1.0,STOP
swing,HIGH_RECLAIM,2026,1774216800000,1774216800000,1774217100000,1774217400000,1774225800000,4448.835,48.67385714285716,1,1,4510.195,4400.161142857143,4643.530428571428,4400.161142857143,1.2117672872116054,-1.0,STOP
swing,HIGH_RECLAIM,2026,1774225800000,1774227000000,1774227600000,1774227900000,1774247100000,4318.825,52.60242857142852,2,6,4375.845,4266.222571428571,4529.234714285714,4266.222571428571,1.3992548448766295,-1.0,STOP
swing,HIGH_RECLAIM,2026,1774247100000,1774248300000,1774248600000,1774248900000,1774264200000,4162.445,68.01028571428567,1,5,4212.285,4094.434714285714,4434.486142857142,4434.486142857142,1.8854527293709153,1.8854527293709153,TARGET
swing,HIGH_RECLAIM,2026,1774318200000,1774318200000,1774318800000,1774319100000,1774589100000,4305.565,83.58507142857154,2,2,4335.535,4221.979928571428,4639.905285714286,4443.685,2.680375978678684,0.9524013206933589,864BAR_TIMEOUT
swing,HIGH_RECLAIM,2026,1774896900000,1774898400000,1774898700000,1774899000000,1774921200000,4492.885,29.653857142857046,1,6,4501.415,4463.231142857143,4611.5004285714285,4611.5004285714285,2.8830358378821335,2.8830358378821335,TARGET
swing,HIGH_RECLAIM,2026,1775092800000,1775093400000,1775094600000,1775094900000,1775108700000,4648.335,27.960071428571478,4,6,4700.465,4620.374928571428,4760.175285714286,4620.374928571428,0.7455391741976157,-1.0,STOP
swing,HIGH_RECLAIM,2026,1775107800000,1775110200000,1775110500000,1775110800000,1775599200000,4553.158,41.696999999999925,1,9,4590.455,4511.461,4719.946,4719.946,1.6392510823606918,1.6392510823606918,TARGET
swing,HIGH_RECLAIM,2026,1775650800000,1775650800000,1775651700000,1775652000000,1775660100000,4768.128,34.188071428571284,3,3,4796.475,4733.939928571428,4904.880285714285,4733.939928571428,1.733511823650908,-1.0,STOP
swing,HIGH_RECLAIM,2026,1775658300000,1775660100000,1775661300000,1775661600000,1775674800000,4731.905,29.811928571428457,4,10,4753.995,4702.093071428571,4851.152714285714,4702.093071428571,1.871948055880114,-1.0,STOP
swing,HIGH_RECLAIM,2026,1775672100000,1775675100000,1775675400000,1775675700000,1776031200000,4699.235,32.07885714285703,1,11,4715.295,4667.156142857142,4827.550428571428,4634.998,2.3319088826370793,-1.6680287976448924,STOP_GAP
swing,HIGH_RECLAIM,2026,1776092700000,1776092700000,1776094200000,1776094500000,1776128700000,4700.025,19.034499999999948,5,5,4709.045,4680.9905,4776.163,4776.163,2.3924147641198035,2.3924147641198035,TARGET
swing,HIGH_RECLAIM,2026,1776236400000,1776236400000,1776237000000,1776237300000,1776246300000,4803.715,17.630285714285815,2,2,4815.605,4786.084714285715,4874.236142857143,4786.084714285715,1.986130602684911,-1.0,STOP
swing,HIGH_RECLAIM,2026,1776244200000,1776246300000,1776246600000,1776246900000,1776388200000,4785.885,16.385000000000023,1,8,4798.375,4769.5,4851.425,4769.5,1.8372294372294435,-1.0,STOP
swing,HIGH_RECLAIM,2026,1776388200000,1776389100000,1776390000000,1776390300000,1776429900000,4768.0,15.892642857142814,3,6,4777.385,4752.107357142857,4831.570571428571,4831.570571428571,2.143616465142781,2.143616465142781,TARGET
swing,HIGH_RECLAIM,2026,1776636000000,1776636000000,1776636300000,1776636600000,1776782700000,4758.085,22.396928571428557,1,1,4792.548,4735.688071428572,4847.672714285714,4735.688071428572,0.969482650975657,-1.0,STOP
swing,HIGH_RECLAIM,2026,1776781800000,1776782700000,1776784200000,1776784500000,1776791400000,4723.36,17.290999999999972,5,8,4747.815,4706.0689999999995,4792.523999999999,4706.0689999999995,1.0709768600584422,-1.0,STOP
swing,HIGH_RECLAIM,2026,1776792600000,1776792600000,1776792900000,1776793200000,1776800400000,4696.645,23.476714285714284,1,1,4708.765,4673.168285714286,4790.551857142857,4673.168285714286,2.2975956849949974,-1.0,STOP
swing,HIGH_RECLAIM,2026,1776870900000,1776873000000,1776873600000,1776873900000,1776903000000,4724.815,14.724571428571446,2,9,4730.415,4710.090428571428,4783.713285714285,4710.090428571428,2.622357174988627,-1.0,STOP
swing,HIGH_RECLAIM,2026,1776902400000,1776903300000,1776903600000,1776903900000,1776905400000,4693.638,14.719785714285665,1,4,4727.135,4678.918214285714,4752.517142857143,4752.517142857143,0.5264171487404322,0.5264171487404322,TARGET
swing,HIGH_RECLAIM,2026,1776922200000,1776922200000,1776923100000,1776923400000,1776966000000,4692.078,18.560285714285587,3,3,4710.435,4673.517714285715,4766.319142857143,4673.517714285715,1.5137662960827307,-1.0,STOP
swing,HIGH_RECLAIM,2026,1776966000000,1776966300000,1776966600000,1776966900000,1777039800000,4664.045,18.184785714285617,1,2,4695.955,4645.860214285714,4736.784142857143,4736.784142857143,0.8150377783829829,0.8150377783829829,TARGET
swing,HIGH_RECLAIM,2026,1777248300000,1777248300000,1777248600000,1777248900000,1777352700000,4672.025,18.737857142857074,1,1,4679.605,4653.2871428571425,4746.976428571428,4653.2871428571425,2.559913149681106,-1.0,STOP
swing,HIGH_RECLAIM,2026,1777352400000,1777355100000,1777355400000,1777355700000,1777368600000,4623.618,11.500714285714366,1,10,4631.595,4612.1172857142865,4669.620857142858,4612.1172857142865,1.952275127618452,-1.0,STOP
swing,HIGH_RECLAIM,2026,1777368000000,1777370400000,1777371000000,1777371300000,1777375800000,4604.415,15.549785714285788,2,10,4612.555,4588.8652142857145,4666.614142857143,4588.8652142857145,2.2819599767229146,-1.0,STOP
swing,HIGH_RECLAIM,2026,1777377600000,1777377600000,1777378200000,1777378500000,1777468800000,4554.675,19.50407142857148,2,2,4581.625,4535.170928571429,4632.691285714286,4535.170928571429,1.0992854693652985,-1.0,STOP
swing,HIGH_RECLAIM,2026,1777468800000,1777470300000,1777470600000,1777470900000,1777531800000,4509.875,18.266428571428737,1,6,4520.665,4491.608571428571,4582.940714285715,4582.940714285715,2.1432680252710283,2.1432680252710283,TARGET
swing,HIGH_RECLAIM,2026,1777614900000,1777617600000,1777618500000,1777618800000,1777622100000,4590.518,12.659999999999984,3,12,4594.455,4577.858,4641.158,4577.858,2.8139422787251385,-1.0,STOP
swing,HIGH_RECLAIM,2026,1777619100000,1777622100000,1777622400000,1777622700000,1777629000000,4575.555,13.564785714285724,1,11,4581.438,4561.9902142857145,4629.814142857143,4561.9902142857145,2.4874884764700016,-1.0,STOP
swing,HIGH_RECLAIM,2026,1777629000000,1777629300000,1777629900000,1777630200000,1777643400000,4560.045,14.107642857142894,2,3,4566.485,4545.937357142857,4616.475571428572,4616.475571428572,2.432910274727426,2.432910274727426,TARGET
swing,HIGH_RECLAIM,2026,1777874700000,1777877100000,1777878300000,1777878600000,1777888800000,4583.595,18.16307142857139,4,12,4590.805,4565.431928571429,4656.247285714286,4565.431928571429,2.5792023602075456,-1.0,STOP
swing,HIGH_RECLAIM,2026,1777888500000,1777890000000,1777890300000,1777890600000,1777910700000,4525.855,16.345714285714166,1,6,4544.905,4509.509285714285,4591.237857142856,4509.509285714285,1.308996246518928,-1.0,STOP
swing,HIGH_RECLAIM,2026,1777908000000,1777911000000,1777911300000,1777911600000,1778024700000,4500.665,23.08371428571419,1,11,4522.685,4477.5812857142855,4592.999857142857,4592.999857142857,1.5589593508294808,1.5589593508294808,TARGET
swing,HIGH_RECLAIM,2026,1778187300000,1778191200000,1778192400000,1778192700000,1778478900000,4675.648,23.092428571428563,4,5,4696.035,4652.555571428572,4768.017714285715,4652.555571428572,1.6555579650146914,-1.0,STOP
swing,HIGH_RECLAIM,2026,1778478000000,1778478900000,1778479200000,1778479500000,1778505000000,4647.825,18.109785714285668,1,4,4659.585,4629.715214285714,4720.264142857142,4720.264142857142,2.031455579814246,2.031455579814246,TARGET
swing,HIGH_RECLAIM,2026,1778565600000,1778567100000,1778567400000,1778567700000,1778594100000,4694.858,17.558571428571344,1,6,4702.715,4677.2994285714285,4765.092285714286,4677.2994285714285,2.4542940492049135,-1.0,STOP
swing,HIGH_RECLAIM,2026,1778594100000,1778594400000,1778595000000,1778595300000,1778599200000,4675.985,19.767142857142712,2,3,4692.665,4656.217857142857,4755.053571428571,4656.217857142857,1.711754791674793,-1.0,STOP
swing,HIGH_RECLAIM,2026,1778597400000,1778599500000,1778599800000,1778600100000,1778616000000,4638.225,19.80571428571414,1,8,4662.865,4618.419285714286,4717.447857142857,4717.447857142857,1.2280791977372314,1.2280791977372314,TARGET
swing,HIGH_RECLAIM,2026,1778664000000,1778664000000,1778665200000,1778665500000,1778679900000,4685.755,14.593714285714343,4,4,4693.925,4671.161285714285,4744.129857142858,4671.161285714285,2.2054773888268095,-1.0,STOP
swing,HIGH_RECLAIM,2026,1778679300000,1778679900000,1778680200000,1778680500000,1778787900000,4669.415,14.810500000000047,1,3,4682.755,4654.6044999999995,4728.657,4654.6044999999995,1.630592707056677,-1.0,STOP
swing,HIGH_RECLAIM,2026,1778786700000,1778787900000,1778788200000,1778788500000,1778804700000,4652.675,17.68921428571418,1,5,4657.818,4634.985785714286,4723.431857142857,4634.985785714286,2.8737404231489836,-1.0,STOP
swing,HIGH_RECLAIM,2026,1778804700000,1778805600000,1778805900000,1778806200000,1778821500000,4613.225,17.18278571428573,1,4,4627.345,4596.042214285715,4681.956142857143,4596.042214285715,1.7446096764551209,-1.0,STOP
swing,HIGH_RECLAIM,2026,1778823900000,1778824800000,1778825100000,1778825400000,1778838600000,4556.245,19.801142857142946,1,4,4566.425,4536.443857142857,4635.449571428571,4536.443857142857,2.3022661863647476,-1.0,STOP
swing,HIGH_RECLAIM,2026,1778838300000,1778838600000,1778838900000,1778839200000,1779064200000,4531.705,22.18928571428582,1,2,4545.735,4509.515714285714,4620.462142857144,4509.515714285714,2.0631865422920366,-1.0,STOP
swing,HIGH_RECLAIM,2026,1779064200000,1779065100000,1779065700000,1779066000000,1779109200000,4480.065,24.03714285714289,2,5,4514.525,4456.027857142857,4576.213571428571,4576.213571428571,1.0545569991208479,1.0545569991208479,TARGET
swing,HIGH_RECLAIM,2026,1779187200000,1779187200000,1779188100000,1779188400000,1779196800000,4525.225,16.964285714285715,3,3,4544.515,4508.260714285715,4593.0821428571435,4508.260714285715,1.3396248719363468,-1.0,STOP
swing,HIGH_RECLAIM,2026,1779195600000,1779197400000,1779198600000,1779198900000,1779288900000,4464.615,17.438357142856994,4,10,4504.445,4447.176642857143,4534.368428571428,4534.368428571428,0.5225124320710607,0.5225124320710607,TARGET
swing,HIGH_RECLAIM,2026,1779341100000,1779341400000,1779342600000,1779342900000,1779369300000,4518.185,20.39021428571394,4,5,4529.565,4497.794785714286,4599.745857142856,4497.794785714286,2.209014283369687,-1.0,STOP
swing,HIGH_RECLAIM,2026,1779368100000,1779370500000,1779370800000,1779371100000,1779662700000,4488.335,19.24907142857137,1,9,4497.375,4469.085928571429,4565.3312857142855,4565.3312857142855,2.4022098387312627,2.4022098387312627,TARGET
swing,HIGH_RECLAIM,2026,1779753600000,1779756600000,1779756900000,1779757200000,1779770100000,4539.135,12.291000000000038,1,11,4549.395,4526.844,4588.299,4526.844,1.7251563123586038,-1.0,STOP
swing,HIGH_RECLAIM,2026,1779770100000,1779771600000,1779771900000,1779772200000,1779795300000,4522.735,14.326714285714258,1,6,4530.315,4508.408285714286,4580.041857142856,4508.408285714286,2.269936809980005,-1.0,STOP
swing,HIGH_RECLAIM,2026,1779795300000,1779796500000,1779797700000,1779798000000,1779818400000,4503.495,17.80478571428583,4,8,4512.095,4485.690214285714,4574.714142857143,4485.690214285714,2.371507329569565,-1.0,STOP
swing,HIGH_RECLAIM,2026,1779817800000,1779818700000,1779819300000,1779819600000,1779878100000,4482.365,17.709285714285734,2,5,4490.525,4464.655714285714,4553.2021428571425,4464.655714285714,2.422840102714169,-1.0,STOP
swing,HIGH_RECLAIM,2026,1779877800000,1779879300000,1779879600000,1779879900000,1779887100000,4442.425,17.696642857142965,1,6,4452.465,4424.728357142857,4513.211571428572,4424.728357142857,2.1901198260166326,-1.0,STOP
swing,HIGH_RECLAIM,2026,1779887100000,1779888300000,1779888600000,1779888900000,1779939000000,4401.325,21.170714285714308,1,5,4423.618,4380.154285714286,4486.007857142857,4380.154285714286,1.4354469738303581,-1.0,STOP
swing,HIGH_RECLAIM,2026,1779938100000,1779940500000,1779941100000,1779941400000,1779977400000,4368.115,20.075000000000077,2,10,4380.765,4348.04,4448.415,4448.415,2.0672268907562685,2.0672268907562685,TARGET
swing,HIGH_RECLAIM,2026,1780283400000,1780283700000,1780284300000,1780284600000,1780299900000,4513.555,20.024571428571367,2,3,4520.345,4493.530428571429,4593.653285714286,4493.530428571429,2.7338973479238606,-1.0,STOP
swing,HIGH_RECLAIM,2026,1780299600000,1780300200000,1780300500000,1780300800000,1780319400000,4492.195,14.649571428571367,1,3,4502.915,4477.545428571429,4550.793285714285,4477.545428571429,1.8872327366304766,-1.0,STOP
swing,HIGH_RECLAIM,2026,1780319400000,1780320600000,1780320900000,1780321200000,1780376100000,4458.725,14.347214285714212,1,5,4472.905,4444.377785714286,4516.113857142857,4516.113857142857,1.514653926951997,1.514653926951997,TARGET
swing,HIGH_RECLAIM,2026,1780425600000,1780425600000,1780425900000,1780426200000,1780442700000,4478.535,15.062357142857179,1,1,4486.475,4463.472642857143,4538.784428571428,4463.472642857143,2.274089922461308,-1.0,STOP
swing,HIGH_RECLAIM,2026,1780441800000,1780442700000,1780443600000,1780443900000,1780476600000,4461.905,12.532357142857174,3,6,4474.775,4449.372642857143,4512.034428571428,4449.372642857143,1.4667705190463274,-1.0,STOP
swing,HIGH_RECLAIM,2026,1780476600000,1780476900000,1780477200000,1780477500000,1780524900000,4440.015,15.51528571428571,1,2,4451.035,4424.499714285715,4502.076142857143,4424.499714285715,1.9235196261582133,-1.0,STOP
swing,HIGH_RECLAIM,2026,1780524900000,1780524900000,1780525500000,1780525800000,1780573500000,4423.685,17.759071428571456,2,2,4433.715,4405.925928571429,4494.721285714286,4494.721285714286,2.1953337257452255,2.1953337257452255,TARGET
swing,HIGH_RECLAIM,2026,1780618200000,1780618800000,1780619100000,1780619400000,1780640100000,4450.495,17.092642857142696,1,3,4457.205,4433.402357142857,4518.865571428571,4433.402357142857,2.5904926523764953,-1.0,STOP
swing,HIGH_RECLAIM,2026,1780640100000,1780640100000,1780640400000,1780640700000,1780664100000,4428.335,12.244785714285692,1,1,4444.105,4416.090214285714,4477.3141428571425,4416.090214285714,1.1854148447121124,-1.0,STOP
swing,HIGH_RECLAIM,2026,1780667700000,1780670400000,1780670700000,1780671000000,1780683000000,4344.405,21.5124285714287,1,10,4356.355,4322.892571428571,4430.4547142857145,4322.892571428571,2.214415314403782,-1.0,STOP
swing,HIGH_RECLAIM,2026,1780683000000,1780683300000,1780683600000,1780683900000,1780896600000,4321.625,24.3324285714288,1,2,4327.075,4297.292571428571,4418.954714285715,4297.292571428571,3.0850309626481915,-1.0,STOP
swing,HIGH_RECLAIM,2026,1780896600000,1780896900000,1780898100000,1780898400000,1781012700000,4268.125,23.629357142857316,4,5,4291.675,4244.495642857142,4362.642428571429,4362.642428571429,1.5042050775838556,1.5042050775838556,TARGET
swing,HIGH_RECLAIM,2026,1781014500000,1781016300000,1781016600000,1781016900000,1781021100000,4278.435,15.708357142857169,1,7,4297.955,4262.726642857143,4341.2684285714295,4262.726642857143,1.2295046401336902,-1.0,STOP
swing,HIGH_RECLAIM,2026,1781021100000,1781021700000,1781022300000,1781022600000,1781045400000,4252.895,20.499285714285765,2,4,4263.125,4232.395714285714,4334.892142857144,4232.395714285714,2.335464075684006,-1.0,STOP
swing,HIGH_RECLAIM,2026,1781045400000,1781045400000,1781046000000,1781046300000,1781051400000,4232.185,22.390928571428503,2,2,4245.598,4209.794071428572,4321.748714285714,4209.794071428572,2.126881527366373,-1.0,STOP
swing,HIGH_RECLAIM,2026,1781051400000,1781052000000,1781052900000,1781053200000,1781059800000,4198.705,25.01757142857137,3,5,4217.955,4173.687428571428,4298.775285714285,4173.687428571428,1.8257221506875227,-1.0,STOP
swing,HIGH_RECLAIM,2026,1781059800000,1781060400000,1781061000000,1781061300000,1781093400000,4172.548,28.391642857142738,2,4,4178.005,4144.156357142857,4286.11457142857,4144.156357142857,3.193911551634203,-1.0,STOP
swing,HIGH_RECLAIM,2026,1781091900000,1781094300000,1781094600000,1781094900000,1781112900000,4130.345,25.406928571428516,1,9,4162.415,4104.938071428572,4231.972714285715,4104.938071428572,1.2101849561998284,-1.0,STOP
swing,HIGH_RECLAIM,2026,1781112600000,1781113500000,1781114400000,1781114700000,1781121900000,4100.535,29.73049999999986,3,6,4119.555,4070.8045,4219.456999999999,4070.8045,2.0492507769150867,-1.0,STOP
swing,HIGH_RECLAIM,2026,1781121600000,1781122200000,1781122500000,1781122800000,1781130000000,4069.025,30.726214285714214,1,3,4073.745,4038.2987857142857,4191.929857142857,4038.2987857142857,3.334202524146255,-1.0,STOP
swing,HIGH_RECLAIM,2026,1781128800000,1781130000000,1781130600000,1781130900000,1781199600000,4035.715,30.43121428571421,2,6,4050.155,4005.283785714286,4157.439857142857,4157.439857142857,2.3909506094425756,2.3909506094425756,TARGET
swing,HIGH_RECLAIM,2026,1781556900000,1781556900000,1781560800000,1781561100000,1781717400000,4306.305,16.62978571428565,1,1,4313.065,4289.675214285715,4372.824142857143,4372.824142857143,2.554924768748387,2.554924768748387,TARGET
swing,HIGH_RECLAIM,2026,1781719200000,1781719800000,1781720100000,1781720400000,1781723400000,4276.895,15.994285714285654,1,3,4306.355,4260.9007142857145,4340.872142857143,4260.9007142857145,0.7593814821799308,-1.0,STOP
swing,HIGH_RECLAIM,2026,1781723100000,1781724900000,1781725500000,1781725800000,1781743200000,4218.805,22.709285714285606,2,8,4237.945,4196.095714285715,4309.642142857143,4309.642142857143,1.7132226185803334,1.7132226185803334,TARGET
swing,HIGH_RECLAIM,2026,1781780400000,1781781000000,1781781900000,1781782200000,1781800500000,4240.388,21.41364285714274,3,5,4248.905,4218.974357142857,4326.042571428571,4218.974357142857,2.577210646518517,-1.0,STOP
swing,HIGH_RECLAIM,2026,1781799300000,1781801700000,1781802000000,1781802300000,1781826300000,4213.925,21.08385714285701,1,9,4223.955,4192.8411428571435,4298.260428571428,4192.8411428571435,2.3881779822495592,-1.0,STOP
swing,HIGH_RECLAIM,2026,1781823600000,1781826900000,1781827200000,1781827500000,1781838300000,4186.745,19.33907142857132,1,12,4190.695,4167.405928571428,4264.101285714285,4167.405928571428,3.1519627538361,-1.0,STOP
swing,HIGH_RECLAIM,2026,1781842500000,1781845500000,1781845800000,1781846100000,1782089700000,4121.438,18.862642857142742,1,11,4130.235,4102.575357142858,4196.888571428571,4196.888571428571,2.4097770087931707,2.4097770087931707,TARGET
swing,HIGH_RECLAIM,2026,1782143100000,1782143400000,1782143700000,1782144000000,1782179100000,4169.485,17.275428571428684,1,2,4182.755,4152.209571428571,4238.586714285714,4152.209571428571,1.8278255338651856,-1.0,STOP
swing,HIGH_RECLAIM,2026,1782178200000,1782179400000,1782179700000,1782180000000,1782184500000,4149.705,15.094285714285693,1,5,4161.035,4134.6107142857145,4210.082142857143,4134.6107142857145,1.8561388333243425,-1.0,STOP
swing,HIGH_RECLAIM,2026,1782183300000,1782184800000,1782185100000,1782185400000,1782195000000,4130.488,18.052142857142826,1,6,4140.495,4112.4358571428575,4202.696571428572,4112.4358571428575,2.216802264604399,-1.0,STOP
swing,HIGH_RECLAIM,2026,1782194700000,1782197100000,1782197400000,1782197700000,1782201600000,4110.195,18.549071428571356,1,9,4118.035,4091.645928571428,4184.391285714285,4091.645928571428,2.5145365911754127,-1.0,STOP
swing,HIGH_RECLAIM,2026,1782200400000,1782201900000,1782202500000,1782202800000,1782262800000,4090.545,18.16692857142854,2,7,4097.988,4072.3780714285717,4163.212714285714,4072.3780714285717,2.5468526436454546,-1.0,STOP
swing,HIGH_RECLAIM,2026,1782262800000,1782263100000,1782263400000,1782263700000,1782270900000,4068.255,17.295999999999758,1,2,4089.455,4050.9590000000003,4137.438999999999,4050.9590000000003,1.2464671654197816,-1.0,STOP
swing,HIGH_RECLAIM,2026,1782270900000,1782270900000,1782271800000,1782272100000,1782303900000,4050.185,20.834571428571248,3,3,4060.085,4029.350428571429,4133.523285714285,4029.350428571429,2.3894358144853016,-1.0,STOP
swing,HIGH_RECLAIM,2026,1782306600000,1782307200000,1782307800000,1782308100000,1782478800000,3964.305,24.39735714285728,2,4,3986.415,3939.9076428571425,4061.8944285714288,4061.8944285714288,1.6229567364917619,1.6229567364917619,TARGET
swing,HIGH_RECLAIM,2026,1782709200000,1782709200000,1782709800000,1782710100000,1782726900000,4047.095,18.807857142857106,2,2,4055.725,4028.2871428571425,4122.326428571429,4028.2871428571425,2.427355322416869,-1.0,STOP
swing,HIGH_RECLAIM,2026,1782726300000,1782726900000,1782727800000,1782728100000,1782742500000,4024.168,19.746928571428498,3,5,4038.215,4004.421071428572,4103.155714285715,4004.421071428572,1.9216680933811214,-1.0,STOP
swing,HIGH_RECLAIM,2026,1782741600000,1782742500000,1782742800000,1782743100000,1782780900000,3999.918,18.02599999999997,1,4,4020.335,3981.8920000000003,4072.022,3981.8920000000003,1.3445100538459596,-1.0,STOP
swing,HIGH_RECLAIM,2026,1782852900000,1782852900000,1782856800000,1782857100000,1782867900000,4006.125,16.31121428571435,1,1,4013.875,3989.8137857142856,4071.369857142857,3989.8137857142856,2.389524338220659,-1.0,STOP
swing,HIGH_RECLAIM,2026,1782869700000,1782871500000,1782871800000,1782872100000,1782912000000,3969.935,17.020000000000078,1,7,3976.275,3952.915,4038.0150000000003,4038.0150000000003,2.6429794520547905,2.6429794520547905,TARGET
swing,HIGH_RECLAIM,2026,1783314000000,1783315200000,1783315500000,1783315800000,1783341600000,4150.305,16.548571428571318,1,5,4152.495,4133.756428571429,4216.499285714285,4133.756428571429,3.415643820995701,-1.0,STOP
swing,HIGH_RECLAIM,2026,1783341600000,1783341600000,1783342800000,1783343100000,1783451100000,4131.285,17.75571428571428,4,4,4144.375,4113.529285714286,4202.307857142857,4113.529285714286,1.8781493145609462,-1.0,STOP
swing,HIGH_RECLAIM,2026,1783450800000,1783451700000,1783452600000,1783452900000,1783499700000,4091.845,15.989285714285675,3,6,4112.515,4075.855714285714,4155.802142857143,4075.855714285714,1.1807961342867401,-1.0,STOP
swing,HIGH_RECLAIM,2026,1783498500000,1783501500000,1783502100000,1783502400000,1783523700000,4049.935,21.005714285714312,2,12,4058.795,4028.9292857142855,4133.957857142857,4028.9292857142855,2.5166937721228146,-1.0,STOP
swing,HIGH_RECLAIM,2026,1783523400000,1783524600000,1783525200000,1783525500000,1783585200000,4021.525,23.212142857142812,2,6,4032.605,3998.3128571428574,4114.373571428571,4114.373571428571,2.3844695786206875,2.3844695786206875,TARGET
swing,HIGH_RECLAIM,2026,1783662300000,1783662300000,1783662900000,1783663200000,1783673100000,4107.955,12.154285714285704,2,2,4116.555,4095.800714285714,4156.572142857142,4095.800714285714,1.9281387665197405,-1.0,STOP
swing,HIGH_RECLAIM,2026,1783689900000,1783689900000,1783690800000,1783691100000,1783693800000,4085.345,12.486428571428664,3,3,4098.275,4072.858571428571,4135.290714285715,4072.858571428571,1.4563696147036773,-1.0,STOP
swing,HIGH_RECLAIM,2026,1783920600000,1783920600000,1783920900000,1783921200000,1783951500000,4052.015,19.36928571428562,1,1,4062.675,4032.6457142857143,4129.492142857142,4032.6457142857143,2.225066006993144,-1.0,STOP
swing,HIGH_RECLAIM,2026,1783950600000,1783953600000,1783954200000,1783954500000,1784032200000,3999.845,18.209285714285702,2,12,4009.175,3981.635714285714,4072.6821428571425,4072.6821428571425,2.3060562832316984,2.3060562832316984,TARGET
swing,HIGH_RECLAIM,2026,1784090400000,1784090400000,1784091000000,1784091300000,1784205600000,4027.825,15.49500000000002,2,2,4032.605,4012.33,4089.805,4012.33,2.8212083847102125,-1.0,STOP
swing,HIGH_RECLAIM,2026,1784204100000,1784207100000,1784207400000,1784207700000,1784547000000,3973.325,14.442857142857195,1,11,3992.195,3958.8821428571428,4031.0964285714285,4031.0964285714285,1.1677601955486787,1.1677601955486787,TARGET
swing,HIGH_RECLAIM,2026,1784790300000,1784793000000,1784793300000,1784793600000,1784806800000,4089.975,13.312928571428724,1,10,4095.195,4076.6620714285714,4143.2267142857145,4076.6620714285714,2.5916958618057926,-1.0,STOP
swing,HIGH_RECLAIM,2026,1784805300000,1784806800000,1784807100000,1784807400000,1784811600000,4072.755,14.532928571428588,1,6,4081.455,4058.2220714285713,4130.886714285714,4058.2220714285713,2.127657481222774,-1.0,STOP
swing,HIGH_RECLAIM,2026,1784808900000,1784812200000,1784812500000,1784812800000,1784861700000,4040.155,15.788571428571458,1,12,4048.735,4024.3664285714285,4103.309285714286,4024.3664285714285,2.239535701723504,-1.0,STOP
swing,HIGH_RECLAIM,2026,1784861100000,1784861700000,1784862600000,1784862900000,1784905800000,4022.755,13.107142857142858,3,5,4031.535,4009.6478571428574,4075.1835714285717,4075.1835714285717,1.9942562495921217,1.9942562495921217,TARGET
swing,HIGH_RECLAIM,2026,1785157800000,1785159000000,1785159300000,1785159600000,1785197100000,4075.375,13.546428571428676,1,5,4084.925,4061.828571428571,4129.560714285714,4061.828571428571,1.93258079480435,-1.0,STOP
swing,HIGH_RECLAIM,2026,1785197100000,1785197100000,1785197400000,1785197700000,1785201600000,4061.475,11.970714285714394,1,1,4066.785,4049.5042857142853,4109.357857142857,4049.5042857142853,2.463605175050596,-1.0,STOP
swing,HIGH_RECLAIM,2026,1785204000000,1785204000000,1785204300000,1785204600000,1785231300000,4042.165,12.574285714285809,1,1,4046.205,4029.590714285714,4092.462142857143,4029.590714285714,2.7841788478073894,-1.0,STOP
swing,HIGH_RECLAIM,2026,1785231300000,1785234300000,1785234600000,1785234900000,1785333300000,4016.695,12.111428571428535,1,11,4022.575,4004.5835714285718,4065.1407142857142,4004.5835714285718,2.3658885183421425,-1.0,STOP
swing,HIGH_RECLAIM,2026,1785333000000,1785334200000,1785334500000,1785334800000,1785345000000,3995.655,12.937857142857151,1,5,4007.495,3982.7171428571432,4047.406428571429,4047.406428571429,1.6107699847214327,1.6107699847214327,TARGET
swing,HIGH_RECLAIM,2026,1785489600000,1785490500000,1785490800000,1785491100000,1785502800000,4050.125,13.084214285714356,1,4,4052.935,4037.0407857142854,4102.461857142857,4037.0407857142854,3.116030541212183,-1.0,STOP
swing,HIGH_RECLAIM,2026,1785500400000,1785503400000,1785504000000,1785504300000,1785506700000,4034.565,12.716357142857143,2,12,4045.165,4021.8486428571427,4085.430428571429,4021.8486428571427,1.726917645184718,-1.0,STOP
swing,HIGH_RECLAIM,2026,1785506700000,1785506700000,1785507000000,1785507300000,1785708000000,4020.545,13.806357142857093,1,1,4031.805,4006.738642857143,4075.7704285714285,4081.935,1.7539616275657208,1.9998917159881693,TARGET_GAP
swing,HIGH_RECLAIM,2026,1785756000000,1785756000000,1785756300000,1785756600000,1785763800000,4045.285,15.6935714285714,1,1,4048.165,4029.5914285714284,4108.059285714286,4029.5914285714284,3.2247048417490043,-1.0,STOP
swing,HIGH_RECLAIM,2026,1785762000000,1785764100000,1785764400000,1785764700000,1785843900000,4018.915,14.528571428571436,1,8,4031.875,4004.3864285714285,4077.029285714286,4077.029285714286,1.6426566884939193,1.6426566884939193,TARGET
swing,HIGH_RECLAIM,2026,1786021500000,1786021800000,1786022100000,1786022400000,1786091700000,4230.085,21.41999999999994,1,2,4244.175,4208.665,4315.764999999999,4315.764999999999,2.0160518163897154,2.0160518163897154,TARGET
swing,HIGH_RECLAIM,2026,1786434900000,1786434900000,1786435200000,1786435500000,1786538400000,4356.325,19.993000000000002,1,1,4362.775,4336.331999999999,4436.297,4436.297,2.7803955678251087,2.7803955678251087,TARGET
swing,HIGH_RECLAIM,2026,1786593600000,1786594200000,1786594800000,1786595100000,1786602600000,4391.375,19.957857142857197,2,4,4397.245,4371.417142857143,4471.206428571429,4371.417142857143,2.8636300782654307,-1.0,STOP
swing,HIGH_RECLAIM,2026,1786599600000,1786602900000,1786603200000,1786603500000,1786648200000,4368.695,18.47785714285718,1,12,4374.055,4350.217142857143,4442.606428571428,4350.217142857143,2.8757378719323334,-1.0,STOP
swing,HIGH_RECLAIM,2026,1786648200000,1786648500000,1786649100000,1786649400000,1786669800000,4343.365,19.225714285714407,2,3,4351.095,4324.1392857142855,4420.267857142858,4324.1392857142855,2.5661667284964462,-1.0,STOP
swing,HIGH_RECLAIM,2026,1786671000000,1786673400000,1786674600000,1786674900000,1786714500000,4310.375,20.37071428571432,4,12,4320.415,4290.004285714285,4391.857857142857,4391.857857142857,2.3492660011743656,2.3492660011743656,TARGET
swing,HIGH_RECLAIM,2026,1787025300000,1787025900000,1787026800000,1787027100000,1787064600000,4389.555,17.11500000000004,3,5,4392.445,4372.4400000000005,4458.015,4372.4400000000005,3.2776805798551982,-1.0,STOP
swing,HIGH_RECLAIM,2026,1787064600000,1787066400000,1787067000000,1787067300000,1787084400000,4351.415,16.06499999999986,2,8,4359.685,4335.35,4415.674999999999,4335.35,2.300801314978376,-1.0,STOP
swing,HIGH_RECLAIM,2026,1787085900000,1787085900000,1787086200000,1787086500000,1787142900000,4329.295,15.818571428571497,1,1,4334.235,4313.476428571428,4392.569285714286,4392.569285714286,2.8101300667538487,2.8101300667538487,TARGET
swing,HIGH_RECLAIM,2026,1787226000000,1787227500000,1787227800000,1787228100000,1787237700000,4450.365,15.137142857142797,1,6,4462.325,4435.227857142857,4510.913571428571,4510.913571428571,1.7931252636018524,1.7931252636018524,TARGET
swing,HIGH_RECLAIM,2026,1787594700000,1787594700000,1787595900000,1787596200000,1787750100000,4624.875,21.375714285714366,4,4,4639.985,4603.499285714286,4710.3778571428575,4603.499285714286,1.9293265465936336,-1.0,STOP
swing,HIGH_RECLAIM,2026,1787747400000,1787750100000,1787751000000,1787751300000,1787823300000,4597.865,15.800714285714289,3,12,4615.565,4582.064285714286,4661.067857142857,4582.064285714286,1.35826528219017,-1.0,STOP
swing,HIGH_RECLAIM,2026,1787823300000,1787824800000,1787825400000,1787825700000,1787925900000,4568.885,18.254285714285547,2,7,4581.425,4550.630714285715,4641.902142857142,4550.630714285715,1.9639079606606098,-1.0,STOP
swing,HIGH_RECLAIM,2026,1787925900000,1787927100000,1787927400000,1787927700000,1787933100000,4529.465,17.382857142857183,1,5,4569.525,4512.082142857143,4598.996428571429,4512.082142857143,0.5130564536185108,-1.0,STOP
swing,HIGH_RECLAIM,2026,1787931300000,1787934000000,1787934900000,1787935200000,1788127200000,4463.635,25.68285714285717,3,12,4484.705,4437.952142857143,4566.3664285714285,4431.405,1.746661777737059,-1.1400372780884467,STOP_GAP
swing,HIGH_RECLAIM,2026,1788127200000,1788127200000,1788127500000,1788127800000,1788144000000,4431.405,29.69285714285713,1,1,4455.545,4401.712142857143,4550.176428571428,4401.712142857143,1.7578749038027557,-1.0,STOP
swing,HIGH_RECLAIM,2026,1788141600000,1788144300000,1788144600000,1788144900000,1788265800000,4396.145,34.09571428571423,1,10,4416.315,4362.049285714286,4532.527857142857,4362.049285714286,2.1415521507924415,-1.0,STOP
swing,HIGH_RECLAIM,2026,1788265800000,1788266100000,1788266400000,1788266700000,1788267900000,4351.705,18.773571428571554,1,2,4364.665,4332.931428571428,4426.799285714286,4332.931428571428,1.9579985144169014,-1.0,STOP
swing,HIGH_RECLAIM,2026,1788267600000,1788268200000,1788268800000,1788269100000,1788310800000,4325.975,19.757142857143013,2,4,4335.605,4306.217857142858,4405.003571428572,4306.217857142858,2.361528365174391,-1.0,STOP
swing,HIGH_RECLAIM,2026,1788310200000,1788311100000,1788311400000,1788311700000,1788319800000,4304.365,18.727142857142944,1,4,4316.985,4285.637857142857,4379.273571428572,4285.637857142857,1.9870573759285621,-1.0,STOP
swing,HIGH_RECLAIM,2026,1788319800000,1788320100000,1788320700000,1788321000000,1788355800000,4282.035,20.844285714285757,2,3,4298.815,4261.190714285714,4365.4121428571425,4365.4121428571425,1.7700573337889924,1.7700573337889924,TARGET
swing,HIGH_RECLAIM,2026,1788499800000,1788499800000,1788500100000,1788500400000,1788525000000,4466.305,13.531428571428544,1,1,4476.375,4452.773571428572,4520.430714285714,4452.773571428572,1.8666545608619602,-1.0,STOP
swing,HIGH_RECLAIM,2026,1788525000000,1788526800000,1788527700000,1788528000000,1788534900000,4365.305,19.96142857142851,3,9,4398.535,4345.3435714285715,4445.1507142857145,4445.1507142857145,0.8763764301445015,0.8763764301445015,TARGET
swing,HIGH_RECLAIM,2026,1788760800000,1788760800000,1788761700000,1788762000000,1788893100000,4384.935,16.866428571428578,3,3,4394.885,4368.068571428572,4452.4007142857145,4368.068571428572,2.144793969581564,-1.0,STOP
swing,HIGH_RECLAIM,2026,1788897300000,1788897900000,1788898200000,1788898500000,1788960600000,4355.665,18.953571428571454,1,3,4360.165,4336.711428571429,4431.479285714286,4431.479285714286,3.040657834627713,3.040657834627713,TARGET
swing,HIGH_RECLAIM,2026,1789033200000,1789033200000,1789033500000,1789033800000,1789041600000,4388.175,15.542142857142933,1,1,4394.718,4372.632857142858,4450.3435714285715,4372.632857142858,2.5186874175270515,-1.0,STOP
swing,HIGH_RECLAIM,2026,1789041300000,1789043700000,1789044300000,1789044600000,1789096800000,4323.915,16.338071428571443,2,10,4349.555,4307.576928571429,4389.267285714286,4307.576928571429,0.9460245400234456,-1.0,STOP
swing,HIGH_RECLAIM,2026,1789096800000,1789098600000,1789099200000,1789099500000,1789131300000,4300.495,21.415999999999972,2,8,4308.765,4279.079,4386.159,4386.159,2.6070875160007327,2.6070875160007327,TARGET
swing,HIGH_RECLAIM,2026,1789368900000,1789369200000,1789369800000,1789370100000,1789377300000,4317.385,16.146071428571304,2,3,4323.915,4301.238928571429,4381.969285714285,4301.238928571429,2.560156237695526,-1.0,STOP
swing,HIGH_RECLAIM,2026,1789377300000,1789380000000,1789380300000,1789380600000,1789391100000,4278.105,17.22157142857142,1,10,4285.885,4260.883428571428,4346.991285714285,4260.883428571428,2.444097799566818,-1.0,STOP
swing,HIGH_RECLAIM,2026,1789389300000,1789391100000,1789391700000,1789392000000,1789527600000,4253.438,18.651142857142855,2,8,4272.845,4234.786857142857,4328.042571428571,4328.042571428571,1.4503485268780223,1.4503485268780223,TARGET
swing,HIGH_RECLAIM,2026,1789581600000,1789582500000,1789583100000,1789583400000,1789583400000,4305.765,15.63071428571428,2,5,4321.515,4290.134285714286,4368.287857142857,4290.134285714286,1.490496892996161,-1.0,STOP
swing,HIGH_RECLAIM,2026,1789583400000,1789583700000,1789584000000,1789584300000,1789585800000,4260.935,15.63071428571428,1,2,4300.875,4245.304285714286,4323.457857142857,4245.304285714286,0.40638054473708823,-1.0,STOP
swing,HIGH_RECLAIM,2026,1789585500000,1789585800000,1789586700000,1789587000000,1789629300000,4234.665,22.897857142857124,3,4,4253.585,4211.767142857143,4326.256428571429,4326.256428571429,1.7378085233581095,1.7378085233581095,TARGET
swing,HIGH_RECLAIM,2026,1789701300000,1789701900000,1789702200000,1789702500000,1790055300000,4334.105,17.02142857142852,1,3,4350.095,4317.083571428571,4402.1907142857135,4317.083571428571,1.5781114765448703,-1.0,STOP
swing,HIGH_RECLAIM,2026,1790054400000,1790055300000,1790055900000,1790056200000,1790063700000,4315.885,15.204071428571362,2,5,4329.905,4300.680928571429,4376.701285714285,4300.680928571429,1.6012924766032228,-1.0,STOP
swing,HIGH_RECLAIM,2026,1790062200000,1790064000000,1790064300000,1790064600000,1790105400000,4298.935,15.854071428571388,1,7,4310.875,4283.0809285714295,4362.351285714286,4362.351285714286,1.8520599202811148,1.8520599202811148,TARGET
swing,HIGH_RECLAIM,2026,1790152200000,1790153100000,1790154300000,1790154600000,1790163000000,4315.275,13.027142857142735,4,7,4319.025,4302.247857142856,4367.383571428571,4302.247857142856,2.8824080381470525,-1.0,STOP
swing,HIGH_RECLAIM,2026,1790162400000,1790163300000,1790163600000,1790163900000,1790171100000,4294.465,11.358571428571329,1,4,4304.835,4283.106428571429,4339.899285714286,4283.106428571429,1.6137409598948493,-1.0,STOP
swing,HIGH_RECLAIM,2026,1790170800000,1790171100000,1790172000000,1790172300000,1790237700000,4280.605,12.61428571428561,3,4,4289.955,4267.990714285714,4331.062142857142,4267.990714285714,1.8715447154470806,-1.0,STOP
swing,HIGH_RECLAIM,2026,1790237700000,1790238300000,1790238600000,1790238900000,1790245200000,4261.995,14.403571428571272,1,3,4267.125,4247.591428571429,4319.609285714285,4247.591428571429,2.686876074158041,-1.0,STOP
swing,HIGH_RECLAIM,2026,1790244300000,1790245800000,1790246100000,1790246400000,1790331000000,4243.925,15.22571428571421,1,6,4260.425,4228.699285714286,4304.827857142857,4304.827857142857,1.3995857348703162,1.3995857348703162,TARGET
swing,HIGH_RECLAIM,2026,1790345100000,1790345100000,1790345400000,1790345700000,1790555400000,4254.405,16.46071428571427,1,1,4267.255,4237.944285714286,4320.247857142856,4237.944285714286,1.8079688071158475,-1.0,STOP
swing,HIGH_RECLAIM,2026,1790557500000,1790559900000,1790560500000,1790560800000,1790572800000,4205.295,18.507714285714233,2,10,4215.905,4186.787285714286,4279.325857142857,4186.787285714286,2.1780850145223463,-1.0,STOP
swing,HIGH_RECLAIM,2026,1790571900000,1790572800000,1790573100000,1790573400000,1790578500000,4185.095,19.40557142857142,1,4,4189.995,4165.689428571429,4262.717285714286,4165.689428571429,2.992000658285344,-1.0,STOP
swing,HIGH_RECLAIM,2026,1790586000000,1790586600000,1790587200000,1790587500000,1790606400000,4140.475,17.659285714285748,2,4,4147.525,4122.815714285714,4211.112142857143,4122.815714285714,2.573410805654405,-1.0,STOP
swing,HIGH_RECLAIM,2026,1790605800000,1790607300000,1790607600000,1790607900000,1790751000000,4110.585,19.597142857142963,1,6,4122.445,4090.987857142857,4188.973571428572,4188.973571428572,2.114895549500489,2.114895549500489,TARGET
