type,idx,t,price,atr,confirm_idx,confirm_t,confirm_delay_bars,scale_atr
LOW,15,1519916400000,1302.758,2.827357142857165,19,1519930800000,4,4.0
HIGH,53,1520233200000,1327.752,2.2096428571428857,63,1520269200000,10,4.0
LOW,65,1520276400000,1317.508,2.220499999999999,80,1520334000000,15,4.0
HIGH,91,1520377200000,1340.468,3.136714285714301,107,1520434800000,16,4.0
LOW,151,1520600400000,1312.829,2.089142857142877,153,1520607600000,2,4.0
HIGH,197,1520942400000,1326.931,2.645642857142824,197,1520942400000,0,4.0
LOW,197,1520942400000,1313.938,2.645642857142824,198,1520946000000,1,4.0
HIGH,213,1521003600000,1329.989,1.9924999999999986,222,1521036000000,9,4.0
LOW,283,1521439200000,1307.739,1.5367857142857215,290,1521464400000,7,4.0
HIGH,293,1521475200000,1319.592,2.536285714285733,313,1521550800000,20,4.0
LOW,314,1521554400000,1307.171,1.9370000000000118,329,1521612000000,15,4.0
HIGH,421,1522130400000,1356.788,2.050428571428597,424,1522141200000,3,4.0
LOW,475,1522335600000,1321.178,2.236071428571433,484,1522634400000,9,4.0
HIGH,500,1522692000000,1344.792,2.605928571428535,518,1522760400000,18,4.0
LOW,519,1522764000000,1329.0,2.762071428571403,536,1522828800000,17,4.0
HIGH,540,1522843200000,1348.218,2.810785714285722,542,1522850400000,2,4.0
LOW,581,1522998000000,1319.651,2.3685714285714505,586,1523016000000,5,4.0
HIGH,658,1523458800000,1365.172,3.455928571428558,661,1523469600000,3,4.0
LOW,700,1523617200000,1333.178,2.335142857142825,702,1523624400000,2,4.0
HIGH,725,1523887200000,1350.439,2.6225000000000103,746,1523966400000,21,4.0
LOW,746,1523966400000,1337.648,2.8593571428571067,767,1524045600000,21,4.0
HIGH,770,1524056400000,1355.652,2.9743571428571647,795,1524150000000,25,4.0
LOW,848,1524531600000,1322.0,2.401999999999995,863,1524585600000,15,4.0
HIGH,865,1524592800000,1332.631,2.78742857142858,880,1524654000000,15,4.0
LOW,946,1525093200000,1310.168,2.2684285714285255,950,1525107600000,4,4.0
HIGH,950,1525107600000,1320.438,2.866071428571396,964,1525161600000,14,4.0
LOW,970,1525183200000,1301.678,2.162499999999974,982,1525230000000,12,4.0
HIGH,1048,1525654800000,1318.889,2.5713571428571607,1079,1525770000000,31,4.0
LOW,1084,1525788000000,1306.028,2.4895714285714154,1088,1525802400000,4,4.0
HIGH,1088,1525802400000,1317.762,3.1187142857143044,1100,1525849200000,12,4.0
LOW,1100,1525849200000,1304.201,2.504428571428548,1105,1525867200000,5,4.0
HIGH,1151,1526040000000,1325.901,1.7384285714286176,1157,1526061600000,6,4.0
LOW,1194,1526385600000,1296.779,2.1505714285714412,1194,1526385600000,0,4.0
HIGH,1194,1526385600000,1306.999,2.1505714285714412,1195,1526389200000,1,4.0
LOW,1238,1526551200000,1285.081,2.197928571428552,1269,1526666400000,31,4.0
HIGH,1269,1526666400000,1294.151,2.321857142857133,1279,1526882400000,10,4.0
LOW,1280,1526886000000,1282.029,1.898785714285704,1286,1526907600000,6,4.0
HIGH,1327,1527066000000,1298.442,2.138714285714335,1331,1527080400000,4,4.0
LOW,1331,1527080400000,1287.879,2.6359285714286216,1353,1527163200000,22,4.0
HIGH,1376,1527253200000,1307.758,2.1284285714286204,1383,1527458400000,7,4.0
LOW,1391,1527487200000,1295.448,1.9172857142856887,1412,1527580800000,21,4.0
HIGH,1412,1527580800000,1306.608,2.254857142857158,1416,1527595200000,4,4.0
LOW,1417,1527598800000,1292.738,3.2598571428571534,1455,1527746400000,38,4.0
HIGH,1456,1527750000000,1306.418,1.633571428571372,1461,1527768000000,5,4.0
LOW,1484,1527854400000,1289.252,2.136142857142837,1487,1527865200000,3,4.0
HIGH,1575,1528372800000,1303.099,1.5743571428571386,1576,1528376400000,1,4.0
LOW,1591,1528434000000,1293.252,1.4112142857143226,1593,1528441200000,2,4.0
HIGH,1609,1528678800000,1301.238,1.6262857142857325,1618,1528711200000,9,4.0
LOW,1618,1528711200000,1294.059,1.4532857142857145,1621,1528722000000,3,4.0
HIGH,1623,1528729200000,1302.209,1.8316428571428756,1642,1528804800000,19,4.0
LOW,1661,1528876800000,1291.409,1.172142857142863,1665,1528891200000,4,4.0
HIGH,1688,1528977600000,1309.271,1.9572857142856688,1698,1529020800000,10,4.0
LOW,1799,1529582400000,1261.352,2.2269999999999754,1816,1529647200000,17,4.0
HIGH,1832,1529884800000,1272.551,1.6502857142857172,1837,1529902800000,5,4.0
LOW,1918,1530208800000,1245.918,2.3390000000000066,1938,1530288000000,20,4.0
HIGH,1938,1530288000000,1255.569,1.9659285714285488,1951,1530514800000,13,4.0
LOW,1968,1530583200000,1237.949,2.4475714285714667,1977,1530615600000,9,4.0
HIGH,1995,1530684000000,1261.051,2.3492857142857537,2017,1530781200000,22,4.0
LOW,2018,1530784800000,1251.279,1.7500714285714756,2023,1530802800000,5,4.0
HIGH,2063,1531134000000,1265.868,1.6614999999999813,2068,1531152000000,5,4.0
LOW,2086,1531220400000,1247.299,2.0677857142856704,2088,1531227600000,2,4.0
HIGH,2096,1531263600000,1256.849,2.6215000000000015,2112,1531321200000,16,4.0
LOW,2218,1531900800000,1221.058,1.6597142857142768,2227,1531933200000,9,4.0
HIGH,2233,1531958400000,1228.479,1.6180000000000032,2240,1531983600000,7,4.0
LOW,2245,1532001600000,1211.509,2.531642857142856,2250,1532019600000,5,4.0
HIGH,2278,1532304000000,1235.082,2.79171428571429,2293,1532358000000,15,4.0
LOW,2305,1532404800000,1218.101,2.1053571428571525,2311,1532426400000,6,4.0
HIGH,2348,1532566800000,1235.131,2.26964285714288,2361,1532613600000,13,4.0
LOW,2379,1532685600000,1217.538,1.9397142857142822,2383,1532700000000,4,4.0
HIGH,2384,1532703600000,1227.312,2.4252857142856947,2423,1533031200000,39,4.0
LOW,2426,1533042000000,1213.938,2.686642857142845,2429,1533052800000,3,4.0
HIGH,2429,1533052800000,1228.519,3.0923571428571353,2455,1533150000000,26,4.0
LOW,2488,1533283200000,1204.5,2.003142857142848,2491,1533294000000,3,4.0
HIGH,2494,1533304800000,1219.978,2.6012857142856904,2512,1533549600000,18,4.0
LOW,2522,1533592800000,1207.068,1.794928571428581,2533,1533632400000,11,4.0
HIGH,2534,1533636000000,1216.109,1.8167857142856942,2542,1533664800000,8,4.0
LOW,2558,1533729600000,1206.431,2.0845714285714103,2570,1533776400000,12,4.0
HIGH,2581,1533816000000,1217.239,1.999142857142861,2596,1533877200000,15,4.0
LOW,2597,1533880800000,1205.668,1.704785714285728,2602,1533898800000,5,4.0
HIGH,2605,1533909600000,1217.072,2.55585714285717,2619,1534143600000,14,4.0
LOW,2681,1534377600000,1160.168,3.987928571428532,2686,1534395600000,5,4.0
HIGH,2753,1534831200000,1196.319,2.022714285714301,2762,1534863600000,9,4.0
LOW,2762,1534863600000,1187.638,2.003357142857161,2767,1534881600000,5,4.0
HIGH,2782,1534939200000,1201.558,2.0000714285714594,2793,1534982400000,11,4.0
LOW,2816,1535068800000,1183.118,2.3733571428571003,2827,1535108400000,11,4.0
HIGH,2870,1535450400000,1214.239,1.6727142857142618,2874,1535464800000,4,4.0
LOW,2918,1535634000000,1196.258,2.8002857142856947,2934,1535698800000,16,4.0
HIGH,2935,1535702400000,1208.819,2.0392857142856946,2940,1535720400000,5,4.0
LOW,2982,1536069600000,1189.569,2.5803571428571592,3022,1536220800000,40,4.0
HIGH,3027,1536238800000,1206.941,2.5056428571428535,3029,1536246000000,2,4.0
LOW,3094,1536670800000,1187.698,2.0070714285714564,3096,1536678000000,2,4.0
HIGH,3138,1536843600000,1212.609,2.0857142857142725,3139,1536847200000,1,4.0
LOW,3168,1537142400000,1192.758,2.5693571428571595,3182,1537192800000,14,4.0
HIGH,3182,1537192800000,1204.779,1.8742142857143205,3192,1537232400000,10,4.0
LOW,3198,1537254000000,1195.838,1.9006428571428355,3204,1537275600000,6,4.0
HIGH,3267,1537513200000,1211.012,1.4554285714285697,3270,1537524000000,3,4.0
LOW,3272,1537531200000,1195.489,2.2852857142857244,3272,1537531200000,0,4.0
HIGH,3272,1537531200000,1205.189,2.2852857142857244,3273,1537534800000,1,4.0
LOW,3273,1537534800000,1191.789,2.6290000000000027,3295,1537794000000,22,4.0
HIGH,3296,1537797600000,1204.138,2.160285714285741,3338,1537963200000,42,4.0
LOW,3376,1538118000000,1180.718,1.5924285714285946,3382,1538139600000,6,4.0
HIGH,3439,1538532000000,1208.278,2.918785714285702,3462,1538618400000,23,4.0
LOW,3464,1538625600000,1195.968,1.9127857142857303,3472,1538654400000,8,4.0
HIGH,3474,1538661600000,1206.702,2.3732142857142953,3478,1538676000000,4,4.0
LOW,3516,1539000000000,1184.2,2.4477142857143366,3516,1539000000000,0,4.0
HIGH,3516,1539000000000,1194.298,2.4477142857143366,3519,1539010800000,3,4.0
LOW,3519,1539010800000,1182.542,2.60621428571434,3568,1539198000000,49,4.0
HIGH,3626,1539594000000,1233.238,2.248500000000019,3630,1539608400000,4,4.0
LOW,3667,1539752400000,1220.549,1.689928571428579,3670,1539763200000,3,4.0
HIGH,3676,1539784800000,1229.451,2.456785714285713,3691,1539842400000,15,4.0
LOW,3691,1539842400000,1218.638,1.831714285714286,3697,1539864000000,6,4.0
HIGH,3720,1539950400000,1230.752,2.0632857142857284,3739,1540198800000,19,4.0
LOW,3744,1540216800000,1220.011,1.921500000000021,3757,1540274400000,13,4.0
HIGH,3763,1540296000000,1239.712,2.3505000000000273,3767,1540310400000,4,4.0
LOW,3785,1540382400000,1225.579,2.1570714285714336,3793,1540418400000,8,4.0
HIGH,3801,1540447200000,1239.171,2.3574285714286134,3809,1540476000000,8,4.0
LOW,3813,1540490400000,1228.079,2.6910714285714255,3831,1540562400000,18,4.0
HIGH,3832,1540566000000,1243.378,3.237357142857133,3845,1540792800000,13,4.0
LOW,3893,1540990800000,1211.8,2.6139285714285734,3908,1541052000000,15,4.0
HIGH,3919,1541091600000,1237.328,3.280714285714274,3982,1541527200000,63,4.0
LOW,3987,1541552400000,1222.945,3.0225000000000364,3997,1541588400000,10,4.0
HIGH,3997,1541588400000,1236.418,3.051071428571455,4009,1541642400000,12,4.0
LOW,4081,1542103200000,1196.195,1.9600000000000202,4086,1542121200000,5,4.0
HIGH,4189,1542718800000,1228.698,1.9532857142857145,4191,1542726000000,2,4.0
LOW,4197,1542758400000,1219.695,2.468285714285701,4210,1542812400000,13,4.0
HIGH,4210,1542812400000,1230.078,2.230071428571461,4244,1542970800000,34,4.0
LOW,4246,1542978000000,1220.258,1.8890000000000424,4260,1543219200000,14,4.0
HIGH,4260,1543219200000,1227.958,1.649428571428611,4274,1543280400000,14,4.0
LOW,4308,1543413600000,1211.128,1.6790000000000223,4311,1543424400000,3,4.0
HIGH,4330,1543507200000,1228.918,2.266285714285719,4348,1543586400000,18,4.0
LOW,4348,1543586400000,1216.605,1.5287857142856995,4351,1543597200000,3,4.0
HIGH,4462,1544396400000,1250.828,2.441071428571409,4500,1544554800000,38,4.0
LOW,4557,1544796000000,1232.858,1.566857142857186,4559,1544803200000,2,4.0
HIGH,4613,1545228000000,1256.948,2.0930000000000097,4613,1545228000000,0,4.0
LOW,4613,1545228000000,1248.035,2.0930000000000097,4614,1545231600000,1,4.0
HIGH,4614,1545231600000,1257.955,2.296571428571432,4618,1545246000000,4,4.0
LOW,4620,1545253200000,1241.605,3.3453571428571456,4630,1545296400000,10,4.0
HIGH,4697,1545840000000,1279.018,2.8642142857143136,4699,1545847200000,2,4.0
LOW,4701,1545854400000,1264.528,3.245999999999981,4720,1545930000000,19,4.0
HIGH,4775,1546419600000,1288.668,2.2804285714285664,4784,1546452000000,9,4.0
LOW,4784,1546452000000,1278.625,2.901928571428552,4794,1546495200000,10,4.0
HIGH,4811,1546563600000,1298.538,2.6575714285714542,4822,1546606800000,11,4.0
LOW,4823,1546610400000,1276.565,3.0243571428571676,4831,1546822800000,8,4.0
HIGH,4843,1546866000000,1294.998,2.1658571428571185,4846,1546876800000,3,4.0
LOW,4863,1546952400000,1279.315,2.010857142857162,4883,1547042400000,20,4.0
HIGH,4893,1547089200000,1297.018,2.7337142857143135,4910,1547150400000,17,4.0
LOW,4911,1547154000000,1286.035,2.1480000000000246,4921,1547193600000,10,4.0
HIGH,4921,1547193600000,1295.088,1.7632857142857088,4927,1547215200000,6,4.0
LOW,5052,1548075600000,1276.718,1.5824285714285387,5063,1548144000000,11,4.0
HIGH,5084,1548234000000,1286.438,1.561571428571418,5088,1548252000000,4,4.0
LOW,5088,1548252000000,1278.605,1.7118571428571354,5090,1548259200000,2,4.0
HIGH,5091,1548262800000,1285.778,1.9765714285714304,5107,1548334800000,16,4.0
LOW,5107,1548334800000,1276.585,1.6304999999999674,5108,1548338400000,1,4.0
HIGH,5194,1548874800000,1323.298,2.5897857142857186,5194,1548874800000,0,4.0
LOW,5194,1548874800000,1309.905,2.5897857142857186,5195,1548878400000,1,4.0
HIGH,5210,1548939600000,1326.248,1.9240000000000106,5220,1548982800000,10,4.0
LOW,5253,1549288800000,1308.535,1.6947142857142938,5273,1549371600000,20,4.0
HIGH,5273,1549371600000,1316.825,1.6623571428571526,5299,1549476000000,26,4.0
LOW,5306,1549512000000,1302.705,1.8953571428571487,5316,1549548000000,10,4.0
HIGH,5341,1549648800000,1315.568,1.6874999999999838,5353,1549875600000,12,4.0
LOW,5358,1549893600000,1303.595,1.9120714285714453,5373,1549951200000,15,4.0
HIGH,5403,1550070000000,1318.078,2.0404999999999682,5407,1550084400000,4,4.0
LOW,5421,1550145600000,1302.288,1.8007142857143208,5422,1550149200000,1,4.0
HIGH,5486,1550628000000,1346.655,2.7010714285714164,5513,1550736000000,27,4.0
LOW,5606,1551286800000,1316.815,2.2401428571428954,5619,1551351600000,13,4.0
HIGH,5619,1551351600000,1327.228,2.18778571428574,5622,1551362400000,3,4.0
LOW,5688,1551798000000,1281.128,2.0841428571428975,5698,1551852000000,10,4.0
HIGH,5699,1551855600000,1290.885,2.3940000000000055,5721,1551945600000,22,4.0
LOW,5721,1551945600000,1280.485,2.0106428571428654,5725,1551960000000,4,4.0
HIGH,5810,1552503600000,1311.168,1.879357142857121,5814,1552536000000,4,4.0
LOW,5823,1552568400000,1292.775,2.5341428571428617,5834,1552633200000,11,4.0
HIGH,5878,1553000400000,1310.835,1.897500000000004,5889,1553065200000,11,4.0
LOW,5897,1553094000000,1298.605,2.500857142857155,5900,1553104800000,3,4.0
HIGH,5908,1553151600000,1320.305,3.355000000000018,5917,1553184000000,9,4.0
LOW,5917,1553184000000,1303.205,2.9089285714285813,5933,1553259600000,16,4.0
HIGH,5955,1553536800000,1324.448,2.2725000000000364,5969,1553590800000,14,4.0
LOW,6027,1553839200000,1286.668,2.2976428571428675,6033,1553860800000,6,4.0
HIGH,6034,1553864400000,1299.745,2.442428571428601,6048,1554098400000,14,4.0
LOW,6049,1554102000000,1288.185,1.8767857142857207,6055,1554123600000,6,4.0
HIGH,6055,1554123600000,1296.955,2.2945000000000197,6060,1554141600000,5,4.0
LOW,6107,1554382800000,1280.848,1.9822857142857109,6109,1554390000000,2,4.0
HIGH,6144,1554724800000,1303.648,1.66814285714286,6147,1554735600000,3,4.0
LOW,6147,1554735600000,1296.265,2.038571428571442,6163,1554811200000,16,4.0
HIGH,6189,1554915600000,1310.518,2.2390000000000163,6205,1554980400000,16,4.0
LOW,6305,1555567200000,1271.105,1.2794285714285902,6308,1555578000000,3,4.0
HIGH,6323,1555902000000,1279.765,2.064785714285693,6349,1556017200000,26,4.0
LOW,6352,1556028000000,1266.198,1.9862142857142706,6372,1556114400000,20,4.0
HIGH,6411,1556280000000,1284.048,2.092142857142871,6411,1556280000000,0,4.0
LOW,6411,1556280000000,1273.725,2.092142857142871,6412,1556283600000,1,4.0
HIGH,6415,1556294400000,1288.608,2.5231428571428784,6430,1556542800000,15,4.0
LOW,6431,1556546400000,1277.988,1.8480000000000214,6447,1556622000000,16,4.0
HIGH,6447,1556622000000,1286.118,1.3578571428571422,6449,1556629200000,2,4.0
LOW,6473,1556733600000,1273.0,3.000785714285712,6473,1556733600000,0,4.0
HIGH,6473,1556733600000,1287.188,3.000785714285712,6474,1556737200000,1,4.0
LOW,6489,1556802000000,1266.195,1.9424999999999955,6506,1556884800000,17,4.0
HIGH,6566,1557316800000,1291.415,1.909428571428553,6568,1557324000000,2,4.0
LOW,6571,1557334800000,1279.275,2.2901428571428175,6608,1557489600000,37,4.0
HIGH,6630,1557748800000,1291.655,1.9246428571429013,6630,1557748800000,0,4.0
LOW,6630,1557748800000,1282.945,1.9246428571429013,6631,1557752400000,1,4.0
HIGH,6638,1557792000000,1303.245,2.8827857142857574,6690,1558008000000,52,4.0
LOW,6755,1558443600000,1269.455,1.6132142857142884,6770,1558522800000,15,4.0
HIGH,6792,1558612800000,1283.688,1.6511428571428561,6792,1558612800000,0,4.0
LOW,6792,1558612800000,1276.818,1.6511428571428561,6793,1558616400000,1,4.0
HIGH,6825,1558918800000,1287.318,1.5398571428571586,6852,1559044800000,27,4.0
LOW,6854,1559052000000,1276.055,2.039214285714333,6865,1559109600000,11,4.0
HIGH,6871,1559131200000,1285.465,1.9288571428571524,6883,1559181600000,12,4.0
LOW,6887,1559199600000,1274.948,1.9084999999999874,6893,1559221200000,6,4.0
HIGH,6979,1559736000000,1344.048,3.3775714285714167,6982,1559746800000,3,4.0
LOW,6982,1559746800000,1326.918,4.318500000000005,7020,1559908800000,38,4.0
HIGH,7022,1559916000000,1348.198,3.0780714285714175,7028,1560117600000,6,4.0
LOW,7061,1560250800000,1319.815,1.982071428571414,7066,1560268800000,5,4.0
HIGH,7079,1560326400000,1338.348,2.133285714285713,7084,1560344400000,5,4.0
LOW,7084,1560344400000,1329.785,2.590857142857106,7107,1560438000000,23,4.0
HIGH,7122,1560495600000,1358.088,2.7558571428571503,7128,1560517200000,6,4.0
LOW,7144,1560762000000,1332.915,3.321642857142852,7162,1560837600000,18,4.0
HIGH,7168,1560859200000,1354.605,2.720857142857166,7169,1560862800000,1,4.0
LOW,7170,1560866400000,1339.258,3.93057142857143,7196,1560967200000,26,4.0
HIGH,7224,1561082400000,1411.805,5.0540000000000065,7228,1561096800000,4,4.0
LOW,7229,1561100400000,1382.5,6.012571428571456,7243,1561327200000,14,4.0
HIGH,7271,1561435200000,1439.138,4.896642857142881,7284,1561482000000,13,4.0
LOW,7323,1561636800000,1398.548,3.6453571428571325,7332,1561680000000,9,4.0
HIGH,7333,1561683600000,1424.568,4.338000000000014,7345,1561726800000,12,4.0
LOW,7361,1561964400000,1381.715,5.703785714285767,7393,1562083200000,32,4.0
HIGH,7400,1562115600000,1437.688,7.1861428571428565,7451,1562328000000,51,4.0
LOW,7491,1562659200000,1385.658,3.317928571428589,7498,1562684400000,7,4.0
HIGH,7518,1562760000000,1411.208,3.695214285714298,7518,1562760000000,0,4.0
LOW,7518,1562760000000,1391.345,3.695214285714298,7519,1562763600000,1,4.0
HIGH,7530,1562806800000,1427.078,5.4095714285713745,7546,1562864400000,16,4.0
LOW,7549,1562875200000,1400.738,4.368571428571419,7572,1563141600000,23,4.0
HIGH,7572,1563141600000,1419.698,3.7799285714285458,7610,1563289200000,38,4.0
LOW,7625,1563354000000,1400.018,2.6994285714285655,7629,1563368400000,4,4.0
HIGH,7660,1563487200000,1452.888,5.776928571428568,7676,1563544800000,16,4.0
LOW,7710,1563858000000,1414.138,2.672357142857176,7717,1563883200000,7,4.0
HIGH,7719,1563890400000,1430.085,3.407642857142897,7724,1563908400000,5,4.0
LOW,7725,1563912000000,1416.008,3.828785714285719,7760,1564052400000,35,4.0
HIGH,7760,1564052400000,1433.698,2.4301428571428523,7761,1564056000000,1,4.0
LOW,7766,1564074000000,1410.968,4.538214285714275,7826,1564484400000,60,4.0
HIGH,7850,1564578000000,1434.258,2.0724999999999585,7853,1564588800000,3,4.0
LOW,7855,1564596000000,1410.385,4.095357142857113,7855,1564596000000,0,4.0
HIGH,7855,1564596000000,1430.875,4.095357142857113,7856,1564599600000,1,4.0
LOW,7873,1564664400000,1400.418,3.5921428571428384,7875,1564671600000,2,4.0
HIGH,7877,1564678800000,1439.448,5.5099285714285475,7877,1564678800000,0,4.0
LOW,7877,1564678800000,1416.905,5.5099285714285475,7878,1564682400000,1,4.0
HIGH,8049,1565690400000,1534.948,4.493785714285666,8051,1565697600000,2,4.0
LOW,8052,1565701200000,1479.715,7.917285714285656,8052,1565701200000,0,4.0
HIGH,8052,1565701200000,1521.825,7.917285714285656,8053,1565704800000,1,4.0
LOW,8053,1565704800000,1485.608,9.140357142857104,8077,1565798400000,24,4.0
HIGH,8106,1565913600000,1527.945,5.796071428571395,8120,1565964000000,14,4.0
LOW,8204,1566471600000,1492.425,2.560357142857161,8206,1566478800000,2,4.0
HIGH,8229,1566568800000,1520.248,3.902500000000032,8229,1566568800000,0,4.0
LOW,8229,1566568800000,1501.848,3.902500000000032,8230,1566572400000,1,4.0
HIGH,8236,1566770400000,1555.048,7.034214285714305,8245,1566802800000,9,4.0
LOW,8343,1567184400000,1517.0,4.686285714285726,8381,1567515600000,38,4.0
HIGH,8408,1567616400000,1556.958,4.142499999999992,8424,1567677600000,16,4.0
LOW,8449,1567771200000,1502.488,5.335928571428569,8450,1567774800000,1,4.0
HIGH,8450,1567774800000,1527.798,6.068999999999993,8458,1567980000000,8,4.0
LOW,8503,1568145600000,1484.418,4.889142857142799,8536,1568275200000,33,4.0
HIGH,8540,1568289600000,1524.118,4.871857142857152,8542,1568296800000,2,4.0
LOW,8567,1568397600000,1485.735,5.860500000000018,8572,1568592000000,5,4.0
HIGH,8572,1568592000000,1512.065,7.014928571428608,8636,1568829600000,64,4.0
LOW,8636,1568829600000,1483.155,4.469000000000002,8652,1568890800000,16,4.0
HIGH,8726,1569340800000,1535.638,3.8610714285713845,8747,1569420000000,21,4.0
LOW,8791,1569589200000,1486.768,3.6577857142857675,8794,1569600000000,3,4.0
HIGH,8795,1569603600000,1503.018,5.139642857142901,8812,1569841200000,17,4.0
LOW,8829,1569916800000,1459.008,5.339499999999995,8835,1569938400000,6,4.0
HIGH,8880,1570111200000,1519.488,4.6764285714285245,8901,1570190400000,21,4.0
LOW,8901,1570190400000,1495.927,3.368214285714235,8905,1570204800000,4,4.0
HIGH,8910,1570399200000,1512.215,5.6777857142857,8929,1570467600000,19,4.0
LOW,8935,1570496400000,1486.845,4.180999999999975,8944,1570528800000,9,4.0
HIGH,8978,1570658400000,1516.948,4.771785714285719,8993,1570712400000,15,4.0
LOW,9015,1570802400000,1473.925,5.471214285714268,9032,1571043600000,17,4.0
HIGH,9054,1571133600000,1498.388,2.6104999999999694,9057,1571144400000,3,4.0
LOW,9077,1571227200000,1476.995,3.632285714285672,9085,1571270400000,8,4.0
HIGH,9100,1571328000000,1497.308,3.7268571428571216,9147,1571684400000,47,4.0
LOW,9149,1571702400000,1480.768,2.9694285714285473,9176,1571814000000,27,4.0
HIGH,9224,1572008400000,1517.948,2.710428571428565,9226,1572015600000,2,4.0
LOW,9266,1572343200000,1484.168,2.2599285714285964,9266,1572343200000,0,4.0
HIGH,9266,1572343200000,1493.988,2.2599285714285964,9269,1572354000000,3,4.0
LOW,9269,1572354000000,1483.398,2.880428571428589,9292,1572444000000,23,4.0
HIGH,9292,1572444000000,1495.668,2.345857142857166,9296,1572458400000,4,4.0
LOW,9296,1572458400000,1481.048,3.4793571428571277,9297,1572462000000,1,4.0
HIGH,9328,1572595200000,1514.708,2.292571428571461,9332,1572609600000,4,4.0
LOW,9332,1572609600000,1503.218,2.397428571428577,9334,1572616800000,2,4.0
HIGH,9334,1572616800000,1515.938,3.092857142857156,9368,1572933600000,34,4.0
LOW,9423,1573138800000,1467.945,3.9258571428571423,9423,1573138800000,0,4.0
HIGH,9423,1573138800000,1484.565,3.9258571428571423,9424,1573142400000,1,4.0
LOW,9442,1573214400000,1456.118,3.004571428571418,9445,1573225200000,3,4.0
HIGH,9446,1573228800000,1468.185,3.8171428571428447,9466,1573484400000,20,4.0
LOW,9487,1573570800000,1445.545,3.4024999999999994,9491,1573585200000,4,4.0
HIGH,9532,1573754400000,1474.535,3.0261428571428723,9544,1573808400000,12,4.0
LOW,9570,1574078400000,1456.285,2.270357142857165,9571,1574082000000,1,4.0
HIGH,9610,1574236800000,1478.728,2.5062857142857444,9617,1574262000000,7,4.0
LOW,9703,1574776800000,1450.0,2.3647142857143018,9704,1574780400000,1,4.0
HIGH,9766,1575046800000,1466.528,2.4040714285714233,9774,1575273600000,8,4.0
LOW,9774,1575273600000,1453.885,2.870428571428566,9797,1575363600000,23,4.0
HIGH,9819,1575446400000,1483.988,1.8044285714285675,9820,1575453600000,1,4.0
LOW,9864,1575637200000,1464.925,2.728785714285761,9864,1575637200000,0,4.0
HIGH,9864,1575637200000,1479.788,2.728785714285761,9865,1575640800000,1,4.0
LOW,9873,1575846000000,1458.548,3.2491428571428935,9932,1576080000000,59,4.0
HIGH,9950,1576155600000,1483.758,1.8952142857142786,9950,1576155600000,0,4.0
LOW,9951,1576159200000,1468.125,3.155214285714286,9951,1576159200000,0,4.0
HIGH,9951,1576159200000,1486.708,3.155214285714286,9952,1576162800000,1,4.0
LOW,9959,1576191600000,1461.648,4.847714285714281,10058,1576778400000,99,4.0
HIGH,10186,1577775600000,1525.235,2.0079999999999734,10193,1577800800000,7,4.0
LOW,10193,1577800800000,1516.515,2.350714285714243,10213,1577970000000,20,4.0
HIGH,10244,1578265200000,1585.625,6.280928571428587,10244,1578265200000,0,4.0
LOW,10270,1578362400000,1555.248,4.801571428571394,10289,1578430800000,19,4.0
HIGH,10290,1578438000000,1598.348,5.319357142857159,10290,1578438000000,0,4.0
LOW,10290,1578438000000,1573.488,5.319357142857159,10291,1578441600000,1,4.0
HIGH,10291,1578441600000,1611.325,6.406714285714299,10293,1578448800000,2,4.0
LOW,10383,1578963600000,1535.828,3.4027142857142962,10403,1579042800000,20,4.0
HIGH,10488,1579572000000,1568.508,2.2064285714285137,10493,1579590000000,5,4.0
LOW,10500,1579615200000,1546.238,4.496928571428498,10546,1579788000000,46,4.0
HIGH,10575,1580079600000,1588.345,5.340714285714284,10620,1580245200000,45,4.0
LOW,10625,1580266800000,1563.335,3.3783571428571286,10641,1580324400000,16,4.0
HIGH,10689,1580684400000,1593.488,4.398071428571435,10697,1580713200000,8,4.0
LOW,10743,1580893200000,1547.425,3.5343571428570777,10766,1580979600000,23,4.0
HIGH,10820,1581354000000,1576.928,2.4892142857142807,10828,1581386400000,8,4.0
LOW,10856,1581494400000,1561.728,2.1402142857142996,10864,1581523200000,8,4.0
HIGH,11034,1582534800000,1689.255,8.150071428571405,11044,1582570800000,10,4.0
LOW,11085,1582725600000,1624.785,6.542214285714246,11096,1582768800000,11,4.0
HIGH,11109,1582815600000,1660.368,5.40807142857141,11111,1582822800000,2,4.0
LOW,11135,1582912800000,1562.848,14.583785714285748,11178,1583247600000,43,4.0
HIGH,11242,1583488800000,1689.878,6.70707142857142,11247,1583506800000,5,4.0
LOW,11247,1583506800000,1642.128,11.313785714285716,11252,1583524800000,5,4.0
HIGH,11254,1583708400000,1703.318,15.691785714285695,11318,1583946000000,64,4.0
LOW,11383,1584363600000,1451.148,20.20057142857146,11407,1584453600000,24,4.0
HIGH,11408,1584457200000,1553.808,15.301714285714281,11424,1584518400000,16,4.0
LOW,11460,1584655200000,1454.898,12.33242857142857,11468,1584684000000,8,4.0
HIGH,11562,1585242000000,1645.052,9.868285714285662,11621,1585641600000,59,4.0
LOW,11634,1585692000000,1567.468,9.613142857142861,11671,1585828800000,37,4.0
HIGH,11727,1586214000000,1674.828,8.493071428571445,11749,1586304000000,22,4.0
LOW,11749,1586304000000,1640.398,10.94757142857145,11784,1586437200000,35,4.0
HIGH,11831,1586872800000,1747.625,8.615000000000009,11846,1586930400000,15,4.0
LOW,11847,1586934000000,1707.518,7.162785714285698,11874,1587034800000,27,4.0
HIGH,11875,1587038400000,1738.648,6.323785714285707,11879,1587052800000,4,4.0
LOW,11909,1587340800000,1671.598,7.525428571428604,11925,1587398400000,16,4.0
HIGH,11925,1587398400000,1702.138,7.634214285714312,11941,1587459600000,16,4.0
LOW,11943,1587466800000,1659.298,7.365928571428575,11946,1587477600000,3,4.0
HIGH,11993,1587654000000,1738.558,6.990642857142835,12015,1587740400000,22,4.0
LOW,12051,1588050000000,1692.258,4.872857142857177,12055,1588064400000,4,4.0
HIGH,12099,1588230000000,1721.598,5.697928571428569,12104,1588248000000,5,4.0
LOW,12121,1588312800000,1670.418,6.75707142857144,12130,1588345200000,9,4.0
HIGH,12148,1588586400000,1713.228,5.293857142857178,12168,1588662000000,20,4.0
LOW,12168,1588662000000,1689.788,4.322357142857137,12169,1588665600000,1,4.0
HIGH,12180,1588705200000,1711.568,6.345428571428605,12197,1588770000000,17,4.0
LOW,12205,1588802400000,1681.308,6.717500000000006,12222,1588863600000,17,4.0
HIGH,12239,1588928400000,1723.148,4.517214285714284,12248,1588960800000,9,4.0
LOW,12268,1589209200000,1691.825,5.372428571428535,12312,1589374800000,44,4.0
HIGH,12378,1589799600000,1765.018,5.993285714285727,12380,1589806800000,2,4.0
LOW,12397,1589871600000,1726.205,4.599357142857149,12404,1589896800000,7,4.0
HIGH,12430,1589997600000,1753.735,5.279928571428546,12443,1590048000000,13,4.0
LOW,12536,1590584400000,1693.598,4.629785714285698,12540,1590598800000,4,4.0
HIGH,12559,1590670800000,1727.428,4.056499999999979,12564,1590688800000,5,4.0
LOW,12564,1590688800000,1710.858,4.9846428571428465,12581,1590753600000,17,4.0
HIGH,12629,1591106400000,1745.008,3.9801428571428557,12630,1591110000000,1,4.0
LOW,12652,1591192800000,1689.245,6.624000000000008,12673,1591272000000,21,4.0
HIGH,12678,1591290000000,1721.863,6.863642857142817,12696,1591358400000,18,4.0
LOW,12698,1591365600000,1670.745,6.9044999999999845,12723,1591632000000,25,4.0
HIGH,12770,1591812000000,1731.025,5.732714285714288,12770,1591812000000,0,4.0
LOW,12770,1591812000000,1707.695,5.732714285714288,12771,1591815600000,1,4.0
HIGH,12790,1591887600000,1744.575,6.173000000000002,12827,1592200800000,37,4.0
LOW,12834,1592226000000,1704.025,5.588428571428608,12839,1592244000000,5,4.0
HIGH,12852,1592294400000,1732.748,4.427714285714306,12876,1592384400000,24,4.0
LOW,12876,1592384400000,1712.548,3.7018571428571607,12881,1592402400000,5,4.0
HIGH,12899,1592470800000,1737.438,4.877857142857157,12904,1592488800000,5,4.0
LOW,12904,1592488800000,1717.435,5.783999999999992,12928,1592578800000,24,4.0
HIGH,12992,1592992800000,1779.388,3.750857142857139,12994,1593000000000,2,4.0
LOW,13041,1593180000000,1747.368,4.1735714285714165,13042,1593183600000,1,4.0
HIGH,13102,1593586800000,1789.008,3.0287857142857484,13106,1593601200000,4,4.0
LOW,13131,1593694800000,1757.438,4.456285714285692,13132,1593698400000,1,4.0
HIGH,13220,1594216800000,1817.848,4.1866428571428616,13244,1594306800000,24,4.0
LOW,13267,1594396800000,1793.935,4.474142857142867,13286,1594645200000,19,4.0
HIGH,13286,1594645200000,1813.198,2.9391428571428344,13292,1594666800000,6,4.0
LOW,13305,1594720800000,1790.418,3.9581428571428563,13309,1594735200000,4,4.0
HIGH,13326,1594800000000,1814.916,2.9668571428571306,13331,1594818000000,5,4.0
LOW,13358,1594926000000,1794.788,3.869071428571455,13376,1594998000000,18,4.0
HIGH,13523,1595898000000,1980.98,9.665642857142887,13525,1595905200000,2,4.0
LOW,13529,1595919600000,1906.645,13.274428571428562,13541,1595962800000,12,4.0
HIGH,13563,1596045600000,1980.798,7.728571428571432,13575,1596092400000,12,4.0
LOW,13583,1596121200000,1939.245,8.685142857142864,13596,1596171600000,13,4.0
HIGH,13598,1596178800000,1984.218,6.041357142857156,13604,1596200400000,6,4.0
LOW,13604,1596200400000,1959.718,6.90171428571432,13612,1596405600000,8,4.0
HIGH,13612,1596405600000,1989.148,6.8833571428571565,13628,1596463200000,16,4.0
LOW,13628,1596463200000,1960.378,5.622857142857177,13651,1596549600000,23,4.0
HIGH,13704,1596751200000,2074.798,9.044714285714203,13720,1596808800000,16,4.0
LOW,13779,1597204800000,1862.318,18.769214285714302,13782,1597215600000,3,4.0
HIGH,13880,1597755600000,2015.498,7.746928571428596,13881,1597759200000,1,4.0
LOW,13948,1598011200000,1911.238,9.926785714285675,13971,1598270400000,23,4.0
HIGH,13971,1598270400000,1961.788,6.379000000000052,13973,1598277600000,2,4.0
LOW,14017,1598443200000,1902.678,6.048642857142811,14018,1598446800000,1,4.0
HIGH,14041,1598533200000,1976.578,9.252857142857156,14041,1598533200000,0,4.0
LOW,14042,1598536800000,1909.778,11.043857142857146,14059,1598601600000,17,4.0
HIGH,14104,1598943600000,1992.298,5.466571428571423,14111,1598968800000,7,4.0
LOW,14221,1599570000000,1906.428,6.658071428571426,14224,1599580800000,3,4.0
HIGH,14268,1599746400000,1966.398,6.003857142857116,14273,1599764400000,5,4.0
LOW,14280,1599793200000,1937.008,7.0245714285714325,14323,1600135200000,43,4.0
HIGH,14332,1600167600000,1972.028,4.21378571428571,14334,1600174800000,2,4.0
LOW,14335,1600178400000,1948.278,5.837571428571437,14357,1600261200000,22,4.0
HIGH,14357,1600261200000,1973.468,4.7704285714285914,14362,1600279200000,5,4.0
LOW,14427,1600696800000,1882.375,8.647357142857118,14435,1600729200000,8,4.0
HIGH,14436,1600732800000,1919.888,9.479785714285706,14465,1600840800000,29,4.0
LOW,14536,1601280000000,1848.455,4.60378571428568,14540,1601294400000,4,4.0
HIGH,14626,1601618400000,1916.975,6.174214285714291,14646,1601866800000,20,4.0
LOW,14650,1601881200000,1886.898,4.239857142857188,14655,1601899200000,5,4.0
HIGH,14678,1601989200000,1921.018,4.3159285714285875,14680,1601996400000,2,4.0
LOW,14689,1602032400000,1872.748,8.194285714285765,14735,1602205200000,46,4.0
HIGH,14756,1602457200000,1933.048,5.488571428571439,14782,1602554400000,26,4.0
LOW,14804,1602637200000,1882.395,6.45257142857143,14815,1602676800000,11,4.0
HIGH,14816,1602680400000,1912.828,5.4887857142856875,14835,1602752400000,19,4.0
LOW,14838,1602763200000,1889.438,5.7669285714285445,14857,1602835200000,19,4.0
HIGH,14861,1602849600000,1913.808,4.120428571428566,14873,1603069200000,12,4.0
LOW,14873,1603069200000,1896.878,4.799285714285686,14884,1603108800000,11,4.0
HIGH,14884,1603108800000,1918.338,3.852642857142866,14886,1603116000000,2,4.0
LOW,14897,1603159200000,1894.618,4.834642857142853,14913,1603216800000,16,4.0
HIGH,14932,1603288800000,1931.298,4.825000000000013,14943,1603332000000,11,4.0
LOW,15069,1603976400000,1859.868,4.982428571428549,15090,1604055600000,21,4.0
HIGH,15147,1604448000000,1916.228,5.915071428571407,15148,1604451600000,1,4.0
LOW,15148,1604451600000,1880.635,7.511928571428565,15159,1604491200000,11,4.0
HIGH,15221,1604898000000,1965.415,4.890571428571401,15227,1604919600000,6,4.0
LOW,15228,1604923200000,1901.045,8.883357142857124,15228,1604923200000,0,4.0
HIGH,15228,1604923200000,1938.878,8.883357142857124,15229,1604926800000,1,4.0
LOW,15457,1606140000000,1840.928,5.362285714285723,15457,1606140000000,0,4.0
HIGH,15457,1606140000000,1868.088,5.362285714285723,15458,1606143600000,1,4.0
LOW,15544,1606482000000,1774.718,5.663785714285723,15544,1606482000000,0,4.0
HIGH,15544,1606482000000,1806.958,5.663785714285723,15545,1606485600000,1,4.0
LOW,15552,1606701600000,1764.245,7.927928571428587,15582,1606816800000,30,4.0
HIGH,15604,1606903200000,1832.338,4.565571428571453,15607,1606914000000,3,4.0
LOW,15607,1606914000000,1812.638,6.131500000000009,15624,1606978800000,17,4.0
HIGH,15654,1607090400000,1848.088,5.434785714285714,15671,1607328000000,17,4.0
LOW,15671,1607328000000,1821.808,4.383142857142859,15676,1607346000000,5,4.0
HIGH,15700,1607436000000,1875.168,5.130785714285756,15719,1607511600000,19,4.0
LOW,15765,1607684400000,1823.843,4.501285714285716,15768,1607695200000,3,4.0
HIGH,15769,1607698800000,1847.648,5.818285714285723,15786,1607940000000,17,4.0
LOW,15786,1607940000000,1818.268,4.072714285714288,15790,1607954400000,4,4.0
HIGH,15833,1608116400000,1865.658,3.802071428571464,15835,1608123600000,2,4.0
LOW,15841,1608145200000,1844.663,6.638500000000006,15852,1608188400000,11,4.0
HIGH,15897,1608530400000,1906.638,4.888357142857168,15900,1608541200000,3,4.0
LOW,15901,1608544800000,1854.955,8.623071428571459,15977,1609117200000,76,4.0
HIGH,15978,1609120800000,1900.098,5.143857142857136,15982,1609135200000,4,4.0
LOW,15987,1609153200000,1869.018,6.2517857142856395,15990,1609164000000,3,4.0
HIGH,16124,1609927200000,1959.225,5.709857142857118,16126,1609934400000,2,4.0
LOW,16168,1610092800000,1876.835,5.798214285714315,16168,1610092800000,0,4.0
HIGH,16168,1610092800000,1904.725,5.798214285714315,16173,1610110800000,5,4.0
LOW,16296,1610924400000,1802.948,8.197500000000039,16302,1610946000000,6,4.0
HIGH,16348,1611133200000,1857.255,3.3663571428571686,16351,1611144000000,3,4.0
LOW,16352,1611147600000,1832.272,5.232071428571446,16353,1611151200000,1,4.0
HIGH,16368,1611208800000,1874.915,3.7902857142856874,16375,1611234000000,7,4.0
LOW,16398,1611320400000,1837.195,5.497571428571438,16407,1611529200000,9,4.0
HIGH,16421,1611579600000,1867.735,4.738285714285699,16424,1611590400000,3,4.0
LOW,16468,1611756000000,1831.227,5.3053571428571,16490,1611838800000,22,4.0
HIGH,16492,1611846000000,1863.915,5.717642857142859,16494,1611853200000,2,4.0
LOW,16495,1611856800000,1834.797,7.4817857142856905,16512,1611921600000,17,4.0
HIGH,16514,1611928800000,1875.522,7.323928571428643,16520,1611950400000,6,4.0
LOW,16607,1612450800000,1784.888,7.601999999999991,16637,1612738800000,30,4.0
HIGH,16670,1612861200000,1848.47,4.096500000000008,16675,1612879200000,5,4.0
LOW,16675,1612879200000,1831.945,5.460428571428565,16697,1612962000000,22,4.0
HIGH,16697,1612962000000,1855.232,4.985142857142835,16700,1612972800000,3,4.0
LOW,16743,1613134800000,1810.395,4.341714285714277,16745,1613142000000,2,4.0
HIGH,16745,1613142000000,1830.615,5.568357142857134,16784,1613476800000,39,4.0
LOW,16786,1613484000000,1789.385,6.0849999999999875,16787,1613487600000,1,4.0
HIGH,16787,1613487600000,1814.035,7.393571428571428,16803,1613548800000,16,4.0
LOW,16842,1613696400000,1760.44,6.103642857142826,16855,1613743200000,13,4.0
HIGH,16890,1614049200000,1815.875,5.382500000000017,16923,1614171600000,33,4.0
LOW,16971,1614355200000,1717.09,9.60535714285712,16984,1614578400000,13,4.0
HIGH,16985,1614582000000,1759.715,5.844857142857173,16990,1614600000000,5,4.0
LOW,17004,1614654000000,1707.066,7.672428571428587,17018,1614704400000,14,4.0
HIGH,17023,1614726000000,1740.446,7.060357142857129,17037,1614776400000,14,4.0
LOW,17083,1614949200000,1687.138,5.5703571428571195,17092,1615158000000,9,4.0
HIGH,17095,1615168800000,1714.168,7.525857142857116,17108,1615215600000,13,4.0
LOW,17110,1615222800000,1676.696,7.209000000000011,17127,1615287600000,17,4.0
HIGH,17171,1615453200000,1739.735,3.9753571428571246,17176,1615471200000,5,4.0
LOW,17194,1615539600000,1699.078,4.240000000000009,17201,1615564800000,7,4.0
HIGH,17281,1616036400000,1755.408,6.115642857142818,17289,1616065200000,8,4.0
LOW,17291,1616072400000,1719.115,6.56492857142853,17321,1616184000000,30,4.0
HIGH,17322,1616364000000,1746.928,5.181642857142866,17361,1616508000000,39,4.0
LOW,17371,1616547600000,1723.624,4.104642857142851,17406,1616677200000,35,4.0
HIGH,17406,1616677200000,1745.388,4.249142857142845,17409,1616688000000,3,4.0
LOW,17427,1616756400000,1721.498,3.46678571428572,17431,1616770800000,4,4.0
HIGH,17431,1616770800000,1736.648,4.133285714285729,17452,1617022800000,21,4.0
LOW,17486,1617156000000,1677.788,4.738214285714288,17497,1617195600000,11,4.0
HIGH,17613,1617890400000,1758.565,4.3329285714285435,17634,1617969600000,21,4.0
LOW,17675,1618297200000,1723.578,3.478857142857172,17679,1618315200000,4,4.0
HIGH,17769,1618826400000,1789.968,4.496928571428612,17772,1618837200000,3,4.0
LOW,17791,1618909200000,1763.505,4.206071428571444,17806,1618966800000,15,4.0
HIGH,17829,1619053200000,1797.748,4.429500000000043,17841,1619096400000,12,4.0
LOW,17885,1619438400000,1768.617,3.7632857142857086,17897,1619485200000,12,4.0
HIGH,17908,1619524800000,1785.458,3.7317857142857553,17918,1619568000000,10,4.0
LOW,17930,1619611200000,1762.498,3.6247857142856867,17936,1619632800000,6,4.0
HIGH,17943,1619661600000,1789.875,4.221428571428565,17951,1619690400000,8,4.0
LOW,17954,1619701200000,1757.118,5.420499999999996,17954,1619701200000,0,4.0
HIGH,17954,1619701200000,1780.258,5.420499999999996,17955,1619704800000,1,4.0
LOW,17955,1619704800000,1756.028,6.2555,17994,1620025200000,39,4.0
HIGH,18024,1620136800000,1798.878,4.207571428571474,18025,1620140400000,1,4.0
LOW,18045,1620216000000,1770.228,3.696857142857149,18049,1620230400000,4,4.0
HIGH,18069,1620306000000,1813.048,5.23471428571429,18069,1620306000000,0,4.0
LOW,18069,1620306000000,1790.715,5.23471428571429,18070,1620309600000,1,4.0
HIGH,18091,1620388800000,1843.175,4.72914285714288,18091,1620388800000,0,4.0
LOW,18091,1620388800000,1817.195,4.72914285714288,18092,1620392400000,1,4.0
HIGH,18115,1620651600000,1845.296,4.153714285714321,18137,1620734400000,22,4.0
LOW,18138,1620738000000,1817.875,5.028214285714284,18144,1620759600000,6,4.0
HIGH,18159,1620820800000,1840.708,4.491928571428551,18159,1620820800000,0,4.0
LOW,18159,1620820800000,1821.147,4.491928571428551,18160,1620824400000,1,4.0
HIGH,18160,1620824400000,1843.598,5.494571428571411,18162,1620831600000,2,4.0
LOW,18180,1620900000000,1808.656,4.815714285714323,18186,1620921600000,6,4.0
HIGH,18251,1621339200000,1874.848,3.6219999999999897,18269,1621411200000,18,4.0
LOW,18272,1621422000000,1852.095,4.647857142857155,18273,1621425600000,1,4.0
HIGH,18387,1622030400000,1912.648,4.373071428571393,18392,1622048400000,5,4.0
LOW,18433,1622203200000,1882.135,3.652071428571438,18434,1622206800000,1,4.0
HIGH,18469,1622527200000,1916.485,2.8062857142856665,18471,1622534400000,2,4.0
LOW,18533,1622768400000,1855.315,5.821714285714263,18544,1622808000000,11,4.0
HIGH,18578,1623114000000,1903.238,3.126214285714273,18585,1623139200000,7,4.0
LOW,18585,1623139200000,1889.557,3.01371428571427,18589,1623153600000,4,4.0
HIGH,18589,1623153600000,1903.688,4.330357142857143,18590,1623157200000,1,4.0
LOW,18635,1623326400000,1869.668,5.197857142857174,18635,1623326400000,0,4.0
HIGH,18652,1623394800000,1902.948,2.498642857142857,18654,1623402000000,2,4.0
LOW,18680,1623672000000,1844.478,4.8834999999999615,18681,1623675600000,1,4.0
HIGH,18682,1623679200000,1869.728,6.4103571428571025,18732,1623866400000,50,4.0
LOW,18780,1624046400000,1760.767,7.351571428571382,18842,1624453200000,62,4.0
HIGH,18843,1624456800000,1794.838,4.499357142857126,18848,1624474800000,5,4.0
LOW,18856,1624507200000,1772.778,4.14478571428575,18887,1624622400000,31,4.0
HIGH,18887,1624622400000,1790.268,3.273142857142846,18891,1624636800000,4,4.0
LOW,18899,1624842000000,1770.518,3.7672142857142683,18903,1624856400000,4,4.0
HIGH,18904,1624860000000,1785.718,3.494857142857167,18929,1624953600000,25,4.0
LOW,18933,1624968000000,1750.488,5.3871428571428135,18933,1624968000000,0,4.0
HIGH,18933,1624968000000,1775.838,5.3871428571428135,18934,1624971600000,1,4.0
LOW,18934,1624971600000,1751.268,5.851428571428528,18969,1625104800000,35,4.0
HIGH,19002,1625227200000,1793.798,4.222785714285692,19002,1625227200000,0,4.0
LOW,19002,1625227200000,1775.882,4.222785714285692,19003,1625230800000,1,4.0
HIGH,19044,1625572800000,1814.918,3.851857142857154,19047,1625583600000,3,4.0
LOW,19048,1625587200000,1789.938,5.030285714285729,19085,1625727600000,37,4.0
HIGH,19090,1625745600000,1818.288,5.433571428571424,19093,1625756400000,3,4.0
LOW,19138,1626098400000,1791.375,5.45671428571427,19159,1626177600000,21,4.0
HIGH,19159,1626177600000,1817.061,4.172857142857148,19160,1626181200000,1,4.0
LOW,19160,1626181200000,1798.808,5.25428571428571,19182,1626264000000,22,4.0
HIGH,19200,1626332400000,1833.976,2.9153571428571303,19206,1626354000000,6,4.0
LOW,19251,1626696000000,1794.865,4.722000000000029,19252,1626699600000,1,4.0
HIGH,19275,1626786000000,1824.898,3.9107142857142208,19276,1626789600000,1,4.0
LOW,19316,1626940800000,1792.648,2.776642857142893,19320,1626955200000,4,4.0
HIGH,19338,1627023600000,1810.218,2.4995714285714548,19341,1627034400000,3,4.0
LOW,19342,1627038000000,1789.407,3.786500000000014,19343,1627041600000,1,4.0
HIGH,19361,1627282800000,1811.398,3.0419285714285382,19368,1627308000000,7,4.0
LOW,19383,1627365600000,1793.488,2.4747142857142177,19389,1627387200000,6,4.0
HIGH,19403,1627441200000,1807.308,3.6027857142857362,19418,1627495200000,15,4.0
LOW,19418,1627495200000,1792.418,4.3829999999999405,19422,1627513200000,4,4.0
HIGH,19439,1627574400000,1832.59,3.6888571428572083,19462,1627660800000,23,4.0
LOW,19481,1627905600000,1805.638,3.7945714285714303,19525,1628078400000,44,4.0
HIGH,19526,1628082000000,1831.605,3.4815714285714585,19527,1628085600000,1,4.0
LOW,19570,1628251200000,1775.418,4.105571428571466,19570,1628251200000,0,4.0
HIGH,19570,1628251200000,1801.298,4.105571428571466,19571,1628254800000,1,4.0
LOW,19579,1628467200000,1706.485,10.201357142857157,19585,1628488800000,6,4.0
HIGH,19654,1628751600000,1758.038,3.1172142857143075,19659,1628769600000,5,4.0
LOW,19660,1628773200000,1741.478,3.9192857142857553,19676,1628834400000,16,4.0
HIGH,19727,1629198000000,1795.437,2.858071428571423,19730,1629208800000,3,4.0
LOW,19765,1629342000000,1774.358,4.357142857142857,19775,1629378000000,10,4.0
HIGH,19845,1629813600000,1809.465,3.499785714285703,19853,1629849600000,8,4.0
LOW,19888,1629982800000,1779.928,3.6950714285713957,19889,1629986400000,1,4.0
HIGH,19904,1630044000000,1805.005,2.3082142857142736,19906,1630051200000,2,4.0
LOW,19912,1630072800000,1783.798,5.738428571428569,19912,1630072800000,0,4.0
HIGH,20024,1630670400000,1829.478,2.976999999999959,20024,1630670400000,0,4.0
LOW,20024,1630670400000,1813.047,2.976999999999959,20025,1630674000000,1,4.0
HIGH,20027,1630681200000,1833.908,4.233285714285687,20059,1630990800000,32,4.0
LOW,20090,1631106000000,1782.254,3.9790000000000254,20111,1631185200000,21,4.0
HIGH,20111,1631185200000,1800.877,2.7548571428571256,20113,1631192400000,2,4.0
LOW,20114,1631196000000,1783.717,4.12864285714282,20128,1631250000000,14,4.0
HIGH,20128,1631250000000,1803.754,3.9107857142856965,20142,1631300400000,14,4.0
LOW,20181,1631620800000,1780.285,3.6886428571428302,20181,1631620800000,0,4.0
HIGH,20184,1631631600000,1808.558,5.470714285714247,20220,1631768400000,36,4.0
LOW,20263,1632103200000,1741.978,4.881500000000025,20275,1632146400000,12,4.0
HIGH,20325,1632333600000,1787.188,4.89064285714286,20325,1632333600000,0,4.0
LOW,20439,1632934800000,1721.548,5.010714285714276,20458,1633006800000,19,4.0
HIGH,20491,1633305600000,1765.558,4.465071428571458,20502,1633345200000,11,4.0
LOW,20502,1633345200000,1747.608,3.882214285714294,20505,1633356000000,3,4.0
HIGH,20505,1633356000000,1770.475,5.440785714285734,20528,1633442400000,23,4.0
LOW,20545,1633507200000,1745.77,2.8014285714286222,20549,1633521600000,4,4.0
HIGH,20567,1633590000000,1766.848,2.913214285714243,20572,1633608000000,5,4.0
LOW,20573,1633611600000,1751.838,4.226285714285674,20595,1633694400000,22,4.0
HIGH,20596,1633698000000,1781.228,4.567642857142865,20597,1633701600000,1,4.0
LOW,20618,1633953600000,1750.068,3.647642857142825,20640,1634036400000,22,4.0
HIGH,20664,1634126400000,1777.477,3.9687142857142947,20664,1634126400000,0,4.0
LOW,20665,1634130000000,1757.829,5.694785714285721,20665,1634130000000,0,4.0
HIGH,20686,1634209200000,1800.458,3.0635714285714193,20704,1634281200000,18,4.0
LOW,20730,1634551200000,1760.184,3.368642857142894,20744,1634608800000,14,4.0
HIGH,20755,1634648400000,1785.038,4.223285714285696,20758,1634659200000,3,4.0
LOW,20765,1634688000000,1766.744,3.9437857142857444,20777,1634731200000,12,4.0
HIGH,20777,1634731200000,1788.368,3.261000000000016,20778,1634734800000,1,4.0
LOW,20778,1634734800000,1774.748,4.081428571428579,20817,1634882400000,39,4.0
HIGH,20823,1634904000000,1806.818,3.8712857142857047,20823,1634904000000,0,4.0
LOW,20823,1634904000000,1791.248,3.8712857142857047,20824,1634907600000,1,4.0
HIGH,20826,1634914800000,1813.748,6.342428571428578,20826,1634914800000,0,4.0
LOW,20826,1634914800000,1782.788,6.342428571428578,20847,1635166800000,21,4.0
HIGH,20847,1635166800000,1809.974,4.239714285714301,20869,1635253200000,22,4.0
LOW,20870,1635256800000,1782.288,4.4627142857143225,20904,1635386400000,34,4.0
HIGH,20915,1635426000000,1810.344,4.7547142857143045,20933,1635494400000,18,4.0
LOW,20939,1635516000000,1771.848,5.952071428571425,20962,1635775200000,23,4.0
HIGH,20978,1635836400000,1796.288,2.2272857142857156,20985,1635861600000,7,4.0
LOW,21008,1635948000000,1758.644,4.6888571428571755,21017,1635984000000,9,4.0
HIGH,21048,1636099200000,1800.024,2.7927857142857255,21052,1636113600000,4,4.0
LOW,21052,1636113600000,1784.894,3.7202142857142917,21053,1636117200000,1,4.0
HIGH,21121,1636549200000,1851.668,4.650571428571425,21121,1636549200000,0,4.0
LOW,21121,1636549200000,1822.168,4.650571428571425,21122,1636552800000,1,4.0
HIGH,21122,1636552800000,1868.458,5.907714285714292,21126,1636567200000,4,4.0
LOW,21126,1636567200000,1841.378,7.635142857142894,21208,1637049600000,82,4.0
HIGH,21213,1637067600000,1877.118,4.282571428571438,21214,1637071200000,1,4.0
LOW,21222,1637103600000,1849.328,4.84714285714285,21246,1637193600000,24,4.0
HIGH,21246,1637193600000,1870.814,3.8119285714286013,21259,1637240400000,13,4.0
LOW,21278,1637312400000,1851.428,3.4995714285714388,21283,1637330400000,5,4.0
HIGH,21283,1637330400000,1865.668,5.054714285714324,21286,1637341200000,3,4.0
LOW,21306,1637589600000,1811.368,5.971999999999996,21306,1637589600000,0,4.0
HIGH,21306,1637589600000,1838.488,5.971999999999996,21307,1637593200000,1,4.0
LOW,21352,1637762400000,1778.398,4.162428571428612,21381,1637895600000,29,4.0
HIGH,21389,1637924400000,1815.408,5.0162857142857025,21392,1637935200000,3,4.0
LOW,21484,1638468000000,1761.815,5.509071428571441,21507,1638554400000,23,4.0
HIGH,21568,1638957600000,1792.998,2.940928571428588,21572,1638972000000,4,4.0
LOW,21613,1639126800000,1769.968,2.454642857142858,21617,1639141200000,4,4.0
HIGH,21639,1639396800000,1791.455,2.569285714285716,21663,1639486800000,24,4.0
LOW,21690,1639594800000,1752.928,4.626642857142818,21691,1639598400000,1,4.0
HIGH,21730,1639746000000,1814.148,3.583500000000007,21735,1639764000000,5,4.0
LOW,21778,1640098800000,1784.838,3.7371428571428362,21802,1640188800000,24,4.0
HIGH,21822,1640264400000,1809.938,2.540714285714281,21823,1640268000000,1,4.0
LOW,21823,1640268000000,1798.778,3.0714285714285716,21832,1640566800000,9,4.0
HIGH,21866,1640696400000,1820.099,2.3202142857143144,21867,1640700000000,1,4.0
LOW,21889,1640782800000,1789.348,2.921357142857135,21891,1640790000000,2,4.0
HIGH,21944,1641164400000,1831.624,3.304499999999994,21958,1641214800000,14,4.0
LOW,21961,1641225600000,1798.189,4.546214285714249,21983,1641308400000,22,4.0
HIGH,22005,1641391200000,1829.584,3.6088571428571674,22010,1641409200000,5,4.0
LOW,22050,1641560400000,1782.495,3.628500000000031,22055,1641578400000,5,4.0
HIGH,22071,1641812400000,1802.248,2.927642857142879,22074,1641823200000,3,4.0
LOW,22074,1641823200000,1790.235,3.9112857142857496,22084,1641862800000,10,4.0
HIGH,22134,1642050000000,1828.058,2.3383571428570837,22143,1642082400000,9,4.0
LOW,22145,1642089600000,1812.228,3.9027857142857068,22157,1642136400000,12,4.0
HIGH,22160,1642147200000,1829.048,2.375,22164,1642161600000,4,4.0
LOW,22206,1642510800000,1805.658,4.264785714285722,22229,1642597200000,23,4.0
HIGH,22254,1642690800000,1847.804,3.517571428571484,22270,1642752000000,16,4.0
LOW,22270,1642752000000,1828.384,3.0424285714286077,22275,1642770000000,5,4.0
HIGH,22294,1643014800000,1844.208,3.072357142857137,22300,1643036400000,6,4.0
LOW,22300,1643036400000,1829.558,4.123142857142852,22322,1643119200000,22,4.0
HIGH,22327,1643137200000,1853.748,4.501785714285721,22345,1643205600000,18,4.0
LOW,22388,1643367600000,1780.158,2.785000000000017,22390,1643374800000,2,4.0
HIGH,22436,1643720400000,1808.638,2.9441428571428463,22452,1643781600000,16,4.0
LOW,22453,1643785200000,1794.358,2.178357142857164,22456,1643796000000,3,4.0
HIGH,22463,1643821200000,1810.718,3.5085714285714533,22483,1643896800000,20,4.0
LOW,22483,1643896800000,1788.538,3.560214285714307,22484,1643900400000,1,4.0
HIGH,22505,1643979600000,1814.798,3.5539285714285307,22505,1643979600000,0,4.0
LOW,22506,1643983200000,1792.018,4.545142857142813,22507,1643986800000,1,4.0
HIGH,22597,1644498000000,1837.189,2.745857142857127,22597,1644498000000,0,4.0
LOW,22597,1644498000000,1821.534,2.745857142857127,22598,1644501600000,1,4.0
HIGH,22600,1644508800000,1841.838,4.232857142857126,22607,1644537600000,7,4.0
LOW,22614,1644562800000,1820.838,3.4996428571428657,22622,1644591600000,8,4.0
HIGH,22659,1644904800000,1879.378,4.1497142857142695,22661,1644912000000,2,4.0
LOW,22665,1644926400000,1844.398,5.178571428571478,22692,1645027200000,27,4.0
HIGH,22763,1645484400000,1914.023,4.715142857142837,22774,1645524000000,11,4.0
LOW,22796,1645606800000,1889.548,3.4134285714285886,22800,1645621200000,4,4.0
HIGH,22820,1645696800000,1974.398,9.088214285714296,22824,1645711200000,4,4.0
LOW,22829,1645729200000,1877.938,16.229785714285704,22899,1646164800000,70,4.0
HIGH,22900,1646168400000,1950.078,8.848642857142863,22912,1646215200000,12,4.0
LOW,22912,1646215200000,1913.738,8.264214285714306,22948,1646352000000,36,4.0
HIGH,22981,1646647200000,2002.518,8.81778571428572,22984,1646658000000,3,4.0
LOW,22984,1646658000000,1960.878,10.270500000000018,23000,1646719200000,16,4.0
HIGH,23010,1646755200000,2070.358,14.451142857142843,23027,1646820000000,17,4.0
LOW,23151,1647453600000,1894.948,8.491142857142822,23152,1647457200000,1,4.0
HIGH,23171,1647529200000,1949.748,5.967214285714282,23192,1647608400000,21,4.0
LOW,23239,1647957600000,1910.508,5.547071428571452,23258,1648029600000,19,4.0
HIGH,23287,1648137600000,1966.083,7.159500000000045,23322,1648443600000,35,4.0
LOW,23352,1648555200000,1889.998,6.430285714285707,23356,1648573200000,4,4.0
HIGH,23402,1648746000000,1949.723,6.15035714285716,23419,1648810800000,17,4.0
LOW,23435,1649044800000,1915.328,4.746071428571424,23443,1649073600000,8,4.0
HIGH,23468,1649167200000,1944.463,5.9417142857142995,23469,1649170800000,1,4.0
LOW,23484,1649228400000,1915.038,4.274999999999993,23486,1649235600000,2,4.0
HIGH,23557,1649678400000,1969.558,5.493714285714304,23559,1649685600000,2,4.0
LOW,23561,1649692800000,1940.738,7.028642857142862,23580,1649764800000,19,4.0
HIGH,23648,1650283200000,1998.268,4.667928571428531,23653,1650301200000,5,4.0
LOW,23687,1650434400000,1939.16,4.412428571428596,23700,1650481200000,13,4.0
HIGH,23701,1650484800000,1958.208,4.965000000000016,23715,1650538800000,14,4.0
LOW,23715,1650538800000,1936.632,3.840214285714264,23722,1650564000000,7,4.0
HIGH,23733,1650607200000,1955.482,4.257642857142855,23737,1650621600000,4,4.0
LOW,23804,1651046400000,1886.468,4.765857142857109,23808,1651060800000,4,4.0
HIGH,23808,1651060800000,1906.898,5.305499999999938,23809,1651064400000,1,4.0
LOW,23824,1651122000000,1871.938,3.9135000000000315,23827,1651132800000,3,4.0
HIGH,23853,1651230000000,1919.838,4.654642857142887,23861,1651258800000,8,4.0
LOW,23896,1651564800000,1850.308,4.630714285714297,23901,1651582800000,5,4.0
HIGH,23929,1651687200000,1888.723,6.356642857142869,23929,1651687200000,0,4.0
LOW,23929,1651687200000,1861.688,6.356642857142869,23930,1651690800000,1,4.0
HIGH,23946,1651752000000,1909.633,5.539285714285711,23948,1651759200000,2,4.0
LOW,24026,1652227200000,1831.838,6.581571428571384,24050,1652317200000,24,4.0
HIGH,24050,1652317200000,1858.708,6.635499999999995,24065,1652371200000,15,4.0
LOW,24102,1652684400000,1786.638,5.295785714285752,24102,1652684400000,0,4.0
HIGH,24129,1652785200000,1835.998,4.615285714285733,24136,1652810400000,7,4.0
LOW,24153,1652875200000,1807.228,4.90257142857141,24173,1652950800000,20,4.0
HIGH,24194,1653030000000,1849.304,3.6065714285714257,24201,1653055200000,7,4.0
LOW,24201,1653055200000,1832.178,4.857785714285699,24208,1653256800000,7,4.0
HIGH,24248,1653404400000,1869.573,4.855928571428535,24269,1653483600000,21,4.0
LOW,24290,1653562800000,1840.798,3.835928571428586,24302,1653613200000,12,4.0
HIGH,24329,1653890400000,1863.883,3.342857142857107,24343,1653955200000,14,4.0
LOW,24375,1654074000000,1828.358,3.7322857142857435,24378,1654084800000,3,4.0
HIGH,24412,1654214400000,1873.963,3.9161428571428587,24424,1654257600000,12,4.0
LOW,24459,1654563600000,1836.923,3.5200714285714247,24468,1654596000000,9,4.0
HIGH,24496,1654700400000,1859.573,3.873999999999975,24516,1654776000000,20,4.0
LOW,24539,1654862400000,1824.948,4.253142857142864,24539,1654862400000,0,4.0
HIGH,24539,1654862400000,1845.698,4.253142857142864,24540,1654866000000,1,4.0
LOW,24540,1654866000000,1828.298,5.251500000000013,24541,1654869600000,1,4.0
HIGH,24548,1655071200000,1878.763,9.3517142857143,24563,1655125200000,15,4.0
LOW,24592,1655233200000,1804.963,5.407500000000011,24606,1655287200000,14,4.0
HIGH,24639,1655409600000,1857.418,7.5857857142856835,24708,1655856000000,69,4.0
LOW,24716,1655884800000,1823.288,3.6199285714285776,24719,1655895600000,3,4.0
HIGH,24721,1655902800000,1847.778,5.573428571428573,24742,1655982000000,21,4.0
LOW,24742,1655982000000,1823.798,3.492428571428588,24744,1655989200000,2,4.0
HIGH,24744,1655989200000,1846.238,4.5913571428571425,24748,1656003600000,4,4.0
LOW,24767,1656075600000,1816.898,4.6883571428571225,24775,1656280800000,8,4.0
HIGH,24784,1656313200000,1840.948,4.486642857142848,24792,1656342000000,8,4.0
LOW,24832,1656493200000,1811.978,2.6442857142857457,24833,1656496800000,1,4.0
HIGH,24835,1656504000000,1832.958,4.016071428571471,24836,1656507600000,1,4.0
LOW,24858,1656590400000,1802.618,4.979785714285721,24858,1656590400000,0,4.0
HIGH,24859,1656594000000,1825.008,5.606928571428576,24872,1656644400000,13,4.0
LOW,24881,1656676800000,1784.397,4.281928571428564,24883,1656684000000,2,4.0
HIGH,24894,1656900000000,1814.198,6.1411428571428655,24925,1657026000000,31,4.0
LOW,25028,1657587600000,1723.048,4.973714285714274,25028,1657587600000,0,4.0
HIGH,25028,1657587600000,1744.098,4.973714285714274,25050,1657670400000,22,4.0
LOW,25062,1657713600000,1706.948,4.617571428571442,25062,1657713600000,0,4.0
HIGH,25062,1657713600000,1730.177,4.617571428571442,25063,1657717200000,1,4.0
LOW,25063,1657717200000,1710.488,5.844000000000018,25064,1657720800000,1,4.0
HIGH,25065,1657724400000,1745.284,7.57521428571431,25082,1657789200000,17,4.0
LOW,25086,1657803600000,1697.438,5.833142857142856,25128,1658134800000,42,4.0
HIGH,25128,1658134800000,1723.798,3.8901428571428727,25137,1658167200000,9,4.0
LOW,25198,1658401200000,1680.748,3.7285714285714318,25199,1658404800000,1,4.0
HIGH,25224,1658498400000,1739.253,5.472285714285704,25247,1658757600000,23,4.0
LOW,25292,1658926800000,1711.315,3.839214285714255,25297,1658944800000,5,4.0
HIGH,25331,1659074400000,1767.784,3.509500000000019,25338,1659099600000,7,4.0
LOW,25339,1659103200000,1751.928,5.289642857142845,25357,1659344400000,18,4.0
HIGH,25382,1659441600000,1787.928,4.5816428571428265,25388,1659463200000,6,4.0
LOW,25407,1659535200000,1754.198,5.4768571428571375,25424,1659600000000,17,4.0
HIGH,25434,1659636000000,1794.898,5.102785714285687,25451,1659700800000,17,4.0
LOW,25452,1659704400000,1764.907,5.269928571428571,25474,1659960000000,22,4.0
HIGH,25519,1660132800000,1807.768,4.0611428571428405,25519,1660132800000,0,4.0
LOW,25535,1660194000000,1783.378,3.3154285714285345,25542,1660219200000,7,4.0
HIGH,25573,1660334400000,1802.548,4.746928571428531,25584,1660550400000,11,4.0
LOW,25703,1661169600000,1727.668,3.6542857142857037,25721,1661241600000,18,4.0
HIGH,25721,1661241600000,1743.764,2.9855714285714288,25725,1661256000000,4,4.0
LOW,25725,1661256000000,1730.688,3.6098571428571273,25726,1661259600000,1,4.0
HIGH,25770,1661425200000,1765.368,2.8815714285714518,25772,1661432400000,2,4.0
LOW,25812,1661760000000,1720.208,3.846714285714224,25816,1661774400000,4,4.0
HIGH,25818,1661781600000,1745.418,5.491928571428518,25840,1661868000000,22,4.0
LOW,25859,1661940000000,1709.558,3.0475714285714406,25863,1661954400000,4,4.0
HIGH,25863,1661954400000,1723.388,4.697428571428596,25873,1661994000000,10,4.0
LOW,25886,1662040800000,1688.668,5.116214285714234,25907,1662120000000,21,4.0
HIGH,25938,1662422400000,1726.566,3.546071428571411,25947,1662454800000,9,4.0
LOW,25965,1662523200000,1691.218,4.15242857142854,25975,1662559200000,10,4.0
HIGH,25995,1662634800000,1728.095,3.4285714285714612,25996,1662638400000,1,4.0
LOW,25998,1662645600000,1703.878,5.007928571428628,26014,1662706800000,16,4.0
HIGH,26014,1662706800000,1729.344,3.457357142857128,26020,1662728400000,6,4.0
LOW,26020,1662728400000,1711.258,4.460857142857127,26041,1662980400000,21,4.0
HIGH,26045,1662994800000,1735.035,4.9619285714286105,26065,1663070400000,20,4.0
LOW,26113,1663250400000,1663.438,6.461785714285725,26113,1663250400000,0,4.0
HIGH,26113,1663250400000,1690.851,6.461785714285725,26114,1663254000000,1,4.0
LOW,26130,1663315200000,1654.048,3.6876428571428863,26136,1663336800000,6,4.0
HIGH,26209,1663783200000,1687.948,6.6830000000000735,26209,1663783200000,0,4.0
LOW,26209,1663783200000,1653.649,6.6830000000000735,26210,1663786800000,1,4.0
HIGH,26210,1663786800000,1687.605,7.625928571428631,26215,1663808400000,5,4.0
LOW,26313,1664348400000,1614.71,3.711928571428611,26316,1664359200000,3,4.0
HIGH,26414,1664899200000,1729.435,6.62785714285714,26435,1664978400000,21,4.0
LOW,26479,1665144000000,1690.504,5.177642857142847,26479,1665144000000,0,4.0
HIGH,26479,1665144000000,1713.284,5.177642857142847,26490,1665363600000,11,4.0
LOW,26521,1665482400000,1660.91,4.423071428571412,26526,1665500400000,5,4.0
HIGH,26527,1665504000000,1683.84,5.414642857142845,26534,1665532800000,7,4.0
LOW,26569,1665662400000,1644.688,5.4711428571428735,26569,1665662400000,0,4.0
HIGH,26569,1665662400000,1678.795,5.4711428571428735,26570,1665666000000,1,4.0
LOW,26570,1665666000000,1642.288,6.371642857142872,26572,1665673200000,2,4.0
HIGH,26574,1665680400000,1672.448,8.55421428571427,26653,1666162800000,79,4.0
LOW,26670,1666231200000,1622.257,3.8103571428571286,26678,1666260000000,8,4.0
HIGH,26683,1666278000000,1645.438,5.724571428571461,26694,1666321200000,11,4.0
LOW,26698,1666335600000,1617.067,3.677571428571452,26703,1666353600000,5,4.0
HIGH,26713,1666566000000,1670.748,7.795499999999996,26746,1666688400000,33,4.0
LOW,26747,1666692000000,1638.098,3.699428571428549,26750,1666702800000,3,4.0
HIGH,26769,1666774800000,1674.678,3.842071428571379,26788,1666854000000,19,4.0
LOW,26849,1667260800000,1630.477,3.664500000000008,26855,1667282400000,6,4.0
HIGH,26883,1667390400000,1658.758,3.1831428571428626,26886,1667401200000,3,4.0
LOW,26889,1667412000000,1644.577,5.11514285714283,26889,1667412000000,0,4.0
HIGH,26889,1667412000000,1669.257,5.11514285714283,26890,1667415600000,1,4.0
LOW,26905,1667473200000,1616.477,4.026357142857137,26916,1667523600000,11,4.0
HIGH,26951,1667829600000,1681.758,4.1159999999999854,26968,1667898000000,17,4.0
LOW,26968,1667898000000,1664.557,3.0803571428571592,26973,1667916000000,5,4.0
HIGH,26974,1667919600000,1714.148,6.04757142857144,26974,1667919600000,0,4.0
LOW,26974,1667919600000,1678.548,6.04757142857144,26975,1667923200000,1,4.0
HIGH,26997,1668006000000,1722.168,4.763142857142855,27001,1668020400000,4,4.0
LOW,27001,1668020400000,1702.048,5.316642857142857,27018,1668085200000,17,4.0
HIGH,27086,1668517200000,1786.367,5.357714285714256,27121,1668654000000,35,4.0
LOW,27178,1669046400000,1732.338,4.090071428571458,27195,1669114800000,17,4.0
HIGH,27195,1669114800000,1749.598,3.367928571428576,27210,1669176000000,15,4.0
LOW,27219,1669208400000,1728.137,4.674785714285706,27220,1669212000000,1,4.0
HIGH,27252,1669348800000,1760.958,2.7372142857142796,27256,1669363200000,4,4.0
LOW,27261,1669381200000,1745.848,3.5695000000000454,27275,1669626000000,14,4.0
HIGH,27276,1669629600000,1763.618,4.092214285714298,27280,1669644000000,4,4.0
LOW,27288,1669676400000,1739.348,4.135857142857097,27297,1669708800000,9,4.0
HIGH,27324,1669813200000,1764.548,3.6702857142857317,27326,1669820400000,2,4.0
LOW,27329,1669831200000,1744.717,5.541785714285701,27330,1669834800000,1,4.0
HIGH,27356,1669935600000,1804.298,5.060285714285718,27370,1669986000000,14,4.0
LOW,27370,1669986000000,1778.418,4.333071428571413,27373,1669996800000,3,4.0
HIGH,27384,1670212800000,1809.758,4.428785714285709,27393,1670245200000,9,4.0
LOW,27399,1670266800000,1766.0,5.444285714285749,27443,1670436000000,44,4.0
HIGH,27485,1670601600000,1805.998,5.3618571428571125,27507,1670857200000,22,4.0
LOW,27511,1670871600000,1777.417,4.191357142857149,27527,1670936400000,16,4.0
HIGH,27528,1670940000000,1824.358,5.489499999999956,27556,1671044400000,28,4.0
LOW,27556,1671044400000,1795.008,4.4682857142857175,27557,1671048000000,1,4.0
HIGH,27557,1671048000000,1814.035,4.914000000000003,27562,1671069600000,5,4.0
LOW,27568,1671091200000,1773.608,6.132428571428591,27614,1671436800000,46,4.0
HIGH,27614,1671436800000,1798.637,3.2019285714285877,27621,1671462000000,7,4.0
LOW,27622,1671465600000,1783.785,3.8607142857142986,27637,1671523200000,15,4.0
HIGH,27667,1671634800000,1823.685,3.3783571428571935,27688,1671714000000,21,4.0
LOW,27693,1671732000000,1784.627,5.211428571428574,27722,1672106400000,29,4.0
HIGH,27734,1672153200000,1833.215,4.88149999999996,27734,1672153200000,0,4.0
LOW,27756,1672243200000,1796.905,4.169214285714296,27776,1672322400000,20,4.0
HIGH,27837,1672819200000,1865.035,3.8182857142857074,27844,1672844400000,7,4.0
LOW,27867,1672930800000,1824.995,6.107500000000008,27888,1673010000000,21,4.0
HIGH,27953,1673427600000,1886.548,3.4438571428571714,27958,1673445600000,5,4.0
LOW,27960,1673452800000,1867.015,4.715428571428577,27978,1673521200000,18,4.0
HIGH,27980,1673528400000,1901.475,4.8727142857143395,27980,1673528400000,0,4.0
LOW,27980,1673528400000,1872.76,4.8727142857143395,27981,1673532000000,1,4.0
HIGH,28016,1673838000000,1928.885,5.6586428571428575,28040,1673946000000,24,4.0
LOW,28058,1674018000000,1896.495,4.556428571428569,28061,1674028800000,3,4.0
HIGH,28067,1674050400000,1925.798,5.363928571428557,28070,1674061200000,3,4.0
LOW,28078,1674093600000,1900.855,5.337642857142815,28091,1674140400000,13,4.0
HIGH,28107,1674201600000,1937.435,4.692428571428552,28136,1674482400000,29,4.0
LOW,28137,1674486000000,1911.248,5.499142857142845,28145,1674522000000,8,4.0
HIGH,28152,1674547200000,1942.348,3.8947142857142905,28158,1674568800000,6,4.0
LOW,28159,1674572400000,1917.065,5.566357142857116,28169,1674612000000,10,4.0
HIGH,28195,1674712800000,1948.875,4.5437857142856695,28203,1674741600000,8,4.0
LOW,28270,1675166400000,1900.665,4.728357142857135,28271,1675170000000,1,4.0
HIGH,28311,1675321200000,1959.625,6.256071428571464,28318,1675346400000,7,4.0
LOW,28340,1675429200000,1882.655,5.86064285714284,28340,1675429200000,0,4.0
HIGH,28340,1675429200000,1916.585,5.86064285714284,28341,1675432800000,1,4.0
LOW,28500,1676379600000,1849.915,4.986357142857206,28500,1676379600000,0,4.0
HIGH,28500,1676379600000,1870.467,4.986357142857206,28501,1676383200000,1,4.0
LOW,28563,1676620800000,1818.805,4.132571428571396,28570,1676646000000,7,4.0
HIGH,28586,1676880000000,1847.405,3.032142857142844,28604,1676962800000,18,4.0
LOW,28609,1676980800000,1830.095,3.367714285714231,28611,1676988000000,2,4.0
HIGH,28632,1677067200000,1845.905,3.6751428571428733,28637,1677085200000,5,4.0
LOW,28717,1677571200000,1804.594,3.249857142857146,28723,1677592800000,6,4.0
HIGH,28805,1678086000000,1858.168,3.249071428571434,28817,1678129200000,12,4.0
LOW,28847,1678244400000,1809.248,4.443642857142842,28879,1678370400000,32,4.0
HIGH,29034,1679295600000,2009.695,10.342571428571384,29041,1679320800000,7,4.0
LOW,29079,1679468400000,1934.175,4.295357142857126,29086,1679493600000,7,4.0
HIGH,29090,1679508000000,1978.705,7.536999999999986,29090,1679508000000,0,4.0
LOW,29090,1679508000000,1945.744,7.536999999999986,29097,1679536800000,7,4.0
HIGH,29113,1679594400000,2003.185,7.901857142857174,29139,1679868000000,26,4.0
LOW,29154,1679922000000,1943.895,6.31678571428571,29178,1680012000000,24,4.0
HIGH,29245,1680264000000,1987.485,4.3870000000000084,29250,1680282000000,5,4.0
LOW,29259,1680490800000,1949.595,6.415571428571444,29267,1680519600000,8,4.0
HIGH,29293,1680616800000,2024.848,6.400714285714263,29293,1680616800000,0,4.0
LOW,29293,1680616800000,1992.275,6.400714285714263,29294,1680620400000,1,4.0
HIGH,29315,1680699600000,2031.968,4.366857142857157,29316,1680703200000,1,4.0
LOW,29360,1681135200000,1981.545,5.500928571428598,29376,1681196400000,16,4.0
HIGH,29403,1681300800000,2028.235,5.622928571428555,29404,1681304400000,1,4.0
LOW,29404,1681304400000,2001.225,7.083642857142844,29425,1681387200000,21,4.0
HIGH,29427,1681394400000,2048.538,5.9717857142857484,29448,1681473600000,21,4.0
LOW,29473,1681740000000,1980.974,6.211857142857135,29496,1681826400000,23,4.0
HIGH,29497,1681830000000,2011.748,5.046571428571464,29509,1681884000000,12,4.0
LOW,29514,1681902000000,1969.155,5.5455714285714395,29516,1681909200000,2,4.0
HIGH,29540,1681999200000,2012.255,5.949071428571431,29555,1682056800000,15,4.0
LOW,29563,1682085600000,1971.515,7.891857142857134,29613,1682445600000,50,4.0
HIGH,29631,1682514000000,2009.204,4.910571428571432,29634,1682524800000,3,4.0
LOW,29653,1682596800000,1981.678,5.341857142857099,29653,1682596800000,0,4.0
HIGH,29653,1682596800000,2003.258,5.341857142857099,29654,1682600400000,1,4.0
LOW,29654,1682600400000,1973.865,6.265142857142807,29699,1682942400000,45,4.0
HIGH,29700,1682946000000,2005.848,5.122642857142848,29701,1682949600000,1,4.0
LOW,29718,1683014400000,1978.324,2.778642857142862,29721,1683025200000,3,4.0
HIGH,29724,1683036000000,2012.948,5.215214285714296,29724,1683036000000,0,4.0
LOW,29724,1683036000000,1986.858,5.215214285714296,29725,1683039600000,1,4.0
HIGH,29754,1683151200000,2079.778,9.980714285714255,29754,1683151200000,0,4.0
LOW,29791,1683288000000,2007.605,5.771785714285686,29791,1683288000000,0,4.0
HIGH,29791,1683288000000,2038.205,5.771785714285686,29792,1683291600000,1,4.0
LOW,29793,1683295200000,1999.455,7.22464285714284,29817,1683558000000,24,4.0
HIGH,29860,1683720000000,2048.114,4.730857142857141,29860,1683720000000,0,4.0
LOW,29860,1683720000000,2024.965,4.730857142857141,29861,1683723600000,1,4.0
HIGH,29861,1683723600000,2046.624,5.6867857142857146,29863,1683730800000,2,4.0
LOW,29884,1683810000000,2011.044,6.690857142857177,29884,1683810000000,0,4.0
HIGH,29884,1683810000000,2037.994,6.690857142857177,29895,1683853200000,11,4.0
LOW,29903,1683882000000,2000.825,3.4547142857142847,29906,1683892800000,3,4.0
HIGH,29907,1683896400000,2022.494,5.1024999999999965,29952,1684238400000,45,4.0
LOW,30001,1684422000000,1951.885,4.798714285714254,30024,1684508400000,23,4.0
HIGH,30024,1684508400000,1984.075,5.827285714285738,30055,1684803600000,31,4.0
LOW,30062,1684828800000,1954.084,4.24828571428569,30067,1684846800000,5,4.0
HIGH,30088,1684929600000,1985.194,4.116214285714266,30090,1684936800000,2,4.0
LOW,30111,1685016000000,1939.044,4.8517142857143005,30111,1685016000000,0,4.0
HIGH,30111,1685016000000,1962.958,4.8517142857143005,30112,1685019600000,1,4.0
LOW,30170,1685422800000,1931.905,3.102857142857163,30173,1685433600000,3,4.0
HIGH,30235,1685674800000,1983.315,3.792214285714311,30245,1685710800000,10,4.0
LOW,30267,1685966400000,1938.045,4.080642857142834,30269,1685973600000,2,4.0
HIGH,30312,1686142800000,1970.085,3.963571428571462,30314,1686150000000,2,4.0
LOW,30320,1686175200000,1939.544,5.937500000000016,30335,1686229200000,15,4.0
HIGH,30357,1686312000000,1972.928,2.923571428571433,30358,1686315600000,1,4.0
LOW,30381,1686574800000,1949.125,4.19364285714281,30401,1686650400000,20,4.0
HIGH,30403,1686657600000,1970.724,4.5034285714285875,30403,1686657600000,0,4.0
LOW,30449,1686830400000,1924.898,5.269071428571416,30450,1686834000000,1,4.0
HIGH,30472,1686916800000,1967.825,3.3999285714285343,30474,1686924000000,2,4.0
LOW,30534,1687352400000,1919.075,3.9175000000000018,30538,1687366800000,4,4.0
HIGH,30539,1687370400000,1937.505,4.819857142857147,30558,1687442400000,19,4.0
LOW,30567,1687485600000,1910.065,4.565785714285702,30577,1687521600000,10,4.0
HIGH,30578,1687525200000,1937.238,4.393785714285692,30581,1687536000000,3,4.0
LOW,30666,1688040000000,1895.435,4.014214285714274,30666,1688040000000,0,4.0
HIGH,30666,1688040000000,1912.008,4.014214285714274,30667,1688043600000,1,4.0
LOW,30667,1688043600000,1892.915,4.4122857142857095,30668,1688047200000,1,4.0
HIGH,30751,1688562000000,1934.905,3.442785714285703,30752,1688565600000,1,4.0
LOW,30773,1688644800000,1902.505,4.359571428571452,30773,1688644800000,0,4.0
HIGH,30773,1688644800000,1927.505,4.359571428571452,30774,1688648400000,1,4.0
LOW,30775,1688652000000,1902.685,5.4345714285714495,30795,1688731200000,20,4.0
HIGH,30798,1688742000000,1934.745,5.138785714285713,30817,1688990400000,19,4.0
LOW,30817,1688990400000,1912.585,3.4464285714285876,30822,1689008400000,5,4.0
HIGH,30859,1689163200000,1949.985,3.829142857142837,30859,1689163200000,0,4.0
LOW,30859,1689163200000,1933.485,3.829142857142837,30860,1689166800000,1,4.0
HIGH,30894,1689300000000,1963.585,3.7607857142857193,30927,1689595200000,33,4.0
LOW,30928,1689598800000,1945.638,4.052857142857176,30943,1689663600000,15,4.0
HIGH,30984,1689822000000,1987.385,3.396714285714308,30993,1689854400000,9,4.0
LOW,31063,1690293600000,1951.898,4.49278571428569,31078,1690351200000,15,4.0
HIGH,31083,1690369200000,1974.058,2.501214285714273,31085,1690376400000,2,4.0
LOW,31085,1690376400000,1963.785,3.0457142857142605,31090,1690394400000,5,4.0
HIGH,31097,1690423200000,1982.085,4.913999999999971,31107,1690459200000,10,4.0
LOW,31111,1690473600000,1942.525,6.138142857142936,31154,1690808400000,43,4.0
HIGH,31154,1690808400000,1972.295,4.004142857142873,31170,1690869600000,16,4.0
LOW,31245,1691150400000,1924.898,3.456499999999989,31245,1691150400000,0,4.0
HIGH,31246,1691154000000,1946.798,3.95814285714284,31285,1691478000000,39,4.0
LOW,31319,1691611200000,1913.505,3.2238571428571277,31332,1691668800000,13,4.0
HIGH,31332,1691668800000,1929.995,3.2186428571428514,31334,1691676000000,2,4.0
LOW,31397,1692100800000,1896.215,3.048142857142888,31399,1692108000000,2,4.0
HIGH,31399,1692108000000,1911.525,3.7945714285714627,31425,1692208800000,26,4.0
LOW,31477,1692583200000,1884.755,3.572642857142877,31502,1692684000000,25,4.0
HIGH,31506,1692698400000,1904.405,2.7567857142856838,31509,1692709200000,3,4.0
LOW,31509,1692709200000,1889.018,3.8031428571428347,31523,1692770400000,14,4.0
HIGH,31530,1692795600000,1918.805,3.7162857142857644,31530,1692795600000,0,4.0
LOW,31530,1692795600000,1902.825,3.7162857142857644,31531,1692799200000,1,4.0
HIGH,31545,1692856800000,1922.805,2.2051428571428295,31551,1692878400000,6,4.0
LOW,31551,1692878400000,1911.655,2.5089285714285388,31553,1692885600000,2,4.0
HIGH,31553,1692885600000,1923.225,2.980571428571417,31573,1692972000000,20,4.0
LOW,31573,1692972000000,1903.705,3.7328571428571586,31595,1693227600000,22,4.0
HIGH,31597,1693234800000,1925.955,2.6992857142857116,31614,1693310400000,17,4.0
LOW,31614,1693310400000,1914.355,2.4812857142857183,31616,1693317600000,2,4.0
HIGH,31638,1693404000000,1948.965,2.5556428571428245,31663,1693526400000,25,4.0
LOW,31667,1693540800000,1938.105,3.0298571428571677,31675,1693569600000,8,4.0
HIGH,31675,1693569600000,1952.905,2.6034285714285943,31676,1693573200000,1,4.0
LOW,31736,1694008800000,1915.175,3.5262857142857262,31780,1694181600000,44,4.0
HIGH,31780,1694181600000,1929.595,2.9396428571428066,31782,1694188800000,2,4.0
LOW,31787,1694386800000,1916.584,3.238500000000012,31795,1694415600000,8,4.0
HIGH,31795,1694415600000,1930.558,2.5060000000000207,31810,1694480400000,15,4.0
LOW,31864,1694700000000,1900.898,3.4317142857142926,31874,1694739600000,10,4.0
HIGH,31930,1695124800000,1937.275,1.8548571428571645,31936,1695146400000,6,4.0
LOW,31944,1695193200000,1927.855,2.330357142857094,31950,1695214800000,6,4.0
HIGH,31954,1695229200000,1947.315,3.2421428571428317,31956,1695236400000,2,4.0
LOW,31971,1695301200000,1913.808,3.3601428571428675,31988,1695366000000,17,4.0
HIGH,31995,1695391200000,1929.015,2.3393571428571573,32015,1695650400000,20,4.0
LOW,32083,1695913200000,1857.565,4.150285714285701,32103,1695992400000,20,4.0
HIGH,32103,1695992400000,1879.765,3.712928571428571,32104,1695996000000,1,4.0
LOW,32212,1696593600000,1810.288,3.2081428571428723,32213,1696597200000,1,4.0
HIGH,32300,1697112000000,1884.885,3.1715714285714642,32302,1697119200000,2,4.0
LOW,32306,1697133600000,1867.825,3.9475714285714503,32319,1697184000000,13,4.0
HIGH,32323,1697198400000,1918.998,5.014571428571425,32323,1697198400000,0,4.0
LOW,32323,1697198400000,1896.285,5.014571428571425,32325,1697205600000,2,4.0
HIGH,32391,1697634000000,1962.545,5.592214285714298,32393,1697641200000,2,4.0
LOW,32393,1697641200000,1938.125,6.0503571428571705,32418,1697734800000,25,4.0
HIGH,32439,1697814000000,1997.135,5.672714285714294,32441,1697821200000,2,4.0
LOW,32481,1698145200000,1953.404,4.452071428571393,32486,1698163200000,5,4.0
HIGH,32505,1698238800000,1987.115,4.492499999999983,32507,1698246000000,2,4.0
LOW,32507,1698246000000,1962.854,6.2942857142857065,32519,1698292800000,12,4.0
HIGH,32523,1698307200000,1993.385,3.6000000000000227,32527,1698321600000,4,4.0
LOW,32529,1698328800000,1971.655,5.183785714285721,32554,1698426000000,25,4.0
HIGH,32556,1698433200000,2009.395,5.9318571428571305,32600,1698771600000,44,4.0
LOW,32624,1698861600000,1969.815,5.052857142857143,32640,1698922800000,16,4.0
HIGH,32663,1699012800000,2003.968,3.555214285714279,32663,1699012800000,0,4.0
LOW,32663,1699012800000,1985.494,3.555214285714279,32664,1699016400000,1,4.0
HIGH,32664,1699016400000,2001.685,4.512357142857143,32676,1699239600000,12,4.0
LOW,32750,1699516800000,1944.575,2.8595000000000255,32756,1699538400000,6,4.0
HIGH,32760,1699552800000,1965.498,4.663214285714324,32776,1699617600000,16,4.0
LOW,32801,1699887600000,1931.515,3.5308571428571605,32802,1699891200000,1,4.0
HIGH,32819,1699966800000,1959.025,3.2400714285714196,32819,1699966800000,0,4.0
LOW,32819,1699966800000,1937.978,3.2400714285714196,32820,1699970400000,1,4.0
HIGH,32841,1700053200000,1975.148,3.1687857142856695,32842,1700056800000,1,4.0
LOW,32842,1700056800000,1955.325,3.816642857142824,32864,1700139600000,22,4.0
HIGH,32884,1700215200000,1993.335,2.8853571428571576,32888,1700229600000,4,4.0
LOW,32911,1700488800000,1965.355,4.357285714285695,32920,1700524800000,9,4.0
HIGH,32935,1700578800000,2007.475,4.849357142857132,32961,1700676000000,26,4.0
LOW,32961,1700676000000,1986.805,4.847642857142854,33004,1701046800000,43,4.0
HIGH,33050,1701219600000,2051.865,4.988214285714272,33085,1701352800000,35,4.0
LOW,33085,1701352800000,2031.258,4.475785714285702,33103,1701421200000,18,4.0
HIGH,33103,1701421200000,2049.745,3.0941428571428724,33105,1701428400000,2,4.0
LOW,33106,1701432000000,2033.805,3.8161428571428684,33109,1701442800000,3,4.0
HIGH,33116,1701648000000,2120.865,10.209142857142833,33122,1701669600000,6,4.0
LOW,33154,1701788400000,2009.855,6.496642857142839,33198,1701954000000,44,4.0
HIGH,33198,1701954000000,2039.778,3.8015714285714597,33202,1701968400000,4,4.0
LOW,33283,1702447200000,1972.935,2.759357142857133,33290,1702472400000,7,4.0
HIGH,33296,1702494000000,2017.355,6.212142857142827,33296,1702494000000,0,4.0
LOW,33296,1702494000000,1981.678,6.212142857142827,33297,1702497600000,1,4.0
HIGH,33314,1702562400000,2047.775,6.024785714285697,33341,1702663200000,27,4.0
LOW,33342,1702666800000,2015.515,5.500500000000037,33383,1702994400000,41,4.0
HIGH,33385,1703001600000,2046.905,4.25528571428567,33404,1703077200000,19,4.0
LOW,33412,1703106000000,2027.258,4.506214285714285,33427,1703163600000,15,4.0
HIGH,33506,1703728800000,2088.355,4.807499999999989,33523,1703790000000,17,4.0
LOW,33540,1703854800000,2058.105,3.573285714285638,33554,1704171600000,14,4.0
HIGH,33558,1704186000000,2078.825,4.11735714285708,33563,1704204000000,5,4.0
LOW,33630,1704711600000,2016.604,4.434357142857136,33634,1704726000000,4,4.0
HIGH,33655,1704805200000,2041.898,4.191857142857137,33671,1704866400000,16,4.0
LOW,33671,1704866400000,2023.795,3.2949999999999755,33675,1704880800000,4,4.0
HIGH,33675,1704880800000,2040.135,3.6302142857143087,33680,1704898800000,5,4.0
LOW,33684,1704913200000,2020.395,4.491642857142876,33701,1704978000000,17,4.0
HIGH,33701,1704978000000,2043.864,3.8506428571428324,33702,1704981600000,1,4.0
LOW,33705,1704992400000,2013.225,5.874857142857146,33716,1705035600000,11,4.0
HIGH,33725,1705068000000,2062.145,4.8167142857142675,33728,1705078800000,3,4.0
LOW,33794,1705514400000,2001.755,6.360214285714262,33829,1705647600000,35,4.0
HIGH,33835,1705669200000,2039.278,3.277857142857085,33837,1705676400000,2,4.0
LOW,33859,1705932000000,2016.448,4.475642857142849,33874,1705989600000,15,4.0
HIGH,33875,1705993200000,2037.808,3.621642857142888,33879,1706007600000,4,4.0
LOW,33927,1706187600000,2009.455,3.603571428571367,33928,1706191200000,1,4.0
HIGH,33973,1706533200000,2037.465,3.687642857142854,33974,1706536800000,1,4.0
LOW,33975,1706540400000,2020.485,4.691928571428581,33990,1706598000000,15,4.0
HIGH,33997,1706623200000,2048.448,3.76857142857146,33998,1706626800000,1,4.0
LOW,33998,1706626800000,2028.935,4.890714285714304,34020,1706709600000,22,4.0
HIGH,34021,1706713200000,2055.878,3.831928571428583,34025,1706727600000,4,4.0
LOW,34040,1706785200000,2029.905,4.064928571428562,34043,1706796000000,3,4.0
HIGH,34045,1706803200000,2065.348,6.255571428571443,34065,1706878800000,20,4.0
LOW,34089,1707141600000,2014.835,4.772999999999976,34113,1707231600000,24,4.0
HIGH,34134,1707314400000,2044.465,3.155071428571432,34146,1707361200000,12,4.0
LOW,34204,1707753600000,2011.795,3.326357142857156,34217,1707807600000,13,4.0
HIGH,34223,1707829200000,2032.845,4.068214285714297,34223,1707829200000,0,4.0
LOW,34247,1707922800000,1984.088,3.4094999999999964,34265,1707991200000,18,4.0
HIGH,34269,1708005600000,2008.175,2.972071428571423,34291,1708088400000,22,4.0
LOW,34291,1708088400000,1994.985,2.6786428571428553,34293,1708095600000,2,4.0
HIGH,34347,1708491600000,2032.195,2.4290714285714494,34359,1708534800000,12,4.0
LOW,34361,1708542000000,2019.915,3.2736428571428178,34373,1708588800000,12,4.0
HIGH,34373,1708588800000,2034.708,2.7659999999999627,34378,1708606800000,5,4.0
LOW,34396,1708678800000,2015.955,2.982428571428597,34399,1708689600000,3,4.0
HIGH,34491,1709211600000,2048.608,3.3818571428571267,34491,1709211600000,0,4.0
LOW,34491,1709211600000,2030.095,3.3818571428571267,34492,1709215200000,1,4.0
HIGH,34626,1709902800000,2185.305,6.028428571428516,34626,1709902800000,0,4.0
LOW,34626,1709902800000,2155.778,6.028428571428516,34629,1709913600000,3,4.0
HIGH,34630,1709917200000,2195.085,8.055785714285678,34670,1710244800000,40,4.0
LOW,34677,1710270000000,2150.455,7.2899999999999965,34698,1710349200000,21,4.0
HIGH,34698,1710349200000,2179.745,4.466714285714261,34715,1710417600000,17,4.0
LOW,34718,1710428400000,2152.665,4.4845000000000255,34735,1710493200000,17,4.0
HIGH,34735,1710493200000,2172.615,2.890857142857093,34738,1710504000000,3,4.0
LOW,34752,1710730800000,2145.985,4.759500000000052,34812,1710957600000,60,4.0
HIGH,34815,1710972000000,2222.875,8.874999999999968,34815,1710972000000,0,4.0
LOW,34856,1711126800000,2157.035,5.890428571428662,34875,1711371600000,19,4.0
HIGH,34895,1711447200000,2199.995,4.768142857142785,34898,1711458000000,3,4.0
LOW,34900,1711465200000,2171.595,7.014928571428494,34935,1711602000000,35,4.0
HIGH,35039,1712253600000,2305.425,6.298285714285677,35040,1712257200000,1,4.0
LOW,35045,1712278800000,2267.605,9.11664285714281,35058,1712325600000,13,4.0
HIGH,35099,1712653200000,2365.185,5.260285714285699,35105,1712674800000,6,4.0
LOW,35126,1712754000000,2319.265,7.665142857142947,35127,1712757600000,1,4.0
HIGH,35173,1712934000000,2431.385,11.979785714285688,35173,1712934000000,0,4.0
LOW,35195,1713189600000,2323.858,10.246357142857082,35198,1713200400000,3,4.0
HIGH,35220,1713283200000,2398.128,10.070142857142823,35247,1713384000000,27,4.0
LOW,35247,1713384000000,2354.435,10.13071428571428,35274,1713488400000,27,4.0
HIGH,35274,1713488400000,2417.745,9.503785714285673,35277,1713499200000,3,4.0
LOW,35328,1713862800000,2291.265,10.185357142857194,35333,1713880800000,5,4.0
HIGH,35357,1713970800000,2337.128,7.7345000000000255,35368,1714014000000,11,4.0
LOW,35368,1714014000000,2304.898,7.313857142857192,35377,1714046400000,9,4.0
HIGH,35397,1714122000000,2352.418,4.664500000000024,35402,1714140000000,5,4.0
LOW,35461,1714536000000,2281.515,6.315357142857238,35471,1714572000000,10,4.0
HIGH,35475,1714586400000,2328.225,8.265714285714271,35490,1714644000000,15,4.0
LOW,35493,1714654800000,2285.358,6.266857142857036,35515,1714737600000,22,4.0
HIGH,35515,1714737600000,2320.548,5.577357142857084,35516,1714741200000,1,4.0
LOW,35516,1714741200000,2277.165,7.68949999999992,35527,1714957200000,11,4.0
HIGH,35627,1715335200000,2378.365,5.574357142857155,35641,1715562000000,14,4.0
LOW,35655,1715612400000,2331.985,5.927714285714306,35676,1715695200000,21,4.0
HIGH,35697,1715774400000,2378.795,5.7504285714286265,35698,1715778000000,1,4.0
LOW,35698,1715778000000,2351.735,7.264000000000026,35700,1715785200000,2,4.0
HIGH,35758,1716181200000,2449.985,8.938571428571452,35765,1716206400000,7,4.0
LOW,35845,1716516000000,2325.265,8.929571428571503,35899,1716901200000,54,4.0
HIGH,35899,1716901200000,2363.975,5.376642857142899,35918,1716973200000,19,4.0
LOW,35937,1717045200000,2322.458,5.406499999999888,35944,1717070400000,7,4.0
HIGH,35968,1717160400000,2359.598,5.989857142857188,35969,1717164000000,1,4.0
LOW,35984,1717394400000,2314.635,5.853571428571415,35992,1717423200000,8,4.0
HIGH,35995,1717434000000,2354.565,7.034571428571455,36012,1717498800000,17,4.0
LOW,36015,1717509600000,2315.508,7.393928571428627,36037,1717592400000,22,4.0
HIGH,36075,1717736400000,2387.595,6.4760714285714585,36078,1717747200000,3,4.0
LOW,36090,1717790400000,2286.628,13.303142857142932,36152,1718197200000,62,4.0
HIGH,36152,1718197200000,2341.495,5.981928571428592,36158,1718218800000,6,4.0
LOW,36173,1718276400000,2303.845,5.611857142857161,36174,1718280000000,1,4.0
HIGH,36174,1718280000000,2326.495,6.844571428571401,36177,1718290800000,3,4.0
LOW,36178,1718294400000,2295.395,8.483071428571423,36195,1718359200000,17,4.0
HIGH,36196,1718362800000,2336.575,5.3828571428571195,36223,1718636400000,27,4.0
LOW,36241,1718704800000,2306.465,3.920000000000008,36243,1718712000000,2,4.0
HIGH,36307,1718967600000,2368.558,4.435928571428576,36309,1718974800000,2,4.0
LOW,36378,1719406800000,2293.464,7.338857142857186,36400,1719489600000,22,4.0
HIGH,36533,1720180800000,2376.025,5.244285714285719,36533,1720180800000,0,4.0
LOW,36533,1720180800000,2347.515,5.244285714285719,36534,1720184400000,1,4.0
HIGH,36540,1720206000000,2392.815,7.6944285714285865,36559,1720450800000,19,4.0
LOW,36582,1720537200000,2349.455,6.236214285714303,36597,1720594800000,15,4.0
HIGH,36625,1720699200000,2409.588,5.348285714285794,36625,1720699200000,0,4.0
LOW,36625,1720699200000,2377.668,5.348285714285794,36626,1720702800000,1,4.0
HIGH,36628,1720710000000,2424.395,7.919714285714398,36648,1720785600000,20,4.0
LOW,36648,1720785600000,2391.325,5.2028571428571855,36651,1720796400000,3,4.0
HIGH,36719,1721224800000,2483.548,9.46992857142852,36747,1721329200000,28,4.0
LOW,36788,1721656800000,2383.715,6.41457142857137,36808,1721732400000,20,4.0
HIGH,36834,1721829600000,2431.945,6.615642857142802,36839,1721847600000,5,4.0
LOW,36860,1721926800000,2353.005,9.61150000000001,36887,1722204000000,27,4.0
HIGH,36887,1722204000000,2402.995,6.555500000000003,36904,1722265200000,17,4.0
LOW,36904,1722265200000,2369.518,6.238142857142942,36925,1722344400000,21,4.0
HIGH,36993,1722600000000,2477.494,8.03614285714288,36995,1722607200000,2,4.0
LOW,37016,1722859200000,2364.164,16.80899999999997,37106,1723197600000,90,4.0
HIGH,37177,1723636800000,2479.715,6.229642857142933,37178,1723640400000,1,4.0
LOW,37181,1723651200000,2438.0,7.982642857142959,37200,1723723200000,19,4.0
HIGH,37200,1723723200000,2469.945,5.663785714285723,37201,1723726800000,1,4.0
LOW,37201,1723726800000,2432.015,6.878285714285734,37204,1723737600000,3,4.0
HIGH,37270,1724158800000,2531.558,6.345285714285702,37272,1724166000000,2,4.0
LOW,37317,1724335200000,2470.705,7.756071428571464,37337,1724410800000,20,4.0
HIGH,37360,1724670000000,2526.708,4.272499999999939,37373,1724720400000,13,4.0
LOW,37385,1724763600000,2503.325,6.128857142857247,37394,1724799600000,9,4.0
HIGH,37394,1724799600000,2528.888,5.704857142857171,37400,1724821200000,6,4.0
LOW,37407,1724846400000,2493.515,5.221500000000008,37418,1724889600000,11,4.0
HIGH,37427,1724922000000,2524.295,4.623499999999987,37430,1724932800000,3,4.0
LOW,37430,1724932800000,2503.515,5.393642857142822,37433,1724943600000,3,4.0
HIGH,37435,1724950800000,2528.558,6.855071428571364,37456,1725030000000,21,4.0
LOW,37514,1725440400000,2471.718,4.99549999999996,37519,1725458400000,5,4.0
HIGH,37540,1725537600000,2523.448,4.773214285714305,37543,1725548400000,3,4.0
LOW,37543,1725548400000,2503.805,6.0727857142857955,37563,1725624000000,20,4.0
HIGH,37563,1725624000000,2529.125,4.564642857142904,37564,1725627600000,1,4.0
LOW,37567,1725638400000,2485.015,8.802500000000009,37620,1726016400000,53,4.0
HIGH,37625,1726034400000,2528.885,3.563999999999981,37631,1726056000000,6,4.0
LOW,37633,1726063200000,2500.825,6.437357142857179,37654,1726142400000,21,4.0
HIGH,37655,1726146000000,2551.534,6.70499999999996,37655,1726146000000,0,4.0
LOW,37655,1726146000000,2521.965,6.70499999999996,37656,1726149600000,1,4.0
HIGH,37694,1726466400000,2589.515,3.8470714285713905,37720,1726563600000,26,4.0
LOW,37728,1726592400000,2560.984,7.9267857142857725,37752,1726682400000,24,4.0
HIGH,37752,1726682400000,2599.995,7.622428571428502,37753,1726686000000,1,4.0
LOW,37753,1726686000000,2546.645,9.465285714285658,37764,1726729200000,11,4.0
HIGH,37882,1727348400000,2685.405,5.244285714285752,37884,1727355600000,2,4.0
LOW,37935,1727719200000,2624.538,8.074285714285745,37953,1727787600000,18,4.0
HIGH,37956,1727798400000,2672.908,7.304714285714324,37975,1727870400000,19,4.0
LOW,38000,1727964000000,2636.255,7.065500000000027,38013,1728014400000,13,4.0
HIGH,38014,1728018000000,2667.675,4.424714285714247,38021,1728043200000,7,4.0
LOW,38021,1728043200000,2632.068,5.741714285714189,38023,1728050400000,2,4.0
HIGH,38024,1728054000000,2670.065,9.170571428571359,38062,1728370800000,38,4.0
LOW,38110,1728561600000,2601.734,6.132571428571347,38110,1728561600000,0,4.0
HIGH,38150,1728885600000,2666.705,5.389142857142782,38158,1728914400000,8,4.0
LOW,38171,1728968400000,2637.955,4.9967142857142335,38180,1729000800000,9,4.0
HIGH,38270,1729515600000,2740.418,5.789071428571431,38272,1729522800000,2,4.0
LOW,38276,1729537200000,2714.165,7.279714285714265,38295,1729609200000,19,4.0
HIGH,38310,1729670400000,2758.338,4.697857142857174,38315,1729688400000,5,4.0
LOW,38317,1729695600000,2708.635,7.8190714285715,38337,1729771200000,20,4.0
HIGH,38338,1729774800000,2743.175,5.336428571428509,38356,1729843200000,18,4.0
LOW,38357,1729846800000,2716.885,4.299500000000047,38362,1729864800000,5,4.0
HIGH,38441,1730336400000,2790.005,6.120142857142939,38453,1730379600000,12,4.0
LOW,38510,1730772000000,2724.695,5.176714285714297,38521,1730811600000,11,4.0
HIGH,38522,1730815200000,2749.875,6.804571428571405,38537,1730872800000,15,4.0
LOW,38555,1730941200000,2643.134,13.480714285714352,38569,1730991600000,14,4.0
HIGH,38574,1731009600000,2710.244,9.687714285714264,38602,1731290400000,28,4.0
LOW,38633,1731405600000,2589.508,7.246785714285709,38659,1731502800000,26,4.0
HIGH,38659,1731502800000,2618.628,5.96407142857145,38661,1731510000000,2,4.0
LOW,38678,1731574800000,2536.664,8.311999999999964,38684,1731596400000,6,4.0
HIGH,38829,1732489200000,2721.185,10.063642857142765,38833,1732503600000,4,4.0
LOW,38852,1732575600000,2605.085,12.800571428571434,38888,1732712400000,36,4.0
HIGH,38888,1732712400000,2658.098,6.5084999999999456,38899,1732755600000,11,4.0
LOW,38899,1732755600000,2620.815,7.278214285714284,38920,1732845600000,21,4.0
HIGH,38924,1732860000000,2666.195,6.201142857142811,38938,1733097600000,14,4.0
LOW,39031,1733446800000,2612.585,7.43864285714283,39033,1733454000000,2,4.0
HIGH,39101,1733882400000,2704.098,6.124785714285703,39104,1733893200000,3,4.0
LOW,39104,1733893200000,2674.345,7.131999999999964,39113,1733925600000,9,4.0
HIGH,39117,1733940000000,2721.005,9.044571428571414,39132,1734012000000,15,4.0
LOW,39229,1734548400000,2603.975,6.876214285714241,39229,1734548400000,0,4.0
HIGH,39229,1734548400000,2635.778,6.876214285714241,39230,1734552000000,1,4.0
LOW,39232,1734562800000,2582.264,8.926857142857086,39240,1734591600000,8,4.0
HIGH,39285,1734937200000,2633.135,5.580500000000094,39293,1734966000000,8,4.0
LOW,39294,1734969600000,2608.055,5.793571428571503,39335,1735225200000,41,4.0
HIGH,39335,1735225200000,2638.975,4.395785714285694,39355,1735304400000,20,4.0
LOW,39381,1735574400000,2595.905,7.354214285714306,39403,1735657200000,22,4.0
HIGH,39436,1735873200000,2665.185,6.635214285714288,39453,1735934400000,17,4.0
LOW,39463,1736146800000,2625.035,4.88735714285716,39467,1736161200000,4,4.0
HIGH,39467,1736161200000,2649.305,6.257714285714298,39469,1736168400000,2,4.0
LOW,39470,1736172000000,2614.365,9.205000000000057,39491,1736251200000,21,4.0
HIGH,39492,1736254800000,2664.098,5.3849285714285156,39494,1736262000000,2,4.0
LOW,39494,1736262000000,2642.035,6.458500000000023,39518,1736352000000,24,4.0
HIGH,39565,1736528400000,2697.709,7.471714285714272,39582,1736769600000,17,4.0
LOW,39589,1736794800000,2656.615,7.07128571428575,39624,1736928000000,35,4.0
HIGH,39655,1737046800000,2724.565,6.4212142857143135,39682,1737147600000,27,4.0
LOW,39684,1737334800000,2689.308,5.946642857142933,39689,1737352800000,5,4.0
HIGH,39736,1737540000000,2763.205,5.749214285714255,39762,1737637200000,26,4.0
LOW,39762,1737637200000,2735.665,5.418785714285702,39766,1737651600000,4,4.0
HIGH,39787,1737730800000,2785.825,6.473428571428615,39797,1737943200000,10,4.0
LOW,39802,1737961200000,2747.065,5.689785714285757,39805,1737972000000,3,4.0
HIGH,39806,1737975600000,2771.855,7.0269285714286,39810,1737990000000,4,4.0
LOW,39812,1737997200000,2730.529,8.600428571428536,39842,1738112400000,30,4.0
HIGH,39842,1738112400000,2765.985,3.71378571428571,39856,1738162800000,14,4.0
LOW,39860,1738177200000,2745.0,5.842857142857123,39871,1738220400000,11,4.0
HIGH,39901,1738335600000,2816.935,5.538857142857101,39906,1738353600000,5,4.0
LOW,39911,1738551600000,2771.885,8.75692857142852,39920,1738584000000,9,4.0
HIGH,39968,1738767600000,2882.215,8.01135714285715,39984,1738828800000,16,4.0
LOW,39991,1738854000000,2833.955,8.793642857142913,40002,1738897200000,11,4.0
HIGH,40014,1738940400000,2886.605,7.572857142857174,40016,1738947600000,2,4.0
LOW,40016,1738947600000,2853.135,9.13878571428573,40028,1739167200000,12,4.0
HIGH,40047,1739239200000,2942.665,10.815714285714291,40057,1739275200000,10,4.0
LOW,40081,1739365200000,2863.685,8.615785714285721,40084,1739376000000,3,4.0
HIGH,40124,1739527200000,2939.935,5.356928571428658,40127,1739538000000,3,4.0
LOW,40134,1739563200000,2876.805,10.37214285714286,40168,1739880000000,34,4.0
HIGH,40188,1739959200000,2946.865,6.5344285714285695,40196,1739988000000,8,4.0
LOW,40196,1739988000000,2918.365,7.976928571428614,40208,1740034800000,12,4.0
HIGH,40210,1740042000000,2954.755,5.965000000000113,40215,1740060000000,5,4.0
LOW,40232,1740124800000,2916.615,8.708642857142909,40259,1740402000000,27,4.0
HIGH,40260,1740405600000,2956.035,9.147142857142853,40284,1740495600000,24,4.0
LOW,40353,1740754800000,2832.455,9.635571428571438,40360,1740956400000,7,4.0
HIGH,40466,1741359600000,2930.185,8.86407142857141,40492,1741626000000,26,4.0
LOW,40493,1741629600000,2879.935,10.39749999999997,40511,1741698000000,18,4.0
HIGH,40640,1742360400000,3045.155,4.889142857142815,40643,1742371200000,3,4.0
LOW,40644,1742374800000,3022.315,5.9234285714285635,40653,1742407200000,9,4.0
HIGH,40662,1742443200000,3057.245,7.236499999999978,40668,1742464800000,6,4.0
LOW,40694,1742562000000,3004.075,7.824999999999981,40694,1742562000000,0,4.0
HIGH,40694,1742562000000,3036.655,7.824999999999981,40695,1742565600000,1,4.0
LOW,40695,1742565600000,2999.268,8.702857142857122,40741,1742911200000,46,4.0
HIGH,40847,1743483600000,3148.835,7.933357142857176,40857,1743519600000,10,4.0
LOW,40858,1743523200000,3100.665,10.432357142857168,40886,1743634800000,28,4.0
HIGH,40886,1743634800000,3167.548,13.953642857142768,40897,1743674400000,11,4.0
LOW,40900,1743685200000,3053.935,17.970928571428594,40901,1743688800000,1,4.0
HIGH,40921,1743764400000,3136.435,13.947857142857108,40922,1743768000000,1,4.0
LOW,40948,1744045200000,2956.125,21.22078571428574,40984,1744182000000,36,4.0
HIGH,41112,1744840800000,3357.455,14.05714285714287,41128,1744898400000,16,4.0
LOW,41128,1744898400000,3283.345,15.978571428571447,41134,1745186400000,6,4.0
HIGH,41165,1745301600000,3499.915,18.534285714285748,41171,1745323200000,6,4.0
LOW,41196,1745416800000,3259.485,25.97142857142847,41206,1745456400000,10,4.0
HIGH,41226,1745535600000,3367.725,14.319999999999936,41232,1745557200000,6,4.0
LOW,41240,1745586000000,3264.785,18.372142857142958,41266,1745856000000,26,4.0
HIGH,41269,1745866800000,3352.835,14.93542857142854,41303,1746000000000,34,4.0
LOW,41330,1746100800000,3201.685,16.924642857142867,41365,1746406800000,35,4.0
HIGH,41408,1746568800000,3437.655,16.354285714285748,41410,1746576000000,2,4.0
LOW,41553,1747288800000,3120.205,14.726785714285759,41558,1747306800000,5,4.0
HIGH,41568,1747346400000,3251.805,12.897142857142756,41578,1747382400000,10,4.0
LOW,41581,1747393200000,3153.475,17.144285714285747,41591,1747605600000,10,4.0
HIGH,41665,1747882800000,3345.198,10.538999999999955,41672,1747908000000,7,4.0
LOW,41676,1747922400000,3278.789,16.325071428571423,41696,1747998000000,20,4.0
HIGH,41702,1748019600000,3365.798,13.423642857142827,41734,1748325600000,32,4.0
LOW,41775,1748480400000,3245.198,14.085357142857188,41785,1748516400000,10,4.0
HIGH,41790,1748534400000,3330.775,11.812428571428525,41809,1748606400000,19,4.0
LOW,41811,1748613600000,3271.095,13.9629999999999,41826,1748844000000,15,4.0
HIGH,41842,1748905200000,3391.935,9.830928571428624,41849,1748930400000,7,4.0
LOW,41857,1748959200000,3332.575,11.164714285714224,41880,1749045600000,23,4.0
HIGH,41900,1749121200000,3403.178,9.244357142857163,41903,1749132000000,3,4.0
LOW,41937,1749434400000,3293.198,13.495642857142846,41971,1749560400000,34,4.0
HIGH,42050,1750032000000,3451.085,12.390785714285714,42063,1750078800000,13,4.0
LOW,42145,1750399200000,3340.175,9.002285714285724,42160,1750629600000,15,4.0
HIGH,42160,1750629600000,3396.648,9.751214285714273,42163,1750640400000,3,4.0
LOW,42167,1750654800000,3346.675,9.859214285714254,42175,1750683600000,8,4.0
HIGH,42178,1750694400000,3393.348,11.56492857142845,42184,1750719600000,6,4.0
LOW,42198,1750770000000,3295.098,13.31535714285714,42239,1750924800000,41,4.0
HIGH,42239,1750924800000,3350.025,6.789071428571366,42243,1750939200000,4,4.0
LOW,42275,1751234400000,3244.925,11.833714285714288,42283,1751263200000,8,4.0
HIGH,42312,1751371200000,3357.865,6.910714285714286,42325,1751421600000,13,4.0
LOW,42330,1751439600000,3327.275,6.780714285714306,42341,1751479200000,11,4.0
HIGH,42344,1751493600000,3365.455,7.473071428571432,42358,1751544000000,14,4.0
LOW,42397,1751882400000,3296.195,9.794999999999943,42404,1751907600000,7,4.0
HIGH,42408,1751925600000,3345.548,8.455214285714257,42424,1751983200000,16,4.0
LOW,42441,1752048000000,3282.425,7.518285714285639,42447,1752069600000,6,4.0
HIGH,42509,1752476400000,3374.805,7.95957142857141,42516,1752501600000,7,4.0
LOW,42562,1752674400000,3319.499,8.020428571428576,42563,1752678000000,1,4.0
HIGH,42563,1752678000000,3377.185,10.576142857142875,42577,1752732000000,14,4.0
LOW,42583,1752753600000,3309.575,8.172142857142912,42592,1752789600000,9,4.0
HIGH,42663,1753228800000,3438.655,8.459928571428561,42678,1753282800000,15,4.0
LOW,42797,1753902000000,3267.955,10.658428571428658,42809,1753948800000,12,4.0
HIGH,42836,1754049600000,3344.948,10.430785714285776,42836,1754049600000,0,4.0
LOW,42836,1754049600000,3297.275,10.430785714285776,42837,1754053200000,1,4.0
HIGH,42860,1754312400000,3385.205,8.603285714285644,42881,1754391600000,21,4.0
LOW,42881,1754391600000,3349.639,6.140142857142889,42883,1754398800000,2,4.0
HIGH,42937,1754604000000,3408.675,12.01714285714281,42968,1754895600000,31,4.0
LOW,42998,1755007200000,3330.898,10.782928571428588,43030,1755129600000,32,4.0
HIGH,43030,1755129600000,3374.555,6.972142857142801,43037,1755154800000,7,4.0
LOW,43075,1755471600000,3323.335,6.999714285714195,43079,1755486000000,4,4.0
HIGH,43081,1755493200000,3358.215,7.581857142857091,43099,1755561600000,18,4.0
LOW,43123,1755651600000,3311.255,6.078357142857028,43134,1755691200000,11,4.0
HIGH,43143,1755727200000,3351.935,5.977714285714195,43155,1755770400000,12,4.0
LOW,43156,1755774000000,3324.948,5.621500000000132,43159,1755784800000,3,4.0
HIGH,43182,1755871200000,3376.455,8.31800000000005,43182,1755871200000,0,4.0
LOW,43182,1755871200000,3334.715,8.31800000000005,43183,1755874800000,1,4.0
HIGH,43214,1756166400000,3386.425,7.532857142857146,43214,1756166400000,0,4.0
LOW,43214,1756166400000,3351.175,7.532857142857146,43215,1756170000000,1,4.0
HIGH,43326,1756774800000,3508.228,8.275214285714226,43332,1756796400000,6,4.0
LOW,43333,1756800000000,3469.805,9.41785714285717,43339,1756821600000,6,4.0
HIGH,43366,1756922400000,3578.175,9.807714285714317,43373,1756951200000,7,4.0
LOW,43374,1756954800000,3510.425,12.313142857142923,43399,1757048400000,25,4.0
HIGH,43454,1757426400000,3673.645,13.010214285714287,43461,1757455200000,7,4.0
LOW,43498,1757592000000,3611.465,9.991142857142775,43512,1757646000000,14,4.0
HIGH,43514,1757653200000,3656.435,6.493357142857088,43533,1757898000000,19,4.0
LOW,43533,1757898000000,3626.148,6.56214285714285,43545,1757941200000,12,4.0
HIGH,43569,1758031200000,3702.828,9.329428571428545,43586,1758096000000,17,4.0
LOW,43596,1758132000000,3645.765,12.48614285714286,43596,1758132000000,0,4.0
HIGH,43596,1758132000000,3707.308,12.48614285714286,43597,1758135600000,1,4.0
LOW,43614,1758200400000,3627.465,13.308428571428587,43642,1758304800000,28,4.0
HIGH,43679,1758618000000,3790.865,10.645999999999958,43708,1758726000000,29,4.0
LOW,43712,1758740400000,3717.348,10.900000000000025,43724,1758787200000,12,4.0
HIGH,43791,1759212000000,3871.505,9.408857142857155,43793,1759219200000,2,4.0
LOW,43794,1759222800000,3792.875,14.162642857142828,43799,1759240800000,5,4.0
HIGH,43844,1759410000000,3896.958,10.229285714285652,43845,1759413600000,1,4.0
LOW,43846,1759417200000,3819.095,14.29521428571424,43867,1759496400000,21,4.0
HIGH,43939,1759939200000,4059.098,13.042857142857233,43945,1759964400000,6,4.0
LOW,43963,1760029200000,3943.788,20.165500000000097,43990,1760306400000,27,4.0
HIGH,44020,1760418000000,4179.355,18.776642857142892,44021,1760421600000,1,4.0
LOW,44021,1760421600000,4089.805,20.76971428571434,44039,1760490000000,18,4.0
HIGH,44082,1760652000000,4379.125,21.80657142857126,44085,1760662800000,3,4.0
LOW,44101,1760720400000,4185.425,37.24378571428575,44121,1760968800000,20,4.0
HIGH,44126,1760986800000,4381.298,23.69728571428563,44138,1761033600000,12,4.0
LOW,44254,1761642000000,3886.199,24.966214285714255,44275,1761721200000,21,4.0
HIGH,44280,1761739200000,4029.955,19.629571428571385,44286,1761760800000,6,4.0
LOW,44294,1761793200000,3915.065,26.416928571428702,44310,1761850800000,16,4.0
HIGH,44312,1761861600000,4045.925,22.480214285714347,44373,1762264800000,61,4.0
LOW,44373,1762264800000,3928.475,16.559071428571446,44412,1762412400000,39,4.0
HIGH,44417,1762430400000,4019.275,10.56050000000008,44420,1762441200000,3,4.0
LOW,44422,1762448400000,3965.425,12.923357142857217,44444,1762531200000,22,4.0
HIGH,44478,1762833600000,4148.755,11.683142857142814,44489,1762873200000,11,4.0
LOW,44489,1762873200000,4096.845,12.593642857142965,44512,1762959600000,23,4.0
HIGH,44532,1763035200000,4244.925,16.977999999999806,44538,1763056800000,6,4.0
LOW,44596,1763449200000,3997.658,20.61950000000005,44603,1763474400000,7,4.0
HIGH,44627,1763564400000,4132.675,18.455000000000023,44629,1763571600000,2,4.0
LOW,44666,1763712000000,4022.075,17.71450000000001,44674,1763740800000,8,4.0
HIGH,44771,1764291600000,4193.015,9.077857142857088,44777,1764320400000,6,4.0
LOW,44777,1764320400000,4155.225,10.577214285714295,44782,1764338400000,5,4.0
HIGH,44800,1764594000000,4264.385,17.63557142857144,44819,1764666000000,19,4.0
LOW,44825,1764687600000,4163.458,17.174999999999923,44846,1764766800000,21,4.0
HIGH,44847,1764770400000,4241.235,13.576214285714352,44861,1764824400000,14,4.0
LOW,44861,1764824400000,4175.005,14.141714285714247,44892,1764939600000,31,4.0
HIGH,44894,1764946800000,4259.105,10.684500000000039,44895,1764950400000,1,4.0
LOW,44930,1765260000000,4169.845,9.846642857142797,44933,1765270800000,3,4.0
HIGH,45007,1765548000000,4353.325,13.350500000000011,45008,1765551600000,1,4.0
LOW,45009,1765555200000,4256.845,19.65857142857138,45021,1765774800000,12,4.0
HIGH,45025,1765789200000,4349.995,11.137142857142862,45032,1765814400000,7,4.0
LOW,45044,1765861200000,4271.125,15.04992857142835,45053,1765893600000,9,4.0
HIGH,45100,1766073600000,4374.395,13.102142857142942,45101,1766077200000,1,4.0
LOW,45108,1766106000000,4308.715,18.104285714285847,45131,1766365200000,23,4.0
HIGH,45155,1766455200000,4497.345,13.590571428571366,45167,1766498400000,12,4.0
LOW,45168,1766502000000,4429.975,15.481214285714161,45172,1766516400000,4,4.0
HIGH,45177,1766538000000,4525.765,18.587642857142782,45191,1766588400000,14,4.0
LOW,45191,1766588400000,4447.895,18.804214285714156,45195,1766710800000,4,4.0
HIGH,45210,1766764800000,4549.715,14.234785714285668,45217,1766966400000,7,4.0
LOW,45269,1767160800000,4273.805,26.84821428571422,45290,1767330000000,21,4.0
HIGH,45298,1767358800000,4401.928,13.999499999999898,45300,1767366000000,2,4.0
LOW,45303,1767376800000,4309.618,16.48928571428548,45307,1767567600000,4,4.0
HIGH,45353,1767740400000,4500.348,15.12978571428565,45366,1767787200000,13,4.0
LOW,45389,1767873600000,4407.485,14.398571428571358,45394,1767891600000,5,4.0
HIGH,45460,1768312800000,4634.285,15.394999999999982,45466,1768334400000,6,4.0
LOW,45530,1768575600000,4536.515,19.272642857142923,45530,1768575600000,0,4.0
HIGH,45586,1768975200000,4888.075,23.945785714285712,45599,1769022000000,13,4.0
LOW,45599,1769022000000,4755.345,33.25857142857155,45620,1769101200000,21,4.0
HIGH,45655,1769407200000,5110.885,28.493571428571354,45670,1769461200000,15,4.0
LOW,45670,1769461200000,4989.805,32.84357142857146,45692,1769544000000,22,4.0
HIGH,45717,1769641200000,5596.805,50.72642857142845,45733,1769698800000,16,4.0
LOW,45733,1769698800000,5098.765,70.18785714285703,45738,1769716800000,5,4.0
HIGH,45741,1769731200000,5450.745,92.6032857142857,45749,1769760000000,8,4.0
LOW,45769,1770012000000,4401.038,136.33085714285724,45794,1770105600000,25,4.0
HIGH,45817,1770192000000,5091.395,44.9217857142857,45824,1770217200000,7,4.0
LOW,45855,1770336000000,4654.355,59.94421428571429,45860,1770354000000,5,4.0
HIGH,45936,1770811200000,5118.815,26.39221428571435,45963,1770912000000,27,4.0
LOW,45963,1770912000000,4877.255,34.18185714285716,45984,1770994800000,21,4.0
HIGH,45991,1771196400000,5051.678,30.92128571428592,46013,1771290000000,22,4.0
LOW,46026,1771336800000,4840.095,33.149285714285725,46048,1771423200000,22,4.0
HIGH,46125,1771887600000,5249.575,23.2397142857144,46127,1771894800000,2,4.0
LOW,46140,1771941600000,5093.225,27.935499999999916,46153,1771995600000,13,4.0
HIGH,46165,1772038800000,5217.385,20.180714285714267,46186,1772118000000,21,4.0
LOW,46186,1772118000000,5129.495,22.37650000000011,46207,1772197200000,21,4.0
HIGH,46223,1772434800000,5418.875,32.123571428571395,46232,1772467200000,9,4.0
LOW,46527,1773925200000,4502.108,50.399285714285725,46540,1773975600000,13,4.0
HIGH,46540,1773975600000,4735.835,47.52814285714281,46552,1774018800000,12,4.0
LOW,46567,1774249200000,4098.275,80.8745714285714,46571,1774263600000,4,4.0
HIGH,46608,1774404000000,4602.125,45.37421428571439,46635,1774504800000,27,4.0
LOW,46649,1774555200000,4350.995,39.37642857142873,46666,1774620000000,17,4.0
HIGH,46667,1774623600000,4554.965,30.884785714285822,46675,1774828800000,8,4.0
LOW,46675,1774828800000,4417.665,39.53692857142869,46686,1774868400000,11,4.0
HIGH,46742,1775084400000,4800.185,28.418642857142977,46744,1775091600000,2,4.0
LOW,46749,1775109600000,4553.158,42.45392857142854,46809,1775599200000,60,4.0
HIGH,46811,1775606400000,4856.998,40.056357142857124,46878,1776031200000,67,4.0
LOW,46878,1776031200000,4634.998,26.396500000000028,46893,1776085200000,15,4.0
HIGH,46927,1776214800000,4871.165,19.684785714285812,46935,1776243600000,8,4.0
LOW,46973,1776387600000,4768.0,16.987999999999893,46984,1776427200000,11,4.0
HIGH,46985,1776430800000,4889.335,21.065642857142848,46993,1776636000000,8,4.0
LOW,47169,1777467600000,4509.875,20.755714285714475,47186,1777532400000,17,4.0
HIGH,47189,1777543200000,4646.705,19.863142857142975,47210,1777622400000,21,4.0
LOW,47211,1777626000000,4560.045,14.107642857142894,47215,1777640400000,4,4.0
HIGH,47216,1777644000000,4660.065,20.51535714285722,47232,1777878000000,16,4.0
LOW,47241,1777910400000,4500.665,22.980857142857076,47270,1778022000000,29,4.0
HIGH,47309,1778166000000,4764.595,21.07242857142845,47315,1778191200000,6,4.0
LOW,47345,1778475600000,4647.825,18.109785714285668,47353,1778504400000,8,4.0
HIGH,47363,1778544000000,4773.335,20.190928571428426,47370,1778569200000,7,4.0
LOW,47378,1778598000000,4638.225,19.984285714285566,47383,1778616000000,5,4.0
HIGH,47386,1778630400000,4726.618,19.730571428571302,47429,1778788800000,43,4.0
LOW,47455,1779062400000,4480.065,26.19928571428571,47477,1779145200000,22,4.0
HIGH,47478,1779148800000,4589.295,21.4602142857143,47491,1779195600000,13,4.0
LOW,47504,1779246000000,4453.145,23.934285714285643,47516,1779289200000,12,4.0
HIGH,47525,1779325200000,4570.725,19.47285714285694,47537,1779368400000,12,4.0
LOW,47537,1779368400000,4488.335,20.686214285714218,47569,1779663600000,32,4.0
HIGH,47589,1779750000000,4580.225,12.291000000000038,47591,1779757200000,2,4.0
LOW,47639,1779940800000,4366.048,18.4997857142858,47649,1779976800000,10,4.0
HIGH,47673,1780066800000,4594.665,20.28478571428559,47684,1780282800000,11,4.0
LOW,47695,1780322400000,4447.515,18.008357142857157,47709,1780376400000,14,4.0
HIGH,47711,1780383600000,4541.385,14.91842857142852,47722,1780423200000,11,4.0
LOW,47748,1780524000000,4423.685,18.45835714285717,47761,1780570800000,13,4.0
HIGH,47763,1780578000000,4515.175,19.93500000000001,47776,1780628400000,13,4.0
LOW,47864,1781132400000,4023.585,32.23121428571422,47882,1781197200000,18,4.0
HIGH,47974,1781715600000,4382.125,15.994285714285654,47975,1781719200000,1,4.0
LOW,47976,1781722800000,4218.805,27.225714285714144,47981,1781744400000,5,4.0
HIGH,47982,1781748000000,4329.865,33.568857142857006,48002,1781823600000,20,4.0
LOW,48008,1781845200000,4121.438,18.79457142857135,48021,1782086400000,13,4.0
HIGH,48022,1782090000000,4220.778,22.845928571428562,48048,1782187200000,26,4.0
LOW,48085,1782324000000,3958.695,30.38571428571439,48127,1782482400000,42,4.0
HIGH,48128,1782486000000,4095.795,21.527428571428572,48150,1782741600000,22,4.0
LOW,48160,1782781200000,3941.528,18.608142857142802,48165,1782799200000,5,4.0
HIGH,48173,1782828000000,4063.205,23.966714285714325,48188,1782885600000,15,4.0
LOW,48189,1782889200000,3959.905,13.654285714285802,48193,1782903600000,4,4.0
HIGH,48195,1782910800000,4107.585,22.395000000000014,48195,1782910800000,0,4.0
LOW,48195,1782910800000,4012.545,22.395000000000014,48196,1782914400000,1,4.0
HIGH,48247,1783299600000,4202.905,16.024285714285593,48255,1783328400000,8,4.0
LOW,48274,1783400400000,4116.515,12.908571428571511,48281,1783425600000,7,4.0
HIGH,48282,1783429200000,4180.225,16.433571428571472,48288,1783450800000,6,4.0
LOW,48307,1783522800000,4021.525,23.25428571428561,48323,1783584000000,16,4.0
HIGH,48331,1783612800000,4138.175,15.154285714285574,48352,1783692000000,21,4.0
LOW,48384,1783987200000,3983.285,18.31214285714285,48396,1784030400000,12,4.0
HIGH,48396,1784030400000,4100.785,17.39714285714282,48409,1784080800000,13,4.0
LOW,48415,1784102400000,4017.155,13.521428571428617,48419,1784116800000,4,4.0
HIGH,48425,1784138400000,4080.935,18.54500000000001,48442,1784203200000,17,4.0
LOW,48466,1784293200000,3959.485,17.81071428571428,48487,1784545200000,21,4.0
HIGH,48537,1784732400000,4165.775,15.804285714285536,48552,1784790000000,15,4.0
LOW,48573,1784869200000,4021.665,9.672142857142878,48577,1784883600000,4,4.0
HIGH,48591,1785110400000,4116.145,16.07357142857141,48615,1785200400000,24,4.0
LOW,48651,1785333600000,3995.655,13.075714285714282,48654,1785344400000,3,4.0
HIGH,48674,1785420000000,4120.16,22.304642857142785,48696,1785502800000,22,4.0
LOW,48697,1785506400000,4020.545,14.7256428571428,48704,1785708000000,7,4.0
HIGH,48890,1786579200000,4449.455,21.48714285714277,48904,1786629600000,14,4.0
LOW,48915,1786672800000,4310.375,20.277857142857165,48926,1786712400000,11,4.0
HIGH,48960,1787014800000,4435.905,17.357857142857224,48973,1787061600000,13,4.0
LOW,48983,1787101200000,4323.925,18.59321428571437,48994,1787140800000,11,4.0
HIGH,49074,1787616000000,4696.635,21.287857142857188,49087,1787662800000,13,4.0
LOW,49157,1787925600000,4529.465,23.40500000000007,49157,1787925600000,0,4.0
HIGH,49157,1787925600000,4630.835,23.40500000000007,49158,1787929200000,1,4.0
LOW,49215,1788318000000,4282.035,20.700000000000014,49225,1788354000000,10,4.0
HIGH,49250,1788447600000,4510.635,21.712857142857178,49270,1788523200000,20,4.0
LOW,49324,1788912000000,4340.965,18.662857142857188,49337,1788958800000,13,4.0
HIGH,49353,1789020000000,4435.108,14.749285714285763,49357,1789034400000,4,4.0
LOW,49382,1789128000000,4291.951,23.890857142857126,49382,1789128000000,0,4.0
HIGH,49383,1789131600000,4402.268,24.794928571428564,49402,1789376400000,19,4.0
LOW,49406,1789390800000,4253.438,19.877000000000017,49442,1789527600000,36,4.0
HIGH,49457,1789581600000,4366.525,22.897857142857124,49457,1789581600000,0,4.0
LOW,49458,1789585200000,4234.665,25.69785714285711,49473,1789642800000,15,4.0
HIGH,49492,1789714800000,4399.365,14.784285714285748,49517,1789981200000,25,4.0
LOW,49539,1790064000000,4291.245,18.315500000000025,49550,1790103600000,11,4.0
HIGH,49550,1790103600000,4370.955,20.15428571428577,49567,1790168400000,17,4.0
LOW,49586,1790244000000,4243.925,15.804999999999902,49608,1790330400000,22,4.0
HIGH,49609,1790334000000,4315.545,15.207142857142896,49612,1790344800000,3,4.0
