engine,signal_t,year,score,entry_t,exit_t,entry_px,stop_px,target_px,exit_px,entry_rr,pnl_r,exit_kind
scalper_filtered,1520234100000,2018,0.8057462704981111,1520235000000,1520235000000,1325.772,1324.203732142857,1325.7885357142857,1325.7885357142857,0.010543934960104454,0.010543934960104454,TARGET
scalper_filtered,1520260200000,2018,0.6643462996695059,1520261100000,1520261100000,1320.529,1318.9119464285714,1321.180107142857,1321.180107142857,0.4026503230079936,0.4026503230079936,TARGET
scalper_filtered,1520360100000,2018,0.7220847707072952,1520361000000,1520361900000,1334.452,1330.8178571428573,1335.0182857142859,1335.0182857142859,0.15582373520976625,0.15582373520976625,TARGET
scalper_filtered,1520391600000,2018,0.727255797909562,1520392500000,1520397900000,1335.261,1333.2962857142857,1335.8934285714286,1333.2962857142857,0.32189340507526243,-1.0,STOP
scalper_filtered,1520409600000,2018,0.7786782114168882,1520410500000,1520415900000,1332.648,1330.2843214285715,1333.1453571428572,1333.1453571428572,0.21041657223160135,0.21041657223160135,TARGET
scalper_filtered,1520428500000,2018,0.6615400872999608,1520429400000,1520429400000,1330.212,1328.5482857142856,1331.0104285714285,1331.0104285714285,0.47990726429670333,0.47990726429670333,TARGET
scalper_filtered,1520433000000,2018,0.7165698499189904,1520433900000,1520434800000,1329.999,1327.7126250000001,1330.62075,1330.62075,0.2719370182056947,0.2719370182056947,TARGET
scalper_filtered,1520486100000,2018,0.879821222624964,1520487000000,1520487000000,1327.402,1326.1910714285714,1327.474857142857,1327.474857142857,0.06016634224014468,0.06016634224014468,TARGET
scalper_filtered,1520488800000,2018,0.7692161687445663,1520489700000,1520489700000,1327.419,1326.159625,1327.4747499999999,1327.4747499999999,0.04426799007424928,0.04426799007424928,TARGET
scalper_filtered,1520509500000,2018,0.7297115354816245,1520510400000,1520510400000,1324.819,1323.2765535714286,1325.323892857143,1325.323892857143,0.32733250749630527,0.32733250749630527,TARGET
scalper_filtered,1520512200000,2018,0.7649848604368962,1520513100000,1520513100000,1324.489,1322.9919285714286,1324.8401428571428,1324.8401428571428,0.2345531752468771,0.2345531752468771,TARGET
scalper_filtered,1520560800000,2018,0.748589988631396,1520561700000,1520561700000,1318.018,1316.026482142857,1318.4010357142856,1318.4010357142856,0.19233355749824813,0.19233355749824813,TARGET
scalper_filtered,1520602200000,2018,0.8216580450669642,1520603100000,1520603100000,1314.359,1311.6311428571428,1315.2247142857143,1315.2247142857143,0.3173605655931196,0.3173605655931196,TARGET
scalper_filtered,1520814600000,2018,0.702961376086521,1520815500000,1520815500000,1322.508,1321.049017857143,1322.6479642857144,1322.6479642857144,0.09593282988388004,0.09593282988388004,TARGET
scalper_filtered,1520817300000,2018,0.6670615970264433,1520818200000,1520818200000,1322.142,1320.5611250000002,1322.42075,1322.42075,0.17632640151812567,0.17632640151812567,TARGET
scalper_filtered,1520838900000,2018,0.7422201992945653,1520839800000,1520839800000,1322.039,1320.8819642857143,1322.4000714285712,1322.4000714285712,0.31206593203056565,0.31206593203056565,TARGET
scalper_filtered,1520852400000,2018,0.8725043010954489,1520853300000,1520853300000,1316.912,1314.3462857142858,1316.9344285714285,1316.9344285714285,0.008741648106862414,0.008741648106862414,TARGET
scalper_filtered,1520854200000,2018,0.7017246641554957,1520855100000,1520856000000,1316.061,1314.148642857143,1316.8467142857144,1316.8467142857144,0.4108616890151702,0.4108616890151702,TARGET
scalper_filtered,1520912700000,2018,0.7046104727994957,1520913600000,1520914500000,1321.289,1320.3352678571428,1321.7024642857143,1320.3352678571428,0.43352244003819684,-1.0,STOP
scalper_filtered,1520917200000,2018,0.8394442089359527,1520918100000,1520918100000,1319.422,1317.7047857142857,1319.4244285714285,1319.4244285714285,0.0014142506550783968,0.0014142506550783968,TARGET
scalper_filtered,1520928000000,2018,0.708240757687479,1520928900000,1520937900000,1318.219,1316.5512678571429,1318.8544642857141,1318.8544642857141,0.3810349812083102,0.3810349812083102,TARGET
scalper_filtered,1520988300000,2018,0.7497846399460567,1520989200000,1520989200000,1324.829,1323.460857142857,1324.9612857142856,1324.9612857142856,0.0966899864257809,0.0966899864257809,TARGET
scalper_filtered,1521015300000,2018,0.7004485152833415,1521016200000,1521016200000,1324.289,1322.550232142857,1325.0665357142857,1325.0665357142857,0.44717626398002497,0.44717626398002497,TARGET
scalper_filtered,1521036900000,2018,0.673265375008139,1521037800000,1521037800000,1322.988,1320.156642857143,1324.0607142857143,1324.0607142857143,0.3788692953908997,0.3788692953908997,TARGET
scalper_filtered,1521064800000,2018,0.7174088598205309,1521065700000,1521071100000,1324.308,1323.3447678571429,1324.8244642857142,1324.8244642857142,0.5361784171593741,0.5361784171593741,TARGET
scalper_filtered,1521092700000,2018,0.7086038381008032,1521093600000,1521093600000,1326.282,1325.3523035714286,1326.6413928571428,1325.3523035714286,0.38657011697374516,-1.0,STOP
scalper_filtered,1521104400000,2018,0.6769699934206225,1521105300000,1521116100000,1323.219,1321.7544285714287,1323.8681428571429,1321.7544285714287,0.44323058915331287,-1.0,STOP
scalper_filtered,1521118800000,2018,0.674603499457205,1521119700000,1521119700000,1318.989,1316.8953571428572,1319.6332857142856,1319.6332857142856,0.30773429770388494,0.30773429770388494,TARGET
scalper_filtered,1521121500000,2018,0.6774170834503027,1521122400000,1521125100000,1318.859,1316.2114642857143,1319.4440714285715,1319.4440714285715,0.22098717135888898,0.22098717135888898,TARGET
scalper_filtered,1521132300000,2018,0.6675164531084445,1521133200000,1521134100000,1316.889,1314.4006964285713,1317.962607142857,1317.962607142857,0.431461480498029,0.431461480498029,TARGET
scalper_filtered,1521206100000,2018,0.6697200706794986,1521207000000,1521207000000,1316.458,1314.6659642857144,1317.0750714285716,1314.6659642857144,0.34434103274414746,-1.0,STOP
scalper_filtered,1521209700000,2018,0.7583818809193903,1521210600000,1521210600000,1312.618,1309.2147678571428,1312.7644642857142,1312.7644642857142,0.04303681899034653,0.04303681899034653,TARGET
scalper_filtered,1521437400000,2018,0.6612842908358509,1521438300000,1521438300000,1309.199,1308.2366785714285,1309.7496428571428,1309.7496428571428,0.5722026349969932,0.5722026349969932,TARGET
scalper_filtered,1521440100000,2018,0.7326382897859106,1521441000000,1521441000000,1308.818,1307.1105,1308.996,1308.996,0.10424597364574692,0.10424597364574692,TARGET
scalper_filtered,1521459900000,2018,0.6860683245798356,1521460800000,1521460800000,1310.029,1308.5499464285715,1310.647107142857,1310.647107142857,0.4179072041725252,0.4179072041725252,TARGET
scalper_filtered,1521506700000,2018,0.7535553135601393,1521507600000,1521507600000,1316.338,1315.0721785714284,1316.4816428571428,1316.4816428571428,0.11347797872636303,0.11347797872636303,TARGET
scalper_filtered,1521522900000,2018,0.6673300590431208,1521523800000,1521523800000,1314.999,1314.18875,1315.4555,1315.4555,0.5634063560629528,0.5634063560629528,TARGET
scalper_filtered,1521531000000,2018,0.6598372517250853,1521531900000,1521531900000,1315.031,1313.7966428571428,1315.4237142857141,1315.4237142857141,0.3181528846709591,0.3181528846709591,TARGET
scalper_filtered,1521549000000,2018,0.6692826762281842,1521549900000,1521549900000,1310.589,1308.7024642857143,1311.2420714285713,1311.2420714285713,0.3461749616644089,0.3461749616644089,TARGET
scalper_filtered,1521553500000,2018,0.7008879190015945,1521554400000,1521558000000,1309.561,1307.0768392857144,1310.2093214285715,1310.2093214285715,0.26098207931687883,0.26098207931687883,TARGET
scalper_filtered,1521611100000,2018,0.6574726978592053,1521612000000,1521612000000,1313.099,1312.3542321428572,1313.4755357142858,1313.4755357142858,0.5055746037838237,0.5055746037838237,TARGET
scalper_filtered,1521684000000,2018,0.6964312468839566,1521684900000,1521695700000,1330.829,1328.933,1331.561,1328.933,0.3860759493670818,-1.0,STOP
scalper_filtered,1521697500000,2018,0.7127319648017711,1521698400000,1521698400000,1328.099,1326.7900178571429,1328.5329642857143,1328.5329642857143,0.3315280411444034,0.3315280411444034,TARGET
scalper_filtered,1521726300000,2018,0.7981809687791462,1521727200000,1521727200000,1330.028,1326.108232142857,1330.4965357142855,1330.4965357142855,0.11953149557867436,0.11953149557867436,TARGET
scalper_filtered,1522089000000,2018,0.6834021953731857,1522089900000,1522092600000,1354.432,1353.0290535714284,1355.4048928571428,1353.0290535714284,0.6934640106916916,-1.0,STOP
scalper_filtered,1522093500000,2018,0.7056626227132768,1522094400000,1522095300000,1352.751,1350.9539642857142,1353.2550714285715,1353.2550714285715,0.2805016197309186,0.2805016197309186,TARGET
scalper_filtered,1522102500000,2018,0.66622449506452,1522103400000,1522103400000,1352.332,1350.824,1353.029,1353.029,0.46220159151185103,0.46220159151185103,TARGET
scalper_filtered,1522129500000,2018,0.7393319884828102,1522130400000,1522130400000,1352.961,1351.4237142857144,1353.1555714285714,1353.1555714285714,0.1265681628101398,0.1265681628101398,TARGET
scalper_filtered,1522211400000,2018,0.6829589324420696,1522212300000,1522215000000,1344.272,1343.0477678571428,1344.7974642857143,1343.0477678571428,0.42921948159937007,-1.0,STOP
scalper_filtered,1522218600000,2018,0.7279644530523853,1522219500000,1522219500000,1340.878,1339.058732142857,1341.3365357142857,1341.3365357142857,0.2520440915203431,0.2520440915203431,TARGET
scalper_filtered,1522242900000,2018,0.7171571436664708,1522243800000,1522243800000,1333.779,1330.5149285714285,1334.6941428571427,1334.6941428571427,0.28036851434442106,0.28036851434442106,TARGET
scalper_filtered,1522248300000,2018,0.6595583854427646,1522249200000,1522252800000,1330.651,1327.8116607142856,1332.2706785714286,1327.8116607142856,0.5704420671307469,-1.0,STOP
scalper_filtered,1522253700000,2018,0.6653125055669487,1522254600000,1522256400000,1327.418,1324.3223392857144,1328.6023214285715,1328.6023214285715,0.3825746869178291,0.3825746869178291,TARGET
scalper_filtered,1522303200000,2018,0.7464202876511288,1522304100000,1522305000000,1325.471,1324.1941607142858,1326.0656785714286,1324.1941607142858,0.46574269611071883,-1.0,STOP
scalper_filtered,1522326600000,2018,0.6854414163966553,1522327500000,1522328400000,1322.749,1320.5730714285714,1323.1708571428571,1323.1708571428571,0.19387453632273435,0.19387453632273435,TARGET
scalper_filtered,1522648800000,2018,0.6637050062466314,1522649700000,1522649700000,1328.922,1327.9932321428573,1329.2765357142857,1329.2765357142857,0.38172694237762533,0.38172694237762533,TARGET
scalper_filtered,1522719900000,2018,0.7877497208888801,1522720800000,1522720800000,1338.671,1336.429892857143,1338.7972142857143,1338.7972142857143,0.05631782760432154,0.05631782760432154,TARGET
scalper_filtered,1522743300000,2018,0.6980800383502443,1522744200000,1522744200000,1337.569,1335.4391607142857,1338.0846785714284,1338.0846785714284,0.24212088437250615,0.24212088437250615,TARGET
scalper_filtered,1522819800000,2018,0.7346089453565657,1522820700000,1522820700000,1333.762,1332.4154285714285,1334.142142857143,1334.142142857143,0.2823042647996128,0.2823042647996128,TARGET
scalper_filtered,1522866600000,2018,0.7309386901645039,1522867500000,1522880100000,1333.741,1331.1305535714287,1334.302892857143,1334.302892857143,0.21524780244217198,0.21524780244217198,TARGET
scalper_filtered,1522893600000,2018,0.742765096558254,1522894500000,1522897200000,1330.691,1329.1730178571427,1331.1769642857141,1331.1769642857141,0.3201383415481675,0.3201383415481675,TARGET
scalper_filtered,1522911600000,2018,0.6943196275329672,1522912500000,1522912500000,1325.368,1323.7040000000002,1325.909,1325.909,0.3251201923078398,0.3251201923078398,TARGET
scalper_filtered,1522989000000,2018,0.7202751718172071,1522989900000,1522989900000,1327.688,1325.8693392857142,1328.0883214285714,1328.0883214285714,0.22011880799242292,0.22011880799242292,TARGET
scalper_filtered,1522998000000,2018,0.6828649303808417,1522998900000,1522998900000,1324.558,1322.7240535714284,1325.4688928571427,1322.7240535714284,0.49668455029635683,-1.0,STOP
scalper_filtered,1523016000000,2018,0.6639369754607102,1523016900000,1523016900000,1323.012,1321.5791428571429,1323.6787142857142,1321.5791428571429,0.4653040877368263,-1.0,STOP_BOTH
scalper_filtered,1523236500000,2018,0.6668934321935536,1523237400000,1523237400000,1330.788,1328.9273035714284,1331.4313928571428,1331.4313928571428,0.3457806696800533,0.3457806696800533,TARGET
scalper_filtered,1523253600000,2018,0.7491009372996373,1523254500000,1523257200000,1331.789,1330.5834285714286,1332.1391428571428,1330.5834285714286,0.29043725559899325,-1.0,STOP
scalper_filtered,1523493900000,2018,0.6664667178077428,1523494800000,1523496600000,1351.618,1350.47875,1352.2855,1352.2855,0.5859117840685092,0.5859117840685092,TARGET
scalper_filtered,1523523600000,2018,0.7472733277461473,1523524500000,1523524500000,1346.718,1344.0959285714284,1347.3121428571428,1347.3121428571428,0.22659293361294802,0.22659293361294802,TARGET
scalper_filtered,1523529000000,2018,0.6574493558995025,1523529900000,1523530800000,1345.288,1342.4661964285715,1346.3746071428573,1346.3746071428573,0.385075401370748,0.385075401370748,TARGET
scalper_filtered,1523535300000,2018,0.6959804724303176,1523536200000,1523536200000,1342.932,1339.3568392857144,1344.1093214285715,1344.1093214285715,0.329305875360285,0.329305875360285,TARGET
scalper_filtered,1523561400000,2018,0.681033660539368,1523562300000,1523571300000,1334.899,1332.5797499999999,1336.0065,1336.0065,0.47752506198127304,0.47752506198127304,TARGET
scalper_filtered,1523601900000,2018,0.7723054303147096,1523602800000,1523603700000,1337.221,1335.6050892857143,1337.4438214285715,1337.4438214285715,0.13789216607179217,0.13789216607179217,TARGET
scalper_filtered,1523859300000,2018,0.7075409528966835,1523860200000,1523862000000,1343.708,1342.0656428571428,1344.1517142857142,1342.0656428571428,0.27016918192481904,-1.0,STOP
scalper_filtered,1523862900000,2018,0.6652702439819057,1523863800000,1523863800000,1341.929,1340.3060178571427,1342.7419642857144,1342.7419642857144,0.5009077205760446,0.5009077205760446,TARGET
scalper_filtered,1523951100000,2018,0.7298377165978037,1523952000000,1523956500000,1342.922,1340.2430714285715,1343.3808571428572,1343.3808571428572,0.1712838288228267,0.1712838288228267,TARGET
scalper_filtered,1524010500000,2018,0.6759039568550068,1524011400000,1524012300000,1345.878,1344.825375,1346.10225,1344.825375,0.21303883149267427,-1.0,STOP
scalper_filtered,1524021300000,2018,0.7404417676431865,1524022200000,1524023100000,1344.028,1342.7097678571429,1344.5134642857142,1344.5134642857142,0.3682691916933676,0.3682691916933676,TARGET
scalper_filtered,1524026700000,2018,0.6918369138319665,1524027600000,1524029400000,1343.448,1342.308607142857,1343.9057857142857,1342.308607142857,0.4017803968276938,-1.0,STOP
scalper_filtered,1524098700000,2018,0.7557222006303181,1524099600000,1524099600000,1349.149,1347.6865535714287,1349.400892857143,1349.400892857143,0.17224074141925885,0.17224074141925885,TARGET
scalper_filtered,1524183300000,2018,0.7649700284999272,1524184200000,1524185100000,1344.298,1342.7571071428572,1344.5297857142857,1344.5297857142857,0.15042299223548475,0.15042299223548475,TARGET
scalper_filtered,1524200400000,2018,0.7618422643401804,1524201300000,1524201300000,1342.041,1340.6402321428573,1342.3735357142857,1342.3735357142857,0.2373953061459321,0.2373953061459321,TARGET
scalper_filtered,1524474000000,2018,0.6925889584071725,1524474900000,1524484800000,1328.939,1326.535142857143,1329.7957142857144,1326.535142857143,0.3563915136388357,-1.0,STOP
scalper_filtered,1524573900000,2018,0.7076705309672693,1524574800000,1524574800000,1324.928,1322.5303035714287,1325.0253928571428,1325.0253928571428,0.040619344460028566,0.040619344460028566,TARGET
scalper_filtered,1524639600000,2018,0.6583747991390079,1524640500000,1524645000000,1324.178,1322.402,1324.8500000000001,1324.8500000000001,0.3783783783783784,0.3783783783783784,TARGET
scalper_filtered,1524659400000,2018,0.7057010770152459,1524660300000,1524660300000,1320.108,1317.8085714285714,1320.5458571428571,1320.5458571428571,0.19041998011930714,0.19041998011930714,TARGET
scalper_filtered,1524752100000,2018,0.6973649498520964,1524753000000,1524767400000,1319.089,1315.1894642857144,1320.0150714285714,1316.5,0.23748248417854886,-0.6639251925595672,16BAR_TIMEOUT
scalper_filtered,1524789000000,2018,0.7607349371017956,1524789900000,1524791700000,1317.118,1316.0861071428571,1317.3277857142857,1316.0861071428571,0.2033018378154563,-1.0,STOP
scalper_filtered,1524810600000,2018,0.745996109554348,1524811500000,1524811500000,1316.631,1315.3768392857141,1316.8803214285713,1316.8803214285713,0.19879543804172164,0.19879543804172164,TARGET
scalper_filtered,1524832200000,2018,0.7773682959222178,1524833100000,1524833100000,1318.408,1315.8275178571428,1318.7989642857142,1318.7989642857142,0.1515082314351574,0.1515082314351574,TARGET
scalper_filtered,1525068900000,2018,0.7310704515518076,1525069800000,1525071600000,1319.101,1317.5213928571427,1319.4612142857143,1317.5213928571427,0.22804042596474897,-1.0,STOP
scalper_filtered,1525078800000,2018,0.7698096551311635,1525079700000,1525086000000,1317.238,1315.1455714285714,1317.8828571428571,1315.1455714285714,0.3081859766504623,-1.0,STOP
scalper_filtered,1525088700000,2018,0.6758889465283513,1525089600000,1525092300000,1313.698,1311.853,1314.301,1314.301,0.32682926829259035,0.32682926829259035,TARGET
scalper_filtered,1525094100000,2018,0.6762536208394897,1525095000000,1525096800000,1312.191,1310.0859464285713,1313.002107142857,1313.002107142857,0.385314252267013,0.385314252267013,TARGET
scalper_filtered,1525138200000,2018,0.7773158755290244,1525139100000,1525139100000,1313.378,1312.330392857143,1313.5862142857143,1312.330392857143,0.19875225854847312,-1.0,STOP
scalper_filtered,1525151700000,2018,0.6741945791773141,1525152600000,1525153500000,1311.631,1310.9534464285714,1312.0561071428572,1312.0561071428572,0.6274148064199649,0.6274148064199649,TARGET
scalper_filtered,1525157100000,2018,0.753023032715939,1525158000000,1525158000000,1311.129,1309.8480357142857,1311.2279285714285,1311.2279285714285,0.07722976552264485,0.07722976552264485,TARGET
scalper_filtered,1525162500000,2018,0.7311752929830874,1525163400000,1525165200000,1309.849,1308.3134821428573,1310.3370357142858,1308.3134821428573,0.31783135052171074,-1.0,STOP
scalper_filtered,1525171500000,2018,0.6925409876770815,1525172400000,1525176900000,1308.388,1306.9988035714287,1309.156392857143,1306.9988035714287,0.5531203804873439,-1.0,STOP
scalper_filtered,1525184100000,2018,0.6551284337600359,1525185000000,1525185000000,1305.421,1302.502767857143,1306.0884642857143,1302.502767857143,0.22872213485413845,-1.0,STOP
scalper_filtered,1525269600000,2018,0.7533918213795687,1525270500000,1525270500000,1305.348,1303.0982321428571,1305.9475357142858,1305.9475357142858,0.26648781223464485,0.26648781223464485,TARGET
scalper_filtered,1525410000000,2018,0.6756170962396026,1525410900000,1525411800000,1312.718,1311.8266428571428,1313.2737142857143,1313.2737142857143,0.6234473916177432,0.6234473916177432,TARGET
scalper_filtered,1525419000000,2018,0.7548360634089214,1525419900000,1525419900000,1310.351,1308.6861964285713,1310.731607142857,1310.731607142857,0.22861985004647237,0.22861985004647237,TARGET
scalper_filtered,1525424400000,2018,0.6953263092790661,1525425300000,1525429800000,1309.668,1307.7121964285714,1310.288607142857,1310.288607142857,0.3173156813512868,0.3173156813512868,TARGET
scalper_filtered,1525438800000,2018,0.8394027961400232,1525439700000,1525439700000,1311.262,1308.0278035714284,1311.3283928571427,1308.0278035714284,0.020528393562074882,-1.0,STOP
scalper_filtered,1525671000000,2018,0.8355330013261074,1525671900000,1525671900000,1314.519,1312.912857142857,1314.6112857142857,1314.6112857142857,0.05745797385039007,0.05745797385039007,TARGET
scalper_filtered,1525672800000,2018,0.8100138929521665,1525673700000,1525673700000,1312.828,1310.9960714285714,1313.0808571428572,1313.0808571428572,0.13802783951344796,0.13802783951344796,TARGET
scalper_filtered,1525830300000,2018,0.7023068241784926,1525831200000,1525831200000,1311.188,1309.1868035714285,1311.8393928571427,1311.8393928571427,0.3255017087990393,0.3255017087990393,TARGET
scalper_filtered,1525845600000,2018,0.7122770386105627,1525846500000,1525846500000,1309.089,1307.8226785714285,1309.5786428571428,1309.5786428571428,0.3866655385396014,0.3866655385396014,TARGET
scalper_filtered,1525850100000,2018,0.8144284521910709,1525851000000,1525853700000,1306.329,1304.039125,1306.4387499999998,1306.4387499999998,0.0479283803700429,0.0479283803700429,TARGET
scalper_filtered,1525935600000,2018,0.7902868354011079,1525936500000,1525936500000,1312.028,1309.922125,1312.2497500000002,1312.2497500000002,0.10530064699954161,0.10530064699954161,TARGET
scalper_filtered,1526017500000,2018,0.6829609674815771,1526018400000,1526018400000,1318.909,1317.9606785714286,1319.365642857143,1319.365642857143,0.48152751101574426,0.48152751101574426,TARGET
scalper_filtered,1526046300000,2018,0.7528555317453267,1526047200000,1526047200000,1323.579,1321.6665892857143,1324.0408214285715,1324.0408214285715,0.24148653065040596,0.24148653065040596,TARGET
scalper_filtered,1526292900000,2018,0.6671553434020344,1526293800000,1526293800000,1320.018,1318.8619642857143,1320.7760714285714,1318.8619642857143,0.6557508727485668,-1.0,STOP
scalper_filtered,1526297400000,2018,0.7335185947042339,1526298300000,1526299200000,1319.078,1317.6495357142858,1319.4479285714285,1319.4479285714285,0.25896942270670037,0.25896942270670037,TARGET
scalper_filtered,1526321700000,2018,0.7726596742174607,1526322600000,1526324400000,1314.358,1312.1603392857144,1314.5233214285715,1314.5233214285715,0.07522609267979337,0.07522609267979337,TARGET
scalper_filtered,1526335200000,2018,0.7073253195815551,1526336100000,1526336100000,1313.978,1311.8124464285713,1314.2021071428571,1314.2021071428571,0.1034872310774598,0.1034872310774598,TARGET
scalper_filtered,1526387400000,2018,0.709004870280733,1526388300000,1526388300000,1302.148,1300.1579821428572,1303.0770357142858,1300.1579821428572,0.4668479285004056,-1.0,STOP
scalper_filtered,1526404500000,2018,0.7557428784126804,1526405400000,1526409000000,1290.809,1288.4799107142858,1291.8341785714285,1291.8341785714285,0.44016284721957705,0.44016284721957705,TARGET
scalper_filtered,1526448600000,2018,0.7723891396993411,1526449500000,1526449500000,1294.009,1292.7775535714286,1294.248892857143,1294.248892857143,0.19480575977728334,0.19480575977728334,TARGET
scalper_filtered,1526462100000,2018,0.6569835804397633,1526463000000,1526470200000,1291.631,1289.3991964285715,1292.074607142857,1289.3991964285715,0.1987662124642237,-1.0,STOP
scalper_filtered,1526538600000,2018,0.7152603354312373,1526539500000,1526542200000,1289.608,1287.6975,1289.979,1289.979,0.19419000261716987,0.19419000261716987,TARGET
scalper_filtered,1526599800000,2018,0.7219095616775123,1526600700000,1526601600000,1289.878,1288.7569285714287,1290.029142857143,1290.029142857143,0.13482000637159677,0.13482000637159677,TARGET
scalper_filtered,1526606100000,2018,0.6917960014632948,1526607000000,1526607000000,1289.308,1288.1874642857144,1289.6920714285714,1288.1874642857144,0.3427569721115425,-1.0,STOP
scalper_filtered,1526607900000,2018,0.6604652606936489,1526608800000,1526608800000,1288.699,1287.1806428571429,1288.915714285714,1288.915714285714,0.14272945382680194,0.14272945382680194,TARGET
scalper_filtered,1526647500000,2018,0.7636734188445657,1526648400000,1526648400000,1287.348,1285.2184107142857,1287.6771785714286,1287.6771785714286,0.15457373571366953,0.15457373571366953,TARGET
scalper_filtered,1526876100000,2018,0.6640611148509696,1526877000000,1526879700000,1288.329,1287.16675,1288.7305000000001,1287.16675,0.34545063454525116,-1.0,STOP
scalper_filtered,1526886000000,2018,0.7610554216918157,1526886900000,1526887800000,1283.128,1281.1915714285715,1283.703857142857,1283.703857142857,0.29738104020656386,0.29738104020656386,TARGET
scalper_filtered,1526947200000,2018,0.8121358222492614,1526948100000,1526948100000,1292.771,1291.514625,1292.79375,1292.79375,0.01810765098007243,0.01810765098007243,TARGET
scalper_filtered,1526972400000,2018,0.7652445082033238,1526973300000,1526973300000,1289.181,1287.2185535714284,1289.2568928571427,1289.2568928571427,0.03867257522942966,0.03867257522942966,TARGET
scalper_filtered,1526993100000,2018,0.766234135005469,1526994000000,1526994900000,1293.989,1291.910625,1294.51275,1294.51275,0.2519997594274618,0.2519997594274618,TARGET
scalper_filtered,1527018300000,2018,0.6936543241309923,1527019200000,1527030000000,1291.849,1290.4869464285714,1292.4131071428571,1292.4131071428571,0.4141592920354597,0.4141592920354597,TARGET
scalper_filtered,1527199200000,2018,0.7061936000358203,1527200100000,1527200100000,1304.912,1303.376,1305.131,1305.131,0.14257812500002776,0.14257812500002776,TARGET
scalper_filtered,1527210000000,2018,0.6752407754358165,1527210900000,1527225300000,1302.619,1301.4011964285714,1303.0506071428572,1302.158,0.35441441705660426,-0.37855037611629155,16BAR_TIMEOUT
scalper_filtered,1527228000000,2018,0.7769305310173185,1527228900000,1527228900000,1302.228,1301.3804642857144,1302.4530714285715,1302.4530714285715,0.26555981627415803,0.26555981627415803,TARGET
scalper_filtered,1527278400000,2018,0.6977738727843708,1527279300000,1527279300000,1300.578,1299.197642857143,1301.0317142857143,1301.0317142857143,0.3286934023286484,0.3286934023286484,TARGET
scalper_filtered,1527488100000,2018,0.7073417705079696,1527489000000,1527489000000,1296.479,1294.8129642857143,1296.7180714285716,1296.7180714285716,0.14349718107579826,0.14349718107579826,TARGET
scalper_filtered,1527596100000,2018,0.7304192796177847,1527597000000,1527598800000,1298.779,1295.4785892857144,1299.7158214285714,1295.4785892857144,0.2838499537395319,-1.0,STOP
scalper_filtered,1527631200000,2018,0.6833387168940506,1527632100000,1527633900000,1299.931,1297.086232142857,1300.3315357142856,1300.3315357142856,0.1407973284286785,0.1407973284286785,TARGET
scalper_filtered,1527651000000,2018,0.6972097845835707,1527651900000,1527659100000,1299.318,1297.5135892857143,1300.1668214285714,1300.1668214285714,0.47041475748910155,0.47041475748910155,TARGET
scalper_filtered,1527662700000,2018,0.6658456408328517,1527663600000,1527666300000,1297.778,1295.7623571428571,1298.2122857142856,1298.2122857142856,0.2154576703638683,0.2154576703638683,TARGET
scalper_filtered,1527786900000,2018,0.6636255406390287,1527787800000,1527787800000,1300.291,1298.1635535714286,1301.3268928571429,1301.3268928571429,0.48691842164907057,0.48691842164907057,TARGET
scalper_filtered,1527797700000,2018,0.8264408076909959,1527798600000,1527798600000,1298.752,1296.6545535714288,1298.863892857143,1298.863892857143,0.05334718237317348,0.05334718237317348,TARGET
scalper_filtered,1527815700000,2018,0.6918238028753063,1527816600000,1527816600000,1298.619,1297.2340357142857,1299.1359285714286,1299.1359285714286,0.37324325021286386,0.37324325021286386,TARGET
scalper_filtered,1528087500000,2018,0.6911472164423247,1528088400000,1528092900000,1291.489,1290.2635714285714,1291.7768571428571,1291.7768571428571,0.23490324084862335,0.23490324084862335,TARGET
scalper_filtered,1528137000000,2018,0.7734273483587469,1528137900000,1528141500000,1293.128,1291.6988928571427,1293.4452142857142,1291.6988928571427,0.22196676246405425,-1.0,STOP
scalper_filtered,1528173900000,2018,0.7053336630358442,1528174800000,1528174800000,1291.568,1290.651607142857,1291.9337857142857,1290.651607142857,0.3991581901087183,-1.0,STOP
scalper_filtered,1528261200000,2018,0.6562937469786974,1528262100000,1528262100000,1296.768,1296.0020714285713,1297.042857142857,1297.042857142857,0.35885479809721416,0.35885479809721416,TARGET
scalper_filtered,1528278300000,2018,0.6889585199411541,1528279200000,1528285500000,1295.039,1293.3630535714287,1295.8378928571428,1295.8378928571428,0.47668161912782875,0.47668161912782875,TARGET
scalper_filtered,1528393500000,2018,0.6909817836657514,1528394400000,1528412400000,1297.382,1295.634017857143,1298.0159642857145,1296.841,0.36268350240593006,-0.3094997292797734,16BAR_TIMEOUT
scalper_filtered,1528420500000,2018,0.7688447220842378,1528421400000,1528421400000,1297.049,1295.8527321428571,1297.2485357142857,1297.2485357142857,0.1667985251750368,0.1667985251750368,TARGET
scalper_filtered,1528693200000,2018,0.6672929115115341,1528694100000,1528694100000,1298.251,1297.0694285714285,1298.5441428571428,1298.5441428571428,0.2480957562567498,0.2480957562567498,TARGET
scalper_filtered,1528699500000,2018,0.6911818754975254,1528700400000,1528700400000,1297.348,1296.2579107142858,1297.7581785714285,1297.7581785714285,0.3762797935949227,0.3762797935949227,TARGET
scalper_filtered,1528713000000,2018,0.732758543934822,1528713900000,1528713900000,1294.938,1293.4291607142857,1295.3186785714286,1295.3186785714286,0.25229895260064866,0.25229895260064866,TARGET
scalper_filtered,1528761600000,2018,0.7461864044846886,1528762500000,1528763400000,1297.898,1296.5549821428572,1298.0970357142858,1298.0970357142858,0.14820034836268112,0.14820034836268112,TARGET
scalper_filtered,1528823700000,2018,0.6955943868868855,1528824600000,1528825500000,1295.638,1293.5916964285714,1295.983607142857,1295.983607142857,0.16889338790322342,0.16889338790322342,TARGET
scalper_filtered,1528866000000,2018,0.8103054041564042,1528866900000,1528866900000,1294.979,1294.104125,1295.02775,1295.02775,0.055722246035066335,0.055722246035066335,TARGET
scalper_filtered,1528912800000,2018,0.8322570448671689,1528913700000,1528913700000,1294.911,1292.8081071428571,1295.1297857142858,1295.1297857142858,0.1040403525755643,0.1040403525755643,TARGET
scalper_filtered,1528934400000,2018,0.7265459505381605,1528935300000,1528938900000,1299.518,1298.1402321428573,1299.8825357142857,1298.1402321428573,0.2645842784006237,-1.0,STOP
scalper_filtered,1528999200000,2018,0.7461077492242976,1529000100000,1529004600000,1302.909,1300.6801071428572,1303.7667857142858,1303.7667857142858,0.3848483391818256,0.3848483391818256,TARGET
scalper_filtered,1529023500000,2018,0.686077860186226,1529024400000,1529024400000,1301.389,1300.1570714285715,1301.8098571428573,1300.1570714285715,0.34162463037072177,-1.0,STOP
scalper_filtered,1529057700000,2018,0.8098667071247263,1529058600000,1529059500000,1299.008,1296.6480892857144,1299.2878214285715,1299.2878214285715,0.11857288789681862,0.11857288789681862,TARGET
scalper_filtered,1529291700000,2018,0.7125123373816954,1529292600000,1529292600000,1279.938,1278.4039464285715,1280.1861071428573,1280.1861071428573,0.16173303688875382,0.16173303688875382,TARGET
scalper_filtered,1529304300000,2018,0.7034916885577601,1529305200000,1529306100000,1279.009,1277.9797678571429,1279.4144642857143,1279.4144642857143,0.393948331800751,0.393948331800751,TARGET
scalper_filtered,1529332200000,2018,0.7043864895706434,1529333100000,1529342100000,1279.158,1277.1418928571427,1280.1302142857141,1277.1418928571427,0.48222352128390916,-1.0,STOP
scalper_filtered,1529359200000,2018,0.7681835734325604,1529360100000,1529360100000,1279.018,1277.4800357142858,1279.0399285714286,1279.0399285714286,0.014258179876007523,0.014258179876007523,TARGET
scalper_filtered,1529386200000,2018,0.753121607763037,1529387100000,1529388000000,1282.698,1281.6084642857143,1282.9870714285714,1282.9870714285714,0.2653161569474698,0.2653161569474698,TARGET
scalper_filtered,1529406900000,2018,0.6754554816838271,1529407800000,1529409600000,1273.379,1271.1256607142857,1274.1356785714286,1271.1256607142857,0.33580321269232577,-1.0,STOP
scalper_filtered,1529478000000,2018,0.7453168848432049,1529478900000,1529478900000,1273.919,1272.5005535714286,1274.142892857143,1274.142892857143,0.15784371734664213,0.15784371734664213,TARGET
scalper_filtered,1529544600000,2018,0.7124993159162337,1529545500000,1529549100000,1268.288,1266.6952857142858,1268.4464285714284,1266.6952857142858,0.09947080455637707,-1.0,STOP
scalper_filtered,1529551800000,2018,0.6888776675478694,1529552700000,1529558100000,1265.708,1264.0521964285713,1266.268607142857,1264.0521964285713,0.33857104340776367,-1.0,STOP
scalper_filtered,1529561700000,2018,0.7989823366408324,1529562600000,1529562600000,1263.139,1261.3348571428571,1263.3302857142858,1263.3302857142858,0.10602581360370077,0.10602581360370077,TARGET
scalper_filtered,1529625600000,2018,0.6910376120086272,1529626500000,1529626500000,1267.288,1266.290625,1267.54275,1267.54275,0.2554204787568153,0.2554204787568153,TARGET
scalper_filtered,1529635500000,2018,0.7144099305052936,1529636400000,1529636400000,1267.528,1266.0488392857144,1267.9663214285715,1267.9663214285715,0.2963311723589073,0.2963311723589073,TARGET
scalper_filtered,1529669700000,2018,0.7371463705917848,1529670600000,1529670600000,1268.619,1267.2164107142858,1268.9011785714285,1268.9011785714285,0.20118403462989073,0.20118403462989073,TARGET
scalper_filtered,1529672400000,2018,0.7828666665092161,1529673300000,1529673300000,1268.102,1266.2184107142857,1268.2001785714285,1268.2001785714285,0.05212313117994752,0.05212313117994752,TARGET
scalper_filtered,1529686800000,2018,0.6927806972440831,1529687700000,1529687700000,1268.838,1267.459267857143,1269.8254642857144,1269.8254642857144,0.7162118405887063,0.7162118405887063,TARGET
scalper_filtered,1529898300000,2018,0.6679690926996593,1529899200000,1529904600000,1267.628,1266.1791607142857,1268.1046785714284,1266.1791607142857,0.32900721020514667,-1.0,STOP
scalper_filtered,1529906400000,2018,0.7508260698054965,1529907300000,1529908200000,1265.159,1263.8774642857143,1265.6880714285714,1265.6880714285714,0.4128417356407255,0.4128417356407255,TARGET
scalper_filtered,1529955000000,2018,0.8145842478605642,1529955900000,1529955900000,1265.898,1264.1446785714286,1265.9366428571427,1265.9366428571427,0.02203980200840403,0.02203980200840403,TARGET
scalper_filtered,1529989200000,2018,0.7757070164937296,1529990100000,1529990100000,1263.459,1261.9883214285715,1263.7873571428572,1263.7873571428572,0.2232691420384223,0.2232691420384223,TARGET
scalper_filtered,1530013500000,2018,0.6783029850093771,1530014400000,1530017100000,1256.289,1254.7306071428573,1257.0027857142857,1257.0027857142857,0.45802681333792905,0.45802681333792905,TARGET
scalper_filtered,1530057600000,2018,0.7652026426147606,1530058500000,1530058500000,1258.318,1257.218107142857,1258.4777857142856,1258.4777857142856,0.14527389031385926,0.14527389031385926,TARGET
scalper_filtered,1530064800000,2018,0.7443417151581656,1530065700000,1530065700000,1254.912,1253.0607499999999,1255.3445,1255.3445,0.23362592842665908,0.23362592842665908,TARGET
scalper_filtered,1530170100000,2018,0.7234260064081217,1530171000000,1530171000000,1249.719,1247.9553035714287,1250.1623928571428,1250.1623928571428,0.2513997590287561,0.2513997590287561,TARGET
scalper_filtered,1530174600000,2018,0.8213341955996113,1530175500000,1530176400000,1249.809,1247.4281607142857,1250.1276785714285,1250.1276785714285,0.13385135793949943,0.13385135793949943,TARGET
scalper_filtered,1530207000000,2018,0.7568240505771137,1530207900000,1530208800000,1248.768,1246.5319464285712,1249.133107142857,1246.5319464285712,0.16328193005841957,-1.0,STOP
scalper_filtered,1530234900000,2018,0.7539492937991296,1530235800000,1530235800000,1247.438,1246.1703214285715,1247.654357142857,1247.654357142857,0.1706719256230882,0.1706719256230882,TARGET
scalper_filtered,1530238500000,2018,0.7078040826440124,1530239400000,1530239400000,1247.081,1245.5105535714285,1247.3058928571427,1247.3058928571427,0.1432031383250448,0.1432031383250448,TARGET
scalper_filtered,1530260100000,2018,0.7080564085581886,1530261000000,1530261000000,1249.639,1248.3104821428572,1250.4330357142858,1250.4330357142858,0.5976853905401197,0.5976853905401197,TARGET
scalper_filtered,1530279000000,2018,0.6588346763327245,1530279900000,1530279900000,1249.609,1247.6561428571429,1250.1877142857143,1250.1877142857143,0.2963423555230846,0.2963423555230846,TARGET
scalper_filtered,1530508500000,2018,0.7688332187413339,1530509400000,1530510300000,1250.518,1249.1918928571429,1250.6502142857144,1249.1918928571429,0.09970105841483137,-1.0,STOP
scalper_filtered,1530539100000,2018,0.6678579358399126,1530540000000,1530544500000,1246.558,1245.2713035714285,1247.8743928571428,1245.2713035714285,1.023079591978203,-1.0,STOP
scalper_filtered,1530579600000,2018,0.6900572263986674,1530580500000,1530581400000,1240.989,1239.8668214285713,1241.400357142857,1239.8668214285713,0.36657012825798957,-1.0,STOP
scalper_filtered,1530594900000,2018,0.7028639975714059,1530595800000,1530595800000,1238.558,1237.3215714285714,1239.356857142857,1239.356857142857,0.6461005199305765,0.6461005199305765,TARGET
scalper_filtered,1530679500000,2018,0.7113101593762471,1530680400000,1530681300000,1256.678,1255.2871249999998,1257.63275,1257.63275,0.6864383930976438,0.6864383930976438,TARGET
scalper_filtered,1530704700000,2018,0.748737208059075,1530705600000,1530705600000,1254.719,1253.313375,1255.3732499999999,1255.3732499999999,0.465451311693925,0.465451311693925,TARGET
scalper_filtered,1530765900000,2018,0.6835182030268034,1530766800000,1530766800000,1255.112,1254.163875,1255.52625,1254.163875,0.43691496374397804,-1.0,STOP
scalper_filtered,1530816300000,2018,0.6598590407619973,1530817200000,1530818100000,1255.338,1253.8750714285713,1255.923857142857,1255.923857142857,0.40046872711288733,0.40046872711288733,TARGET
scalper_filtered,1530838800000,2018,0.7199277520364972,1530839700000,1530839700000,1256.658,1255.4752142857144,1257.0135714285714,1255.4752142857144,0.3006220182379019,-1.0,STOP
scalper_filtered,1530842400000,2018,0.6995242269467812,1530843300000,1530843300000,1254.489,1252.7270535714288,1254.7788928571429,1254.7788928571429,0.1645298928741558,0.1645298928741558,TARGET
scalper_filtered,1530867600000,2018,0.7087479760678079,1530868500000,1530871200000,1255.159,1253.6813214285712,1255.804357142857,1253.6813214285712,0.436737160120611,-1.0,STOP
scalper_filtered,1531141200000,2018,0.659270052570189,1531142100000,1531143000000,1263.298,1261.869232142857,1263.9355357142858,1263.9355357142858,0.44621364562378646,0.44621364562378646,TARGET
scalper_filtered,1531149300000,2018,0.697058432051195,1531150200000,1531153800000,1261.349,1259.6035535714284,1261.9568928571427,1259.6035535714284,0.3482735689804641,-1.0,STOP
scalper_filtered,1531197900000,2018,0.6639271361241338,1531198800000,1531198800000,1258.938,1257.7985357142857,1259.3269285714284,1259.3269285714284,0.34132581100114673,0.34132581100114673,TARGET
scalper_filtered,1531271700000,2018,0.6961842750040111,1531272600000,1531272600000,1250.549,1248.0197142857144,1251.0745714285713,1251.0745714285713,0.20779440835918297,0.20779440835918297,TARGET
scalper_filtered,1531328400000,2018,0.7083282722662395,1531329300000,1531329300000,1244.859,1242.884875,1245.72325,1242.884875,0.4377888938137666,-1.0,STOP
scalper_filtered,1531415700000,2018,0.8651339550778018,1531416600000,1531416600000,1246.648,1244.6082857142858,1246.7374285714286,1246.7374285714286,0.043843675584881274,0.043843675584881274,TARGET
scalper_filtered,1531459800000,2018,0.6588358326358038,1531460700000,1531460700000,1244.998,1243.5673928571427,1245.2192142857143,1245.2192142857143,0.15462965274480953,0.15462965274480953,TARGET
scalper_filtered,1531473300000,2018,0.8132337937287711,1531474200000,1531474200000,1240.569,1238.3489285714284,1240.7461428571428,1240.7461428571428,0.07979151249957761,0.07979151249957761,TARGET
scalper_filtered,1531725300000,2018,0.6586072609162489,1531726200000,1531728000000,1242.829,1241.3780892857144,1243.2978214285715,1243.2978214285715,0.323122176957957,0.323122176957957,TARGET
scalper_filtered,1531744200000,2018,0.7549064748580392,1531745100000,1531745100000,1242.289,1240.4307142857142,1242.4325714285715,1242.4325714285715,0.07726014760149896,0.07726014760149896,TARGET
scalper_filtered,1531755000000,2018,0.718785325807024,1531755900000,1531762200000,1239.248,1237.5270357142858,1240.2929285714285,1240.2929285714285,0.6071762093510523,0.6071762093510523,TARGET
scalper_filtered,1531785600000,2018,0.7190839922488634,1531786500000,1531787400000,1240.518,1239.959732142857,1240.7345357142858,1239.959732142857,0.38787064581140995,-1.0,STOP
scalper_filtered,1531790100000,2018,0.73631818622506,1531791000000,1531791000000,1238.188,1237.0321428571428,1238.4027142857144,1238.4027142857144,0.1857619577308129,0.1857619577308129,TARGET
scalper_filtered,1531807200000,2018,0.8131081797614523,1531808100000,1531808100000,1241.069,1240.0279285714287,1241.318142857143,1241.318142857143,0.239313893653631,0.239313893653631,TARGET
scalper_filtered,1531827000000,2018,0.6790199974236036,1531827900000,1531827900000,1241.088,1239.8790892857144,1241.5558214285716,1239.8790892857144,0.3869776510733102,-1.0,STOP
scalper_filtered,1531828800000,2018,0.750329030922945,1531829700000,1531829700000,1240.138,1238.6808571428571,1240.5322857142858,1240.5322857142858,0.2705882352942168,0.2705882352942168,TARGET
scalper_filtered,1531833300000,2018,0.8130122257785177,1531834200000,1531836000000,1232.318,1229.1828928571426,1232.6572142857142,1232.6572142857142,0.10819862615765176,0.10819862615765176,TARGET
scalper_filtered,1531864800000,2018,0.7115853884778304,1531865700000,1531865700000,1227.778,1226.342232142857,1227.9495357142857,1227.9495357142857,0.11947315398677746,0.11947315398677746,TARGET
scalper_filtered,1531887300000,2018,0.7345359556134868,1531888200000,1531890900000,1227.588,1226.444517857143,1227.8949642857144,1226.444517857143,0.26844694307818534,-1.0,STOP
scalper_filtered,1531963800000,2018,0.7320532455735349,1531964700000,1531964700000,1224.808,1223.1695892857142,1225.0038214285714,1225.0038214285714,0.11951913330644778,0.11951913330644778,TARGET
scalper_filtered,1531980900000,2018,0.7615924964403759,1531981800000,1531981800000,1223.298,1221.9936249999998,1223.74975,1223.74975,0.34633445136551266,0.34633445136551266,TARGET
scalper_filtered,1531983600000,2018,0.6703049232879472,1531984500000,1531985400000,1221.658,1220.163357142857,1222.3072857142856,1220.163357142857,0.4344086021505219,-1.0,STOP
scalper_filtered,1531989000000,2018,0.7415529282408635,1531989900000,1531992600000,1218.949,1216.4243214285716,1219.6453571428572,1216.4243214285716,0.275820118544079,-1.0,STOP
scalper_filtered,1532000700000,2018,0.7186570700196914,1532001600000,1532001600000,1215.849,1213.9001071428572,1216.5637857142856,1216.5637857142856,0.36676501310267406,0.36676501310267406,TARGET
scalper_filtered,1532049300000,2018,0.6622531641823266,1532050200000,1532050200000,1219.611,1217.6013392857144,1220.3513214285715,1217.6013392857144,0.3683813010369465,-1.0,STOP
scalper_filtered,1532051100000,2018,0.7675636855528137,1532052000000,1532052000000,1217.268,1214.5941071428572,1217.7887857142857,1217.7887857142857,0.19476685944782868,0.19476685944782868,TARGET
scalper_filtered,1532363400000,2018,0.7143876610353067,1532364300000,1532365200000,1223.578,1221.2737321428572,1224.3525357142858,1224.3525357142858,0.3361309371585678,0.3361309371585678,TARGET
scalper_filtered,1532469600000,2018,0.7078312530051152,1532470500000,1532470500000,1224.729,1223.4290535714285,1224.7788928571426,1224.7788928571426,0.03838070250127284,0.03838070250127284,TARGET
scalper_filtered,1532573100000,2018,0.7001762639281556,1532574000000,1532574000000,1232.008,1230.436910714286,1232.6031785714288,1232.6031785714288,0.3788317932282182,0.3788317932282182,TARGET
scalper_filtered,1532575800000,2018,0.6631003592523356,1532576700000,1532583000000,1231.651,1230.1304107142857,1232.4721785714287,1230.1304107142857,0.5400396932580354,-1.0,STOP
scalper_filtered,1532656800000,2018,0.673463628566437,1532657700000,1532657700000,1222.781,1221.3851785714285,1223.4336428571428,1223.4336428571428,0.46756901977838844,0.46756901977838844,TARGET
scalper_filtered,1532673000000,2018,0.6982154763753231,1532673900000,1532673900000,1223.598,1222.0840178571427,1223.8359642857142,1223.8359642857142,0.1571777361027369,0.1571777361027369,TARGET
scalper_filtered,1532687400000,2018,0.7742680886937305,1532688300000,1532688300000,1218.749,1216.6749642857144,1219.2640714285715,1219.2640714285715,0.24834260327520669,0.24834260327520669,TARGET
scalper_filtered,1532915100000,2018,0.6582474404144658,1532916000000,1532917800000,1221.938,1220.4113214285715,1222.2913571428571,1220.4113214285715,0.23145483893597457,-1.0,STOP
scalper_filtered,1532932200000,2018,0.779495083652508,1532933100000,1532933100000,1219.908,1218.4639285714286,1220.096142857143,1220.096142857143,0.13028639263998182,0.13028639263998182,TARGET
scalper_filtered,1532952900000,2018,0.7935045269424915,1532953800000,1532953800000,1221.888,1220.4210535714285,1222.1578928571428,1222.1578928571428,0.18398276302815228,0.18398276302815228,TARGET
scalper_filtered,1532979000000,2018,0.7023219593873757,1532979900000,1532983500000,1221.768,1220.9176428571427,1222.328714285714,1220.9176428571427,0.6593868122633809,-1.0,STOP
scalper_filtered,1532999700000,2018,0.7813106838180297,1533000600000,1533000600000,1221.348,1220.1065357142857,1221.5539285714285,1221.5539285714285,0.16587555018553987,0.16587555018553987,TARGET
scalper_filtered,1533099600000,2018,0.6834370088895068,1533100500000,1533100500000,1221.399,1219.937,1221.683,1221.683,0.1942544459645059,0.1942544459645059,TARGET
scalper_filtered,1533103200000,2018,0.7502564180028248,1533104100000,1533104100000,1220.799,1219.4160357142857,1221.0209285714286,1221.0209285714286,0.16047310384014446,0.16047310384014446,TARGET
scalper_filtered,1533125700000,2018,0.6980499706025108,1533126600000,1533129300000,1222.379,1220.958482142857,1222.8200357142857,1220.958482142857,0.3104753045293601,-1.0,STOP
scalper_filtered,1533135600000,2018,0.6570330090136856,1533136500000,1533137400000,1217.429,1215.6957499999999,1218.3125,1218.3125,0.5097360450020468,0.5097360450020468,TARGET
scalper_filtered,1533160800000,2018,0.7232685195722129,1533161700000,1533164400000,1217.219,1214.6635714285712,1217.5268571428571,1217.5268571428571,0.1204718246869023,0.1204718246869023,TARGET
scalper_filtered,1533187800000,2018,0.7258946869954002,1533188700000,1533188700000,1218.538,1217.2680714285714,1218.9478571428572,1218.9478571428572,0.32274031160357675,0.32274031160357675,TARGET
scalper_filtered,1533194100000,2018,0.7655255293455933,1533195000000,1533202200000,1218.251,1216.6153928571428,1218.5462142857143,1216.6153928571428,0.18049217197635273,-1.0,STOP
scalper_filtered,1533206700000,2018,0.8151021815994937,1533207600000,1533207600000,1216.279,1214.2965714285715,1216.4308571428571,1216.4308571428571,0.07660157094472242,0.07660157094472242,TARGET
scalper_filtered,1533209400000,2018,0.7637888146203569,1533210300000,1533210300000,1215.802,1213.9624821428572,1216.2380357142856,1213.9624821428572,0.23703804374206774,-1.0,STOP
scalper_filtered,1533236400000,2018,0.7725833985906387,1533237300000,1533241800000,1209.598,1207.7751785714286,1209.8236428571429,1207.7751785714286,0.12378769176516335,-1.0,STOP
scalper_filtered,1533277800000,2018,0.7398185361063706,1533278700000,1533279600000,1206.138,1204.827535714286,1206.4009285714287,1206.4009285714287,0.20063772381674608,0.20063772381674608,TARGET
scalper_filtered,1533283200000,2018,0.7176744556820044,1533284100000,1533284100000,1206.008,1203.745875,1206.0082499999999,1206.0082499999999,0.00011051555498637849,0.00011051555498637849,TARGET
scalper_filtered,1533325500000,2018,0.7097634434489215,1533326400000,1533506400000,1213.559,1212.6162857142856,1214.2144285714285,1214.2144285714285,0.6952568570994216,0.6952568570994216,TARGET
scalper_filtered,1533536100000,2018,0.7085094280001407,1533537000000,1533538800000,1213.469,1212.2939464285714,1213.6891071428572,1212.2939464285714,0.18731668768901527,-1.0,STOP
scalper_filtered,1533552300000,2018,0.7148585072670526,1533553200000,1533555000000,1209.898,1208.4313928571428,1210.5242142857142,1208.4313928571428,0.42698161451354955,-1.0,STOP
scalper_filtered,1533575700000,2018,0.6893200794809583,1533576600000,1533582000000,1209.529,1208.1675892857143,1210.1188214285714,1208.1675892857143,0.4332428284736165,-1.0,STOP
scalper_filtered,1533585600000,2018,0.6906955720858116,1533586500000,1533586500000,1207.069,1206.0596964285714,1207.4346071428572,1207.4346071428572,0.3622370446383946,0.3622370446383946,TARGET
scalper_filtered,1533606300000,2018,0.783145886440339,1533607200000,1533607200000,1208.478,1207.2765892857144,1208.7238214285715,1208.7238214285715,0.20461065116898966,0.20461065116898966,TARGET
scalper_filtered,1533726000000,2018,0.6648493921921409,1533726900000,1533727800000,1210.709,1209.031642857143,1211.1807142857142,1211.1807142857142,0.2812247157517439,0.2812247157517439,TARGET
scalper_filtered,1533732300000,2018,0.7236386492666622,1533733200000,1533733200000,1208.338,1205.4238571428573,1208.4452857142858,1208.4452857142858,0.036815530173082235,0.036815530173082235,TARGET
scalper_filtered,1533798000000,2018,0.778166143294403,1533798900000,1533798900000,1213.359,1211.4028214285713,1213.5213571428571,1213.5213571428571,0.08299709710992657,0.08299709710992657,TARGET
scalper_filtered,1533855600000,2018,0.7737312785011997,1533856500000,1533856500000,1212.098,1210.8929464285713,1212.207107142857,1212.207107142857,0.09054132151793703,0.09054132151793703,TARGET
scalper_filtered,1533870000000,2018,0.6863705831016063,1533870900000,1533874500000,1212.138,1211.0026249999999,1212.6777499999998,1212.6777499999998,0.47539359242530504,0.47539359242530504,TARGET
scalper_filtered,1533919500000,2018,0.6932984868660119,1533920400000,1534112100000,1211.668,1209.5870357142858,1213.0999285714286,1212.721,0.688108191600838,0.5060154118112395,16BAR_TIMEOUT
scalper_filtered,1534120200000,2018,0.7334614279070386,1534121100000,1534121100000,1209.888,1207.9137678571428,1210.1764642857142,1210.1764642857142,0.14611467387865715,0.14611467387865715,TARGET
scalper_filtered,1534124700000,2018,0.6578850631269542,1534125600000,1534127400000,1208.608,1206.9479821428572,1209.4080357142857,1209.4080357142857,0.48194404104952027,0.48194404104952027,TARGET
scalper_filtered,1534132800000,2018,0.771574297976283,1534133700000,1534136400000,1208.038,1206.4882857142857,1208.5274285714283,1208.5274285714283,0.3158185840706314,0.3158185840706314,TARGET
scalper_filtered,1534147200000,2018,0.7571620780485258,1534148100000,1534148100000,1204.648,1202.4719464285715,1205.3431071428572,1205.3431071428572,0.31943475656301085,0.31943475656301085,TARGET
scalper_filtered,1534151700000,2018,0.7217661019042657,1534152600000,1534153500000,1204.129,1201.815625,1204.88575,1201.815625,0.32711946830930005,-1.0,STOP
scalper_filtered,1534174200000,2018,0.712749258056247,1534175100000,1534178700000,1196.378,1193.4150357142858,1197.3329285714285,1193.4150357142858,0.3222882489784753,-1.0,STOP
scalper_filtered,1534266000000,2018,0.8256185055439343,1534266900000,1534266900000,1193.628,1191.1688214285714,1193.6563571428571,1193.6563571428571,0.011531144255510679,0.011531144255510679,TARGET
scalper_filtered,1534290300000,2018,0.8173598732314751,1534291200000,1534292100000,1193.869,1192.7621964285713,1193.979607142857,1193.979607142857,0.09993385069617054,0.09993385069617054,TARGET
scalper_filtered,1534310100000,2018,0.7364444502931011,1534311000000,1534311000000,1187.738,1185.6680714285715,1187.9778571428571,1187.9778571428571,0.11587701438970406,0.11587701438970406,TARGET
scalper_filtered,1534329900000,2018,0.7071526913409987,1534330800000,1534332600000,1184.912,1183.1516964285715,1185.6966071428571,1185.6966071428571,0.4457226330685678,0.4457226330685678,TARGET
scalper_filtered,1534362300000,2018,0.6940815157702293,1534363200000,1534363200000,1174.581,1172.125732142857,1174.9615357142857,1174.9615357142857,0.15498745408926146,0.15498745408926146,TARGET
scalper_filtered,1534446900000,2018,0.6932934558577027,1534447800000,1534463100000,1174.489,1172.7075714285713,1175.588857142857,1175.588857142857,0.61740176423403,0.61740176423403,TARGET
scalper_filtered,1534464900000,2018,0.6940059925766443,1534465800000,1534465800000,1172.852,1171.1575892857143,1173.1988214285714,1173.1988214285714,0.20468557336611065,0.20468557336611065,TARGET
scalper_filtered,1534482900000,2018,0.7159346429655736,1534483800000,1534483800000,1175.328,1173.7989642857144,1175.7490714285716,1175.7490714285716,0.27538364515466435,0.27538364515466435,TARGET
scalper_filtered,1534527900000,2018,0.7025187853697324,1534528800000,1534528800000,1177.401,1175.611964285714,1178.0300714285713,1178.0300714285713,0.35162597568506987,0.35162597568506987,TARGET
scalper_filtered,1534836600000,2018,0.7928611751695983,1534837500000,1534837500000,1194.918,1192.9811964285714,1194.954607142857,1194.954607142857,0.018900803053592364,0.018900803053592364,TARGET
scalper_filtered,1534854600000,2018,0.7269595328001456,1534855500000,1534855500000,1190.592,1188.6098214285714,1190.9443571428571,1190.9443571428571,0.17776256283664682,0.17776256283664682,TARGET
scalper_filtered,1534864500000,2018,0.6945054466974612,1534865400000,1534865400000,1188.958,1186.686839285714,1189.5403214285714,1189.5403214285714,0.2563981601602974,0.2563981601602974,TARGET
scalper_filtered,1534901400000,2018,0.7371355034744803,1534902300000,1534903200000,1195.529,1193.8191785714287,1196.137642857143,1196.137642857143,0.3559686684073957,0.3559686684073957,TARGET
scalper_filtered,1534947300000,2018,0.6924452106195896,1534948200000,1534960800000,1195.808,1193.439732142857,1196.9145357142856,1196.9145357142856,0.4672341901479838,0.4672341901479838,TARGET
scalper_filtered,1534963500000,2018,0.6980020070358258,1534964400000,1534965300000,1195.241,1193.6036071428573,1196.1097857142859,1196.1097857142859,0.5305908783564272,0.5305908783564272,TARGET
scalper_filtered,1534983300000,2018,0.7966441823336928,1534984200000,1534984200000,1194.681,1193.4793392857143,1194.9243214285716,1193.4793392857143,0.20248762872821166,-1.0,STOP
scalper_filtered,1535040900000,2018,0.713749536865207,1535041800000,1535049900000,1187.839,1185.6504821428573,1188.7630357142857,1185.6504821428573,0.42221986504245296,-1.0,STOP
scalper_filtered,1535050800000,2018,0.8451661404563862,1535051700000,1535053500000,1185.429,1183.0476607142857,1185.4816785714286,1185.4816785714286,0.02212140527160706,0.02212140527160706,TARGET
scalper_filtered,1535068800000,2018,0.7392676042581614,1535069700000,1535069700000,1183.919,1182.5595178571427,1184.234964285714,1184.234964285714,0.2324151790989496,0.2324151790989496,TARGET
scalper_filtered,1535139900000,2018,0.7389214379153319,1535140800000,1535320800000,1205.642,1203.8094285714287,1206.2741428571428,1206.868,0.34494855004673497,0.6690053009042463,TARGET_GAP
scalper_filtered,1535353200000,2018,0.8061195461082029,1535354100000,1535360400000,1205.398,1203.7476964285713,1205.5816071428571,1203.7476964285713,0.11125658699162014,-1.0,STOP
scalper_filtered,1535455800000,2018,0.7584911285480122,1535456700000,1535456700000,1211.559,1209.7830714285715,1211.9668571428572,1211.9668571428572,0.22965852873752943,0.22965852873752943,TARGET
scalper_filtered,1535466600000,2018,0.6891153189640374,1535467500000,1535467500000,1208.938,1205.588,1209.548,1209.548,0.1820895522387687,0.1820895522387687,TARGET
scalper_filtered,1535592600000,2018,0.6834586425163953,1535593500000,1535593500000,1205.188,1203.9369821428572,1205.5600357142857,1205.5600357142857,0.29738641392002335,0.29738641392002335,TARGET
scalper_filtered,1535673600000,2018,0.6806682967833276,1535674500000,1535674500000,1199.549,1198.55975,1199.9434999999999,1198.55975,0.39878695981788886,-1.0,STOP
scalper_filtered,1535729400000,2018,0.6829809479178119,1535730300000,1535731200000,1201.549,1199.0815892857145,1202.4908214285715,1199.0815892857145,0.38170436041259337,-1.0,STOP
scalper_filtered,1536019200000,2018,0.7772827311584123,1536020100000,1536021900000,1200.898,1199.7062678571428,1200.9744642857142,1199.7062678571428,0.06416230876430118,-1.0,STOP
scalper_filtered,1536022800000,2018,0.70000573712439,1536023700000,1536024600000,1199.762,1198.5399464285713,1200.1241071428572,1200.1241071428572,0.29631036750204454,0.29631036750204454,TARGET
scalper_filtered,1536044400000,2018,0.660481677258234,1536045300000,1536045300000,1195.009,1192.9929642857142,1195.7080714285714,1195.7080714285714,0.34675547839639626,0.34675547839639626,TARGET
scalper_filtered,1536057900000,2018,0.65655043171615,1536058800000,1536058800000,1194.418,1192.778,1195.298,1192.778,0.5365853658537667,-1.0,STOP
scalper_filtered,1536060600000,2018,0.7627599802934714,1536061500000,1536061500000,1193.549,1190.7382321428572,1193.5605357142858,1193.5605357142858,0.004104114915268055,0.004104114915268055,TARGET
scalper_filtered,1536166800000,2018,0.6834478990612323,1536167700000,1536167700000,1195.969,1194.3148035714285,1196.6973928571429,1196.6973928571429,0.44033032870937694,0.44033032870937694,TARGET
scalper_filtered,1536291900000,2018,0.7628502315641065,1536292800000,1536292800000,1200.459,1198.3979464285715,1200.9181071428573,1200.9181071428573,0.22275361942143312,0.22275361942143312,TARGET
scalper_filtered,1536323400000,2018,0.8082289356194623,1536324300000,1536324300000,1196.178,1192.7859107142858,1196.4821785714284,1196.4821785714284,0.08967292597791546,0.08967292597791546,TARGET
scalper_filtered,1536325200000,2018,0.692386607751447,1536326100000,1536326100000,1195.411,1192.0750714285714,1196.103857142857,1196.103857142857,0.20769543712385602,0.20769543712385602,TARGET
scalper_filtered,1536340500000,2018,0.6987846705384774,1536341400000,1536342300000,1195.049,1192.566339285714,1195.7843214285713,1195.7843214285713,0.29618281078041114,0.29618281078041114,TARGET
scalper_filtered,1536530400000,2018,0.7232612932071566,1536531300000,1536534900000,1196.002,1194.1738214285713,1196.085357142857,1196.085357142857,0.04559573345830092,0.04559573345830092,TARGET
scalper_filtered,1536546600000,2018,0.666680334141283,1536547500000,1536552000000,1194.739,1193.2646964285714,1195.467607142857,1193.2646964285714,0.4942042853162328,-1.0,STOP
scalper_filtered,1536552900000,2018,0.725557098624109,1536553800000,1536560100000,1193.181,1191.7518035714286,1193.9003928571428,1193.9003928571428,0.503354782282696,0.503354782282696,TARGET
scalper_filtered,1536631200000,2018,0.6580000488870325,1536632100000,1536643800000,1194.048,1192.9607142857144,1194.5125714285714,1194.5125714285714,0.42727631060308363,0.42727631060308363,TARGET
scalper_filtered,1536655500000,2018,0.6930024289289182,1536656400000,1536659100000,1194.908,1193.3865357142856,1195.5539285714285,1193.3865357142856,0.42454402478818093,-1.0,STOP
scalper_filtered,1536669000000,2018,0.6874791929919923,1536669900000,1536669900000,1188.628,1186.8514642857144,1189.5710714285715,1189.5710714285715,0.5308485616067941,0.5308485616067941,TARGET
scalper_filtered,1536726600000,2018,0.6650929410365859,1536727500000,1536728400000,1193.289,1192.0732678571428,1193.827464285714,1193.827464285714,0.4429135882256235,0.4429135882256235,TARGET
scalper_filtered,1536753600000,2018,0.6773424994445839,1536754500000,1536755400000,1194.288,1192.169089285714,1195.0788214285712,1195.0788214285712,0.3732207417893729,0.3732207417893729,TARGET
scalper_filtered,1536822900000,2018,0.7128067969093043,1536823800000,1536823800000,1204.068,1202.7692321428572,1204.4755357142858,1204.4755357142858,0.31378641844614014,0.31378641844614014,TARGET
scalper_filtered,1536835500000,2018,0.7223288558015615,1536836400000,1536836400000,1205.179,1203.3420178571428,1205.6699642857143,1205.6699642857143,0.2672667710043884,0.2672667710043884,TARGET
scalper_filtered,1536930900000,2018,0.7658870112845785,1536931800000,1536931800000,1202.188,1199.9505714285713,1202.732857142857,1202.732857142857,0.24351934618810084,0.24351934618810084,TARGET
scalper_filtered,1537142400000,2018,0.7185188466270268,1537143300000,1537143300000,1193.372,1192.2513214285714,1193.7713571428571,1193.7713571428571,0.35635297491942725,0.35635297491942725,TARGET
scalper_filtered,1537209900000,2018,0.7740661658390147,1537210800000,1537210800000,1200.928,1199.336017857143,1201.1419642857145,1201.1419642857145,0.1344011845072401,0.1344011845072401,TARGET
scalper_filtered,1537227000000,2018,0.6860906540988359,1537227900000,1537227900000,1198.298,1197.1088035714288,1198.816392857143,1198.816392857143,0.4359186125086414,0.4359186125086414,TARGET
scalper_filtered,1537234200000,2018,0.7333085637684374,1537235100000,1537239600000,1197.982,1196.2745535714287,1198.4748928571428,1198.4748928571428,0.28867251639351976,0.28867251639351976,TARGET
scalper_filtered,1537279200000,2018,0.7041674450757207,1537280100000,1537281900000,1199.268,1196.4182142857142,1200.1075714285714,1200.1075714285714,0.29460861718923226,0.29460861718923226,TARGET
scalper_filtered,1537291800000,2018,0.7048148329109902,1537292700000,1537308900000,1198.168,1196.4302500000001,1198.9435,1198.9435,0.4462667242125115,0.4462667242125115,TARGET
scalper_filtered,1537321500000,2018,0.6576960806821461,1537322400000,1537323300000,1198.519,1197.7310714285713,1198.924857142857,1198.924857142857,0.5150938264887814,0.5150938264887814,TARGET
scalper_filtered,1537403400000,2018,0.7034118948987429,1537404300000,1537405200000,1203.449,1202.7006785714286,1203.745642857143,1203.745642857143,0.39641101512907057,0.39641101512907057,TARGET
scalper_filtered,1537434000000,2018,0.698894623005486,1537434900000,1537434900000,1202.668,1200.4167857142857,1202.9734285714285,1202.9734285714285,0.13567281149856839,0.13567281149856839,TARGET
scalper_filtered,1537533000000,2018,0.696229942110953,1537533900000,1537533900000,1198.301,1196.411392857143,1199.6112142857144,1196.411392857143,0.6933791982462133,-1.0,STOP
scalper_filtered,1537755300000,2018,0.7265205207315989,1537756200000,1537760700000,1196.479,1195.3501785714284,1196.966642857143,1196.966642857143,0.4319929129622461,0.4319929129622461,TARGET
scalper_filtered,1537812900000,2018,0.6866651779021505,1537813800000,1537832700000,1199.809,1198.0246785714285,1200.5276428571428,1198.838,0.4027541482356132,-0.5441844638818074,16BAR_TIMEOUT
scalper_filtered,1537841700000,2018,0.7254509084482428,1537842600000,1537842600000,1197.978,1196.562375,1198.10925,1198.10925,0.09271523178800926,0.09271523178800926,TARGET
scalper_filtered,1538025300000,2018,0.7315962192491674,1538026200000,1538027100000,1196.829,1195.59025,1197.2034999999998,1195.59025,0.30232088799184953,-1.0,STOP
scalper_filtered,1538055000000,2018,0.7930926383301642,1538055900000,1538056800000,1185.391,1182.1070535714287,1185.589892857143,1185.589892857143,0.06056519540407326,0.06056519540407326,TARGET
scalper_filtered,1538109900000,2018,0.6776134000259382,1538110800000,1538111700000,1183.499,1182.5141964285715,1183.9656071428572,1183.9656071428572,0.4738073219822722,0.4738073219822722,TARGET
scalper_filtered,1538118000000,2018,0.7777549055649241,1538118900000,1538118900000,1181.808,1180.0817321428572,1181.9905357142857,1181.9905357142857,0.10574008751329868,0.10574008751329868,TARGET
scalper_filtered,1538132400000,2018,0.7437285765576893,1538133300000,1538133300000,1183.128,1181.5074464285715,1183.492107142857,1183.492107142857,0.22468071977171408,0.22468071977171408,TARGET
scalper_filtered,1538368200000,2018,0.7701773372350034,1538369100000,1538370000000,1188.932,1187.4958571428572,1189.0052857142857,1189.0052857142857,0.0510295434198673,0.0510295434198673,TARGET
scalper_filtered,1538376300000,2018,0.6643035448530015,1538377200000,1538377200000,1187.522,1186.113607142857,1187.8457857142857,1186.113607142857,0.22989729935342818,-1.0,STOP
scalper_filtered,1538378100000,2018,0.7069475511971876,1538379000000,1538379000000,1186.929,1185.0766785714286,1187.120642857143,1187.120642857143,0.10346090812684682,0.10346090812684682,TARGET
scalper_filtered,1538556300000,2018,0.7541427824317355,1538557200000,1538559000000,1203.702,1201.4393571428573,1203.8352857142859,1203.8352857142859,0.05890709347483532,0.05890709347483532,TARGET
scalper_filtered,1538625600000,2018,0.7494399944808297,1538626500000,1538630100000,1196.908,1195.5771785714285,1197.139642857143,1197.139642857143,0.17406005957664272,0.17406005957664272,TARGET
scalper_filtered,1538649900000,2018,0.7046682908538843,1538650800000,1538651700000,1198.558,1197.3409464285714,1199.1051071428572,1199.1051071428572,0.4495341500990588,0.4495341500990588,TARGET
scalper_filtered,1538672400000,2018,0.6768504764071321,1538673300000,1538680500000,1198.239,1195.9694107142857,1199.7781785714285,1199.7781785714285,0.6781749372525846,0.6781749372525846,TARGET
scalper_filtered,1538723700000,2018,0.7457984767193239,1538724600000,1538724600000,1198.349,1196.6128214285716,1198.4883571428572,1198.4883571428572,0.0802665953552564,0.0802665953552564,TARGET
scalper_filtered,1538755200000,2018,0.6621679869993321,1538756100000,1538765100000,1201.772,1198.6803035714286,1203.443392857143,1203.443392857143,0.5406070407486118,0.5406070407486118,TARGET
scalper_filtered,1538961300000,2018,0.7419186508883516,1538962200000,1538962200000,1199.539,1197.905625,1199.83275,1197.905625,0.17984235096047493,-1.0,STOP
scalper_filtered,1538964900000,2018,0.7115655074180169,1538965800000,1538968500000,1196.298,1194.4116785714286,1196.9236428571428,1196.9236428571428,0.33167351420941765,0.33167351420941765,TARGET
scalper_filtered,1538987400000,2018,0.799950717245182,1538988300000,1538988300000,1194.068,1192.2541964285715,1194.3176071428572,1194.3176071428572,0.1376153111555939,0.1376153111555939,TARGET
scalper_filtered,1539002700000,2018,0.7492833105381275,1539003600000,1539003600000,1186.018,1183.1113214285715,1186.3773571428571,1186.3773571428571,0.12363153820633684,0.12363153820633684,TARGET
scalper_filtered,1539067500000,2018,0.6974243815402954,1539068400000,1539068400000,1190.021,1188.7428571428572,1190.2882857142858,1190.2882857142858,0.20912037554503687,0.20912037554503687,TARGET
scalper_filtered,1539083700000,2018,0.6726891448515361,1539084600000,1539085500000,1186.378,1184.7888035714286,1186.9463928571429,1186.9463928571429,0.35766054272720604,0.35766054272720604,TARGET
scalper_filtered,1539092700000,2018,0.8225186814713911,1539093600000,1539093600000,1185.359,1182.1805714285715,1185.412857142857,1185.412857142857,0.0169445817789653,0.0169445817789653,TARGET
scalper_filtered,1539135900000,2018,0.7327762723084394,1539136800000,1539141300000,1189.639,1188.1676607142858,1189.9086785714287,1189.9086785714287,0.1832878208631077,0.1832878208631077,TARGET
scalper_filtered,1539219600000,2018,0.7397288134216685,1539220500000,1539220500000,1192.848,1191.5309285714284,1193.1811428571427,1193.1811428571427,0.25294213352124917,0.25294213352124917,TARGET
scalper_filtered,1539322200000,2018,0.6557009314152559,1539323100000,1539324900000,1219.449,1217.8200357142857,1220.4329285714284,1217.8200357142857,0.604020959856017,-1.0,STOP
scalper_filtered,1539326700000,2018,0.7147742014465308,1539327600000,1539327600000,1216.829,1214.9656071428572,1217.4627857142857,1217.4627857142857,0.3401245807379312,0.3401245807379312,TARGET
scalper_filtered,1539352800000,2018,0.6923255270455594,1539353700000,1539353700000,1219.648,1216.6294464285716,1220.8551071428572,1220.8551071428572,0.39989588201545345,0.39989588201545345,TARGET
scalper_filtered,1539356400000,2018,0.7524832829728864,1539357300000,1539357300000,1218.789,1214.7370357142856,1219.4199285714285,1219.4199285714285,0.1557093120620341,0.1557093120620341,TARGET
scalper_filtered,1539666900000,2018,0.6625200533085706,1539667800000,1539670500000,1225.852,1224.7249285714286,1226.3031428571428,1226.3031428571428,0.4002788516380911,0.4002788516380911,TARGET
scalper_filtered,1539720900000,2018,0.7853636773655608,1539721800000,1539727200000,1224.628,1222.6237857142858,1224.9554285714287,1224.9554285714287,0.1633700416979517,0.1633700416979517,TARGET
scalper_filtered,1539813600000,2018,0.7223863242291781,1539814500000,1539817200000,1222.228,1220.9003392857142,1222.9033214285714,1222.9033214285714,0.5086551264978686,0.5086551264978686,TARGET
scalper_filtered,1539823500000,2018,0.7836167375706391,1539824400000,1539824400000,1222.389,1220.9529642857144,1222.4980714285714,1222.4980714285714,0.07595314481838401,0.07595314481838401,TARGET
scalper_filtered,1539843300000,2018,0.8278017318230328,1539844200000,1539845100000,1220.379,1218.5519821428572,1220.4090357142857,1220.4090357142857,0.016439748614571904,0.016439748614571904,TARGET
scalper_filtered,1539867600000,2018,0.6974607648476007,1539868500000,1539868500000,1222.528,1219.9729464285715,1223.2311071428571,1223.2311071428571,0.275182935778526,0.275182935778526,TARGET
scalper_filtered,1539909000000,2018,0.6706380300162893,1539909900000,1539910800000,1225.622,1224.7794464285712,1225.945107142857,1225.945107142857,0.38348557743223705,0.38348557743223705,TARGET
scalper_filtered,1540188000000,2018,0.7657420592049885,1540188900000,1540188900000,1227.119,1225.5860714285714,1227.1218571428572,1227.1218571428572,0.0018638460463784661,0.0018638460463784661,TARGET
scalper_filtered,1540197000000,2018,0.7067457715140714,1540197900000,1540205100000,1223.879,1221.726625,1224.2837499999998,1224.2837499999998,0.18804808641614124,0.18804808641614124,TARGET
scalper_filtered,1540215000000,2018,0.743159433339177,1540215900000,1540215900000,1221.549,1219.4910357142855,1222.1219285714285,1222.1219285714285,0.27839577946301647,0.27839577946301647,TARGET
scalper_filtered,1540360800000,2018,0.7651233747896348,1540361700000,1540361700000,1230.699,1229.323517857143,1231.1969642857143,1231.1969642857143,0.3620288989575328,0.3620288989575328,TARGET
scalper_filtered,1540467000000,2018,0.8440750259844625,1540467900000,1540468800000,1232.758,1230.7670535714285,1233.0798928571428,1230.7670535714285,0.16167831164282453,-1.0,STOP
scalper_filtered,1540476000000,2018,0.6961228428747656,1540476900000,1540491300000,1230.491,1227.5655,1231.413,1228.628,0.3151598017432944,-0.6368142197914957,16BAR_TIMEOUT
scalper_filtered,1540493100000,2018,0.6933849192347158,1540494000000,1540494900000,1228.952,1227.333767857143,1229.5694642857143,1229.5694642857143,0.3815671864137509,0.3815671864137509,TARGET
scalper_filtered,1540572300000,2018,0.7198953719085451,1540573200000,1540575000000,1233.806,1228.8513571428573,1234.8562857142856,1234.8562857142856,0.21198010524036964,0.21198010524036964,TARGET
scalper_filtered,1540767600000,2018,0.6953283113045896,1540768500000,1540772100000,1233.457,1232.0039821428572,1234.2300357142858,1232.0039821428572,0.5320207941599225,-1.0,STOP
scalper_filtered,1540773000000,2018,0.6645350845375281,1540773900000,1540773900000,1232.227,1231.144375,1232.8892500000002,1232.8892500000002,0.6117076550052706,0.6117076550052706,TARGET
scalper_filtered,1540793700000,2018,0.7315215244588372,1540794600000,1540795500000,1232.913,1231.4693392857143,1233.2293214285714,1231.4693392857143,0.21911064382460863,-1.0,STOP
scalper_filtered,1540804500000,2018,0.7213051376465174,1540805400000,1540807200000,1228.774,1226.632142857143,1229.6137142857142,1229.6137142857142,0.39204962315752717,0.39204962315752717,TARGET
scalper_filtered,1540862100000,2018,0.7092985875192197,1540863000000,1540863000000,1227.193,1225.6613571428572,1227.6162857142858,1227.6162857142858,0.2763605838736275,0.2763605838736275,TARGET
scalper_filtered,1540917900000,2018,0.689482194502913,1540918800000,1540940400000,1223.753,1221.1935714285714,1224.3718571428572,1222.403,0.241795043536542,-0.5274614869390285,16BAR_TIMEOUT
scalper_filtered,1540988100000,2018,0.6616920209210573,1540989000000,1540989000000,1216.023,1214.062875,1216.87425,1216.87425,0.43428352783635515,0.43428352783635515,TARGET
scalper_filtered,1540990800000,2018,0.6647415883381722,1540991700000,1540992600000,1214.963,1212.0826428571427,1215.6537142857142,1212.0826428571427,0.23980161190324134,-1.0,STOP
scalper_filtered,1541161800000,2018,0.8257650495863755,1541162700000,1541162700000,1232.425,1229.1473571428571,1232.650285714286,1232.650285714286,0.06873406411409885,0.06873406411409885,TARGET
scalper_filtered,1541163600000,2018,0.6920195094743361,1541164500000,1541164500000,1231.958,1228.265232142857,1232.4645357142856,1232.4645357142856,0.13716966077510367,0.13716966077510367,TARGET
scalper_filtered,1541379600000,2018,0.6580922610260265,1541380500000,1541385900000,1233.025,1231.8602142857142,1233.6145714285713,1231.8602142857142,0.5061629974854212,-1.0,STOP
scalper_filtered,1541396700000,2018,0.7472292427908018,1541397600000,1541398500000,1231.645,1230.7965357142857,1231.9019285714285,1231.9019285714285,0.3028160121226504,0.3028160121226504,TARGET
scalper_filtered,1541469600000,2018,0.7132132863633324,1541470500000,1541475900000,1230.255,1229.1614285714284,1230.6811428571427,1229.1614285714284,0.3896799477462417,-1.0,STOP
scalper_filtered,1541511000000,2018,0.7421067534882934,1541511900000,1541513700000,1234.148,1232.134732142857,1234.5655357142857,1232.134732142857,0.20739203320831434,-1.0,STOP
scalper_filtered,1541515500000,2018,0.7032730193822112,1541516400000,1541518200000,1230.885,1228.7241428571429,1231.6067142857141,1228.7241428571429,0.33399444664808975,-1.0,STOP
scalper_filtered,1541519100000,2018,0.699482822045201,1541520000000,1541521800000,1228.925,1226.6646964285712,1229.785607142857,1226.6646964285712,0.38074847721147054,-1.0,STOP
scalper_filtered,1541529000000,2018,0.8157511818691655,1541529900000,1541529900000,1224.925,1222.4661428571428,1225.321714285714,1225.321714285714,0.16134092493601448,0.16134092493601448,TARGET
scalper_filtered,1541574000000,2018,0.7467864696271314,1541574900000,1541574900000,1229.258,1226.8333928571428,1229.4482142857144,1229.4482142857144,0.0784515900956087,0.0784515900956087,TARGET
scalper_filtered,1541592000000,2018,0.6702596982916604,1541592900000,1541593800000,1232.015,1229.8679285714286,1232.8681428571429,1232.8681428571429,0.39735187464646715,0.39735187464646715,TARGET
scalper_filtered,1541623500000,2018,0.7293001318339781,1541624400000,1541631600000,1226.108,1224.3858750000002,1226.7922500000002,1226.7922500000002,0.39732888146931006,0.39732888146931006,TARGET
scalper_filtered,1541660400000,2018,0.7989937882101441,1541661300000,1541661300000,1222.445,1220.6966428571427,1222.7107142857142,1222.7107142857142,0.15197940924129422,0.15197940924129422,TARGET
scalper_filtered,1541676600000,2018,0.7123731312850483,1541677500000,1541678400000,1223.065,1220.95575,1223.4735,1223.4735,0.19367073604362145,0.19367073604362145,TARGET
scalper_filtered,1541726100000,2018,0.7293301711375432,1541727000000,1541727000000,1222.088,1220.6594642857142,1222.2360714285714,1222.2360714285714,0.10365259131481742,0.10365259131481742,TARGET
scalper_filtered,1541771100000,2018,0.7092407147710529,1541772000000,1541772000000,1211.995,1209.700410714286,1212.6631785714287,1212.6631785714287,0.2911974598630253,0.2911974598630253,TARGET
scalper_filtered,1541772900000,2018,0.7948360352847472,1541773800000,1541773800000,1211.135,1208.0061249999999,1211.5127499999999,1211.5127499999999,0.12073029443485764,0.12073029443485764,TARGET
scalper_filtered,1542000600000,2018,0.7941041067922361,1542001500000,1542002400000,1208.825,1207.2565892857144,1208.9018214285716,1207.2565892857144,0.04898042832263549,-1.0,STOP
scalper_filtered,1542028500000,2018,0.7211644282512925,1542029400000,1542029400000,1205.125,1203.181482142857,1205.4120357142856,1205.4120357142856,0.14768874555520864,0.14768874555520864,TARGET
scalper_filtered,1542044700000,2018,0.7160155434008227,1542045600000,1542049200000,1203.225,1201.4617857142857,1203.8114285714285,1201.4617857142857,0.33259064209034045,-1.0,STOP
scalper_filtered,1542055500000,2018,0.737029226757703,1542056400000,1542066300000,1201.418,1200.0052142857141,1201.8135714285715,1201.8135714285715,0.27999393295935426,0.27999393295935426,TARGET
scalper_filtered,1542175200000,2018,0.7430051274072933,1542176100000,1542176100000,1202.465,1200.8719464285714,1202.591107142857,1202.591107142857,0.0791606416248924,0.0791606416248924,TARGET
scalper_filtered,1542308400000,2018,0.7915400381499741,1542309300000,1542309300000,1212.725,1210.3090892857142,1213.2458214285714,1213.2458214285714,0.21557975031600812,0.21557975031600812,TARGET
scalper_filtered,1542354300000,2018,0.8172738492392823,1542355200000,1542355200000,1214.945,1213.5496607142857,1215.1556785714286,1215.1556785714286,0.15098734306815575,0.15098734306815575,TARGET
scalper_filtered,1542673800000,2018,0.7516946156684501,1542674700000,1542674700000,1223.478,1222.4057678571428,1223.8224642857142,1222.4057678571428,0.3212590557080426,-1.0,STOP
scalper_filtered,1542726900000,2018,0.7465601326697773,1542727800000,1542728700000,1222.015,1219.1130714285714,1222.8088571428573,1222.8088571428573,0.2735619169517809,0.2735619169517809,TARGET
scalper_filtered,1542738600000,2018,0.7922731680239063,1542739500000,1542746700000,1221.105,1218.9585714285713,1221.596857142857,1221.596857142857,0.22915141430942246,0.22915141430942246,TARGET
scalper_filtered,1542761100000,2018,0.6838655168905802,1542762000000,1542763800000,1220.275,1219.146107142857,1220.7927857142856,1220.7927857142856,0.4586668353947674,0.4586668353947674,TARGET
scalper_filtered,1542870000000,2018,0.6710509144490625,1542870900000,1542870900000,1226.515,1225.64575,1226.9935,1226.9935,0.5504745470231048,0.5504745470231048,TARGET
scalper_filtered,1542934800000,2018,0.783605813915914,1542935700000,1542935700000,1226.825,1225.8561607142856,1226.9626785714286,1226.9626785714286,0.14210671827473728,0.14210671827473728,TARGET
scalper_filtered,1542952800000,2018,0.8121763835005854,1542953700000,1542955500000,1227.495,1226.6105,1227.713,1226.6105,0.24646693046930687,-1.0,STOP
scalper_filtered,1542974400000,2018,0.6821913716613809,1542975300000,1542975300000,1221.678,1220.156607142857,1222.3207857142856,1222.3207857142856,0.4224981807082682,0.4224981807082682,TARGET
scalper_filtered,1542978900000,2018,0.7106098227703157,1542979800000,1542980700000,1221.545,1219.570607142857,1221.9327857142857,1221.9327857142857,0.1964075755656686,0.1964075755656686,TARGET
scalper_filtered,1543242600000,2018,0.8343170842561188,1543243500000,1543243500000,1224.855,1222.4126964285715,1224.9396071428573,1222.4126964285715,0.034642353164888146,-1.0,STOP_BOTH
scalper_filtered,1543256100000,2018,0.6984596016559463,1543257000000,1543257000000,1222.425,1221.0439999999999,1222.916,1222.916,0.35553946415637583,0.35553946415637583,TARGET
scalper_filtered,1543303800000,2018,0.7406955024864947,1543304700000,1543304700000,1220.478,1218.9871964285715,1220.960607142857,1220.960607142857,0.32372282445936357,0.32372282445936357,TARGET
scalper_filtered,1543307400000,2018,0.7284736067792041,1543308300000,1543308300000,1220.688,1218.6713214285712,1221.082357142857,1221.082357142857,0.1955478421023466,0.1955478421023466,TARGET
scalper_filtered,1543326300000,2018,0.8036951238603778,1543327200000,1543327200000,1221.975,1219.9281964285715,1222.1086071428572,1222.1086071428572,0.06527599654520354,0.06527599654520354,TARGET
scalper_filtered,1543338900000,2018,0.6666712433178276,1543339800000,1543341600000,1213.118,1210.510125,1214.48475,1214.48475,0.5240857019604771,0.5240857019604771,TARGET
scalper_filtered,1543392900000,2018,0.740358299460206,1543393800000,1543395600000,1213.488,1211.620375,1213.73425,1213.73425,0.13185195100724525,0.13185195100724525,TARGET
scalper_filtered,1543557600000,2018,0.6890994292327389,1543558500000,1543560300000,1224.435,1223.4747321428572,1224.7355357142858,1224.7355357142858,0.31297071129723897,0.31297071129723897,TARGET
scalper_filtered,1543586400000,2018,0.7124982981987052,1543587300000,1543587300000,1221.025,1218.9275535714285,1221.1998928571427,1221.1998928571427,0.0833837063775201,0.0833837063775201,TARGET
scalper_filtered,1543834800000,2018,0.7106602065666372,1543835700000,1543841100000,1229.635,1227.8729107142856,1230.3091785714284,1227.8729107142856,0.3826018221063761,-1.0,STOP
scalper_filtered,1543869900000,2018,0.657840171068196,1543872600000,1543879800000,1230.815,1229.1225357142857,1231.4699285714287,1231.4699285714287,0.3869674397012209,0.3869674397012209,TARGET
scalper_filtered,1543952700000,2018,0.7313505395854298,1543953600000,1543954500000,1237.635,1235.6424107142857,1238.5601785714287,1238.5601785714287,0.4643097190482996,0.4643097190482996,TARGET
scalper_filtered,1543969800000,2018,0.7069861876557,1543970700000,1543970700000,1236.195,1234.391732142857,1236.5615357142856,1236.5615357142856,0.20326193517717375,0.20326193517717375,TARGET
scalper_filtered,1544126400000,2018,0.660399876809102,1544127300000,1544142600000,1237.578,1235.5554285714286,1238.614142857143,1238.614142857143,0.5122898714508409,0.5122898714508409,TARGET
scalper_filtered,1544188500000,2018,0.6593273777171718,1544189400000,1544189400000,1240.338,1238.8488392857143,1240.8473214285714,1240.8473214285714,0.34201911431416165,0.34201911431416165,TARGET
scalper_filtered,1544425200000,2018,0.7824203433670511,1544426100000,1544427900000,1248.088,1246.686017857143,1248.2219642857144,1248.2219642857144,0.09555348932010392,0.09555348932010392,TARGET
scalper_filtered,1544469300000,2018,0.747571679222229,1544470200000,1544472000000,1242.938,1240.6250714285716,1243.2948571428572,1243.2948571428572,0.15428800839995127,0.15428800839995127,TARGET
scalper_filtered,1544533200000,2018,0.7442492364384712,1544534100000,1544534100000,1246.348,1244.3650357142856,1246.7349285714286,1246.7349285714286,0.19512634403760934,0.19512634403760934,TARGET
scalper_filtered,1544544000000,2018,0.7096756508727143,1544544900000,1544547600000,1244.035,1241.426892857143,1244.9012142857143,1244.9012142857143,0.3321237350568911,0.3321237350568911,TARGET
scalper_filtered,1544598900000,2018,0.6673735328030156,1544599800000,1544601600000,1242.668,1241.8670892857142,1243.1298214285714,1243.1298214285714,0.5766203652093677,0.5766203652093677,TARGET
scalper_filtered,1544694300000,2018,0.6872422725633988,1544695200000,1544697000000,1244.748,1243.620625,1245.13375,1243.620625,0.34216653731004004,-1.0,STOP
scalper_filtered,1544728500000,2018,0.6649852673056867,1544729400000,1544748300000,1242.735,1241.50975,1243.3255,1242.485,0.48194246072233365,-0.204039991838407,16BAR_TIMEOUT
scalper_filtered,1544766300000,2018,0.6654097542860583,1544767200000,1544767200000,1241.218,1240.4532857142858,1241.3674285714285,1240.4532857142858,0.19540444610479057,-1.0,STOP
scalper_filtered,1544789700000,2018,0.7022489267093602,1544790600000,1544790600000,1238.155,1236.914482142857,1238.5060357142856,1238.5060357142856,0.28297513999043167,0.28297513999043167,TARGET
scalper_filtered,1544797800000,2018,0.6788081398971416,1544798700000,1544798700000,1234.218,1232.0287678571428,1234.5164642857142,1234.5164642857142,0.1363328629573996,0.1363328629573996,TARGET
scalper_filtered,1545007500000,2018,0.7069324117890937,1545008400000,1545009300000,1236.435,1235.0949464285713,1236.985107142857,1236.985107142857,0.41051130685068893,0.41051130685068893,TARGET
scalper_filtered,1545138000000,2018,0.7206908017569218,1545138900000,1545138900000,1247.355,1245.7993571428574,1247.9162857142858,1247.9162857142858,0.3608062812802139,0.3608062812802139,TARGET
scalper_filtered,1545183000000,2018,0.6917314931060733,1545183900000,1545184800000,1249.028,1247.9604285714286,1249.4441428571429,1249.4441428571429,0.38980329185065427,0.38980329185065427,TARGET
scalper_filtered,1545213600000,2018,0.7576031012180537,1545214500000,1545214500000,1247.745,1246.0057678571427,1248.0434642857142,1248.0434642857142,0.17160692834482894,0.17160692834482894,TARGET
scalper_filtered,1545246900000,2018,0.771589081759135,1545247800000,1545247800000,1245.685,1241.375267857143,1245.7844642857144,1245.7844642857144,0.023078994800019913,0.023078994800019913,TARGET
scalper_filtered,1545310800000,2018,0.8091042399178283,1545311700000,1545311700000,1255.385,1252.4354107142856,1255.6141785714285,1255.6141785714285,0.07769846891514293,0.07769846891514293,TARGET
scalper_filtered,1545370200000,2018,0.8348778636332875,1545371100000,1545371100000,1259.525,1258.3225178571429,1259.6199642857143,1259.6199642857143,0.07897355173075335,0.07897355173075335,TARGET
scalper_filtered,1545372900000,2018,0.7191894104391214,1545373800000,1545374700000,1259.148,1258.1817857142858,1259.5414285714285,1259.5414285714285,0.40718562874255443,0.40718562874255443,TARGET
scalper_filtered,1545382800000,2018,0.7954473672149378,1545383700000,1545383700000,1259.315,1257.2271250000001,1259.54575,1257.2271250000001,0.11051906843079698,-1.0,STOP
scalper_filtered,1545401700000,2018,0.8308748286799577,1545402600000,1545402600000,1260.498,1257.3993035714286,1260.7853928571428,1260.7853928571428,0.09274637376313484,0.09274637376313484,TARGET
scalper_filtered,1545802200000,2018,0.788713368900883,1545803100000,1545803100000,1271.995,1270.6695892857142,1272.3148214285716,1272.3148214285716,0.24129986661836433,0.24129986661836433,TARGET
scalper_filtered,1545844500000,2018,0.6588004586172121,1545845400000,1545847200000,1272.175,1269.437107142857,1273.7297857142858,1269.437107142857,0.5678767561080773,-1.0,STOP
scalper_filtered,1545890400000,2018,0.7972054541832827,1545891300000,1545891300000,1268.768,1267.5617857142859,1269.1014285714286,1269.1014285714286,0.2764256528691319,0.2764256528691319,TARGET
scalper_filtered,1545893100000,2018,0.7326633372923734,1545894000000,1545894000000,1268.708,1267.5522857142857,1269.0694285714285,1269.0694285714285,0.31273176761418037,0.31273176761418037,TARGET
scalper_filtered,1545988500000,2018,0.6614268549693787,1545989400000,1545993000000,1277.025,1274.9268392857143,1277.8613214285713,1277.8613214285713,0.3985974109975998,0.3985974109975998,TARGET
scalper_filtered,1546006500000,2018,0.6723811556090263,1546007400000,1546007400000,1277.745,1274.801125,1278.17275,1278.17275,0.14530168570339078,0.14530168570339078,TARGET
scalper_filtered,1546222500000,2018,0.677969338699021,1546223400000,1546227000000,1278.895,1277.827857142857,1279.4182857142857,1277.827857142857,0.4903614457831328,-1.0,STOP
scalper_filtered,1546263900000,2018,0.7118805699723674,1546264800000,1546264800000,1279.925,1277.7485178571428,1280.4679642857143,1280.4679642857143,0.24946875282035005,0.24946875282035005,TARGET
scalper_filtered,1546269300000,2018,0.7363684176864237,1546270200000,1546271100000,1279.488,1277.3863214285714,1280.292357142857,1280.292357142857,0.3827212942035432,0.3827212942035432,TARGET
scalper_filtered,1546430400000,2019,0.7358306156026536,1546431300000,1546431300000,1285.995,1284.4319642857142,1286.4000714285714,1284.4319642857142,0.25915686050505354,-1.0,STOP
scalper_filtered,1546434000000,2019,0.6826291957622123,1546434900000,1546434900000,1284.988,1283.0955892857144,1285.4338214285713,1285.4338214285713,0.23558386411878235,0.23558386411878235,TARGET
scalper_filtered,1546435800000,2019,0.698588151602902,1546436700000,1546438500000,1284.395,1282.260767857143,1285.2434642857143,1282.260767857143,0.397550139310756,-1.0,STOP
scalper_filtered,1546586100000,2019,0.7205106606692074,1546587000000,1546587000000,1293.715,1292.4048214285715,1294.1903571428572,1294.1903571428572,0.3628185907048236,0.3628185907048236,TARGET
scalper_filtered,1546607700000,2019,0.7915948459868797,1546608600000,1546608600000,1290.108,1288.4901964285714,1290.3646071428573,1288.4901964285714,0.1586145236598335,-1.0,STOP
scalper_filtered,1546925400000,2019,0.7812000231455863,1546926300000,1546927200000,1282.528,1281.108267857143,1282.9974642857144,1282.9974642857144,0.3306710269794953,0.3306710269794953,TARGET
scalper_filtered,1546931700000,2019,0.6659168059143381,1546932600000,1546933500000,1282.245,1280.925107142857,1282.9047857142857,1282.9047857142857,0.499878236869974,0.499878236869974,TARGET
scalper_filtered,1546953300000,2019,0.7716030693068698,1546954200000,1546954200000,1280.715,1278.5463035714286,1280.8523928571428,1280.8523928571428,0.06335273823151964,0.06335273823151964,TARGET
scalper_filtered,1547026200000,2019,0.6748225400372752,1547027100000,1547038800000,1281.535,1279.8634285714286,1281.968142857143,1281.968142857143,0.2591231518673837,0.2591231518673837,TARGET
scalper_filtered,1547143200000,2019,0.8111231110727284,1547144100000,1547144100000,1288.405,1286.086625,1288.48175,1288.48175,0.03310508438019961,0.03310508438019961,TARGET
scalper_filtered,1547213400000,2019,0.6812171774783049,1547214300000,1547214300000,1292.125,1290.2954464285715,1292.6131071428572,1292.6131071428572,0.26679029817972333,0.26679029817972333,TARGET
scalper_filtered,1547217900000,2019,0.7407355101969871,1547218800000,1547219700000,1288.485,1285.7780357142858,1289.2279285714287,1289.2279285714287,0.2744508212943919,0.2744508212943919,TARGET
scalper_filtered,1547237700000,2019,0.6774299313943947,1547238600000,1547239500000,1287.425,1286.580642857143,1288.1537142857144,1288.1537142857144,0.8630403519163937,0.8630403519163937,TARGET
scalper_filtered,1547472600000,2019,0.6611570323650687,1547473500000,1547474400000,1289.545,1287.6073571428572,1290.5702857142858,1290.5702857142858,0.5291407085191638,0.5291407085191638,TARGET
scalper_filtered,1547533800000,2019,0.7535984765815593,1547534700000,1547534700000,1290.435,1289.405517857143,1290.6129642857143,1290.6129642857143,0.17286777332576655,0.17286777332576655,TARGET
scalper_filtered,1547571600000,2019,0.7267017530587652,1547572500000,1547578800000,1288.568,1285.484125,1289.02675,1289.02675,0.1487576506829894,0.1487576506829894,TARGET
scalper_filtered,1547638200000,2019,0.656657484047554,1547639100000,1547640000000,1288.935,1287.7389642857142,1289.5270714285714,1289.5270714285714,0.4950282182209274,0.4950282182209274,TARGET
scalper_filtered,1547731800000,2019,0.8538365518121942,1547732700000,1547732700000,1290.948,1288.853625,1290.98775,1290.98775,0.018979409131559665,0.018979409131559665,TARGET
scalper_filtered,1547738100000,2019,0.7949696047950038,1547739000000,1547740800000,1290.575,1287.8059285714285,1291.0131428571428,1291.0131428571428,0.15822735832018917,0.15822735832018917,TARGET
scalper_filtered,1547754300000,2019,0.7977638972385845,1547755200000,1547755200000,1290.688,1288.8175357142857,1290.8499285714286,1290.8499285714286,0.08657132491926306,0.08657132491926306,TARGET
scalper_filtered,1547772300000,2019,0.6825205549060149,1547773200000,1547773200000,1291.035,1289.8580892857142,1291.6788214285714,1291.6788214285714,0.5470435613817539,0.5470435613817539,TARGET
scalper_filtered,1547776800000,2019,0.7972875027494137,1547777700000,1547777700000,1290.935,1289.7768392857142,1291.1813214285712,1291.1813214285712,0.21268328784850948,0.21268328784850948,TARGET
scalper_filtered,1547803800000,2019,0.7329956836380046,1547804700000,1547804700000,1285.135,1282.6206607142858,1285.4236785714286,1285.4236785714286,0.11481289461163269,0.11481289461163269,TARGET
scalper_filtered,1547816400000,2019,0.7081436363847339,1547817300000,1547819100000,1282.685,1281.0567678571429,1283.580464285714,1283.580464285714,0.5499610664501337,0.5499610664501337,TARGET
scalper_filtered,1548060300000,2019,0.6976856406047276,1548061200000,1548068400000,1279.055,1277.3840892857143,1279.2858214285714,1279.2858214285714,0.13814109072246164,0.13814109072246164,TARGET
scalper_filtered,1548122400000,2019,0.6726838124247069,1548123300000,1548125100000,1278.745,1277.892,1279.161,1277.892,0.48769050410345405,-1.0,STOP
scalper_filtered,1548126000000,2019,0.6759860226612323,1548126900000,1548128700000,1278.018,1277.2742678571428,1278.596464285714,1278.596464285714,0.7777857811708592,0.7777857811708592,TARGET
scalper_filtered,1548158400000,2019,0.7234901681950672,1548159300000,1548160200000,1282.688,1281.6675357142858,1283.0699285714286,1283.0699285714286,0.3742694151820798,0.3742694151820798,TARGET
scalper_filtered,1548162900000,2019,0.6907500372900388,1548163800000,1548163800000,1282.145,1281.0068392857145,1282.5913214285715,1282.5913214285715,0.39214271145505214,0.39214271145505214,TARGET
scalper_filtered,1548171000000,2019,0.6653279827735749,1548171900000,1548172800000,1280.245,1278.2616964285714,1281.0316071428572,1281.0316071428572,0.39661459505704816,0.39661459505704816,TARGET
scalper_filtered,1548252900000,2019,0.6696892858619755,1548253800000,1548256500000,1279.905,1277.7684642857143,1280.3080714285716,1280.3080714285716,0.18865653678359595,0.18865653678359595,TARGET
scalper_filtered,1548273600000,2019,0.6574698899061405,1548274500000,1548279000000,1283.325,1282.3143035714286,1284.0353928571428,1282.3143035714286,0.7028746090919312,-1.0,STOP
scalper_filtered,1548306000000,2019,0.7187463699263879,1548306900000,1548308700000,1281.515,1280.7005892857144,1281.9138214285713,1281.9138214285713,0.4897055276599251,0.4897055276599251,TARGET
scalper_filtered,1548333000000,2019,0.6689307950323582,1548333900000,1548334800000,1279.035,1277.91475,1279.5055,1279.5055,0.41999553671040457,0.41999553671040457,TARGET
scalper_filtered,1548335700000,2019,0.6992157666508352,1548336600000,1548336600000,1278.365,1276.9250178571428,1278.7939642857143,1276.9250178571428,0.29789555922073113,-1.0,STOP_BOTH
scalper_filtered,1548352800000,2019,0.7084006892077603,1548353700000,1548353700000,1280.688,1278.7638749999999,1281.20625,1281.20625,0.2693432079515574,0.2693432079515574,TARGET
scalper_filtered,1548676800000,2019,0.708035355565452,1548677700000,1548679500000,1300.155,1298.7749821428572,1300.5150357142857,1300.5150357142857,0.2608920692019985,0.2608920692019985,TARGET
scalper_filtered,1548680400000,2019,0.8571304852945424,1548681300000,1548681300000,1300.225,1298.370875,1300.28225,1300.28225,0.030877098361799905,0.030877098361799905,TARGET
scalper_filtered,1548684900000,2019,0.6710579891733804,1548685800000,1548685800000,1298.535,1296.8894285714287,1299.066142857143,1299.066142857143,0.3227710738779471,0.3227710738779471,TARGET
scalper_filtered,1548873900000,2019,0.7878823668751633,1548874800000,1548874800000,1310.248,1308.2884285714285,1310.2581428571427,1310.2581428571427,0.00517605890491893,0.00517605890491893,TARGET
scalper_filtered,1548896400000,2019,0.8092185356061488,1548897300000,1548897300000,1318.735,1316.6523035714285,1318.8503928571429,1318.8503928571429,0.055405509684449634,0.055405509684449634,TARGET
scalper_filtered,1548946800000,2019,0.6959028155918605,1548947700000,1548947700000,1323.258,1321.1226964285713,1324.108607142857,1324.108607142857,0.39835419854975396,0.39835419854975396,TARGET
scalper_filtered,1548961200000,2019,0.7554107258564502,1548962100000,1548962100000,1319.935,1317.6687499999998,1320.6364999999998,1320.6364999999998,0.30954219525641785,0.30954219525641785,TARGET
scalper_filtered,1548999000000,2019,0.783501153403134,1548999900000,1549001700000,1317.938,1317.03775,1318.2595,1318.2595,0.3571230213826565,0.3571230213826565,TARGET
scalper_filtered,1549033200000,2019,0.7933521836695,1549034100000,1549048500000,1318.395,1314.721982142857,1318.8110357142857,1317.315,0.11326808920263332,-0.2940361419424242,16BAR_TIMEOUT
scalper_filtered,1549255500000,2019,0.6775360583085633,1549257300000,1549258200000,1312.975,1311.7600357142858,1313.1039285714287,1313.1039285714287,0.10611716981705803,0.10611716981705803,TARGET
scalper_filtered,1549262700000,2019,0.6936659252153778,1549263600000,1549263600000,1312.785,1311.6150535714287,1313.054892857143,1313.054892857143,0.23068821832501546,0.23068821832501546,TARGET
scalper_filtered,1549273500000,2019,0.700029271416759,1549274400000,1549286100000,1311.015,1309.6470357142857,1311.7199285714285,1311.7199285714285,0.5153121165442021,0.5153121165442021,TARGET
scalper_filtered,1549349100000,2019,0.692284709286904,1549350000000,1549351800000,1314.035,1313.2651964285715,1314.284607142857,1313.2651964285715,0.3242478368784473,-1.0,STOP
scalper_filtered,1549353600000,2019,0.7557626445305073,1549354500000,1549354500000,1313.485,1312.2973749999999,1313.52025,1312.2973749999999,0.02968108620156365,-1.0,STOP_BOTH
scalper_filtered,1549359900000,2019,0.7111513614385437,1549360800000,1549361700000,1311.365,1309.9816607142857,1311.9116785714286,1311.9116785714286,0.3951876282804585,0.3951876282804585,TARGET
scalper_filtered,1549418400000,2019,0.7879087348801305,1549419300000,1549419300000,1313.525,1312.1869464285714,1313.6811071428572,1313.6811071428572,0.11666733394717899,0.11666733394717899,TARGET
scalper_filtered,1549476900000,2019,0.7247737556659491,1549477800000,1549479600000,1310.278,1308.3263035714285,1310.7313928571427,1308.3263035714285,0.23230705887727052,-1.0,STOP
scalper_filtered,1549484100000,2019,0.6761067253110399,1549485000000,1549495800000,1306.918,1305.035482142857,1307.5630357142857,1307.5630357142857,0.3426452035173595,0.3426452035173595,TARGET
scalper_filtered,1549610100000,2019,0.6728286096634551,1549611000000,1549611000000,1308.315,1307.3542857142859,1308.3854285714287,1308.3854285714287,0.07330855018600808,0.07330855018600808,TARGET
scalper_filtered,1549843200000,2019,0.6773213835728843,1549844100000,1549846800000,1313.608,1312.7830714285715,1314.0578571428573,1312.7830714285715,0.545328599879099,-1.0,STOP_BOTH
scalper_filtered,1549859400000,2019,0.6794859691220556,1549861200000,1549862100000,1310.915,1309.9234285714285,1311.578142857143,1311.578142857143,0.6687797147385804,0.6687797147385804,TARGET
scalper_filtered,1549872000000,2019,0.7419485640494337,1549872900000,1549873800000,1310.995,1309.9277321428572,1311.3595357142858,1309.9277321428572,0.34155972359352366,-1.0,STOP
scalper_filtered,1549875600000,2019,0.7433659909863152,1549876500000,1549877400000,1309.015,1307.5704285714285,1309.324142857143,1307.5704285714285,0.21400316455695267,-1.0,STOP
scalper_filtered,1549881000000,2019,0.6565666738243423,1549881900000,1549883700000,1306.855,1305.4836249999998,1307.52775,1307.52775,0.4905660377357521,0.4905660377357521,TARGET
scalper_filtered,1549889100000,2019,0.7700443454342405,1549890000000,1549890000000,1306.245,1304.7726964285714,1306.759607142857,1306.759607142857,0.34952516100863595,0.34952516100863595,TARGET
scalper_filtered,1549929600000,2019,0.6994387843667065,1549930500000,1549930500000,1307.145,1306.2760714285714,1307.442857142857,1307.442857142857,0.3427866831072072,0.3427866831072072,TARGET
scalper_filtered,1550062800000,2019,0.7552215886012913,1550063700000,1550063700000,1309.005,1307.4422857142858,1309.3104285714287,1309.3104285714287,0.19544748148826918,0.19544748148826918,TARGET
scalper_filtered,1550087100000,2019,0.657916049567991,1550088000000,1550099700000,1306.515,1304.672,1307.201,1307.201,0.3722192078132903,0.3722192078132903,TARGET
scalper_filtered,1550127600000,2019,0.7296457796353558,1550128500000,1550128500000,1308.105,1307.0855714285715,1308.3288571428573,1308.3288571428573,0.2195908071749925,0.2195908071749925,TARGET
scalper_filtered,1550134800000,2019,0.7252804399485502,1550135700000,1550135700000,1306.835,1304.5836964285716,1306.8676071428572,1306.8676071428572,0.01448367215820204,0.01448367215820204,TARGET
scalper_filtered,1550237400000,2019,0.688877042122563,1550238300000,1550238300000,1316.898,1314.9800892857143,1317.6648214285715,1317.6648214285715,0.3998212340438307,0.3998212340438307,TARGET
scalper_filtered,1550476800000,2019,0.7700185675584251,1550477700000,1550477700000,1322.105,1320.734017857143,1322.2969642857145,1322.2969642857145,0.14001953761003477,0.14001953761003477,TARGET
scalper_filtered,1550538000000,2019,0.714261877544698,1550538900000,1550538900000,1325.525,1324.7752678571428,1325.7644642857142,1324.7752678571428,0.31939978563744786,-1.0,STOP
scalper_filtered,1550552400000,2019,0.7552131702679066,1550553300000,1550553300000,1323.775,1322.9101785714286,1324.0946428571428,1324.0946428571428,0.36960561635333583,0.36960561635333583,TARGET
scalper_filtered,1550556900000,2019,0.6787190880314801,1550557800000,1550558700000,1323.755,1322.8910714285714,1324.1118571428572,1322.8910714285714,0.4130632492764003,-1.0,STOP
scalper_filtered,1550645100000,2019,0.6791103602862749,1550646000000,1550646000000,1341.648,1340.7035,1342.427,1342.427,0.8247750132346563,0.8247750132346563,TARGET
scalper_filtered,1550690100000,2019,0.7804312733398279,1550691000000,1550691000000,1338.645,1335.7094285714286,1338.9751428571428,1338.9751428571428,0.11246289357146089,0.11246289357146089,TARGET
scalper_filtered,1550729700000,2019,0.7766475648058648,1550730600000,1550730600000,1339.008,1337.5516964285714,1339.160607142857,1339.160607142857,0.10479074957382868,0.10479074957382868,TARGET
scalper_filtered,1550742300000,2019,0.7236942998746668,1550743200000,1550743200000,1333.208,1330.9331607142856,1334.0286785714286,1334.0286785714286,0.3607633192297136,0.3607633192297136,TARGET
scalper_filtered,1550761200000,2019,0.7450091327547571,1550762100000,1550762100000,1331.848,1328.7466964285713,1332.506607142857,1332.506607142857,0.21236461626158976,0.21236461626158976,TARGET
scalper_filtered,1550775600000,2019,0.6670720919447867,1550776500000,1550776500000,1324.688,1323.138,1325.838,1325.838,0.7419354838707927,0.7419354838707927,TARGET
scalper_filtered,1550830500000,2019,0.7478372773570179,1550831400000,1550833200000,1322.948,1320.6556964285714,1323.0926071428573,1323.0926071428573,0.06308376632991725,0.06308376632991725,TARGET
scalper_filtered,1551049200000,2019,0.7348945274545646,1551050100000,1551050100000,1327.685,1326.151392857143,1328.0822142857144,1328.0822142857144,0.25900654386264027,0.25900654386264027,TARGET
scalper_filtered,1551160800000,2019,0.8433849211689187,1551161700000,1551161700000,1328.485,1327.0918571428572,1328.6012857142857,1328.6012857142857,0.08347005742420428,0.08347005742420428,TARGET
scalper_filtered,1551168000000,2019,0.6571399728744416,1551168900000,1551174300000,1325.305,1323.8779642857144,1325.8280714285713,1325.8280714285713,0.366544034837335,0.366544034837335,TARGET
scalper_filtered,1551333600000,2019,0.7876881980588039,1551334500000,1551334500000,1318.775,1317.759125,1318.82675,1318.82675,0.05094130675511623,0.05094130675511623,TARGET
scalper_filtered,1551358800000,2019,0.7615604048875144,1551359700000,1551360600000,1325.388,1323.29825,1325.6585,1323.29825,0.12944132073219325,-1.0,STOP
scalper_filtered,1551367800000,2019,0.7270560674360028,1551368700000,1551369600000,1315.038,1311.4462857142855,1315.8614285714286,1315.8614285714286,0.22925781560735128,0.22925781560735128,TARGET
scalper_filtered,1551463200000,2019,0.7369937448551969,1551464100000,1551466800000,1299.325,1295.3428214285716,1300.2783571428572,1295.3428214285716,0.2394059246105527,-1.0,STOP
scalper_filtered,1551680100000,2019,0.7734871926603256,1551681000000,1551681000000,1293.835,1292.4017678571429,1293.8814642857144,1293.8814642857144,0.032419232254823585,0.032419232254823585,TARGET
scalper_filtered,1551689100000,2019,0.6803916753647433,1551690000000,1551699900000,1287.375,1285.2594642857143,1288.2760714285716,1285.2594642857143,0.42593061534576615,-1.0,STOP
scalper_filtered,1551780900000,2019,0.7441159324661739,1551781800000,1551781800000,1284.428,1282.629482142857,1284.9950357142857,1284.9950357142857,0.3152794463693839,0.3152794463693839,TARGET
scalper_filtered,1551796200000,2019,0.6843454575466855,1551797100000,1551797100000,1285.295,1283.0475714285715,1285.9198571428572,1285.9198571428572,0.2780320366132414,0.2780320366132414,TARGET
scalper_filtered,1551834900000,2019,0.6808045063473102,1551835800000,1551835800000,1287.278,1286.0093214285714,1287.8263571428572,1287.8263571428572,0.4322270078540868,0.4322270078540868,TARGET
scalper_filtered,1551840300000,2019,0.6878007623799622,1551841200000,1551841200000,1286.618,1285.313125,1287.1277499999999,1287.1277499999999,0.39065044544490857,0.39065044544490857,TARGET
scalper_filtered,1551870000000,2019,0.693958552421396,1551870900000,1551873600000,1285.828,1284.1348214285715,1286.3253571428572,1286.3253571428572,0.2937416946150313,0.2937416946150313,TARGET
scalper_filtered,1551898800000,2019,0.7240059094883753,1551899700000,1551903300000,1285.868,1284.5746785714286,1286.5646428571429,1286.5646428571429,0.5386463424738142,0.5386463424738142,TARGET
scalper_filtered,1551925800000,2019,0.6778476797295472,1551926700000,1551936600000,1286.945,1285.9520714285716,1287.5598571428573,1285.9520714285716,0.6192360261854714,-1.0,STOP
scalper_filtered,1552050900000,2019,0.7620785376659013,1552051800000,1552051800000,1292.488,1290.7665,1292.742,1292.742,0.14754574498977047,0.14754574498977047,TARGET
scalper_filtered,1552288500000,2019,0.761055638860225,1552289400000,1552290300000,1297.025,1295.6714285714286,1297.2721428571429,1295.6714285714286,0.18258575197881036,-1.0,STOP
scalper_filtered,1552315500000,2019,0.6987370154570157,1552316400000,1552316400000,1292.295,1289.862357142857,1293.0502857142856,1293.0502857142856,0.31047949026620386,0.31047949026620386,TARGET
scalper_filtered,1552347900000,2019,0.7941024745971224,1552348800000,1552348800000,1292.525,1291.5201071428571,1292.9237857142857,1292.9237857142857,0.39684401322088736,0.39684401322088736,TARGET
scalper_filtered,1552374000000,2019,0.8021481266657928,1552374900000,1552375800000,1296.035,1294.7924285714287,1296.249142857143,1294.7924285714287,0.17233846861347973,-1.0,STOP
scalper_filtered,1552457700000,2019,0.7894038439888046,1552458600000,1552459500000,1304.385,1303.1915892857141,1304.5218214285715,1304.5218214285715,0.11464739417338109,0.11464739417338109,TARGET
scalper_filtered,1552556700000,2019,0.6657490547394972,1552557600000,1552557600000,1297.075,1294.8622857142857,1297.7294285714286,1297.7294285714286,0.2957582800696967,0.2957582800696967,TARGET
scalper_filtered,1552654800000,2019,0.6995725543086695,1552655700000,1552655700000,1301.518,1299.8228571428572,1302.1782857142857,1302.1782857142857,0.38951626495869285,0.38951626495869285,TARGET
scalper_filtered,1552675500000,2019,0.6718636698361764,1552676400000,1552860000000,1301.768,1300.6759107142857,1302.4821785714287,1302.4821785714287,0.6539562110633672,0.6539562110633672,TARGET
scalper_filtered,1552868100000,2019,0.6912940149435648,1552869000000,1552870800000,1300.165,1299.1076785714286,1300.4586428571429,1299.1076785714286,0.2777233575410131,-1.0,STOP
scalper_filtered,1552981500000,2019,0.685408730349953,1552982400000,1552982400000,1304.535,1303.1802678571428,1304.8444642857141,1304.8444642857141,0.22843208330567674,0.22843208330567674,TARGET
scalper_filtered,1553093100000,2019,0.7519817611560283,1553094000000,1553094900000,1303.555,1301.0661071428572,1304.2427857142857,1304.2427857142857,0.2763420338933942,0.2763420338933942,TARGET
scalper_filtered,1553096700000,2019,0.750753935495545,1553097600000,1553097600000,1300.498,1297.4039285714287,1301.0071428571428,1301.0071428571428,0.16455433201740555,0.16455433201740555,TARGET
scalper_filtered,1553148000000,2019,0.6747039873618865,1553148900000,1553148900000,1318.028,1316.8624821428573,1318.2200357142858,1318.2200357142858,0.16476428319731592,0.16476428319731592,TARGET
scalper_filtered,1553177700000,2019,0.7659492994469036,1553178600000,1553179500000,1312.005,1309.207482142857,1312.7790357142856,1309.207482142857,0.2766866035578891,-1.0,STOP
scalper_filtered,1553231700000,2019,0.8106899176807646,1553232600000,1553232600000,1308.145,1306.8452321428572,1308.1645357142859,1308.1645357142859,0.01503015648412637,0.01503015648412637,TARGET
scalper_filtered,1553472000000,2019,0.6939932398877774,1553472900000,1553472900000,1311.695,1310.4115714285715,1312.0508571428572,1312.0508571428572,0.277270703472996,0.277270703472996,TARGET
scalper_filtered,1553578200000,2019,0.6691508415799381,1553579100000,1553580000000,1318.295,1317.278607142857,1318.6777857142856,1318.6777857142856,0.3766119680942165,0.3766119680942165,TARGET
scalper_filtered,1553583600000,2019,0.6572331845781364,1553584500000,1553584500000,1317.605,1316.2850357142856,1318.2049285714286,1316.2850357142856,0.4545036391676888,-1.0,STOP
scalper_filtered,1553600700000,2019,0.6714821632664566,1553601600000,1553601600000,1313.598,1311.8381964285713,1314.198607142857,1314.198607142857,0.34129214908318795,0.34129214908318795,TARGET
scalper_filtered,1553662800000,2019,0.7268321039350188,1553663700000,1553663700000,1315.178,1313.9821607142858,1315.3496785714287,1315.3496785714287,0.14356324756974145,0.14356324756974145,TARGET
scalper_filtered,1553672700000,2019,0.6610217463184264,1553673600000,1553673600000,1313.855,1311.9617321428573,1314.4105357142857,1314.4105357142857,0.2934268979372628,0.2934268979372628,TARGET
scalper_filtered,1553689800000,2019,0.6940259520785477,1553690700000,1553691600000,1315.438,1313.3452499999999,1315.9845,1315.9845,0.26113964878741275,0.26113964878741275,TARGET
scalper_filtered,1553693400000,2019,0.7467878810503896,1553694300000,1553694300000,1311.555,1308.7705892857143,1312.4588214285714,1312.4588214285714,0.32460061439001464,0.32460061439001464,TARGET
scalper_filtered,1553709600000,2019,0.7220757786316452,1553710500000,1553733000000,1310.018,1307.9154642857143,1311.0040714285713,1310.525,0.46899152384015463,0.2411374021165173,16BAR_TIMEOUT
scalper_filtered,1553738400000,2019,0.7688088326247542,1553739300000,1553739300000,1308.485,1306.5699464285715,1308.5141071428573,1308.5141071428573,0.015199127215874833,0.015199127215874833,TARGET
scalper_filtered,1553761800000,2019,0.7549485471808292,1553762700000,1553764500000,1308.285,1306.472875,1308.60925,1308.60925,0.17893357246319413,0.17893357246319413,TARGET
scalper_filtered,1553769000000,2019,0.7516184075443597,1553769900000,1553771700000,1306.405,1304.4281964285713,1306.878607142857,1304.4281964285713,0.2395822982627796,-1.0,STOP
scalper_filtered,1553775300000,2019,0.7676470933538478,1553776200000,1553776200000,1303.988,1301.4170892857144,1304.1108214285714,1304.1108214285714,0.04777350994294172,0.04777350994294172,TARGET
scalper_filtered,1553810400000,2019,0.7292244316633981,1553814000000,1553814000000,1290.928,1289.3497142857143,1291.0455714285713,1291.0455714285713,0.07449312092670374,0.07449312092670374,TARGET
scalper_filtered,1553880600000,2019,0.6709980792134089,1553881500000,1554074100000,1293.628,1291.5815535714287,1294.7718928571428,1292.095,0.5589654540536879,-0.74910341096502,16BAR_TIMEOUT
scalper_filtered,1554097500000,2019,0.7783775038137302,1554098400000,1554098400000,1292.725,1291.5528035714285,1293.0083928571428,1291.5528035714285,0.24176225949455743,-1.0,STOP
scalper_filtered,1554116400000,2019,0.7867859005450588,1554117300000,1554117300000,1290.425,1288.3629642857143,1290.7090714285714,1290.7090714285714,0.1377626132289649,0.1377626132289649,TARGET
scalper_filtered,1554190200000,2019,0.7802574401433108,1554191100000,1554192000000,1286.405,1284.2865178571428,1286.8619642857143,1286.8619642857143,0.21570362877735844,0.21570362877735844,TARGET
scalper_filtered,1554273900000,2019,0.6629797044437412,1554274800000,1554274800000,1292.348,1291.3745357142857,1292.7859285714285,1291.3745357142857,0.44986608944487594,-1.0,STOP
scalper_filtered,1554292800000,2019,0.7784184152044024,1554293700000,1554293700000,1292.118,1290.2657142857142,1292.2135714285714,1292.2135714285714,0.05159648310969684,0.05159648310969684,TARGET
scalper_filtered,1554368400000,2019,0.7256411789002404,1554369300000,1554370200000,1291.288,1289.981,1291.7630000000001,1291.7630000000001,0.3634276970161672,0.3634276970161672,TARGET
scalper_filtered,1554381000000,2019,0.663822427314701,1554381900000,1554382800000,1284.235,1282.2645178571427,1285.0559642857143,1282.2645178571427,0.4166311725738047,-1.0,STOP
scalper_filtered,1554385500000,2019,0.6822335452677918,1554386400000,1554386400000,1282.615,1279.5319642857141,1283.4800714285714,1283.4800714285714,0.2805907906168168,0.2805907906168168,TARGET
scalper_filtered,1554422400000,2019,0.7685436072035126,1554423300000,1554424200000,1291.735,1290.2601785714285,1292.0836428571429,1292.0836428571429,0.2363966581911451,0.2363966581911451,TARGET
scalper_filtered,1554429600000,2019,0.6888006563198816,1554430500000,1554432300000,1290.725,1289.7830178571428,1291.1389642857143,1289.7830178571428,0.43946086330133427,-1.0,STOP
scalper_filtered,1554736500000,2019,0.6979699325331129,1554737400000,1554751800000,1297.898,1295.0888392857144,1298.6173214285716,1297.625,0.2560627538729545,-0.09718205107013332,16BAR_TIMEOUT
scalper_filtered,1554809400000,2019,0.8638799513394323,1554810300000,1554810300000,1301.785,1299.6117142857142,1301.9015714285715,1301.9015714285715,0.053638335633996184,0.053638335633996184,TARGET
scalper_filtered,1554858000000,2019,0.6624457270758972,1554858900000,1554858900000,1302.895,1301.6816071428573,1303.1707857142858,1303.1707857142858,0.22728476821202154,0.22728476821202154,TARGET
scalper_filtered,1554898500000,2019,0.8190921534500685,1554899400000,1554899400000,1302.918,1301.2368035714285,1302.980392857143,1301.2368035714285,0.037112175640364176,-1.0,STOP_BOTH
scalper_filtered,1554984900000,2019,0.7008237352328193,1554985800000,1554985800000,1298.838,1297.0288035714286,1299.627392857143,1297.0288035714286,0.43632236095353844,-1.0,STOP
scalper_filtered,1555040700000,2019,0.734048488333207,1555041600000,1555041600000,1291.915,1290.554375,1292.24525,1292.24525,0.24271933853925332,0.24271933853925332,TARGET
scalper_filtered,1555054200000,2019,0.6958677665574776,1555055100000,1555056000000,1292.235,1290.7218928571428,1292.5402142857142,1292.5402142857142,0.2017135978474213,0.2017135978474213,TARGET
scalper_filtered,1555070400000,2019,0.7289112884719234,1555071300000,1555071300000,1293.685,1291.2801964285713,1293.883607142857,1293.883607142857,0.0825876779362543,0.0825876779362543,TARGET
scalper_filtered,1555072200000,2019,0.7414952916772326,1555073100000,1555073100000,1292.138,1289.4575892857142,1292.4798214285713,1292.4798214285713,0.127525765640914,0.127525765640914,TARGET
scalper_filtered,1555096500000,2019,0.7290910978912122,1555097400000,1555100100000,1290.905,1289.8093571428572,1291.296285714286,1291.296285714286,0.35712888715059504,0.35712888715059504,TARGET
scalper_filtered,1555291800000,2019,0.6666985745072185,1555292700000,1555299900000,1288.285,1286.913267857143,1288.7484642857144,1288.7484642857144,0.33786791986148934,0.33786791986148934,TARGET
scalper_filtered,1555332300000,2019,0.684496296764952,1555333200000,1555335000000,1285.115,1282.4708928571429,1285.6032142857143,1282.4708928571429,0.18464239886541514,-1.0,STOP
scalper_filtered,1555380000000,2019,0.7221219644280985,1555380900000,1555380900000,1286.278,1284.7258928571428,1286.4722142857142,1286.4722142857142,0.12512943233847645,0.12512943233847645,TARGET
scalper_filtered,1555393500000,2019,0.7935851112845607,1555394400000,1555394400000,1284.328,1283.2172142857141,1284.5305714285714,1284.5305714285714,0.18236769339591802,0.18236769339591802,TARGET
scalper_filtered,1555417800000,2019,0.7066200530148283,1555418700000,1555418700000,1279.655,1277.2254642857145,1280.1430714285714,1280.1430714285714,0.20089082276155565,0.20089082276155565,TARGET
scalper_filtered,1555433100000,2019,0.6759458022645344,1555434000000,1555435800000,1273.945,1271.8064642857144,1275.1020714285714,1275.1020714285714,0.5410577998965242,0.5410577998965242,TARGET
scalper_filtered,1555494300000,2019,0.6689584571818511,1555495200000,1555495200000,1275.465,1273.7587678571429,1276.1564642857143,1276.1564642857143,0.4052580351443264,0.4052580351443264,TARGET
scalper_filtered,1555506900000,2019,0.70022470401443,1555507800000,1555509600000,1275.665,1273.9999464285715,1276.3851071428571,1273.9999464285715,0.4324828673466608,-1.0,STOP
scalper_filtered,1555549200000,2019,0.7244204490308862,1555550100000,1555551000000,1273.738,1272.6914464285715,1274.001107142857,1272.6914464285715,0.2514034159741067,-1.0,STOP_BOTH
scalper_filtered,1555562700000,2019,0.6575199996609873,1555563600000,1555566300000,1272.018,1271.031910714286,1272.4511785714287,1272.4511785714287,0.4392894007716499,0.4392894007716499,TARGET
scalper_filtered,1555911900000,2019,0.7568774499244814,1555912800000,1555912800000,1278.555,1277.5725892857145,1278.9298214285716,1278.9298214285716,0.38153230937030885,0.38153230937030885,TARGET
scalper_filtered,1555916400000,2019,0.6889042386241767,1555917300000,1555917300000,1277.048,1275.8558035714286,1277.3833928571428,1277.3833928571428,0.28132348756042114,0.28132348756042114,TARGET
scalper_filtered,1555942500000,2019,0.7024829657616187,1555943400000,1555957800000,1275.278,1273.684642857143,1276.1847142857143,1274.768,0.5690590397633618,-0.3200788990003307,16BAR_TIMEOUT
scalper_filtered,1556017200000,2019,0.6974260814212423,1556018100000,1556018100000,1272.155,1270.8255892857144,1272.4438214285715,1272.4438214285715,0.21725522855193738,0.21725522855193738,TARGET
scalper_filtered,1556020800000,2019,0.6733327526962022,1556021700000,1556021700000,1271.948,1270.7420178571429,1272.4309642857143,1272.4309642857143,0.40047382838514656,0.40047382838514656,TARGET
scalper_filtered,1556024400000,2019,0.6744355732144397,1556025300000,1556026200000,1268.168,1265.6208749999998,1268.7022499999998,1268.7022499999998,0.20974628257345768,0.20974628257345768,TARGET
scalper_filtered,1556152200000,2019,0.679869687729373,1556153100000,1556153100000,1274.095,1272.7768392857142,1274.3703214285715,1274.3703214285715,0.2088678759635633,0.2088678759635633,TARGET
scalper_filtered,1556274600000,2019,0.7190801329781573,1556275500000,1556277300000,1280.895,1279.2345714285714,1281.1258571428573,1281.1258571428573,0.1390346726319439,0.1390346726319439,TARGET
scalper_filtered,1556280900000,2019,0.6966958103935512,1556281800000,1556281800000,1279.118,1277.5572857142859,1279.5694285714287,1277.5572857142859,0.28924485125875093,-1.0,STOP_BOTH
scalper_filtered,1556521200000,2019,0.7884090742585155,1556522100000,1556522100000,1283.135,1281.887767857143,1283.2594642857143,1283.2594642857143,0.09979239745155379,0.09979239745155379,TARGET
scalper_filtered,1556606700000,2019,0.7346774011866575,1556607600000,1556607600000,1282.595,1281.1274821428572,1282.7100357142858,1282.7100357142858,0.0783879485526401,0.0783879485526401,TARGET
scalper_filtered,1556714700000,2019,0.70181353895433,1556715600000,1556715600000,1280.495,1279.0150178571428,1281.0549642857143,1281.0549642857143,0.37835881224442874,0.37835881224442874,TARGET
scalper_filtered,1556735400000,2019,0.8108931329726897,1556736300000,1556736300000,1274.908,1271.3096607142857,1276.3806785714285,1276.3806785714285,0.40926617933868426,0.40926617933868426,TARGET
scalper_filtered,1556759700000,2019,0.7123095303334679,1556760600000,1556762400000,1275.398,1274.1862142857144,1275.8415714285716,1274.1862142857144,0.3660477453583455,-1.0,STOP
scalper_filtered,1556763300000,2019,0.7010709487379466,1556764200000,1556766000000,1274.525,1273.2210714285716,1274.981857142857,1273.2210714285716,0.35036976170899686,-1.0,STOP
scalper_filtered,1556777700000,2019,0.6831769780868123,1556778600000,1556781300000,1271.955,1270.6997678571427,1272.3054642857142,1272.3054642857142,0.2792027655669075,0.2792027655669075,TARGET
scalper_filtered,1556800200000,2019,0.6784368398489724,1556801100000,1556801100000,1269.768,1267.80825,1270.3485,1270.3485,0.2962112514351491,0.2962112514351491,TARGET
scalper_filtered,1556866800000,2019,0.6882602968719613,1556867700000,1556867700000,1269.895,1268.5471785714285,1270.370642857143,1270.370642857143,0.35289753305603055,0.35289753305603055,TARGET
scalper_filtered,1557144000000,2019,0.6698459615030635,1557144900000,1557144900000,1280.535,1279.3275178571428,1281.0299642857142,1279.3275178571428,0.4099143731789271,-1.0,STOP
scalper_filtered,1557150300000,2019,0.6855533812792659,1557151200000,1557151200000,1278.228,1276.0761428571427,1278.6527142857142,1278.6527142857142,0.19737104162507668,0.19737104162507668,TARGET
scalper_filtered,1557211500000,2019,0.7089034606129796,1557212400000,1557212400000,1281.905,1280.0558214285713,1281.9133571428572,1281.9133571428572,0.004519381192463622,0.004519381192463622,TARGET
scalper_filtered,1557324000000,2019,0.6727426959329265,1557324900000,1557328500000,1284.875,1281.9016607142858,1285.7216785714286,1281.9016607142858,0.2847567970115449,-1.0,STOP
scalper_filtered,1557334800000,2019,0.7275689966309945,1557335700000,1557352800000,1280.548,1278.2933035714286,1281.238392857143,1281.238392857143,0.30620213364176535,0.30620213364176535,TARGET
scalper_filtered,1557470700000,2019,0.6554974653421891,1557471600000,1557471600000,1283.995,1282.5549999999998,1284.5349999999999,1284.5349999999999,0.37499999999996053,0.37499999999996053,TARGET
scalper_filtered,1557730800000,2019,0.7516013830222674,1557731700000,1557731700000,1282.755,1281.4345357142856,1282.9359285714286,1282.9359285714286,0.13701890568783526,0.13701890568783526,TARGET
scalper_filtered,1557898200000,2019,0.8256630208089788,1557899100000,1557899100000,1295.135,1293.9546071428572,1295.1647857142857,1295.1647857142857,0.025233729690474382,0.025233729690474382,TARGET
scalper_filtered,1557902700000,2019,0.6832307776308493,1557903600000,1557903600000,1293.558,1292.430875,1293.98225,1293.98225,0.37640013308198944,0.37640013308198944,TARGET
scalper_filtered,1557919800000,2019,0.7889285347407041,1557920700000,1557920700000,1297.638,1296.322125,1298.1097499999998,1298.1097499999998,0.3585066970646354,0.3585066970646354,TARGET
scalper_filtered,1557996300000,2019,0.6795556666328918,1557997200000,1557997200000,1295.965,1293.8866071428572,1296.1317857142858,1296.1317857142858,0.0802474439385675,0.0802474439385675,TARGET
scalper_filtered,1558009800000,2019,0.6845193240330107,1558010700000,1558011600000,1290.658,1289.062875,1291.46925,1291.46925,0.5085808322233611,0.5085808322233611,TARGET
scalper_filtered,1558102500000,2019,0.6737986121686661,1558103400000,1558104300000,1278.938,1276.4588392857142,1280.1673214285713,1276.4588392857142,0.495861934842465,-1.0,STOP
scalper_filtered,1558113300000,2019,0.7652991650238702,1558114200000,1558114200000,1276.005,1273.7348571428572,1276.7742857142857,1276.7742857142857,0.338871059090001,0.338871059090001,TARGET
scalper_filtered,1558341900000,2019,0.6871699109105671,1558342800000,1558346400000,1275.005,1273.3478571428573,1275.3882857142858,1275.3882857142858,0.23129310344823784,0.23129310344823784,TARGET
scalper_filtered,1558437300000,2019,0.7763405699440352,1558438200000,1558438200000,1272.805,1271.126375,1272.96125,1272.96125,0.09308213567652035,0.09308213567652035,TARGET
scalper_filtered,1558440000000,2019,0.7441895256510149,1558440900000,1558440900000,1272.138,1270.6555357142859,1272.5439285714288,1270.6555357142859,0.2738201353925414,-1.0,STOP
scalper_filtered,1558486800000,2019,0.6561459784135878,1558487700000,1558488600000,1273.928,1273.2831607142857,1274.2276785714287,1274.2276785714287,0.46473373764216835,0.46473373764216835,TARGET
scalper_filtered,1558505700000,2019,0.7034250123195372,1558506600000,1558506600000,1273.035,1272.0854642857144,1273.2930714285715,1273.2930714285715,0.2717869635535648,0.2717869635535648,TARGET
scalper_filtered,1558511100000,2019,0.7393083906261486,1558512000000,1558512000000,1273.098,1271.9168928571428,1273.4112142857143,1273.4112142857143,0.26518702186211596,0.26518702186211596,TARGET
scalper_filtered,1558548900000,2019,0.6718555057813066,1558549800000,1558551600000,1274.198,1273.4227678571428,1274.8394642857143,1273.4227678571428,0.8274479994469007,-1.0,STOP
scalper_filtered,1558639800000,2019,0.6942014191929383,1558640700000,1558659600000,1284.018,1282.6989642857143,1284.6760714285713,1283.485,0.49890341970580454,-0.4040830693418691,16BAR_TIMEOUT
scalper_filtered,1558939500000,2019,0.7884860923021753,1558940400000,1558940400000,1285.938,1285.2765357142857,1286.1119285714287,1286.1119285714287,0.2629447654014936,0.2629447654014936,TARGET
scalper_filtered,1558958400000,2019,0.6561392163344159,1558959300000,1558960200000,1285.478,1284.8849642857142,1285.8450714285711,1284.8849642857142,0.6189701897011561,-1.0,STOP
scalper_filtered,1559018700000,2019,0.6728542754494483,1559019600000,1559020500000,1282.628,1281.8895,1283.046,1283.046,0.5660121868654829,0.5660121868654829,TARGET
scalper_filtered,1559095200000,2019,0.7146639228011809,1559096100000,1559096100000,1279.735,1278.3930892857145,1280.2588214285715,1280.2588214285715,0.3903549043876459,0.3903549043876459,TARGET
scalper_filtered,1559124900000,2019,0.6641179603200114,1559125800000,1559125800000,1283.298,1281.6516607142858,1283.8516785714285,1283.8516785714285,0.33630891046146383,0.33630891046146383,TARGET
scalper_filtered,1559195100000,2019,0.6965329135843593,1559196000000,1559196000000,1276.968,1276.3060357142856,1277.3619285714285,1276.3060357142856,0.5950903695707012,-1.0,STOP
scalper_filtered,1559200500000,2019,0.7688847801091746,1559201400000,1559201400000,1275.855,1274.3780000000002,1276.088,1276.088,0.15775220040620788,0.15775220040620788,TARGET
scalper_filtered,1559305800000,2019,0.669958039986151,1559306700000,1559307600000,1296.478,1294.4043571428572,1297.3762857142856,1297.3762857142856,0.43319210499111704,0.43319210499111704,TARGET
scalper_filtered,1559541600000,2019,0.8177925086476564,1559542500000,1559542500000,1311.548,1310.0010714285715,1311.5728571428572,1311.5728571428572,0.01606870757724698,0.01606870757724698,TARGET
scalper_filtered,1559566800000,2019,0.815958884749771,1559567700000,1559567700000,1315.185,1312.575857142857,1315.4622857142856,1315.4622857142856,0.10627463863335454,0.10627463863335454,TARGET
scalper_filtered,1559568600000,2019,0.8299765557252637,1559569500000,1559569500000,1314.695,1311.5383928571428,1314.9182142857142,1314.9182142857142,0.07071335633872378,0.07071335633872378,TARGET
scalper_filtered,1559650500000,2019,0.7563186947130884,1559651400000,1559651400000,1321.618,1318.8019107142857,1322.1111785714284,1322.1111785714284,0.1751288831395581,0.1751288831395581,TARGET
scalper_filtered,1559691900000,2019,0.7351106091351683,1559692800000,1559692800000,1325.295,1323.9551785714286,1325.8146428571429,1325.8146428571429,0.3878448620551309,0.3878448620551309,TARGET
scalper_filtered,1559868300000,2019,0.8025089569101427,1559869200000,1559869200000,1333.098,1331.408232142857,1333.4475357142856,1333.4475357142856,0.2068542804906928,0.2068542804906928,TARGET
scalper_filtered,1560129300000,2019,0.7420848768363735,1560130200000,1560141000000,1331.198,1327.8425714285713,1331.9298571428571,1327.8425714285713,0.21811137602175815,-1.0,STOP
scalper_filtered,1560144600000,2019,0.7764395578860444,1560145500000,1560145500000,1328.035,1327.0166964285715,1328.5806071428572,1327.0166964285715,0.5358000876808,-1.0,STOP
scalper_filtered,1560146400000,2019,0.7125666268345885,1560147300000,1560148200000,1327.065,1325.8200714285713,1327.5538571428572,1325.8200714285713,0.39267886855232603,-1.0,STOP
scalper_filtered,1560182400000,2019,0.7396052458945503,1560183300000,1560186900000,1328.118,1326.2074107142857,1329.2691785714285,1326.2074107142857,0.602525398857884,-1.0,STOP
scalper_filtered,1560243600000,2019,0.7177399063669061,1560244500000,1560249000000,1322.4,1320.2084107142857,1323.1081785714284,1323.1081785714284,0.3231347114372736,0.3231347114372736,TARGET
scalper_filtered,1560344400000,2019,0.7342255208666464,1560345300000,1560345300000,1333.528,1330.7972321428572,1334.1505357142858,1330.7972321428572,0.22797093962321724,-1.0,STOP
scalper_filtered,1560358800000,2019,0.6931353310871189,1560359700000,1560376800000,1332.765,1330.6213035714286,1333.881392857143,1333.895,0.5207793614168063,0.5271268753070981,TARGET_GAP
scalper_filtered,1560474000000,2019,0.794186351747432,1560474900000,1560475800000,1342.978,1341.1025178571429,1343.2189642857143,1343.2189642857143,0.12848124767911742,0.12848124767911742,TARGET
scalper_filtered,1560490200000,2019,0.8311243211919527,1560491100000,1560491100000,1345.465,1343.7178571428572,1345.5692857142858,1345.5692857142858,0.059689288634603,0.059689288634603,TARGET
scalper_filtered,1560518100000,2019,0.7052928987573913,1560519000000,1560519000000,1347.908,1344.5895714285714,1348.8208571428572,1348.8208571428572,0.27508717551342504,0.27508717551342504,TARGET
scalper_filtered,1560531600000,2019,0.6649550088772208,1560532500000,1560533400000,1342.775,1339.0584821428572,1344.1870357142857,1339.0584821428572,0.37993513513509936,-1.0,STOP
scalper_filtered,1560534300000,2019,0.7240812394831434,1560535200000,1560537900000,1339.975,1336.053767857143,1341.1064642857143,1341.1064642857143,0.2885481513190965,0.2885481513190965,TARGET
scalper_filtered,1560729600000,2019,0.7136325554264266,1560730500000,1560730500000,1338.715,1337.3878214285714,1339.2183571428573,1339.2183571428573,0.3792685880360195,0.3792685880360195,TARGET
scalper_filtered,1560732300000,2019,0.8433012956955172,1560733200000,1560733200000,1338.938,1337.2083928571428,1339.0672142857143,1337.2083928571428,0.07470730347511773,-1.0,STOP_BOTH
scalper_filtered,1560748500000,2019,0.8519223926880676,1560749400000,1560749400000,1340.085,1338.325142857143,1340.1637142857144,1340.1637142857144,0.04472765646565531,0.04472765646565531,TARGET
scalper_filtered,1560752100000,2019,0.695510436145778,1560753000000,1560753900000,1338.905,1337.1962678571429,1339.5624642857142,1337.1962678571429,0.3847673191275702,-1.0,STOP
scalper_filtered,1560759300000,2019,0.745510353991832,1560760200000,1560771000000,1335.058,1332.1916428571428,1336.0507142857143,1336.0507142857143,0.34633307583045847,0.34633307583045847,TARGET
scalper_filtered,1560819600000,2019,0.6783948539469041,1560820500000,1560820500000,1339.188,1337.9911785714287,1339.6526428571428,1339.6526428571428,0.388230730207895,0.388230730207895,TARGET
scalper_filtered,1560935700000,2019,0.7028887450353439,1560936600000,1560945600000,1343.268,1340.7021607142856,1343.7706785714286,1343.7706785714286,0.19591194749696253,0.19591194749696253,TARGET
scalper_filtered,1561020300000,2019,0.6848498676492516,1561021200000,1561023000000,1380.325,1375.7288571428571,1381.9362857142858,1381.9362857142858,0.35057346221986874,0.35057346221986874,TARGET
scalper_filtered,1561062600000,2019,0.7057128003345567,1561068000000,1561073400000,1387.195,1385.0626607142858,1389.5396785714288,1389.5396785714288,1.0995804406631382,1.0995804406631382,TARGET
scalper_filtered,1561126500000,2019,0.7131485828189779,1561127400000,1561130100000,1391.985,1386.7405178571428,1393.9329642857142,1393.9329642857142,0.3714311980959633,0.3714311980959633,TARGET
scalper_filtered,1561381200000,2019,0.7105435024884033,1561382100000,1561383000000,1406.325,1402.9195178571429,1407.3849642857142,1407.3849642857142,0.3112523399769921,0.3112523399769921,TARGET
scalper_filtered,1561440600000,2019,0.6735345786357064,1561441500000,1561442400000,1423.605,1417.5662142857143,1425.7015714285715,1425.7015714285715,0.34718427309180266,0.34718427309180266,TARGET
scalper_filtered,1561464000000,2019,0.7412327569298341,1561464900000,1561467600000,1427.025,1423.682625,1428.1387499999998,1428.1387499999998,0.3332211376639953,0.3332211376639953,TARGET
scalper_filtered,1561502700000,2019,0.7132844768203247,1561503600000,1561503600000,1417.088,1413.5330000000001,1418.528,1418.528,0.40506329113927453,0.40506329113927453,TARGET
scalper_filtered,1561508100000,2019,0.7177357240083116,1561509000000,1561510800000,1417.315,1413.0194999999999,1418.856,1413.0194999999999,0.3587475264811727,-1.0,STOP
scalper_filtered,1561574700000,2019,0.7201397695579402,1561575600000,1561575600000,1409.595,1406.4449285714286,1410.9841428571428,1410.9841428571428,0.44098773270445935,0.44098773270445935,TARGET
scalper_filtered,1561588200000,2019,0.6934007743753295,1561589100000,1561591800000,1408.215,1406.1638392857144,1409.0173214285714,1409.0173214285714,0.39115483393557743,0.39115483393557743,TARGET
scalper_filtered,1561639500000,2019,0.7789578437655551,1561640400000,1561640400000,1400.948,1397.1480178571428,1401.3479642857144,1401.3479642857144,0.10525425401435246,0.10525425401435246,TARGET
scalper_filtered,1561699800000,2019,0.7806472545652606,1561700700000,1561700700000,1416.265,1413.431267857143,1417.2914642857143,1417.2914642857143,0.36223052637544656,0.36223052637544656,TARGET
scalper_filtered,1561726800000,2019,0.6601980279323322,1561727700000,1561727700000,1411.328,1408.7849821428572,1412.2440357142857,1408.7849821428572,0.36021599758443723,-1.0,STOP
scalper_filtered,1562070600000,2019,0.6706053289305459,1562071500000,1562071500000,1391.148,1388.6892857142857,1391.9254285714287,1391.9254285714287,0.31619313229921203,0.31619313229921203,TARGET
scalper_filtered,1562153400000,2019,0.7842854351912545,1562154300000,1562154300000,1420.015,1416.2576964285713,1420.278607142857,1420.278607142857,0.0701585958774911,0.0701585958774911,TARGET
scalper_filtered,1562158800000,2019,0.7465294022466961,1562159700000,1562160600000,1417.335,1412.740392857143,1418.7842142857144,1412.740392857143,0.31541636545952234,-1.0,STOP
scalper_filtered,1562161500000,2019,0.6742882865542064,1562162400000,1562162400000,1413.858,1409.6921607142856,1416.5406785714285,1416.5406785714285,0.6439707313309309,0.6439707313309309,TARGET
scalper_filtered,1562192100000,2019,0.7228434828355745,1562193000000,1562193000000,1417.048,1415.2328214285715,1417.8283571428572,1415.2328214285715,0.42990654205609113,-1.0,STOP
scalper_filtered,1562220900000,2019,0.6853819019303388,1562221800000,1562226300000,1414.335,1412.0100357142858,1415.1539285714287,1412.0100357142858,0.35223275319131575,-1.0,STOP
scalper_filtered,1562288400000,2019,0.6567775771432355,1562289300000,1562289300000,1417.068,1412.61025,1418.0845,1418.0845,0.228029835679422,0.228029835679422,TARGET
scalper_filtered,1562305500000,2019,0.7214795909919945,1562306400000,1562306400000,1415.925,1414.0460535714285,1416.5118928571428,1414.0460535714285,0.3123520970148502,-1.0,STOP_BOTH
scalper_filtered,1562327100000,2019,0.7927630213117878,1562328000000,1562328000000,1411.495,1408.888,1411.741,1411.741,0.09436133486770132,0.09436133486770132,TARGET
scalper_filtered,1562329800000,2019,0.7899322236946424,1562330700000,1562330700000,1398.395,1392.6034107142857,1399.1931785714285,1399.1931785714285,0.13781684647378095,0.13781684647378095,TARGET
scalper_filtered,1562331600000,2019,0.7409865695987388,1562332500000,1562333400000,1398.598,1391.6135535714286,1399.897892857143,1391.6135535714286,0.18611251019487599,-1.0,STOP
scalper_filtered,1562536800000,2019,0.7537502692375696,1562537700000,1562537700000,1397.148,1394.6629642857142,1398.1880714285714,1394.6629642857142,0.4185337951452746,-1.0,STOP
scalper_filtered,1562581800000,2019,0.6597405752620749,1562582700000,1562584500000,1404.548,1402.7101607142856,1405.4636785714285,1405.4636785714285,0.498236477229625,0.498236477229625,TARGET
scalper_filtered,1562633100000,2019,0.6969447703703562,1562634000000,1562634000000,1392.285,1389.593089285714,1392.8178214285713,1392.8178214285713,0.1979342872493906,0.1979342872493906,TARGET
scalper_filtered,1562652000000,2019,0.7761319260363814,1562652900000,1562653800000,1393.735,1391.4807142857144,1394.0135714285716,1394.0135714285716,0.12357414448682107,0.12357414448682107,TARGET
scalper_filtered,1562714100000,2019,0.6853030782832477,1562715000000,1562715900000,1395.758,1393.8431249999999,1396.19775,1396.19775,0.22964945492523828,0.22964945492523828,TARGET
scalper_filtered,1562717700000,2019,0.7450246317129624,1562718600000,1562719500000,1393.998,1392.4427678571428,1394.5794642857143,1392.4427678571428,0.3738762013019946,-1.0,STOP
scalper_filtered,1562720400000,2019,0.8074502083169637,1562721300000,1562721300000,1392.565,1390.3342857142857,1392.7154285714284,1392.7154285714284,0.06743515850135767,0.06743515850135767,TARGET
scalper_filtered,1562733000000,2019,0.8228441777536859,1562733900000,1562733900000,1392.845,1391.021892857143,1393.1102142857144,1393.1102142857144,0.1454737790664054,0.1454737790664054,TARGET
scalper_filtered,1562739300000,2019,0.6936181838425424,1562740200000,1562740200000,1391.208,1389.0075357142857,1391.4989285714285,1391.4989285714285,0.13221235778153953,0.13221235778153953,TARGET
scalper_filtered,1562843700000,2019,0.6840219919040804,1562844600000,1562844600000,1418.965,1416.8420535714286,1419.649892857143,1419.649892857143,0.3226142911217679,0.3226142911217679,TARGET
scalper_filtered,1562877000000,2019,0.7908033137315477,1562877900000,1562877900000,1403.078,1399.3488928571428,1403.5162142857143,1403.5162142857143,0.11751185174545949,0.11751185174545949,TARGET
scalper_filtered,1562908500000,2019,0.7864317074231095,1562909400000,1562909400000,1407.225,1405.3084642857143,1407.3170714285716,1407.3170714285716,0.048040549354433186,0.048040549354433186,TARGET
scalper_filtered,1562924700000,2019,0.7527731877255441,1562925600000,1562925600000,1405.908,1402.9026607142857,1406.5786785714286,1406.5786785714286,0.22316234796407564,0.22316234796407564,TARGET
scalper_filtered,1562934600000,2019,0.7912427165599847,1562935500000,1562935500000,1405.005,1401.8840535714285,1405.3758928571428,1405.3758928571428,0.11883986656973182,0.11883986656973182,TARGET
scalper_filtered,1563145200000,2019,0.6619630156923106,1563146100000,1563146100000,1413.818,1411.5505,1415.173,1415.173,0.5975744211687152,0.5975744211687152,TARGET
scalper_filtered,1563194700000,2019,0.6920839427428626,1563195600000,1563195600000,1412.105,1409.430375,1412.6242499999998,1412.6242499999998,0.19413936533151696,0.19413936533151696,TARGET
scalper_filtered,1563196500000,2019,0.7279555788160107,1563197400000,1563197400000,1411.715,1409.1284107142858,1412.6581785714286,1412.6581785714286,0.36464179939115793,0.36464179939115793,TARGET
scalper_filtered,1563278400000,2019,0.7466042249917407,1563279300000,1563279300000,1413.938,1412.154607142857,1414.4447857142857,1414.4447857142857,0.28416942024620084,0.28416942024620084,TARGET
scalper_filtered,1563280200000,2019,0.8129776772537752,1563281100000,1563281100000,1410.438,1407.4715535714286,1410.670892857143,1410.670892857143,0.07850903859233412,0.07850903859233412,TARGET
scalper_filtered,1563282000000,2019,0.669285862228984,1563282900000,1563282900000,1408.885,1405.7037678571428,1409.9374642857142,1409.9374642857142,0.33083542427965046,0.33083542427965046,TARGET
scalper_filtered,1563292800000,2019,0.7648112269880075,1563293700000,1563293700000,1405.915,1400.6343749999999,1406.5552500000001,1406.5552500000001,0.12124511776544232,0.12124511776544232,TARGET
scalper_filtered,1563353100000,2019,0.7747022232367282,1563354000000,1563355800000,1402.615,1400.3921964285714,1403.1396071428571,1400.3921964285714,0.236011471998832,-1.0,STOP
scalper_filtered,1563408000000,2019,0.6744842085494633,1563408900000,1563410700000,1425.115,1422.8709285714285,1426.0331428571428,1426.0331428571428,0.4091415475697559,0.4091415475697559,TARGET
scalper_filtered,1563515100000,2019,0.7721545439665821,1563516000000,1563516000000,1441.115,1438.7121249999998,1441.5797499999999,1441.5797499999999,0.19341413931220905,0.19341413931220905,TARGET
scalper_filtered,1563757200000,2019,0.7061310233622621,1563758100000,1563759900000,1424.055,1421.5706071428572,1424.9137857142857,1424.9137857142857,0.345672268303525,0.345672268303525,TARGET
scalper_filtered,1563777000000,2019,0.7908773474705548,1563777900000,1563777900000,1425.415,1423.2487857142858,1425.8774285714285,1425.8774285714285,0.21347314274407272,0.21347314274407272,TARGET
scalper_filtered,1563805800000,2019,0.7929336051043615,1563806700000,1563806700000,1426.538,1422.7845178571429,1427.0249642857143,1427.0249642857143,0.1297366730892765,0.1297366730892765,TARGET
scalper_filtered,1563824700000,2019,0.7475777644561471,1563825600000,1563840000000,1424.995,1422.7629107142857,1425.4781785714285,1422.7629107142857,0.21646919526072994,-1.0,STOP
scalper_filtered,1563840900000,2019,0.6748504621131589,1563841800000,1563842700000,1422.508,1421.1653214285714,1423.1533571428572,1421.1653214285714,0.4806490224763714,-1.0,STOP
scalper_filtered,1563844500000,2019,0.8304726425209037,1563845400000,1563845400000,1417.478,1414.9680178571427,1417.6379642857141,1417.6379642857141,0.06373124453067505,0.06373124453067505,TARGET
scalper_filtered,1563911100000,2019,0.6947485022640085,1563912000000,1563919200000,1417.115,1414.8565,1418.362,1418.362,0.5521363736994107,0.5521363736994107,TARGET
scalper_filtered,1563945300000,2019,0.7204127780548437,1563946200000,1563946200000,1418.955,1417.696232142857,1419.4115357142857,1419.4115357142857,0.36268459803385333,0.36268459803385333,TARGET
scalper_filtered,1564017300000,2019,0.6561116231341474,1564018200000,1564018200000,1422.595,1420.8475,1423.3990000000001,1423.3990000000001,0.4600858369099356,0.4600858369099356,TARGET
scalper_filtered,1564074000000,2019,0.7160883271622239,1564074900000,1564074900000,1413.448,1409.0739285714287,1414.756142857143,1414.756142857143,0.29906755719582945,0.29906755719582945,TARGET
scalper_filtered,1564119000000,2019,0.8267340961394658,1564119900000,1564119900000,1414.745,1413.4429642857144,1414.9880714285716,1414.9880714285716,0.18668568450530695,0.18668568450530695,TARGET
scalper_filtered,1564171200000,2019,0.6795771676390046,1564172100000,1564172100000,1417.368,1415.3458928571426,1417.8122142857142,1417.8122142857142,0.2196789063741386,0.2196789063741386,TARGET
scalper_filtered,1564489800000,2019,0.6702117027998074,1564490700000,1564491600000,1426.565,1424.1885535714287,1427.936892857143,1427.936892857143,0.5772875166252549,0.5772875166252549,TARGET
scalper_filtered,1564575300000,2019,0.6944274842201821,1564576200000,1564576200000,1429.608,1428.2280714285714,1429.9888571428573,1429.9888571428573,0.2759977224495913,0.2759977224495913,TARGET
scalper_filtered,1564610400000,2019,0.7473957507491744,1564611300000,1564621200000,1415.488,1404.4322857142856,1417.8204285714285,1404.4322857142856,0.2109704096136277,-1.0,STOP
scalper_filtered,1564634700000,2019,0.8112572929102009,1564635600000,1564638300000,1409.558,1408.0127857142857,1409.9484285714284,1408.0127857142857,0.2526695326583201,-1.0,STOP
scalper_filtered,1564639200000,2019,0.7702220902267911,1564640100000,1564640100000,1407.135,1405.405607142857,1407.5427857142856,1407.5427857142856,0.23579703859729523,0.23579703859729523,TARGET
scalper_filtered,1564642800000,2019,0.7976790760296557,1564643700000,1564643700000,1406.608,1404.1165714285712,1406.691857142857,1406.691857142857,0.03365825688073102,0.03365825688073102,TARGET
scalper_filtered,1564661700000,2019,0.7670475626137863,1564662600000,1564662600000,1403.568,1400.2999107142857,1404.0141785714286,1404.0141785714286,0.1365258205701384,0.1365258205701384,TARGET
scalper_filtered,1564665300000,2019,0.7621113202375794,1564666200000,1564666200000,1403.725,1398.6673392857142,1403.9193214285713,1403.9193214285713,0.03842120686792664,0.03842120686792664,TARGET
scalper_filtered,1564750800000,2019,0.7381564163723194,1564751700000,1564751700000,1433.605,1428.9950892857141,1434.7038214285715,1434.7038214285715,0.238360674788399,0.238360674788399,TARGET
scalper_filtered,1564769700000,2019,0.7068884019511827,1564770600000,1564957800000,1442.515,1439.1669642857144,1444.4110714285714,1439.1669642857144,0.5663235372552782,-1.0,STOP
scalper_filtered,1565017200000,2019,0.7942265864661182,1565018100000,1565018100000,1457.518,1450.0817857142856,1458.4704285714286,1458.4704285714286,0.12807976408886193,0.12807976408886193,TARGET
scalper_filtered,1565053200000,2019,0.7467375978088472,1565054100000,1565054100000,1468.725,1464.3380357142858,1469.9389285714285,1464.3380357142858,0.2767126633288695,-1.0,STOP
scalper_filtered,1565055900000,2019,0.6811702307411465,1565056800000,1565056800000,1462.998,1458.055892857143,1464.0232142857144,1464.0232142857144,0.2074447712442059,0.2074447712442059,TARGET
scalper_filtered,1565076600000,2019,0.7045152386453072,1565077500000,1565079300000,1460.575,1456.5306071428572,1462.0337857142856,1462.0337857142856,0.3606933761909884,0.3606933761909884,TARGET
scalper_filtered,1565116200000,2019,0.8118975658838675,1565117100000,1565117100000,1471.005,1466.6630535714287,1471.387892857143,1471.387892857143,0.08818461108210515,0.08818461108210515,TARGET
scalper_filtered,1565227800000,2019,0.817794731151777,1565228700000,1565228700000,1496.545,1489.1683392857142,1496.6883214285715,1496.6883214285715,0.019429038981535994,0.019429038981535994,TARGET
scalper_filtered,1565262000000,2019,0.7989234673069057,1565262900000,1565262900000,1497.088,1493.6644107142856,1497.3651785714285,1497.3651785714285,0.08096139703004339,0.08096139703004339,TARGET
scalper_filtered,1565269200000,2019,0.7512193521104732,1565270100000,1565270100000,1493.025,1488.145642857143,1493.5527142857143,1493.5527142857143,0.1081524205471833,0.1081524205471833,TARGET
scalper_filtered,1565312400000,2019,0.8406936545300985,1565313300000,1565313300000,1503.165,1496.739857142857,1503.4152857142856,1503.4152857142856,0.03895410885804131,0.03895410885804131,TARGET
scalper_filtered,1565331300000,2019,0.7258785799023688,1565332200000,1565333100000,1502.685,1499.9737678571428,1503.5774642857143,1503.5774642857143,0.329172951149017,0.329172951149017,TARGET
scalper_filtered,1565351100000,2019,0.6753231519692806,1565352000000,1565352000000,1502.055,1500.320392857143,1502.8542142857143,1500.320392857143,0.4607465667400729,-1.0,STOP
scalper_filtered,1565560800000,2019,0.7611406565216602,1565561700000,1565561700000,1496.448,1493.8828214285713,1497.234357142857,1497.234357142857,0.3065506439261368,0.3065506439261368,TARGET
scalper_filtered,1565574300000,2019,0.7183026042581141,1565575200000,1565589600000,1497.245,1493.921607142857,1497.7417857142857,1496.535,0.14948148944175677,-0.21363709634081762,16BAR_TIMEOUT
scalper_filtered,1565592300000,2019,0.6934834567002599,1565593200000,1565593200000,1490.785,1488.699732142857,1491.4545357142856,1491.4545357142856,0.32107899807311036,0.32107899807311036,TARGET
scalper_filtered,1565594100000,2019,0.6917379291865398,1565595000000,1565595000000,1488.705,1486.001642857143,1489.7707142857143,1489.7707142857143,0.3942188284409085,0.3942188284409085,TARGET
scalper_filtered,1565614800000,2019,0.7650292179530639,1565615700000,1565616600000,1502.575,1497.797517857143,1503.7299642857145,1503.7299642857145,0.2417516698500359,0.2417516698500359,TARGET
scalper_filtered,1565697600000,2019,0.7684156197167764,1565698500000,1565699400000,1525.265,1520.4342142857142,1526.7155714285714,1520.4342142857142,0.30027650042136117,-1.0,STOP
scalper_filtered,1565703000000,2019,0.6659541568209464,1565703900000,1565703900000,1512.395,1506.7725,1514.76,1506.7725,0.42063139172966335,-1.0,STOP
scalper_filtered,1565745300000,2019,0.7888157685667945,1565746200000,1565746200000,1496.555,1492.5809285714286,1497.0931428571428,1497.0931428571428,0.13541348383265966,0.13541348383265966,TARGET
scalper_filtered,1565812800000,2019,0.774951768851523,1565813700000,1565815500000,1513.335,1506.1125357142857,1515.0389285714286,1515.0389285714286,0.23592066419752303,0.23592066419752303,TARGET
scalper_filtered,1565870400000,2019,0.7180581206074309,1565871300000,1565874900000,1513.015,1505.9149642857142,1514.8940714285714,1514.8940714285714,0.26465661641537763,0.26465661641537763,TARGET
scalper_filtered,1565937000000,2019,0.8041296358270253,1565937900000,1565937900000,1515.115,1511.6719285714285,1515.3201428571429,1515.3201428571429,0.059581353857638256,0.059581353857638256,TARGET
scalper_filtered,1566202500000,2019,0.6703366829393989,1566203400000,1566213300000,1501.055,1497.0899107142857,1502.0641785714286,1497.0899107142857,0.25451597649122554,-1.0,STOP
scalper_filtered,1566237600000,2019,0.7781165014169573,1566238500000,1566240300000,1499.348,1496.0549642857143,1499.8050714285714,1496.0549642857143,0.13879941434847157,-1.0,STOP
scalper_filtered,1566254700000,2019,0.829256981207273,1566255600000,1566255600000,1494.928,1491.7476964285713,1495.0486071428572,1495.0486071428572,0.03792315423616637,0.03792315423616637,TARGET
scalper_filtered,1566350100000,2019,0.8156532410309757,1566351000000,1566355500000,1505.488,1503.159607142857,1505.7647857142856,1503.159607142857,0.11887414679032383,-1.0,STOP
scalper_filtered,1566435600000,2019,0.7900535408488597,1566436500000,1566437400000,1501.215,1499.0135357142858,1501.4779285714287,1501.4779285714287,0.1194334939408354,0.1194334939408354,TARGET
scalper_filtered,1566472500000,2019,0.733826830372169,1566473400000,1566473400000,1495.895,1493.4960535714288,1496.582892857143,1493.4960535714288,0.286747902725228,-1.0,STOP_BOTH
scalper_filtered,1566513900000,2019,0.6920589115165944,1566514800000,1566520200000,1497.485,1496.2923214285713,1498.019357142857,1496.2923214285713,0.44803114238651054,-1.0,STOP
scalper_filtered,1566534600000,2019,0.705834198959271,1566535500000,1566535500000,1494.975,1493.0360892857143,1495.0728214285714,1495.0728214285714,0.050451744812561206,0.050451744812561206,TARGET
scalper_filtered,1566540900000,2019,0.7065478574081249,1566541800000,1566541800000,1494.425,1492.8739821428571,1494.6770357142857,1494.6770357142857,0.16249697779110142,0.16249697779110142,TARGET
scalper_filtered,1566807300000,2019,0.6824938221524051,1566808200000,1566812700000,1528.705,1523.510267857143,1531.7534642857145,1531.7534642857145,0.5868376274042022,0.5868376274042022,TARGET
scalper_filtered,1566909000000,2019,0.757884952865972,1566909900000,1566910800000,1530.788,1527.6925,1530.91,1530.91,0.039412049749660734,0.039412049749660734,TARGET
scalper_filtered,1566911700000,2019,0.8068489954233017,1566912600000,1566912600000,1530.275,1527.2001785714285,1530.6346428571428,1530.6346428571428,0.11696381903705924,0.11696381903705924,TARGET
scalper_filtered,1566960300000,2019,0.7506839247393943,1566961200000,1566962100000,1534.675,1530.2380178571427,1535.0679642857142,1535.0679642857142,0.08856566762317189,0.08856566762317189,TARGET
scalper_filtered,1566999900000,2019,0.7443989804158037,1567000800000,1567000800000,1536.775,1531.8881964285715,1537.4076071428572,1537.4076071428572,0.1294521323827503,0.1294521323827503,TARGET
scalper_filtered,1567076400000,2019,0.8268819278109547,1567077300000,1567079100000,1536.895,1531.7967678571429,1537.1914642857143,1537.1914642857143,0.058150409280543686,0.058150409280543686,TARGET
scalper_filtered,1567097100000,2019,0.7391236393266906,1567098000000,1567101600000,1528.485,1522.66025,1529.8535,1522.66025,0.2349457058242914,-1.0,STOP
scalper_filtered,1567152000000,2019,0.67584678484377,1567152900000,1567152900000,1524.345,1520.2783214285714,1525.0383571428572,1525.0383571428572,0.17049715896616652,0.17049715896616652,TARGET
scalper_filtered,1567408500000,2019,0.7652613390053613,1567409400000,1567409400000,1520.965,1518.3079821428573,1521.2990357142858,1521.2990357142858,0.12571827975784666,0.12571827975784666,TARGET
scalper_filtered,1567429200000,2019,0.675864745158727,1567430100000,1567430100000,1524.575,1522.276017857143,1525.2519642857144,1525.2519642857144,0.294462611559498,0.294462611559498,TARGET
scalper_filtered,1567472400000,2019,0.6637522215121321,1567473300000,1567478700000,1525.275,1523.0533035714286,1525.9173928571429,1523.0533035714286,0.28914519953378404,-1.0,STOP
scalper_filtered,1567596600000,2019,0.7141261518411244,1567597500000,1567597500000,1534.985,1532.7305357142857,1536.0139285714286,1536.0139285714286,0.4563960396040087,0.4563960396040087,TARGET
scalper_filtered,1567645200000,2019,0.7147590870817798,1567646100000,1567646100000,1548.825,1545.7257857142858,1549.4524285714285,1545.7257857142858,0.20244762497404856,-1.0,STOP
scalper_filtered,1567647000000,2019,0.7570560263415369,1567647900000,1567653300000,1545.335,1541.5479464285715,1546.0481071428571,1546.0481071428571,0.1883013084993439,0.1883013084993439,TARGET
scalper_filtered,1567679400000,2019,0.7619628556620425,1567680300000,1567680300000,1541.275,1536.558482142857,1541.3270357142858,1541.3270357142858,0.011032654992896128,0.011032654992896128,TARGET
scalper_filtered,1567730700000,2019,0.7893689724199815,1567731600000,1567731600000,1517.455,1514.8175892857143,1517.7498214285715,1517.7498214285715,0.11178442059656833,0.11178442059656833,TARGET
scalper_filtered,1567735200000,2019,0.6628764410548922,1567736100000,1567738800000,1516.808,1513.6554285714287,1517.623142857143,1513.6554285714287,0.2585644371941776,-1.0,STOP
scalper_filtered,1567772100000,2019,0.7422551931625285,1567773000000,1567773000000,1505.335,1500.645142857143,1506.1737142857144,1506.1737142857144,0.1788357854336206,0.1788357854336206,TARGET
scalper_filtered,1567980000000,2019,0.6895855884556281,1567980900000,1567981800000,1504.628,1500.8431607142857,1506.0986785714285,1506.0986785714285,0.388570943284072,0.388570943284072,TARGET
scalper_filtered,1568066400000,2019,0.7863811481121518,1568067300000,1568067300000,1499.148,1496.5964464285714,1499.4721071428573,1499.4721071428573,0.12702345209862773,0.12702345209862773,TARGET
scalper_filtered,1568070900000,2019,0.8279670669129858,1568071800000,1568071800000,1497.835,1495.4665357142856,1498.1109285714285,1498.1109285714285,0.11650104799670073,0.11650104799670073,TARGET
scalper_filtered,1568077200000,2019,0.7366853453956665,1568078100000,1568078100000,1490.748,1487.5543214285715,1491.4053571428572,1487.5543214285715,0.20583071469307768,-1.0,STOP
scalper_filtered,1568189700000,2019,0.7345453261514393,1568190600000,1568191500000,1490.845,1487.5856785714286,1491.3936428571428,1491.3936428571428,0.16833039304849107,0.16833039304849107,TARGET
scalper_filtered,1568243700000,2019,0.8656396673493982,1568244600000,1568244600000,1493.598,1490.661607142857,1493.8517857142856,1493.8517857142856,0.08642771135622988,0.08642771135622988,TARGET
scalper_filtered,1568286000000,2019,0.7559771636525254,1568286900000,1568286900000,1502.905,1500.5023392857142,1503.4503214285714,1503.4503214285714,0.2269656407702925,0.2269656407702925,TARGET
scalper_filtered,1568327400000,2019,0.810073897515122,1568328300000,1568330100000,1496.965,1494.3084107142856,1497.4871785714286,1497.4871785714286,0.19655976715581727,0.19655976715581727,TARGET
scalper_filtered,1568377800000,2019,0.8120211481215477,1568378700000,1568378700000,1499.785,1495.2498214285715,1500.554357142857,1500.554357142857,0.16964208371063488,0.16964208371063488,TARGET
scalper_filtered,1568623500000,2019,0.7230555074764037,1568624400000,1568624400000,1502.285,1497.1968571428572,1502.4412857142856,1502.4412857142856,0.030715669483642873,0.030715669483642873,TARGET
scalper_filtered,1568642400000,2019,0.715242480389552,1568643300000,1568643300000,1497.745,1494.320625,1498.80375,1498.80375,0.30918050739191794,0.30918050739191794,TARGET
scalper_filtered,1568663100000,2019,0.695690159915389,1568664000000,1568673000000,1498.748,1495.2970714285714,1499.8298571428572,1499.8298571428572,0.3134974023554774,0.3134974023554774,TARGET
scalper_filtered,1568677500000,2019,0.759820923057402,1568678400000,1568678400000,1497.985,1495.8322321428573,1498.6995357142857,1498.6995357142857,0.33191489361710935,0.33191489361710935,TARGET
scalper_filtered,1568853900000,2019,0.7578181589367908,1568854800000,1568854800000,1490.525,1488.034160714286,1490.9766785714287,1490.9766785714287,0.1813358951013559,0.1813358951013559,TARGET
scalper_filtered,1568981700000,2019,0.6914612081525019,1568982600000,1568982600000,1499.888,1497.5898035714285,1500.5843928571428,1500.5843928571428,0.30301711746013843,0.30301711746013843,TARGET
scalper_filtered,1569222000000,2019,0.7879689982242509,1569222900000,1569222900000,1513.065,1510.4848214285714,1513.485357142857,1513.485357142857,0.16291784898604084,0.16291784898604084,TARGET
scalper_filtered,1569270600000,2019,0.6777139972964016,1569271500000,1569279600000,1523.248,1521.2570535714285,1524.1908928571427,1521.2570535714285,0.4735902702410391,-1.0,STOP
scalper_filtered,1569282300000,2019,0.7629142488994473,1569283200000,1569283200000,1520.795,1518.5789464285713,1521.2971071428572,1521.2971071428572,0.226577168228542,0.226577168228542,TARGET
scalper_filtered,1569300300000,2019,0.6733489054828287,1569301200000,1569301200000,1520.155,1518.8719464285716,1520.6901071428572,1520.6901071428572,0.4170575218161064,0.4170575218161064,TARGET
scalper_filtered,1569330900000,2019,0.7020728162547012,1569331800000,1569331800000,1518.828,1515.7994642857143,1519.3560714285713,1519.3560714285713,0.17436526374129885,0.17436526374129885,TARGET
scalper_filtered,1569332700000,2019,0.6758955174883555,1569333600000,1569333600000,1517.548,1514.0898214285714,1518.3953571428572,1518.3953571428572,0.2450298980677342,0.2450298980677342,TARGET
scalper_filtered,1569388500000,2019,0.7366238918559095,1569389400000,1569392100000,1528.765,1526.9022321428572,1529.3195357142858,1529.3195357142858,0.2976944830561397,0.2976944830561397,TARGET
scalper_filtered,1569412800000,2019,0.6594214952241234,1569413700000,1569413700000,1527.295,1524.9483928571428,1528.0582142857143,1528.0582142857143,0.32524161022747583,0.32524161022747583,TARGET
scalper_filtered,1569416400000,2019,0.8210245276284417,1569417300000,1569417300000,1527.795,1524.2268571428572,1527.9502857142857,1527.9502857142857,0.04352003843532313,0.04352003843532313,TARGET
scalper_filtered,1569422700000,2019,0.7322258785550747,1569423600000,1569423600000,1517.855,1511.96175,1518.7814999999998,1518.7814999999998,0.15721376150677346,0.15721376150677346,TARGET
scalper_filtered,1569427200000,2019,0.6899790099964911,1569428100000,1569429000000,1504.545,1497.2717678571428,1506.5814642857142,1506.5814642857142,0.2799944021742883,0.2799944021742883,TARGET
scalper_filtered,1569482100000,2019,0.6942822176948098,1569483000000,1569483000000,1506.805,1504.3166785714286,1507.350642857143,1507.350642857143,0.2192815007248159,0.2192815007248159,TARGET
scalper_filtered,1569517200000,2019,0.7615599620634732,1569518100000,1569518100000,1506.485,1502.5966071428572,1507.8117857142856,1507.8117857142856,0.34121699196328276,0.34121699196328276,TARGET
scalper_filtered,1569526200000,2019,0.7321187807067595,1569527100000,1569527100000,1503.918,1500.2851964285715,1504.634607142857,1504.634607142857,0.1972600854318568,0.1972600854318568,TARGET
scalper_filtered,1569551400000,2019,0.658848660300897,1569552300000,1569554100000,1505.295,1503.7487678571429,1506.3174642857143,1506.3174642857143,0.6612618230952618,0.6612618230952618,TARGET
scalper_filtered,1569565800000,2019,0.7623825252306429,1569566700000,1569566700000,1499.168,1496.5697678571428,1499.5344642857144,1496.5697678571428,0.14104370416707654,-1.0,STOP_BOTH
scalper_filtered,1569591000000,2019,0.6832742372333234,1569591900000,1569591900000,1489.725,1484.7150357142857,1490.8739285714287,1490.8739285714287,0.22932869495794847,0.22932869495794847,TARGET
scalper_filtered,1569794400000,2019,0.6820658311654012,1569795300000,1569795300000,1496.538,1493.1010714285715,1497.192857142857,1497.192857142857,0.19053556954919895,0.19053556954919895,TARGET
scalper_filtered,1569824100000,2019,0.6569376254040027,1569825000000,1569825000000,1489.605,1487.4318928571429,1490.2402142857143,1490.2402142857143,0.29230693378472594,0.29230693378472594,TARGET
scalper_filtered,1569830400000,2019,0.7971637630093857,1569831300000,1569831300000,1489.595,1485.3798035714285,1489.9043928571427,1489.9043928571427,0.07339939250412612,0.07339939250412612,TARGET
scalper_filtered,1569857400000,2019,0.75727740630292,1569858300000,1569860100000,1470.235,1463.0869285714286,1471.730142857143,1471.730142857143,0.20916730786528856,0.20916730786528856,TARGET
scalper_filtered,1569864600000,2019,0.7260046703886736,1569865500000,1569866400000,1467.505,1461.630357142857,1470.0742857142857,1470.0742857142857,0.4373518146999433,0.4373518146999433,TARGET
scalper_filtered,1569890700000,2019,0.7779102787818473,1569891600000,1569891600000,1471.015,1468.7794999999999,1471.3849999999998,1471.3849999999998,0.16551107134852408,0.16551107134852408,TARGET
scalper_filtered,1569992400000,2019,0.7864396637110164,1569993300000,1569993300000,1476.835,1475.0648392857142,1476.9553214285713,1476.9553214285713,0.06797203643728672,0.06797203643728672,TARGET
scalper_filtered,1569996900000,2019,0.7969264630256037,1569997800000,1569997800000,1475.735,1473.6898392857142,1475.9853214285713,1475.9853214285713,0.12239694749800138,0.12239694749800138,TARGET
scalper_filtered,1570078800000,2019,0.7468234555878993,1570079700000,1570079700000,1498.345,1496.9123928571428,1498.8792142857142,1498.8792142857142,0.37289656719753866,0.37289656719753866,TARGET
scalper_filtered,1570432500000,2019,0.7567886887477562,1570433400000,1570434300000,1501.908,1499.45975,1502.5805,1502.5805,0.2746860002042889,0.2746860002042889,TARGET
scalper_filtered,1570469400000,2019,0.8302436069732547,1570470300000,1570470300000,1491.635,1486.0720714285715,1491.729857142857,1491.729857142857,0.017051655731173586,0.017051655731173586,TARGET
scalper_filtered,1570494600000,2019,0.7693459320223004,1570495500000,1570496400000,1490.095,1488.2856964285716,1490.4526071428572,1488.2856964285716,0.19764905597067314,-1.0,STOP_BOTH
scalper_filtered,1570514400000,2019,0.6811434842621473,1570515300000,1570515300000,1490.235,1488.7206964285713,1490.9236071428572,1488.7206964285713,0.45473520359440806,-1.0,STOP_BOTH
scalper_filtered,1570547700000,2019,0.7183054498160443,1570548600000,1570553100000,1503.705,1498.862892857143,1505.1182142857144,1498.862892857143,0.29185935875030217,-1.0,STOP
scalper_filtered,1570582800000,2019,0.7791451381712481,1570583700000,1570583700000,1505.095,1503.0088035714284,1505.6163928571427,1505.6163928571427,0.24992510292987638,0.24992510292987638,TARGET
scalper_filtered,1570685400000,2019,0.6993724782498226,1570686300000,1570687200000,1506.865,1505.5354642857144,1507.5530714285715,1507.5530714285715,0.5175276009348595,0.5175276009348595,TARGET
scalper_filtered,1570688100000,2019,0.7183146861021392,1570689000000,1570689000000,1504.758,1502.892107142857,1505.4207857142856,1505.4207857142856,0.3552110249783197,0.3552110249783197,TARGET
scalper_filtered,1570705200000,2019,0.6960821820854061,1570706100000,1570707000000,1507.478,1503.9395535714286,1508.1558928571428,1508.1558928571428,0.19157923422806633,0.19157923422806633,TARGET
scalper_filtered,1570739400000,2019,0.7381205311112777,1570740300000,1570740300000,1492.855,1489.793142857143,1493.4587142857142,1493.4587142857142,0.19717258433255522,0.19717258433255522,TARGET
scalper_filtered,1570747500000,2019,0.8106731062814623,1570748400000,1570748400000,1493.085,1489.8163214285714,1493.2713571428571,1493.2713571428571,0.05701299126994174,0.05701299126994174,TARGET
scalper_filtered,1570794300000,2019,0.7555371123038798,1570795200000,1570795200000,1482.795,1477.4061428571429,1483.5827142857142,1483.5827142857142,0.1461746460950944,0.1461746460950944,TARGET
scalper_filtered,1571079600000,2019,0.7890748247188565,1571080500000,1571080500000,1491.795,1489.7261785714286,1491.981642857143,1491.981642857143,0.09021699725520485,0.09021699725520485,TARGET
scalper_filtered,1571139900000,2019,0.6721646537901718,1571140800000,1571144400000,1493.485,1490.6330357142858,1494.5779285714286,1490.6330357142858,0.3832195854987999,-1.0,STOP
scalper_filtered,1571146200000,2019,0.7423766391071742,1571147100000,1571148000000,1488.168,1484.1705357142857,1488.9929285714286,1484.1705357142857,0.2063629622350269,-1.0,STOP
scalper_filtered,1571151600000,2019,0.7343687960324593,1571152500000,1571152500000,1480.535,1474.8226607142858,1481.6486785714285,1481.6486785714285,0.19496015830389402,0.19496015830389402,TARGET
scalper_filtered,1571274900000,2019,0.693687503027766,1571275800000,1571291100000,1488.608,1486.6215178571429,1489.6109642857143,1488.955,0.5048946900030236,0.1746806540636215,16BAR_TIMEOUT
scalper_filtered,1571301000000,2019,0.7048392190336363,1571301900000,1571304600000,1488.825,1485.9779642857143,1489.5480714285713,1485.9779642857143,0.2539734310121566,-1.0,STOP
scalper_filtered,1571380200000,2019,0.6678995574345705,1571381100000,1571382000000,1490.015,1488.3196428571428,1490.5047142857143,1488.3196428571428,0.2888561196544166,-1.0,STOP
scalper_filtered,1571396400000,2019,0.7095417728121259,1571397300000,1571397300000,1486.095,1483.77875,1486.9175,1486.9175,0.3550998381003613,0.3550998381003613,TARGET
scalper_filtered,1571665500000,2019,0.7755535681714476,1571666400000,1571666400000,1491.925,1488.0017678571428,1492.0014642857143,1492.0014642857143,0.019490125215647008,0.019490125215647008,TARGET
scalper_filtered,1571685300000,2019,0.8427107377905181,1571686200000,1571687100000,1483.165,1480.4294642857142,1483.3560714285713,1483.3560714285713,0.06984790129901952,0.06984790129901952,TARGET
scalper_filtered,1571703300000,2019,0.8388866308586417,1571704200000,1571704200000,1482.185,1480.0171964285714,1482.2696071428572,1482.2696071428572,0.03902897106195852,0.03902897106195852,TARGET
scalper_filtered,1571747400000,2019,0.729190164188672,1571748300000,1571748300000,1485.558,1483.3370892857142,1486.0308214285712,1486.0308214285712,0.2128952890946399,0.2128952890946399,TARGET
scalper_filtered,1571826600000,2019,0.7088949989768919,1571827500000,1571829300000,1491.335,1489.0209107142857,1492.0421785714286,1492.0421785714286,0.3055969256649888,0.3055969256649888,TARGET
scalper_filtered,1571859900000,2019,0.6593392751266786,1571860800000,1571879700000,1491.698,1490.2635892857143,1492.7278214285716,1492.288,0.7179404185392082,0.41131873467193725,16BAR_TIMEOUT
scalper_filtered,1571898600000,2019,0.8239822664832454,1571899500000,1571899500000,1491.535,1489.8126249999998,1491.56875,1491.56875,0.01959503592412897,0.01959503592412897,TARGET
scalper_filtered,1571966100000,2019,0.7263572910391644,1571967000000,1571967000000,1501.618,1500.1392678571428,1501.8664642857143,1501.8664642857143,0.1680252146506386,0.1680252146506386,TARGET
scalper_filtered,1572016500000,2019,0.6620585072840389,1572017400000,1572018300000,1508.505,1504.4996428571428,1510.3657142857141,1504.4996428571428,0.46455639768159734,-1.0,STOP
scalper_filtered,1572023700000,2019,0.7759371607233847,1572024600000,1572026400000,1502.995,1498.7703214285714,1504.1333571428572,1504.1333571428572,0.2694541427497079,0.2694541427497079,TARGET
scalper_filtered,1572213600000,2019,0.7534483229790141,1572214500000,1572219000000,1503.188,1501.1433928571428,1503.7132142857142,1503.7132142857142,0.2568778493946485,0.2568778493946485,TARGET
scalper_filtered,1572238800000,2019,0.743790332040527,1572239700000,1572239700000,1504.095,1502.6082142857144,1504.4075714285716,1504.4075714285716,0.2102330050445541,0.2102330050445541,TARGET
scalper_filtered,1572273900000,2019,0.7819077865761432,1572274800000,1572289200000,1492.705,1488.0267142857144,1493.7905714285716,1491.915,0.23204470502022528,-0.16886527421521944,16BAR_TIMEOUT
scalper_filtered,1572345000000,2019,0.7895702225400621,1572345900000,1572345900000,1486.358,1482.9767857142856,1486.5504285714285,1486.5504285714285,0.05691108435260904,0.05691108435260904,TARGET
scalper_filtered,1572356700000,2019,0.7397987714383105,1572357600000,1572357600000,1485.718,1481.5720714285712,1487.049857142857,1487.049857142857,0.3212445945246843,0.3212445945246843,TARGET
scalper_filtered,1572413400000,2019,0.6770633104440869,1572414300000,1572414300000,1487.905,1486.9599107142856,1488.2981785714285,1488.2981785714285,0.41602267359458983,0.41602267359458983,TARGET
scalper_filtered,1572458400000,2019,0.7798857085762891,1572459300000,1572459300000,1490.955,1488.0068571428571,1491.2712857142856,1488.0068571428571,0.10728303532487968,-1.0,STOP_BOTH
scalper_filtered,1572497100000,2019,0.6555298345800469,1572498000000,1572499800000,1497.068,1495.8573571428572,1497.785285714286,1497.785285714286,0.5924833323501875,0.5924833323501875,TARGET
scalper_filtered,1572587100000,2019,0.7595994968669002,1572588000000,1572589800000,1509.848,1508.9599642857142,1510.1540714285713,1510.1540714285713,0.34466117031968124,0.34466117031968124,TARGET
scalper_filtered,1572607800000,2019,0.6798643954757536,1572608700000,1572608700000,1509.905,1507.837982142857,1510.5680357142858,1510.5680357142858,0.3207692241238143,0.3207692241238143,TARGET
scalper_filtered,1572829200000,2019,0.711217227575033,1572830100000,1572830100000,1511.775,1510.293625,1512.24775,1512.24775,0.31912918741026597,0.31912918741026597,TARGET
scalper_filtered,1572877800000,2019,0.7099747531013783,1572878700000,1572878700000,1510.648,1507.2124107142859,1511.2101785714287,1511.2101785714287,0.16363381204106492,0.16363381204106492,TARGET
scalper_filtered,1572885000000,2019,0.7220563853778503,1572885900000,1572885900000,1506.215,1502.7589285714284,1507.6671428571428,1507.6671428571428,0.420171540766778,0.420171540766778,TARGET
scalper_filtered,1572958800000,2019,0.7672471058182815,1572959700000,1572959700000,1500.725,1497.2773214285714,1500.930357142857,1497.2773214285714,0.059563888745007114,-1.0,STOP
scalper_filtered,1572966000000,2019,0.7850302230391879,1572966900000,1572969600000,1490.185,1484.3368392857144,1490.9613214285716,1484.3368392857144,0.13274625416420913,-1.0,STOP
scalper_filtered,1572979500000,2019,0.8371743430485163,1572980400000,1572980400000,1481.955,1477.7971785714287,1482.2306428571428,1482.2306428571428,0.06629502057225356,0.06629502057225356,TARGET
scalper_filtered,1573016400000,2019,0.8075991765205414,1573017300000,1573018200000,1485.945,1484.5619464285714,1486.1911071428572,1484.5619464285714,0.17794476507734575,-1.0,STOP
scalper_filtered,1573081200000,2019,0.6860862784229759,1573082100000,1573088400000,1490.408,1489.144642857143,1490.8347142857144,1490.8347142857144,0.33776219822494524,0.33776219822494524,TARGET
scalper_filtered,1573171200000,2019,0.7766871657817747,1573172100000,1573172100000,1467.275,1464.5605535714285,1467.813892857143,1467.813892857143,0.19852771875348219,0.19852771875348219,TARGET
scalper_filtered,1573214400000,2019,0.7086318618317923,1573215300000,1573215300000,1462.028,1458.940892857143,1462.8922142857143,1458.940892857143,0.2799430812480534,-1.0,STOP
scalper_filtered,1573474500000,2019,0.7530557456919047,1573475400000,1573475400000,1464.015,1462.3373392857143,1464.5203214285716,1464.5203214285716,0.30120597345370914,0.30120597345370914,TARGET
scalper_filtered,1573527600000,2019,0.6741050810769574,1573528500000,1573528500000,1455.435,1453.9948035714285,1456.0353928571428,1456.0353928571428,0.41688261769849444,0.41688261769849444,TARGET
scalper_filtered,1573651800000,2019,0.8078910689200366,1573652700000,1573655400000,1463.788,1460.2588214285715,1464.0063571428573,1464.0063571428573,0.06187194511069335,0.06187194511069335,TARGET
scalper_filtered,1573714800000,2019,0.8517912790302279,1573715700000,1573715700000,1465.115,1463.4115,1465.2610000000002,1465.2610000000002,0.08570589961853771,0.08570589961853771,TARGET
scalper_filtered,1573732800000,2019,0.7599217889972988,1573733700000,1573733700000,1468.018,1465.8495357142856,1468.4759285714285,1468.4759285714285,0.2111764415237481,0.2111764415237481,TARGET
scalper_filtered,1573764300000,2019,0.675645726510463,1573765200000,1573777800000,1470.695,1468.6636607142857,1471.6466785714285,1468.6636607142857,0.46849808799615766,-1.0,STOP
scalper_filtered,1573796700000,2019,0.6714898498248896,1573797600000,1573797600000,1463.945,1462.6319464285714,1464.5311071428573,1464.5311071428573,0.44636955841771875,0.44636955841771875,TARGET
scalper_filtered,1573809300000,2019,0.6596316238361221,1573810200000,1573810200000,1463.395,1461.4357142857143,1464.1935714285714,1464.1935714285714,0.4075829383886454,0.4075829383886454,TARGET
scalper_filtered,1574130600000,2019,0.6906769078218689,1574131500000,1574141400000,1470.115,1468.1169821428573,1470.8110357142857,1470.8110357142857,0.348363109867833,0.348363109867833,TARGET
scalper_filtered,1574150400000,2019,0.693376035052319,1574151300000,1574152200000,1470.438,1467.9583214285715,1470.648357142857,1467.9583214285715,0.08483242355713817,-1.0,STOP
scalper_filtered,1574194500000,2019,0.7044400625807558,1574195400000,1574204400000,1472.395,1470.79225,1473.3594999999998,1473.3594999999998,0.6017781937294073,0.6017781937294073,TARGET
scalper_filtered,1574233200000,2019,0.6866688608008089,1574234100000,1574235000000,1473.458,1471.9733392857142,1474.0483214285714,1474.0483214285714,0.3976136924019543,0.3976136924019543,TARGET
scalper_filtered,1574263800000,2019,0.8127382497378244,1574264700000,1574264700000,1468.975,1464.2062142857142,1469.1015714285713,1469.1015714285713,0.026541647319622014,0.026541647319622014,TARGET
scalper_filtered,1574302500000,2019,0.6999049551493426,1574303400000,1574314200000,1472.225,1469.7475535714284,1473.2798928571428,1469.7475535714284,0.42579845318842263,-1.0,STOP
scalper_filtered,1574319600000,2019,0.7726640639790319,1574320500000,1574320500000,1470.035,1467.9964464285715,1470.3321071428572,1470.3321071428572,0.1457440937639685,0.1457440937639685,TARGET
scalper_filtered,1574330400000,2019,0.6572651855437709,1574331300000,1574337600000,1469.255,1466.4540357142857,1470.1469285714284,1470.1469285714284,0.31843625282097104,0.31843625282097104,TARGET
scalper_filtered,1574341200000,2019,0.8274112182950121,1574342100000,1574342100000,1467.555,1464.6126428571429,1467.8687142857143,1467.8687142857143,0.10662005680575097,0.10662005680575097,TARGET
scalper_filtered,1574361000000,2019,0.7206319785912925,1574361900000,1574362800000,1464.065,1460.8677321428572,1465.0895357142858,1465.0895357142858,0.3204410015247609,0.3204410015247609,TARGET
scalper_filtered,1574388000000,2019,0.6734215003623729,1574388900000,1574391600000,1464.135,1462.76175,1464.8114999999998,1464.8114999999998,0.49262697979228615,0.49262697979228615,TARGET
scalper_filtered,1574411400000,2019,0.7070489158379688,1574412300000,1574412300000,1466.168,1463.5295535714286,1466.4948928571428,1466.4948928571428,0.12389596150332714,0.12389596150332714,TARGET
scalper_filtered,1574431200000,2019,0.677662709347546,1574432100000,1574433900000,1468.668,1466.7267678571427,1469.6914642857141,1466.7267678571427,0.5272240568857713,-1.0,STOP
scalper_filtered,1574434800000,2019,0.7267140986478677,1574435700000,1574435700000,1465.755,1462.7433392857142,1466.5373214285714,1466.5373214285714,0.25976413108567065,0.25976413108567065,TARGET
scalper_filtered,1574437500000,2019,0.7331951422439249,1574438400000,1574438400000,1464.665,1459.5982321428573,1464.6885357142858,1464.6885357142858,0.004645113995625626,0.004645113995625626,TARGET
scalper_filtered,1574659800000,2019,0.6910663773799849,1574660700000,1574660700000,1460.815,1459.9991071428572,1461.1867857142856,1459.9991071428572,0.4556795797765676,-1.0,STOP
scalper_filtered,1574661600000,2019,0.6992286856126416,1574662500000,1574662500000,1458.415,1457.0728035714285,1458.7083928571428,1458.7083928571428,0.2185915942684538,0.2185915942684538,TARGET
scalper_filtered,1574668800000,2019,0.671538504775846,1574669700000,1574669700000,1457.405,1455.5826607142856,1458.0796785714285,1458.0796785714285,0.37022665138016037,0.37022665138016037,TARGET
scalper_filtered,1574686800000,2019,0.7879661179866289,1574687700000,1574687700000,1456.585,1454.1786964285714,1456.786607142857,1456.786607142857,0.08378292134492804,0.08378292134492804,TARGET
scalper_filtered,1574689500000,2019,0.7820497138840339,1574690400000,1574690400000,1455.985,1452.9751607142855,1456.0346785714285,1456.0346785714285,0.016505390059976695,0.016505390059976695,TARGET
scalper_filtered,1574730000000,2019,0.6996183529893152,1574730900000,1574731800000,1453.285,1452.2579642857143,1453.6590714285715,1453.6590714285715,0.36422436276375003,0.36422436276375003,TARGET
scalper_filtered,1574775000000,2019,0.7808016192019033,1574775900000,1574775900000,1455.065,1452.8132142857144,1455.1885714285713,1455.1885714285713,0.054877081681134476,0.054877081681134476,TARGET
scalper_filtered,1574860500000,2019,0.7284878774440811,1574861400000,1574861400000,1456.468,1454.4889642857142,1456.9250714285713,1454.4889642857142,0.23095663472458772,-1.0,STOP
scalper_filtered,1574863200000,2019,0.791754058579608,1574864100000,1574866800000,1454.775,1452.0638571428572,1455.0672857142858,1455.0672857142858,0.10780904204869957,0.10780904204869957,TARGET
scalper_filtered,1574942400000,2019,0.7932821838707484,1574943300000,1574943300000,1456.025,1454.692125,1456.11075,1456.11075,0.064334615023883,0.064334615023883,TARGET
scalper_filtered,1575014400000,2019,0.6804254068238696,1575015300000,1575015300000,1457.635,1456.3526607142858,1458.0396785714286,1458.0396785714286,0.3155783932823872,0.3155783932823872,TARGET
scalper_filtered,1575254700000,2019,0.6624671515423894,1575255600000,1575270900000,1459.595,1458.6825535714286,1460.4598928571431,1458.945,0.9478834373840411,-0.7123705892714636,16BAR_TIMEOUT
scalper_filtered,1575276300000,2019,0.7351793890456485,1575277200000,1575277200000,1455.385,1453.014625,1455.62575,1455.62575,0.10156620787847402,0.10156620787847402,TARGET
scalper_filtered,1575351000000,2019,0.703823642582726,1575351900000,1575351900000,1460.988,1459.9156964285714,1461.1736071428572,1461.1736071428572,0.17309197488720185,0.17309197488720185,TARGET
scalper_filtered,1575354600000,2019,0.8560979891736099,1575355500000,1575355500000,1460.605,1459.3440892857143,1460.6158214285715,1460.6158214285715,0.008582232230153919,0.008582232230153919,TARGET
scalper_filtered,1575414000000,2019,0.7137419133732293,1575414900000,1575415800000,1476.685,1475.0733571428573,1477.1272857142858,1477.1272857142858,0.2744315915437906,0.2744315915437906,TARGET
scalper_filtered,1575529200000,2019,0.8529546304867311,1575530100000,1575530100000,1475.885,1474.1890535714285,1476.0968928571428,1476.0968928571428,0.12494077264064275,0.12494077264064275,TARGET
scalper_filtered,1575532800000,2019,0.6864880024399928,1575533700000,1575533700000,1475.048,1472.8709999999999,1475.3729999999998,1475.3729999999998,0.14928801102425265,0.14928801102425265,TARGET
scalper_filtered,1575575100000,2019,0.7009186968488695,1575576000000,1575597600000,1476.228,1474.221267857143,1476.8214642857142,1476.045,0.295736672094766,-0.0911930377212394,16BAR_TIMEOUT
scalper_filtered,1575603000000,2019,0.6654231843405707,1575603900000,1575612000000,1475.455,1474.3967499999999,1475.9515,1474.3967499999999,0.4691708008504121,-1.0,STOP
scalper_filtered,1575613800000,2019,0.8512666151985552,1575614700000,1575614700000,1472.505,1470.816125,1472.52275,1472.52275,0.010509954851589145,0.010509954851589145,TARGET
scalper_filtered,1575904500000,2019,0.6933601514384198,1575905400000,1575912600000,1462.628,1459.8900535714286,1463.093892857143,1459.8900535714286,0.1701614218164547,-1.0,STOP
scalper_filtered,1576019700000,2019,0.8445176024157304,1576020600000,1576020600000,1464.158,1462.7326607142859,1464.2486785714286,1464.2486785714286,0.06361893784699849,0.06361893784699849,TARGET
scalper_filtered,1576038600000,2019,0.6768884703766067,1576039500000,1576039500000,1463.245,1462.6541071428571,1463.5267857142856,1463.5267857142856,0.476881233000893,0.476881233000893,TARGET
scalper_filtered,1576044000000,2019,0.7393159635895061,1576044900000,1576044900000,1463.355,1462.5250535714285,1463.4248928571428,1463.4248928571428,0.08421369709742052,0.08421369709742052,TARGET
scalper_filtered,1576052100000,2019,0.8507974541592341,1576053000000,1576053000000,1463.845,1461.9314642857141,1463.9310714285714,1463.9310714285714,0.04498030944955678,0.04498030944955678,TARGET
scalper_filtered,1576135800000,2019,0.6643807514333908,1576136700000,1576136700000,1473.185,1472.2866964285713,1473.571607142857,1473.571607142857,0.43037471424289536,0.43037471424289536,TARGET
scalper_filtered,1576138500000,2019,0.7484288446478733,1576139400000,1576139400000,1473.415,1472.1536428571428,1473.7177142857142,1472.1536428571428,0.2399909394642847,-1.0,STOP
scalper_filtered,1576191600000,2019,0.8311231337113135,1576192500000,1576192500000,1464.268,1460.1744107142856,1464.5951785714285,1464.5951785714285,0.07992462081387744,0.07992462081387744,TARGET
scalper_filtered,1576219500000,2019,0.8521451173483958,1576220400000,1576220400000,1466.945,1465.5469285714287,1467.0711428571428,1467.0711428571428,0.09022633219234397,0.09022633219234397,TARGET
scalper_filtered,1576240200000,2019,0.7771094121035572,1576241100000,1576241100000,1471.515,1468.9711785714285,1472.081642857143,1472.081642857143,0.22275260785934956,0.22275260785934956,TARGET
scalper_filtered,1576546200000,2019,0.7467946736263239,1576547100000,1576548000000,1475.045,1473.8218571428572,1475.3402857142855,1475.3402857142855,0.24141555711260898,0.24141555711260898,TARGET
scalper_filtered,1576568700000,2019,0.6745157748204157,1576569600000,1576569600000,1476.485,1475.3635892857142,1477.0178214285716,1477.0178214285716,0.47513495437844633,0.47513495437844633,TARGET
scalper_filtered,1576590300000,2019,0.8134164449855452,1576591200000,1576591200000,1476.205,1473.995,1476.245,1476.245,0.018099547511295458,0.018099547511295458,TARGET
scalper_filtered,1576674000000,2019,0.7119523056712507,1576674900000,1576674900000,1473.875,1471.890375,1474.4542499999998,1471.890375,0.29186874094590143,-1.0,STOP
scalper_filtered,1576676700000,2019,0.6897701633139863,1576677600000,1576677600000,1472.305,1469.2662321428572,1472.6825357142857,1472.6825357142857,0.12423973532502341,0.12423973532502341,TARGET
scalper_filtered,1576738800000,2019,0.8253107549207176,1576739700000,1576739700000,1476.415,1475.3555357142857,1476.4339285714284,1476.4339285714284,0.017866172256737166,0.017866172256737166,TARGET
scalper_filtered,1576744200000,2019,0.6724424394878216,1576745100000,1576746000000,1475.618,1474.300857142857,1475.9722857142856,1474.300857142857,0.26898047722336593,-1.0,STOP
scalper_filtered,1576796400000,2019,0.6654998797414589,1576798200000,1576801800000,1478.785,1477.7946964285713,1479.304607142857,1479.304607142857,0.5246948085902182,0.5246948085902182,TARGET
scalper_filtered,1576859400000,2019,0.6689103136955246,1576860300000,1576861200000,1476.885,1474.640375,1478.02325,1478.02325,0.5071002951495014,0.5071002951495014,TARGET
scalper_filtered,1577408400000,2019,0.6976844740440179,1577409300000,1577411100000,1509.865,1508.4628928571428,1510.3982142857142,1510.3982142857142,0.3802949642119336,0.3802949642119336,TARGET
scalper_filtered,1577425500000,2019,0.6851722768769711,1577426400000,1577427300000,1510.338,1508.9241785714285,1511.0356428571429,1508.9241785714285,0.4934448177432074,-1.0,STOP
scalper_filtered,1577475900000,2019,0.688833954587891,1577476800000,1577478600000,1512.438,1510.6660714285715,1512.8228571428572,1510.6660714285715,0.21719675897927834,-1.0,STOP
scalper_filtered,1577479500000,2019,0.6872724996494244,1577480400000,1577660400000,1510.745,1509.357892857143,1511.3292142857144,1511.458,0.421174592549008,0.5140194134763932,TARGET_GAP
scalper_filtered,1577689200000,2019,0.7085690260205486,1577690100000,1577691000000,1513.485,1512.2955178571428,1513.8539642857143,1513.8539642857143,0.3101890078216113,0.3101890078216113,TARGET
scalper_filtered,1577701800000,2019,0.6937018384506659,1577702700000,1577709000000,1511.995,1510.6469464285713,1512.411107142857,1512.411107142857,0.3086725569934817,0.3086725569934817,TARGET
scalper_filtered,1577802600000,2019,0.7995747188094321,1577803500000,1577803500000,1519.185,1515.0916607142858,1519.3616785714287,1519.3616785714287,0.04316245468469983,0.04316245468469983,TARGET
scalper_filtered,1577985300000,2020,0.7531096732215822,1577986200000,1577988000000,1525.045,1521.1588035714285,1525.8273928571427,1525.8273928571427,0.20132612221823507,0.20132612221823507,TARGET
scalper_filtered,1578289500000,2020,0.787620377200057,1578290400000,1578290400000,1574.905,1572.3668214285713,1575.601357142857,1575.601357142857,0.2743530934725066,0.2743530934725066,TARGET
scalper_filtered,1578294000000,2020,0.7689652967981873,1578294900000,1578294900000,1574.745,1571.7967857142858,1575.9014285714286,1571.7967857142858,0.3922471229558505,-1.0,STOP
scalper_filtered,1578295800000,2020,0.7303012880785742,1578296700000,1578296700000,1572.505,1568.5732142857144,1573.2885714285715,1573.2885714285715,0.19929148878188366,0.19929148878188366,TARGET
scalper_filtered,1578318300000,2020,0.7789298418554023,1578319200000,1578319200000,1574.195,1569.9840535714284,1574.1958928571428,1574.1958928571428,0.00021203241551259194,0.00021203241551259194,TARGET
scalper_filtered,1578355200000,2020,0.6924303671027561,1578356100000,1578356100000,1563.515,1561.6294642857144,1564.2860714285716,1564.2860714285716,0.40894024055315065,0.40894024055315065,TARGET
scalper_filtered,1578466800000,2020,0.8039333211922591,1578467700000,1578467700000,1590.305,1585.7672142857143,1590.8695714285716,1590.8695714285716,0.12441562121238024,0.12441562121238024,TARGET
scalper_filtered,1578468600000,2020,0.6892922268047399,1578469500000,1578469500000,1587.915,1584.0147321428572,1589.4155357142859,1589.4155357142859,0.3847263237415508,0.3847263237415508,TARGET
scalper_filtered,1578501900000,2020,0.7152988292973328,1578502800000,1578502800000,1558.818,1548.5980357142857,1560.5079285714285,1560.5079285714285,0.16535562397128062,0.16535562397128062,TARGET
scalper_filtered,1578630600000,2020,0.7713923877491217,1578631500000,1578631500000,1546.845,1544.8728392857142,1547.2493214285714,1547.2493214285714,0.20501444210028083,0.20501444210028083,TARGET
scalper_filtered,1578662100000,2020,0.7316713428913275,1578663000000,1578663000000,1548.458,1546.3343392857141,1548.9763214285713,1548.9763214285713,0.24406979188550543,0.24406979188550543,TARGET
scalper_filtered,1578663900000,2020,0.73961524260519,1578664800000,1578664800000,1548.635,1545.1605357142857,1549.9829285714286,1549.9829285714286,0.38795292182763536,0.38795292182763536,TARGET
scalper_filtered,1578899700000,2020,0.7296499437195517,1578900600000,1578900600000,1553.098,1551.1072321428571,1553.4795357142857,1553.4795357142857,0.19165253895214623,0.19165253895214623,TARGET
scalper_filtered,1578926700000,2020,0.8085445263731305,1578927600000,1578928500000,1551.075,1547.141482142857,1551.4510357142858,1551.4510357142858,0.09559781547779396,0.09559781547779396,TARGET
scalper_filtered,1578960000000,2020,0.719387540770451,1578960900000,1578960900000,1542.925,1540.8176428571428,1543.3897142857143,1543.3897142857143,0.22051994712403072,0.22051994712403072,TARGET
scalper_filtered,1578964500000,2020,0.7335023978718357,1578965400000,1578967200000,1537.565,1534.5266964285713,1538.430607142857,1538.430607142857,0.2848981750858983,0.2848981750858983,TARGET
scalper_filtered,1579006800000,2020,0.7399866730965807,1579007700000,1579008600000,1543.228,1540.9299464285716,1544.0441071428572,1544.0441071428572,0.3551297293517299,0.3551297293517299,TARGET
scalper_filtered,1579094100000,2020,0.8157642132521111,1579095000000,1579095000000,1548.605,1545.9869285714285,1548.6901428571427,1548.6901428571427,0.03252121245186344,0.03252121245186344,TARGET
scalper_filtered,1579143600000,2020,0.686476807109635,1579144500000,1579152600000,1556.068,1554.5564107142857,1556.8621785714286,1554.415,0.5253930938345344,-1.0935510165506948,STOP_GAP
scalper_filtered,1579187700000,2020,0.6755375861172063,1579188600000,1579189500000,1551.358,1548.1094999999998,1552.7849999999999,1548.1094999999998,0.43927966753881537,-1.0,STOP
scalper_filtered,1579269600000,2020,0.7009278612402963,1579270500000,1579270500000,1555.905,1553.1058214285713,1556.862357142857,1556.862357142857,0.34201360092880173,0.34201360092880173,TARGET
scalper_filtered,1579591800000,2020,0.6977959118746068,1579592700000,1579592700000,1562.465,1560.3570714285713,1562.990857142857,1560.3570714285713,0.2494663007014325,-1.0,STOP
scalper_filtered,1579595400000,2020,0.7263793125249357,1579596300000,1579596300000,1557.295,1553.8504464285716,1558.184107142857,1553.8504464285716,0.2581197024287536,-1.0,STOP
scalper_filtered,1579604400000,2020,0.8225438571960518,1579605300000,1579605300000,1554.345,1550.0798928571428,1555.1742142857142,1555.1742142857142,0.19441816065579948,0.19441816065579948,TARGET
scalper_filtered,1579614300000,2020,0.7321498145007459,1579615200000,1579616100000,1553.235,1549.0699285714286,1553.924142857143,1549.0699285714286,0.1654576323507097,-1.0,STOP
scalper_filtered,1579617000000,2020,0.7502817206732968,1579617900000,1579617900000,1549.838,1544.3129107142859,1550.0881785714287,1550.0881785714287,0.045280457652616984,0.045280457652616984,TARGET
scalper_filtered,1579650300000,2020,0.7802941347612169,1579651200000,1579651200000,1556.545,1554.8078035714286,1557.028392857143,1557.028392857143,0.27826033325455624,0.27826033325455624,TARGET
scalper_filtered,1579694400000,2020,0.7041288662925927,1579695300000,1579698900000,1555.988,1554.381607142857,1556.5007857142857,1556.5007857142857,0.319215633962458,0.319215633962458,TARGET
scalper_filtered,1579699800000,2020,0.8417514857481148,1579700700000,1579700700000,1556.188,1553.6805535714286,1556.213892857143,1556.213892857143,0.010326384981906276,0.010326384981906276,TARGET
scalper_filtered,1579855500000,2020,0.7039476804773933,1579856400000,1579856400000,1558.415,1556.8321250000001,1558.9707500000002,1558.9707500000002,0.3511016346838985,0.3511016346838985,TARGET
scalper_filtered,1579896000000,2020,0.8099462731076865,1579896900000,1580079600000,1572.408,1567.8482142857144,1572.7075714285716,1579.248,0.06569857606095811,1.5000704920345178,TARGET_GAP
scalper_filtered,1580098500000,2020,0.7926082992002388,1580099400000,1580103900000,1579.265,1576.8128035714285,1580.0683928571427,1580.0683928571427,0.3276217385287531,0.3276217385287531,TARGET
scalper_filtered,1580108400000,2020,0.8085361931770069,1580109300000,1580109300000,1578.915,1576.9964107142857,1579.3921785714285,1579.3921785714285,0.24871324727059949,0.24871324727059949,TARGET
scalper_filtered,1580110200000,2020,0.7811666256175199,1580111100000,1580112000000,1578.468,1575.8144464285715,1578.6361071428573,1578.6361071428573,0.06335170492403122,0.06335170492403122,TARGET
scalper_filtered,1580127300000,2020,0.8017691667799784,1580128200000,1580128200000,1582.115,1578.8952321428571,1582.8335357142857,1582.8335357142857,0.22316382614097643,0.22316382614097643,TARGET
scalper_filtered,1580148000000,2020,0.73511604012372,1580148900000,1580154300000,1579.535,1575.6280892857142,1580.7878214285713,1580.7878214285713,0.32066804700455215,0.32066804700455215,TARGET
scalper_filtered,1580173200000,2020,0.7012162213068517,1580174100000,1580174100000,1580.895,1579.067142857143,1581.7697142857144,1581.7697142857144,0.47854630715131075,0.47854630715131075,TARGET
scalper_filtered,1580190300000,2020,0.7420735625671765,1580191200000,1580191200000,1579.125,1577.6215535714286,1579.4708928571429,1579.4708928571429,0.23006663261793495,0.23006663261793495,TARGET
scalper_filtered,1580192100000,2020,0.7809211094701494,1580193000000,1580194800000,1579.005,1577.3594285714287,1579.365142857143,1579.365142857143,0.21885580345513755,0.21885580345513755,TARGET
scalper_filtered,1580215500000,2020,0.7997627970593775,1580216400000,1580216400000,1573.995,1570.3553749999999,1574.05325,1574.05325,0.01600439605729801,0.01600439605729801,TARGET
scalper_filtered,1580231700000,2020,0.7014265636049286,1580232600000,1580234400000,1569.325,1565.1669285714286,1570.750142857143,1570.750142857143,0.34274131207805825,0.34274131207805825,TARGET
scalper_filtered,1580247900000,2020,0.7146289391079246,1580252400000,1580252400000,1566.758,1564.4456785714285,1567.2726428571427,1567.2726428571427,0.22256544906934472,0.22256544906934472,TARGET
scalper_filtered,1580260500000,2020,0.7909539139025352,1580261400000,1580263200000,1566.275,1563.1257500000002,1566.5435,1566.5435,0.08525839485588914,0.08525839485588914,TARGET
scalper_filtered,1580391000000,2020,0.7189470915620501,1580391900000,1580391900000,1578.705,1575.5995714285714,1579.0748571428571,1579.0748571428571,0.1191001932100661,0.1191001932100661,TARGET
scalper_filtered,1580413500000,2020,0.7660656176695392,1580414400000,1580418000000,1579.715,1575.078267857143,1580.9274642857142,1575.078267857143,0.26149112097884186,-1.0,STOP
scalper_filtered,1580690700000,2020,0.6618084298706977,1580691600000,1580695200000,1586.238,1581.9099642857143,1588.0450714285714,1581.9099642857143,0.41752692164869903,-1.0,STOP
scalper_filtered,1580706900000,2020,0.7600501349874127,1580707800000,1580713200000,1580.455,1578.1978214285714,1581.504357142857,1578.1978214285714,0.46489770731477237,-1.0,STOP
scalper_filtered,1580719500000,2020,0.7843790491573134,1580720400000,1580720400000,1575.605,1571.6854285714287,1576.2831428571428,1576.2831428571428,0.1730145424062307,0.1730145424062307,TARGET
scalper_filtered,1580808600000,2020,0.7663612366881645,1580809500000,1580809500000,1567.335,1563.9326607142857,1568.3196785714285,1568.3196785714285,0.28941222163320096,0.28941222163320096,TARGET
scalper_filtered,1580824800000,2020,0.6769961765671053,1580825700000,1580825700000,1560.165,1556.5863571428572,1561.3222857142857,1561.3222857142857,0.32338675874735207,0.32338675874735207,TARGET
scalper_filtered,1580908500000,2020,0.8339260962499765,1580909400000,1580909400000,1552.428,1547.9825,1552.64,1552.64,0.0476886739399364,0.0476886739399364,TARGET
scalper_filtered,1580958000000,2020,0.7223812195936937,1580958900000,1580962500000,1554.995,1552.90375,1555.8174999999999,1552.90375,0.39330543933054984,-1.0,STOP
scalper_filtered,1580998500000,2020,0.7462972702786651,1580999400000,1580999400000,1564.485,1560.3123214285715,1564.7303571428572,1564.7303571428572,0.05880087302610311,0.05880087302610311,TARGET
scalper_filtered,1581034500000,2020,0.6601751657232171,1581035400000,1581035400000,1565.365,1564.2418392857144,1565.8713214285715,1565.8713214285715,0.45080051512798824,0.45080051512798824,TARGET
scalper_filtered,1581051600000,2020,0.8268992523559553,1581052500000,1581052500000,1566.068,1564.156642857143,1566.0717142857143,1566.0717142857143,0.0019432714227040663,0.0019432714227040663,TARGET
scalper_filtered,1581080400000,2020,0.6579409914355807,1581081300000,1581082200000,1565.825,1563.5184285714286,1566.748142857143,1563.5184285714286,0.400222965440374,-1.0,STOP_BOTH
scalper_filtered,1581380100000,2020,0.6834030794289304,1581381000000,1581386400000,1571.175,1569.779517857143,1571.9049642857144,1569.779517857143,0.5230910975471224,-1.0,STOP
scalper_filtered,1581389100000,2020,0.6609507880782433,1581390000000,1581390900000,1567.685,1565.9648928571428,1568.584214285714,1568.584214285714,0.5227664389675892,0.5227664389675892,TARGET
scalper_filtered,1581404400000,2020,0.7073540241602154,1581405300000,1581405300000,1567.045,1565.7327857142857,1567.3984285714287,1567.3984285714287,0.2693375428664704,0.2693375428664704,TARGET
scalper_filtered,1581436800000,2020,0.7486525052078644,1581437700000,1581438600000,1564.355,1560.1345357142857,1565.5059285714285,1565.5059285714285,0.27270188621764196,0.27270188621764196,TARGET
scalper_filtered,1581463800000,2020,0.6663554200804636,1581464700000,1581464700000,1566.565,1565.0900714285715,1567.2648571428572,1567.2648571428572,0.47450239721051035,0.47450239721051035,TARGET
scalper_filtered,1581537600000,2020,0.6779600397209555,1581538500000,1581540300000,1565.708,1564.16425,1566.4254999999998,1566.4254999999998,0.464777327935044,0.464777327935044,TARGET
scalper_filtered,1581579000000,2020,0.8040496026571752,1581579900000,1581579900000,1573.565,1571.2690714285716,1574.0558571428571,1574.0558571428571,0.21379460535728523,0.21379460535728523,TARGET
scalper_filtered,1581686100000,2020,0.7178190024416885,1581687000000,1581687000000,1575.778,1574.201375,1576.0722500000002,1576.0722500000002,0.1866328391343293,0.1866328391343293,TARGET
scalper_filtered,1581894900000,2020,0.7583345843391489,1581895800000,1581895800000,1581.675,1579.5229821428572,1581.9290357142859,1581.9290357142859,0.1180453561027645,0.1180453561027645,TARGET
scalper_filtered,1581923700000,2020,0.7128373507355905,1581924600000,1581924600000,1582.105,1581.2183928571428,1582.4472142857142,1581.2183928571428,0.3859818731115873,-1.0,STOP
scalper_filtered,1582114500000,2020,0.7094091796283302,1582115400000,1582118100000,1608.438,1606.4296607142855,1609.4756785714285,1606.4296607142855,0.5166848942354813,-1.0,STOP
scalper_filtered,1582182900000,2020,0.7488715531596175,1582183800000,1582183800000,1605.305,1602.8228571428572,1605.709285714286,1605.709285714286,0.16287769784177264,0.16287769784177264,TARGET
scalper_filtered,1582545600000,2020,0.6632563279997796,1582546500000,1582549200000,1680.485,1675.374125,1683.41675,1675.374125,0.5736297600704925,-1.0,STOP
scalper_filtered,1582609500000,2020,0.8036531412790184,1582610400000,1582610400000,1649.085,1643.969125,1649.5367500000002,1649.5367500000002,0.08830356488385235,0.08830356488385235,TARGET
scalper_filtered,1582663500000,2020,0.6852241670902713,1582664400000,1582664400000,1629.525,1621.006357142857,1632.6812857142857,1632.6812857142857,0.3705150887548891,0.3705150887548891,TARGET
scalper_filtered,1582718400000,2020,0.6772925365641301,1582719300000,1582720200000,1644.415,1639.196732142857,1645.8305357142856,1645.8305357142856,0.27126543769652806,0.27126543769652806,TARGET
scalper_filtered,1582722900000,2020,0.6671523297635757,1582723800000,1582723800000,1641.685,1637.2629821428573,1643.4580357142856,1637.2629821428573,0.40095625381109457,-1.0,STOP
scalper_filtered,1582819200000,2020,0.7339256899408239,1582820100000,1582820100000,1647.445,1638.5455,1648.963,1648.963,0.17057138041463352,0.17057138041463352,TARGET
scalper_filtered,1582835400000,2020,0.7974727591608092,1582836300000,1582839900000,1641.085,1633.468625,1642.31675,1642.31675,0.16172391721782475,0.16172391721782475,TARGET
scalper_filtered,1582862400000,2020,0.6741326279835905,1582863300000,1582866000000,1637.725,1632.1300178571428,1639.9749642857141,1639.9749642857141,0.40213967234670145,0.40213967234670145,TARGET
scalper_filtered,1582875000000,2020,0.757341149324888,1582875900000,1582876800000,1627.098,1617.5783928571427,1628.2482142857143,1628.2482142857143,0.12082581439060594,0.12082581439060594,TARGET
scalper_filtered,1583132400000,2020,0.6887752514978169,1583133300000,1583133300000,1600.048,1595.5480535714285,1601.748892857143,1601.748892857143,0.3779806902463097,0.3779806902463097,TARGET
scalper_filtered,1583156700000,2020,0.6656703607312453,1583157600000,1583159400000,1595.695,1589.3077321428573,1598.3895357142858,1598.3895357142858,0.42186045341321365,0.42186045341321365,TARGET
scalper_filtered,1583388000000,2020,0.7716460628066591,1583388900000,1583388900000,1638.788,1636.7781071428572,1639.2977857142857,1639.2977857142857,0.25363825363825954,0.25363825363825954,TARGET
scalper_filtered,1583459100000,2020,0.7686742879960232,1583460000000,1583460000000,1670.578,1665.4657142857143,1671.5625714285716,1671.5625714285716,0.19258928072433976,0.19258928072433976,TARGET
scalper_filtered,1583478900000,2020,0.7760248529623687,1583479800000,1583481600000,1672.245,1664.9104464285715,1673.483107142857,1673.483107142857,0.16880470376277723,0.16880470376277723,TARGET
scalper_filtered,1583500500000,2020,0.8112132578061612,1583501400000,1583501400000,1679.968,1672.0165714285715,1681.5308571428573,1672.0165714285715,0.19655048508804007,-1.0,STOP_BOTH
scalper_filtered,1583502300000,2020,0.699630487956514,1583503200000,1583503200000,1673.505,1664.7102857142856,1676.1094285714285,1676.1094285714285,0.2961356659031892,0.2961356659031892,TARGET
scalper_filtered,1583507700000,2020,0.7012911441401026,1583508600000,1583508600000,1649.948,1635.3620357142856,1655.6599285714285,1655.6599285714285,0.39160445340063665,0.39160445340063665,TARGET
scalper_filtered,1583725500000,2020,0.7955681043220766,1583726400000,1583727300000,1681.345,1670.052625,1682.78875,1670.052625,0.12785175837677282,-1.0,STOP
scalper_filtered,1583729100000,2020,0.6759436670965667,1583730000000,1583730000000,1662.465,1652.16225,1667.5995,1667.5995,0.4983620877921137,0.4983620877921137,TARGET
scalper_filtered,1583761500000,2020,0.729500967190247,1583762400000,1583762400000,1671.688,1661.5881785714287,1674.7876428571428,1674.7876428571428,0.3069007584999604,0.3069007584999604,TARGET
scalper_filtered,1583797500000,2020,0.6618641667318639,1583798400000,1583798400000,1666.415,1659.09625,1669.5025,1669.5025,0.42186165670368975,0.42186165670368975,TARGET
scalper_filtered,1583802000000,2020,0.7921204327141287,1583802900000,1583802900000,1668.468,1657.9387857142856,1668.5774285714285,1668.5774285714285,0.010392852539521361,0.010392852539521361,TARGET
scalper_filtered,1583933400000,2020,0.7524393307376436,1583934300000,1583937000000,1662.418,1656.020607142857,1663.4137857142857,1656.020607142857,0.15565492639302306,-1.0,STOP
scalper_filtered,1583941500000,2020,0.6916565994667798,1583942400000,1583947800000,1649.685,1640.3117857142856,1651.7514285714287,1640.3117857142856,0.22046104019815538,-1.0,STOP
scalper_filtered,1584007200000,2020,0.7158947656459649,1584008100000,1584008100000,1636.925,1629.5138214285714,1638.0673571428572,1638.0673571428572,0.1541397406427682,0.1541397406427682,TARGET
scalper_filtered,1584016200000,2020,0.6812876241805086,1584017100000,1584019800000,1612.738,1601.043767857143,1615.9964642857142,1601.043767857143,0.27863858403943254,-1.0,STOP
scalper_filtered,1584020700000,2020,0.7736322949748549,1584021600000,1584022500000,1597.015,1579.4359642857144,1598.8730714285714,1579.4359642857144,0.10569814287716117,-1.0,STOP
scalper_filtered,1584107100000,2020,0.6624076101806561,1584108000000,1584108900000,1574.728,1560.6276964285714,1577.8696071428571,1577.8696071428571,0.2228042202738743,0.2228042202738743,TARGET
scalper_filtered,1584114300000,2020,0.6985552036994699,1584115200000,1584117000000,1534.598,1512.855017857143,1539.5549642857143,1512.855017857143,0.22797996397852774,-1.0,STOP
scalper_filtered,1584342000000,2020,0.7198575746859782,1584342900000,1584347400000,1537.095,1527.992875,1540.2182500000001,1540.2182500000001,0.3431341582322874,0.3431341582322874,TARGET
scalper_filtered,1584356400000,2020,0.8182614007702306,1584357300000,1584357300000,1479.785,1456.6837857142857,1481.5874285714285,1481.5874285714285,0.07802310948403456,0.07802310948403456,TARGET
scalper_filtered,1584363600000,2020,0.7042618026917381,1584364500000,1584366300000,1465.025,1440.8091964285713,1471.825607142857,1471.825607142857,0.28083342858300697,0.28083342858300697,TARGET
scalper_filtered,1584406800000,2020,0.7732878695558802,1584407700000,1584408600000,1505.368,1487.023232142857,1508.3675357142856,1508.3675357142856,0.1635090581491202,0.1635090581491202,TARGET
scalper_filtered,1584471600000,2020,0.8158913778574999,1584472500000,1584472500000,1531.488,1514.1885178571429,1532.9369642857143,1532.9369642857143,0.08375766822086914,0.08375766822086914,TARGET
scalper_filtered,1584506700000,2020,0.684518044384643,1584507600000,1584510300000,1527.685,1522.533125,1530.1977499999998,1522.533125,0.4877350479194197,-1.0,STOP
scalper_filtered,1584516600000,2020,0.7240435712726772,1584517500000,1584518400000,1502.268,1489.999357142857,1505.3552857142856,1505.3552857142856,0.25164036073379703,0.25164036073379703,TARGET
scalper_filtered,1584524700000,2020,0.7105749861551235,1584525600000,1584525600000,1493.928,1480.6095535714285,1500.6748928571428,1500.6748928571428,0.5065825727743155,0.5065825727743155,TARGET
scalper_filtered,1584568800000,2020,0.8078739932527479,1584569700000,1584569700000,1483.728,1466.1103214285715,1486.0533571428573,1486.0533571428573,0.13198998570835405,0.13198998570835405,TARGET
scalper_filtered,1584617400000,2020,0.7837038073681514,1584618300000,1584618300000,1479.385,1466.3187678571428,1479.9664642857142,1479.9664642857142,0.04450129764701014,0.04450129764701014,TARGET
scalper_filtered,1584655200000,2020,0.742572280768554,1584656100000,1584656100000,1463.548,1449.7190357142856,1465.2559285714285,1465.2559285714285,0.12350372277646536,0.12350372277646536,TARGET
scalper_filtered,1584944100000,2020,0.7907988500083006,1584945000000,1584945900000,1492.015,1486.4700714285714,1492.703857142857,1486.4700714285714,0.12423192363674374,-1.0,STOP
scalper_filtered,1585097100000,2020,0.7108425668958717,1585098000000,1585098000000,1622.831,1609.0543392857144,1626.5463214285714,1626.5463214285714,0.26968229134938254,0.26968229134938254,TARGET
scalper_filtered,1585098900000,2020,0.6854766528092884,1585099800000,1585103400000,1618.468,1605.4927142857143,1624.9455714285716,1605.4927142857143,0.4992237990905859,-1.0,STOP
scalper_filtered,1585124100000,2020,0.7136933286764605,1585125000000,1585125000000,1600.805,1589.7929642857143,1604.4600714285714,1604.4600714285714,0.33191605289017134,0.33191605289017134,TARGET
scalper_filtered,1585182600000,2020,0.7331312313058914,1585183500000,1585183500000,1610.008,1602.3005714285716,1612.4628571428573,1602.3005714285716,0.3185053380783106,-1.0,STOP
scalper_filtered,1585184400000,2020,0.6909810063867543,1585185300000,1585185300000,1603.548,1594.2157321428572,1606.5825357142858,1606.5825357142858,0.325165946877871,0.325165946877871,TARGET
scalper_filtered,1585188900000,2020,0.76269056498951,1585189800000,1585189800000,1601.125,1591.3408392857143,1603.2213214285714,1603.2213214285714,0.2142566429341861,0.2142566429341861,TARGET
scalper_filtered,1585530000000,2020,0.6623253592831632,1585530900000,1585545300000,1620.498,1610.5734464285715,1623.8531071428572,1612.878,0.33806126580001106,-0.7677927218748744,16BAR_TIMEOUT
scalper_filtered,1585591200000,2020,0.7521364049449002,1585592100000,1585592100000,1614.865,1608.7576964285713,1616.0096071428572,1616.0096071428572,0.18741612062841634,0.18741612062841634,TARGET
scalper_filtered,1585646100000,2020,0.7293691553933915,1585647000000,1585647000000,1605.338,1598.528125,1606.85875,1606.85875,0.2233154059362547,0.2233154059362547,TARGET
scalper_filtered,1585651500000,2020,0.7948714264926507,1585652400000,1585655100000,1600.528,1591.5983214285714,1601.497357142857,1601.497357142857,0.10855453923711818,0.10855453923711818,TARGET
scalper_filtered,1585743300000,2020,0.8480138587147465,1585744200000,1585744200000,1585.015,1576.8729821428572,1585.2280357142856,1585.2280357142856,0.026164977530555227,0.026164977530555227,TARGET
scalper_filtered,1585747800000,2020,0.6838189065333562,1585748700000,1585748700000,1576.325,1568.3035892857145,1578.6878214285716,1578.6878214285716,0.29456432449762887,0.29456432449762887,TARGET
scalper_filtered,1585875600000,2020,0.6607651456821095,1585876500000,1585877400000,1611.448,1605.9385714285713,1613.076857142857,1613.076857142857,0.29564901726905807,0.29564901726905807,TARGET
scalper_filtered,1585896300000,2020,0.7247804834011216,1585897200000,1585897200000,1609.008,1604.8065714285715,1609.9108571428571,1609.9108571428571,0.21489289357360558,0.21489289357360558,TARGET
scalper_filtered,1585946700000,2020,0.8841471448240439,1586124000000,1586124000000,1615.578,1608.403982142857,1616.1560357142857,1616.1560357142857,0.08057349811448196,0.08057349811448196,TARGET
scalper_filtered,1586147400000,2020,0.7158794938424355,1586148300000,1586151900000,1617.748,1614.7112321428572,1619.0815357142856,1619.0815357142856,0.43912994901762614,0.43912994901762614,TARGET
scalper_filtered,1586246400000,2020,0.6924493345711498,1586247300000,1586247300000,1650.885,1638.4403214285715,1652.533357142857,1652.533357142857,0.13245477843369297,0.13245477843369297,TARGET
scalper_filtered,1586266200000,2020,0.713581814559122,1586267100000,1586267100000,1647.735,1638.010607142857,1650.3627857142856,1650.3627857142856,0.2702261984773132,0.2702261984773132,TARGET
scalper_filtered,1586327400000,2020,0.8277734033684412,1586328300000,1586328300000,1646.865,1641.0328571428572,1647.5282857142859,1647.5282857142859,0.1137293325168643,0.1137293325168643,TARGET
scalper_filtered,1586343600000,2020,0.7151587636077257,1586344500000,1586344500000,1646.895,1641.2619464285715,1648.2101071428572,1648.2101071428572,0.2334625662939839,0.2334625662939839,TARGET
scalper_filtered,1586377800000,2020,0.6820605341489778,1586378700000,1586394000000,1646.358,1641.7382678571428,1648.5234642857142,1648.5234642857142,0.4687423899808616,0.4687423899808616,TARGET
scalper_filtered,1586456100000,2020,0.6996027325160863,1586457000000,1586457000000,1679.338,1670.8587142857143,1682.7965714285715,1682.7965714285715,0.40788476118272926,0.40788476118272926,TARGET
scalper_filtered,1586772000000,2020,0.6752721470445279,1586772900000,1586773800000,1688.898,1684.221392857143,1691.7412142857142,1691.7412142857142,0.6079651762190613,0.6079651762190613,TARGET
scalper_filtered,1586775600000,2020,0.6790327944127197,1586776500000,1586776500000,1688.048,1683.3528035714287,1690.6583928571429,1690.6583928571429,0.5559709581601426,0.5559709581601426,TARGET
scalper_filtered,1586810700000,2020,0.7218246887100362,1586815200000,1586817900000,1709.478,1708.310232142857,1715.8035357142858,1715.8035357142858,5.416774982796355,5.416774982796355,TARGET
scalper_filtered,1586839500000,2020,0.657211859851114,1586840400000,1586844900000,1715.758,1710.8401785714286,1718.1536428571428,1710.8401785714286,0.4871349828248418,-1.0,STOP
scalper_filtered,1586890800000,2020,0.6560306894937533,1586891700000,1586891700000,1724.278,1715.691410714286,1727.6271785714287,1727.6271785714287,0.3900476033016752,0.3900476033016752,TARGET
scalper_filtered,1586936700000,2020,0.7873052870643518,1586937600000,1586937600000,1712.038,1704.3502678571429,1713.8534642857144,1713.8534642857144,0.2361508247137822,0.2361508247137822,TARGET
scalper_filtered,1586954700000,2020,0.7357087693699758,1586955600000,1586956500000,1716.368,1708.5064464285715,1718.9511071428572,1718.9511071428572,0.32857464105378725,0.32857464105378725,TARGET
scalper_filtered,1586990700000,2020,0.7044323617813318,1586991600000,1586992500000,1715.368,1710.2016250000001,1717.2317500000001,1717.2317500000001,0.3607461711548785,0.3607461711548785,TARGET
scalper_filtered,1587001500000,2020,0.828503700424822,1587002400000,1587002400000,1715.715,1709.7246249999998,1716.2147499999999,1716.2147499999999,0.08342549506499042,0.08342549506499042,TARGET
scalper_filtered,1587054600000,2020,0.7272758020679401,1587055500000,1587056400000,1714.318,1702.8514285714286,1716.7911428571429,1716.7911428571429,0.21568285450876157,0.21568285450876157,TARGET
scalper_filtered,1587074400000,2020,0.6734352790389104,1587075300000,1587075300000,1706.178,1699.3932678571427,1709.9674642857142,1709.9674642857142,0.5585282080300603,0.5585282080300603,TARGET
scalper_filtered,1587096900000,2020,0.7488592171785999,1587097800000,1587098700000,1705.278,1699.0048214285714,1706.730357142857,1706.730357142857,0.23151853981516787,0.23151853981516787,TARGET
scalper_filtered,1587103200000,2020,0.7086134708877244,1587104100000,1587104100000,1688.965,1681.7593928571428,1690.9352142857142,1690.9352142857142,0.2734279355858782,0.2734279355858782,TARGET
scalper_filtered,1587150900000,2020,0.6888234110080215,1587151800000,1587155400000,1682.718,1676.1645892857143,1685.0458214285713,1685.0458214285713,0.3552076208953093,0.3552076208953093,TARGET
scalper_filtered,1587339000000,2020,0.7292104299338146,1587339900000,1587341700000,1677.018,1671.697,1678.321,1671.697,0.2448787821837717,-1.0,STOP
scalper_filtered,1587363300000,2020,0.793620069200386,1587364200000,1587364200000,1676.478,1671.2666964285713,1676.970607142857,1676.970607142857,0.09452666422230976,0.09452666422230976,TARGET
scalper_filtered,1587490200000,2020,0.6780584979106598,1587491100000,1587493800000,1675.518,1666.4719285714284,1680.4701428571427,1680.4701428571427,0.5474357455880309,0.5474357455880309,TARGET
scalper_filtered,1587529800000,2020,0.7313955669989258,1587530700000,1587530700000,1683.028,1677.5935535714284,1684.5368928571427,1684.5368928571427,0.2776534605640137,0.2776534605640137,TARGET
scalper_filtered,1587610800000,2020,0.66680659435473,1587611700000,1587615300000,1710.1,1704.5794642857143,1712.8250714285714,1712.8250714285714,0.4936244541484877,0.4936244541484877,TARGET
scalper_filtered,1587626100000,2020,0.7829853888982576,1587627000000,1587627000000,1714.208,1707.909267857143,1714.7754642857144,1714.7754642857144,0.09009182686992738,0.09009182686992738,TARGET
scalper_filtered,1587645000000,2020,0.7914908899109255,1587645900000,1587645900000,1726.338,1719.0632678571428,1727.2074642857142,1727.2074642857142,0.11951839169335357,0.11951839169335357,TARGET
scalper_filtered,1587685500000,2020,0.8165451700036195,1587686400000,1587686400000,1728.248,1724.4847321428572,1728.8145357142857,1728.8145357142857,0.1505435530480191,0.1505435530480191,TARGET
scalper_filtered,1587704400000,2020,0.6803994846875914,1587705300000,1587705300000,1722.288,1719.374017857143,1723.5559642857143,1723.5559642857143,0.43513111047105874,0.43513111047105874,TARGET
scalper_filtered,1587963600000,2020,0.657513494817733,1587964500000,1587964500000,1721.398,1718.4629285714284,1721.9581428571428,1721.9581428571428,0.1908447105205485,0.1908447105205485,TARGET
scalper_filtered,1587988800000,2020,0.7684314112005451,1587989700000,1587989700000,1716.708,1710.110375,1717.00325,1717.00325,0.044750952047121734,0.044750952047121734,TARGET
scalper_filtered,1588145400000,2020,0.6672599525455961,1588146300000,1588146300000,1707.208,1703.8481964285716,1708.017607142857,1708.017607142857,0.24096859403978346,0.24096859403978346,TARGET
scalper_filtered,1588164300000,2020,0.7580822295230313,1588165200000,1588165200000,1705.118,1699.0779821428573,1706.128035714286,1706.128035714286,0.1672239616132237,0.1672239616132237,TARGET
scalper_filtered,1588210200000,2020,0.6780141637513273,1588211100000,1588211100000,1710.295,1707.4139285714286,1711.566142857143,1711.566142857143,0.44120490888806896,0.44120490888806896,TARGET
scalper_filtered,1588243500000,2020,0.6937276163669182,1588244400000,1588244400000,1715.388,1712.123017857143,1716.9979642857143,1712.123017857143,0.49310048731401723,-1.0,STOP
scalper_filtered,1588263300000,2020,0.7343926490865849,1588264200000,1588264200000,1687.748,1677.158,1689.758,1689.758,0.1898016997167104,0.1898016997167104,TARGET
scalper_filtered,1588272300000,2020,0.6996307726689817,1588273200000,1588274100000,1684.608,1677.3507321428572,1688.5025357142856,1688.5025357142856,0.5366393787508573,0.5366393787508573,TARGET
scalper_filtered,1588292100000,2020,0.6682008376984101,1588293000000,1588293000000,1683.848,1679.6837678571428,1685.6364642857143,1685.6364642857143,0.42948236898417314,0.42948236898417314,TARGET
scalper_filtered,1588640400000,2020,0.6867915141955764,1588641300000,1588641300000,1697.965,1695.2634107142858,1698.9371785714286,1698.9371785714286,0.3598543185559387,0.3598543185559387,TARGET
scalper_filtered,1588680000000,2020,0.7401202671475956,1588680900000,1588680900000,1698.478,1692.6324642857141,1698.6190714285715,1698.6190714285715,0.024133190774398548,0.024133190774398548,TARGET
scalper_filtered,1588722300000,2020,0.6592841170454555,1588723200000,1588725900000,1703.688,1701.3384464285716,1705.4471071428572,1701.3384464285716,0.7486984609538572,-1.0,STOP
scalper_filtered,1588752900000,2020,0.7669590622239317,1588753800000,1588753800000,1703.541,1698.5809285714286,1704.362142857143,1704.362142857143,0.1655506113103632,0.1655506113103632,TARGET
scalper_filtered,1588760100000,2020,0.7296014647675146,1588761000000,1588761900000,1701.065,1697.3372321428571,1702.8505357142856,1702.8505357142856,0.47898253934031526,0.47898253934031526,TARGET
scalper_filtered,1588767300000,2020,0.6906739772686384,1588768200000,1588768200000,1700.388,1696.4104821428573,1701.9530357142858,1696.4104821428573,0.39347044325028674,-1.0,STOP
scalper_filtered,1588939200000,2020,0.7829289575986984,1588940100000,1588940100000,1719.508,1714.00325,1719.9275,1719.9275,0.0762069122121743,0.0762069122121743,TARGET
scalper_filtered,1589286600000,2020,0.7197893426456243,1589287500000,1589289300000,1701.398,1696.7226428571428,1702.5797142857143,1702.5797142857143,0.2527538003208572,0.2527538003208572,TARGET
scalper_filtered,1589338800000,2020,0.6729113353709373,1589339700000,1589341500000,1701.638,1698.5644642857142,1703.0750714285714,1703.0750714285714,0.4675629509987413,0.4675629509987413,TARGET
scalper_filtered,1589420700000,2020,0.7533446605373237,1589421600000,1589421600000,1714.368,1710.5830535714285,1714.5878928571428,1714.5878928571428,0.05809668942286507,0.05809668942286507,TARGET
scalper_filtered,1589454900000,2020,0.721250820720205,1589455800000,1589455800000,1715.148,1711.9889107142858,1716.3061785714285,1716.3061785714285,0.3666178656823873,0.3666178656823873,TARGET
scalper_filtered,1589457600000,2020,0.7359070355944902,1589458500000,1589458500000,1713.728,1709.4453392857142,1714.4633214285714,1714.4633214285714,0.17169733435068907,0.17169733435068907,TARGET
scalper_filtered,1589484600000,2020,0.6836773177746746,1589485500000,1589485500000,1730.638,1726.7047857142857,1732.4744285714285,1732.4744285714285,0.46690275129392117,0.46690275129392117,TARGET
scalper_filtered,1589794200000,2020,0.7990969850839754,1589795100000,1589795100000,1762.078,1756.3877142857143,1762.4395714285713,1762.4395714285713,0.06354187587867265,0.06354187587867265,TARGET
scalper_filtered,1589804100000,2020,0.6879114316965431,1589805000000,1589805000000,1754.355,1748.4704285714288,1755.903142857143,1755.903142857143,0.2630850650611964,0.2630850650611964,TARGET
scalper_filtered,1589866200000,2020,0.7915117790725908,1589867100000,1589867100000,1736.828,1733.141625,1737.0217499999999,1737.0217499999999,0.05255840764976682,0.05255840764976682,TARGET
scalper_filtered,1589887800000,2020,0.6894672012178883,1589888700000,1589888700000,1733.885,1729.7612857142856,1735.3014285714285,1735.3014285714285,0.343483683225905,0.343483683225905,TARGET
scalper_filtered,1589891400000,2020,0.7699573815242373,1589892300000,1589892300000,1733.378,1729.0325714285714,1734.568857142857,1734.568857142857,0.2740482608981463,0.2740482608981463,TARGET
scalper_filtered,1589978700000,2020,0.7834568244448137,1589979600000,1589979600000,1747.428,1740.0521428571428,1747.4797142857142,1747.4797142857142,0.007011291665830246,0.007011291665830246,TARGET
scalper_filtered,1590020100000,2020,0.6730825096889549,1590021000000,1590022800000,1746.378,1744.2549285714285,1747.6241428571427,1744.2549285714285,0.586952864784823,-1.0,STOP
scalper_filtered,1590029100000,2020,0.7917411846940346,1590030000000,1590030000000,1740.158,1736.1736785714286,1740.467642857143,1740.467642857143,0.07771533062632952,0.07771533062632952,TARGET
scalper_filtered,1590042600000,2020,0.7643748187543725,1590043500000,1590048900000,1737.945,1734.138,1738.638,1734.138,0.18203309692670885,-1.0,STOP
scalper_filtered,1590069600000,2020,0.6895676031454423,1590070500000,1590071400000,1728.485,1721.578375,1729.6682500000002,1721.578375,0.17132101424361348,-1.0,STOP
scalper_filtered,1590385500000,2020,0.73735468774214,1590386400000,1590386400000,1724.858,1722.7486785714284,1725.2966428571428,1725.2966428571428,0.20795448773302805,0.20795448773302805,TARGET
scalper_filtered,1590474600000,2020,0.6674528404349307,1590475500000,1590476400000,1731.478,1728.6494107142855,1732.6561785714284,1728.6494107142855,0.41652514819970987,-1.0,STOP
scalper_filtered,1590487200000,2020,0.7251967065080517,1590488100000,1590488100000,1722.335,1718.604017857143,1723.3169642857142,1723.3169642857142,0.2631919017876131,0.2631919017876131,TARGET
scalper_filtered,1590501600000,2020,0.7450169587276726,1590502500000,1590502500000,1719.448,1711.4933214285713,1719.9973571428573,1719.9973571428573,0.06906088510355611,0.06906088510355611,TARGET
scalper_filtered,1590579900000,2020,0.7874546066613995,1590580800000,1590580800000,1700.918,1695.7570892857143,1701.1598214285714,1701.1598214285714,0.04685634802828758,0.04685634802828758,TARGET
scalper_filtered,1590669000000,2020,0.7439697162208145,1590669900000,1590669900000,1722.588,1717.5500000000002,1723.535,1723.535,0.18797141722909033,0.18797141722909033,TARGET
scalper_filtered,1590674400000,2020,0.7285705639774321,1590675300000,1590681600000,1722.448,1716.8527142857142,1724.2185714285713,1724.2185714285713,0.31643986008624814,0.31643986008624814,TARGET
scalper_filtered,1590778800000,2020,0.7627450559839827,1590779700000,1590779700000,1730.135,1725.5620892857144,1730.7308214285715,1730.7308214285715,0.1302936938414736,0.1302936938414736,TARGET
scalper_filtered,1590995700000,2020,0.7106636936716181,1590996600000,1590996600000,1740.785,1738.0817678571427,1742.0004642857143,1738.0817678571427,0.44963370568295635,-1.0,STOP
scalper_filtered,1591037100000,2020,0.8159041377752101,1591038000000,1591038000000,1737.045,1733.2051964285713,1737.563607142857,1737.563607142857,0.13506085225710238,0.13506085225710238,TARGET
scalper_filtered,1591061400000,2020,0.7317346761664802,1591062300000,1591062300000,1737.835,1735.147,1738.801,1738.801,0.35937499999994715,0.35937499999994715,TARGET
scalper_filtered,1591074000000,2020,0.6662762237093511,1591074900000,1591074900000,1736.755,1734.4235892857141,1737.6078214285715,1737.6078214285715,0.36579630665055984,0.36579630665055984,TARGET
scalper_filtered,1591078500000,2020,0.8385817784447053,1591079400000,1591079400000,1737.345,1734.370857142857,1737.4822857142858,1737.4822857142858,0.04615975791346347,0.04615975791346347,TARGET
scalper_filtered,1591101000000,2020,0.878916606767311,1591101900000,1591101900000,1740.088,1735.1333571428572,1740.3282857142858,1740.3282857142858,0.04849708066030316,0.04849708066030316,TARGET
scalper_filtered,1591110000000,2020,0.6868821202707278,1591110900000,1591110900000,1739.475,1734.471,1741.473,1734.471,0.39928057553958535,-1.0,STOP
scalper_filtered,1591115400000,2020,0.7952389459300792,1591116300000,1591119000000,1727.258,1717.9690535714285,1727.7068928571427,1727.7068928571427,0.04832548670557257,0.04832548670557257,TARGET
scalper_filtered,1591142400000,2020,0.6961034203213227,1591143300000,1591143300000,1723.268,1718.61825,1724.1284999999998,1724.1284999999998,0.1850637131028049,0.1850637131028049,TARGET
scalper_filtered,1591162200000,2020,0.6562348878185887,1591163100000,1591164000000,1724.035,1721.8619464285716,1725.1201071428573,1725.1201071428573,0.49934670600130426,0.49934670600130426,TARGET
scalper_filtered,1591173000000,2020,0.6755302608792932,1591173900000,1591173900000,1715.958,1711.2408392857144,1717.3523214285715,1717.3523214285715,0.2955848895181311,0.2955848895181311,TARGET
scalper_filtered,1591186500000,2020,0.7070752200624709,1591187400000,1591187400000,1719.028,1714.419375,1720.91625,1714.419375,0.40972090374025666,-1.0,STOP
scalper_filtered,1591194600000,2020,0.6794179768888777,1591195500000,1591198200000,1693.788,1684.9946964285714,1697.7456071428571,1697.7456071428571,0.4500705691221954,0.4500705691221954,TARGET
scalper_filtered,1591209900000,2020,0.8370513435747686,1591210800000,1591211700000,1696.965,1692.116732142857,1697.5715357142858,1697.5715357142858,0.1251035900156136,0.1251035900156136,TARGET
scalper_filtered,1591251300000,2020,0.7471195884039006,1591252200000,1591253100000,1700.788,1697.9884464285715,1701.7371071428572,1697.9884464285715,0.3390208898102632,-1.0,STOP
scalper_filtered,1591278300000,2020,0.747494765343036,1591279200000,1591282800000,1707.778,1699.1507321428574,1709.2135357142859,1709.2135357142859,0.16639517145597005,0.16639517145597005,TARGET
scalper_filtered,1591299000000,2020,0.7873975178199066,1591299900000,1591299900000,1715.628,1711.94775,1716.5085000000001,1716.5085000000001,0.2392500509476905,0.2392500509476905,TARGET
scalper_filtered,1591352100000,2020,0.6913318242818371,1591353000000,1591353000000,1705.125,1699.597392857143,1706.2802142857142,1706.2802142857142,0.2089899401058271,0.2089899401058271,TARGET
scalper_filtered,1591362900000,2020,0.767408612279348,1591363800000,1591367400000,1686.838,1675.0115,1688.381,1675.0115,0.13046970785947945,-1.0,STOP
scalper_filtered,1591368300000,2020,0.6685590590348311,1591369200000,1591369200000,1675.018,1665.6124285714284,1681.0101428571427,1681.0101428571427,0.6370844028614893,0.6370844028614893,TARGET
scalper_filtered,1591657200000,2020,0.7317905785147388,1591658100000,1591659900000,1697.745,1695.0111964285716,1698.8026071428571,1698.8026071428571,0.3868628872646781,0.3868628872646781,TARGET
scalper_filtered,1591684200000,2020,0.778856247790626,1591685100000,1591685100000,1695.178,1690.3929464285716,1695.2891071428573,1695.2891071428573,0.023219623604771023,0.023219623604771023,TARGET
scalper_filtered,1591704000000,2020,0.7157690016712717,1591704900000,1591704900000,1706.818,1702.249142857143,1708.8757142857144,1708.8757142857144,0.45037833781505215,0.45037833781505215,TARGET
scalper_filtered,1591730100000,2020,0.7447342037261149,1591731000000,1591731000000,1714.015,1710.4360357142857,1714.2729285714286,1714.2729285714286,0.07206793665362894,0.07206793665362894,TARGET
scalper_filtered,1591801200000,2020,0.7186560222667117,1591802100000,1591806600000,1717.285,1710.634982142857,1718.6840357142858,1718.6840357142858,0.21038074548670985,0.21038074548670985,TARGET
scalper_filtered,1591839900000,2020,0.7705033641998131,1591840800000,1591842600000,1732.075,1729.2929285714285,1733.328142857143,1733.328142857143,0.45043518447198716,0.45043518447198716,TARGET
scalper_filtered,1591854300000,2020,0.6987981469117975,1591855200000,1591855200000,1728.055,1725.6428035714287,1729.069392857143,1729.069392857143,0.4205266391774023,0.4205266391774023,TARGET
scalper_filtered,1591894800000,2020,0.6967604617422212,1591895700000,1591895700000,1730.915,1722.3435357142857,1733.3129285714285,1733.3129285714285,0.27975716767846914,0.27975716767846914,TARGET
scalper_filtered,1591920000000,2020,0.793759055009382,1591920900000,1591920900000,1725.065,1720.4148214285715,1725.575357142857,1725.575357142857,0.10975000960020363,0.10975000960020363,TARGET
scalper_filtered,1592172000000,2020,0.8037660894158685,1592172900000,1592172900000,1730.395,1725.81175,1730.8405,1730.8405,0.09720176730487039,0.09720176730487039,TARGET
scalper_filtered,1592189100000,2020,0.8100129938357562,1592190000000,1592190900000,1729.215,1725.139107142857,1729.4857857142856,1729.4857857142856,0.0664359255202573,0.0664359255202573,TARGET
scalper_filtered,1592201700000,2020,0.7214629945031654,1592202600000,1592202600000,1720.938,1717.6033035714286,1721.907392857143,1721.907392857143,0.2906989820233943,0.2906989820233943,TARGET
scalper_filtered,1592216100000,2020,0.7304112494090564,1592217000000,1592221500000,1711.395,1705.3058035714284,1713.1423928571428,1713.1423928571428,0.28696608454668177,0.28696608454668177,TARGET
scalper_filtered,1592287200000,2020,0.7159998327661247,1592288100000,1592288100000,1723.745,1720.0369285714285,1724.5401428571429,1724.5401428571429,0.21443569048218902,0.21443569048218902,TARGET
scalper_filtered,1592309700000,2020,0.8342225633619345,1592310600000,1592310600000,1726.488,1720.6644642857143,1727.3260714285714,1720.6644642857143,0.1439110996632909,-1.0,STOP
scalper_filtered,1592316900000,2020,0.7175248676732137,1592317800000,1592318700000,1722.208,1712.4625535714288,1724.679892857143,1724.679892857143,0.2536459335403918,0.2536459335403918,TARGET
scalper_filtered,1592344800000,2020,0.7853400360709167,1592345700000,1592345700000,1725.495,1722.2847321428571,1725.8855357142857,1725.8855357142857,0.12165206508137019,0.12165206508137019,TARGET
scalper_filtered,1592361900000,2020,0.6750840459997716,1592362800000,1592362800000,1723.955,1721.3229464285714,1724.9681071428572,1724.9681071428572,0.3849112927847545,0.3849112927847545,TARGET
scalper_filtered,1592379900000,2020,0.7096548042659919,1592380800000,1592380800000,1723.935,1720.3385178571427,1724.4979642857143,1724.4979642857143,0.15653192852142744,0.15653192852142744,TARGET
scalper_filtered,1592381700000,2020,0.7583265984513753,1592382600000,1592383500000,1723.345,1719.295607142857,1724.1327857142855,1719.295607142857,0.19454415564938343,-1.0,STOP
scalper_filtered,1592386200000,2020,0.7568725991915464,1592387100000,1592387100000,1716.218,1710.3461607142856,1716.9516785714286,1716.9516785714286,0.12494868059714834,0.12494868059714834,TARGET
scalper_filtered,1592473500000,2020,0.7866441228119406,1592474400000,1592474400000,1725.625,1718.1582500000002,1725.9275,1725.9275,0.04051294070378898,0.04051294070378898,TARGET
scalper_filtered,1592807400000,2020,0.6804491853332387,1592808300000,1592808300000,1752.038,1748.8043392857141,1752.8863214285714,1752.8863214285714,0.2623408896374278,0.2623408896374278,TARGET
scalper_filtered,1592810100000,2020,0.7423516307405473,1592811000000,1592811000000,1745.175,1740.941625,1745.91075,1745.91075,0.17379750199310212,0.17379750199310212,TARGET
scalper_filtered,1592821800000,2020,0.7075021808994751,1592822700000,1592828100000,1747.715,1742.2358035714287,1748.8123928571429,1748.8123928571429,0.200283540013388,0.200283540013388,TARGET
scalper_filtered,1592853300000,2020,0.7147275537320325,1592854200000,1592854200000,1753.998,1749.968892857143,1755.4862142857144,1755.4862142857144,0.36936577582769253,0.36936577582769253,TARGET
scalper_filtered,1592875800000,2020,0.8419778774051985,1592876700000,1592876700000,1755.358,1750.3496785714285,1755.6246428571428,1755.6246428571428,0.053239964915535856,0.053239964915535856,TARGET
scalper_filtered,1592892900000,2020,0.6769259988041572,1592893800000,1592894700000,1751.788,1748.817,1753.011,1748.817,0.41164591046784077,-1.0,STOP
scalper_filtered,1592895600000,2020,0.7919136613329911,1592896500000,1592896500000,1749.755,1745.7089642857143,1750.4670714285714,1750.4670714285714,0.17599237348724744,0.17599237348724744,TARGET
scalper_filtered,1592953200000,2020,0.6791095180580856,1592954100000,1592955000000,1767.548,1764.6488392857143,1768.9963214285715,1768.9963214285715,0.49956576102692174,0.49956576102692174,TARGET
scalper_filtered,1592972100000,2020,0.6774594011768779,1592973000000,1592974800000,1768.325,1764.9684285714286,1769.467142857143,1769.467142857143,0.34027068437184066,0.34027068437184066,TARGET
scalper_filtered,1593000000000,2020,0.6815273007650395,1593000900000,1593001800000,1773.765,1769.7320535714287,1775.869892857143,1769.7320535714287,0.5219243286324736,-1.0,STOP
scalper_filtered,1593077400000,2020,0.6833720847360673,1593078300000,1593081900000,1762.968,1758.436642857143,1764.5907142857143,1758.436642857143,0.35810778858429343,-1.0,STOP
scalper_filtered,1593180900000,2020,0.7341050233996895,1593181800000,1593181800000,1752.248,1744.588714285714,1752.9265714285714,1752.9265714285714,0.08859460971741445,0.08859460971741445,TARGET
scalper_filtered,1593412200000,2020,0.7493772174727382,1593413100000,1593413100000,1772.625,1769.0392321428571,1772.9955357142858,1772.9955357142858,0.10333510953523428,0.10333510953523428,TARGET
scalper_filtered,1593417600000,2020,0.7890146646766173,1593418500000,1593418500000,1769.235,1765.6421071428572,1769.9797857142858,1769.9797857142858,0.207294162085911,0.207294162085911,TARGET
scalper_filtered,1593433800000,2020,0.8153254436824848,1593434700000,1593434700000,1768.648,1763.872732142857,1768.8685357142858,1768.8685357142858,0.04618289923905318,0.04618289923905318,TARGET
scalper_filtered,1593449100000,2020,0.7537929406079873,1593450000000,1593456300000,1769.755,1765.6760000000002,1770.932,1770.932,0.28855111546945855,0.28855111546945855,TARGET
scalper_filtered,1593514800000,2020,0.6813547919149698,1593515700000,1593517500000,1770.335,1767.890892857143,1771.3022142857142,1767.890892857143,0.3957331774676167,-1.0,STOP
scalper_filtered,1593540000000,2020,0.6993213027259589,1593540900000,1593554400000,1781.118,1777.0864285714288,1783.5111428571429,1783.5111428571429,0.5936005102583789,0.5936005102583789,TARGET
scalper_filtered,1593602100000,2020,0.7742394013654932,1593603000000,1593603000000,1782.078,1777.1253035714285,1783.0043928571429,1777.1253035714285,0.18704818082502672,-1.0,STOP
scalper_filtered,1593605700000,2020,0.6634002454512109,1593606600000,1593608400000,1778.668,1773.1605178571428,1780.9739642857144,1773.1605178571428,0.4186966432029585,-1.0,STOP
scalper_filtered,1593616500000,2020,0.696656560286029,1593617400000,1593619200000,1763.018,1754.8599642857143,1767.1240714285716,1767.1240714285716,0.5033161869322721,0.5033161869322721,TARGET
scalper_filtered,1593652500000,2020,0.7522087951928159,1593653400000,1593653400000,1768.345,1764.6734107142856,1768.6531785714285,1768.6531785714285,0.08393601447404474,0.08393601447404474,TARGET
scalper_filtered,1593693000000,2020,0.6940788422869375,1593693900000,1593693900000,1765.075,1761.0419107142857,1766.1601785714286,1761.0419107142857,0.2690688190991289,-1.0,STOP_BOTH
scalper_filtered,1593750600000,2020,0.6773579623178189,1593751500000,1593751500000,1773.868,1771.8153035714286,1774.463392857143,1774.463392857143,0.29005402301857847,0.29005402301857847,TARGET
scalper_filtered,1593999900000,2020,0.6842061292697967,1594000800000,1594000800000,1772.608,1770.5331785714284,1773.1576428571427,1770.5331785714284,0.2649109217660137,-1.0,STOP
scalper_filtered,1594102500000,2020,0.7919320482393044,1594103400000,1594103400000,1783.498,1781.0690535714286,1783.705892857143,1783.705892857143,0.08558972511601431,0.08558972511601431,TARGET
scalper_filtered,1594161000000,2020,0.6879615120141582,1594161900000,1594163700000,1794.695,1792.3903035714286,1794.984392857143,1794.984392857143,0.12556658376146734,0.12556658376146734,TARGET
scalper_filtered,1594233900000,2020,0.697909564445675,1594234800000,1594234800000,1808.378,1805.1125535714286,1809.5898928571428,1809.5898928571428,0.3711262406693614,0.3711262406693614,TARGET
scalper_filtered,1594291500000,2020,0.7465684979449906,1594292400000,1594292400000,1808.325,1804.0433214285713,1808.767357142857,1808.767357142857,0.10331395397327843,0.10331395397327843,TARGET
scalper_filtered,1594306800000,2020,0.7512376204994732,1594307700000,1594307700000,1801.445,1791.7808392857144,1802.2123214285714,1802.2123214285714,0.07939866184522305,0.07939866184522305,TARGET
scalper_filtered,1594350000000,2020,0.6654822812977743,1594350900000,1594353600000,1800.428,1798.182982142857,1801.4980357142856,1801.4980357142856,0.47662681652216915,0.47662681652216915,TARGET
scalper_filtered,1594387800000,2020,0.6694290316716401,1594388700000,1594388700000,1807.298,1804.0381071428571,1808.8077857142857,1804.0381071428571,0.46313967374037623,-1.0,STOP
scalper_filtered,1594627200000,2020,0.7171772925867579,1594628100000,1594628100000,1805.235,1802.9087321428572,1805.9965357142858,1805.9965357142858,0.3273637263858425,0.3273637263858425,TARGET
scalper_filtered,1594721700000,2020,0.6977424903094356,1594722600000,1594722600000,1793.508,1788.5128928571428,1794.228214285714,1794.228214285714,0.14418395143814566,0.14418395143814566,TARGET
scalper_filtered,1594808100000,2020,0.8039719128280407,1594809000000,1594810800000,1808.798,1804.8078928571429,1809.2182142857143,1804.8078928571429,0.10531403560593114,-1.0,STOP
scalper_filtered,1594819800000,2020,0.7290213886992823,1594820700000,1594821600000,1804.948,1800.253517857143,1806.1769642857143,1806.1769642857143,0.26178910651181636,0.26178910651181636,TARGET
scalper_filtered,1594850400000,2020,0.7640938662537671,1594851300000,1594851300000,1810.965,1808.6486607142858,1811.0466785714286,1811.0466785714286,0.03526192036393771,0.03526192036393771,TARGET
scalper_filtered,1594892700000,2020,0.733443967926157,1594893600000,1594893600000,1804.695,1801.541857142857,1805.4902857142856,1805.4902857142856,0.25222000724898674,0.25222000724898674,TARGET
scalper_filtered,1594918800000,2020,0.7209367857145724,1594919700000,1594919700000,1799.078,1794.3470357142855,1799.7499285714284,1799.7499285714284,0.14202782579809364,0.14202782579809364,TARGET
scalper_filtered,1595196000000,2020,0.6895344757978474,1595196900000,1595196900000,1808.385,1805.9640714285715,1809.065857142857,1809.065857142857,0.2812380137491539,0.2812380137491539,TARGET
scalper_filtered,1595290500000,2020,0.658656859201484,1595291400000,1595293200000,1816.968,1815.731732142857,1817.7305357142857,1817.7305357142857,0.6168046106511139,0.6168046106511139,TARGET
scalper_filtered,1595294100000,2020,0.67576390179244,1595295000000,1595296800000,1817.035,1815.471625,1817.73175,1817.73175,0.4456704245620908,0.4456704245620908,TARGET
scalper_filtered,1595359800000,2020,0.7000766504711456,1595360700000,1595360700000,1840.085,1837.7821071428573,1840.9407857142858,1840.9407857142858,0.3716133434655409,0.3716133434655409,TARGET
scalper_filtered,1595392200000,2020,0.6902086573920535,1595393100000,1595396700000,1855.785,1852.1456249999999,1858.38375,1858.38375,0.7140649149922003,0.7140649149922003,TARGET
scalper_filtered,1595404800000,2020,0.6637623165086065,1595405700000,1595406600000,1850.615,1845.6855892857143,1852.3438214285713,1852.3438214285713,0.35071563900348374,0.35071563900348374,TARGET
scalper_filtered,1595423700000,2020,0.7513147361439007,1595424600000,1595424600000,1851.618,1844.545375,1852.74325,1852.74325,0.15909934430286468,0.15909934430286468,TARGET
scalper_filtered,1595511000000,2020,0.6687728520028717,1595511900000,1595511900000,1873.058,1866.6149642857142,1875.9450714285715,1875.9450714285715,0.4480917934647142,0.4480917934647142,TARGET
scalper_filtered,1595528100000,2020,0.7596970578393312,1595529000000,1595529000000,1885.095,1875.6862857142858,1885.7624285714287,1885.7624285714287,0.07093727699246469,0.07093727699246469,TARGET
scalper_filtered,1595548800000,2020,0.7272067019937678,1595549700000,1595549700000,1883.668,1879.4425,1884.91,1884.91,0.2939297124601237,0.2939297124601237,TARGET
scalper_filtered,1595568600000,2020,0.7501489177781592,1595569500000,1595570400000,1884.655,1880.3750892857145,1886.0748214285716,1886.0748214285716,0.33174089913429927,0.33174089913429927,TARGET
scalper_filtered,1595586600000,2020,0.7343367832483503,1595587500000,1595588400000,1890.578,1884.9236785714286,1891.4766428571427,1891.4766428571427,0.15893027456872982,0.15893027456872982,TARGET
scalper_filtered,1595854800000,2020,0.7197432900500755,1595855700000,1595855700000,1936.938,1927.8986071428571,1937.0377857142857,1937.0377857142857,0.011038984128983138,0.011038984128983138,TARGET
scalper_filtered,1595905200000,2020,0.6605134137570481,1595906100000,1595907000000,1937.725,1926.4355714285714,1945.5528571428572,1945.5528571428572,0.6933793941234688,0.6933793941234688,TARGET
scalper_filtered,1595921400000,2020,0.8486901998514361,1595922300000,1595922300000,1914.195,1901.791107142857,1916.3617857142856,1916.3617857142856,0.17468594248924796,0.17468594248924796,TARGET
scalper_filtered,1596067200000,2020,0.7119899823496971,1596068100000,1596068100000,1966.548,1962.6208035714285,1968.252392857143,1968.252392857143,0.43399735361922887,0.43399735361922887,TARGET
scalper_filtered,1596074400000,2020,0.7421226529591229,1596075300000,1596077100000,1963.035,1958.4759821428572,1964.9230357142858,1964.9230357142858,0.4141321164881199,0.4141321164881199,TARGET
scalper_filtered,1596082500000,2020,0.7779692025147089,1596083400000,1596086100000,1962.275,1956.8163749999999,1963.36725,1956.8163749999999,0.2000961780667988,-1.0,STOP
scalper_filtered,1596091500000,2020,0.7501560092736792,1596092400000,1596092400000,1955.348,1949.071875,1956.35625,1956.35625,0.16064848931468234,0.16064848931468234,TARGET
scalper_filtered,1596099600000,2020,0.7118298085820964,1596100500000,1596100500000,1949.755,1940.9995535714286,1952.334892857143,1952.334892857143,0.29466148621775184,0.29466148621775184,TARGET
scalper_filtered,1596202200000,2020,0.7611885803802391,1596203100000,1596203100000,1964.498,1956.8553571428572,1965.4432857142858,1965.4432857142858,0.12368571081432986,0.12368571081432986,TARGET
scalper_filtered,1596419100000,2020,0.6768474174150155,1596420000000,1596421800000,1972.778,1966.654267857143,1975.3564642857143,1975.3564642857143,0.42106091931566514,0.42106091931566514,TARGET
scalper_filtered,1596437100000,2020,0.7437194914811411,1596438000000,1596438900000,1972.565,1969.3972678571429,1973.3294642857145,1973.3294642857145,0.2413285755357209,0.2413285755357209,TARGET
scalper_filtered,1596492900000,2020,0.6639458111176259,1596493800000,1596498300000,1973.215,1969.9498035714284,1974.7443928571429,1974.7443928571429,0.46839229755377315,0.46839229755377315,TARGET
scalper_filtered,1596593700000,2020,0.6671462058762901,1596594600000,1596595500000,2013.315,2006.0936607142858,2015.8266785714286,2015.8266785714286,0.347813400264589,0.347813400264589,TARGET
scalper_filtered,1596631500000,2020,0.8031947748078839,1596632400000,1596632400000,2035.055,2027.3141249999999,2035.72575,2035.72575,0.08665041096775002,0.08665041096775002,TARGET
scalper_filtered,1596672000000,2020,0.834803033705028,1596672900000,1596672900000,2038.165,2032.4576607142858,2038.2396785714286,2038.2396785714286,0.013084656035006371,0.013084656035006371,TARGET
scalper_filtered,1596700800000,2020,0.7144768691578146,1596701700000,1596701700000,2045.445,2038.0087142857142,2047.1115714285713,2047.1115714285713,0.22411342067851928,0.22411342067851928,TARGET
scalper_filtered,1596772800000,2020,0.7528963787550117,1596773700000,1596773700000,2053.228,2043.33375,2054.8875,2054.8875,0.16772367789370018,0.16772367789370018,TARGET
scalper_filtered,1596797100000,2020,0.690567352405057,1596798000000,1596799800000,2058.825,2053.3640714285716,2060.1558571428573,2053.3640714285716,0.24370528298438754,-1.0,STOP
scalper_filtered,1596801600000,2020,0.705928188239673,1596802500000,1596802500000,2054.585,2048.3810714285714,2055.271857142857,2048.3810714285714,0.1107132577283343,-1.0,STOP
scalper_filtered,1597011300000,2020,0.782590225719561,1597012200000,1597012200000,2024.668,2014.8484107142856,2026.2171785714286,2026.2171785714286,0.15776409036602515,0.15776409036602515,TARGET
scalper_filtered,1597085100000,2020,0.7786412440874986,1597086000000,1597086000000,2024.265,2016.1140892857143,2025.3868214285712,2025.3868214285712,0.13763142155452143,0.13763142155452143,TARGET
scalper_filtered,1597104000000,2020,0.7473163396477662,1597104900000,1597104900000,2025.605,2021.8885535714285,2026.7078928571427,2021.8885535714285,0.2967600578509118,-1.0,STOP
scalper_filtered,1597105800000,2020,0.6791147449548555,1597106700000,1597106700000,2018.778,2013.7011785714287,2019.871642857143,2019.871642857143,0.21541881520355902,0.21541881520355902,TARGET
scalper_filtered,1597124700000,2020,0.6968402850986081,1597125600000,1597125600000,2008.735,2002.4446071428572,2010.2247857142856,2010.2247857142856,0.23683508297802122,0.23683508297802122,TARGET
scalper_filtered,1597132800000,2020,0.8296117100131021,1597133700000,1597136400000,1993.075,1978.1044285714286,1993.556142857143,1993.556142857143,0.03213924461324487,0.03213924461324487,TARGET
scalper_filtered,1597149900000,2020,0.815595190739659,1597150800000,1597150800000,1963.165,1947.883375,1963.58725,1947.883375,0.027631223773654588,-1.0,STOP
scalper_filtered,1597176900000,2020,0.661829536019063,1597177800000,1597178700000,1908.798,1894.6186964285716,1914.3266071428573,1914.3266071428573,0.3899068184136723,0.3899068184136723,TARGET
scalper_filtered,1597197600000,2020,0.6835895570055935,1597198500000,1597198500000,1882.498,1865.9095,1885.615,1885.615,0.18790125689483372,0.18790125689483372,TARGET
scalper_filtered,1597293900000,2020,0.7539825597163399,1597294800000,1597294800000,1925.295,1918.9754107142855,1926.3841785714285,1926.3841785714285,0.17234958194047748,0.17234958194047748,TARGET
scalper_filtered,1597320000000,2020,0.672038752643466,1597320900000,1597321800000,1927.275,1919.7963571428572,1929.4012857142857,1929.4012857142857,0.28431438095145417,0.28431438095145417,TARGET
scalper_filtered,1597342500000,2020,0.6910417603707542,1597343400000,1597344300000,1942.695,1933.053767857143,1946.5574642857143,1946.5574642857143,0.40061936363351824,0.40061936363351824,TARGET
scalper_filtered,1597373100000,2020,0.7138680403574925,1597374000000,1597374000000,1948.948,1941.7911607142855,1950.4216785714284,1950.4216785714284,0.20591192740206554,0.20591192740206554,TARGET
scalper_filtered,1597387500000,2020,0.6752775473775576,1597388400000,1597388400000,1942.458,1935.7099285714285,1944.2541428571428,1944.2541428571428,0.26617128703436593,0.26617128703436593,TARGET
scalper_filtered,1597622400000,2020,0.6775421787139816,1597623300000,1597625100000,1936.465,1928.9833392857142,1937.4573214285713,1937.4573214285713,0.1326338451403702,0.1326338451403702,TARGET
scalper_filtered,1597691700000,2020,0.6628070213373011,1597692600000,1597693500000,1981.498,1977.2964107142857,1983.8321785714286,1983.8321785714286,0.5555465831381651,0.5555465831381651,TARGET
scalper_filtered,1597779900000,2020,0.7920480749308542,1597780800000,1597788000000,2003.465,1996.4195535714287,2005.054892857143,2005.054892857143,0.22566247196140055,0.22566247196140055,TARGET
scalper_filtered,1597802400000,2020,0.7008533764141082,1597803300000,1597806000000,1993.775,1986.716142857143,1995.6017142857145,1995.6017142857145,0.25878329150815355,0.25878329150815355,TARGET
scalper_filtered,1597815900000,2020,0.7071837863760482,1597816800000,1597816800000,1987.085,1981.9169464285715,1988.541107142857,1988.541107142857,0.2817515574736067,0.2817515574736067,TARGET
scalper_filtered,1597820400000,2020,0.791727201189335,1597821300000,1597821300000,1985.215,1977.2689107142858,1986.1761785714286,1986.1761785714286,0.12096246806045452,0.12096246806045452,TARGET
scalper_filtered,1597837500000,2020,0.7384876483627016,1597838400000,1597838400000,1985.758,1978.2992321428571,1987.0255357142858,1987.0255357142858,0.16993902190853893,0.16993902190853893,TARGET
scalper_filtered,1597860900000,2020,0.7901812691192641,1597861800000,1597863600000,1945.025,1928.7890892857142,1946.6568214285714,1946.6568214285714,0.10050692303546165,0.10050692303546165,TARGET
scalper_filtered,1597994100000,2020,0.752881979789956,1597995000000,1597995000000,1938.925,1930.7554285714286,1939.673142857143,1939.673142857143,0.09157675695526665,0.09157675695526665,TARGET
scalper_filtered,1598009400000,2020,0.717669102088207,1598010300000,1598011200000,1922.328,1913.6350714285713,1923.963857142857,1913.6350714285713,0.18818251287991475,-1.0,STOP
scalper_filtered,1598274900000,2020,0.7190352435683682,1598275800000,1598276700000,1947.125,1938.404267857143,1948.5464642857144,1938.404267857143,0.16299827381794446,-1.0,STOP
scalper_filtered,1598334300000,2020,0.7726149159399118,1598335200000,1598335200000,1930.925,1928.0786428571428,1931.9467142857143,1931.9467142857143,0.3589550553338935,0.3589550553338935,TARGET
scalper_filtered,1598418900000,2020,0.6822303155488447,1598419800000,1598419800000,1922.095,1918.6661607142858,1923.4716785714286,1918.6661607142858,0.4014998828216513,-1.0,STOP
scalper_filtered,1598421600000,2020,0.8279366775081308,1598422500000,1598422500000,1918.875,1913.3551428571427,1918.964714285714,1918.964714285714,0.016253008618197885,0.016253008618197885,TARGET
scalper_filtered,1598425200000,2020,0.7809388108387453,1598426100000,1598427000000,1917.215,1911.427642857143,1918.3287142857143,1918.3287142857143,0.19243918393545448,0.19243918393545448,TARGET
scalper_filtered,1598439600000,2020,0.656486323622369,1598440500000,1598444100000,1918.118,1913.0438571428572,1920.1062857142856,1913.0438571428572,0.39184661730341314,-1.0,STOP
scalper_filtered,1598445000000,2020,0.7312823249036385,1598445900000,1598445900000,1907.178,1899.9279642857143,1908.1780714285715,1908.1780714285715,0.13794020719108477,0.13794020719108477,TARGET
scalper_filtered,1598489100000,2020,0.7136876820251389,1598490000000,1598490000000,1950.085,1945.825607142857,1951.2837857142856,1945.825607142857,0.28144520932724454,-1.0,STOP
scalper_filtered,1598496300000,2020,0.7062064807769178,1598497200000,1598497200000,1941.145,1935.7574464285715,1942.7191071428572,1942.7191071428572,0.29217475464282583,0.29217475464282583,TARGET
scalper_filtered,1598508900000,2020,0.6995246212268847,1598509800000,1598509800000,1938.748,1935.0948214285715,1940.1743571428572,1940.1743571428572,0.39044276510670745,0.39044276510670745,TARGET
scalper_filtered,1598530500000,2020,0.7950021812952364,1598531400000,1598531400000,1939.958,1934.099,1940.786,1934.099,0.14132104454684302,-1.0,STOP_BOTH
scalper_filtered,1598535900000,2020,0.7215084111649791,1598536800000,1598536800000,1940.965,1924.553767857143,1945.3564642857143,1924.553767857143,0.26758894441852027,-1.0,STOP
scalper_filtered,1598572800000,2020,0.7506578793717803,1598573700000,1598573700000,1925.658,1921.4618035714286,1926.9403928571428,1926.9403928571428,0.30560839535806067,0.30560839535806067,TARGET
scalper_filtered,1598638500000,2020,0.7311080017363207,1598639400000,1598640300000,1965.005,1957.2541071428573,1966.4067857142857,1966.4067857142857,0.1808547402372792,0.1808547402372792,TARGET
scalper_filtered,1598850900000,2020,0.7551326668719506,1598851800000,1598851800000,1967.925,1965.1537500000002,1968.6075,1968.6075,0.24627875507448696,0.24627875507448696,TARGET
scalper_filtered,1598853600000,2020,0.7902865267209523,1598854500000,1598854500000,1967.315,1963.4944464285713,1967.756107142857,1963.4944464285713,0.11545634280740662,-1.0,STOP
scalper_filtered,1598859900000,2020,0.7545001615847265,1598860800000,1598860800000,1958.448,1951.4124642857143,1959.5500714285713,1959.5500714285713,0.15664356963371498,0.15664356963371498,TARGET
scalper_filtered,1598941800000,2020,0.8352812717065337,1598942700000,1598942700000,1985.825,1979.9783571428572,1986.1182857142858,1986.1182857142858,0.050163097259724926,0.050163097259724926,TARGET
scalper_filtered,1598954400000,2020,0.7480360516811905,1598955300000,1598955300000,1987.015,1981.6273392857142,1988.6793214285715,1988.6793214285715,0.30891355577723906,0.30891355577723906,TARGET
scalper_filtered,1598967000000,2020,0.7295646310074803,1598967900000,1598967900000,1982.805,1976.2416071428572,1984.1117857142858,1984.1117857142858,0.19910216297103048,0.19910216297103048,TARGET
scalper_filtered,1598984100000,2020,0.7515477178544313,1598985000000,1598985000000,1971.415,1966.1358392857142,1973.7233214285714,1966.1358392857142,0.43725159234590016,-1.0,STOP
scalper_filtered,1599024600000,2020,0.7202188052996338,1599025500000,1599025500000,1962.805,1959.1150535714287,1963.9838928571428,1963.9838928571428,0.31948779744186045,0.31948779744186045,TARGET
scalper_filtered,1599031800000,2020,0.7114031806332805,1599032700000,1599032700000,1959.025,1953.6136964285713,1960.487607142857,1960.487607142857,0.27028739444215144,0.27028739444215144,TARGET
scalper_filtered,1599048000000,2020,0.6974318531667116,1599048900000,1599048900000,1957.668,1950.4858749999999,1959.28225,1959.28225,0.2247593852794367,0.2247593852794367,TARGET
scalper_filtered,1599057900000,2020,0.6669282760335918,1599058800000,1599064200000,1943.045,1933.5479642857144,1948.3680714285715,1933.5479642857144,0.5604982005663481,-1.0,STOP
scalper_filtered,1599109200000,2020,0.6663940686981387,1599110100000,1599110100000,1938.465,1933.904375,1939.73525,1939.73525,0.2785254214060739,0.2785254214060739,TARGET
scalper_filtered,1599116400000,2020,0.8140228796833939,1599117300000,1599117300000,1932.385,1924.402410714286,1932.7291785714287,1932.7291785714287,0.043116156814520065,0.043116156814520065,TARGET
scalper_filtered,1599128100000,2020,0.6583736141919629,1599129000000,1599133500000,1931.735,1927.13375,1934.2865,1934.2865,0.5545232273838778,0.5545232273838778,TARGET
scalper_filtered,1599197400000,2020,0.7808847504268986,1599198300000,1599198300000,1934.948,1929.8131607142857,1935.8876785714285,1935.8876785714285,0.18300058076651055,0.18300058076651055,TARGET
scalper_filtered,1599199200000,2020,0.7284570518642447,1599200100000,1599200100000,1933.388,1928.3425892857142,1934.8388214285715,1934.8388214285715,0.28755269109483,0.28755269109483,TARGET
scalper_filtered,1599222600000,2020,0.8195713555440755,1599223500000,1599223500000,1928.565,1922.22475,1930.6644999999999,1930.6644999999999,0.33113836205194075,0.33113836205194075,TARGET
scalper_filtered,1599457500000,2020,0.7059525197590522,1599458400000,1599458400000,1929.645,1926.2318035714286,1930.6303928571429,1930.6303928571429,0.28870089306735647,0.28870089306735647,TARGET
scalper_filtered,1599487200000,2020,0.8135270468786581,1599488100000,1599488100000,1927.925,1922.6704107142857,1928.1441785714285,1928.1441785714285,0.041711836931653985,0.041711836931653985,TARGET
scalper_filtered,1599565500000,2020,0.7804072712134282,1599566400000,1599566400000,1915.688,1903.7120892857145,1915.7298214285715,1915.7298214285715,0.003492129289303328,0.003492129289303328,TARGET
scalper_filtered,1599572700000,2020,0.6805490407243775,1599573600000,1599573600000,1913.078,1901.8179642857144,1915.6480714285715,1915.6480714285715,0.22824718267197616,0.22824718267197616,TARGET
scalper_filtered,1599596100000,2020,0.7394076741182336,1599597000000,1599613200000,1931.878,1925.0639107142858,1933.2061785714286,1925.0639107142858,0.19491652013031877,-1.0,STOP
scalper_filtered,1599650100000,2020,0.7221420153963773,1599651000000,1599651000000,1924.365,1917.6777142857143,1924.4495714285715,1924.4495714285715,0.012646600158094275,0.012646600158094275,TARGET
scalper_filtered,1599718500000,2020,0.7061180408238351,1599719400000,1599723000000,1944.905,1942.0496607142857,1946.1756785714285,1946.1756785714285,0.44501841787627744,0.44501841787627744,TARGET
scalper_filtered,1599756300000,2020,0.6728703966901665,1599757200000,1599759000000,1953.828,1947.6287142857143,1957.3165714285713,1957.3165714285713,0.5627376425855299,0.5627376425855299,TARGET
scalper_filtered,1599825600000,2020,0.7665128919509161,1599826500000,1599826500000,1945.478,1941.4369107142857,1946.2401785714285,1946.2401785714285,0.18860720898268382,0.18860720898268382,TARGET
scalper_filtered,1600060500000,2020,0.7662973393295454,1600061400000,1600061400000,1946.488,1943.752642857143,1946.9997142857144,1946.9997142857144,0.18707403055231298,0.18707403055231298,TARGET
scalper_filtered,1600103700000,2020,0.6567802749888637,1600104600000,1600107300000,1954.608,1951.3889285714286,1956.306142857143,1956.306142857143,0.5275256839816805,0.5275256839816805,TARGET
scalper_filtered,1600152300000,2020,0.6882725803136249,1600153200000,1600153200000,1963.048,1960.2381785714285,1964.2576428571429,1964.2576428571429,0.4305052430886485,0.4305052430886485,TARGET
scalper_filtered,1600176600000,2020,0.7387108160970658,1600177500000,1600177500000,1965.578,1959.3234642857144,1966.5070714285716,1959.3234642857144,0.1485436283383322,-1.0,STOP
scalper_filtered,1600181100000,2020,0.6617399877163502,1600182000000,1600186500000,1952.755,1944.9568392857143,1954.9203214285715,1954.9203214285715,0.2776707877544261,0.2776707877544261,TARGET
scalper_filtered,1600218000000,2020,0.7315345522576155,1600218900000,1600218900000,1951.475,1948.6840357142858,1952.0259285714285,1952.0259285714285,0.19739721294484902,0.19739721294484902,TARGET
scalper_filtered,1600281900000,2020,0.7608335690790604,1600282800000,1600282800000,1958.218,1949.1571607142857,1959.3806785714285,1959.3806785714285,0.12831908113208784,0.12831908113208784,TARGET
scalper_filtered,1600302600000,2020,0.7515076432399169,1600303500000,1600303500000,1955.848,1952.8426785714285,1956.5786428571428,1956.5786428571428,0.2431163769028532,0.2431163769028532,TARGET
scalper_filtered,1600308000000,2020,0.7865275437350098,1600308900000,1600308900000,1946.325,1940.2098214285713,1946.774357142857,1946.774357142857,0.07348226018394745,0.07348226018394745,TARGET
scalper_filtered,1600335000000,2020,0.6830586320577957,1600335900000,1600335900000,1939.725,1934.7844642857144,1940.8160714285714,1940.8160714285714,0.22084071276251482,0.22084071276251482,TARGET
scalper_filtered,1600429500000,2020,0.6956334182615399,1600430400000,1600430400000,1950.598,1947.2069285714285,1951.4401428571427,1951.4401428571427,0.2483412322274687,0.2483412322274687,TARGET
scalper_filtered,1600670700000,2020,0.6958720067684206,1600671600000,1600671600000,1950.735,1947.8921607142856,1951.5906785714285,1951.5906785714285,0.3009943529796159,0.3009943529796159,TARGET
scalper_filtered,1600677900000,2020,0.772432745942281,1600678800000,1600680600000,1938.855,1932.327,1939.59,1932.327,0.11259191176469022,-1.0,STOP
scalper_filtered,1600681500000,2020,0.7468663213297382,1600682400000,1600684200000,1931.605,1925.4159642857142,1933.6930714285713,1933.6930714285713,0.33738235243198106,0.33738235243198106,TARGET
scalper_filtered,1600693200000,2020,0.6952643455680002,1600694100000,1600694100000,1920.928,1914.6261785714285,1922.9116428571429,1914.6261785714285,0.31477293979628745,-1.0,STOP
scalper_filtered,1600737300000,2020,0.7249108210987544,1600738200000,1600738200000,1910.265,1904.6460178571429,1911.7619642857144,1911.7619642857144,0.2664120026822294,0.2664120026822294,TARGET
scalper_filtered,1600786800000,2020,0.6698925037521797,1600787700000,1600798500000,1903.235,1892.9594464285713,1906.275107142857,1906.275107142857,0.2958582349577901,0.2958582349577901,TARGET
scalper_filtered,1600812000000,2020,0.6934933331679721,1600812900000,1600815600000,1900.865,1897.555125,1901.76375,1897.555125,0.27153593413651134,-1.0,STOP
scalper_filtered,1600830000000,2020,0.7106278558428865,1600830900000,1600830900000,1896.318,1890.3271071428571,1897.2297857142858,1897.2297857142858,0.15219529643209384,0.15219529643209384,TARGET
scalper_filtered,1600863300000,2020,0.7285656478850362,1600864200000,1600866000000,1884.318,1877.3345357142857,1886.0449285714285,1886.0449285714285,0.24728823700884545,0.24728823700884545,TARGET
scalper_filtered,1600884000000,2020,0.667975810378055,1600884900000,1600885800000,1865.075,1858.9899107142855,1867.7351785714286,1867.7351785714286,0.4371634410810794,0.4371634410810794,TARGET
scalper_filtered,1600887600000,2020,0.7108726421285643,1600888500000,1600890300000,1859.845,1852.7291071428572,1861.5757857142858,1861.5757857142858,0.24322818640367622,0.24322818640367622,TARGET
scalper_filtered,1600903800000,2020,0.7112044291790379,1600904700000,1600905600000,1857.958,1850.874267857143,1858.5954642857143,1858.5954642857143,0.08998989132544295,0.08998989132544295,TARGET
scalper_filtered,1600929900000,2020,0.8108616110028715,1600930800000,1600930800000,1852.845,1846.2003571428572,1854.1042857142857,1854.1042857142857,0.18951894651974094,0.18951894651974094,TARGET
scalper_filtered,1600940700000,2020,0.678433270148004,1600941600000,1600941600000,1852.048,1845.5365357142857,1854.8319285714285,1854.8319285714285,0.42754263085436645,0.42754263085436645,TARGET
scalper_filtered,1601014500000,2020,0.837411495699393,1601015400000,1601015400000,1869.198,1864.2633750000002,1869.25725,1869.25725,0.012006991412725704,0.012006991412725704,TARGET
scalper_filtered,1601031600000,2020,0.6599773731604226,1601032500000,1601032500000,1856.648,1849.8415357142858,1858.4709285714287,1858.4709285714287,0.26782313032257204,0.26782313032257204,TARGET
scalper_filtered,1601254800000,2020,0.7342463784609543,1601255700000,1601255700000,1860.328,1855.7787321428573,1861.0175357142857,1861.0175357142857,0.15157070015191915,0.15157070015191915,TARGET
scalper_filtered,1601282700000,2020,0.7117710060762135,1601283600000,1601284500000,1852.278,1845.928357142857,1853.5082857142856,1853.5082857142856,0.19375667922828657,0.19375667922828657,TARGET
scalper_filtered,1601357400000,2020,0.7500425121370052,1601358300000,1601358300000,1877.615,1873.9082857142857,1878.1074285714285,1878.1074285714285,0.1328477280610263,0.1328477280610263,TARGET
scalper_filtered,1601380800000,2020,0.8407541456809721,1601381700000,1601381700000,1884.698,1879.0672142857143,1885.0695714285714,1885.0695714285714,0.06598926818127777,0.06598926818127777,TARGET
scalper_filtered,1601382600000,2020,0.6908337296378002,1601383500000,1601383500000,1880.098,1874.915642857143,1881.7627142857143,1881.7627142857143,0.32122724077573245,0.32122724077573245,TARGET
scalper_filtered,1601424900000,2020,0.66569068868965,1601425800000,1601425800000,1896.438,1894.0693928571427,1896.846214285714,1896.846214285714,0.1723436015739969,0.1723436015739969,TARGET
scalper_filtered,1601427600000,2020,0.8140295438862134,1601428500000,1601428500000,1894.745,1891.7071785714286,1894.889642857143,1894.889642857143,0.04761400909962371,0.04761400909962371,TARGET
scalper_filtered,1601430300000,2020,0.7299667805683191,1601431200000,1601431200000,1894.308,1891.2099285714285,1895.0651428571427,1895.0651428571427,0.24439167223844788,0.24439167223844788,TARGET
scalper_filtered,1601439300000,2020,0.7387844448283234,1601440200000,1601441100000,1889.038,1885.2246785714287,1890.625642857143,1890.625642857143,0.4163412098564816,0.4163412098564816,TARGET
scalper_filtered,1601491500000,2020,0.6642131768234458,1601492400000,1601510400000,1889.965,1884.1558571428573,1892.8022857142857,1887.515,0.4884172732638564,-0.4217489671453695,16BAR_TIMEOUT
scalper_filtered,1601600400000,2020,0.6993009823616183,1601601300000,1601602200000,1900.475,1897.9044821428572,1901.4850357142857,1897.9044821428572,0.39293082966888904,-1.0,STOP
scalper_filtered,1601606700000,2020,0.7247690042814132,1601607600000,1601608500000,1893.088,1889.406,1894.392,1894.392,0.35415535035309115,0.35415535035309115,TARGET
scalper_filtered,1601646300000,2020,0.7244024661090448,1601647200000,1601647200000,1902.848,1895.0648035714285,1904.224392857143,1904.224392857143,0.17684159326755733,0.17684159326755733,TARGET
scalper_filtered,1601873100000,2020,0.7357354276677223,1601874000000,1601875800000,1892.975,1889.9756964285714,1894.3026071428571,1894.3026071428571,0.4426384696447753,0.4426384696447753,TARGET
scalper_filtered,1601973900000,2020,0.7478623212796129,1601974800000,1601974800000,1909.485,1904.8494642857145,1909.8460714285716,1909.8460714285716,0.07789206055709065,0.07789206055709065,TARGET
scalper_filtered,1602000000000,2020,0.7266276901059452,1602000900000,1602009900000,1905.805,1897.0694642857143,1907.0160714285714,1897.0694642857143,0.13863733927511906,-1.0,STOP
scalper_filtered,1602010800000,2020,0.7554608740030464,1602011700000,1602013500000,1894.278,1886.9258035714286,1895.9233928571427,1886.9258035714286,0.223796095918839,-1.0,STOP
scalper_filtered,1602034200000,2020,0.7342688262577243,1602035100000,1602035100000,1875.588,1870.6678214285714,1876.9083571428573,1876.9083571428573,0.26835553297285863,0.26835553297285863,TARGET
scalper_filtered,1602063000000,2020,0.7414327663462881,1602063900000,1602068400000,1890.065,1884.2723035714287,1890.9793928571428,1884.2723035714287,0.15785271477936566,-1.0,STOP
scalper_filtered,1602115200000,2020,0.8131667257597551,1602116100000,1602116100000,1885.945,1883.1659285714286,1886.0221428571426,1886.0221428571426,0.027758501040884342,0.027758501040884342,TARGET
scalper_filtered,1602127800000,2020,0.7159974150941095,1602128700000,1602132300000,1884.785,1881.9639464285715,1885.7261071428572,1885.7261071428572,0.3336013014388035,0.3336013014388035,TARGET
scalper_filtered,1602463500000,2020,0.6965797945657961,1602464400000,1602465300000,1924.935,1920.6084107142856,1926.2621785714286,1926.2621785714286,0.30674937780917033,0.30674937780917033,TARGET
scalper_filtered,1602488700000,2020,0.7236957167237984,1602489600000,1602493200000,1926.085,1921.984767857143,1927.4244642857143,1921.984767857143,0.32668010957567645,-1.0,STOP
scalper_filtered,1602495000000,2020,0.7439452475764093,1602495900000,1602495900000,1921.775,1917.208892857143,1922.3662142857142,1922.3662142857142,0.12947884646969032,0.12947884646969032,TARGET
scalper_filtered,1602500400000,2020,0.7693018594953831,1602501300000,1602501300000,1920.845,1916.5824107142857,1921.3091785714284,1921.3091785714284,0.10889591755510572,0.10889591755510572,TARGET
scalper_filtered,1602513000000,2020,0.8388538782410705,1602513900000,1602513900000,1923.895,1916.5127321428572,1924.1995357142857,1924.1995357142857,0.04125232519043482,0.04125232519043482,TARGET
scalper_filtered,1602527400000,2020,0.6686286932639013,1602528300000,1602528300000,1921.625,1918.7202142857143,1922.8235714285713,1922.8235714285713,0.41261956869202093,0.41261956869202093,TARGET
scalper_filtered,1602547200000,2020,0.6620834345814668,1602548100000,1602549000000,1920.828,1919.3505178571427,1922.0339642857143,1919.3505178571427,0.8162293477078066,-1.0,STOP
scalper_filtered,1602557100000,2020,0.7218302340240771,1602558000000,1602566100000,1912.975,1909.0118750000001,1915.0812500000002,1915.0812500000002,0.5314619145246235,0.5314619145246235,TARGET
scalper_filtered,1602587700000,2020,0.7996094100873642,1602588600000,1602588600000,1920.888,1917.3102857142858,1921.8244285714286,1921.8244285714286,0.2617393387638164,0.2617393387638164,TARGET
scalper_filtered,1602592200000,2020,0.7258232383507439,1602593100000,1602593100000,1915.825,1912.0620000000001,1917.66,1912.0620000000001,0.48764283816106174,-1.0,STOP
scalper_filtered,1602598500000,2020,0.7290462759983186,1602599400000,1602603000000,1892.278,1882.415875,1894.09225,1894.09225,0.18396136735235888,0.18396136735235888,TARGET
scalper_filtered,1602754200000,2020,0.7040486535957425,1602755100000,1602755100000,1892.438,1887.223517857143,1894.7669642857143,1894.7669642857143,0.4466338596833442,0.4466338596833442,TARGET
scalper_filtered,1602806400000,2020,0.8251104773949357,1602807300000,1602809100000,1906.458,1903.8689285714286,1906.7161428571428,1906.7161428571428,0.09970480315607066,0.09970480315607066,TARGET
scalper_filtered,1602845100000,2020,0.7857765207659618,1602846000000,1602846000000,1908.325,1904.1351607142858,1909.0036785714285,1909.0036785714285,0.16198200578778738,0.16198200578778738,TARGET
scalper_filtered,1602853200000,2020,0.7188172638826837,1602854100000,1602854100000,1907.685,1902.5868392857142,1908.7703214285714,1908.7703214285714,0.21288489896566198,0.21288489896566198,TARGET
scalper_filtered,1602859500000,2020,0.663082495023593,1602860400000,1602867600000,1902.148,1895.981125,1904.31175,1904.31175,0.350866524779601,0.350866524779601,TARGET
scalper_filtered,1602881100000,2020,0.7499436930208825,1603058400000,1603058400000,1899.668,1896.7030178571429,1899.6879642857143,1899.6879642857143,0.006733357825617556,0.006733357825617556,TARGET
scalper_filtered,1603111500000,2020,0.7461784055155087,1603112400000,1603115100000,1911.785,1907.1764107142856,1912.5421785714284,1907.1764107142856,0.16429725551273971,-1.0,STOP
scalper_filtered,1603134000000,2020,0.7974474174204529,1603134900000,1603134900000,1903.915,1899.8901071428572,1903.9937857142857,1903.9937857142857,0.0195746115690683,0.0195746115690683,TARGET
scalper_filtered,1603155600000,2020,0.8238974606682645,1603156500000,1603156500000,1902.168,1899.5575714285712,1902.339857142857,1902.339857142857,0.06583483828597976,0.06583483828597976,TARGET
scalper_filtered,1603196100000,2020,0.6768984025869954,1603197000000,1603197000000,1901.935,1898.5713928571427,1903.3012142857142,1903.3012142857142,0.40617534322206517,0.40617534322206517,TARGET
scalper_filtered,1603202400000,2020,0.7900422591426832,1603203300000,1603203300000,1901.755,1895.210482142857,1901.8330357142856,1901.8330357142856,0.011923829377340713,0.011923829377340713,TARGET
scalper_filtered,1603260000000,2020,0.778677431651709,1603260900000,1603260900000,1916.488,1913.648625,1916.91675,1916.91675,0.15100154083206116,0.15100154083206116,TARGET
scalper_filtered,1603307700000,2020,0.6617524149038662,1603308600000,1603310400000,1923.348,1919.8371071428573,1924.6697857142858,1924.6697857142858,0.37648135903572033,0.37648135903572033,TARGET
scalper_filtered,1603323900000,2020,0.6600414645363388,1603324800000,1603329300000,1921.238,1918.9981428571427,1922.2677142857142,1918.9981428571427,0.45972319663233524,-1.0,STOP
scalper_filtered,1603366200000,2020,0.7824937137136351,1603367100000,1603368000000,1914.995,1912.0142321428573,1915.565535714286,1912.0142321428573,0.19140561815940027,-1.0,STOP
scalper_filtered,1603375200000,2020,0.6921591325366812,1603376100000,1603376100000,1902.745,1897.1508571428571,1904.9422857142858,1897.1508571428571,0.3927832682142545,-1.0,STOP
scalper_filtered,1603412100000,2020,0.6993950390588842,1603413000000,1603413000000,1903.985,1902.139125,1904.83575,1902.139125,0.4608925306426881,-1.0,STOP
scalper_filtered,1603459800000,2020,0.6847583425396401,1603460700000,1603460700000,1906.688,1902.201,1907.952,1907.952,0.2817026966792676,0.2817026966792676,TARGET
scalper_filtered,1603464300000,2020,0.660994131787274,1603465200000,1603465200000,1897.838,1891.3235178571429,1899.9469642857143,1899.9469642857143,0.32373475580507466,0.32373475580507466,TARGET
scalper_filtered,1603664100000,2020,0.6794896837131451,1603665000000,1603665000000,1897.285,1894.0881964285713,1898.1586071428571,1898.1586071428571,0.27327520235051955,0.27327520235051955,TARGET
scalper_filtered,1603665900000,2020,0.6706572698098141,1603666800000,1603666800000,1893.328,1889.4464285714284,1894.5121428571429,1894.5121428571429,0.3050679032792312,0.3050679032792312,TARGET
scalper_filtered,1603689300000,2020,0.6958699681768068,1603690200000,1603690200000,1897.748,1895.5156785714287,1898.5226428571427,1895.5156785714287,0.3470122390208087,-1.0,STOP
scalper_filtered,1603691100000,2020,0.7104811646546941,1603692000000,1603692000000,1896.808,1893.7098214285716,1896.9353571428571,1896.9353571428571,0.0411071020991592,0.0411071020991592,TARGET
scalper_filtered,1603717200000,2020,0.656748493628835,1603718100000,1603718100000,1902.198,1898.0849821428571,1903.7940357142857,1903.7940357142857,0.38804492703910276,0.38804492703910276,TARGET
scalper_filtered,1603782000000,2020,0.7514428895594926,1603782900000,1603784700000,1906.138,1903.410607142857,1906.6637857142857,1903.410607142857,0.19277960375558317,-1.0,STOP
scalper_filtered,1603790100000,2020,0.7318118843888811,1603791000000,1603793700000,1899.598,1895.9887678571429,1901.1764642857145,1901.1764642857145,0.43734074818058094,0.43734074818058094,TARGET
scalper_filtered,1603873800000,2020,0.6634112316709119,1603874700000,1603877400000,1903.755,1900.464125,1904.73575,1900.464125,0.2980210430356368,-1.0,STOP
scalper_filtered,1603879200000,2020,0.7020106085690544,1603880100000,1603880100000,1900.458,1897.1871428571428,1901.5907142857143,1897.1871428571428,0.34630503144650177,-1.0,STOP
scalper_filtered,1603883700000,2020,0.7154061297974731,1603884600000,1603886400000,1893.828,1889.9622857142858,1895.1694285714286,1889.9622857142858,0.3470066518847335,-1.0,STOP
scalper_filtered,1603890000000,2020,0.7289270075339509,1603890900000,1603892700000,1880.288,1873.3559285714284,1882.4221428571427,1873.3559285714284,0.30786509907363485,-1.0,STOP
scalper_filtered,1603897200000,2020,0.72983666151022,1603898100000,1603898100000,1875.448,1865.0602857142858,1877.5034285714287,1877.5034285714287,0.19787111147784628,0.19787111147784628,TARGET
scalper_filtered,1604034900000,2020,0.6956115326112665,1604035800000,1604035800000,1873.268,1870.4590535714285,1874.2568928571427,1870.4590535714285,0.3520511630567381,-1.0,STOP
scalper_filtered,1604088000000,2020,0.6888196006974067,1604088900000,1604274300000,1878.545,1875.6609642857143,1880.0230714285715,1875.6609642857143,0.5125010835510541,-1.0,STOP
scalper_filtered,1604325600000,2020,0.8648129193060354,1604326500000,1604326500000,1889.265,1883.783357142857,1889.5182857142856,1889.5182857142856,0.0462061686407548,0.0462061686407548,TARGET
scalper_filtered,1604388600000,2020,0.7390447071352019,1604389500000,1604389500000,1888.805,1885.5284464285714,1889.4481071428572,1889.4481071428572,0.19627548545673798,0.19627548545673798,TARGET
scalper_filtered,1604475900000,2020,0.704804022175407,1604476800000,1604478600000,1891.778,1884.2136964285714,1894.786607142857,1894.786607142857,0.3977374935375372,0.3977374935375372,TARGET
scalper_filtered,1604675700000,2020,0.6558086247890761,1604676600000,1604677500000,1946.438,1936.5987499999999,1950.0065,1950.0065,0.36268008232332527,0.36268008232332527,TARGET
scalper_filtered,1604922300000,2020,0.7969588320998987,1604923200000,1604923200000,1938.108,1931.7974464285714,1940.0191071428571,1931.7974464285714,0.3028430265626569,-1.0,STOP
scalper_filtered,1604927700000,2020,0.716262271449378,1604928600000,1604928600000,1895.865,1880.0781607142858,1903.0276785714286,1880.0781607142858,0.4537120092120177,-1.0,STOP
scalper_filtered,1604929500000,2020,0.7191936926445289,1604930400000,1604935800000,1880.418,1859.0454642857144,1887.2530714285715,1859.0454642857144,0.3198062934574027,-1.0,STOP
scalper_filtered,1604940300000,2020,0.7355004049681609,1604941200000,1604941200000,1858.408,1843.0443035714284,1865.1053928571428,1865.1053928571428,0.4359232746025796,0.4359232746025796,TARGET
scalper_filtered,1604962800000,2020,0.8466692325380694,1604963700000,1604963700000,1864.538,1857.4384285714284,1865.5371428571427,1865.5371428571427,0.1407328410165368,0.1407328410165368,TARGET
scalper_filtered,1605079800000,2020,0.6610981347202144,1605080700000,1605080700000,1877.598,1872.7620178571428,1877.8799642857143,1877.8799642857143,0.0583054852944061,0.0583054852944061,TARGET
scalper_filtered,1605103200000,2020,0.7586500607520787,1605104100000,1605104100000,1862.385,1852.9850892857144,1862.6538214285715,1862.6538214285715,0.028598295956469358,0.028598295956469358,TARGET
scalper_filtered,1605213900000,2020,0.6570415641907997,1605214800000,1605215700000,1875.535,1872.6029464285716,1876.8691071428573,1876.8691071428573,0.4550077651573153,0.4550077651573153,TARGET
scalper_filtered,1605507300000,2020,0.7068577713183837,1605508200000,1605508200000,1890.455,1887.564285714286,1891.1964285714287,1891.1964285714287,0.2564862861379631,0.2564862861379631,TARGET
scalper_filtered,1605527100000,2020,0.8097523592159033,1605528000000,1605528000000,1869.238,1861.6264642857143,1870.2410714285713,1870.2410714285713,0.13178305485562566,0.13178305485562566,TARGET
scalper_filtered,1605557700000,2020,0.6845870682878337,1605558600000,1605558600000,1886.335,1883.8628392857142,1887.5893214285716,1887.5893214285716,0.5073785944915411,0.5073785944915411,TARGET
scalper_filtered,1605592800000,2020,0.6810067701334535,1605593700000,1605593700000,1885.725,1882.9966071428573,1886.6007857142858,1886.6007857142858,0.320989593559903,0.320989593559903,TARGET
scalper_filtered,1605600000000,2020,0.805149010769999,1605600900000,1605600900000,1886.855,1882.4834285714285,1887.3871428571429,1887.3871428571429,0.12172804810299703,0.12172804810299703,TARGET
scalper_filtered,1605623400000,2020,0.7932336221724081,1605624300000,1605624300000,1888.928,1884.28375,1889.8615,1889.8615,0.2010012380900804,0.2010012380900804,TARGET
scalper_filtered,1605627000000,2020,0.6634352362897081,1605627900000,1605627900000,1887.138,1882.3529285714285,1888.9981428571427,1888.9981428571427,0.38873878580704074,0.38873878580704074,TARGET
scalper_filtered,1605692700000,2020,0.7387730362129447,1605693600000,1605693600000,1879.348,1874.7094285714286,1879.4151428571429,1879.4151428571429,0.014474899907622059,0.014474899907622059,TARGET
scalper_filtered,1605699900000,2020,0.7182571421260999,1605700800000,1605700800000,1871.578,1866.2007142857142,1872.7835714285713,1866.2007142857142,0.22419701920776558,-1.0,STOP
scalper_filtered,1605774600000,2020,0.6673549183420554,1605775500000,1605776400000,1859.398,1855.1721785714287,1861.450642857143,1855.1721785714287,0.48573819122243117,-1.0,STOP_BOTH
scalper_filtered,1605828600000,2020,0.769483005670433,1605829500000,1605829500000,1862.918,1859.6441428571427,1863.4357142857143,1863.4357142857143,0.15813588165994127,0.15813588165994127,TARGET
scalper_filtered,1605870000000,2020,0.7843885171890663,1605870900000,1605871800000,1865.665,1861.4985000000001,1866.948,1866.948,0.3079323172927364,0.3079323172927364,TARGET
scalper_filtered,1606086000000,2020,0.7714097703330716,1606086900000,1606086900000,1870.428,1867.564892857143,1870.4542142857142,1870.4542142857142,0.009155887085645086,0.009155887085645086,TARGET
scalper_filtered,1606114800000,2020,0.8367220215049396,1606115700000,1606115700000,1873.358,1870.937517857143,1873.5489642857142,1873.5489642857142,0.07889514338198617,0.07889514338198617,TARGET
scalper_filtered,1606124700000,2020,0.7142819662698053,1606125600000,1606127400000,1868.888,1864.8814464285715,1869.9621071428571,1864.8814464285715,0.2680875529824157,-1.0,STOP
scalper_filtered,1606176000000,2020,0.735469688148532,1606176900000,1606176900000,1833.288,1829.2707321428572,1833.7625357142858,1833.7625357142858,0.11812399151878525,0.11812399151878525,TARGET
scalper_filtered,1606181400000,2020,0.6715604719296837,1606182300000,1606185900000,1829.165,1824.215232142857,1830.6645357142856,1824.215232142857,0.30295071558189174,-1.0,STOP
scalper_filtered,1606186800000,2020,0.7173848991745816,1606187700000,1606187700000,1825.005,1818.5333750000002,1826.4972500000001,1826.4972500000001,0.23058350877871245,0.23058350877871245,TARGET
scalper_filtered,1606217400000,2020,0.6631115861049408,1606218300000,1606219200000,1808.715,1802.655910714286,1811.3201785714286,1811.3201785714286,0.42996206997166553,0.42996206997166553,TARGET
scalper_filtered,1606231800000,2020,0.7107301993351565,1606232700000,1606233600000,1803.773,1796.7274821428573,1806.5090357142858,1806.5090357142858,0.3883370633305753,0.3883370633305753,TARGET
scalper_filtered,1606330800000,2020,0.7626531961171192,1606331700000,1606331700000,1806.198,1802.4600714285714,1806.713857142857,1806.713857142857,0.1380061531405239,0.1380061531405239,TARGET
scalper_filtered,1606369500000,2020,0.6696963490515393,1606370400000,1606370400000,1808.438,1805.7373214285715,1808.5893571428571,1808.5893571428571,0.05604411589675295,0.05604411589675295,TARGET
scalper_filtered,1606401000000,2020,0.7068465771937454,1606401900000,1606401900000,1809.468,1806.6001785714284,1810.4036428571428,1806.6001785714284,0.3262556196215932,-1.0,STOP
scalper_filtered,1606451400000,2020,0.6899779394840397,1606452300000,1606455000000,1807.918,1805.820892857143,1808.7732142857144,1805.820892857143,0.4078066724571131,-1.0,STOP_BOTH
scalper_filtered,1606474800000,2020,0.7639539958543468,1606475700000,1606479300000,1807.805,1804.5889642857142,1808.7170714285714,1804.5889642857142,0.28360115048470397,-1.0,STOP
scalper_filtered,1606730400000,2020,0.6836562765215548,1606731300000,1606733100000,1774.368,1769.1847142857143,1776.7845714285716,1769.1847142857143,0.4662238513905043,-1.0,STOP
scalper_filtered,1606865400000,2020,0.6617937392674348,1606866300000,1606867200000,1811.955,1810.1111250000001,1812.87975,1812.87975,0.5015253203173926,0.5015253203173926,TARGET
scalper_filtered,1606887000000,2020,0.813416182118755,1606887900000,1606887900000,1809.955,1806.1088928571428,1809.9972142857143,1809.9972142857143,0.010975847563895118,0.010975847563895118,TARGET
scalper_filtered,1606913100000,2020,0.7922319776588008,1606914000000,1606914000000,1820.385,1814.0005357142857,1820.9739285714286,1820.9739285714286,0.0922440074958777,0.0922440074958777,TARGET
scalper_filtered,1606916700000,2020,0.6632293266301215,1606917600000,1606917600000,1815.799,1809.8526607142855,1818.2086785714284,1818.2086785714284,0.4052373158755848,0.4052373158755848,TARGET
scalper_filtered,1606959000000,2020,0.7664560270391222,1606959900000,1606962600000,1828.085,1824.9856607142856,1829.0126785714285,1829.0126785714285,0.29931494615783616,0.29931494615783616,TARGET
scalper_filtered,1606991400000,2020,0.7474894356488612,1606992300000,1606992300000,1838.208,1832.4949107142857,1838.9451785714286,1838.9451785714286,0.1290332663401343,0.1290332663401343,TARGET
scalper_filtered,1607007600000,2020,0.7075122436968064,1607008500000,1607008500000,1834.468,1826.3271964285714,1835.599607142857,1835.599607142857,0.13900435416822968,0.13900435416822968,TARGET
scalper_filtered,1607059800000,2020,0.6679683903913289,1607060700000,1607062500000,1840.298,1837.610357142857,1841.3742857142856,1841.3742857142856,0.4004571185584421,0.4004571185584421,TARGET
scalper_filtered,1607297400000,2020,0.7902205098319824,1607298300000,1607298300000,1835.175,1831.6569285714288,1835.530142857143,1835.530142857143,0.10094816559400471,0.10094816559400471,TARGET
scalper_filtered,1607366700000,2020,0.6885517939326965,1607367600000,1607371200000,1861.925,1858.7451607142857,1864.0636785714287,1858.7451607142857,0.6725744225618433,-1.0,STOP
scalper_filtered,1607391000000,2020,0.7765084231582702,1607391900000,1607391900000,1862.738,1859.685625,1863.62875,1863.62875,0.2918219419304739,0.2918219419304739,TARGET
scalper_filtered,1607407200000,2020,0.7239249679562979,1607408100000,1607411700000,1868.398,1864.8263749999999,1869.80225,1864.8263749999999,0.39316837573934316,-1.0,STOP
scalper_filtered,1607425200000,2020,0.6869468862591479,1607426100000,1607428800000,1862.285,1858.2139107142857,1864.0161785714286,1864.0161785714286,0.42523719081849903,0.42523719081849903,TARGET
scalper_filtered,1607524200000,2020,0.7401051520531211,1607525100000,1607525100000,1853.824,1846.3334642857144,1855.6770714285715,1846.3334642857144,0.2473883710396444,-1.0,STOP
scalper_filtered,1607537700000,2020,0.6697440627202461,1607538600000,1607539500000,1836.015,1829.7295535714286,1838.7248928571428,1829.7295535714286,0.4311376905265511,-1.0,STOP
scalper_filtered,1607581800000,2020,0.7225716904691944,1607582700000,1607584500000,1837.015,1833.4526785714286,1838.169642857143,1838.169642857143,0.32412652263268593,0.32412652263268593,TARGET
scalper_filtered,1607616900000,2020,0.7173288618080244,1607617800000,1607632200000,1836.745,1827.5881785714287,1838.627642857143,1835.925,0.20560004056307557,-0.08955072525946207,16BAR_TIMEOUT
scalper_filtered,1607656500000,2020,0.6875561237104028,1607657400000,1607661000000,1836.558,1833.0663749999999,1837.6912499999999,1837.6912499999999,0.32456234561266606,0.32456234561266606,TARGET
scalper_filtered,1607667300000,2020,0.7832735179738878,1607668200000,1607668200000,1835.425,1832.186375,1835.54225,1835.54225,0.036203635802235304,0.036203635802235304,TARGET
scalper_filtered,1607719500000,2020,0.669572067891667,1607720400000,1607900400000,1839.185,1836.5964642857145,1840.0720714285715,1840.698,0.34269236606472897,0.5845003380290744,TARGET_GAP
scalper_filtered,1607923800000,2020,0.7594234944094743,1607924700000,1607924700000,1834.375,1831.8384285714287,1834.6181428571429,1834.6181428571429,0.09585492227979832,0.09585492227979832,TARGET
scalper_filtered,1607930100000,2020,0.7335024912994277,1607931000000,1607931000000,1833.158,1830.7540178571428,1833.7659642857143,1833.7659642857143,0.25289883600875257,0.25289883600875257,TARGET
scalper_filtered,1607933700000,2020,0.7715490935031641,1607934600000,1607934600000,1829.665,1825.715,1830.0439999999999,1830.0439999999999,0.09594936708858254,0.09594936708858254,TARGET
scalper_filtered,1607976000000,2020,0.7308464813176491,1607976900000,1607976900000,1826.605,1823.0586250000001,1827.22675,1827.22675,0.17531986888020523,0.17531986888020523,TARGET
scalper_filtered,1608077700000,2020,0.7710736840590369,1608078600000,1608080400000,1852.268,1849.8991428571428,1852.7457142857143,1852.7457142857143,0.2016644554335715,0.2016644554335715,TARGET
scalper_filtered,1608105600000,2020,0.7014289180466189,1608106500000,1608106500000,1855.295,1851.6324107142857,1856.0891785714284,1856.0891785714284,0.21683527949092582,0.21683527949092582,TARGET
scalper_filtered,1608124500000,2020,0.7789018942895238,1608125400000,1608125400000,1853.968,1846.6534642857143,1854.3770714285715,1854.3770714285715,0.05592582284785478,0.05592582284785478,TARGET
scalper_filtered,1608146100000,2020,0.7875381790364621,1608147000000,1608147000000,1848.155,1842.6712142857143,1848.6465714285714,1848.6465714285714,0.08964088937517266,0.08964088937517266,TARGET
scalper_filtered,1608225300000,2020,0.7479327944016578,1608226200000,1608240600000,1886.628,1880.598375,1889.0482499999998,1885.835,0.40139312146276723,-0.13151729999791137,16BAR_TIMEOUT
scalper_filtered,1608254100000,2020,0.671371052358442,1608255000000,1608255000000,1879.975,1877.181375,1880.86125,1880.86125,0.3172401449729337,0.3172401449729337,TARGET
scalper_filtered,1608271200000,2020,0.7452063322153513,1608272100000,1608273900000,1881.425,1877.868517857143,1882.2169642857143,1882.2169642857143,0.22268192385134547,0.22268192385134547,TARGET
scalper_filtered,1608302700000,2020,0.7014648848905274,1608303600000,1608303600000,1881.721,1874.308517857143,1883.7869642857142,1883.7869642857142,0.27871423443563986,0.27871423443563986,TARGET
scalper_filtered,1608321600000,2020,0.6835860415079974,1608322500000,1608324300000,1879.525,1877.322875,1880.53925,1880.53925,0.4605778509394046,0.4605778509394046,TARGET
scalper_filtered,1608537600000,2020,0.6941167289001114,1608538500000,1608538500000,1896.035,1888.5224107142858,1896.9391785714286,1896.9391785714286,0.12035511819444639,0.12035511819444639,TARGET
scalper_filtered,1608543900000,2020,0.7610583244838225,1608544800000,1608544800000,1886.398,1875.9955714285713,1887.2648571428572,1875.9955714285713,0.08333218891194216,-1.0,STOP
scalper_filtered,1608581700000,2020,0.7832258019258412,1608582600000,1608582600000,1876.775,1871.9623571428572,1877.6702857142857,1877.6702857142857,0.18602787301301818,0.18602787301301818,TARGET
scalper_filtered,1608616800000,2020,0.7941412731656788,1608617700000,1608617700000,1875.645,1871.3821785714288,1876.049642857143,1876.049642857143,0.09492371752448532,0.09492371752448532,TARGET
scalper_filtered,1608669900000,2020,0.6855227791942056,1608670800000,1608679800000,1861.255,1856.991,1862.5529999999999,1862.5529999999999,0.3044090056284561,0.3044090056284561,TARGET
scalper_filtered,1608705000000,2020,0.7926480558395342,1608705900000,1608705900000,1864.918,1861.753125,1865.26875,1865.26875,0.11082586200089062,0.11082586200089062,TARGET
scalper_filtered,1608724800000,2020,0.6615616648604977,1608725700000,1608726600000,1859.718,1854.8464107142859,1861.1211785714286,1861.1211785714286,0.28803301943849774,0.28803301943849774,TARGET
scalper_filtered,1609152300000,2020,0.7474233897418902,1609153200000,1609155000000,1879.168,1874.943375,1880.64825,1874.943375,0.35038612894638643,-1.0,STOP
scalper_filtered,1609155900000,2020,0.7879939716137373,1609156800000,1609156800000,1872.768,1866.7819285714286,1873.490142857143,1873.490142857143,0.12063719348488212,0.12063719348488212,TARGET
scalper_filtered,1609181100000,2020,0.7557764375019107,1609182000000,1609200000000,1875.935,1869.7677678571429,1877.8084642857143,1876.605,0.30377716329102683,0.10863868660693612,16BAR_TIMEOUT
scalper_filtered,1609237800000,2020,0.682199345461682,1609238700000,1609239600000,1876.815,1872.0941964285714,1878.324607142857,1878.324607142857,0.3197775802394118,0.3197775802394118,TARGET
scalper_filtered,1609269300000,2020,0.6553656631681773,1609270200000,1609288200000,1877.925,1874.757357142857,1879.9702857142856,1877.735,0.6456806548357011,-0.05998150945950565,16BAR_TIMEOUT
scalper_filtered,1609308000000,2020,0.7949548118579851,1609308900000,1609309800000,1881.618,1878.9698214285715,1882.1143571428572,1882.1143571428572,0.1874334111047315,0.1874334111047315,TARGET
scalper_filtered,1609315200000,2020,0.7516956273836477,1609316100000,1609317000000,1879.815,1876.072,1880.131,1880.131,0.08442425861608788,0.08442425861608788,TARGET
scalper_filtered,1609333200000,2020,0.7331050240374573,1609334100000,1609334100000,1877.988,1874.5900892857142,1878.7148214285714,1878.7148214285714,0.21390245056045618,0.21390245056045618,TARGET
scalper_filtered,1609382700000,2020,0.6702795955386256,1609383600000,1609384500000,1891.038,1887.8803392857144,1892.6733214285716,1887.8803392857144,0.517890165074809,-1.0,STOP
scalper_filtered,1609773300000,2021,0.7543306008435132,1609774200000,1609774200000,1934.425,1925.9846785714287,1935.7146428571427,1935.7146428571427,0.15279546733578497,0.15279546733578497,TARGET
scalper_filtered,1609811100000,2021,0.8007052593392135,1609812000000,1609812000000,1937.259,1932.355660714286,1937.8226785714287,1937.8226785714287,0.11495810071127723,0.11495810071127723,TARGET
scalper_filtered,1609857000000,2021,0.7091966773918356,1609857900000,1609859700000,1944.888,1938.6755178571427,1946.7229642857142,1946.7229642857142,0.29536733362268097,0.29536733362268097,TARGET
scalper_filtered,1609895700000,2021,0.7904122563084293,1609896600000,1609896600000,1949.855,1944.486642857143,1950.5417142857143,1950.5417142857143,0.12791888979070573,0.12791888979070573,TARGET
scalper_filtered,1609932600000,2021,0.6791107753190194,1609933500000,1609933500000,1951.595,1947.3354285714286,1953.7331428571429,1947.3354285714286,0.5019619680048212,-1.0,STOP
scalper_filtered,1609936200000,2021,0.7711872078552379,1609937100000,1609937100000,1929.918,1921.5893035714287,1931.788392857143,1931.788392857143,0.22457210119062437,0.22457210119062437,TARGET
scalper_filtered,1609981200000,2021,0.8228575871760835,1609982100000,1609982100000,1919.088,1913.2939285714285,1920.1461428571429,1920.1461428571429,0.18262509708200161,0.18262509708200161,TARGET
scalper_filtered,1609985700000,2021,0.6875321526214773,1609986600000,1609997400000,1916.918,1912.3600000000001,1919.065,1919.065,0.47103992979382897,0.47103992979382897,TARGET
scalper_filtered,1610015400000,2021,0.6714896714734402,1610016300000,1610017200000,1913.065,1905.7950714285714,1914.9448571428572,1914.9448571428572,0.25857986421560863,0.25857986421560863,TARGET
scalper_filtered,1610075700000,2021,0.6778630557113525,1610076600000,1610080200000,1910.498,1907.0130714285713,1911.797857142857,1907.0130714285713,0.37299391256220465,-1.0,STOP
scalper_filtered,1610112600000,2021,0.6867771257987125,1610113500000,1610113500000,1879.088,1873.296267857143,1881.9714642857143,1881.9714642857143,0.4978587086888285,0.4978587086888285,TARGET
scalper_filtered,1610127000000,2021,0.694327171914926,1610127900000,1610129700000,1845.555,1832.7296428571428,1852.7437142857143,1832.7296428571428,0.5605079223636139,-1.0,STOP
scalper_filtered,1610322300000,2021,0.6603702209137513,1610323200000,1610323200000,1844.625,1838.3708392857143,1847.3533214285715,1847.3533214285715,0.4362410166946056,0.4362410166946056,TARGET
scalper_filtered,1610371800000,2021,0.7949288544952285,1610372700000,1610374500000,1837.495,1830.1702857142857,1838.0234285714287,1830.1702857142857,0.07214323328070275,-1.0,STOP
scalper_filtered,1610413200000,2021,0.7873873237490004,1610414100000,1610414100000,1844.805,1839.1958750000001,1845.0942499999999,1845.0942499999999,0.051567757894469005,0.051567757894469005,TARGET
scalper_filtered,1610457300000,2021,0.6839251960810728,1610458200000,1610458200000,1850.188,1844.799482142857,1851.9620357142858,1844.799482142857,0.3292251712470381,-1.0,STOP
scalper_filtered,1610517600000,2021,0.7261109226391975,1610518500000,1610518500000,1859.688,1855.6526428571428,1859.8987142857143,1859.8987142857143,0.05221701035486972,0.05221701035486972,TARGET
scalper_filtered,1610526600000,2021,0.7157502746763857,1610527500000,1610528400000,1856.418,1852.3573035714287,1857.939392857143,1852.3573035714287,0.3746630372166178,-1.0,STOP
scalper_filtered,1610529300000,2021,0.6558555217932976,1610530200000,1610530200000,1852.338,1846.965125,1853.87375,1853.87375,0.285833934346137,0.285833934346137,TARGET
scalper_filtered,1610570700000,2021,0.7212428949537996,1610571600000,1610574300000,1848.655,1843.666125,1849.69275,1843.666125,0.20801282854350098,-1.0,STOP
scalper_filtered,1610689500000,2021,0.8314669180274845,1610690400000,1610690400000,1849.795,1845.9324464285714,1850.059107142857,1850.059107142857,0.06837630546036512,0.06837630546036512,TARGET
scalper_filtered,1610693100000,2021,0.7852699648433492,1610694000000,1610694000000,1849.198,1845.0617857142856,1849.7514285714285,1849.7514285714285,0.1338007494775666,0.1338007494775666,TARGET
scalper_filtered,1610712000000,2021,0.688302598492927,1610712900000,1610714700000,1847.995,1843.6446785714286,1849.1266428571428,1849.1266428571428,0.2601285619289338,0.2601285619289338,TARGET
scalper_filtered,1610727300000,2021,0.6752707684800946,1610728200000,1610728200000,1828.237,1818.8996249999998,1831.90575,1831.90575,0.39291021298809387,0.39291021298809387,TARGET
scalper_filtered,1610960400000,2021,0.7137420668617742,1610961300000,1610967600000,1833.188,1828.5120178571428,1834.889964285714,1834.889964285714,0.36398006530324273,0.36398006530324273,TARGET
scalper_filtered,1611061200000,2021,0.7198754973912161,1611062100000,1611062100000,1835.465,1831.0741785714285,1836.380642857143,1836.380642857143,0.20853566286819009,0.20853566286819009,TARGET
scalper_filtered,1611146700000,2021,0.6907333399786321,1611147600000,1611147600000,1842.945,1838.6742857142856,1844.8174285714285,1838.6742857142856,0.4384345208228803,-1.0,STOP
scalper_filtered,1611188100000,2021,0.7930131670614209,1611189000000,1611190800000,1869.495,1866.7730535714286,1870.0578928571429,1870.0578928571429,0.2067979190312066,0.2067979190312066,TARGET
scalper_filtered,1611214200000,2021,0.7184092802816501,1611215100000,1611216000000,1868.535,1864.3286785714286,1869.2886428571428,1869.2886428571428,0.17916910772048641,0.17916910772048641,TARGET
scalper_filtered,1611279900000,2021,0.7034905154148414,1611280800000,1611283500000,1864.245,1861.655607142857,1865.1517857142856,1861.655607142857,0.35019240583145494,-1.0,STOP
scalper_filtered,1611296100000,2021,0.7317282806198386,1611297000000,1611297000000,1859.025,1855.7329464285715,1859.8371071428571,1859.8371071428571,0.2466870982614703,0.2466870982614703,TARGET
scalper_filtered,1611318600000,2021,0.6926909493344326,1611319500000,1611320400000,1845.185,1839.310392857143,1846.9742142857142,1839.310392857143,0.3045674786763857,-1.0,STOP
scalper_filtered,1611322200000,2021,0.751354608340627,1611323100000,1611323100000,1842.385,1834.178232142857,1843.2285357142857,1843.2285357142857,0.10278537531088379,0.10278537531088379,TARGET
scalper_filtered,1611553500000,2021,0.7342731174727434,1611554400000,1611554400000,1853.085,1849.9730892857144,1853.3688214285714,1853.3688214285714,0.09120487527758513,0.09120487527758513,TARGET
scalper_filtered,1611556200000,2021,0.7444371135406928,1611557100000,1611557100000,1851.365,1847.9008214285714,1851.693357142857,1851.693357142857,0.09478643669385493,0.09478643669385493,TARGET
scalper_filtered,1611585000000,2021,0.8038677635019671,1611585900000,1611585900000,1863.755,1857.8838035714286,1864.577392857143,1857.8838035714286,0.1400724481199068,-1.0,STOP
scalper_filtered,1611591300000,2021,0.6783165717286721,1611592200000,1611592200000,1851.865,1843.4277857142858,1854.2194285714286,1854.2194285714286,0.2790528356515816,0.2790528356515816,TARGET
scalper_filtered,1611620100000,2021,0.6926501452380772,1611621000000,1611622800000,1854.045,1852.0404107142858,1855.0931785714286,1855.0931785714286,0.5228894411929413,0.5228894411929413,TARGET
scalper_filtered,1611638100000,2021,0.8407829948361113,1611639000000,1611639000000,1856.295,1853.136464285714,1856.4320714285714,1856.4320714285714,0.043397143793979256,0.043397143793979256,TARGET
scalper_filtered,1611640800000,2021,0.6601757664457711,1611641700000,1611641700000,1855.375,1852.813607142857,1856.3367857142857,1856.3367857142857,0.37549324446799215,0.37549324446799215,TARGET
scalper_filtered,1611685800000,2021,0.7198580966998759,1611686700000,1611688500000,1852.325,1849.377267857143,1853.6334642857144,1849.377267857143,0.44388846146856914,-1.0,STOP
scalper_filtered,1611708300000,2021,0.7575135960724833,1611709200000,1611709200000,1848.825,1846.4288928571427,1849.507214285714,1846.4288928571427,0.2847177713850159,-1.0,STOP
scalper_filtered,1611711900000,2021,0.8303243187616874,1611712800000,1611712800000,1846.015,1841.863892857143,1846.0762142857143,1846.0762142857143,0.014746496201505536,0.014746496201505536,TARGET
scalper_filtered,1611735300000,2021,0.7134516456237825,1611736200000,1611737100000,1847.315,1843.6556785714286,1848.399642857143,1848.399642857143,0.2964054615902566,0.2964054615902566,TARGET
scalper_filtered,1611747900000,2021,0.7214634069124582,1611748800000,1611750600000,1841.275,1836.365375,1842.0342500000002,1842.0342500000002,0.15464521221072172,0.15464521221072172,TARGET
scalper_filtered,1611758700000,2021,0.7206886704282962,1611759600000,1611759600000,1837.077,1827.734892857143,1838.2112142857145,1838.2112142857145,0.12140882869040195,0.12140882869040195,TARGET
scalper_filtered,1611775800000,2021,0.7350486756073709,1611776700000,1611776700000,1845.325,1840.058267857143,1846.1684642857144,1846.1684642857144,0.16014945564648092,0.16014945564648092,TARGET
scalper_filtered,1611777600000,2021,0.6678431396836455,1611778500000,1611780300000,1841.835,1838.0724642857144,1844.7700714285716,1844.7700714285716,0.7800780248882774,0.7800780248882774,TARGET
scalper_filtered,1611797400000,2021,0.8017869565064902,1611798300000,1611798300000,1836.655,1832.0361785714285,1837.7026428571428,1837.7026428571428,0.22682038553433445,0.22682038553433445,TARGET
scalper_filtered,1611817200000,2021,0.8406596586444043,1611818100000,1611818100000,1836.748,1833.347267857143,1836.8204642857143,1836.8204642857143,0.021308436733662756,0.021308436733662756,TARGET
scalper_filtered,1611838800000,2021,0.7308617933225788,1611839700000,1611840600000,1840.127,1836.0653928571428,1841.3172142857143,1841.3172142857143,0.29304022862168233,0.29304022862168233,TARGET
scalper_filtered,1611856800000,2021,0.7081266113364069,1611857700000,1611860400000,1839.275,1830.8666785714286,1842.657642857143,1842.657642857143,0.40229704416967393,0.40229704416967393,TARGET
scalper_filtered,1611882000000,2021,0.7687675732200431,1611882900000,1611882900000,1841.818,1837.9294642857142,1842.3950714285713,1842.3950714285713,0.1484032733584735,0.1484032733584735,TARGET
scalper_filtered,1611954000000,2021,0.7025606728576851,1611954900000,1611955800000,1844.485,1839.0172857142857,1846.2404285714285,1846.2404285714285,0.32105345665466306,0.32105345665466306,TARGET
scalper_filtered,1612158300000,2021,0.724553880143886,1612159200000,1612159200000,1859.695,1855.0417499999999,1860.8715,1860.8715,0.25283404072422816,0.25283404072422816,TARGET
scalper_filtered,1612234800000,2021,0.6641243727565066,1612235700000,1612249200000,1856.235,1851.8950178571426,1857.9039642857142,1851.8950178571426,0.38455556515620537,-1.0,STOP
scalper_filtered,1612250100000,2021,0.7446258778182019,1612251000000,1612251000000,1847.385,1843.03475,1848.3155,1848.3155,0.21389575311762468,0.21389575311762468,TARGET
scalper_filtered,1612265400000,2021,0.6926481856491652,1612266300000,1612267200000,1845.385,1840.0992678571429,1846.9834642857143,1840.0992678571429,0.3024111405029027,-1.0,STOP_BOTH
scalper_filtered,1612277100000,2021,0.6743418706164928,1612278000000,1612281600000,1834.115,1825.0225535714285,1837.9058928571428,1837.9058928571428,0.4169277088320861,0.4169277088320861,TARGET
scalper_filtered,1612338300000,2021,0.8058412743799245,1612339200000,1612339200000,1837.055,1833.164,1837.376,1837.376,0.08249807247491811,0.08249807247491811,TARGET
scalper_filtered,1612342800000,2021,0.8058986622755183,1612343700000,1612343700000,1835.695,1831.6089642857141,1836.3670714285713,1836.3670714285713,0.16448006712756863,0.16448006712756863,TARGET
scalper_filtered,1612347300000,2021,0.735309376162845,1612348200000,1612348200000,1834.455,1830.7315714285714,1835.7548571428572,1835.7548571428572,0.3491022099447918,0.3491022099447918,TARGET
scalper_filtered,1612363500000,2021,0.8022874773378313,1612364400000,1612369800000,1835.775,1829.2513214285714,1836.558357142857,1836.558357142857,0.12007905268166798,0.12007905268166798,TARGET
scalper_filtered,1612398600000,2021,0.6863530319313389,1612399500000,1612400400000,1833.215,1831.3968035714286,1833.8513928571429,1833.8513928571429,0.3500132588220854,0.3500132588220854,TARGET
scalper_filtered,1612401300000,2021,0.7056054555297534,1612402200000,1612402200000,1832.66,1830.5094464285714,1833.2861071428572,1830.5094464285714,0.2911376638905006,-1.0,STOP
scalper_filtered,1612404000000,2021,0.8143081628641515,1612404900000,1612404900000,1825.835,1821.4647678571428,1825.9864642857144,1825.9864642857144,0.03465817850475894,0.03465817850475894,TARGET
scalper_filtered,1612416600000,2021,0.7217567127206908,1612417500000,1612419300000,1819.115,1815.53125,1820.2314999999999,1820.2314999999999,0.3115451691663361,0.3115451691663361,TARGET
scalper_filtered,1612430100000,2021,0.7805838879261511,1612431000000,1612431000000,1815.105,1807.519017857143,1815.6699642857145,1815.6699642857145,0.07447477137109527,0.07447477137109527,TARGET
scalper_filtered,1612450800000,2021,0.6690647871135729,1612451700000,1612451700000,1792.938,1780.7070714285715,1793.249857142857,1793.249857142857,0.025497421641842894,0.025497421641842894,TARGET
scalper_filtered,1612530900000,2021,0.7601975745217343,1612531800000,1612531800000,1796.758,1791.1921607142858,1797.5906785714285,1797.5906785714285,0.14960521292191944,0.14960521292191944,TARGET
scalper_filtered,1612557900000,2021,0.8143597594106685,1612558800000,1612560600000,1811.065,1808.1544107142856,1811.9361785714286,1811.9361785714286,0.29931346744950865,0.29931346744950865,TARGET
scalper_filtered,1612825200000,2021,0.8022449887763917,1612826100000,1612828800000,1830.825,1827.6907857142858,1831.4624285714287,1831.4624285714287,0.20337746986033903,0.20337746986033903,TARGET
scalper_filtered,1612849500000,2021,0.7657446665345007,1612850400000,1612854000000,1839.975,1836.806732142857,1840.5515357142858,1840.5515357142858,0.1819718976683473,0.1819718976683473,TARGET
scalper_filtered,1612875600000,2021,0.712895882774954,1612876500000,1612876500000,1842.025,1838.1832678571427,1843.0874642857143,1843.0874642857143,0.27655865797139617,0.27655865797139617,TARGET
scalper_filtered,1612881000000,2021,0.7984514264131097,1612881900000,1612881900000,1836.735,1829.3815,1837.072,1837.072,0.0458285170327044,0.0458285170327044,TARGET
scalper_filtered,1613005200000,2021,0.6906373141108043,1613006100000,1613006100000,1840.435,1838.2285357142857,1841.0079285714287,1841.0079285714287,0.25965911849930245,0.25965911849930245,TARGET
scalper_filtered,1613007000000,2021,0.7524462805296267,1613007900000,1613007900000,1838.685,1836.0373035714285,1839.180392857143,1839.180392857143,0.18710334455161928,0.18710334455161928,TARGET
scalper_filtered,1613010600000,2021,0.8390261897700151,1613011500000,1613011500000,1837.225,1833.7353928571429,1837.3942142857143,1837.3942142857143,0.04849092714081858,0.04849092714081858,TARGET
scalper_filtered,1613013300000,2021,0.8450785962061789,1613014200000,1613014200000,1836.405,1832.5452678571428,1836.5944642857141,1836.5944642857141,0.04908741816832772,0.04908741816832772,TARGET
scalper_filtered,1613043000000,2021,0.6804644335588684,1613043900000,1613043900000,1841.108,1838.1846785714285,1841.9656428571427,1841.9656428571427,0.29337959512782236,0.29337959512782236,TARGET
scalper_filtered,1613053800000,2021,0.670038428675157,1613054700000,1613054700000,1841.005,1836.7463571428573,1842.3822857142857,1842.3822857142857,0.32340953690810276,0.32340953690810276,TARGET
scalper_filtered,1613057400000,2021,0.6979554741836816,1613058300000,1613061000000,1840.875,1835.2879107142858,1841.6391785714286,1835.2879107142858,0.13677579368250825,-1.0,STOP
scalper_filtered,1613065500000,2021,0.6856910325631462,1613066400000,1613084400000,1826.435,1820.1390892857144,1828.3678214285715,1824.379,0.30699632130835236,-0.32656117491230036,16BAR_TIMEOUT
scalper_filtered,1613094300000,2021,0.8070827997834911,1613095200000,1613097000000,1823.327,1820.3972678571429,1823.8794642857142,1820.3972678571429,0.18857160271841472,-1.0,STOP
scalper_filtered,1613136600000,2021,0.7607566215802095,1613137500000,1613137500000,1814.185,1808.4291428571428,1814.3267142857144,1814.3267142857144,0.024620883075651995,0.024620883075651995,TARGET
scalper_filtered,1613364300000,2021,0.7127821801445908,1613365200000,1613366100000,1822.485,1820.3215357142856,1823.4339285714284,1823.4339285714284,0.43861531604400006,0.43861531604400006,TARGET
scalper_filtered,1613369700000,2021,0.7527505008794225,1613370600000,1613372400000,1820.365,1817.5289285714287,1821.1861428571428,1817.5289285714287,0.28953532300717605,-1.0,STOP
scalper_filtered,1613453400000,2021,0.7291924632784524,1613454300000,1613456100000,1821.745,1819.2887678571428,1822.3974642857142,1822.3974642857142,0.26563624599237595,0.26563624599237595,TARGET
scalper_filtered,1613461500000,2021,0.6685636460998383,1613462400000,1613462400000,1820.485,1817.4732857142856,1821.2584285714286,1821.2584285714286,0.25680675457739227,0.25680675457739227,TARGET
scalper_filtered,1613478600000,2021,0.702238028764689,1613479500000,1613479500000,1816.707,1812.816607142857,1818.0407857142857,1812.816607142857,0.3428408809245657,-1.0,STOP
scalper_filtered,1613485800000,2021,0.7295026079872741,1613486700000,1613487600000,1795.945,1785.1229107142858,1797.9091785714286,1797.9091785714286,0.18149716931475443,0.18149716931475443,TARGET
scalper_filtered,1613516400000,2021,0.6951036790867199,1613517300000,1613517300000,1787.605,1785.2416785714286,1789.3286428571428,1789.3286428571428,0.7293306937874433,0.7293306937874433,TARGET
scalper_filtered,1613549700000,2021,0.7461257861273773,1613550600000,1613550600000,1786.695,1781.6276607142856,1787.8596785714285,1787.8596785714285,0.2298402585183109,0.2298402585183109,TARGET
scalper_filtered,1613555100000,2021,0.7026726260631191,1613556000000,1613557800000,1785.915,1781.2517500000001,1788.1615000000002,1788.1615000000002,0.4817455637163515,0.4817455637163515,TARGET
scalper_filtered,1613568600000,2021,0.7328468426658044,1613569500000,1613569500000,1778.225,1771.234392857143,1779.1862142857142,1779.1862142857142,0.1375008301956209,0.1375008301956209,TARGET
scalper_filtered,1613635200000,2021,0.6898107913199177,1613636100000,1613636100000,1780.525,1777.266767857143,1781.5904642857145,1781.5904642857145,0.3270068672209609,0.3270068672209609,TARGET
scalper_filtered,1613661300000,2021,0.6601064059876912,1613662200000,1613662200000,1772.035,1764.8297142857143,1775.2555714285716,1775.2555714285716,0.4469734520292675,0.4469734520292675,TARGET
scalper_filtered,1613691900000,2021,0.7134038053389992,1613692800000,1613693700000,1771.425,1768.6871964285715,1772.1906071428573,1768.6871964285715,0.2796428315190911,-1.0,STOP_BOTH
scalper_filtered,1613965500000,2021,0.7200287189471289,1613966400000,1613966400000,1783.675,1778.5734107142857,1784.4881785714285,1784.4881785714285,0.15939710664394147,0.15939710664394147,TARGET
scalper_filtered,1614042000000,2021,0.8237754712217792,1614042900000,1614042900000,1808.495,1804.774892857143,1808.6452142857145,1808.6452142857145,0.04037902134163335,0.04037902134163335,TARGET
scalper_filtered,1614058200000,2021,0.7099061520681522,1614059100000,1614059100000,1811.715,1808.2032678571427,1812.2164642857142,1812.2164642857142,0.1427968493366606,0.1427968493366606,TARGET
scalper_filtered,1614069000000,2021,0.6615617399102478,1614069900000,1614069900000,1808.235,1804.4957678571427,1810.3134642857144,1810.3134642857144,0.5558532357197643,0.5558532357197643,TARGET
scalper_filtered,1614074400000,2021,0.7300148586201469,1614075300000,1614075300000,1807.125,1801.3585714285716,1807.8578571428573,1807.8578571428573,0.12709030100336835,0.12709030100336835,TARGET
scalper_filtered,1614089700000,2021,0.7306829779466268,1614090600000,1614090600000,1807.925,1803.76175,1809.6815,1803.76175,0.42190596288955357,-1.0,STOP
scalper_filtered,1614105900000,2021,0.7864787013116524,1614106800000,1614110400000,1803.775,1799.7500892857142,1805.4948214285714,1805.4948214285714,0.4272943055524335,0.4272943055524335,TARGET
scalper_filtered,1614147300000,2021,0.7261662515678933,1614148200000,1614148200000,1807.65,1804.6115,1808.261,1808.261,0.20108606220169611,0.20108606220169611,TARGET
scalper_filtered,1614152700000,2021,0.6685929197819349,1614153600000,1614153600000,1805.885,1802.9436071428572,1806.9077857142859,1806.9077857142859,0.34772156048525704,0.34772156048525704,TARGET
scalper_filtered,1614159000000,2021,0.6678836569836659,1614159900000,1614162600000,1805.285,1801.6224642857144,1806.8800714285715,1806.8800714285715,0.4355101364199147,0.4355101364199147,TARGET
scalper_filtered,1614172500000,2021,0.6952527304633842,1614173400000,1614173400000,1802.235,1797.5019464285715,1803.271107142857,1797.5019464285715,0.21890881377548008,-1.0,STOP
scalper_filtered,1614177000000,2021,0.6872812159749877,1614177900000,1614179700000,1788.845,1781.1926785714286,1790.7696428571428,1790.7696428571428,0.2515109793946632,0.2515109793946632,TARGET
scalper_filtered,1614222900000,2021,0.695440855055828,1614223800000,1614226500000,1796.045,1791.9586785714287,1797.557642857143,1797.557642857143,0.370172264611056,0.370172264611056,TARGET
scalper_filtered,1614235500000,2021,0.7920985901379484,1614236400000,1614236400000,1796.565,1791.3785357142858,1796.5879285714286,1791.3785357142858,0.00442084822442919,-1.0,STOP
scalper_filtered,1614240000000,2021,0.6632674380697271,1614240900000,1614246300000,1792.085,1786.6775357142858,1793.9299285714287,1793.9299285714287,0.34118183199151647,0.34118183199151647,TARGET
scalper_filtered,1614253500000,2021,0.8018936226228642,1614254400000,1614254400000,1786.608,1778.4807321428573,1786.9235357142857,1786.9235357142857,0.03882432815456011,0.03882432815456011,TARGET
scalper_filtered,1614267900000,2021,0.744245935013628,1614268800000,1614269700000,1775.545,1765.4786607142858,1778.1366785714288,1778.1366785714288,0.2574598866448592,0.2574598866448592,TARGET
scalper_filtered,1614276000000,2021,0.7349092072762565,1614276900000,1614276900000,1771.705,1761.0793035714285,1773.8253928571428,1773.8253928571428,0.1995533065899877,0.1995533065899877,TARGET
scalper_filtered,1614298500000,2021,0.7755939259410496,1614299400000,1614299400000,1768.565,1762.7591964285714,1769.4846071428572,1769.4846071428572,0.15839446366781057,0.15839446366781057,TARGET
scalper_filtered,1614317400000,2021,0.8240759994479392,1614318300000,1614318300000,1762.175,1755.7768214285713,1762.2513571428572,1762.2513571428572,0.011934200023453795,0.011934200023453795,TARGET
scalper_filtered,1614323700000,2021,0.7335006740918371,1614324600000,1614326400000,1759.275,1753.2225535714285,1761.6778928571428,1761.6778928571428,0.3970118340576158,0.3970118340576158,TARGET
scalper_filtered,1614605400000,2021,0.7159050367799009,1614606300000,1614606300000,1736.04,1727.912732142857,1736.4095357142855,1736.4095357142855,0.04546862743803846,0.04546862743803846,TARGET
scalper_filtered,1614627000000,2021,0.6968369530348025,1614627900000,1614633300000,1723.875,1717.9032857142856,1725.4684285714286,1725.4684285714286,0.2668293383091734,0.2668293383091734,TARGET
scalper_filtered,1614699900000,2021,0.6796273430315505,1614700800000,1614700800000,1725.27,1716.8819464285716,1727.0611071428573,1727.0611071428573,0.21353072290313213,0.21353072290313213,TARGET
scalper_filtered,1614733200000,2021,0.7139696361075666,1614734100000,1614734100000,1735.343,1731.3009642857141,1736.1220714285712,1736.1220714285712,0.19274234164176507,0.19274234164176507,TARGET
scalper_filtered,1614777300000,2021,0.7856726679793593,1614778200000,1614778200000,1712.835,1705.5920178571428,1713.2209642857142,1713.2209642857142,0.053288034969795235,0.053288034969795235,TARGET
scalper_filtered,1614799800000,2021,0.6639815459840626,1614800700000,1614800700000,1715.095,1709.4450892857142,1716.8548214285713,1716.8548214285713,0.31147774143077356,0.31147774143077356,TARGET
scalper_filtered,1614813300000,2021,0.6731335830029611,1614814200000,1614817800000,1710.544,1707.2290357142858,1712.7669285714287,1712.7669285714287,0.6705739126687578,0.6705739126687578,TARGET
scalper_filtered,1614830400000,2021,0.8002196040529753,1614831300000,1614831300000,1710.004,1704.8004285714287,1710.091142857143,1710.091142857143,0.01674673987651266,0.01674673987651266,TARGET
scalper_filtered,1614879000000,2021,0.6663456991482298,1614879900000,1614883500000,1704.938,1695.6705714285713,1707.9208571428571,1695.6705714285713,0.321864594894541,-1.0,STOP
scalper_filtered,1614902400000,2021,0.7862196350363746,1614903300000,1614903300000,1692.405,1686.503125,1692.9977499999998,1692.9977499999998,0.10043418405164366,0.10043418405164366,TARGET
scalper_filtered,1614906000000,2021,0.7228065687616982,1614906900000,1614906900000,1690.404,1684.9163035714284,1691.7493928571428,1691.7493928571428,0.24516532112418166,0.24516532112418166,TARGET
scalper_filtered,1614933900000,2021,0.6968384557377789,1614934800000,1614934800000,1693.745,1688.9127321428573,1695.1685357142858,1695.1685357142858,0.29458957085372567,0.29458957085372567,TARGET
scalper_filtered,1615176900000,2021,0.6756980104589497,1615177800000,1615180500000,1705.685,1702.2354107142855,1708.3211785714284,1708.3211785714284,0.7642007071234547,0.7642007071234547,TARGET
scalper_filtered,1615322700000,2021,0.7207027431182296,1615323600000,1615324500000,1716.035,1712.8418392857143,1717.2613214285716,1717.2613214285716,0.38404625958383587,0.38404625958383587,TARGET
scalper_filtered,1615337100000,2021,0.8180887899967721,1615338000000,1615338000000,1715.318,1711.3826785714286,1715.388642857143,1715.388642857143,0.017950975142735096,0.017950975142735096,TARGET
scalper_filtered,1615356900000,2021,0.7466801630261,1615357800000,1615357800000,1711.615,1708.3895357142858,1711.8529285714287,1711.8529285714287,0.07376568157412583,0.07376568157412583,TARGET
scalper_filtered,1615423500000,2021,0.6618306968656831,1615424400000,1615424400000,1724.815,1723.1504642857144,1725.8610714285714,1723.1504642857144,0.6284463707168497,-1.0,STOP
scalper_filtered,1615527900000,2021,0.7985656858890045,1615528800000,1615528800000,1718.044,1714.8606964285714,1718.6296071428571,1714.8606964285714,0.18396207892739935,-1.0,STOP
scalper_filtered,1615531500000,2021,0.7515035114898448,1615532400000,1615533300000,1711.894,1707.9976428571429,1712.7567142857142,1707.9976428571429,0.2214156079854639,-1.0,STOP
scalper_filtered,1615786200000,2021,0.7143621865053821,1615787100000,1615787100000,1723.435,1720.2600892857145,1724.1418214285716,1724.1418214285716,0.2226271829917268,0.2226271829917268,TARGET
scalper_filtered,1615820400000,2021,0.7009979795596936,1615821300000,1615823100000,1727.648,1719.8841071428571,1728.4157857142857,1728.4157857142857,0.09889184825359916,0.09889184825359916,TARGET
scalper_filtered,1615942800000,2021,0.8203511242294813,1615943700000,1615943700000,1731.385,1728.453125,1731.69875,1731.69875,0.107013429972297,0.107013429972297,TARGET
scalper_filtered,1615989600000,2021,0.8098162585304319,1615990500000,1615990500000,1728.475,1721.6748928571428,1728.7042142857142,1728.7042142857142,0.03370745208846829,0.03370745208846829,TARGET
scalper_filtered,1616057100000,2021,0.7407254277679542,1616058000000,1616058900000,1736.285,1729.9972321428572,1737.7875357142857,1737.7875357142857,0.23896170285274532,0.23896170285274532,TARGET
scalper_filtered,1616067000000,2021,0.683954728898585,1616067900000,1616067900000,1730.215,1725.4335178571428,1732.0049642857143,1732.0049642857143,0.37435343942219923,0.37435343942219923,TARGET
scalper_filtered,1616074200000,2021,0.7103508574255178,1616075100000,1616076000000,1724.614,1716.1825535714286,1724.9798928571429,1724.9798928571429,0.043396214426858,0.043396214426858,TARGET
scalper_filtered,1616108400000,2021,0.8324436240231236,1616109300000,1616109300000,1735.094,1730.9299464285714,1735.8621071428572,1735.8621071428572,0.18446139793384728,0.18446139793384728,TARGET
scalper_filtered,1616149800000,2021,0.6648466469822631,1616150700000,1616152500000,1736.748,1733.1021964285712,1738.549607142857,1738.549607142857,0.49415913599285766,0.49415913599285766,TARGET
scalper_filtered,1616393700000,2021,0.6957729619534544,1616394600000,1616394600000,1732.208,1728.500142857143,1732.9037142857144,1732.9037142857144,0.18763244076286223,0.18763244076286223,TARGET
scalper_filtered,1616396400000,2021,0.7100180672789409,1616397300000,1616397300000,1730.375,1726.8014464285714,1731.8911071428572,1731.8911071428572,0.42425756674779447,0.42425756674779447,TARGET
scalper_filtered,1616399100000,2021,0.7029310836804078,1616400000000,1616400000000,1729.179,1725.2970535714287,1731.119892857143,1731.119892857143,0.49997929978059436,0.49997929978059436,TARGET
scalper_filtered,1616445900000,2021,0.6640751816838167,1616450400000,1616450400000,1738.466,1737.1219999999998,1739.5339999999999,1739.5339999999999,0.7946428571428148,0.7946428571428148,TARGET
scalper_filtered,1616466600000,2021,0.7486315823201182,1616467500000,1616467500000,1732.785,1729.6394642857142,1733.4750714285713,1733.4750714285713,0.2193812091966152,0.2193812091966152,TARGET
scalper_filtered,1616491800000,2021,0.704505779868959,1616492700000,1616493600000,1737.715,1734.743875,1738.88725,1738.88725,0.3945475198788556,0.3945475198788556,TARGET
scalper_filtered,1616507100000,2021,0.7745995642216157,1616508000000,1616510700000,1730.908,1725.131160714286,1731.3316785714287,1731.3316785714287,0.07334089637503967,0.07334089637503967,TARGET
scalper_filtered,1616541300000,2021,0.7373455324010029,1616542200000,1616542200000,1726.888,1725.4223749999999,1727.68025,1727.68025,0.5405543710020931,0.5405543710020931,TARGET
scalper_filtered,1616543100000,2021,0.7144779985424056,1616544000000,1616545800000,1727.105,1725.3775357142856,1727.6799285714285,1727.6799285714285,0.3328164733609568,0.3328164733609568,TARGET
scalper_filtered,1616571000000,2021,0.7277442305086479,1616571900000,1616572800000,1729.025,1725.8120178571428,1729.5799642857144,1729.5799642857144,0.1727256053843948,0.1727256053843948,TARGET
scalper_filtered,1616637600000,2021,0.7704898459558712,1616638500000,1616638500000,1733.155,1730.8534642857142,1733.8070714285714,1733.8070714285714,0.2833201433824941,0.2833201433824941,TARGET
scalper_filtered,1616668200000,2021,0.7678192971394898,1616669100000,1616670000000,1731.325,1728.7649464285714,1732.014107142857,1732.014107142857,0.26917684479252135,0.26917684479252135,TARGET
scalper_filtered,1616673600000,2021,0.6964756419340821,1616674500000,1616674500000,1728.048,1725.2089464285714,1728.746107142857,1728.746107142857,0.24589431840333598,0.24589431840333598,TARGET
scalper_filtered,1616721300000,2021,0.7408101352645867,1616722200000,1616722200000,1727.605,1724.7986785714286,1728.3276428571428,1728.3276428571428,0.25750537689142616,0.25750537689142616,TARGET
scalper_filtered,1616724900000,2021,0.6724872685441243,1616725800000,1616726700000,1726.828,1723.9846607142858,1727.8856785714286,1723.9846607142858,0.3719846508444201,-1.0,STOP
scalper_filtered,1616745600000,2021,0.7293465829271342,1616746500000,1616746500000,1726.705,1724.0869285714286,1727.6901428571427,1727.6901428571427,0.37628570649060716,0.37628570649060716,TARGET
scalper_filtered,1616758200000,2021,0.6730800569448661,1616759100000,1616759100000,1724.438,1719.8119464285714,1724.8701071428573,1724.8701071428573,0.093407293319282,0.093407293319282,TARGET
scalper_filtered,1616980500000,2021,0.6923733116292573,1616981400000,1616981400000,1727.878,1725.1124464285715,1728.6091071428573,1728.6091071428573,0.2643619528511727,0.2643619528511727,TARGET
scalper_filtered,1616995800000,2021,0.6887304028929142,1616996700000,1616996700000,1727.445,1725.0804464285713,1728.1631071428571,1728.1631071428571,0.30369671109771035,0.30369671109771035,TARGET
scalper_filtered,1616999400000,2021,0.7886480704158896,1617000300000,1617000300000,1727.045,1723.8358214285713,1727.4123571428572,1727.4123571428572,0.11447077022379377,0.11447077022379377,TARGET
scalper_filtered,1617001200000,2021,0.6763394771669996,1617002100000,1617003000000,1726.868,1723.5425892857143,1727.5188214285713,1727.5188214285713,0.19571159308998695,0.19571159308998695,TARGET
scalper_filtered,1617005700000,2021,0.729427727389854,1617006600000,1617012900000,1725.638,1722.228357142857,1726.6582857142857,1726.6582857142857,0.2992353618938158,0.2992353618938158,TARGET
scalper_filtered,1617020100000,2021,0.7904200153268898,1617021000000,1617021000000,1725.798,1722.218125,1725.96775,1725.96775,0.04741785676874932,0.04741785676874932,TARGET
scalper_filtered,1617021900000,2021,0.714197762603752,1617022800000,1617022800000,1723.738,1720.388017857143,1724.4889642857142,1724.4889642857142,0.22416963843088836,0.22416963843088836,TARGET
scalper_filtered,1617025500000,2021,0.8427021505064121,1617027300000,1617028200000,1707.768,1703.660892857143,1710.8522142857141,1710.8522142857141,0.7509456603970083,0.7509456603970083,TARGET
scalper_filtered,1617067800000,2021,0.7568932978008185,1617068700000,1617071400000,1710.378,1707.4675357142858,1710.9489285714285,1707.4675357142858,0.1961640877130614,-1.0,STOP
scalper_filtered,1617090300000,2021,0.6798367977605629,1617091200000,1617091200000,1697.298,1693.249982142857,1699.2740357142857,1699.2740357142857,0.4881489617934553,0.4881489617934553,TARGET
scalper_filtered,1617102000000,2021,0.7913148415140668,1617102900000,1617102900000,1693.138,1688.9641607142855,1694.0756785714284,1688.9641607142855,0.22465612766591825,-1.0,STOP
scalper_filtered,1617104700000,2021,0.6658682513757045,1617105600000,1617105600000,1688.245,1684.187767857143,1689.8884642857142,1689.8884642857142,0.40507031095269797,0.40507031095269797,TARGET
scalper_filtered,1617192900000,2021,0.7111811500641446,1617193800000,1617193800000,1684.515,1680.68525,1685.3135,1685.3135,0.2084992492982191,0.2084992492982191,TARGET
scalper_filtered,1617219900000,2021,0.6701128818241461,1617220800000,1617238800000,1707.815,1704.6044821428573,1709.7060357142857,1706.738,0.5890126759701503,-0.33545990021636973,16BAR_TIMEOUT
scalper_filtered,1617573600000,2021,0.7645378719817235,1617574500000,1617574500000,1727.739,1724.8618035714287,1728.270392857143,1728.270392857143,0.1846911986495071,0.1846911986495071,TARGET
scalper_filtered,1617602400000,2021,0.8654203177762897,1617603300000,1617603300000,1722.575,1720.4131607142856,1722.6176785714285,1722.6176785714285,0.019741787333831133,0.019741787333831133,TARGET
scalper_filtered,1617615000000,2021,0.6696007382874097,1617615900000,1617622200000,1725.805,1723.0256964285713,1727.172607142857,1727.172607142857,0.49206828534888586,0.49206828534888586,TARGET
scalper_filtered,1617624000000,2021,0.8069455794196448,1617624900000,1617624900000,1723.945,1720.4625892857143,1724.3398214285717,1724.3398214285717,0.11337589416207798,0.11337589416207798,TARGET
scalper_filtered,1617645600000,2021,0.6951441481187989,1617646500000,1617650100000,1727.008,1723.2698392857142,1728.1843214285714,1728.1843214285714,0.314679201478915,0.314679201478915,TARGET
scalper_filtered,1617692400000,2021,0.7258984176782206,1617693300000,1617693300000,1729.735,1726.3367678571428,1730.3004642857143,1730.3004642857143,0.16639954598244575,0.16639954598244575,TARGET
scalper_filtered,1617787800000,2021,0.6567853431839926,1617788700000,1617794100000,1737.408,1734.5110714285713,1739.1518571428571,1734.5110714285713,0.6019676011539556,-1.0,STOP
scalper_filtered,1617837300000,2021,0.7119683101225485,1617838200000,1617838200000,1736.345,1734.2434107142856,1737.0981785714284,1737.0981785714284,0.3583852356633791,0.3583852356633791,TARGET
scalper_filtered,1617871500000,2021,0.6921757212408071,1617872400000,1617876000000,1743.118,1739.6042857142857,1745.0364285714286,1745.0364285714286,0.5459830866807831,0.5459830866807831,TARGET
scalper_filtered,1617947100000,2021,0.7383401156715254,1617948000000,1617948900000,1750.398,1748.2715535714287,1751.200892857143,1748.2715535714287,0.37757492799029446,-1.0,STOP
scalper_filtered,1617951600000,2021,0.6720701959205334,1617952500000,1617952500000,1746.328,1744.002107142857,1747.2597857142857,1747.2597857142857,0.40061420345490506,0.40061420345490506,TARGET
scalper_filtered,1617953400000,2021,0.8238282604348293,1617954300000,1617954300000,1746.028,1742.7343214285713,1746.396357142857,1746.396357142857,0.11183761100801999,0.11183761100801999,TARGET
scalper_filtered,1617972300000,2021,0.7013016892568832,1617973200000,1617973200000,1738.188,1733.8215714285714,1739.240857142857,1733.8215714285714,0.241125470309127,-1.0,STOP
scalper_filtered,1618182000000,2021,0.7002462733863731,1618182900000,1618182900000,1741.448,1739.6234642857144,1742.0370714285716,1742.0370714285716,0.32286100182046845,0.32286100182046845,TARGET
scalper_filtered,1618190100000,2021,0.7400323924871215,1618191000000,1618191000000,1741.068,1738.3591607142857,1741.6166785714286,1741.6166785714286,0.20255117175912848,0.20255117175912848,TARGET
scalper_filtered,1618205400000,2021,0.748763513746055,1618206300000,1618206300000,1736.428,1733.9755714285714,1737.2528571428572,1737.2528571428572,0.3363429836313541,0.3363429836313541,TARGET
scalper_filtered,1618230600000,2021,0.6987771348923294,1618231500000,1618232400000,1741.885,1738.6886785714285,1743.1176428571428,1738.6886785714285,0.3856442115377748,-1.0,STOP
scalper_filtered,1618234200000,2021,0.7172811218341669,1618235100000,1618235100000,1736.978,1732.9010357142859,1737.7729285714288,1732.9010357142859,0.19498050895716143,-1.0,STOP
scalper_filtered,1618272900000,2021,0.6893343809190061,1618273800000,1618275600000,1730.388,1728.8078392857142,1731.1483214285713,1728.8078392857142,0.48116715071926486,-1.0,STOP
scalper_filtered,1618276500000,2021,0.7860804585790916,1618277400000,1618277400000,1729.415,1727.036625,1729.7917499999999,1729.7917499999999,0.1584064750091558,0.1584064750091558,TARGET
scalper_filtered,1618378200000,2021,0.6988064011960557,1618379100000,1618379100000,1741.828,1739.794875,1742.52525,1742.52525,0.34294497387025635,0.34294497387025635,TARGET
scalper_filtered,1618398000000,2021,0.7072765295555066,1618398900000,1618399800000,1743.105,1740.2511964285713,1744.231607142857,1744.231607142857,0.39477389198618923,0.39477389198618923,TARGET
scalper_filtered,1618406100000,2021,0.7840755351126042,1618407000000,1618407000000,1737.578,1731.957107142857,1737.7797857142857,1737.7797857142857,0.03589922800775449,0.03589922800775449,TARGET
scalper_filtered,1618409700000,2021,0.7196914395614169,1618410600000,1618410600000,1735.495,1730.302517857143,1736.9099642857143,1736.9099642857143,0.27250248470490995,0.27250248470490995,TARGET
scalper_filtered,1618524000000,2021,0.6630715957306781,1618524900000,1618531200000,1764.245,1761.857,1764.8,1764.8,0.232412060301542,0.232412060301542,TARGET
scalper_filtered,1618534800000,2021,0.6961192990316039,1618535700000,1618535700000,1762.595,1760.4383035714286,1763.1583928571429,1763.1583928571429,0.2612295590974901,0.2612295590974901,TARGET
scalper_filtered,1618541100000,2021,0.6770703995516557,1618542000000,1618542000000,1761.268,1758.4759107142856,1761.9021785714285,1761.9021785714285,0.22713405859663682,0.22713405859663682,TARGET
scalper_filtered,1618554600000,2021,0.7217811310755168,1618555500000,1618556400000,1762.888,1760.4426964285715,1763.419607142857,1763.419607142857,0.21739924198721938,0.21739924198721938,TARGET
scalper_filtered,1618602300000,2021,0.8368968743918724,1618603200000,1618604100000,1775.835,1773.3539464285714,1776.3061071428572,1776.3061071428572,0.18988189061385582,0.18988189061385582,TARGET
scalper_filtered,1618812000000,2021,0.8467312115457424,1618812900000,1618812900000,1777.138,1774.1690535714285,1777.3458928571429,1777.3458928571429,0.07002243460586371,0.07002243460586371,TARGET
scalper_filtered,1618838100000,2021,0.818839982804611,1618839000000,1618839000000,1771.215,1764.0896785714285,1771.7046428571427,1771.7046428571427,0.06871870441934544,0.06871870441934544,TARGET
scalper_filtered,1618849800000,2021,0.7348240152883718,1618850700000,1618865100000,1771.017,1766.7821964285713,1773.1206071428571,1770.187,0.4967425542590983,-0.19599492302310628,16BAR_TIMEOUT
scalper_filtered,1618961400000,2021,0.7250474786179372,1618962300000,1618963200000,1777.438,1775.3772857142856,1777.7494285714286,1777.7494285714286,0.15112651646439418,0.15112651646439418,TARGET
scalper_filtered,1619097300000,2021,0.7654499416257674,1619098200000,1619098200000,1783.658,1776.4680714285714,1784.7178571428572,1784.7178571428572,0.14740857747446073,0.14740857747446073,TARGET
scalper_filtered,1619138700000,2021,0.7896776575904739,1619139600000,1619139600000,1783.935,1781.9529107142857,1784.4881785714285,1784.4881785714285,0.2790886240168848,0.2790886240168848,TARGET
scalper_filtered,1619152200000,2021,0.6905998264138755,1619153100000,1619155800000,1784.995,1782.980125,1786.32475,1782.980125,0.6599664991625805,-1.0,STOP
scalper_filtered,1619159400000,2021,0.6809531655450315,1619160300000,1619160300000,1783.838,1781.4847321428572,1784.7345357142858,1784.7345357142858,0.3809747843045689,0.3809747843045689,TARGET
scalper_filtered,1619163000000,2021,0.7545584972862801,1619163900000,1619163900000,1783.558,1780.0689464285715,1784.3261071428572,1784.3261071428572,0.22014770685870655,0.22014770685870655,TARGET
scalper_filtered,1619204400000,2021,0.671339240248471,1619205300000,1619391600000,1776.248,1774.2878928571429,1777.3482142857144,1774.2878928571429,0.5613031357615804,-1.0,STOP
scalper_filtered,1619416800000,2021,0.8677995403966513,1619417700000,1619417700000,1779.058,1776.1742142857142,1779.1255714285712,1779.1255714285712,0.02343150125076592,0.02343150125076592,TARGET
scalper_filtered,1619439300000,2021,0.6617925873467974,1619440200000,1619440200000,1770.955,1766.8523035714286,1772.146392857143,1772.146392857143,0.29039264246949764,0.29039264246949764,TARGET
scalper_filtered,1619511300000,2021,0.7024257197464473,1619512200000,1619512200000,1778.535,1774.4321785714285,1778.7396428571428,1778.7396428571428,0.04987856788444026,0.04987856788444026,TARGET
scalper_filtered,1619552700000,2021,0.7320688874268023,1619553600000,1619568000000,1776.475,1774.319875,1777.36525,1774.319875,0.4130850878720036,-1.0,STOP
scalper_filtered,1619569800000,2021,0.6832591655850881,1619570700000,1619570700000,1770.748,1768.9755357142858,1771.3229285714287,1771.3229285714287,0.3243668016684584,0.3243668016684584,TARGET
scalper_filtered,1619571600000,2021,0.8114258747823782,1619572500000,1619572500000,1769.268,1766.4105,1769.403,1769.403,0.04724409448818459,0.04724409448818459,TARGET
scalper_filtered,1619573400000,2021,0.7625982911048576,1619574300000,1619574300000,1768.585,1765.1183035714287,1768.738392857143,1768.738392857143,0.044247559687885095,0.044247559687885095,TARGET
scalper_filtered,1619589600000,2021,0.8140786419677511,1619590500000,1619590500000,1769.565,1767.3978392857143,1769.7383214285715,1769.7383214285715,0.07997626914740526,0.07997626914740526,TARGET
scalper_filtered,1619591400000,2021,0.6645185325665571,1619592300000,1619593200000,1768.595,1766.6068035714286,1769.3313928571429,1766.6068035714286,0.37038234580874085,-1.0,STOP
scalper_filtered,1619674200000,2021,0.6951282896634193,1619675100000,1619675100000,1784.485,1782.50375,1785.0575,1785.0575,0.28895899053629953,0.28895899053629953,TARGET
scalper_filtered,1619678700000,2021,0.6646334431481197,1619679600000,1619680500000,1778.345,1775.7681785714285,1779.3286428571428,1779.3286428571428,0.3817272109880078,0.3817272109880078,TARGET
scalper_filtered,1619685000000,2021,0.7263280437864372,1619685900000,1619690400000,1777.398,1773.8471607142858,1778.7696785714286,1773.8471607142858,0.38629700221783264,-1.0,STOP
scalper_filtered,1619703000000,2021,0.703664649311488,1619703900000,1619703900000,1768.105,1761.6399107142856,1769.8541785714285,1761.6399107142856,0.27055752737917826,-1.0,STOP
scalper_filtered,1619704800000,2021,0.6825928089921294,1619705700000,1619705700000,1761.845,1752.6446964285715,1762.794607142857,1762.794607142857,0.1032147619352552,0.1032147619352552,TARGET
scalper_filtered,1619784900000,2021,0.7833871953405982,1619785800000,1619785800000,1768.678,1764.277392857143,1768.7192142857143,1768.7192142857143,0.009365590786967175,0.009365590786967175,TARGET
scalper_filtered,1620128700000,2021,0.7446018212533511,1620129600000,1620129600000,1783.465,1778.7781785714285,1784.3276428571428,1784.3276428571428,0.18405712064985022,0.18405712064985022,TARGET
scalper_filtered,1620191700000,2021,0.7082750246530326,1620192600000,1620195300000,1778.738,1776.6556964285714,1779.362607142857,1776.6556964285714,0.2999596943631541,-1.0,STOP
scalper_filtered,1620196200000,2021,0.6921675464497218,1620197100000,1620198000000,1776.648,1774.3510714285715,1777.3718571428572,1777.3718571428572,0.31514133781142223,0.31514133781142223,TARGET
scalper_filtered,1620297900000,2021,0.7570320339151928,1620298800000,1620298800000,1791.928,1789.2604464285716,1793.0541071428572,1789.2604464285716,0.4221497760789411,-1.0,STOP
scalper_filtered,1620327600000,2021,0.7131474307647528,1620328500000,1620330300000,1814.048,1811.5309107142855,1815.1731785714285,1815.1731785714285,0.44701575657816867,0.44701575657816867,TARGET
scalper_filtered,1620348300000,2021,0.7817918480146379,1620349200000,1620349200000,1814.465,1812.4588571428571,1814.6972857142857,1814.6972857142857,0.11578722495198487,0.11578722495198487,TARGET
scalper_filtered,1620631800000,2021,0.7168479103744497,1620632700000,1620634500000,1834.785,1832.069875,1836.02425,1836.02425,0.45642465816482786,0.45642465816482786,TARGET
scalper_filtered,1620693900000,2021,0.7321394273717514,1620694800000,1620694800000,1833.798,1831.403767857143,1834.4764642857144,1831.403767857143,0.2833744788443294,-1.0,STOP_BOTH
scalper_filtered,1620778500000,2021,0.7060867013079325,1620779400000,1620780300000,1836.345,1834.3080178571429,1836.8789642857141,1834.3080178571429,0.2621349861050499,-1.0,STOP
scalper_filtered,1620783000000,2021,0.7424696743673712,1620783900000,1620783900000,1830.878,1827.6505178571429,1831.3329642857143,1831.3329642857143,0.1409657019237972,0.1409657019237972,TARGET
scalper_filtered,1620788400000,2021,0.656837845257708,1620789300000,1620793800000,1828.008,1824.22825,1829.2884999999999,1829.2884999999999,0.33877901977638647,0.33877901977638647,TARGET
scalper_filtered,1620884700000,2021,0.7290234284704229,1620885600000,1620885600000,1817.175,1814.7185357142857,1818.2809285714286,1818.2809285714286,0.4502115409779301,0.4502115409779301,TARGET
scalper_filtered,1620895500000,2021,0.7186807812994678,1620896400000,1620900000000,1815.055,1810.6089821428573,1816.3360357142858,1810.6089821428573,0.2881310321837038,-1.0,STOP
scalper_filtered,1620900900000,2021,0.7518056029018889,1620901800000,1620901800000,1811.688,1806.6189464285715,1812.7301071428572,1812.7301071428572,0.2055821916601575,0.2055821916601575,TARGET
scalper_filtered,1620954900000,2021,0.763119962170582,1620955800000,1620955800000,1824.218,1821.3711964285715,1824.2356071428571,1824.2356071428571,0.006184881540043758,0.006184881540043758,TARGET
scalper_filtered,1620960300000,2021,0.7053280611438066,1620961200000,1620966600000,1822.095,1819.3055357142857,1822.9939285714286,1822.9939285714286,0.32225849817552027,0.32225849817552027,TARGET
scalper_filtered,1621256400000,2021,0.8096490245382696,1621257300000,1621257300000,1847.015,1842.3359107142858,1847.1121785714286,1847.1121785714286,0.02076869354153011,0.02076869354153011,TARGET
scalper_filtered,1621288800000,2021,0.8156245050559776,1621289700000,1621293300000,1866.248,1864.1390357142857,1866.6169285714286,1866.6169285714286,0.1749335320316259,0.1749335320316259,TARGET
scalper_filtered,1621387800000,2021,0.7238529483662275,1621388700000,1621388700000,1867.408,1865.325607142857,1868.3627857142858,1868.3627857142858,0.45850412471924507,0.45850412471924507,TARGET
scalper_filtered,1621389600000,2021,0.7598889977135262,1621390500000,1621390500000,1866.358,1863.2187857142856,1866.7564285714286,1866.7564285714286,0.1269198389042107,0.1269198389042107,TARGET
scalper_filtered,1621410300000,2021,0.6653390138100886,1621411200000,1621411200000,1867.778,1864.099857142857,1869.2542857142857,1869.2542857142857,0.40136714957080727,0.40136714957080727,TARGET
scalper_filtered,1621413900000,2021,0.7269268584499403,1621414800000,1621414800000,1863.115,1857.7093035714286,1864.1553928571427,1864.1553928571427,0.19246231653775067,0.19246231653775067,TARGET
scalper_filtered,1621422000000,2021,0.7019780494214304,1621422900000,1621425600000,1856.795,1851.6333035714285,1858.8983928571429,1858.8983928571429,0.40750030271053916,0.40750030271053916,TARGET
scalper_filtered,1621447200000,2021,0.671553682063137,1621448100000,1621448100000,1868.075,1864.702660714286,1872.4196785714287,1872.4196785714287,1.288327835171719,1.288327835171719,TARGET
scalper_filtered,1621450800000,2021,0.7252422715232744,1621451700000,1621451700000,1867.055,1858.596,1868.19,1868.19,0.13417661662134803,0.13417661662134803,TARGET
scalper_filtered,1621467900000,2021,0.6905209045314765,1621468800000,1621469700000,1865.815,1863.4720178571426,1867.0599642857142,1867.0599642857142,0.5313588451834272,0.5313588451834272,TARGET
scalper_filtered,1621490400000,2021,0.8353907124500702,1621491300000,1621491300000,1874.645,1870.7410178571429,1874.7429642857144,1874.7429642857144,0.025093425668874268,0.025093425668874268,TARGET
scalper_filtered,1621534500000,2021,0.6635450832402906,1621535400000,1621539900000,1876.248,1873.1219107142858,1878.0601785714287,1878.0601785714287,0.579695077715791,0.579695077715791,TARGET
scalper_filtered,1621563300000,2021,0.6883117053626571,1621564200000,1621566000000,1872.015,1869.8365535714288,1873.170892857143,1873.170892857143,0.5306042149959539,0.5306042149959539,TARGET
scalper_filtered,1621606500000,2021,0.6873212737761635,1621607400000,1621607400000,1877.715,1871.0628392857143,1878.7583214285714,1871.0628392857143,0.1568394801903938,-1.0,STOP
scalper_filtered,1621608300000,2021,0.7198962304783699,1621609200000,1621611000000,1873.948,1867.2353214285715,1876.2433571428571,1876.2433571428571,0.3419435503178783,0.3419435503178783,TARGET
scalper_filtered,1621613700000,2021,0.6809391832779144,1621614600000,1621617300000,1874.168,1866.9204821428573,1876.1530357142858,1876.1530357142858,0.27389180039475325,0.27389180039475325,TARGET
scalper_filtered,1621836000000,2021,0.7450160553013767,1621836900000,1621839600000,1883.698,1881.0648749999998,1884.25425,1881.0648749999998,0.21125089010198989,-1.0,STOP
scalper_filtered,1621864800000,2021,0.7294943096044093,1621865700000,1621865700000,1880.798,1875.4947857142856,1882.3444285714286,1882.3444285714286,0.2916021280894299,0.2916021280894299,TARGET
scalper_filtered,1621901700000,2021,0.7576949023023892,1621902600000,1621902600000,1877.478,1875.2135357142856,1878.0379285714284,1878.0379285714284,0.2472675656492921,0.2472675656492921,TARGET
scalper_filtered,1621920600000,2021,0.6724114624117696,1621921500000,1621922400000,1875.228,1872.7766785714284,1876.1706428571429,1876.1706428571429,0.3845447790549714,0.3845447790549714,TARGET
scalper_filtered,1621943100000,2021,0.7535484459319217,1621944000000,1621944000000,1881.978,1878.4578571428572,1882.3882857142858,1882.3882857142858,0.1165537112941767,0.1165537112941767,TARGET
scalper_filtered,1621986300000,2021,0.7532506801524939,1621987200000,1621987200000,1898.155,1896.5769285714287,1898.6501428571428,1898.6501428571428,0.31376454080477123,0.31376454080477123,TARGET
scalper_filtered,1621989900000,2021,0.6690213895862733,1621990800000,1621990800000,1897.818,1896.0599642857142,1898.4240714285713,1898.4240714285713,0.34474352463172087,0.34474352463172087,TARGET
scalper_filtered,1622035800000,2021,0.6604113964143279,1622036700000,1622036700000,1904.218,1899.2008571428573,1905.9122857142859,1899.2008571428573,0.33769931662872577,-1.0,STOP
scalper_filtered,1622051100000,2021,0.6955240947062081,1622052000000,1622053800000,1893.208,1888.477767857143,1894.8084642857143,1894.8084642857143,0.3383479367140541,0.3383479367140541,TARGET
scalper_filtered,1622076300000,2021,0.7611420008413052,1622077200000,1622077200000,1894.488,1892.8804285714284,1895.1831428571427,1892.8804285714284,0.43241802186063594,-1.0,STOP_BOTH
scalper_filtered,1622078100000,2021,0.7611411438781721,1622079000000,1622079000000,1893.605,1891.0644464285715,1893.8951071428571,1893.8951071428571,0.1141905237188022,0.1141905237188022,TARGET
scalper_filtered,1622115900000,2021,0.687119086203667,1622116800000,1622116800000,1894.628,1889.7604999999999,1895.183,1895.183,0.11402157164870189,0.11402157164870189,TARGET
scalper_filtered,1622163600000,2021,0.8200890457646856,1622164500000,1622164500000,1896.648,1894.1507142857145,1896.6925714285715,1896.6925714285715,0.017847949202038797,0.017847949202038797,TARGET
scalper_filtered,1622182500000,2021,0.7292004752293418,1622183400000,1622183400000,1890.258,1888.2214642857143,1891.1210714285714,1888.2214642857143,0.4237939077214317,-1.0,STOP
scalper_filtered,1622203200000,2021,0.8271916134544535,1622204100000,1622204100000,1884.618,1880.7066785714285,1884.9916428571428,1884.9916428571428,0.09552854807928873,0.09552854807928873,TARGET
scalper_filtered,1622419200000,2021,0.7818205881123487,1622420100000,1622421900000,1904.393,1901.4746607142856,1904.7546785714285,1904.7546785714285,0.12393300984532958,0.12393300984532958,TARGET
scalper_filtered,1622437200000,2021,0.697216069915413,1622438100000,1622439900000,1907.168,1905.063625,1908.18775,1905.063625,0.48458568458578494,-1.0,STOP
scalper_filtered,1622457000000,2021,0.7014942207990199,1622457900000,1622457900000,1904.005,1901.5479642857144,1904.6590714285715,1904.6590714285715,0.26620346817445434,0.26620346817445434,TARGET
scalper_filtered,1622525400000,2021,0.7461981188512193,1622526300000,1622526300000,1911.205,1908.7974642857143,1911.6790714285714,1911.6790714285714,0.19691148328911998,0.19691148328911998,TARGET
scalper_filtered,1622536200000,2021,0.8103858687473579,1622537100000,1622537100000,1908.045,1903.4857678571427,1908.3224642857142,1908.3224642857142,0.060857678885427334,0.060857678885427334,TARGET
scalper_filtered,1622556900000,2021,0.7283916476415934,1622557800000,1622558700000,1900.608,1894.1225178571428,1902.3589642857141,1894.1225178571428,0.2699821304176503,-1.0,STOP
scalper_filtered,1622587500000,2021,0.7237278505752156,1622588400000,1622592000000,1899.148,1897.6914285714286,1899.931142857143,1897.6914285714286,0.5376618281680685,-1.0,STOP
scalper_filtered,1622682900000,2021,0.6892973531179375,1622683800000,1622683800000,1906.478,1904.792517857143,1906.8189642857144,1906.8189642857144,0.20229480754767767,0.20229480754767767,TARGET
scalper_filtered,1622699100000,2021,0.7015087485444685,1622700000000,1622700000000,1901.465,1899.4765714285713,1902.1508571428571,1899.4765714285713,0.344924204325065,-1.0,STOP
scalper_filtered,1622706300000,2021,0.8328129927921631,1622707200000,1622707200000,1893.575,1888.9653214285715,1893.6533571428572,1893.6533571428572,0.016998396231534946,0.016998396231534946,TARGET
scalper_filtered,1622718900000,2021,0.7004027083631273,1622719800000,1622721600000,1893.898,1889.8398214285714,1895.0993571428571,1889.8398214285714,0.2960335829761995,-1.0,STOP
scalper_filtered,1622757600000,2021,0.6960954196869225,1622758500000,1622758500000,1871.225,1869.2815714285714,1871.460857142857,1871.460857142857,0.12136136430464163,0.12136136430464163,TARGET
scalper_filtered,1623020400000,2021,0.682371049666644,1623021300000,1623024000000,1889.905,1888.4209642857143,1890.4520714285713,1890.4520714285713,0.368637643491407,0.368637643491407,TARGET
scalper_filtered,1623028500000,2021,0.6632173058654213,1623029400000,1623031200000,1888.838,1886.281392857143,1889.4992142857143,1886.281392857143,0.25862960117345435,-1.0,STOP
scalper_filtered,1623045600000,2021,0.7474205668379302,1623046500000,1623046500000,1884.255,1881.3398928571428,1884.9042142857143,1884.9042142857143,0.2227068350831888,0.2227068350831888,TARGET
scalper_filtered,1623048300000,2021,0.7949085406433658,1623049200000,1623051000000,1884.178,1880.829232142857,1884.5155357142858,1884.5155357142858,0.10079400205830281,0.10079400205830281,TARGET
scalper_filtered,1623156300000,2021,0.7630868582273008,1623157200000,1623157200000,1892.958,1887.6161071428571,1894.0417857142857,1894.0417857142857,0.20288421038553275,0.20288421038553275,TARGET
scalper_filtered,1623159900000,2021,0.6988815144390049,1623160800000,1623160800000,1887.798,1880.7948392857143,1889.2643214285713,1889.2643214285713,0.20937994833963233,0.20937994833963233,TARGET
scalper_filtered,1623189600000,2021,0.6616728822659971,1623190500000,1623190500000,1892.068,1890.8794642857144,1892.6450714285716,1892.6450714285716,0.4855314162086128,0.4855314162086128,TARGET
scalper_filtered,1623204000000,2021,0.687232491907607,1623204900000,1623206700000,1893.038,1890.8352678571428,1893.9934642857143,1893.9934642857143,0.43376326477665555,0.43376326477665555,TARGET
scalper_filtered,1623217500000,2021,0.7135703274064521,1623218400000,1623220200000,1893.155,1891.1301964285713,1894.093607142857,1891.1301964285713,0.46355466579645493,-1.0,STOP
scalper_filtered,1623267900000,2021,0.6762084613352487,1623268800000,1623276000000,1889.758,1887.7304285714285,1890.2941428571428,1887.668,0.2644261255547898,-1.0307898259705888,STOP_GAP
scalper_filtered,1623283200000,2021,0.7411031005512435,1623284100000,1623285900000,1886.698,1885.34625,1887.3015,1885.34625,0.4464582948029761,-1.0,STOP
scalper_filtered,1623290400000,2021,0.6955107649994364,1623291300000,1623292200000,1885.558,1882.9753392857142,1886.4633214285714,1886.4633214285714,0.3505382737901467,0.3505382737901467,TARGET
scalper_filtered,1623310200000,2021,0.6960149730325657,1623311100000,1623313800000,1879.948,1875.677839285714,1880.8983214285713,1880.8983214285713,0.2225493352959457,0.2225493352959457,TARGET
scalper_filtered,1623402900000,2021,0.6848088687744531,1623403800000,1623403800000,1891.658,1887.1670178571428,1892.6899642857143,1892.6899642857143,0.22978588043501924,0.22978588043501924,TARGET
scalper_filtered,1623414600000,2021,0.736524896525384,1623415500000,1623416400000,1887.908,1882.6223035714286,1888.6993928571428,1882.6223035714286,0.14972347879554926,-1.0,STOP
scalper_filtered,1623634200000,2021,0.667572411250172,1623635100000,1623643200000,1865.654,1862.3238571428572,1867.0462857142857,1862.3238571428572,0.4180858822015217,-1.0,STOP
scalper_filtered,1623653100000,2021,0.7515638674321572,1623654000000,1623654900000,1861.178,1856.84425,1862.4355,1856.84425,0.29016440726851656,-1.0,STOP
scalper_filtered,1623667500000,2021,0.6574696410800113,1623668400000,1623668400000,1854.578,1850.945982142857,1856.0520357142857,1856.0520357142857,0.40584484225119866,0.40584484225119866,TARGET
scalper_filtered,1623672900000,2021,0.7916304541348145,1623673800000,1623673800000,1850.978,1845.0939821428572,1851.3160357142856,1851.3160357142856,0.05744981108022402,0.05744981108022402,TARGET
scalper_filtered,1623674700000,2021,0.7666228691637599,1623675600000,1623675600000,1848.238,1842.1929107142857,1849.0481785714287,1849.0481785714287,0.13402259803560812,0.13402259803560812,TARGET
scalper_filtered,1623744900000,2021,0.674661468531054,1623745800000,1623746700000,1863.675,1860.5429821428572,1865.1180357142857,1865.1180357142857,0.46073674548018717,0.46073674548018717,TARGET
scalper_filtered,1623805200000,2021,0.7262648549178515,1623806100000,1623806100000,1855.388,1852.8392857142858,1855.6254285714285,1855.6254285714285,0.09315621321676792,0.09315621321676792,TARGET
scalper_filtered,1623841200000,2021,0.6711718475854445,1623842100000,1623843000000,1855.168,1852.7413035714285,1856.0823928571428,1852.7413035714285,0.37680562198760886,-1.0,STOP
scalper_filtered,1623867300000,2021,0.7883300192118957,1623868200000,1623868200000,1839.418,1830.93375,1839.5265,1839.5265,0.012788402039078226,0.012788402039078226,TARGET
scalper_filtered,1623907800000,2021,0.759829555481888,1623908700000,1623908700000,1818.718,1815.9466428571427,1819.3107142857143,1819.3107142857143,0.21387149153325197,0.21387149153325197,TARGET
scalper_filtered,1623911400000,2021,0.695581123305418,1623912300000,1623912300000,1811.675,1808.1450535714287,1812.743892857143,1812.743892857143,0.3028071045190558,0.3028071045190558,TARGET
scalper_filtered,1623926700000,2021,0.7573228117881501,1623927600000,1623927600000,1798.538,1792.786410714286,1800.0511785714286,1800.0511785714286,0.2630887735998618,0.2630887735998618,TARGET
scalper_filtered,1623943800000,2021,0.7137781093675567,1623944700000,1623944700000,1772.258,1761.8708214285714,1777.6423571428572,1777.6423571428572,0.5183657049728216,0.5183657049728216,TARGET
scalper_filtered,1624253400000,2021,0.6556325132289719,1624254300000,1624254300000,1768.058,1764.9565892857142,1769.2208214285713,1769.2208214285713,0.37493306617375965,0.37493306617375965,TARGET
scalper_filtered,1624345200000,2021,0.6744907651511066,1624346100000,1624346100000,1779.398,1775.6778928571428,1780.8982142857142,1780.8982142857142,0.40327179516718237,0.40327179516718237,TARGET
scalper_filtered,1624392000000,2021,0.6565032077889991,1624392900000,1624392900000,1776.465,1773.6866964285714,1777.5906071428572,1777.5906071428572,0.4051418838577382,0.4051418838577382,TARGET
scalper_filtered,1624426200000,2021,0.7069524759528364,1624427100000,1624427100000,1778.958,1776.3730535714287,1779.6578928571428,1779.6578928571428,0.27075719999717807,0.27075719999717807,TARGET
scalper_filtered,1624476600000,2021,0.7535294035784147,1624477500000,1624479300000,1775.215,1771.5509821428573,1776.522035714286,1776.522035714286,0.35672198260117344,0.35672198260117344,TARGET
scalper_filtered,1624498200000,2021,0.6868632407981105,1624499100000,1624499100000,1775.708,1772.8540357142856,1776.6459285714286,1776.6459285714286,0.3286406126815707,0.3286406126815707,TARGET
scalper_filtered,1624542300000,2021,0.690830408978523,1624543200000,1624545900000,1783.558,1779.4709821428573,1785.3420357142859,1779.4709821428573,0.436512825890406,-1.0,STOP
scalper_filtered,1624841100000,2021,0.6728571354575523,1624842000000,1624842000000,1780.345,1779.0314464285714,1781.331107142857,1781.331107142857,0.7507171114342082,0.7507171114342082,TARGET
scalper_filtered,1624928400000,2021,0.7232294003125677,1624929300000,1624929300000,1775.328,1773.4872678571428,1775.7994642857143,1775.7994642857143,0.25612867550762375,0.25612867550762375,TARGET
scalper_filtered,1624965300000,2021,0.8135421868414696,1624966200000,1624966200000,1766.998,1762.5711964285713,1767.271607142857,1767.271607142857,0.06180693099256041,0.06180693099256041,TARGET
scalper_filtered,1625015700000,2021,0.7034630402567498,1625016600000,1625016600000,1760.348,1758.0922678571428,1760.5394642857143,1760.5394642857143,0.08487899874132881,0.08487899874132881,TARGET
scalper_filtered,1625028300000,2021,0.6787394374005316,1625029200000,1625029200000,1758.918,1756.3410892857144,1759.6918214285715,1759.6918214285715,0.30029035320542125,0.30029035320542125,TARGET
scalper_filtered,1625032800000,2021,0.715980591311967,1625033700000,1625033700000,1758.258,1754.5001071428574,1758.3247857142858,1758.3247857142858,0.017772117733160578,0.017772117733160578,TARGET
scalper_filtered,1625058900000,2021,0.7610896934814924,1625059800000,1625059800000,1757.908,1752.7535357142856,1758.9169285714286,1758.9169285714286,0.19573878399447486,0.19573878399447486,TARGET
scalper_filtered,1625184000000,2021,0.8095934288735747,1625184900000,1625184900000,1775.725,1774.2445892857143,1776.1148214285713,1776.1148214285713,0.2633197833612656,0.2633197833612656,TARGET
scalper_filtered,1625206500000,2021,0.7639611603375112,1625207400000,1625207400000,1777.785,1775.5379285714284,1777.9981428571427,1777.9981428571427,0.09485361899605547,0.09485361899605547,TARGET
scalper_filtered,1625499900000,2021,0.7437477954026231,1625500800000,1625503500000,1790.775,1788.7486785714286,1791.656642857143,1791.656642857143,0.43509526411336824,0.43509526411336824,TARGET
scalper_filtered,1625581800000,2021,0.7177754071482633,1625582700000,1625586300000,1807.438,1801.0044285714287,1809.4451428571429,1801.0044285714287,0.3119795714444154,-1.0,STOP
scalper_filtered,1625614200000,2021,0.8825302273843888,1625615100000,1625615100000,1796.128,1794.3021428571428,1796.3297142857143,1796.3297142857143,0.11047648853773159,0.11047648853773159,TARGET
scalper_filtered,1625616000000,2021,0.6863398097796773,1625616900000,1625617800000,1794.918,1793.4250178571428,1795.6539642857142,1795.6539642857142,0.4929491549751153,0.4929491549751153,TARGET
scalper_filtered,1625706900000,2021,0.7924739227127023,1625707800000,1625707800000,1802.305,1800.1444821428572,1802.6450357142858,1800.1444821428572,0.15738620866359362,-1.0,STOP
scalper_filtered,1625712300000,2021,0.7466202014621593,1625713200000,1625713200000,1798.218,1795.0324285714287,1798.7391428571427,1798.7391428571427,0.1635947800349158,0.1635947800349158,TARGET
scalper_filtered,1625771700000,2021,0.836719086863153,1625772600000,1625772600000,1798.188,1795.4630892857142,1798.6878214285714,1798.6878214285714,0.18342671778230363,0.18342671778230363,TARGET
scalper_filtered,1626063300000,2021,0.6736945661454914,1626064200000,1626067800000,1803.255,1800.6135,1804.317,1800.6135,0.4020442930152665,-1.0,STOP
scalper_filtered,1626068700000,2021,0.7785652116592758,1626069600000,1626071400000,1802.235,1799.1755357142856,1802.3239285714285,1799.1755357142856,0.029066713360190184,-1.0,STOP
scalper_filtered,1626090300000,2021,0.7233901535541896,1626091200000,1626092100000,1799.995,1796.6590178571428,1801.1559642857142,1801.1559642857142,0.3480127398763465,0.3480127398763465,TARGET
scalper_filtered,1626153300000,2021,0.6759965399983826,1626154200000,1626154200000,1808.728,1806.8910714285714,1809.4618571428573,1806.8910714285714,0.39950227475991945,-1.0,STOP
scalper_filtered,1626180300000,2021,0.6772264882585747,1626181200000,1626181200000,1800.278,1795.7156964285716,1804.092607142857,1804.092607142857,0.8361142749785889,0.8361142749785889,TARGET
scalper_filtered,1626196500000,2021,0.7071002281180785,1626197400000,1626199200000,1809.708,1806.228,1811.628,1806.228,0.5517241379309872,-1.0,STOP
scalper_filtered,1626220800000,2021,0.7656699783916353,1626221700000,1626221700000,1805.508,1803.7441785714286,1805.8556428571428,1805.8556428571428,0.19709640188708985,0.19709640188708985,TARGET
scalper_filtered,1626361200000,2021,0.6969321277253535,1626362100000,1626362100000,1823.138,1817.94525,1824.4995000000001,1824.4995000000001,0.26219247989990335,0.26219247989990335,TARGET
scalper_filtered,1626418800000,2021,0.7187708693830233,1626419700000,1626420600000,1824.628,1821.4265,1824.851,1821.4265,0.06965484928945524,-1.0,STOP
scalper_filtered,1626432300000,2021,0.708392229159105,1626433200000,1626433200000,1819.408,1815.7779285714287,1820.1281428571428,1820.1281428571428,0.1983825583912517,0.1983825583912517,TARGET
scalper_filtered,1626434100000,2021,0.760483458560458,1626435000000,1626435900000,1817.888,1813.7665714285713,1818.510857142857,1818.510857142857,0.15112651646446604,0.15112651646446604,TARGET
scalper_filtered,1626462900000,2021,0.665729131224661,1626463800000,1626465600000,1810.448,1807.4971607142857,1811.6096785714285,1811.6096785714285,0.3936773436128199,0.3936773436128199,TARGET
scalper_filtered,1626663600000,2021,0.6966366535436513,1626664500000,1626665400000,1812.525,1809.7192678571428,1813.6154642857143,1813.6154642857143,0.38865587668098567,0.38865587668098567,TARGET
scalper_filtered,1626678000000,2021,0.7492843508721713,1626678900000,1626678900000,1805.155,1801.0420535714286,1805.5598928571428,1805.5598928571428,0.09844350374470577,0.09844350374470577,TARGET
scalper_filtered,1626768000000,2021,0.7028309153604017,1626768900000,1626771600000,1813.468,1810.4068392857143,1814.5203214285714,1814.5203214285714,0.3437654951144386,0.3437654951144386,TARGET
scalper_filtered,1626793200000,2021,0.7974293261316271,1626794100000,1626797700000,1809.878,1802.001625,1810.84075,1810.84075,0.12223262604944067,0.12223262604944067,TARGET
scalper_filtered,1626830100000,2021,0.840261687777939,1626831000000,1626831000000,1806.748,1804.303482142857,1806.7770357142856,1806.7770357142856,0.01187789003083462,0.01187789003083462,TARGET
scalper_filtered,1626831900000,2021,0.7109885203574232,1626832800000,1626832800000,1806.758,1804.0331071428573,1806.9577857142858,1806.9577857142858,0.0733187412349376,0.0733187412349376,TARGET
scalper_filtered,1626866100000,2021,0.6982666401851255,1626867000000,1626868800000,1802.405,1799.0562142857143,1804.3115714285714,1799.0562142857143,0.5693321673101107,-1.0,STOP
scalper_filtered,1626871500000,2021,0.8019153181371579,1626872400000,1626872400000,1798.828,1792.4599464285714,1798.9041071428571,1798.9041071428571,0.011951398021935932,0.011951398021935932,TARGET
scalper_filtered,1626892200000,2021,0.7185266078030378,1626893100000,1626893100000,1802.858,1800.7589464285713,1803.936107142857,1803.936107142857,0.513615830263612,0.513615830263612,TARGET
scalper_filtered,1626917400000,2021,0.7795665220594967,1626918300000,1626918300000,1800.568,1798.9639642857142,1800.8960714285713,1800.8960714285713,0.20452875559406658,0.20452875559406658,TARGET
scalper_filtered,1626942600000,2021,0.7368110124631297,1626943500000,1626943500000,1795.548,1791.076107142857,1795.7917857142857,1795.7917857142857,0.05451510625891776,0.05451510625891776,TARGET
scalper_filtered,1627002900000,2021,0.6960131554118726,1627003800000,1627004700000,1806.398,1804.6783392857142,1806.6273214285713,1804.6783392857142,0.13335271700190424,-1.0,STOP
scalper_filtered,1627011900000,2021,0.6663067852181698,1627012800000,1627016400000,1802.988,1801.1450714285713,1804.183857142857,1804.183857142857,0.6488895779232,0.6488895779232,TARGET
scalper_filtered,1627033500000,2021,0.67658147183603,1627034400000,1627034400000,1802.375,1799.0793392857142,1803.6653214285714,1799.0793392857142,0.3915213186169866,-1.0,STOP
scalper_filtered,1627254000000,2021,0.7586008127894274,1627254900000,1627254900000,1801.008,1799.4713214285714,1801.351357142857,1801.351357142857,0.22344109512623314,0.22344109512623314,TARGET
scalper_filtered,1627260300000,2021,0.7345925599347173,1627261200000,1627261200000,1799.275,1797.5837142857142,1799.6665714285714,1799.6665714285714,0.23152293268002586,0.23152293268002586,TARGET
scalper_filtered,1627302600000,2021,0.7185453008830186,1627303500000,1627303500000,1803.028,1799.655517857143,1803.7429642857144,1803.7429642857144,0.21199942814483388,0.21199942814483388,TARGET
scalper_filtered,1627308900000,2021,0.6854349939753399,1627309800000,1627309800000,1799.365,1794.4790892857143,1800.8358214285713,1800.8358214285713,0.30103321869366534,0.30103321869366534,TARGET
scalper_filtered,1627364700000,2021,0.7911516995577286,1627365600000,1627365600000,1796.128,1793.588910714286,1796.3671785714287,1796.3671785714287,0.0941985666965155,0.0941985666965155,TARGET
scalper_filtered,1627396200000,2021,0.6744090473675914,1627397100000,1627398900000,1797.588,1792.68,1799.124,1799.124,0.3129584352078421,0.3129584352078421,TARGET
scalper_filtered,1627460100000,2021,0.7651907585901158,1627461000000,1627465500000,1801.575,1798.313160714286,1801.7776785714286,1798.313160714286,0.062136283757525605,-1.0,STOP
scalper_filtered,1627545600000,2021,0.7297364175138756,1627546500000,1627546500000,1817.328,1813.6680000000001,1817.718,1817.718,0.1065573770492119,0.1065573770492119,TARGET
scalper_filtered,1627606800000,2021,0.6915210858118392,1627607700000,1627607700000,1828.076,1825.6689107142856,1828.5461785714285,1828.5461785714285,0.19533075661917645,0.19533075661917645,TARGET
scalper_filtered,1627884000000,2021,0.8097416052704846,1627884900000,1627885800000,1810.418,1807.626,1810.7219999999998,1807.626,0.10888252148992444,-1.0,STOP
scalper_filtered,1627886700000,2021,0.6911324943088222,1627887600000,1627887600000,1808.298,1805.8208392857143,1809.2233214285714,1809.2233214285714,0.3735411365258073,0.3735411365258073,TARGET
scalper_filtered,1627906500000,2021,0.7395935823740803,1627907400000,1627907400000,1808.048,1804.2656607142856,1808.3826785714284,1808.3826785714284,0.0884845451841043,0.0884845451841043,TARGET
scalper_filtered,1627950600000,2021,0.6923056524463156,1627951500000,1627952400000,1811.808,1810.5841071428572,1812.3657857142857,1810.5841071428572,0.4557471767486975,-1.0,STOP
scalper_filtered,1628035200000,2021,0.690711565788748,1628036100000,1628036100000,1810.468,1809.4830357142857,1810.7279285714285,1810.7279285714285,0.26389644294554887,0.26389644294554887,TARGET
scalper_filtered,1628037000000,2021,0.7375014050854356,1628037900000,1628038800000,1810.295,1809.3099642857144,1810.5940714285714,1809.3099642857144,0.3036148072947792,-1.0,STOP
scalper_filtered,1628166600000,2021,0.7375678424615103,1628167500000,1628167500000,1810.828,1807.0105714285714,1811.412857142857,1811.412857142857,0.15320709527729443,0.15320709527729443,TARGET
scalper_filtered,1628168400000,2021,0.7241758957602046,1628169300000,1628169300000,1810.908,1806.4859821428572,1811.5830357142856,1811.5830357142856,0.15265332164938808,0.15265332164938808,TARGET
scalper_filtered,1628212500000,2021,0.7930680736519964,1628213400000,1628213400000,1801.228,1799.6564642857143,1801.3410714285715,1801.3410714285715,0.07194963979726571,0.07194963979726571,TARGET
scalper_filtered,1628216100000,2021,0.7299601090720915,1628217000000,1628224200000,1800.798,1799.1574464285713,1801.2591071428571,1799.1574464285713,0.28106801928790165,-1.0,STOP
scalper_filtered,1628254800000,2021,0.6904148660474728,1628255700000,1628257500000,1774.858,1767.9614285714285,1776.4921428571429,1767.9614285714285,0.23695003728561959,-1.0,STOP
scalper_filtered,1628260200000,2021,0.6695214466283212,1628261100000,1628262000000,1765.278,1758.8000000000002,1769.9150000000002,1758.8000000000002,0.7158073479469415,-1.0,STOP
scalper_filtered,1628501400000,2021,0.7471564770511965,1628502300000,1628502300000,1742.908,1736.3262321428572,1743.7115357142857,1743.7115357142857,0.1220850889497344,0.1220850889497344,TARGET
scalper_filtered,1628573400000,2021,0.723503426668571,1628574300000,1628574300000,1734.198,1731.5527499999998,1734.7185,1734.7185,0.19676779132399777,0.19676779132399777,TARGET
scalper_filtered,1628584200000,2021,0.6577776239959711,1628585100000,1628595900000,1731.198,1726.9340892857144,1732.1658214285717,1732.1658214285717,0.226979759526634,0.226979759526634,TARGET
scalper_filtered,1628602200000,2021,0.7644730486859574,1628603100000,1628604000000,1724.918,1718.6442678571427,1725.3754642857143,1718.6442678571427,0.07291740789973944,-1.0,STOP
scalper_filtered,1628640000000,2021,0.6812005823412487,1628640900000,1628640900000,1726.018,1724.342625,1726.45875,1726.45875,0.2630754308736682,0.2630754308736682,TARGET
scalper_filtered,1628769600000,2021,0.7280140358485386,1628770500000,1628770500000,1750.988,1747.4287857142856,1751.2814285714285,1747.4287857142856,0.08244195147399504,-1.0,STOP
scalper_filtered,1628771400000,2021,0.7864624655051908,1628772300000,1628772300000,1746.658,1742.1486071428571,1747.2467857142858,1747.2467857142858,0.13056873351659393,0.13056873351659393,TARGET
scalper_filtered,1628816400000,2021,0.6741370088933591,1628817300000,1628817300000,1752.378,1750.8739821428571,1752.9560357142857,1752.9560357142857,0.3843276936776952,0.3843276936776952,TARGET
scalper_filtered,1629091800000,2021,0.7131931411956934,1629092700000,1629094500000,1774.165,1771.744982142857,1774.9340357142858,1774.9340357142858,0.3177810081094621,0.3177810081094621,TARGET
scalper_filtered,1629113400000,2021,0.6658221222987202,1629114300000,1629115200000,1772.598,1769.9210535714285,1773.6018928571427,1773.6018928571427,0.3750141752662932,0.3750141752662932,TARGET
scalper_filtered,1629201600000,2021,0.7355101779184671,1629202500000,1629202500000,1792.337,1789.4322857142859,1792.7494285714286,1792.7494285714286,0.14198593419564715,0.14198593419564715,TARGET
scalper_filtered,1629203400000,2021,0.7578786117926151,1629204300000,1629204300000,1790.028,1786.5091785714285,1790.7356428571427,1790.7356428571427,0.20110223593526944,0.20110223593526944,TARGET
scalper_filtered,1629264600000,2021,0.7151989351364447,1629265500000,1629265500000,1788.838,1787.0373035714285,1789.3793928571429,1789.3793928571429,0.3006574837116885,0.3006574837116885,TARGET
scalper_filtered,1629274500000,2021,0.683359025757453,1629275400000,1629279900000,1787.715,1784.9006785714287,1788.762642857143,1788.762642857143,0.3722541592112686,0.3722541592112686,TARGET
scalper_filtered,1629297900000,2021,0.663995321002475,1629298800000,1629299700000,1781.748,1777.3620714285714,1783.739857142857,1777.3620714285714,0.4541471915052731,-1.0,STOP
scalper_filtered,1629334800000,2021,0.6949693885261288,1629335700000,1629335700000,1783.768,1782.0363928571428,1784.4712142857143,1784.4712142857143,0.4061049809218875,0.4061049809218875,TARGET
scalper_filtered,1629380700000,2021,0.6799625697757696,1629381600000,1629381600000,1784.098,1779.796,1786.3120000000001,1779.796,0.5146443514644856,-1.0,STOP
scalper_filtered,1629397800000,2021,0.7510132795380453,1629398700000,1629398700000,1779.828,1776.3987142857143,1779.8765714285714,1779.8765714285714,0.014163715892528524,0.014163715892528524,TARGET
scalper_filtered,1629449100000,2021,0.6768568077071891,1629450000000,1629455400000,1782.448,1779.0133392857144,1783.3473214285714,1783.3473214285714,0.261837049822933,0.261837049822933,TARGET
scalper_filtered,1629464400000,2021,0.7956807455572519,1629465300000,1629465300000,1782.045,1777.4374464285713,1782.5091071428571,1782.5091071428571,0.10072745452922849,0.10072745452922849,TARGET
scalper_filtered,1629468000000,2021,0.6553808074613247,1629468900000,1629470700000,1781.258,1777.1333928571428,1783.0872142857143,1783.0872142857143,0.44348812441008756,0.44348812441008756,TARGET
scalper_filtered,1629492300000,2021,0.6784138062413468,1629669600000,1629669600000,1779.598,1778.9840178571428,1781.0059642857143,1781.0059642857143,2.293168135415863,2.293168135415863,TARGET
scalper_filtered,1629674100000,2021,0.6681011576180382,1629675000000,1629675900000,1778.188,1776.3556428571428,1779.0627142857143,1779.0627142857143,0.47737106771127313,0.47737106771127313,TARGET
scalper_filtered,1629677700000,2021,0.7756311353527641,1629678600000,1629678600000,1778.748,1776.0644285714286,1779.1951428571429,1779.1951428571429,0.16662230503059042,0.16662230503059042,TARGET
scalper_filtered,1629699300000,2021,0.7455735776389701,1629700200000,1629703800000,1785.848,1783.8364464285714,1786.7211071428571,1786.7211071428571,0.4340461796586084,0.4340461796586084,TARGET
scalper_filtered,1629772200000,2021,0.7002891923107497,1629773100000,1629773100000,1802.238,1800.0958928571429,1803.1022142857144,1803.1022142857144,0.40344120442154496,0.40344120442154496,TARGET
scalper_filtered,1629790200000,2021,0.6814529190325217,1629791100000,1629796500000,1801.788,1799.6071071428573,1802.8197857142857,1802.8197857142857,0.4731024318349439,0.4731024318349439,TARGET
scalper_filtered,1629811800000,2021,0.7249028031893421,1629812700000,1629812700000,1804.164,1799.4184285714286,1805.447142857143,1805.447142857143,0.2703874288811074,0.2703874288811074,TARGET
scalper_filtered,1629848700000,2021,0.7385083802957841,1629849600000,1629849600000,1801.668,1800.5548571428571,1802.1452857142858,1802.1452857142858,0.4287731006162493,0.4287731006162493,TARGET
scalper_filtered,1629856800000,2021,0.7190747092413146,1629857700000,1629859500000,1794.778,1792.2559464285714,1796.072107142857,1796.072107142857,0.5131164371437026,0.5131164371437026,TARGET
scalper_filtered,1629865800000,2021,0.7880706110010205,1629866700000,1629866700000,1793.488,1790.5768035714286,1793.940392857143,1793.940392857143,0.1553975721813331,0.1553975721813331,TARGET
scalper_filtered,1629899100000,2021,0.7103308167792749,1629900000000,1629901800000,1789.208,1782.7615357142856,1790.9319285714284,1782.7615357142856,0.2674223411504246,-1.0,STOP
scalper_filtered,1629959400000,2021,0.7993068420291944,1629960300000,1629962100000,1785.358,1783.2589107142858,1785.6771785714286,1785.6771785714286,0.1520557384580577,0.1520557384580577,TARGET
scalper_filtered,1629966600000,2021,0.7035512690393507,1629967500000,1629968400000,1784.718,1782.0211607142858,1785.7016785714286,1785.7016785714286,0.3647523887089856,0.3647523887089856,TARGET
scalper_filtered,1629981900000,2021,0.698065570096828,1629982800000,1629982800000,1784.108,1778.9225178571428,1784.4589642857143,1784.4589642857143,0.06768209320665948,0.06768209320665948,TARGET
scalper_filtered,1630328400000,2021,0.6558569991063607,1630329300000,1630330200000,1813.908,1811.6344285714285,1814.855142857143,1814.855142857143,0.4165881244110242,0.4165881244110242,TARGET
scalper_filtered,1630333800000,2021,0.7384540743015483,1630334700000,1630334700000,1812.548,1808.269767857143,1813.3044642857144,1813.3044642857144,0.17681702639194408,0.17681702639194408,TARGET
scalper_filtered,1630348200000,2021,0.6576745407001686,1630349100000,1630349100000,1808.338,1806.8385357142856,1809.1769285714286,1809.1769285714286,0.5594855305466204,0.5594855305466204,TARGET
scalper_filtered,1630407600000,2021,0.6664794605337293,1630408500000,1630408500000,1813.698,1810.7456785714285,1814.1936428571428,1814.1936428571428,0.16788241698414377,0.16788241698414377,TARGET
scalper_filtered,1630458000000,2021,0.7717054436770173,1630458900000,1630458900000,1813.145,1810.5310357142855,1813.1619285714285,1813.1619285714285,0.00647620609087726,0.00647620609087726,TARGET
scalper_filtered,1630460700000,2021,0.6964725360186237,1630461600000,1630461600000,1811.958,1809.2944285714286,1812.155142857143,1812.155142857143,0.07401448109410774,0.07401448109410774,TARGET
scalper_filtered,1630481400000,2021,0.6588140646807518,1630482300000,1630483200000,1812.925,1810.1047142857142,1813.9245714285712,1810.1047142857142,0.35442204437233105,-1.0,STOP
scalper_filtered,1630501200000,2021,0.771858766586453,1630502100000,1630502100000,1813.275,1809.3349285714285,1814.684142857143,1814.684142857143,0.35764398759990135,0.35764398759990135,TARGET
scalper_filtered,1630581300000,2021,0.6900572967124909,1630582200000,1630582200000,1814.055,1812.207625,1814.71975,1814.71975,0.3598349008728019,0.3598349008728019,TARGET
scalper_filtered,1630585800000,2021,0.7297723458477782,1630586700000,1630586700000,1811.285,1808.2793749999998,1811.6352499999998,1811.6352499999998,0.11653150343096862,0.11653150343096862,TARGET
scalper_filtered,1630646100000,2021,0.6701567689656849,1630647000000,1630647000000,1811.395,1809.8383571428571,1811.9372857142857,1811.9372857142857,0.34836874225671866,0.34836874225671866,TARGET
scalper_filtered,1630915200000,2021,0.7585324617268263,1630916100000,1630916100000,1826.037,1823.6648214285715,1826.5213571428571,1826.5213571428571,0.20418241218890287,0.20418241218890287,TARGET
scalper_filtered,1630917000000,2021,0.7187324223240548,1630917900000,1630924200000,1825.168,1822.7217857142857,1825.9174285714287,1822.7217857142857,0.3063626011038451,-1.0,STOP
scalper_filtered,1630930500000,2021,0.686609132032554,1630931400000,1630933200000,1823.207,1821.545232142857,1823.9535357142856,1823.9535357142856,0.44924187880788924,0.44924187880788924,TARGET
scalper_filtered,1630993500000,2021,0.7341355256721651,1630994400000,1630996200000,1818.208,1815.8351428571427,1818.8437142857142,1815.8351428571427,0.26791089704988014,-1.0,STOP
scalper_filtered,1631004300000,2021,0.7435924622393029,1631005200000,1631007000000,1814.698,1811.491142857143,1816.1017142857143,1811.491142857143,0.4377227369921139,-1.0,STOP
scalper_filtered,1631013300000,2021,0.7189543242719555,1631014200000,1631016000000,1810.148,1806.7158392857143,1811.2523214285716,1811.2523214285716,0.321756910734155,0.321756910734155,TARGET
scalper_filtered,1631025000000,2021,0.7284670939307228,1631025900000,1631040300000,1798.594,1790.3541785714285,1798.765642857143,1797.428,0.020830895260384133,-0.14150792102809923,16BAR_TIMEOUT
scalper_filtered,1631078100000,2021,0.6718407899069585,1631079000000,1631080800000,1797.459,1795.9071607142857,1798.3996785714287,1795.9071607142857,0.6061700976951575,-1.0,STOP
scalper_filtered,1631083500000,2021,0.7455951610179711,1631084400000,1631084400000,1795.505,1793.1775535714285,1796.0798928571428,1796.0798928571428,0.24700583871032308,0.24700583871032308,TARGET
scalper_filtered,1631106000000,2021,0.6577597080671369,1631106900000,1631106900000,1796.27,1792.6893035714286,1797.425392857143,1797.425392857143,0.3226726644358155,0.3226726644358155,TARGET
scalper_filtered,1631198700000,2021,0.7158798893335008,1631199600000,1631199600000,1788.988,1780.6737142857144,1789.8035714285716,1789.8035714285716,0.09809278350516379,0.09809278350516379,TARGET
scalper_filtered,1631214000000,2021,0.6774977921606685,1631214900000,1631215800000,1792.568,1789.2488392857144,1793.8663214285714,1793.8663214285714,0.3911595551801608,0.3911595551801608,TARGET
scalper_filtered,1631268000000,2021,0.6805955606302189,1631268900000,1631269800000,1796.494,1793.1630535714287,1797.2578928571427,1793.1630535714287,0.22933207528961322,-1.0,STOP
scalper_filtered,1631555100000,2021,0.7014708863729938,1631556000000,1631558700000,1791.995,1789.8297321428572,1793.1425357142857,1793.1425357142857,0.5299740216899206,0.5299740216899206,TARGET
scalper_filtered,1631581200000,2021,0.7195436637387986,1631582100000,1631582100000,1790.398,1789.2287678571429,1790.6544642857143,1790.6544642857143,0.2193441971991367,0.2193441971991367,TARGET
scalper_filtered,1631583900000,2021,0.7791147800888845,1631584800000,1631584800000,1790.748,1789.013875,1790.90725,1790.90725,0.0918330570171895,0.0918330570171895,TARGET
scalper_filtered,1631619900000,2021,0.819178368884001,1631620800000,1631620800000,1784.264,1780.7802321428571,1784.4935357142858,1784.4935357142858,0.06588720135737901,0.06588720135737901,TARGET
scalper_filtered,1631709000000,2021,0.7457767777216577,1631709900000,1631709900000,1801.827,1798.522857142857,1802.9662857142857,1798.522857142857,0.344805222880357,-1.0,STOP
scalper_filtered,1631710800000,2021,0.679077532045621,1631711700000,1631711700000,1796.378,1792.5567857142855,1798.0204285714285,1798.0204285714285,0.4298184944950077,0.4298184944950077,TARGET
scalper_filtered,1631719800000,2021,0.6703646589153774,1631720700000,1631735100000,1794.268,1788.5840892857143,1796.5158214285716,1794.028,0.395470925136452,-0.042224449338516525,16BAR_TIMEOUT
scalper_filtered,1631754900000,2021,0.8056344405503054,1631755800000,1631755800000,1793.858,1791.4248928571428,1794.1342142857143,1794.1342142857143,0.1135232727112796,0.1135232727112796,TARGET
scalper_filtered,1631772000000,2021,0.7099327714051701,1631772900000,1631772900000,1785.564,1782.7703214285714,1786.3153571428572,1786.3153571428572,0.26894903033633966,0.26894903033633966,TARGET
scalper_filtered,1631786400000,2021,0.8031067315795128,1631787300000,1631787300000,1778.227,1773.7257321428572,1778.5325357142856,1778.5325357142856,0.06787770112384053,0.06787770112384053,TARGET
scalper_filtered,1631884500000,2021,0.6571696795639331,1631885400000,1631885400000,1752.018,1747.2396250000002,1753.95475,1753.95475,0.4053156146179669,0.4053156146179669,TARGET
scalper_filtered,1631902500000,2021,0.6822641821927078,1631903400000,1631904300000,1751.844,1748.520464285714,1752.9410714285714,1752.9410714285714,0.3300916622787119,0.3300916622787119,TARGET
scalper_filtered,1632104100000,2021,0.7773975278881197,1632105000000,1632105000000,1744.598,1740.5550892857143,1744.8238214285714,1744.8238214285714,0.05585615031602501,0.05585615031602501,TARGET
scalper_filtered,1632138300000,2021,0.6875234385355344,1632139200000,1632139200000,1755.657,1752.7444464285713,1756.7451071428573,1756.7451071428573,0.3735921472934884,0.3735921472934884,TARGET
scalper_filtered,1632193200000,2021,0.664759371028971,1632194100000,1632198600000,1763.188,1760.989,1764.076,1760.989,0.4038199181445621,-1.0,STOP
scalper_filtered,1632208500000,2021,0.826176699478325,1632209400000,1632209400000,1759.998,1756.7245714285714,1760.0648571428571,1760.0648571428571,0.020424194815379514,0.020424194815379514,TARGET
scalper_filtered,1632272400000,2021,0.7715444121016696,1632273300000,1632273300000,1773.938,1771.3433928571428,1773.9672142857144,1773.9672142857144,0.011259618164038827,0.011259618164038827,TARGET
scalper_filtered,1632356100000,2021,0.7423024677387563,1632357000000,1632357000000,1766.334,1764.4529642857142,1767.3480714285713,1764.4529642857142,0.5391026979815906,-1.0,STOP
scalper_filtered,1632376800000,2021,0.7226880981742997,1632377700000,1632377700000,1763.358,1761.2298214285715,1764.1043571428572,1764.1043571428572,0.35070231082927034,0.35070231082927034,TARGET
scalper_filtered,1632381300000,2021,0.7032936089508449,1632382200000,1632382200000,1762.748,1758.8614107142857,1762.7691785714285,1762.7691785714285,0.005449140588711235,0.005449140588711235,TARGET
scalper_filtered,1632402000000,2021,0.7346623123653611,1632402900000,1632404700000,1758.534,1751.1631071428571,1759.5957857142857,1751.1631071428571,0.14405116650918098,-1.0,STOP
scalper_filtered,1632408300000,2021,0.6688894921553225,1632409200000,1632423600000,1752.007,1745.4966607142858,1755.2206785714286,1750.758,0.4936268956796707,-0.1918486802586034,16BAR_TIMEOUT
scalper_filtered,1632426300000,2021,0.695146572220175,1632427200000,1632428100000,1748.634,1746.562,1749.748,1746.562,0.5376447876447732,-1.0,STOP
scalper_filtered,1632488400000,2021,0.7340049630595409,1632489300000,1632492000000,1744.387,1740.014642857143,1745.4847142857143,1745.4847142857143,0.2510577818437465,0.2510577818437465,TARGET
scalper_filtered,1632717900000,2021,0.7098359112309622,1632718800000,1632720600000,1758.888,1756.9875178571428,1759.6889642857143,1759.6889642857143,0.42145320266479824,0.42145320266479824,TARGET
scalper_filtered,1632722400000,2021,0.6835900393752085,1632723300000,1632723300000,1756.198,1754.3213392857142,1757.2513214285714,1757.2513214285714,0.561274299905666,0.561274299905666,TARGET
scalper_filtered,1632736800000,2021,0.832356196252174,1632737700000,1632737700000,1747.838,1743.0981964285713,1748.095607142857,1748.095607142857,0.054349750780795,0.054349750780795,TARGET
scalper_filtered,1632790800000,2021,0.7232941817340796,1632791700000,1632791700000,1748.168,1746.3577142857143,1748.3685714285714,1748.3685714285714,0.11079545454549986,0.11079545454549986,TARGET
scalper_filtered,1632860100000,2021,0.6578897855411977,1632861000000,1632868200000,1733.288,1731.7697500000002,1734.5845,1734.5845,0.8539436851638725,0.8539436851638725,TARGET
scalper_filtered,1632895200000,2021,0.7909331126888416,1632896100000,1632896100000,1738.508,1735.8840178571427,1738.8959642857142,1738.8959642857142,0.1478532492190148,0.1478532492190148,TARGET
scalper_filtered,1632918600000,2021,0.8215168585819966,1632919500000,1632919500000,1739.468,1735.479375,1739.64525,1739.64525,0.04443887304520981,0.04443887304520981,TARGET
scalper_filtered,1632920400000,2021,0.6710662622783653,1632921300000,1632921300000,1737.978,1734.264232142857,1738.9855357142856,1738.9855357142856,0.2712974405084623,0.2712974405084623,TARGET
scalper_filtered,1632924900000,2021,0.716840968624575,1632925800000,1632927600000,1729.365,1723.1755,1730.893,1730.893,0.246869698683259,0.246869698683259,TARGET
scalper_filtered,1632936600000,2021,0.7487787277706869,1632937500000,1632948300000,1725.018,1719.2929107142857,1726.0581785714285,1726.0581785714285,0.18168774660405113,0.18168774660405113,TARGET
scalper_filtered,1632982500000,2021,0.7101892301882565,1632983400000,1632985200000,1730.468,1727.7305714285715,1730.9628571428573,1727.7305714285715,0.18077444943118406,-1.0,STOP
scalper_filtered,1633062600000,2021,0.7583530443285749,1633063500000,1633063500000,1753.548,1749.5536964285716,1753.7366071428573,1753.7366071428573,0.047219030673196286,0.047219030673196286,TARGET
scalper_filtered,1633067100000,2021,0.7063720241612587,1633068000000,1633068000000,1752.168,1749.5860535714285,1753.2218928571428,1753.2218928571428,0.40817766220117374,0.40817766220117374,TARGET
scalper_filtered,1633090500000,2021,0.6588245486077371,1633091400000,1633091400000,1752.755,1747.8867142857143,1753.1915714285715,1753.1915714285715,0.08967662421502279,0.08967662421502279,TARGET
scalper_filtered,1633319100000,2021,0.6945545397868286,1633320000000,1633320000000,1758.678,1756.69825,1759.6885,1759.6885,0.5104179820683248,0.5104179820683248,TARGET
scalper_filtered,1633337100000,2021,0.6789937129887962,1633338000000,1633347900000,1751.378,1746.959267857143,1752.2954642857144,1752.2954642857144,0.2076306632882422,0.2076306632882422,TARGET
scalper_filtered,1633412700000,2021,0.7779980625462064,1633413600000,1633413600000,1757.958,1755.1539285714284,1758.3971428571429,1758.3971428571429,0.15660901240538672,0.15660901240538672,TARGET
scalper_filtered,1633416300000,2021,0.7160415105171108,1633417200000,1633418100000,1757.048,1753.7351607142855,1757.9736785714285,1757.9736785714285,0.2794215147774314,0.2794215147774314,TARGET
scalper_filtered,1633465800000,2021,0.7164251435928026,1633466700000,1633478400000,1760.125,1758.442267857143,1760.8894642857142,1758.442267857143,0.4542994492375097,-1.0,STOP
scalper_filtered,1633482900000,2021,0.6701539864889957,1633483800000,1633483800000,1756.518,1755.2215714285715,1757.040857142857,1757.040857142857,0.4033057851238487,0.4033057851238487,TARGET
scalper_filtered,1633488300000,2021,0.6915390134213595,1633489200000,1633493700000,1755.528,1753.0119285714286,1756.3001428571429,1753.0119285714286,0.30688431511710357,-1.0,STOP
scalper_filtered,1633507200000,2021,0.6633819792746166,1633508100000,1633509000000,1748.348,1743.9511607142856,1749.7916785714285,1749.7916785714285,0.3283446306803116,0.3283446306803116,TARGET
scalper_filtered,1633599000000,2021,0.7476022821265138,1633599900000,1633601700000,1761.078,1756.390767857143,1761.3534642857144,1761.3534642857144,0.05876907251845644,0.05876907251845644,TARGET
scalper_filtered,1633639500000,2021,0.7097662273113994,1633644000000,1633644000000,1755.258,1753.1225892857142,1756.2798214285713,1756.2798214285713,0.47851283209139345,0.47851283209139345,TARGET
scalper_filtered,1633652100000,2021,0.6971043977280557,1633653000000,1633653000000,1754.208,1752.5196607142857,1754.6746785714286,1754.6746785714286,0.2764127894062521,0.2764127894062521,TARGET
scalper_filtered,1633669200000,2021,0.6596024173685895,1633670100000,1633670100000,1757.258,1755.6648214285715,1758.035357142857,1758.035357142857,0.48792844493255266,0.48792844493255266,TARGET
scalper_filtered,1633678200000,2021,0.7057108939478067,1633679100000,1633679100000,1756.468,1752.9075535714287,1756.9798928571429,1756.9798928571429,0.14377209920504516,0.14377209920504516,TARGET
scalper_filtered,1633904100000,2021,0.721562786820875,1633905000000,1633905000000,1752.537,1750.09425,1753.2465,1753.2465,0.2904513355848753,0.2904513355848753,TARGET
scalper_filtered,1633933800000,2021,0.73633108211648,1633934700000,1633938300000,1755.368,1752.5687857142857,1756.1964285714284,1756.1964285714284,0.2959503942432628,0.2959503942432628,TARGET
scalper_filtered,1633991400000,2021,0.6771789890888622,1633992300000,1633995000000,1753.638,1752.307339285714,1754.1393214285713,1754.1393214285713,0.3767462458230231,0.3767462458230231,TARGET
scalper_filtered,1634026500000,2021,0.6992748223684092,1634027400000,1634030100000,1757.828,1754.9737678571428,1759.1624642857141,1759.1624642857141,0.4675388051576969,0.4675388051576969,TARGET
scalper_filtered,1634086800000,2021,0.877781262942607,1634087700000,1634087700000,1760.678,1758.7403571428572,1760.7042857142858,1760.7042857142858,0.013565820031683258,0.013565820031683258,TARGET
scalper_filtered,1634128200000,2021,0.8430073574739915,1634129100000,1634129100000,1760.128,1755.761125,1762.84075,1762.84075,0.6212108200945027,0.6212108200945027,TARGET
scalper_filtered,1634179500000,2021,0.819442789419276,1634180400000,1634180400000,1788.318,1785.6030714285714,1788.587857142857,1788.587857142857,0.09939751111575894,0.09939751111575894,TARGET
scalper_filtered,1634213700000,2021,0.7814887174045843,1634214600000,1634214600000,1796.568,1792.1616785714286,1796.7886428571428,1796.7886428571428,0.050074162931495254,0.050074162931495254,TARGET
scalper_filtered,1634248800000,2021,0.6737287514360778,1634250600000,1634257800000,1795.828,1794.4843214285715,1796.6253571428572,1794.4843214285715,0.5934136033810233,-1.0,STOP
scalper_filtered,1634279400000,2021,0.6787625274949798,1634280300000,1634281200000,1791.208,1789.5165,1791.8609999999999,1791.8609999999999,0.38604788649112703,0.38604788649112703,TARGET
scalper_filtered,1634283900000,2021,0.6629151586533244,1634284800000,1634284800000,1786.638,1784.2222142857142,1787.6775714285714,1787.6775714285714,0.43032435469088204,0.43032435469088204,TARGET
scalper_filtered,1634295600000,2021,0.6814402051510953,1634296500000,1634297400000,1781.668,1778.7449107142857,1783.3141785714286,1778.7449107142857,0.5631639715809874,-1.0,STOP
scalper_filtered,1634301900000,2021,0.7002624947864434,1634302800000,1634302800000,1767.418,1762.5480892857145,1769.1478214285714,1769.1478214285714,0.3552059842693362,0.3552059842693362,TARGET
scalper_filtered,1634509800000,2021,0.8171941910022961,1634510700000,1634510700000,1766.318,1763.9654821428571,1766.3310357142857,1766.3310357142857,0.005541175488265335,0.005541175488265335,TARGET
scalper_filtered,1634680800000,2021,0.8449448203400598,1634681700000,1634681700000,1769.448,1767.4663392857142,1769.5863214285714,1769.5863214285714,0.06980076234753471,0.06980076234753471,TARGET
scalper_filtered,1634688000000,2021,0.8228130553633868,1634688900000,1634689800000,1768.408,1766.7603035714285,1768.5533928571429,1766.7603035714285,0.0882400754300418,-1.0,STOP
scalper_filtered,1634794200000,2021,0.8236909394123672,1634795100000,1634795100000,1784.438,1781.4871785714286,1784.7776428571428,1784.7776428571428,0.11510112196357199,0.11510112196357199,TARGET
scalper_filtered,1634916600000,2021,0.6735484388453431,1634917500000,1634919300000,1787.774,1778.79575,1790.7725,1790.7725,0.33397376994405215,0.33397376994405215,TARGET
scalper_filtered,1635129000000,2021,0.690851473152856,1635129900000,1635129900000,1793.578,1790.7416785714286,1795.0086428571428,1795.0086428571428,0.5044008209829163,0.5044008209829163,TARGET
scalper_filtered,1635183000000,2021,0.6966846289975235,1635183900000,1635185700000,1806.364,1803.7669285714285,1807.3881428571426,1807.3881428571426,0.3943452790229493,0.3943452790229493,TARGET
scalper_filtered,1635235200000,2021,0.6644201280769596,1635236100000,1635236100000,1801.658,1798.433892857143,1802.6282142857144,1802.6282142857144,0.3009249515370712,0.3009249515370712,TARGET
scalper_filtered,1635250500000,2021,0.8595905459783797,1635251400000,1635251400000,1797.108,1792.6383214285713,1797.227357142857,1797.227357142857,0.02670374187979872,0.02670374187979872,TARGET
scalper_filtered,1635299100000,2021,0.6625617768722079,1635300000000,1635303600000,1789.328,1787.2563214285715,1790.0813571428573,1787.2563214285715,0.36364576689031175,-1.0,STOP
scalper_filtered,1635311700000,2021,0.7461098416936679,1635312600000,1635313500000,1787.728,1785.793357142857,1788.1172857142856,1785.793357142857,0.2012183865607058,-1.0,STOP
scalper_filtered,1635323400000,2021,0.7321291757496484,1635324300000,1635324300000,1785.614,1781.8144285714286,1786.4931428571429,1786.4931428571429,0.23137947888858795,0.23137947888858795,TARGET
scalper_filtered,1635344100000,2021,0.721667047622362,1635345000000,1635345000000,1788.378,1782.0111785714284,1789.9816428571428,1789.9816428571428,0.25187495442331986,0.25187495442331986,TARGET
scalper_filtered,1635362100000,2021,0.7182237578011795,1635363000000,1635363900000,1795.128,1792.52725,1796.4175,1796.4175,0.4958185138902898,0.4958185138902898,TARGET
scalper_filtered,1635414300000,2021,0.7304557333343698,1635415200000,1635415200000,1797.634,1794.3952857142856,1798.1534285714285,1798.1534285714285,0.16038110361252642,0.16038110361252642,TARGET
scalper_filtered,1635466500000,2021,0.6983915334239975,1635467400000,1635467400000,1799.098,1797.2640000000001,1799.694,1799.694,0.32497273718650926,0.32497273718650926,TARGET
scalper_filtered,1635476400000,2021,0.7316491060496034,1635477300000,1635479100000,1796.375,1793.9435,1797.1070000000002,1797.1070000000002,0.3010487353486424,0.3010487353486424,TARGET
scalper_filtered,1635510600000,2021,0.7001631277080311,1635511500000,1635511500000,1783.618,1778.8476964285715,1785.748607142857,1778.8476964285715,0.44663973916005884,-1.0,STOP_BOTH
scalper_filtered,1635516000000,2021,0.6936607303924079,1635516900000,1635516900000,1778.474,1768.0771607142856,1779.3896785714287,1779.3896785714287,0.08807278310889616,0.08807278310889616,TARGET
scalper_filtered,1635723900000,2021,0.7173852782175111,1635724800000,1635724800000,1779.948,1778.1975357142858,1780.5989285714286,1780.5989285714286,0.37186052679896214,0.37186052679896214,TARGET
scalper_filtered,1635742800000,2021,0.7229537558201516,1635743700000,1635743700000,1784.574,1782.497892857143,1785.0362142857143,1785.0362142857143,0.22263508283014274,0.22263508283014274,TARGET
scalper_filtered,1635750000000,2021,0.7221982965224482,1635750900000,1635750900000,1783.798,1780.7736071428571,1784.0267857142856,1784.0267857142856,0.07564682403782816,0.07564682403782816,TARGET
scalper_filtered,1635754500000,2021,0.710475347230026,1635755400000,1635756300000,1782.874,1779.3544285714286,1783.943142857143,1783.943142857143,0.3037707513090108,0.3037707513090108,TARGET
scalper_filtered,1635813000000,2021,0.6658713957282649,1635813900000,1635814800000,1791.338,1790.071517857143,1791.8189642857142,1790.071517857143,0.3797639693752021,-1.0,STOP
scalper_filtered,1635815700000,2021,0.7295510864752809,1635816600000,1635816600000,1790.848,1788.5643392857144,1790.8553214285714,1790.8553214285714,0.0032060053954857575,0.0032060053954857575,TARGET
scalper_filtered,1635851700000,2021,0.7349902287805123,1635852600000,1635853500000,1792.134,1788.9753928571429,1792.9312142857143,1788.9753928571429,0.25239425153492345,-1.0,STOP
scalper_filtered,1635898500000,2021,0.6717502933753885,1635899400000,1635899400000,1783.394,1782.065089285714,1784.1918214285713,1784.1918214285713,0.6003574356009224,0.6003574356009224,TARGET
scalper_filtered,1635908400000,2021,0.7581702009325096,1635909300000,1635909300000,1781.278,1777.698857142857,1782.1062857142856,1782.1062857142856,0.2314201325137185,0.2314201325137185,TARGET
scalper_filtered,1635950700000,2021,0.7294258815682685,1635951600000,1635953400000,1763.188,1755.7020714285713,1764.527857142857,1764.527857142857,0.17898342604694067,0.17898342604694067,TARGET
scalper_filtered,1636002900000,2021,0.6776739313371988,1636003800000,1636003800000,1774.904,1773.1712142857143,1775.7715714285714,1775.7715714285714,0.5006801599406385,0.5006801599406385,TARGET
scalper_filtered,1636044300000,2021,0.7145019013147879,1636045200000,1636063200000,1792.324,1788.8428214285716,1794.6963571428573,1791.198,0.6814810255148093,-0.32345367435084826,16BAR_TIMEOUT
scalper_filtered,1636073100000,2021,0.7647531806489746,1636074000000,1636074000000,1791.258,1789.1802857142857,1791.5614285714285,1791.5614285714285,0.14603960396031396,0.14603960396031396,TARGET
scalper_filtered,1636352100000,2021,0.7029212674326485,1636353000000,1636354800000,1817.563,1815.4435357142856,1818.7269285714287,1815.4435357142856,0.5491616816917908,-1.0,STOP
scalper_filtered,1636501500000,2021,0.7957363486516058,1636502400000,1636502400000,1829.813,1827.6260357142855,1830.3469285714286,1830.3469285714286,0.24414142238910738,0.24414142238910738,TARGET
scalper_filtered,1636523100000,2021,0.7097895743753077,1636524000000,1636524900000,1825.638,1823.2000178571427,1826.2749642857143,1826.2749642857143,0.26126700213147996,0.26126700213147996,TARGET
scalper_filtered,1636598700000,2021,0.7287136830918144,1636599600000,1636600500000,1844.098,1841.4089285714288,1845.4261428571428,1845.4261428571428,0.4939038967248947,0.4939038967248947,TARGET
scalper_filtered,1636671600000,2021,0.6975323827951717,1636672500000,1636672500000,1862.098,1860.400357142857,1862.3732857142857,1862.3732857142857,0.1621576134976941,0.1621576134976941,TARGET
scalper_filtered,1636938900000,2021,0.7365693186980315,1636939800000,1636939800000,1862.638,1859.3574999999998,1863.259,1859.3574999999998,0.18930041152265828,-1.0,STOP
scalper_filtered,1636940700000,2021,0.7316822298053792,1636941600000,1636941600000,1860.348,1855.4247857142857,1860.4384285714286,1860.4384285714286,0.018367791077278862,0.018367791077278862,TARGET
scalper_filtered,1636960500000,2021,0.7346799773717696,1636961400000,1636961400000,1858.078,1855.2662321428572,1858.4215357142857,1858.4215357142857,0.1221778367702195,0.1221778367702195,TARGET
scalper_filtered,1636979400000,2021,0.7418433123212744,1636980300000,1636980300000,1861.854,1859.3435892857142,1862.7348214285714,1862.7348214285714,0.3508674590810735,0.3508674590810735,TARGET
scalper_filtered,1636988400000,2021,0.6767467344895325,1636989300000,1636989300000,1861.358,1855.6725714285715,1863.008857142857,1863.008857142857,0.29036635006784856,0.29036635006784856,TARGET
scalper_filtered,1637047800000,2021,0.6668734090815551,1637048700000,1637048700000,1863.408,1860.953142857143,1864.4657142857143,1864.4657142857143,0.43086592178777255,0.43086592178777255,TARGET
scalper_filtered,1637065800000,2021,0.7024491288760816,1637066700000,1637066700000,1872.128,1869.3561428571427,1873.2917142857143,1869.3561428571427,0.41983198474464495,-1.0,STOP
scalper_filtered,1637074800000,2021,0.7554872086612404,1637075700000,1637075700000,1862.228,1853.0818035714285,1863.0603928571427,1863.0603928571427,0.09100972886853081,0.09100972886853081,TARGET
scalper_filtered,1637085600000,2021,0.6970762631613074,1637086500000,1637104500000,1853.888,1849.0544285714286,1855.605142857143,1850.318,0.3552534357913826,-0.7385843061918191,16BAR_TIMEOUT
scalper_filtered,1637178300000,2021,0.6776827013332137,1637179200000,1637181000000,1863.868,1861.4321071428571,1865.2297857142858,1865.2297857142858,0.5590499230262282,0.5590499230262282,TARGET
scalper_filtered,1637203500000,2021,0.697832773133697,1637204400000,1637204400000,1866.758,1864.0858928571429,1867.8122142857144,1864.0858928571429,0.3945254547641867,-1.0,STOP
scalper_filtered,1637231400000,2021,0.6728772424989676,1637232300000,1637233200000,1860.678,1856.9081785714286,1862.1156428571428,1862.1156428571428,0.3813556913456923,0.3813556913456923,TARGET
scalper_filtered,1637241300000,2021,0.6595258855108324,1637242200000,1637242200000,1856.508,1853.032875,1858.77825,1858.77825,0.6532858530268912,0.6532858530268912,TARGET
scalper_filtered,1637307900000,2021,0.7526285315441642,1637308800000,1637308800000,1857.458,1854.8462857142856,1858.0014285714285,1858.0014285714285,0.2080735149326486,0.2080735149326486,TARGET
scalper_filtered,1637329500000,2021,0.6934106814833786,1637330400000,1637330400000,1860.018,1855.6313214285715,1861.831357142857,1861.831357142857,0.4133781660383946,0.4133781660383946,TARGET
scalper_filtered,1637633700000,2021,0.8012037736215224,1637634600000,1637634600000,1809.148,1804.7396785714286,1809.6726428571428,1809.6726428571428,0.11901193359961966,0.11901193359961966,TARGET
scalper_filtered,1637672400000,2021,0.6832222499252579,1637673300000,1637673300000,1790.668,1785.7761785714285,1792.081642857143,1792.081642857143,0.2889808791642431,0.2889808791642431,TARGET
scalper_filtered,1637674200000,2021,0.7298786477271859,1637675100000,1637675100000,1787.618,1781.6685,1788.927,1788.927,0.22001848894864803,0.22001848894864803,TARGET
scalper_filtered,1637751600000,2021,0.6771401815937091,1637752500000,1637752500000,1787.799,1783.7523214285713,1788.8003571428571,1788.8003571428571,0.2474516137573148,0.2474516137573148,TARGET
scalper_filtered,1637757900000,2021,0.7205862516245799,1637758800000,1637759700000,1785.785,1782.54,1787.364,1782.54,0.4865947611709995,-1.0,STOP
scalper_filtered,1637762400000,2021,0.7372179013212063,1637763300000,1637763300000,1782.025,1776.0603571428571,1783.0732857142857,1783.0732857142857,0.17574995509248917,0.17574995509248917,TARGET
scalper_filtered,1637817300000,2021,0.6885086580793953,1637818200000,1637819100000,1792.075,1790.6736607142857,1792.6666785714285,1792.6666785714285,0.42222363810121527,0.42222363810121527,TARGET
scalper_filtered,1637931600000,2021,0.6867918628606727,1637932500000,1637932500000,1808.298,1802.3777678571428,1810.5984642857143,1802.3777678571428,0.38857670277166134,-1.0,STOP
scalper_filtered,1637933400000,2021,0.7784592360175799,1637934300000,1637934300000,1804.288,1795.8613392857142,1804.7313214285714,1804.7313214285714,0.05260938390693846,0.05260938390693846,TARGET
scalper_filtered,1637944200000,2021,0.6775649842068353,1637945100000,1637946900000,1785.418,1776.4303035714286,1788.2133928571427,1788.2133928571427,0.31102439644672863,0.31102439644672863,TARGET
scalper_filtered,1638288000000,2021,0.7645086526857824,1638288900000,1638288900000,1779.898,1767.3875892857143,1780.4088214285716,1780.4088214285716,0.040831707306652226,0.040831707306652226,TARGET
scalper_filtered,1638377100000,2021,0.7509759876293602,1638378000000,1638388800000,1785.948,1778.4360892857144,1786.7818214285714,1778.4360892857144,0.11099991204443402,-1.0,STOP
scalper_filtered,1638432900000,2021,0.7539894720389674,1638433800000,1638433800000,1769.958,1765.7022321428572,1770.6395357142856,1770.6395357142856,0.16014400624356814,0.16014400624356814,TARGET
scalper_filtered,1638451800000,2021,0.7432809175717041,1638452700000,1638453600000,1776.518,1771.5129285714288,1777.258142857143,1777.258142857143,0.14787858029714726,0.14787858029714726,TARGET
scalper_filtered,1638455400000,2021,0.6980303544374408,1638456300000,1638456300000,1770.138,1763.7710178571429,1771.561964285714,1763.7710178571429,0.22364822984648947,-1.0,STOP
scalper_filtered,1638537300000,2021,0.6743792502485363,1638538200000,1638538200000,1769.621,1766.0366785714284,1770.8706428571427,1770.8706428571427,0.34864140452954845,0.34864140452954845,TARGET
scalper_filtered,1638539100000,2021,0.760418551514835,1638540000000,1638540000000,1769.958,1764.06975,1770.7455,1770.7455,0.13374092472295043,0.13374092472295043,TARGET
scalper_filtered,1638745200000,2021,0.7453581166213787,1638746100000,1638747900000,1782.565,1779.014642857143,1783.5847142857144,1783.5847142857144,0.28721456593906497,0.28721456593906497,TARGET
scalper_filtered,1638781200000,2021,0.7459579625619895,1638782100000,1638782100000,1781.128,1777.3546428571428,1781.9247142857141,1781.9247142857141,0.2111420296439089,0.2111420296439089,TARGET
scalper_filtered,1638918000000,2021,0.7928426684513648,1638918900000,1638920700000,1784.405,1781.8956249999999,1784.44375,1784.44375,0.01544209215439499,0.01544209215439499,TARGET
scalper_filtered,1638970200000,2021,0.7649248752066617,1638971100000,1638985500000,1785.128,1779.389892857143,1785.7442142857142,1783.435,0.10738981869331936,-0.2950450310269131,16BAR_TIMEOUT
scalper_filtered,1639039500000,2021,0.7172779740659344,1639040400000,1639040400000,1784.288,1781.2627142857143,1785.1185714285714,1785.1185714285714,0.2745431364215729,0.2745431364215729,TARGET
scalper_filtered,1639054800000,2021,0.7134882738639472,1639055700000,1639055700000,1775.728,1772.1660357142857,1776.7319285714286,1776.7319285714286,0.2818468942698075,0.2818468942698075,TARGET
scalper_filtered,1639117800000,2021,0.7121996839635265,1639118700000,1639118700000,1772.868,1770.2224464285714,1773.359107142857,1773.359107142857,0.18563492652765728,0.18563492652765728,TARGET
scalper_filtered,1639124100000,2021,0.7675992122921298,1639125000000,1639125000000,1772.048,1769.1367857142857,1772.8814285714286,1772.8814285714286,0.28628211104841933,0.28628211104841933,TARGET
scalper_filtered,1639373400000,2021,0.7377585912432159,1639374300000,1639374300000,1785.348,1783.5573571428572,1785.8002857142858,1785.8002857142858,0.25258287127536216,0.25258287127536216,TARGET
scalper_filtered,1639378800000,2021,0.772754483404104,1639379700000,1639379700000,1784.478,1782.3517142857143,1784.9115714285713,1784.9115714285713,0.20391023918290435,0.20391023918290435,TARGET
scalper_filtered,1639436400000,2021,0.8058489057674696,1639437300000,1639437300000,1786.168,1784.3950714285716,1786.2638571428572,1786.2638571428572,0.054067120583479664,0.054067120583479664,TARGET
scalper_filtered,1639439100000,2021,0.6608902577063814,1639440000000,1639441800000,1785.648,1784.2238928571428,1786.2672142857143,1786.2672142857143,0.43480877742956164,0.43480877742956164,TARGET
scalper_filtered,1639491300000,2021,0.715842463732366,1639492200000,1639492200000,1769.448,1764.483107142857,1770.1077857142857,1770.1077857142857,0.13289022205914341,0.13289022205914341,TARGET
scalper_filtered,1639514700000,2021,0.6756561662948695,1639515600000,1639523700000,1771.015,1769.4020892857143,1771.7808214285715,1771.7808214285715,0.47480708125277105,0.47480708125277105,TARGET
scalper_filtered,1639546200000,2021,0.7009609796821378,1639547100000,1639547100000,1769.018,1767.2428571428572,1769.5982857142858,1769.5982857142858,0.32689521970066987,0.32689521970066987,TARGET
scalper_filtered,1639552500000,2021,0.7343432577545165,1639553400000,1639555200000,1768.005,1765.694642857143,1768.6447142857144,1768.6447142857144,0.2768897820374009,0.2768897820374009,TARGET
scalper_filtered,1639578600000,2021,0.7113650956595794,1639579500000,1639579500000,1767.028,1762.456160714286,1767.7116785714286,1767.7116785714286,0.1495412521531339,0.1495412521531339,TARGET
scalper_filtered,1639593900000,2021,0.8044104167784109,1639594800000,1639594800000,1762.538,1758.6746428571428,1762.9747142857143,1758.6746428571428,0.11304010205779355,-1.0,STOP_BOTH
scalper_filtered,1639616400000,2021,0.7367676787631221,1639617300000,1639617300000,1777.068,1774.051125,1778.15175,1778.15175,0.3592293349906772,0.3592293349906772,TARGET
scalper_filtered,1639680300000,2021,0.6869167922927367,1639681200000,1639684800000,1796.128,1793.9731964285713,1797.3776071428572,1797.3776071428572,0.5799169629317013,0.5799169629317013,TARGET
scalper_filtered,1639748700000,2021,0.6641893906091498,1639749600000,1639749600000,1806.668,1802.8391607142858,1807.8156785714286,1807.8156785714286,0.29974582002197603,0.29974582002197603,TARGET
scalper_filtered,1639751400000,2021,0.7466210959559112,1639752300000,1639753200000,1807.768,1802.201625,1807.98075,1807.98075,0.03822056544877239,0.03822056544877239,TARGET
scalper_filtered,1639766700000,2021,0.7105494765251626,1639767600000,1639769400000,1801.978,1798.2294642857144,1802.8750714285713,1802.8750714285713,0.23931249344978406,0.23931249344978406,TARGET
scalper_filtered,1639985400000,2021,0.7542285841420394,1639986300000,1639986300000,1799.118,1796.9957678571427,1799.672464285714,1799.672464285714,0.2612646724724857,0.2612646724724857,TARGET
scalper_filtered,1640001600000,2021,0.7379505510907274,1640002500000,1640002500000,1796.905,1793.6402142857144,1797.1135714285715,1797.1135714285715,0.06388518170086709,0.06388518170086709,TARGET
scalper_filtered,1640007000000,2021,0.7043702716007647,1640007900000,1640007900000,1797.308,1792.4320892857143,1797.3398214285714,1797.3398214285714,0.006526253337292498,0.006526253337292498,TARGET
scalper_filtered,1640068200000,2021,0.7460684891300058,1640069100000,1640069100000,1790.285,1787.8364642857143,1790.5110714285715,1790.5110714285715,0.09232923467379534,0.09232923467379534,TARGET
scalper_filtered,1640094300000,2021,0.7695504206871328,1640095200000,1640095200000,1797.865,1794.3719285714285,1798.1101428571428,1798.1101428571428,0.07017974357399859,0.07017974357399859,TARGET
scalper_filtered,1640159100000,2021,0.6554904821661527,1640160000000,1640160000000,1786.739,1785.2938571428572,1787.4872857142857,1787.4872857142857,0.5177935943060112,0.5177935943060112,TARGET
scalper_filtered,1640184300000,2021,0.6556351056716373,1640185200000,1640185200000,1790.268,1787.4313571428572,1791.411285714286,1791.411285714286,0.403041825095118,0.403041825095118,TARGET
scalper_filtered,1640255400000,2021,0.6845450731056871,1640256300000,1640261700000,1805.495,1803.815607142857,1806.4837857142857,1803.815607142857,0.5887757055058581,-1.0,STOP
scalper_filtered,1640269800000,2021,0.656685090101235,1640270700000,1640270700000,1800.538,1797.230857142857,1801.8722857142857,1801.8722857142857,0.40345572354209375,0.40345572354209375,TARGET
scalper_filtered,1640604600000,2021,0.7729288167550201,1640605500000,1640605500000,1806.378,1803.6900714285714,1806.404857142857,1806.404857142857,0.009991762111018971,0.009991762111018971,TARGET
scalper_filtered,1640655000000,2021,0.6823878289402217,1640655900000,1640655900000,1810.188,1808.8035535714284,1810.7248928571428,1810.7248928571428,0.387803273613547,0.387803273613547,TARGET
scalper_filtered,1640658600000,2021,0.6561302344976947,1640659500000,1640662200000,1809.124,1807.774,1809.646,1809.646,0.38666666666657906,0.38666666666657906,TARGET
scalper_filtered,1640740500000,2021,0.7582562748167424,1640741400000,1640741400000,1805.098,1803.1297499999998,1805.4945,1805.4945,0.2014479867903136,0.2014479867903136,TARGET
scalper_filtered,1640761200000,2021,0.8841324944413181,1640762100000,1640762100000,1805.848,1804.1001964285713,1805.8846071428572,1805.8846071428572,0.020944655026290594,0.020944655026290594,TARGET
scalper_filtered,1640823300000,2021,0.8473436318646433,1640824200000,1640824200000,1804.528,1802.777107142857,1804.5497857142857,1804.5497857142857,0.012442631310529086,0.012442631310529086,TARGET
scalper_filtered,1640848500000,2021,0.7311821303921114,1640849400000,1640850300000,1797.158,1795.2679821428571,1797.6380357142857,1797.6380357142857,0.2539847507110322,0.2539847507110322,TARGET
scalper_filtered,1640937600000,2021,0.681833504990886,1640938500000,1640938500000,1816.018,1814.1366785714285,1816.630642857143,1816.630642857143,0.32564496839227675,0.32564496839227675,TARGET
scalper_filtered,1641220200000,2022,0.6978382211862162,1641221100000,1641221100000,1807.028,1801.9883571428572,1808.8572857142858,1808.8572857142858,0.36297923605699706,0.36297923605699706,TARGET
scalper_filtered,1641286800000,2022,0.7905900743750399,1641287700000,1641287700000,1804.178,1800.4518928571429,1804.5202142857142,1804.5202142857142,0.09184230957237566,0.09184230957237566,TARGET
scalper_filtered,1641339900000,2022,0.7828331674345177,1641340800000,1641340800000,1813.815,1812.2370535714285,1814.2798928571426,1814.2798928571426,0.29461891020179637,0.29461891020179637,TARGET
scalper_filtered,1641409200000,2022,0.8479475749857128,1641410100000,1641410100000,1816.158,1812.586535714286,1817.3909285714287,1817.3909285714287,0.3452165478346213,0.3452165478346213,TARGET
scalper_filtered,1641411000000,2022,0.6880530235415203,1641411900000,1641413700000,1814.938,1810.5665357142857,1816.5589285714286,1810.5665357142857,0.3707976242023947,-1.0,STOP
scalper_filtered,1641414600000,2022,0.6884882365415067,1641415500000,1641433500000,1810.538,1805.9895714285713,1812.524857142857,1810.948,0.43682276453399815,0.09014102201703744,16BAR_TIMEOUT
scalper_filtered,1641449700000,2022,0.7258366359279234,1641450600000,1641450600000,1802.658,1800.257892857143,1803.4082142857144,1803.4082142857144,0.31257533145852207,0.31257533145852207,TARGET
scalper_filtered,1641455100000,2022,0.7213715466445725,1641456000000,1641456900000,1800.848,1797.880232142857,1802.1965357142856,1797.880232142857,0.4543939348355429,-1.0,STOP
scalper_filtered,1641588300000,2022,0.7089560434360441,1641589200000,1641591900000,1795.718,1793.0475892857144,1796.7088214285714,1796.7088214285714,0.3710370930099825,0.3710370930099825,TARGET
scalper_filtered,1641772800000,2022,0.7781652162849083,1641773700000,1641774600000,1793.638,1790.950857142857,1794.1522857142859,1794.1522857142859,0.19138755980870717,0.19138755980870717,TARGET
scalper_filtered,1641960000000,2022,0.6836198939718701,1641960900000,1641964500000,1818.738,1816.7324285714285,1819.3591428571428,1819.3591428571428,0.3097086687085422,0.3097086687085422,TARGET
scalper_filtered,1641973500000,2022,0.707282938608357,1641974400000,1641974400000,1817.168,1814.844,1817.526,1817.526,0.15404475043037824,0.15404475043037824,TARGET
scalper_filtered,1641977100000,2022,0.7923256310525866,1641978000000,1641978000000,1816.758,1813.4073035714287,1816.9193928571428,1816.9193928571428,0.04816695889445666,0.04816695889445666,TARGET
scalper_filtered,1642089600000,2022,0.7813686948778018,1642090500000,1642090500000,1815.678,1810.0690714285715,1816.5458571428571,1816.5458571428571,0.1547277936962529,0.1547277936962529,TARGET
scalper_filtered,1642164300000,2022,0.6694235437409061,1642165200000,1642165200000,1820.748,1818.165357142857,1821.8932857142859,1821.8932857142859,0.4434549326548051,0.4434549326548051,TARGET
scalper_filtered,1642170600000,2022,0.726853648583248,1642171500000,1642171500000,1821.948,1816.9937499999999,1823.3365000000001,1823.3365000000001,0.2802644194378478,0.2802644194378478,TARGET
scalper_filtered,1642185900000,2022,0.7004782752076524,1642186800000,1642187700000,1817.048,1813.0029464285715,1817.7281071428572,1817.7281071428572,0.16813303726333928,0.16813303726333928,TARGET
scalper_filtered,1642379400000,2022,0.7396553408554755,1642380300000,1642382100000,1815.838,1813.6652321428571,1816.2535357142858,1813.6652321428571,0.19124717485110213,-1.0,STOP
scalper_filtered,1642421700000,2022,0.7366409337376875,1642422600000,1642426200000,1820.528,1818.6119107142856,1820.9401785714285,1820.9401785714285,0.21511449101122304,0.21511449101122304,TARGET
scalper_filtered,1642431600000,2022,0.7271390787709608,1642432500000,1642432500000,1819.098,1816.6294464285713,1819.5051071428572,1819.5051071428572,0.16491728094103278,0.16491728094103278,TARGET
scalper_filtered,1642485600000,2022,0.7038131349899663,1642486500000,1642486500000,1816.618,1813.9705535714286,1817.5298928571428,1817.5298928571428,0.3444424209312472,0.3444424209312472,TARGET
scalper_filtered,1642489200000,2022,0.6633680369297263,1642490100000,1642491000000,1814.138,1811.8054464285715,1815.3831071428572,1815.3831071428572,0.5337957327577083,0.5337957327577083,TARGET
scalper_filtered,1642636800000,2022,0.7387717264158015,1642637700000,1642637700000,1839.378,1837.0489464285715,1839.416107142857,1839.416107142857,0.01636164291136167,0.01636164291136167,TARGET
scalper_filtered,1642671900000,2022,0.671532134114571,1642672800000,1642673700000,1838.428,1835.6803392857141,1839.3933214285714,1839.3933214285714,0.35132482826292694,0.35132482826292694,TARGET
scalper_filtered,1642680900000,2022,0.7102889175280718,1642681800000,1642681800000,1837.158,1834.7636785714285,1837.896642857143,1837.896642857143,0.30849778493767077,0.30849778493767077,TARGET
scalper_filtered,1642750200000,2022,0.6671546488972424,1642751100000,1642751100000,1839.158,1837.3030357142857,1840.1679285714285,1837.3030357142857,0.5444463697799898,-1.0,STOP
scalper_filtered,1642754700000,2022,0.8041070663193468,1642755600000,1642755600000,1831.548,1826.6689642857143,1831.8140714285714,1831.8140714285714,0.05453360953935461,0.05453360953935461,TARGET
scalper_filtered,1642789800000,2022,0.71433094514565,1642790700000,1642801500000,1831.948,1828.271785714286,1833.7084285714286,1833.7084285714286,0.47886995550546724,0.47886995550546724,TARGET
scalper_filtered,1643028300000,2022,0.7338156151700925,1643029200000,1643029200000,1838.448,1834.8058035714284,1839.4023928571428,1839.4023928571428,0.2620377225280445,0.2620377225280445,TARGET
scalper_filtered,1643076000000,2022,0.6630113945055833,1643076900000,1643080500000,1840.798,1838.9302142857143,1841.3415714285713,1841.3415714285713,0.2910245133656709,0.2910245133656709,TARGET
scalper_filtered,1643106600000,2022,0.7551776327626994,1643107500000,1643107500000,1837.168,1833.385625,1837.74275,1837.74275,0.1519547903103194,0.1519547903103194,TARGET
scalper_filtered,1643141700000,2022,0.7282741778815074,1643142600000,1643160600000,1848.908,1846.24,1850.3439999999998,1846.965,0.5382308845577135,-0.7282608695652405,16BAR_TIMEOUT
scalper_filtered,1643174100000,2022,0.6965452840930009,1643175000000,1643175000000,1847.208,1845.8681607142858,1847.7576785714286,1847.7576785714286,0.410257093734565,0.410257093734565,TARGET
scalper_filtered,1643198400000,2022,0.7251469707149524,1643199300000,1643199300000,1844.608,1841.3836964285715,1844.8646071428573,1844.8646071428573,0.07958529250508414,0.07958529250508414,TARGET
scalper_filtered,1643206500000,2022,0.6783082266625953,1643207400000,1643207400000,1835.268,1829.968607142857,1836.0747857142856,1836.0747857142856,0.15224115970154467,0.15224115970154467,TARGET
scalper_filtered,1643225400000,2022,0.682277934160411,1643226300000,1643226300000,1822.498,1817.631160714286,1825.0196785714286,1817.631160714286,0.5181347530481505,-1.0,STOP_BOTH
scalper_filtered,1643248800000,2022,0.7274452852301948,1643249700000,1643249700000,1814.988,1811.540375,1815.6432499999999,1815.6432499999999,0.19005837351794153,0.19005837351794153,TARGET
scalper_filtered,1643351400000,2022,0.6899996994295442,1643352300000,1643353200000,1797.708,1795.940625,1798.27275,1795.940625,0.31954169318903025,-1.0,STOP
scalper_filtered,1643361300000,2022,0.6634790987108514,1643362200000,1643362200000,1791.068,1788.5834285714286,1792.2901428571429,1792.2901428571429,0.4918928242870566,0.4918928242870566,TARGET
scalper_filtered,1643727600000,2022,0.7318048687062672,1643728500000,1643729400000,1801.268,1795.2835357142858,1802.4279285714285,1802.4279285714285,0.19382329245366575,0.19382329245366575,TARGET
scalper_filtered,1643745600000,2022,0.7210003460599265,1643746500000,1643748300000,1800.128,1797.406392857143,1800.6512142857143,1800.6512142857143,0.19224460337253443,0.19224460337253443,TARGET
scalper_filtered,1643850900000,2022,0.6633042878940748,1643851800000,1643852700000,1806.388,1805.202142857143,1807.0497142857141,1807.0497142857141,0.5580050596313608,0.5580050596313608,TARGET
scalper_filtered,1643873400000,2022,0.7506653367426651,1643874300000,1643874300000,1804.278,1802.286732142857,1804.5105357142857,1804.5105357142857,0.11677771699648387,0.11677771699648387,TARGET
scalper_filtered,1643891400000,2022,0.6689991229997921,1643892300000,1643893200000,1802.448,1799.247607142857,1802.9597857142855,1802.9597857142855,0.15991340348832112,0.15991340348832112,TARGET
scalper_filtered,1643929200000,2022,0.723088483792178,1643930100000,1643930100000,1805.218,1803.0099464285713,1805.4041071428571,1805.4041071428571,0.08428561030637938,0.08428561030637938,TARGET
scalper_filtered,1643981400000,2022,0.7501851655061578,1643982300000,1643982300000,1797.695,1794.2635714285714,1800.4568571428572,1800.4568571428572,0.8048709408826303,0.8048709408826303,TARGET
scalper_filtered,1644215400000,2022,0.7095090454550235,1644216300000,1644216300000,1809.488,1807.9445714285714,1810.024857142857,1810.024857142857,0.3478341355051861,0.3478341355051861,TARGET
scalper_filtered,1644321600000,2022,0.6945833343635603,1644322500000,1644325200000,1818.154,1816.113875,1819.18625,1819.18625,0.5059738986581616,0.5059738986581616,TARGET
scalper_filtered,1644361200000,2022,0.6970309677323323,1644362100000,1644368400000,1826.058,1824.7170357142857,1826.4299285714285,1826.4299285714285,0.27735904333229167,0.27735904333229167,TARGET
scalper_filtered,1644388200000,2022,0.6728093665652254,1644389100000,1644390000000,1827.218,1825.6679285714285,1827.6781428571428,1827.6781428571428,0.296852679599916,0.296852679599916,TARGET
scalper_filtered,1644407100000,2022,0.702526971269889,1644408000000,1644408000000,1826.759,1824.78975,1827.1544999999999,1827.1544999999999,0.20083788244247092,0.20083788244247092,TARGET
scalper_filtered,1644453900000,2022,0.7692906315016996,1644454800000,1644454800000,1832.454,1830.859392857143,1832.4932142857142,1832.4932142857142,0.024591816166075513,0.024591816166075513,TARGET
scalper_filtered,1644496200000,2022,0.7165436518265738,1644497100000,1644498000000,1831.638,1829.7565892857142,1832.1308214285714,1832.1308214285714,0.26194250135253444,0.26194250135253444,TARGET
scalper_filtered,1644543000000,2022,0.7346587319789039,1644543900000,1644543900000,1825.538,1822.5827142857142,1825.7365714285716,1825.7365714285716,0.0671919563010953,0.0671919563010953,TARGET
scalper_filtered,1644553800000,2022,0.7143825174763309,1644554700000,1644555600000,1824.674,1822.1032142857143,1824.7575714285715,1824.7575714285715,0.0325081270317987,0.0325081270317987,TARGET
scalper_filtered,1644562800000,2022,0.7807497276928943,1644563700000,1644563700000,1823.438,1820.7222857142858,1823.6794285714286,1823.6794285714286,0.08890057864279856,0.08890057864279856,TARGET
scalper_filtered,1644587100000,2022,0.6662374901776649,1644588000000,1644588000000,1827.218,1823.0892142857142,1828.2455714285716,1828.2455714285716,0.2488798159265149,0.2488798159265149,TARGET
scalper_filtered,1644822000000,2022,0.7562946488658889,1644822900000,1644822900000,1852.304,1849.5668928571429,1852.9602142857143,1852.9602142857143,0.2397473871005299,0.2397473871005299,TARGET
scalper_filtered,1644841800000,2022,0.761412182644987,1644842700000,1644842700000,1854.518,1850.5346607142858,1855.5246785714287,1855.5246785714287,0.2527222762667985,0.2527222762667985,TARGET
scalper_filtered,1644912000000,2022,0.757595041271569,1644912900000,1644912900000,1870.188,1867.0436071428574,1871.5747857142858,1867.0436071428574,0.4410344945083694,-1.0,STOP_BOTH
scalper_filtered,1644914700000,2022,0.7821445910632994,1644915600000,1644916500000,1861.478,1855.1092142857142,1861.8855714285714,1855.1092142857142,0.06399515494094048,-1.0,STOP
scalper_filtered,1644925500000,2022,0.6994101110191953,1644926400000,1644927300000,1852.368,1847.112982142857,1855.3240357142856,1847.112982142857,0.5625167781813779,-1.0,STOP
scalper_filtered,1644971400000,2022,0.7219366708262385,1644972300000,1644973200000,1852.204,1850.4208214285713,1853.322357142857,1850.4208214285713,0.6271705822267374,-1.0,STOP
scalper_filtered,1645099200000,2022,0.6670180456973422,1645100100000,1645100100000,1885.676,1880.3155892857144,1887.4328214285715,1887.4328214285715,0.32774007855212317,0.32774007855212317,TARGET
scalper_filtered,1645147800000,2022,0.7729917307344273,1645148700000,1645148700000,1893.248,1889.9789821428571,1893.9060357142857,1889.9789821428571,0.20129462212874158,-1.0,STOP
scalper_filtered,1645417800000,2022,0.8639217825867551,1645418700000,1645418700000,1892.588,1887.4941607142857,1892.6056785714288,1892.6056785714288,0.0034705789557278985,0.0034705789557278985,TARGET
scalper_filtered,1645425000000,2022,0.7102751095722546,1645425900000,1645428600000,1889.952,1887.20275,1891.5835,1891.5835,0.5934345730653509,0.5934345730653509,TARGET
scalper_filtered,1645526700000,2022,0.6842067694060436,1645527600000,1645533000000,1896.418,1890.8284821428572,1899.9170357142857,1899.9170357142857,0.6259995591237761,0.6259995591237761,TARGET
scalper_filtered,1645544700000,2022,0.8022164938858463,1645545600000,1645545600000,1897.778,1891.2306785714286,1898.8726428571429,1898.8726428571429,0.16718941770080276,0.16718941770080276,TARGET
scalper_filtered,1645558200000,2022,0.8153753128500847,1645559100000,1645560000000,1902.528,1898.6225535714286,1903.1088928571428,1898.6225535714286,0.1487391692005006,-1.0,STOP
scalper_filtered,1645596000000,2022,0.7788400431599195,1645596900000,1645596900000,1894.752,1892.3075892857141,1895.1138214285713,1895.1138214285713,0.14801989962520976,0.14801989962520976,TARGET
scalper_filtered,1645608600000,2022,0.7982512280407398,1645609500000,1645609500000,1892.163,1887.8722321428572,1892.8995357142858,1892.8995357142858,0.17165592239152808,0.17165592239152808,TARGET
scalper_filtered,1645728300000,2022,0.6848992727134905,1645729200000,1645729200000,1919.997,1912.1972857142857,1924.1994285714286,1912.1972857142857,0.5387926297666483,-1.0,STOP
scalper_filtered,1645730100000,2022,0.6610835842134933,1645731000000,1645731000000,1889.248,1879.4787142857144,1895.2865714285715,1879.4787142857144,0.6181180083351705,-1.0,STOP
scalper_filtered,1645776900000,2022,0.7105406943648258,1645777800000,1645777800000,1911.898,1906.5055,1913.593,1913.593,0.31432545201672446,0.31432545201672446,TARGET
scalper_filtered,1645797600000,2022,0.6868109976689093,1645798500000,1645812900000,1890.088,1880.2855535714286,1894.428892857143,1889.028,0.4428377026872116,-0.1081362706467182,16BAR_TIMEOUT
scalper_filtered,1646032500000,2022,0.8078008270377883,1646033400000,1646033400000,1900.628,1893.674375,1900.67525,1893.674375,0.006795016987553578,-1.0,STOP
scalper_filtered,1646138700000,2022,0.7934538419965527,1646139600000,1646139600000,1916.253,1908.1669285714286,1916.990142857143,1916.990142857143,0.0911620511461691,0.0911620511461691,TARGET
scalper_filtered,1646198100000,2022,0.8024551568976465,1646199000000,1646199000000,1935.858,1931.4376071428571,1936.7337857142857,1936.7337857142857,0.19812395472283628,0.19812395472283628,TARGET
scalper_filtered,1646200800000,2022,0.7297215010776386,1646201700000,1646201700000,1933.998,1930.0317321428572,1935.0905357142858,1935.0905357142858,0.2754568661615264,0.2754568661615264,TARGET
scalper_filtered,1646213400000,2022,0.7680768963936648,1646214300000,1646216100000,1936.703,1927.9442321428571,1938.1195357142858,1927.9442321428571,0.16172773812364832,-1.0,STOP
scalper_filtered,1646324100000,2022,0.7292445828580385,1646325000000,1646325000000,1927.758,1919.6939642857144,1930.2660714285714,1930.2660714285714,0.31101938501193316,0.31101938501193316,TARGET
scalper_filtered,1646358300000,2022,0.6766565450394828,1646359200000,1646359200000,1933.693,1926.4170535714286,1935.659892857143,1935.659892857143,0.2703281114631791,0.2703281114631791,TARGET
scalper_filtered,1646375400000,2022,0.7167460749796787,1646376300000,1646377200000,1936.358,1932.3388035714286,1937.1783928571429,1937.1783928571429,0.2041186271243067,0.2041186271243067,TARGET
scalper_filtered,1646381700000,2022,0.7050651634036004,1646382600000,1646382600000,1936.287,1932.0256964285713,1937.702607142857,1937.702607142857,0.3322004919687888,0.3322004919687888,TARGET
scalper_filtered,1646398800000,2022,0.7110940651877036,1646399700000,1646399700000,1942.747,1937.4318928571429,1944.4702142857143,1944.4702142857143,0.3242106394844734,0.3242106394844734,TARGET
scalper_filtered,1646652600000,2022,0.7782614015867251,1646653500000,1646653500000,1990.578,1982.468089285714,1992.0378214285713,1992.0378214285713,0.18000462397197606,0.18000462397197606,TARGET
scalper_filtered,1646654400000,2022,0.7449415708680303,1646655300000,1646658900000,1987.777,1979.8141964285714,1989.6356071428572,1979.8141964285714,0.23341115050559152,-1.0,STOP
scalper_filtered,1646785800000,2022,0.7405468275061488,1646786700000,1646788500000,2038.618,2032.0599464285715,2040.7541071428573,2040.7541071428573,0.32572273458755074,0.32572273458755074,TARGET
scalper_filtered,1646804700000,2022,0.6643830516465613,1646805600000,1646806500000,2047.908,2041.4899464285713,2051.453107142857,2051.453107142857,0.5523648413654304,0.5523648413654304,TARGET
scalper_filtered,1646811000000,2022,0.7533157580778819,1646811900000,1646811900000,2042.99,2034.6678214285714,2045.048357142857,2045.048357142857,0.24733393127655617,0.24733393127655617,TARGET
scalper_filtered,1646830800000,2022,0.7656362677818769,1646831700000,1646831700000,2007.7,1995.2251785714286,2011.5836428571429,1995.2251785714286,0.3113185130047646,-1.0,STOP
scalper_filtered,1646854200000,2022,0.7263951809484752,1646855100000,1646855100000,1984.6,1974.9364285714287,1988.597142857143,1988.597142857143,0.41362998004289303,0.41362998004289303,TARGET
scalper_filtered,1646874000000,2022,0.6635041473878005,1646874900000,1646886600000,1977.088,1969.3835892857144,1979.3268214285715,1979.3268214285715,0.2905895741539729,0.2905895741539729,TARGET
scalper_filtered,1646973900000,2022,0.6809081491824526,1646974800000,1646975700000,1987.888,1984.0203571428572,1989.4132857142856,1984.0203571428572,0.3943708792730969,-1.0,STOP
scalper_filtered,1646997300000,2022,0.8203090246177933,1646998200000,1646998200000,1980.818,1972.207482142857,1981.4310357142856,1972.207482142857,0.07119614922778064,-1.0,STOP_BOTH
scalper_filtered,1647236700000,2022,0.7332151572906005,1647237600000,1647237600000,1973.318,1969.4720714285713,1974.3198571428572,1974.3198571428572,0.26049811488961133,0.26049811488961133,TARGET
scalper_filtered,1647250200000,2022,0.6747226101634854,1647251100000,1647252000000,1963.748,1957.5590535714284,1965.8658928571429,1965.8658928571429,0.34220571814379136,0.34220571814379136,TARGET
scalper_filtered,1647256500000,2022,0.6945960587673476,1647257400000,1647258300000,1958.981,1951.4024642857141,1961.0790714285715,1961.0790714285715,0.2768439059562094,0.2768439059562094,TARGET
scalper_filtered,1647302400000,2022,0.8169540406297252,1647303300000,1647303300000,1949.348,1943.8107142857143,1949.4125714285715,1949.4125714285715,0.011661205851259926,0.011661205851259926,TARGET
scalper_filtered,1647317700000,2022,0.7138399588940881,1647318600000,1647319500000,1941.398,1936.933142857143,1943.2177142857142,1936.933142857143,0.407563831829548,-1.0,STOP
scalper_filtered,1647321300000,2022,0.8066164350687844,1647322200000,1647322200000,1932.998,1927.410017857143,1933.4189642857143,1933.4189642857143,0.07533386380848889,0.07533386380848889,TARGET
scalper_filtered,1647347400000,2022,0.6731555082828657,1647348300000,1647350100000,1923.528,1915.8525,1926.054,1915.8525,0.3290990814930687,-1.0,STOP
scalper_filtered,1647403200000,2022,0.6668310770056952,1647404100000,1647409500000,1917.688,1914.4043392857143,1919.1253214285714,1919.1253214285714,0.4377192266905404,0.4377192266905404,TARGET
scalper_filtered,1647412200000,2022,0.7264107943117365,1647413100000,1647413100000,1914.898,1910.9581785714286,1915.607642857143,1915.607642857143,0.18012056383997332,0.18012056383997332,TARGET
scalper_filtered,1647440100000,2022,0.6840005311582172,1647441000000,1647441000000,1908.758,1900.3480357142855,1910.9979285714285,1910.9979285714285,0.26634222159935467,0.26634222159935467,TARGET
scalper_filtered,1647453600000,2022,0.8036848484106183,1647454500000,1647454500000,1909.218,1900.5076785714286,1909.355642857143,1900.5076785714286,0.015802270705128137,-1.0,STOP
scalper_filtered,1647497700000,2022,0.6674091872176267,1647498600000,1647498600000,1932.413,1929.0341964285715,1933.6806071428573,1933.6806071428573,0.37516449715404776,0.37516449715404776,TARGET
scalper_filtered,1647501300000,2022,0.7674793237378428,1647502200000,1647502200000,1932.408,1928.2780714285716,1933.2878571428573,1933.2878571428573,0.21304415503562207,0.21304415503562207,TARGET
scalper_filtered,1647546300000,2022,0.7455485709963556,1647547200000,1647549000000,1937.268,1933.3743571428572,1939.1452857142856,1939.1452857142856,0.48214121920342895,0.48214121920342895,TARGET
scalper_filtered,1647609300000,2022,0.7135652311179969,1647610200000,1647610200000,1927.088,1918.3851071428571,1928.1137857142855,1928.1137857142855,0.11786721164143353,0.11786721164143353,TARGET
scalper_filtered,1647628200000,2022,0.6954895450692969,1647629100000,1647629100000,1927.588,1923.7175,1929.8690000000001,1923.7175,0.5893295439866117,-1.0,STOP
scalper_filtered,1647632700000,2022,0.6864381714049488,1647633600000,1647813600000,1920.098,1915.59675,1922.2005,1922.2005,0.46709247431268003,0.46709247431268003,TARGET
scalper_filtered,1647868500000,2022,0.7194680527052315,1647869400000,1647869400000,1921.22,1915.711125,1922.15175,1922.15175,0.1691361666401883,0.1691361666401883,TARGET
scalper_filtered,1647882900000,2022,0.6608940172476431,1647883800000,1647884700000,1929.385,1924.3745,1931.7949999999998,1931.7949999999998,0.48098992116551437,0.48098992116551437,TARGET
scalper_filtered,1647909900000,2022,0.7041422347502804,1647910800000,1647910800000,1931.028,1927.961392857143,1931.6112142857144,1931.6112142857144,0.19018226285450773,0.19018226285450773,TARGET
scalper_filtered,1647956700000,2022,0.6824632928101888,1647957600000,1647957600000,1923.368,1917.200892857143,1924.3022142857144,1917.200892857143,0.15148338825222118,-1.0,STOP
scalper_filtered,1647996300000,2022,0.7353356337557398,1647997200000,1647997200000,1917.768,1914.2349464285714,1917.889107142857,1917.889107142857,0.034278320554315865,0.034278320554315865,TARGET
scalper_filtered,1648013400000,2022,0.6676857917068973,1648014300000,1648015200000,1920.998,1919.1783392857142,1921.8473214285714,1919.1783392857142,0.46674713692692194,-1.0,STOP
scalper_filtered,1648087200000,2022,0.7666849814855764,1648088100000,1648088100000,1942.453,1939.1188035714283,1943.2473928571428,1943.2473928571428,0.23825616581418685,0.23825616581418685,TARGET
scalper_filtered,1648094400000,2022,0.6970853902794566,1648095300000,1648101600000,1939.468,1935.9956071428571,1940.8327857142858,1940.8327857142858,0.39303897065629745,0.39303897065629745,TARGET
scalper_filtered,1648154700000,2022,0.6629203496756347,1648159200000,1648159200000,1956.927,1954.6346785714286,1959.081642857143,1959.081642857143,0.9399392381398695,0.9399392381398695,TARGET
scalper_filtered,1648186200000,2022,0.8192072931579066,1648187100000,1648191600000,1959.098,1955.1534107142857,1959.2321785714284,1955.1534107142857,0.034015853542581145,-1.0,STOP
scalper_filtered,1648215000000,2022,0.6551632658484196,1648215900000,1648215900000,1946.568,1940.1474107142858,1948.6991785714285,1948.6991785714285,0.3319288116077502,0.3319288116077502,TARGET
scalper_filtered,1648430100000,2022,0.6911056221338586,1648431000000,1648431000000,1949.672,1945.05525,1950.4035,1950.4035,0.1584447934152482,0.1584447934152482,TARGET
scalper_filtered,1648446300000,2022,0.6885748409776979,1648447200000,1648447200000,1934.978,1931.1945,1936.545,1936.545,0.41416677679397534,0.41416677679397534,TARGET
scalper_filtered,1648456200000,2022,0.7181449109485124,1648457100000,1648460700000,1929.808,1924.507625,1931.8797499999998,1931.8797499999998,0.3908685706199705,0.3908685706199705,TARGET
scalper_filtered,1648542600000,2022,0.8013369519475937,1648543500000,1648543500000,1913.528,1908.1338392857142,1913.7863214285715,1913.7863214285715,0.047889086412887194,0.047889086412887194,TARGET
scalper_filtered,1648544400000,2022,0.8573721580664753,1648545300000,1648545300000,1913.615,1907.5450535714288,1913.655892857143,1913.655892857143,0.0067369387233060804,0.0067369387233060804,TARGET
scalper_filtered,1648628100000,2022,0.7001412973270819,1648629000000,1648638900000,1922.183,1917.0730892857143,1923.8078214285715,1923.8078214285715,0.31797452429629464,0.31797452429629464,TARGET
scalper_filtered,1648686600000,2022,0.7151906672719667,1648687500000,1648687500000,1929.698,1927.0763928571428,1930.2312142857143,1930.2312142857143,0.20339213949997403,0.20339213949997403,TARGET
scalper_filtered,1648704600000,2022,0.6805814888960294,1648705500000,1648705500000,1921.248,1917.1576785714287,1922.648642857143,1922.648642857143,0.3424285552131063,0.3424285552131063,TARGET
scalper_filtered,1648823400000,2022,0.7548814020624335,1648824300000,1648824300000,1924.109,1914.818392857143,1926.2532142857144,1926.2532142857144,0.23079377404985466,0.23079377404985466,TARGET
scalper_filtered,1649045700000,2022,0.6864575598984255,1649046600000,1649046600000,1916.875,1914.0861071428571,1917.8117857142856,1917.8117857142856,0.33589878215879015,0.33589878215879015,TARGET
scalper_filtered,1649145600000,2022,0.6957201556515119,1649146500000,1649146500000,1927.248,1923.95425,1928.1055000000001,1928.1055000000001,0.2603415559772481,0.2603415559772481,TARGET
scalper_filtered,1649160000000,2022,0.6608291515785107,1649160900000,1649160900000,1925.988,1922.286,1927.362,1927.362,0.3711507293355009,0.3711507293355009,TARGET
scalper_filtered,1649203200000,2022,0.6895123454376172,1649204100000,1649205900000,1920.538,1918.0388928571429,1921.6662142857142,1918.0388928571429,0.45144694533758134,-1.0,STOP
scalper_filtered,1649227500000,2022,0.687828399616731,1649228400000,1649228400000,1919.528,1916.3565714285714,1920.6508571428571,1916.3565714285714,0.35405405405404883,-1.0,STOP
scalper_filtered,1649268000000,2022,0.7265108666139639,1649268900000,1649269800000,1920.112,1914.928107142857,1922.2177857142856,1922.2177857142856,0.40621705971099853,0.40621705971099853,TARGET
scalper_filtered,1649287800000,2022,0.7525112003493823,1649288700000,1649289600000,1923.548,1920.8822499999999,1924.5294999999999,1924.5294999999999,0.3681890649910255,0.3681890649910255,TARGET
scalper_filtered,1649358000000,2022,0.6551374001821377,1649358900000,1649358900000,1932.934,1930.2216964285712,1934.5306071428572,1930.2216964285712,0.588653556215397,-1.0,STOP
scalper_filtered,1649360700000,2022,0.7142167298767865,1649361600000,1649362500000,1932.248,1927.8681607142855,1932.4576785714285,1932.4576785714285,0.047873576574444,0.047873576574444,TARGET
scalper_filtered,1649394000000,2022,0.7186244830651047,1649394900000,1649394900000,1929.112,1926.4701964285714,1929.7036071428572,1929.7036071428572,0.22394062497886197,0.22394062497886197,TARGET
scalper_filtered,1649437200000,2022,0.7175725955325576,1649438100000,1649443500000,1941.158,1936.4686428571429,1943.6487142857143,1943.6487142857143,0.5311419475712794,0.5311419475712794,TARGET
scalper_filtered,1649641500000,2022,0.7459428541029013,1649642400000,1649644200000,1944.172,1940.3385,1944.627,1940.3385,0.11869049171773371,-1.0,STOP
scalper_filtered,1649746800000,2022,0.7287603193550833,1649747700000,1649747700000,1956.742,1953.725625,1957.81275,1957.81275,0.35497907256230266,0.35497907256230266,TARGET
scalper_filtered,1649751300000,2022,0.7324867062018664,1649752200000,1649754900000,1954.002,1949.6884642857142,1954.7570714285714,1949.6884642857142,0.17504698664503346,-1.0,STOP
scalper_filtered,1649810700000,2022,0.658830659281903,1649811600000,1649811600000,1964.018,1961.6645714285714,1964.8248571428571,1964.8248571428571,0.34284326818014016,0.34284326818014016,TARGET
scalper_filtered,1649826000000,2022,0.7676786392469283,1649826900000,1649827800000,1969.122,1966.4215,1969.981,1969.981,0.3180892427327816,0.3180892427327816,TARGET
scalper_filtered,1649831400000,2022,0.7726611486504213,1649832300000,1649832300000,1968.832,1964.80475,1969.4644999999998,1969.4644999999998,0.1570550623874093,0.1570550623874093,TARGET
scalper_filtered,1649852100000,2022,0.8336585251987108,1649853000000,1649853000000,1975.573,1969.4847321428572,1976.1995357142857,1976.1995357142857,0.10290869734822357,0.10290869734822357,TARGET
scalper_filtered,1649876400000,2022,0.7443799986133349,1649877300000,1649879100000,1976.888,1973.3494107142856,1977.7251785714286,1977.7251785714286,0.2365854027785791,0.2365854027785791,TARGET
scalper_filtered,1649897100000,2022,0.689210991878643,1649898000000,1649898000000,1974.828,1972.5340535714288,1975.305892857143,1975.305892857143,0.2083278193382198,0.2083278193382198,TARGET
scalper_filtered,1649908800000,2022,0.7416181576735659,1649909700000,1649909700000,1974.078,1971.108875,1974.94625,1974.94625,0.292426219845903,0.292426219845903,TARGET
scalper_filtered,1649916000000,2022,0.7081664628306555,1649916900000,1649916900000,1973.689,1969.7781964285716,1974.0376071428573,1974.0376071428573,0.089139517362632,0.089139517362632,TARGET
scalper_filtered,1649918700000,2022,0.8376874889509024,1649919600000,1649919600000,1973.388,1969.1128571428571,1973.5382857142856,1973.5382857142856,0.035153378333219465,0.035153378333219465,TARGET
scalper_filtered,1649932200000,2022,0.7792354843824348,1649933100000,1649933100000,1970.462,1965.1934642857143,1970.9370714285712,1970.9370714285712,0.09017143554386346,0.09017143554386346,TARGET
scalper_filtered,1650326400000,2022,0.79545865058394,1650327300000,1650327300000,1977.461,1974.5952678571427,1977.6634642857143,1977.6634642857143,0.07065010811249343,0.07065010811249343,TARGET
scalper_filtered,1650343500000,2022,0.6568450191324505,1650344400000,1650346200000,1974.682,1972.2638214285714,1975.5973571428572,1975.5973571428572,0.37853165753444634,0.37853165753444634,TARGET
scalper_filtered,1650373200000,2022,0.7105013650882198,1650374100000,1650374100000,1962.374,1955.44225,1963.6525000000001,1963.6525000000001,0.18444115843764247,0.18444115843764247,TARGET
scalper_filtered,1650396600000,2022,0.7300240456843246,1650397500000,1650397500000,1946.568,1941.8281785714285,1947.1076428571428,1947.1076428571428,0.11385299325620711,0.11385299325620711,TARGET
scalper_filtered,1650414600000,2022,0.7127035072671204,1650415500000,1650416400000,1947.248,1944.7986428571428,1948.2887142857144,1948.2887142857144,0.42489282902219144,0.42489282902219144,TARGET
scalper_filtered,1650427200000,2022,0.6728691916381305,1650428100000,1650430800000,1942.918,1938.2458928571427,1944.7622142857142,1944.7622142857142,0.3947285944702273,0.3947285944702273,TARGET
scalper_filtered,1650457800000,2022,0.704477405459784,1650458700000,1650458700000,1947.648,1942.28625,1948.9215000000002,1948.9215000000002,0.23751573646669225,0.23751573646669225,TARGET
scalper_filtered,1650525300000,2022,0.7349946384678393,1650526200000,1650528000000,1951.848,1948.2591964285714,1952.248607142857,1948.2591964285714,0.11162693496140015,-1.0,STOP
scalper_filtered,1650535200000,2022,0.7516083178436211,1650536100000,1650536100000,1944.842,1939.9546964285714,1945.9466071428571,1945.9466071428571,0.2260156601105394,0.2260156601105394,TARGET
scalper_filtered,1650539700000,2022,0.7304701848805704,1650540600000,1650540600000,1943.672,1937.167357142857,1944.0002857142856,1937.167357142857,0.05046944490197261,-1.0,STOP_BOTH
scalper_filtered,1650585600000,2022,0.6599969781336226,1650586500000,1650588300000,1951.108,1949.2403214285714,1951.813357142857,1949.2403214285714,0.37766516875417167,-1.0,STOP
scalper_filtered,1650596400000,2022,0.7362613593021883,1650597300000,1650597300000,1948.182,1944.1782142857141,1949.0195714285712,1949.0195714285712,0.20919486914164234,0.20919486914164234,TARGET
scalper_filtered,1650629700000,2022,0.8271901826236717,1650630600000,1650630600000,1934.555,1926.7525,1934.8390000000002,1934.8390000000002,0.036398590195463654,0.036398590195463654,TARGET
scalper_filtered,1650853800000,2022,0.741003639407063,1650854700000,1650854700000,1925.178,1920.1306071428571,1925.2827857142856,1925.2827857142856,0.020760364261568274,0.020760364261568274,TARGET
scalper_filtered,1650884400000,2022,0.6978172927383843,1650885300000,1650885300000,1908.288,1902.6938392857144,1909.7863214285715,1909.7863214285715,0.26783667919036125,0.26783667919036125,TARGET
scalper_filtered,1650954600000,2022,0.7560435712148049,1650955500000,1650956400000,1903.183,1898.9686607142858,1904.0576785714286,1904.0576785714286,0.207548209132945,0.207548209132945,TARGET
scalper_filtered,1650976200000,2022,0.7380139058745337,1650977100000,1650978000000,1904.338,1898.0755178571428,1904.5929642857143,1904.5929642857143,0.04071297608491055,0.04071297608491055,TARGET
scalper_filtered,1650997800000,2022,0.6860684450984094,1650998700000,1651001400000,1898.033,1894.6885178571429,1899.7569642857143,1899.7569642857143,0.5154652385859871,0.5154652385859871,TARGET
scalper_filtered,1651029300000,2022,0.7112630859257014,1651030200000,1651036500000,1898.508,1895.2518035714286,1899.830392857143,1899.830392857143,0.40611581216032866,0.40611581216032866,TARGET
scalper_filtered,1651046400000,2022,0.7451660194997713,1651047300000,1651047300000,1891.046,1883.9048750000002,1891.59425,1891.59425,0.07677361760227729,0.07677361760227729,TARGET
scalper_filtered,1651067100000,2022,0.678175240328887,1651068000000,1651068000000,1887.941,1877.891125,1888.83175,1888.83175,0.08863294319581405,0.08863294319581405,TARGET
scalper_filtered,1651086900000,2022,0.6915030222563521,1651087800000,1651102200000,1887.853,1883.90075,1888.9925,1883.90075,0.28831678158010854,-1.0,STOP
scalper_filtered,1651112100000,2022,0.6896555521282111,1651113000000,1651113900000,1882.708,1879.198607142857,1883.5767857142857,1883.5767857142857,0.24756011927172306,0.24756011927172306,TARGET
scalper_filtered,1651115700000,2022,0.8175649152592559,1651116600000,1651116600000,1880.493,1875.8631071428572,1880.7677857142858,1880.7677857142858,0.05935033979499157,0.05935033979499157,TARGET
scalper_filtered,1651123800000,2022,0.7010378794118162,1651124700000,1651124700000,1874.448,1870.0856071428573,1875.6427857142858,1875.6427857142858,0.27388310805831567,0.27388310805831567,TARGET
scalper_filtered,1651235400000,2022,0.6922455603406935,1651236300000,1651237200000,1910.768,1905.1429999999998,1911.9379999999999,1911.9379999999999,0.2079999999999641,0.2079999999999641,TARGET
scalper_filtered,1651450500000,2022,0.6586516271365755,1651451400000,1651452300000,1894.018,1891.0669285714287,1896.020142857143,1891.0669285714287,0.6784460849570563,-1.0,STOP
scalper_filtered,1651465800000,2022,0.7720697534569304,1651466700000,1651472100000,1886.078,1882.0311964285713,1887.2266071428571,1887.2266071428571,0.28383071295245715,0.28383071295245715,TARGET
scalper_filtered,1651482000000,2022,0.7605226594787087,1651482900000,1651484700000,1879.468,1874.7283214285715,1880.667357142857,1880.667357142857,0.2530460926373579,0.2530460926373579,TARGET
scalper_filtered,1651496400000,2022,0.7125567017418639,1651497300000,1651499100000,1863.088,1856.4696964285715,1864.9546071428572,1856.4696964285715,0.28203709949411493,-1.0,STOP
scalper_filtered,1651554000000,2022,0.7144831715832173,1651554900000,1651554900000,1859.033,1855.9937142857143,1860.0115714285716,1860.0115714285716,0.32197414806121955,0.32197414806121955,TARGET
scalper_filtered,1651560300000,2022,0.7012854694715929,1651561200000,1651561200000,1858.768,1854.8124642857142,1859.8990714285715,1854.8124642857142,0.28594645839916266,-1.0,STOP
scalper_filtered,1651567500000,2022,0.6748793562446919,1651568400000,1651568400000,1853.598,1847.77825,1855.3675,1855.3675,0.30405086129131703,0.30405086129131703,TARGET
scalper_filtered,1651603500000,2022,0.7399911547660376,1651604400000,1651604400000,1869.238,1863.5884107142858,1869.6021785714286,1869.6021785714286,0.064461070178922,0.064461070178922,TARGET
scalper_filtered,1651643100000,2022,0.7247091953640499,1651644000000,1651644900000,1863.778,1861.2158571428572,1864.5522857142855,1864.5522857142855,0.3022023975466165,0.3022023975466165,TARGET
scalper_filtered,1651662900000,2022,0.6800883872528685,1651663800000,1651663800000,1868.058,1864.2481964285714,1869.047607142857,1869.047607142857,0.25975279940376644,0.25975279940376644,TARGET
scalper_filtered,1651734000000,2022,0.7729278119562069,1651734900000,1651734900000,1896.098,1891.359875,1896.39425,1896.39425,0.06252473288486672,0.06252473288486672,TARGET
scalper_filtered,1651761900000,2022,0.674035996408078,1651762800000,1651762800000,1886.078,1878.956875,1890.1202500000002,1878.956875,0.5676420509400207,-1.0,STOP
scalper_filtered,1651769100000,2022,0.6992710514529715,1651770000000,1651779000000,1876.368,1868.4640535714286,1880.1458928571428,1880.1458928571428,0.4779755140402392,0.4779755140402392,TARGET
scalper_filtered,1651798800000,2022,0.7097344633716003,1651799700000,1651799700000,1871.368,1868.3042142857141,1872.2455714285713,1868.3042142857141,0.28643368381785383,-1.0,STOP_BOTH
scalper_filtered,1651816800000,2022,0.7884428934540127,1651817700000,1651817700000,1875.978,1872.7096428571429,1876.1547142857144,1876.1547142857144,0.05406822999759835,0.05406822999759835,TARGET
scalper_filtered,1651820400000,2022,0.7956603257492122,1651821300000,1651821300000,1875.548,1871.6082142857142,1875.6215714285713,1875.6215714285713,0.018673967039511963,0.018673967039511963,TARGET
scalper_filtered,1651863600000,2022,0.6633787819702371,1651864500000,1651865400000,1882.828,1879.3342321428572,1884.3255357142857,1884.3255357142857,0.42863057178344804,0.42863057178344804,TARGET
scalper_filtered,1652055300000,2022,0.7528790315014717,1652056200000,1652056200000,1879.898,1876.1469285714286,1880.5601428571429,1880.5601428571429,0.17652099400174445,0.17652099400174445,TARGET
scalper_filtered,1652058000000,2022,0.731346692581661,1652058900000,1652061600000,1879.708,1875.9338035714286,1880.656392857143,1875.9338035714286,0.25128338577274234,-1.0,STOP
scalper_filtered,1652078700000,2022,0.7738072931291764,1652079600000,1652079600000,1871.358,1867.9386964285713,1871.986607142857,1871.986607142857,0.1838406943769922,0.1838406943769922,TARGET
scalper_filtered,1652080500000,2022,0.7793158098982974,1652081400000,1652081400000,1868.938,1864.7689642857142,1869.4460714285715,1869.4460714285715,0.12186785227826041,0.12186785227826041,TARGET
scalper_filtered,1652193900000,2022,0.6772363983094992,1652194800000,1652197500000,1849.802,1842.2183392857144,1851.0973214285716,1842.2183392857144,0.1708042431449584,-1.0,STOP
scalper_filtered,1652339700000,2022,0.814684418743371,1652340600000,1652340600000,1847.518,1841.8098214285715,1847.9693571428572,1847.9693571428572,0.07907200820878414,0.07907200820878414,TARGET
scalper_filtered,1652371200000,2022,0.6872148969576363,1652372100000,1652373900000,1835.918,1829.8926964285713,1839.538607142857,1829.8926964285713,0.6009003695723637,-1.0,STOP
scalper_filtered,1652374800000,2022,0.7178653887034462,1652375700000,1652393700000,1825.528,1818.479357142857,1828.7952857142857,1822.613,0.4635340136398923,-0.41355478764907666,16BAR_TIMEOUT
scalper_filtered,1652423400000,2022,0.7298669668433148,1652424300000,1652424300000,1823.268,1819.7238571428572,1824.1762857142858,1824.1762857142858,0.25627796364223865,0.25627796364223865,TARGET
scalper_filtered,1652447700000,2022,0.7904277613997868,1652448600000,1652448600000,1804.583,1795.9421785714287,1805.0196428571428,1805.0196428571428,0.05053256345501255,0.05053256345501255,TARGET
scalper_filtered,1652679000000,2022,0.6838152595471257,1652679900000,1652679900000,1808.488,1805.0903214285715,1809.1933571428572,1809.1933571428572,0.2075997267041512,0.2075997267041512,TARGET
scalper_filtered,1652702400000,2022,0.7748916831472913,1652703300000,1652703300000,1801.65,1795.4258214285715,1802.9983571428572,1802.9983571428572,0.2166321430825611,0.2166321430825611,TARGET
scalper_filtered,1652794200000,2022,0.7487041654802192,1652795100000,1652796000000,1827.378,1821.5319285714286,1828.960142857143,1821.5319285714286,0.27063351457025675,-1.0,STOP
scalper_filtered,1652798700000,2022,0.709245044679311,1652799600000,1652812200000,1821.88,1814.774,1824.116,1814.774,0.31466366450883854,-1.0,STOP
scalper_filtered,1652876100000,2022,0.7250198160091026,1652877000000,1652877000000,1810.488,1805.1540892857145,1811.3758214285715,1811.3758214285715,0.1664484983210586,0.1664484983210586,TARGET
scalper_filtered,1652918400000,2022,0.6661217890267365,1652919300000,1652919300000,1815.368,1813.3184999999999,1816.0049999999999,1816.0049999999999,0.310807514027772,0.310807514027772,TARGET
scalper_filtered,1652940000000,2022,0.7083188859643151,1652940900000,1652944500000,1814.528,1811.7465892857142,1815.2008214285713,1815.2008214285713,0.24189934450010134,0.24189934450010134,TARGET
scalper_filtered,1652946300000,2022,0.7699594791020656,1652947200000,1652947200000,1813.058,1809.3534464285715,1813.6871071428573,1813.6871071428573,0.16981996095542393,0.16981996095542393,TARGET
scalper_filtered,1653007500000,2022,0.7235774030413626,1653008400000,1653008400000,1841.228,1839.0201607142856,1841.8816785714284,1841.8816785714284,0.29607162788428665,0.29607162788428665,TARGET
scalper_filtered,1653048000000,2022,0.7017986827242684,1653048900000,1653048900000,1843.643,1839.2445714285716,1844.3848571428573,1844.3848571428573,0.16866413329439242,0.16866413329439242,TARGET
scalper_filtered,1653285600000,2022,0.8355947182991801,1653286500000,1653286500000,1854.278,1850.5304464285714,1854.513107142857,1854.513107142857,0.06273616597491512,0.06273616597491512,TARGET
scalper_filtered,1653311700000,2022,0.7371592782102738,1653312600000,1653312600000,1856.323,1850.5460357142856,1856.8219285714285,1856.8219285714285,0.08636518191089076,0.08636518191089076,TARGET
scalper_filtered,1653322500000,2022,0.75459026266679,1653323400000,1653327900000,1850.948,1846.4769107142859,1852.6481785714286,1852.6481785714286,0.38026048302386456,0.38026048302386456,TARGET
scalper_filtered,1653354000000,2022,0.8326192015208213,1653354900000,1653354900000,1851.458,1848.9745892857143,1851.5648214285713,1851.5648214285713,0.043014000043076164,0.043014000043076164,TARGET
scalper_filtered,1653372900000,2022,0.7362778468600114,1653373800000,1653373800000,1851.698,1849.2315714285714,1852.4188571428572,1852.4188571428572,0.29226759339701314,0.29226759339701314,TARGET
scalper_filtered,1653417900000,2022,0.7299003833204708,1653418800000,1653419700000,1864.348,1861.2291785714285,1865.4556428571427,1865.4556428571427,0.35514789240438027,0.35514789240438027,TARGET
scalper_filtered,1653446700000,2022,0.6769611479261526,1653447600000,1653450300000,1860.878,1858.2001785714285,1862.2286428571429,1862.2286428571429,0.5043812267435196,0.5043812267435196,TARGET
scalper_filtered,1653476400000,2022,0.7352652099481946,1653477300000,1653477300000,1854.518,1849.2457857142856,1854.8624285714284,1854.8624285714284,0.06532901600028186,0.06532901600028186,TARGET
scalper_filtered,1653483600000,2022,0.7420114061219663,1653484500000,1653484500000,1850.868,1845.6805892857144,1851.7358214285714,1851.7358214285714,0.16729375720753703,0.16729375720753703,TARGET
scalper_filtered,1653487200000,2022,0.7156326869475605,1653488100000,1653493500000,1850.175,1844.6062142857145,1851.5445714285715,1844.6062142857145,0.24593717532679732,-1.0,STOP
scalper_filtered,1653534900000,2022,0.7351543666141916,1653535800000,1653537600000,1850.378,1847.490392857143,1851.2032142857142,1851.2032142857142,0.28577789321363734,0.28577789321363734,TARGET
scalper_filtered,1653612300000,2022,0.660509991990096,1653613200000,1653615000000,1849.293,1847.461375,1849.97125,1849.97125,0.3702995973522062,0.3702995973522062,TARGET
scalper_filtered,1653867900000,2022,0.7914995900347513,1653868800000,1653868800000,1849.748,1847.0531964285715,1849.9176071428572,1849.9176071428572,0.0629385921316674,0.0629385921316674,TARGET
scalper_filtered,1653993000000,2022,0.7802925894228228,1653993900000,1653993900000,1850.198,1845.6930178571429,1850.2979642857142,1850.2979642857142,0.022189718525881152,0.022189718525881152,TARGET
scalper_filtered,1654058700000,2022,0.7125546201809966,1654059600000,1654060500000,1833.328,1830.4095178571429,1834.4249642857144,1830.4095178571429,0.37586808211220635,-1.0,STOP
scalper_filtered,1654239600000,2022,0.82217395313119,1654240500000,1654240500000,1866.423,1863.1346964285715,1866.4446071428572,1866.4446071428572,0.006570908794714958,0.006570908794714958,TARGET
scalper_filtered,1654272900000,2022,0.7173153443646652,1654273800000,1654288200000,1850.708,1845.4779464285714,1852.966107142857,1850.713,0.4317560254435585,0.0009560131519868757,16BAR_TIMEOUT
scalper_filtered,1654497000000,2022,0.6603354289394803,1654497900000,1654498800000,1854.083,1852.4351964285715,1854.9936071428572,1854.9936071428572,0.5526187457329339,0.5526187457329339,TARGET
scalper_filtered,1654502400000,2022,0.7355694559546427,1654503300000,1654503300000,1852.563,1849.6460357142855,1853.4019285714285,1853.4019285714285,0.287603305785025,0.287603305785025,TARGET
scalper_filtered,1654518600000,2022,0.7009320522297,1654519500000,1654519500000,1852.968,1848.9866785714287,1854.090642857143,1854.090642857143,0.2819774482628748,0.2819774482628748,TARGET
scalper_filtered,1654557300000,2022,0.6572125597585486,1654558200000,1654561800000,1839.363,1837.7093750000001,1839.89525,1837.7093750000001,0.3218686219668922,-1.0,STOP
scalper_filtered,1654564500000,2022,0.7778782646364059,1654565400000,1654565400000,1838.758,1835.788625,1839.19175,1839.19175,0.14607451062930737,0.14607451062930737,TARGET
scalper_filtered,1654740000000,2022,0.7152845607746513,1654740900000,1654741800000,1851.758,1849.9594107142857,1852.3551785714285,1852.3551785714285,0.3320260918774891,0.3320260918774891,TARGET
scalper_filtered,1654773300000,2022,0.6575728099619863,1654774200000,1654774200000,1848.163,1845.3067142857142,1849.1805714285713,1849.1805714285713,0.35625687706304976,0.35625687706304976,TARGET
scalper_filtered,1654804800000,2022,0.7215417858497722,1654805700000,1654823700000,1847.788,1845.4275892857142,1848.8188214285715,1846.394,0.43671273915708675,-0.5905751874295386,16BAR_TIMEOUT
scalper_filtered,1654833600000,2022,0.7259347422519958,1654834500000,1654836300000,1845.863,1843.2300535714285,1846.2088928571427,1843.2300535714285,0.13137101970217308,-1.0,STOP
scalper_filtered,1654863300000,2022,0.6580725546886781,1654864200000,1654864200000,1833.468,1830.0363392857141,1834.9013214285715,1830.0363392857141,0.4176757400883173,-1.0,STOP_BOTH
scalper_filtered,1655087400000,2022,0.6810699078217591,1655088300000,1655089200000,1862.538,1858.090232142857,1863.9185357142856,1863.9185357142856,0.3103884372176615,0.3103884372176615,TARGET
scalper_filtered,1655130600000,2022,0.7766341291101377,1655131500000,1655136000000,1829.278,1819.6180892857144,1830.6728214285715,1830.6728214285715,0.14439278683070683,0.14439278683070683,TARGET
scalper_filtered,1655234100000,2022,0.7639247751990439,1655235000000,1655235000000,1807.518,1803.3979642857144,1808.0930714285714,1808.0930714285714,0.1395792338831936,0.1395792338831936,TARGET
scalper_filtered,1655268300000,2022,0.6994610940428057,1655269200000,1655270100000,1814.438,1812.0669642857144,1815.5200714285716,1815.5200714285716,0.4563707843167009,0.4563707843167009,TARGET
scalper_filtered,1655314200000,2022,0.7278951860778267,1655315100000,1655315100000,1818.378,1814.18125,1820.3215,1820.3215,0.4630964436766928,0.4630964436766928,TARGET
scalper_filtered,1655363700000,2022,0.7426344274495741,1655364600000,1655364600000,1828.708,1824.7006428571428,1829.3427142857142,1829.3427142857142,0.1583872520185716,0.1583872520185716,TARGET
scalper_filtered,1655377200000,2022,0.7564298135499887,1655378100000,1655378100000,1819.953,1811.6231785714288,1820.907642857143,1820.907642857143,0.11460544086438083,0.11460544086438083,TARGET
scalper_filtered,1655467200000,2022,0.7800197588905321,1655468100000,1655468100000,1846.888,1842.6576071428572,1847.8367857142857,1847.8367857142857,0.224278393597379,0.224278393597379,TARGET
scalper_filtered,1655472600000,2022,0.7057740565748328,1655473500000,1655474400000,1845.768,1840.3370357142855,1847.2699285714286,1840.3370357142855,0.2765491526761196,-1.0,STOP
scalper_filtered,1655475300000,2022,0.7441264986509009,1655476200000,1655476200000,1840.858,1833.7983928571427,1842.0472142857143,1842.0472142857143,0.16845332348522687,0.16845332348522687,TARGET
scalper_filtered,1655691300000,2022,0.6844126716462068,1655692200000,1655692200000,1836.678,1833.3493392857144,1838.2953214285715,1838.2953214285715,0.48587752474449464,0.48587752474449464,TARGET
scalper_filtered,1655704800000,2022,0.8141528052583845,1655705700000,1655705700000,1843.418,1839.5454821428573,1843.6480357142857,1843.6480357142857,0.059402105496174425,0.059402105496174425,TARGET
scalper_filtered,1655719200000,2022,0.7444772546565745,1655720100000,1655727300000,1839.133,1834.5438214285716,1839.821357142857,1839.821357142857,0.14999571974441622,0.14999571974441622,TARGET
scalper_filtered,1655790300000,2022,0.7568742265707289,1655791200000,1655792100000,1835.12,1832.5785178571427,1835.5769642857142,1835.5769642857142,0.17980228072765406,0.17980228072765406,TARGET
scalper_filtered,1655793900000,2022,0.7815215141081525,1655794800000,1655794800000,1834.052,1831.399357142857,1834.7852857142857,1834.7852857142857,0.27643589950725866,0.27643589950725866,TARGET
scalper_filtered,1655811900000,2022,0.7434677699981495,1655812800000,1655812800000,1833.418,1829.1151428571427,1833.7707142857143,1833.7707142857143,0.08197211155382336,0.08197211155382336,TARGET
scalper_filtered,1655942400000,2022,0.7939388728838073,1655943300000,1655943300000,1836.398,1834.9471785714286,1836.6896428571429,1836.6896428571429,0.20101912709557457,0.20101912709557457,TARGET
scalper_filtered,1655945100000,2022,0.6615508593239109,1655946000000,1655946000000,1835.463,1834.1996785714286,1836.1446428571428,1836.1446428571428,0.5395640742939819,0.5395640742939819,TARGET
scalper_filtered,1655983800000,2022,0.7739491095167624,1655984700000,1655984700000,1826.138,1822.1421607142856,1827.1096785714285,1827.1096785714285,0.24317258577002288,0.24317258577002288,TARGET
scalper_filtered,1656032400000,2022,0.712542191120444,1656033300000,1656033300000,1823.098,1820.3221964285713,1823.8976071428572,1823.8976071428572,0.2880633021325991,0.2880633021325991,TARGET
scalper_filtered,1656053100000,2022,0.7308067381414906,1656054000000,1656054000000,1823.113,1820.0804464285716,1823.6131071428572,1823.6131071428572,0.16491287988081857,0.16491287988081857,TARGET
scalper_filtered,1656071100000,2022,0.7245283099400838,1656072000000,1656072000000,1824.848,1820.43875,1825.2065,1825.2065,0.08130634461644382,0.08130634461644382,TARGET
scalper_filtered,1656073800000,2022,0.6991182716882715,1656074700000,1656075600000,1823.893,1820.10125,1825.4315,1820.10125,0.405749324190637,-1.0,STOP_BOTH
scalper_filtered,1656336600000,2022,0.7663369695226804,1656337500000,1656340200000,1830.258,1825.2927857142856,1831.3684285714285,1825.2927857142856,0.2236416209917226,-1.0,STOP
scalper_filtered,1656342000000,2022,0.6874303477982167,1656342900000,1656345600000,1824.534,1819.5714107142858,1826.5481785714285,1826.5481785714285,0.4058725103901979,0.4058725103901979,TARGET
scalper_filtered,1656382500000,2022,0.7154581589500769,1656383400000,1656383400000,1823.338,1821.2596964285715,1824.1646071428572,1824.1646071428572,0.39773166645193464,0.39773166645193464,TARGET
scalper_filtered,1656424800000,2022,0.8164793308222191,1656425700000,1656425700000,1822.838,1816.248875,1822.93925,1822.93925,0.015366228444586624,0.015366228444586624,TARGET
scalper_filtered,1656441000000,2022,0.7382646760370049,1656441900000,1656459900000,1820.058,1816.951,1820.902,1818.178,0.2716446733183324,-0.6050852912777275,16BAR_TIMEOUT
scalper_filtered,1656577800000,2022,0.7451819489866166,1656578700000,1656578700000,1814.363,1810.883517857143,1815.0969642857142,1815.0969642857142,0.21094066748435006,0.21094066748435006,TARGET
scalper_filtered,1656582300000,2022,0.6784052501701833,1656583200000,1656586800000,1812.888,1809.3780535714286,1814.0218928571428,1809.3780535714286,0.3230513286222497,-1.0,STOP
scalper_filtered,1656589500000,2022,0.6608529931014806,1656590400000,1656590400000,1805.268,1800.6805178571428,1806.5229642857141,1806.5229642857141,0.2735627620192702,0.2735627620192702,TARGET
scalper_filtered,1656627300000,2022,0.7507269841778346,1656628200000,1656632700000,1806.224,1803.0965,1806.8990000000001,1806.8990000000001,0.21582733812956648,0.21582733812956648,TARGET
scalper_filtered,1656674100000,2022,0.6681524866877024,1656675000000,1656675000000,1789.948,1786.2681964285714,1791.4276071428571,1786.2681964285714,0.4020886208017314,-1.0,STOP
scalper_filtered,1656916200000,2022,0.7785211313320247,1656917100000,1656917100000,1810.918,1808.3017857142856,1811.4704285714286,1811.4704285714286,0.21115570480796664,0.21115570480796664,TARGET
scalper_filtered,1657003500000,2022,0.6637425283693438,1657004400000,1657005300000,1809.024,1807.016892857143,1809.9602142857143,1807.016892857143,0.46644958095350236,-1.0,STOP
scalper_filtered,1657011600000,2022,0.7313388627826265,1657012500000,1657012500000,1802.946,1798.663982142857,1803.3020357142857,1803.3020357142857,0.08314671404087659,0.08314671404087659,TARGET
scalper_filtered,1657022400000,2022,0.7812071790309715,1657023300000,1657023300000,1799.464,1794.4683750000002,1799.6872500000002,1799.6872500000002,0.0446891029651433,0.0446891029651433,TARGET
scalper_filtered,1657115100000,2022,0.7668214970525,1657116000000,1657116000000,1760.344,1752.4269285714286,1761.0611428571428,1752.4269285714286,0.09058183491369443,-1.0,STOP
scalper_filtered,1657183500000,2022,0.71041939511677,1657184400000,1657184400000,1741.988,1738.4040892857142,1743.1138214285713,1743.1138214285713,0.3141321082815027,0.3141321082815027,TARGET
scalper_filtered,1657198800000,2022,0.6766250260212161,1657199700000,1657199700000,1740.744,1735.938642857143,1741.6967142857143,1741.6967142857143,0.19826086956523886,0.19826086956523886,TARGET
scalper_filtered,1657221300000,2022,0.7469530708984387,1657222200000,1657222200000,1740.498,1737.4940535714286,1740.8058928571427,1740.8058928571427,0.10249612117385651,0.10249612117385651,TARGET
scalper_filtered,1657250100000,2022,0.6926527982455567,1657251000000,1657251000000,1741.778,1739.3465892857143,1742.8908214285716,1742.8908214285716,0.45768550004046293,0.45768550004046293,TARGET
scalper_filtered,1657266300000,2022,0.7615727329556351,1657267200000,1657267200000,1736.419,1731.3661964285714,1736.5616071428572,1736.5616071428572,0.028223369628583364,0.028223369628583364,TARGET
scalper_filtered,1657283400000,2022,0.7420828397647313,1657284300000,1657284300000,1736.458,1730.56175,1737.6335000000001,1737.6335000000001,0.19936400254399908,0.19936400254399908,TARGET
scalper_filtered,1657498500000,2022,0.6991437176238267,1657499400000,1657499400000,1740.998,1738.667839285714,1741.6383214285713,1741.6383214285713,0.27479710933478835,0.27479710933478835,TARGET
scalper_filtered,1657501200000,2022,0.7154077572989551,1657502100000,1657504800000,1740.378,1737.251392857143,1741.0812142857144,1741.0812142857144,0.22491290193621638,0.22491290193621638,TARGET
scalper_filtered,1657522800000,2022,0.7421961499182662,1657523700000,1657524600000,1740.112,1737.4466607142856,1740.3036785714285,1737.4466607142856,0.07191526139119704,-1.0,STOP
scalper_filtered,1657533600000,2022,0.6754913529221516,1657534500000,1657536300000,1735.588,1732.512767857143,1737.0254642857144,1737.0254642857144,0.4674327722065875,0.4674327722065875,TARGET
scalper_filtered,1657602900000,2022,0.7853435704981623,1657603800000,1657603800000,1728.038,1724.0574642857143,1728.2890714285716,1728.2890714285716,0.06307478354495936,0.06307478354495936,TARGET
scalper_filtered,1657628100000,2022,0.7236844295926496,1657629000000,1657631700000,1734.058,1729.3384642857143,1735.4150714285715,1729.3384642857143,0.2875434175577444,-1.0,STOP
scalper_filtered,1657633500000,2022,0.7654054876396933,1657634400000,1657634400000,1729.554,1723.671875,1730.65025,1730.65025,0.18636972182668865,0.18636972182668865,TARGET
scalper_filtered,1657647000000,2022,0.6698317904064073,1657647900000,1657651500000,1726.998,1723.657357142857,1728.6092857142858,1728.6092857142858,0.48232803780280614,0.48232803780280614,TARGET
scalper_filtered,1657689300000,2022,0.6708266519921148,1657690200000,1657691100000,1725.438,1723.2596071428572,1726.5127857142859,1726.5127857142859,0.4933847036642663,0.4933847036642663,TARGET
scalper_filtered,1657715400000,2022,0.801297429233036,1657716300000,1657716300000,1709.098,1704.624125,1711.59575,1711.59575,0.5582967785197503,0.5582967785197503,TARGET
scalper_filtered,1657738800000,2022,0.6831164681038653,1657739700000,1657755000000,1734.788,1731.3480892857144,1737.4258214285715,1731.3480892857144,0.7668284579645763,-1.0,STOP
scalper_filtered,1657755900000,2022,0.7671823222533378,1657756800000,1657758600000,1731.914,1728.8221250000001,1732.31975,1728.8221250000001,0.13123104912072636,-1.0,STOP
scalper_filtered,1657774800000,2022,0.7413668987238585,1657775700000,1657778400000,1728.284,1724.447,1729.28,1724.447,0.25957779515241364,-1.0,STOP
scalper_filtered,1657782000000,2022,0.714880816195222,1657782900000,1657782900000,1718.18,1712.99925,1718.9955,1718.9955,0.15740964146116504,0.15740964146116504,TARGET
scalper_filtered,1657791000000,2022,0.8289446672449022,1657791900000,1657791900000,1715.708,1709.8988928571428,1716.6042142857143,1716.6042142857143,0.15427745842425644,0.15427745842425644,TARGET
scalper_filtered,1657796400000,2022,0.7494496249437709,1657797300000,1657797300000,1713.137,1708.0275357142857,1713.4889285714285,1713.4889285714285,0.06887778282597798,0.06887778282597798,TARGET
scalper_filtered,1657800900000,2022,0.6755126200445734,1657801800000,1657801800000,1712.515,1707.3798035714285,1714.2443928571427,1714.2443928571427,0.3367724840125748,0.3367724840125748,TARGET
scalper_filtered,1657867500000,2022,0.7507716250886259,1657868400000,1657868400000,1703.968,1698.7757142857145,1704.0805714285716,1704.0805714285716,0.021680515049818626,0.021680515049818626,TARGET
scalper_filtered,1657894500000,2022,0.76783308460092,1657895400000,1657897200000,1705.734,1695.3379821428573,1706.168035714286,1706.168035714286,0.04175018937542292,0.04175018937542292,TARGET
scalper_filtered,1658125800000,2022,0.735703224596005,1658126700000,1658126700000,1713.414,1710.5252857142857,1714.3734285714286,1714.3734285714286,0.3321299638989229,0.3321299638989229,TARGET
scalper_filtered,1658147400000,2022,0.6640638930837772,1658148300000,1658148300000,1713.908,1709.3384107142856,1715.4601785714285,1715.4601785714285,0.3396757289065601,0.3396757289065601,TARGET
scalper_filtered,1658347200000,2022,0.8261828095077048,1658348100000,1658348100000,1695.198,1690.7850178571427,1695.4439642857142,1695.4439642857142,0.05573652413531459,0.05573652413531459,TARGET
scalper_filtered,1658362500000,2022,0.8567387077453653,1658363400000,1658363400000,1693.794,1690.9035714285715,1693.856857142857,1693.856857142857,0.02174665150984439,0.02174665150984439,TARGET
scalper_filtered,1658365200000,2022,0.6818627643854779,1658366100000,1658366100000,1690.674,1688.7577857142858,1691.9084285714287,1691.9084285714287,0.644201737056035,0.644201737056035,TARGET
scalper_filtered,1658403000000,2022,0.8002867363010796,1658403900000,1658403900000,1683.576,1678.8899285714288,1684.4641428571429,1684.4641428571429,0.189528237177047,0.189528237177047,TARGET
scalper_filtered,1658710800000,2022,0.7105511039243013,1658711700000,1658711700000,1721.798,1718.6293928571429,1722.0452142857143,1722.0452142857143,0.07801986001061108,0.07801986001061108,TARGET
scalper_filtered,1658727900000,2022,0.7282253184054394,1658728800000,1658731500000,1725.164,1722.579714285714,1725.8145714285713,1725.8145714285713,0.25174129353227503,0.25174129353227503,TARGET
scalper_filtered,1658760300000,2022,0.6784240729409757,1658761200000,1658766600000,1716.455,1712.5836964285716,1718.7916071428572,1718.7916071428572,0.603571148515001,0.603571148515001,TARGET
scalper_filtered,1658812500000,2022,0.6672040917101147,1658813400000,1658816100000,1722.494,1720.1021785714286,1723.5096428571428,1723.5096428571428,0.4246315569425867,0.4246315569425867,TARGET
scalper_filtered,1658830500000,2022,0.7590545851521727,1658831400000,1658832300000,1718.751,1714.8503214285715,1719.2233571428571,1719.2233571428571,0.12109614627492471,0.12109614627492471,TARGET
scalper_filtered,1658888100000,2022,0.6836033218681987,1658889000000,1658890800000,1716.868,1714.6253214285714,1717.8013571428571,1717.8013571428571,0.41617963213633685,0.41617963213633685,TARGET
scalper_filtered,1658926800000,2022,0.6915700418066211,1658927700000,1658928600000,1717.524,1713.7228035714286,1718.526392857143,1718.526392857143,0.26370456670135933,0.26370456670135933,TARGET
scalper_filtered,1658929500000,2022,0.8006631838953512,1658930400000,1658930400000,1714.66,1709.3778035714286,1715.1893928571428,1715.1893928571428,0.10022210728083498,0.10022210728083498,TARGET
scalper_filtered,1659005100000,2022,0.732125735357781,1659006000000,1659010500000,1740.205,1736.022642857143,1741.9787142857142,1736.022642857143,0.42409441019249045,-1.0,STOP
scalper_filtered,1659056400000,2022,0.7901351266458064,1659057300000,1659062700000,1754.798,1752.5165178571428,1755.1189642857144,1755.1189642857144,0.1406823571769893,0.1406823571769893,TARGET
scalper_filtered,1659087900000,2022,0.8221964815421154,1659088800000,1659088800000,1760.128,1754.240982142857,1760.1300357142857,1760.1300357142857,0.0003457971990469264,0.0003457971990469264,TARGET
scalper_filtered,1659100500000,2022,0.7201545504001603,1659101400000,1659103200000,1758.598,1752.248410714286,1759.5671785714287,1752.248410714286,0.15263641911600692,-1.0,STOP
scalper_filtered,1659312000000,2022,0.8428204166541728,1659312900000,1659312900000,1762.248,1759.2983928571427,1762.4172142857142,1762.4172142857142,0.05736841467986631,0.05736841467986631,TARGET
scalper_filtered,1659379500000,2022,0.7670354440995454,1659380400000,1659380400000,1769.118,1764.8296607142856,1769.5046785714285,1769.5046785714285,0.09016977101524715,0.09016977101524715,TARGET
scalper_filtered,1659419100000,2022,0.743210310585566,1659420000000,1659420900000,1772.344,1770.1229821428572,1773.5280357142858,1773.5280357142858,0.5331049952965671,0.5331049952965671,TARGET
scalper_filtered,1659425400000,2022,0.812130698601105,1659426300000,1659426300000,1771.62,1767.3200357142857,1771.7509285714286,1771.7509285714286,0.03044875788008883,0.03044875788008883,TARGET
scalper_filtered,1659464100000,2022,0.6701339113101255,1659465000000,1659467700000,1768.264,1764.2488214285713,1770.6063571428572,1764.2488214285713,0.5833755837225152,-1.0,STOP
scalper_filtered,1659478500000,2022,0.6563706683345781,1659479400000,1659479400000,1757.868,1754.1426428571428,1759.7387142857142,1759.7387142857142,0.5021570319240717,0.5021570319240717,TARGET
scalper_filtered,1659483900000,2022,0.7773806037357924,1659484800000,1659484800000,1756.618,1753.2128214285715,1758.0583571428572,1758.0583571428572,0.42299019350783035,0.42299019350783035,TARGET
scalper_filtered,1659510000000,2022,0.7727096282877213,1659510900000,1659511800000,1767.174,1763.552767857143,1768.0384642857143,1768.0384642857143,0.23872103516465423,0.23872103516465423,TARGET
scalper_filtered,1659536100000,2022,0.7405304970064404,1659537000000,1659543300000,1759.454,1752.6062142857143,1761.0115714285714,1761.0115714285714,0.22745621629515866,0.22745621629515866,TARGET
scalper_filtered,1659619800000,2022,0.7520361066309545,1659620700000,1659620700000,1777.785,1771.8266428571428,1778.790714285714,1778.790714285714,0.16879053430351124,0.16879053430351124,TARGET
scalper_filtered,1659663900000,2022,0.6624480358052853,1659664800000,1659667500000,1789.904,1787.5449107142858,1790.8721785714285,1790.8721785714285,0.41040353041807726,0.41040353041807726,TARGET
scalper_filtered,1660047300000,2022,0.7907233601765821,1660048200000,1660048200000,1791.204,1786.2436249999998,1791.4377499999998,1791.4377499999998,0.04712345336791419,0.04712345336791419,TARGET
scalper_filtered,1660091400000,2022,0.7059944177615725,1660092300000,1660092300000,1792.338,1790.9050357142858,1792.8339285714285,1792.8339285714285,0.3460857862073966,0.3460857862073966,TARGET
scalper_filtered,1660111200000,2022,0.6739972150408772,1660112100000,1660114800000,1789.108,1787.0316785714285,1789.5706428571427,1789.5706428571427,0.22281851488721413,0.22281851488721413,TARGET
scalper_filtered,1660133700000,2022,0.8444215894963574,1660134600000,1660134600000,1790.253,1786.175517857143,1790.3709642857143,1790.3709642857143,0.028930668873935198,0.028930668873935198,TARGET
scalper_filtered,1660156200000,2022,0.670943082639404,1660157100000,1660164300000,1791.288,1787.3753571428572,1791.9672857142857,1791.9672857142857,0.17361301276082727,0.17361301276082727,TARGET
scalper_filtered,1660176900000,2022,0.7538196648425369,1660177800000,1660179600000,1790.618,1788.9603214285717,1791.1733571428572,1788.9603214285717,0.33502100614037844,-1.0,STOP
scalper_filtered,1660185900000,2022,0.665081383519546,1660186800000,1660187700000,1785.248,1783.2406964285715,1786.5506071428572,1786.5506071428572,0.6489338042327584,0.6489338042327584,TARGET
scalper_filtered,1660193100000,2022,0.6608210081817607,1660194000000,1660195800000,1785.188,1782.816392857143,1786.2412142857142,1786.2412142857142,0.44409306528117853,0.44409306528117853,TARGET
scalper_filtered,1660242600000,2022,0.7159713072745911,1660243500000,1660247100000,1788.078,1785.6040357142856,1789.3959285714284,1785.6040357142856,0.5327193197729813,-1.0,STOP
scalper_filtered,1660266900000,2022,0.7874202340609658,1660267800000,1660267800000,1787.878,1785.6984285714286,1788.2171428571428,1788.2171428571428,0.15560070787180674,0.15560070787180674,TARGET
scalper_filtered,1660301100000,2022,0.7307684294915442,1660302000000,1660302000000,1787.948,1784.2159285714285,1788.7101428571427,1788.7101428571427,0.20421443472595763,0.20421443472595763,TARGET
scalper_filtered,1660302900000,2022,0.6763041959350669,1660303800000,1660305600000,1786.788,1783.4451250000002,1788.01375,1788.01375,0.36667539169132174,0.36667539169132174,TARGET
scalper_filtered,1660517100000,2022,0.7147944867998627,1660518000000,1660521600000,1800.098,1798.6822142857143,1801.2195714285715,1798.6822142857143,0.7921901014076999,-1.0,STOP
scalper_filtered,1660527000000,2022,0.6742450389124229,1660527900000,1660527900000,1797.828,1795.6887142857142,1798.5365714285713,1798.5365714285713,0.33121869782965485,0.33121869782965485,TARGET
scalper_filtered,1660547700000,2022,0.7655667009266407,1660548600000,1660549500000,1788.948,1786.5349821428572,1789.4540357142857,1786.5349821428572,0.2097107208666944,-1.0,STOP
scalper_filtered,1660553100000,2022,0.7060406944247423,1660554000000,1660555800000,1783.424,1780.4069285714286,1784.370142857143,1780.4069285714286,0.3135964393097127,-1.0,STOP
scalper_filtered,1660556700000,2022,0.6650410944897969,1660557600000,1660557600000,1779.414,1776.071375,1780.83125,1776.071375,0.4239931191802754,-1.0,STOP_BOTH
scalper_filtered,1660587300000,2022,0.6937273221877892,1660588200000,1660590900000,1778.888,1776.1035178571428,1780.2269642857143,1780.2269642857143,0.48086653712223315,0.48086653712223315,TARGET
scalper_filtered,1660604400000,2022,0.6867984394804643,1660605300000,1660611600000,1779.048,1777.4056249999999,1779.69275,1777.4056249999999,0.3925717330085274,-1.0,STOP
scalper_filtered,1660720500000,2022,0.7567439312643488,1660721400000,1660723200000,1775.418,1772.4524642857143,1775.8290714285713,1772.4524642857143,0.13861624616125529,-1.0,STOP
scalper_filtered,1660738500000,2022,0.7776771069027921,1660739400000,1660739400000,1768.145,1764.1132678571428,1768.7474642857144,1768.7474642857144,0.14943063288114422,0.14943063288114422,TARGET
scalper_filtered,1660864500000,2022,0.7101496930110028,1660865400000,1660865400000,1757.958,1756.3488928571428,1758.7162142857142,1758.7162142857142,0.4712018643877984,0.4712018643877984,TARGET
scalper_filtered,1661119200000,2022,0.7046107334061865,1661120100000,1661120100000,1746.018,1743.8882678571429,1746.7674642857141,1746.7674642857141,0.3519054207017131,0.3519054207017131,TARGET
scalper_filtered,1661157900000,2022,0.8410860508313931,1661158800000,1661161500000,1734.898,1730.8554285714285,1735.2731428571428,1735.2731428571428,0.09279807760267415,0.09279807760267415,TARGET
scalper_filtered,1661170500000,2022,0.6557719125714685,1661171400000,1661173200000,1731.274,1727.1244107142857,1732.9851785714286,1732.9851785714286,0.41237299732765953,0.41237299732765953,TARGET
scalper_filtered,1661212800000,2022,0.7068401470343525,1661213700000,1661213700000,1735.145,1733.0973214285714,1735.9403571428572,1735.9403571428572,0.38841894130989446,0.38841894130989446,TARGET
scalper_filtered,1661275800000,2022,0.6800935226921169,1661276700000,1661294700000,1747.678,1744.6285357142858,1749.8919285714287,1746.558,0.7260057387128949,-0.36727762487560145,16BAR_TIMEOUT
scalper_filtered,1661302800000,2022,0.73249540910864,1661303700000,1661303700000,1745.748,1743.7575714285715,1746.1888571428572,1746.1888571428572,0.22148855235770024,0.22148855235770024,TARGET
scalper_filtered,1661340600000,2022,0.7957554755415658,1661341500000,1661341500000,1745.038,1740.7591607142858,1745.5466785714286,1745.5466785714286,0.11888237380799732,0.11888237380799732,TARGET
scalper_filtered,1661430600000,2022,0.7077605007131144,1661431500000,1661431500000,1759.218,1755.2352142857142,1760.0135714285714,1760.0135714285714,0.1997525063218055,0.1997525063218055,TARGET
scalper_filtered,1661455800000,2022,0.6958047525708762,1661456700000,1661456700000,1755.848,1753.8465714285715,1756.790857142857,1756.790857142857,0.47109207708777107,0.47109207708777107,TARGET
scalper_filtered,1661479200000,2022,0.7216781198311274,1661480100000,1661480100000,1753.788,1751.2946964285713,1753.9926071428572,1753.9926071428572,0.08206266786035388,0.08206266786035388,TARGET
scalper_filtered,1661491800000,2022,0.7878457439647543,1661492700000,1661492700000,1755.354,1753.1971785714286,1755.7496428571428,1755.7496428571428,0.18343792949276552,0.18343792949276552,TARGET
scalper_filtered,1661498100000,2022,0.7126667731663223,1661499000000,1661499900000,1754.308,1751.920142857143,1755.1537142857144,1751.920142857143,0.35417289859414336,-1.0,STOP
scalper_filtered,1661514300000,2022,0.7341604917856391,1661515200000,1661515200000,1744.994,1742.3279464285715,1746.126107142857,1746.126107142857,0.42463780735307755,0.42463780735307755,TARGET
scalper_filtered,1661728500000,2022,0.7584107231027549,1661729400000,1661732100000,1735.244,1731.9596428571429,1735.8547142857142,1735.8547142857142,0.1859463691524747,0.1859463691524747,TARGET
scalper_filtered,1661748300000,2022,0.7544338703364145,1661749200000,1661749200000,1722.778,1719.771642857143,1723.5407142857143,1723.5407142857143,0.25370049181498017,0.25370049181498017,TARGET
scalper_filtered,1661802300000,2022,0.7180011453941391,1661803200000,1661805000000,1737.658,1734.8413214285715,1737.7113571428572,1737.7113571428572,0.01894328426343508,0.01894328426343508,TARGET
scalper_filtered,1661843700000,2022,0.6682304660517608,1661844600000,1661844600000,1730.478,1727.7077142857142,1731.3385714285714,1731.3385714285714,0.3106435643563946,0.3106435643563946,TARGET
scalper_filtered,1661859900000,2022,0.7679250664091442,1661860800000,1661863500000,1732.878,1729.3412678571428,1734.0114642857143,1729.3412678571428,0.3204834971750796,-1.0,STOP
scalper_filtered,1661870700000,2022,0.7082659586459561,1661871600000,1661872500000,1723.814,1718.892357142857,1725.5092857142856,1725.5092857142856,0.3444552486828821,0.3444552486828821,TARGET
scalper_filtered,1661940000000,2022,0.751638731132897,1661940900000,1661944500000,1713.398,1708.3089642857144,1713.6880714285714,1713.6880714285714,0.05699929119327523,0.05699929119327523,TARGET
scalper_filtered,1661970600000,2022,0.6668710090691512,1661971500000,1661973300000,1712.894,1709.973607142857,1714.2167857142856,1709.973607142857,0.4529478666030069,-1.0,STOP
scalper_filtered,1661976000000,2022,0.7120328067459221,1661976900000,1661984100000,1710.844,1708.3843928571428,1711.7732142857142,1708.3843928571428,0.37778971670844474,-1.0,STOP
scalper_filtered,1661997600000,2022,0.6986023019740355,1661998500000,1661998500000,1703.388,1700.8512142857144,1704.8195714285714,1704.8195714285714,0.5643249331269092,0.5643249331269092,TARGET
scalper_filtered,1662020100000,2022,0.7012929259012937,1662021000000,1662022800000,1703.431,1699.4518392857142,1704.1683214285713,1704.1683214285713,0.18529571472801834,0.18529571472801834,TARGET
scalper_filtered,1662034500000,2022,0.732714051644724,1662035400000,1662035400000,1703.204,1697.9590357142858,1703.3529285714287,1697.9590357142858,0.028394582558819506,-1.0,STOP_BOTH
scalper_filtered,1662041700000,2022,0.7512551642238828,1662042600000,1662044400000,1695.78,1687.8645000000001,1696.7430000000002,1696.7430000000002,0.12166003411031678,0.12166003411031678,TARGET
scalper_filtered,1662062400000,2022,0.6800009806859524,1662063300000,1662065100000,1695.108,1692.846732142857,1696.7985357142857,1696.7985357142857,0.7476052467405122,0.7476052467405122,TARGET
scalper_filtered,1662336000000,2022,0.7234211677421977,1662336900000,1662338700000,1709.434,1706.5659464285716,1709.5901071428573,1709.5901071428573,0.05442964678639592,0.05442964678639592,TARGET
scalper_filtered,1662359400000,2022,0.6991318468249922,1662360300000,1662360300000,1710.444,1708.331517857143,1711.5189642857142,1711.5189642857142,0.5088631349377495,0.5088631349377495,TARGET
scalper_filtered,1662386400000,2022,0.6854582255066174,1662387300000,1662388200000,1711.548,1709.2425535714285,1712.477892857143,1712.477892857143,0.4033461136284642,0.4033461136284642,TARGET
scalper_filtered,1662458400000,2022,0.673818866712093,1662459300000,1662462000000,1712.068,1709.0728035714287,1713.633392857143,1713.633392857143,0.5226344563617592,0.5226344563617592,TARGET
scalper_filtered,1662472800000,2022,0.6850030352397024,1662473700000,1662473700000,1705.218,1699.9847857142859,1706.6544285714288,1706.6544285714288,0.27448304101551596,0.27448304101551596,TARGET
scalper_filtered,1662490800000,2022,0.6917533923853617,1662491700000,1662506100000,1701.768,1698.4733571428571,1702.5072857142857,1702.5072857142857,0.22439024390241513,0.22439024390241513,TARGET
scalper_filtered,1662554700000,2022,0.6584800301390672,1662555600000,1662557400000,1700.184,1697.3065714285715,1701.960857142857,1697.3065714285715,0.6175156389633732,-1.0,STOP
scalper_filtered,1662597000000,2022,0.7258994702827426,1662597900000,1662599700000,1716.474,1714.638767857143,1716.9644642857143,1716.9644642857143,0.2672491802322089,0.2672491802322089,TARGET
scalper_filtered,1662703200000,2022,0.8466833326000894,1662704100000,1662704100000,1720.214,1716.9356071428572,1720.2607857142857,1720.2607857142857,0.014270929789218885,0.014270929789218885,TARGET
scalper_filtered,1662749100000,2022,0.6861202903369596,1662750000000,1662756300000,1715.508,1713.2062857142857,1717.0814285714287,1717.0814285714287,0.6835898709036927,0.6835898709036927,TARGET
scalper_filtered,1663023600000,2022,0.8112970673941846,1663024500000,1663025400000,1725.148,1723.0496785714286,1725.7326428571428,1725.7326428571428,0.2786240702602502,0.2786240702602502,TARGET
scalper_filtered,1663037100000,2022,0.727534472567668,1663038000000,1663048800000,1722.114,1719.1819285714287,1723.478142857143,1723.478142857143,0.46524884893667945,0.46524884893667945,TARGET
scalper_filtered,1663072200000,2022,0.7604764941083583,1663073100000,1663073100000,1709.928,1705.2981785714287,1713.1606428571429,1705.2981785714287,0.6982219308057074,-1.0,STOP
scalper_filtered,1663106400000,2022,0.659571998808752,1663107300000,1663107300000,1701.424,1699.4706964285715,1702.4026071428573,1702.4026071428573,0.5010010513325538,0.5010010513325538,TARGET
scalper_filtered,1663114500000,2022,0.8627110355351919,1663115400000,1663115400000,1702.068,1699.2240535714286,1702.148892857143,1702.148892857143,0.028443875148391775,0.028443875148391775,TARGET
scalper_filtered,1663116300000,2022,0.7524806688646082,1663117200000,1663117200000,1700.144,1697.2209464285716,1700.6771071428573,1700.6771071428573,0.18238021638335541,0.18238021638335541,TARGET
scalper_filtered,1663183800000,2022,0.7119787215481941,1663184700000,1663185600000,1694.678,1692.293625,1695.96675,1695.96675,0.5404980340759684,0.5404980340759684,TARGET
scalper_filtered,1663218000000,2022,0.6900514287590657,1663218900000,1663218900000,1687.664,1684.6692142857144,1688.4755714285716,1688.4755714285716,0.27099482433760314,0.27099482433760314,TARGET
scalper_filtered,1663244100000,2022,0.6989531951737121,1663245000000,1663245000000,1685.106,1680.9720892857142,1686.0598214285712,1686.0598214285712,0.23073101827648915,0.23073101827648915,TARGET
scalper_filtered,1663248600000,2022,0.7500738822611298,1663249500000,1663249500000,1683.888,1677.8688035714285,1685.156392857143,1685.156392857143,0.21072461618336732,0.21072461618336732,TARGET
scalper_filtered,1663270200000,2022,0.7065744211060645,1663271100000,1663272000000,1662.898,1659.6614107142857,1664.7391785714285,1664.7391785714285,0.5688638282142454,0.5688638282142454,TARGET
scalper_filtered,1663653600000,2022,0.7313355734706707,1663654500000,1663654500000,1671.748,1669.1007857142856,1672.0624285714287,1672.0624285714287,0.11877715118319163,0.11877715118319163,TARGET
scalper_filtered,1663667100000,2022,0.6636468455704029,1663668000000,1663672500000,1667.748,1664.8439285714287,1669.806142857143,1669.806142857143,0.7087094473276833,0.7087094473276833,TARGET
scalper_filtered,1663677000000,2022,0.7274434339142419,1663677900000,1663677900000,1667.634,1663.5094464285714,1668.3561071428571,1668.3561071428571,0.1750752245913983,0.1750752245913983,TARGET
scalper_filtered,1663722900000,2022,0.7785443923158214,1663723800000,1663723800000,1664.888,1662.5881607142858,1665.1886785714285,1665.1886785714285,0.1307389491501655,0.1307389491501655,TARGET
scalper_filtered,1663734600000,2022,0.6904281920438271,1663735500000,1663737300000,1662.71,1660.5934464285713,1663.6131071428572,1663.6131071428572,0.4266875901692935,0.4266875901692935,TARGET
scalper_filtered,1663765200000,2022,0.6691820774948635,1663766100000,1663769700000,1673.945,1670.874982142857,1675.5040357142857,1670.874982142857,0.5078262690421944,-1.0,STOP
scalper_filtered,1663772400000,2022,0.750617786632035,1663773300000,1663782300000,1667.895,1663.6863928571427,1669.5412142857142,1669.5412142857142,0.391154182330397,0.391154182330397,TARGET
scalper_filtered,1663809300000,2022,0.7234633406265119,1663810200000,1663811100000,1658.858,1654.8192321428571,1660.1165357142856,1660.1165357142856,0.31161377895486,0.31161377895486,TARGET
scalper_filtered,1663917300000,2022,0.7589050070729861,1663918200000,1663918200000,1669.378,1665.3896785714285,1669.5306428571428,1669.5306428571428,0.03827245618904665,0.03827245618904665,TARGET
scalper_filtered,1663926300000,2022,0.8159898815747643,1663927200000,1663927200000,1657.065,1650.190857142857,1657.1902857142857,1657.1902857142857,0.01822564891205677,0.01822564891205677,TARGET
scalper_filtered,1663942500000,2022,0.7735770593836029,1663943400000,1663947000000,1647.415,1637.782732142857,1648.7725357142856,1648.7725357142856,0.14093625036381474,0.14093625036381474,TARGET
scalper_filtered,1663956900000,2022,0.6560261665469336,1663957800000,1663958700000,1644.105,1640.7916607142856,1646.1506785714284,1640.7916607142856,0.6174069103784385,-1.0,STOP
scalper_filtered,1664170200000,2022,0.7300275335258023,1664171100000,1664171100000,1637.598,1632.9009642857143,1637.7220714285716,1637.7220714285716,0.02641483610487417,0.02641483610487417,TARGET
scalper_filtered,1664271000000,2022,0.6919217408779138,1664271900000,1664274600000,1634.255,1630.2971071428572,1636.3627857142858,1636.3627857142858,0.5325524945632841,0.5325524945632841,TARGET
scalper_filtered,1664325900000,2022,0.7109986269859877,1664326800000,1664329500000,1626.778,1624.0716249999998,1627.3307499999999,1624.0716249999998,0.20423998891498418,-1.0,STOP
scalper_filtered,1664345700000,2022,0.8178210508165733,1664346600000,1664346600000,1622.268,1618.6758928571428,1622.3932142857143,1622.3932142857143,0.03485817118880997,0.03485817118880997,TARGET
scalper_filtered,1664417700000,2022,0.6924613576581323,1664418600000,1664427600000,1654.176,1650.8965892857143,1655.4218214285713,1650.8965892857143,0.37989185774883094,-1.0,STOP
scalper_filtered,1664432100000,2022,0.7318289522935383,1664433000000,1664433000000,1643.802,1639.7833392857142,1644.6573214285713,1644.6573214285713,0.2128374325134938,0.2128374325134938,TARGET
scalper_filtered,1664460900000,2022,0.677740671283394,1664461800000,1664462700000,1648.655,1641.0670714285714,1651.260857142857,1651.260857142857,0.3434214118289278,0.3434214118289278,TARGET
scalper_filtered,1664504100000,2022,0.6753869622848002,1664505000000,1664505000000,1660.678,1657.8513392857142,1661.7713214285714,1661.7713214285714,0.3867890557383135,0.3867890557383135,TARGET
scalper_filtered,1664533800000,2022,0.6695415484595753,1664534700000,1664539200000,1666.938,1662.4149642857142,1669.2250714285715,1662.4149642857142,0.5056496505980944,-1.0,STOP
scalper_filtered,1664566200000,2022,0.6602287435874187,1664567100000,1664748000000,1662.153,1659.0433035714286,1663.878392857143,1663.878392857143,0.5548428590296607,0.5548428590296607,TARGET
scalper_filtered,1664930700000,2022,0.783484093450791,1664931600000,1664931600000,1722.874,1720.363125,1723.16775,1723.16775,0.11699108876389795,0.11699108876389795,TARGET
scalper_filtered,1664932500000,2022,0.8011232634382026,1664933400000,1664933400000,1722.834,1719.9206785714284,1723.0806428571427,1719.9206785714284,0.08466036556206101,-1.0,STOP
scalper_filtered,1664937900000,2022,0.7490262777910044,1664938800000,1664940600000,1719.698,1716.2300535714287,1720.6938928571428,1720.6938928571428,0.28717077315204914,0.28717077315204914,TARGET
scalper_filtered,1664964900000,2022,0.7601959010819764,1664965800000,1664965800000,1707.914,1700.4927678571428,1708.2184642857144,1708.2184642857144,0.04102610993074023,0.04102610993074023,TARGET
scalper_filtered,1664978400000,2022,0.7384384273526873,1664979300000,1664980200000,1705.312,1697.2369107142858,1706.9001785714286,1706.9001785714286,0.19667628619764946,0.19667628619764946,TARGET
scalper_filtered,1665061200000,2022,0.7810072353082523,1665062100000,1665063000000,1713.864,1708.283642857143,1714.7347142857143,1714.7347142857143,0.15603199999999579,0.15603199999999579,TARGET
scalper_filtered,1665063900000,2022,0.7382205175186446,1665064800000,1665072000000,1713.794,1707.6520535714285,1715.2568928571427,1707.6520535714285,0.23818066050485287,-1.0,STOP
scalper_filtered,1665105300000,2022,0.6662567798116197,1665106200000,1665110700000,1710.727,1708.471,1711.594,1711.594,0.3843085106382664,0.3843085106382664,TARGET
scalper_filtered,1665138600000,2022,0.7015804134894732,1665139500000,1665139500000,1709.242,1704.1543392857143,1709.9553214285713,1709.9553214285713,0.14020617109321426,0.14020617109321426,TARGET
scalper_filtered,1665171000000,2022,0.6585916767467739,1665171900000,1665353700000,1695.868,1691.4071428571428,1696.4497142857142,1699.148,0.13040415038749548,0.735284698648564,TARGET_GAP
scalper_filtered,1665361800000,2022,0.6948389988266865,1665362700000,1665363600000,1695.228,1692.5179821428571,1696.1480357142857,1692.5179821428571,0.3394943364895725,-1.0,STOP
scalper_filtered,1665394200000,2022,0.7083412884720284,1665395100000,1665401400000,1680.525,1675.7694999999999,1682.326,1675.7694999999999,0.37871937756279067,-1.0,STOP
scalper_filtered,1665496800000,2022,0.7868631423517647,1665497700000,1665497700000,1666.828,1661.0445178571429,1668.0659642857142,1668.0659642857142,0.21405171748359553,0.21405171748359553,TARGET
scalper_filtered,1665533700000,2022,0.7733155005313033,1665534600000,1665534600000,1663.308,1660.8419464285714,1663.551107142857,1663.551107142857,0.09858145243626619,0.09858145243626619,TARGET
scalper_filtered,1665540900000,2022,0.7259663021873128,1665541800000,1665542700000,1663.148,1659.7875000000001,1664.22,1664.22,0.3190001487874389,0.3190001487874389,TARGET
scalper_filtered,1665573300000,2022,0.6830323364179671,1665574200000,1665574200000,1669.935,1665.8804821428573,1671.3330357142859,1671.3330357142859,0.34480936169095416,0.34480936169095416,TARGET
scalper_filtered,1665644400000,2022,0.7447993300466287,1665645300000,1665645300000,1668.365,1665.9868392857143,1668.7503214285714,1668.7503214285714,0.16202497428232696,0.16202497428232696,TARGET
scalper_filtered,1665664200000,2022,0.6912127500491577,1665665100000,1665665100000,1653.098,1648.8488035714286,1657.3873928571427,1648.8488035714286,1.0094597718055716,-1.0,STOP
scalper_filtered,1665689400000,2022,0.6924801504848896,1665690300000,1665709200000,1665.385,1661.4842857142855,1667.9154285714285,1661.685,0.648709027650567,-0.9485442226698106,16BAR_TIMEOUT
scalper_filtered,1665756000000,2022,0.6744717610414861,1665756900000,1665756900000,1649.568,1641.915982142857,1651.5220357142857,1651.5220357142857,0.25536214770613763,0.25536214770613763,TARGET
scalper_filtered,1665764100000,2022,0.6612210069363856,1665765000000,1665779400000,1644.555,1637.925785714286,1647.9434285714287,1643.018,0.5111357734702701,-0.23185251430357898,16BAR_TIMEOUT
scalper_filtered,1666026000000,2022,0.6727324394602467,1666026900000,1666028700000,1659.198,1654.8415535714284,1660.0208928571428,1654.8415535714284,0.18889084730752367,-1.0,STOP
scalper_filtered,1666077300000,2022,0.663435122786839,1666078200000,1666079100000,1652.868,1649.3940178571427,1654.6559642857142,1654.6559642857142,0.5146728486760921,0.5146728486760921,TARGET
scalper_filtered,1666103400000,2022,0.7058897812213268,1666104300000,1666104300000,1650.978,1646.5880000000002,1652.1680000000001,1652.1680000000001,0.27107061503418883,0.27107061503418883,TARGET
scalper_filtered,1666155600000,2022,0.7012086772520001,1666156500000,1666157400000,1645.898,1643.8845000000001,1646.652,1646.652,0.3744723118948149,0.3744723118948149,TARGET
scalper_filtered,1666159200000,2022,0.6864403500719543,1666160100000,1666160100000,1645.557,1643.4052678571427,1646.3834642857141,1643.4052678571427,0.38409255002187764,-1.0,STOP
scalper_filtered,1666163700000,2022,0.6564806038064332,1666164600000,1666164600000,1639.127,1636.0805535714285,1640.5398928571428,1640.5398928571428,0.4637839168586356,0.4637839168586356,TARGET
scalper_filtered,1666181700000,2022,0.7539470537296393,1666182600000,1666182600000,1633.417,1628.6610714285714,1634.2288571428571,1634.2288571428571,0.17070423381345143,0.17070423381345143,TARGET
scalper_filtered,1666233000000,2022,0.7011805720796674,1666233900000,1666233900000,1623.937,1620.938607142857,1624.8937857142857,1624.8937857142857,0.3190995175987637,0.3190995175987637,TARGET
scalper_filtered,1666270800000,2022,0.6657320885969902,1666271700000,1666274400000,1633.547,1628.7486785714286,1635.346642857143,1635.346642857143,0.37505675347781053,0.37505675347781053,TARGET
scalper_filtered,1666294200000,2022,0.7336677408200623,1666295100000,1666296900000,1626.248,1623.0198035714286,1627.634392857143,1627.634392857143,0.4294635992012583,0.4294635992012583,TARGET
scalper_filtered,1666321200000,2022,0.7022178193372072,1666322100000,1666323000000,1626.517,1623.9779464285714,1627.128107142857,1623.9779464285714,0.2406830441600933,-1.0,STOP
scalper_filtered,1666354500000,2022,0.6848558430102877,1666355400000,1666355400000,1621.187,1617.2549107142856,1622.7241785714284,1622.7241785714284,0.39093175656342893,0.39093175656342893,TARGET
scalper_filtered,1666600200000,2022,0.7071964401733725,1666601100000,1666602000000,1646.498,1642.1069642857142,1648.3770714285713,1648.3770714285713,0.42793353341623963,0.42793353341623963,TARGET
scalper_filtered,1666620900000,2022,0.7233761200294403,1666621800000,1666621800000,1647.507,1640.9825,1649.276,1649.276,0.27113188750095923,0.27113188750095923,TARGET
scalper_filtered,1666661400000,2022,0.7846395782963516,1666662300000,1666665000000,1650.368,1647.549982142857,1650.8740357142856,1647.549982142857,0.1795715073284534,-1.0,STOP
scalper_filtered,1666692900000,2022,0.6603794868146081,1666693800000,1666695600000,1639.717,1636.3393035714284,1641.6153928571428,1641.6153928571428,0.5620377370459659,0.5620377370459659,TARGET
scalper_filtered,1666735200000,2022,0.7128282430223047,1666736100000,1666742400000,1652.458,1650.3925892857144,1653.1088214285714,1653.1088214285714,0.3151050897866794,0.3151050897866794,TARGET
scalper_filtered,1666743300000,2022,0.715788174904658,1666744200000,1666746900000,1651.498,1649.3823571428572,1652.1292857142857,1652.1292857142857,0.2983895472500748,0.2983895472500748,TARGET
scalper_filtered,1666937700000,2022,0.7228040241524987,1666938600000,1666939500000,1658.907,1656.354625,1660.05475,1656.354625,0.44967922033403973,-1.0,STOP
scalper_filtered,1666941300000,2022,0.6635041712302384,1666942200000,1666945800000,1652.797,1649.772,1654.3799999999999,1649.772,0.5233057851239037,-1.0,STOP
scalper_filtered,1666948500000,2022,0.7792415191070357,1666949400000,1666955700000,1649.727,1644.765642857143,1650.6497142857143,1650.6497142857143,0.18598021854616628,0.18598021854616628,TARGET
scalper_filtered,1667178000000,2022,0.6998000603618096,1667178900000,1667178900000,1641.668,1639.5167857142858,1642.4604285714286,1642.4604285714286,0.36836338280713055,0.36836338280713055,TARGET
scalper_filtered,1667205900000,2022,0.6614850131703551,1667206800000,1667207700000,1636.907,1634.013857142857,1638.2232857142858,1638.2232857142858,0.45496741062615,0.45496741062615,TARGET
scalper_filtered,1667219400000,2022,0.7656783047183009,1667220300000,1667223000000,1638.387,1633.78425,1639.0155,1633.78425,0.13654880234642963,-1.0,STOP
scalper_filtered,1667243700000,2022,0.7529570913846648,1667244600000,1667260800000,1633.898,1631.3301964285713,1634.563607142857,1631.3301964285713,0.2592126400411864,-1.0,STOP
scalper_filtered,1667414700000,2022,0.7500711112525302,1667415600000,1667415600000,1649.297,1641.047125,1651.6367500000001,1651.6367500000001,0.28361035773270526,0.28361035773270526,TARGET
scalper_filtered,1667456100000,2022,0.717850494279806,1667457000000,1667457000000,1634.705,1632.9650892857142,1635.7038214285712,1635.7038214285712,0.5740647611227181,0.5740647611227181,TARGET
scalper_filtered,1667461500000,2022,0.6821926756359397,1667462400000,1667462400000,1629.787,1626.9119285714287,1630.9471428571428,1626.9119285714287,0.40351792502047884,-1.0,STOP
scalper_filtered,1667863800000,2022,0.698062839501035,1667864700000,1667865600000,1674.337,1672.57475,1675.2545,1672.57475,0.5206412257057857,-1.0,STOP
scalper_filtered,1667885400000,2022,0.7804606786219596,1667886300000,1667887200000,1669.367,1667.4245535714285,1669.8948928571428,1669.8948928571428,0.27176700957005345,0.27176700957005345,TARGET
scalper_filtered,1667893500000,2022,0.7739203633241154,1667894400000,1667894400000,1670.177,1666.5994464285716,1670.7351071428573,1670.7351071428573,0.1560024557883923,0.1560024557883923,TARGET
scalper_filtered,1667898000000,2022,0.6774145676028049,1667898900000,1667898900000,1666.338,1662.8993928571429,1667.8722142857143,1667.8722142857143,0.446173180586022,0.446173180586022,TARGET
scalper_filtered,1667956500000,2022,0.7487029336104049,1667957400000,1667957400000,1708.788,1706.0787857142857,1709.2564285714284,1709.2564285714284,0.1729020011072575,0.1729020011072575,TARGET
scalper_filtered,1668071700000,2022,0.6610065127631496,1668072600000,1668072600000,1706.617,1702.6729285714287,1708.058142857143,1708.058142857143,0.36539471539565577,0.36539471539565577,TARGET
scalper_filtered,1668127500000,2022,0.685586117823757,1668128400000,1668128400000,1751.617,1748.7612857142858,1753.2214285714288,1753.2214285714288,0.5618309154578335,0.5618309154578335,TARGET
scalper_filtered,1668426300000,2022,0.7604284846188745,1668427200000,1668427200000,1756.188,1751.1593035714286,1756.9753928571429,1756.9753928571429,0.15657991456176493,0.15657991456176493,TARGET
scalper_filtered,1668492900000,2022,0.8086683202819794,1668493800000,1668495600000,1770.687,1768.3095535714285,1771.4548928571428,1771.4548928571428,0.32299060366391913,0.32299060366391913,TARGET
scalper_filtered,1668519900000,2022,0.8025774819218359,1668520800000,1668520800000,1777.007,1770.722142857143,1777.6367142857143,1777.6367142857143,0.10019548120197953,0.10019548120197953,TARGET
scalper_filtered,1668523500000,2022,0.686990530687901,1668524400000,1668526200000,1771.917,1765.0793392857142,1774.0123214285713,1774.0123214285713,0.30643834435858236,0.30643834435858236,TARGET
scalper_filtered,1668602700000,2022,0.6825638338620876,1668603600000,1668605400000,1780.705,1777.0636964285716,1782.1736071428572,1777.0636964285716,0.4033190625414477,-1.0,STOP
scalper_filtered,1668639600000,2022,0.8180682152277897,1668640500000,1668640500000,1773.907,1770.6499285714285,1774.0641428571428,1774.0641428571428,0.04824667207613834,0.04824667207613834,TARGET
scalper_filtered,1668689100000,2022,0.769119672252127,1668690000000,1668690000000,1764.148,1759.1223750000001,1764.83625,1759.1223750000001,0.13694814077854697,-1.0,STOP
scalper_filtered,1668727800000,2022,0.7405833974355586,1668728700000,1668728700000,1760.207,1758.3704107142855,1760.8201785714284,1760.8201785714284,0.33386809789088534,0.33386809789088534,TARGET
scalper_filtered,1668742200000,2022,0.8072046693109363,1668743100000,1668743100000,1763.378,1760.0293214285714,1763.412357142857,1763.412357142857,0.010259910625702308,0.010259910625702308,TARGET
scalper_filtered,1668772800000,2022,0.698053163534976,1668773700000,1668773700000,1761.368,1757.2645892857145,1762.3748214285715,1762.3748214285715,0.24536208989913447,0.24536208989913447,TARGET
scalper_filtered,1668776400000,2022,0.7843972152975273,1668777300000,1668777300000,1760.945,1756.3860892857144,1761.1588214285714,1761.1588214285714,0.04690186800576005,0.04690186800576005,TARGET
scalper_filtered,1668782700000,2022,0.7420817921602711,1668783600000,1668784500000,1753.438,1747.8048571428571,1754.3902857142857,1754.3902857142857,0.1690505173462959,0.1690505173462959,TARGET
scalper_filtered,1669126500000,2022,0.6611201959596348,1669127400000,1669127400000,1743.577,1740.0946428571428,1744.5117142857143,1744.5117142857143,0.2684142514306946,0.2684142514306946,TARGET
scalper_filtered,1669140000000,2022,0.7971202217227389,1669140900000,1669140900000,1739.777,1736.2651785714286,1740.2306428571428,1740.2306428571428,0.12917594654785736,0.12917594654785736,TARGET
scalper_filtered,1669143600000,2022,0.6755658412858941,1669144500000,1669149000000,1738.347,1735.9640357142857,1739.3959285714286,1739.3959285714286,0.44017804954816375,0.44017804954816375,TARGET
scalper_filtered,1669176000000,2022,0.6915512878565837,1669176900000,1669180500000,1734.858,1731.5934642857142,1735.3840714285714,1735.3840714285714,0.16114739571366796,0.16114739571366796,TARGET
scalper_filtered,1669269600000,2022,0.659546517127299,1669270500000,1669271400000,1753.507,1751.6624285714286,1754.109142857143,1754.109142857143,0.326440520446166,0.326440520446166,TARGET
scalper_filtered,1669276800000,2022,0.7170245963001112,1669277700000,1669277700000,1754.048,1751.1144285714286,1754.6951428571429,1754.6951428571429,0.22059897735573192,0.22059897735573192,TARGET
scalper_filtered,1669336200000,2022,0.6855461401189185,1669337100000,1669338000000,1753.027,1751.5963214285714,1753.7013571428572,1753.7013571428572,0.4713547517411709,0.4713547517411709,TARGET
scalper_filtered,1669363200000,2022,0.7870133251764555,1669364100000,1669364100000,1752.125,1748.650160714286,1752.4836785714288,1752.4836785714288,0.10322162895514866,0.10322162895514866,TARGET
scalper_filtered,1669369500000,2022,0.7414509601510886,1669370400000,1669370400000,1750.717,1747.7411607142856,1751.9616785714284,1751.9616785714284,0.4182613548397347,0.4182613548397347,TARGET
scalper_filtered,1669383900000,2022,0.7311638603495583,1669384800000,1669385700000,1748.157,1744.4743214285713,1748.5953571428572,1748.5953571428572,0.11903214857202053,0.11903214857202053,TARGET
scalper_filtered,1669614300000,2022,0.6673308623607986,1669615200000,1669615200000,1749.368,1747.2330714285715,1750.3078571428573,1750.3078571428573,0.44022884673304663,0.44022884673304663,TARGET
scalper_filtered,1669641300000,2022,0.83148264258325,1669642200000,1669642200000,1753.418,1748.4753928571429,1753.4932142857142,1753.4932142857142,0.015217532678681232,0.015217532678681232,TARGET
scalper_filtered,1669645800000,2022,0.7568669245344571,1669646700000,1669646700000,1748.127,1742.733982142857,1749.2530357142857,1749.2530357142857,0.2087951021327244,0.2087951021327244,TARGET
scalper_filtered,1669650300000,2022,0.6733070488427496,1669651200000,1669661100000,1745.307,1740.4986785714286,1747.8166428571428,1740.4986785714286,0.521937415046825,-1.0,STOP
scalper_filtered,1669676400000,2022,0.8241983602496596,1669677300000,1669677300000,1741.287,1738.3644285714286,1741.3151428571427,1741.3151428571427,0.009629484798072957,0.009629484798072957,TARGET
scalper_filtered,1669732200000,2022,0.6563614663116931,1669733100000,1669733100000,1749.737,1744.7686785714286,1750.763642857143,1750.763642857143,0.20663776929546374,0.20663776929546374,TARGET
scalper_filtered,1669747500000,2022,0.7188563660210397,1669748400000,1669748400000,1751.227,1747.0381785714287,1752.0476428571428,1752.0476428571428,0.19591259048314588,0.19591259048314588,TARGET
scalper_filtered,1669788000000,2022,0.65902104412704,1669788900000,1669791600000,1753.738,1751.9755535714285,1754.7428928571428,1754.7428928571428,0.5701693060578207,0.5701693060578207,TARGET
scalper_filtered,1669815000000,2022,0.7472353748367466,1669815900000,1669817700000,1757.358,1752.963732142857,1758.8235357142855,1758.8235357142855,0.3335107831224554,0.3335107831224554,TARGET
scalper_filtered,1669978800000,2022,0.7122533180510522,1669979700000,1669983300000,1799.737,1797.0132142857142,1801.1075714285714,1797.0132142857142,0.5031862166626665,-1.0,STOP
scalper_filtered,1669987800000,2022,0.7253726665331705,1669988700000,1669988700000,1783.447,1778.8048035714285,1784.9943928571429,1778.8048035714285,0.3333320510996096,-1.0,STOP_BOTH
scalper_filtered,1670230800000,2022,0.7477545489584,1670231700000,1670235300000,1797.588,1793.8007142857143,1799.1595714285716,1793.8007142857143,0.41495982799597586,-1.0,STOP
scalper_filtered,1670236200000,2022,0.7417730857072389,1670237100000,1670244300000,1795.448,1791.5525,1796.489,1796.489,0.26723142087021373,0.26723142087021373,TARGET
scalper_filtered,1670263200000,2022,0.6964879731645921,1670264100000,1670282100000,1769.907,1765.4397857142858,1773.2344285714285,1769.077,0.7448553748740977,-0.1857981164356082,16BAR_TIMEOUT
scalper_filtered,1670309100000,2022,0.6770954985470112,1670310000000,1670310000000,1768.898,1765.6212142857141,1770.1115714285713,1770.1115714285713,0.37035422343323043,0.37035422343323043,TARGET
scalper_filtered,1670337000000,2022,0.6588658880138458,1670337900000,1670338800000,1777.038,1772.6018749999998,1778.05025,1772.6018749999998,0.2281833807658609,-1.0,STOP
scalper_filtered,1670340600000,2022,0.6665298103216303,1670341500000,1670342400000,1772.458,1768.6450357142858,1774.5609285714286,1774.5609285714286,0.5515206579058038,0.5515206579058038,TARGET
scalper_filtered,1670373900000,2022,0.6590929575030706,1670374800000,1670376600000,1769.775,1768.2197678571429,1770.5814642857144,1770.5814642857144,0.5185491371292942,0.5185491371292942,TARGET
scalper_filtered,1670468400000,2022,0.7122805457661,1670469300000,1670469300000,1782.778,1780.1333035714285,1783.537392857143,1783.537392857143,0.28713800530716,0.28713800530716,TARGET
scalper_filtered,1670489100000,2022,0.6863731319810759,1670490000000,1670490000000,1782.868,1780.6246607142857,1784.0846785714286,1784.0846785714286,0.5423515645522781,0.5423515645522781,TARGET
scalper_filtered,1670571900000,2022,0.7165473228213262,1670572800000,1670578200000,1792.558,1789.6341249999998,1793.36575,1789.6341249999998,0.2762601000384394,-1.0,STOP
scalper_filtered,1670822100000,2022,0.6913525089360746,1670823000000,1670823000000,1786.247,1784.322875,1787.27825,1787.27825,0.5359579029428951,0.5359579029428951,TARGET
scalper_filtered,1670904900000,2022,0.676200664495284,1670905800000,1670907600000,1781.925,1780.1522321428572,1782.9205357142857,1782.9205357142857,0.5615713925963929,0.5615713925963929,TARGET
scalper_filtered,1670976000000,2022,0.7945173738546683,1670976900000,1670978700000,1810.565,1807.9674642857142,1810.8400714285713,1810.8400714285713,0.10589707277492956,0.10589707277492956,TARGET
scalper_filtered,1671018300000,2022,0.6625026204612336,1671019200000,1671022800000,1806.595,1803.8272678571427,1807.9304642857142,1807.9304642857142,0.482512113450197,0.482512113450197,TARGET
scalper_filtered,1671066900000,2022,0.7191687599358477,1671067800000,1671067800000,1802.568,1800.2401964285716,1803.2846071428573,1800.2401964285716,0.30784691270906284,-1.0,STOP
scalper_filtered,1671073200000,2022,0.7180343675689241,1671074100000,1671074100000,1793.748,1790.972142857143,1795.2407142857141,1795.2407142857141,0.5377489578507891,0.5377489578507891,TARGET
scalper_filtered,1671078600000,2022,0.7253995048625341,1671079500000,1671083100000,1791.005,1787.952125,1792.61075,1792.61075,0.5259796093845633,0.5259796093845633,TARGET
scalper_filtered,1671093000000,2022,0.6574782854857455,1671093900000,1671093900000,1776.875,1771.061375,1778.70125,1778.70125,0.3141327485003027,0.3141327485003027,TARGET
scalper_filtered,1671421500000,2022,0.6837185084756944,1671422400000,1671427800000,1793.835,1790.9119107142858,1794.9411785714287,1790.9119107142858,0.37842791078426163,-1.0,STOP
scalper_filtered,1671460200000,2022,0.6867129033429883,1671461100000,1671461100000,1790.445,1787.4943928571429,1791.3962142857142,1791.3962142857142,0.32237917135699473,0.32237917135699473,TARGET
scalper_filtered,1671540300000,2022,0.7231600876039795,1671541200000,1671543000000,1800.695,1796.4681785714288,1801.918642857143,1801.918642857143,0.2894948078174714,0.2894948078174714,TARGET
scalper_filtered,1671582600000,2022,0.6611423956465984,1671583500000,1671583500000,1817.465,1815.6649642857144,1818.3350714285716,1818.3350714285716,0.48336342532906235,0.48336342532906235,TARGET
scalper_filtered,1671587100000,2022,0.6637426485079262,1671588000000,1671589800000,1816.465,1814.4778214285714,1817.7393571428572,1817.7393571428572,0.641289696446947,0.641289696446947,TARGET
scalper_filtered,1671605100000,2022,0.7513002902576835,1671606000000,1671606900000,1814.077,1811.4221964285714,1814.3496071428572,1814.3496071428572,0.10268448701478632,0.10268448701478632,TARGET
scalper_filtered,1671693300000,2022,0.6750909595304418,1671694200000,1671695100000,1814.935,1812.518125,1815.57475,1815.57475,0.2647013188518554,0.2647013188518554,TARGET
scalper_filtered,1671709500000,2022,0.7166996250291021,1671710400000,1671710400000,1815.805,1812.4460178571428,1815.9529642857144,1815.9529642857144,0.044050334125470686,0.044050334125470686,TARGET
scalper_filtered,1671715800000,2022,0.8043233586760957,1671716700000,1671716700000,1812.565,1808.4400714285714,1813.0808571428572,1808.4400714285714,0.1250584425704352,-1.0,STOP
scalper_filtered,1671732000000,2022,0.7538789279349327,1671732900000,1671733800000,1790.145,1785.4895892857144,1791.4818214285715,1785.4895892857144,0.287154348051255,-1.0,STOP
scalper_filtered,1671805800000,2022,0.658477521009644,1671806700000,1671806700000,1793.175,1789.2543392857144,1794.6863214285715,1794.6863214285715,0.38547620891164047,0.38547620891164047,TARGET
scalper_filtered,1671821100000,2022,0.7095086706936373,1671822000000,1671822000000,1795.645,1792.1509821428572,1796.303035714286,1796.303035714286,0.1883320982291764,0.1883320982291764,TARGET
scalper_filtered,1672147800000,2022,0.6593472756267555,1672148700000,1672148700000,1807.295,1804.7624464285714,1807.9801071428572,1807.9801071428572,0.2705202964257863,0.2705202964257863,TARGET
scalper_filtered,1672207200000,2022,0.7492054472134546,1672208100000,1672208100000,1810.697,1808.465392857143,1811.2242142857142,1811.2242142857142,0.23624869968795012,0.23624869968795012,TARGET
scalper_filtered,1672239600000,2022,0.7875262265798745,1672240500000,1672241400000,1804.935,1800.6153749999999,1806.19425,1800.6153749999999,0.29151836096884337,-1.0,STOP
scalper_filtered,1672299000000,2022,0.7231682596358717,1672299900000,1672300800000,1806.215,1803.6315,1806.732,1806.732,0.20011612154056943,0.20011612154056943,TARGET
scalper_filtered,1672386300000,2022,0.7437450606349328,1672387200000,1672387200000,1816.685,1814.0616428571427,1817.3177142857144,1817.3177142857144,0.24118495929429842,0.24118495929429842,TARGET
scalper_filtered,1672396200000,2022,0.813217027796954,1672397100000,1672397100000,1815.925,1811.7205892857141,1816.0838214285714,1816.0838214285714,0.03777495572251166,0.03777495572251166,TARGET
scalper_filtered,1672790400000,2023,0.6646978527719579,1672791300000,1672791300000,1837.368,1835.0015357142856,1838.1409285714285,1838.1409285714285,0.3266174672884455,0.3266174672884455,TARGET
scalper_filtered,1672858800000,2023,0.7232851094389003,1672859700000,1672859700000,1850.295,1844.5527321428572,1851.7085357142857,1851.7085357142857,0.2461633189972757,0.2461633189972757,TARGET
scalper_filtered,1672893000000,2023,0.6852998627082265,1672893900000,1672896600000,1851.405,1848.637125,1853.01675,1853.01675,0.5823059206069736,0.5823059206069736,TARGET
scalper_filtered,1672924500000,2023,0.6915468788630175,1672925400000,1672925400000,1844.287,1839.8152321428572,1845.4905357142857,1845.4905357142857,0.26914091981836885,0.26914091981836885,TARGET
scalper_filtered,1672927200000,2023,0.8133690421856605,1672928100000,1672928100000,1836.105,1828.7948392857143,1836.3553214285714,1836.3553214285714,0.034242944629412894,0.034242944629412894,TARGET
scalper_filtered,1672959600000,2023,0.6562311811367793,1672960500000,1672960500000,1831.965,1828.8516607142856,1832.3926785714284,1832.3926785714284,0.13736972818571472,0.13736972818571472,TARGET
scalper_filtered,1672983900000,2023,0.7137690913481334,1672984800000,1672984800000,1836.975,1834.4264821428571,1837.8720357142859,1837.8720357142859,0.3519832956131003,0.3519832956131003,TARGET
scalper_filtered,1672996500000,2023,0.8308943817693175,1672997400000,1672997400000,1836.045,1831.7170714285714,1836.060857142857,1836.060857142857,0.0036639104817055533,0.0036639104817055533,TARGET
scalper_filtered,1673252100000,2023,0.7087214559544056,1673253000000,1673254800000,1876.145,1871.7555357142855,1876.9739285714286,1871.7555357142855,0.18884504291932905,-1.0,STOP
scalper_filtered,1673335800000,2023,0.7468766749343774,1673336700000,1673336700000,1872.615,1869.4007142857145,1872.7435714285716,1872.7435714285716,0.04000000000005659,0.04000000000005659,TARGET
scalper_filtered,1673439300000,2023,0.682600951635197,1673440200000,1673442000000,1877.825,1874.0514285714287,1878.712142857143,1878.712142857143,0.2350936967632085,0.2350936967632085,TARGET
scalper_filtered,1673453700000,2023,0.7484835594073833,1673454600000,1673454600000,1869.765,1864.7023214285716,1871.6403571428573,1871.6403571428573,0.37042785086947266,0.37042785086947266,TARGET
scalper_filtered,1673505900000,2023,0.7972437110653153,1673506800000,1673506800000,1883.057,1881.1965178571427,1883.591964285714,1883.591964285714,0.28754067206066686,0.28754067206066686,TARGET
scalper_filtered,1673613000000,2023,0.6731918698940254,1673613900000,1673615700000,1896.075,1891.77725,1897.5665000000001,1897.5665000000001,0.3470420568902575,0.3470420568902575,TARGET
scalper_filtered,1673827200000,2023,0.6880246808922074,1673828100000,1673829900000,1918.445,1915.4263214285713,1919.2323571428572,1919.2323571428572,0.26082841356792613,0.26082841356792613,TARGET
scalper_filtered,1673847900000,2023,0.8164987779080891,1673848800000,1673848800000,1919.435,1915.2936964285716,1919.6566071428572,1919.6566071428572,0.053511446102659045,0.053511446102659045,TARGET
scalper_filtered,1673851500000,2023,0.7632624405374505,1673852400000,1673853300000,1915.705,1911.6730357142856,1916.2389285714285,1916.2389285714285,0.13242393374373188,0.13242393374373188,TARGET
scalper_filtered,1673928900000,2023,0.6943874939182912,1673929800000,1673930700000,1910.605,1906.1308571428572,1911.699285714286,1911.699285714286,0.24457996743194957,0.24457996743194957,TARGET
scalper_filtered,1673977500000,2023,0.6602782168656115,1673978400000,1673985600000,1907.065,1902.9458392857143,1909.4533214285714,1909.4533214285714,0.5798077798441661,0.5798077798441661,TARGET
scalper_filtered,1674005400000,2023,0.7792693437351081,1674006300000,1674006300000,1907.588,1905.3105714285714,1908.0838571428571,1908.0838571428571,0.2177267595032135,0.2177267595032135,TARGET
scalper_filtered,1674020700000,2023,0.6746597019975613,1674021600000,1674021600000,1897.845,1894.6360178571426,1900.2129642857142,1900.2129642857142,0.7379175639804684,0.7379175639804684,TARGET
scalper_filtered,1674054900000,2023,0.6933774665209093,1674055800000,1674056700000,1917.905,1911.4598392857145,1920.0013214285714,1911.4598392857145,0.325255105574786,-1.0,STOP
scalper_filtered,1674112500000,2023,0.8572395299464926,1674113400000,1674113400000,1908.765,1904.978892857143,1908.9572142857144,1908.9572142857144,0.05076831649545367,0.05076831649545367,TARGET
scalper_filtered,1674220500000,2023,0.7507094419593311,1674221400000,1674222300000,1929.135,1925.1028214285714,1929.6693571428573,1925.1028214285714,0.13252318402851934,-1.0,STOP
scalper_filtered,1674225000000,2023,0.6908709687950308,1674225900000,1674225900000,1923.045,1918.5791607142858,1924.3656785714286,1924.3656785714286,0.2957290862779613,0.2957290862779613,TARGET
scalper_filtered,1674251100000,2023,0.6834963189173014,1674428400000,1674428400000,1926.128,1922.9294464285715,1926.1561071428573,1926.1561071428573,0.00878745415066705,0.00878745415066705,TARGET
scalper_filtered,1674450900000,2023,0.6912081330171426,1674451800000,1674453600000,1928.645,1925.778857142857,1929.2772857142857,1925.778857142857,0.22060509395402636,-1.0,STOP
scalper_filtered,1674480600000,2023,0.8000177179072551,1674481500000,1674481500000,1921.825,1917.3239642857143,1922.3520714285714,1922.3520714285714,0.11710003253218498,0.11710003253218498,TARGET
scalper_filtered,1674555300000,2023,0.7300927218839875,1674556200000,1674556200000,1936.805,1932.6052142857143,1937.5545714285715,1937.5545714285715,0.17847849380071143,0.17847849380071143,TARGET
scalper_filtered,1674567900000,2023,0.6763948712590854,1674568800000,1674569700000,1932.375,1928.648392857143,1933.4682142857143,1928.648392857143,0.29335377833153053,-1.0,STOP
scalper_filtered,1674641700000,2023,0.7184089911669128,1674642600000,1674642600000,1925.795,1920.6836071428572,1926.4477857142858,1926.4477857142858,0.12771190407983005,0.12771190407983005,TARGET
scalper_filtered,1674654300000,2023,0.6724445546077094,1674655200000,1674655200000,1922.155,1917.842089285714,1923.4068214285712,1923.4068214285712,0.29024978987503236,0.29024978987503236,TARGET
scalper_filtered,1674717300000,2023,0.7860735192113488,1674718200000,1674718200000,1940.875,1936.2784285714285,1940.9841428571428,1940.9841428571428,0.02374440576827115,0.02374440576827115,TARGET
scalper_filtered,1674726300000,2023,0.7045014837072331,1674727200000,1674739800000,1936.745,1931.569392857143,1938.2162142857144,1931.569392857143,0.28425926564866316,-1.0,STOP
scalper_filtered,1674744300000,2023,0.6550974591086755,1674745200000,1674745200000,1932.658,1926.6035178571428,1934.8039642857143,1934.8039642857143,0.35444225205059954,0.35444225205059954,TARGET
scalper_filtered,1674749700000,2023,0.7886921636030376,1674750600000,1674750600000,1925.568,1914.7936428571427,1926.2937142857143,1926.2937142857143,0.06735569241784202,0.06735569241784202,TARGET
scalper_filtered,1674774000000,2023,0.8308084472372098,1674774900000,1674774900000,1929.535,1926.3833035714285,1929.5443928571428,1929.5443928571428,0.0029802543981096593,0.0029802543981096593,TARGET
scalper_filtered,1675033200000,2023,0.7523368897666283,1675034100000,1675034100000,1927.208,1924.1707142857142,1927.7925714285714,1927.7925714285714,0.19246507690130985,0.19246507690130985,TARGET
scalper_filtered,1675041300000,2023,0.6669087436355207,1675042200000,1675043100000,1926.755,1923.0759642857142,1927.8430714285714,1927.8430714285714,0.29574908021313223,0.29574908021313223,TARGET
scalper_filtered,1675093500000,2023,0.7144724481242045,1675094400000,1675105200000,1925.535,1921.419482142857,1927.1420357142856,1921.419482142857,0.3904820171041939,-1.0,STOP
scalper_filtered,1675123200000,2023,0.6603480818908692,1675124100000,1675125000000,1921.908,1920.0256785714287,1922.8526428571429,1922.8526428571429,0.5018499193626076,0.5018499193626076,TARGET
scalper_filtered,1675155600000,2023,0.7104109610370966,1675156500000,1675158300000,1907.115,1902.763017857143,1908.7989642857144,1902.763017857143,0.38694191070575695,-1.0,STOP
scalper_filtered,1675164600000,2023,0.7917761944319561,1675165500000,1675166400000,1904.005,1899.4358035714286,1904.3833928571428,1904.3833928571428,0.08281387396185244,0.08281387396185244,TARGET
scalper_filtered,1675263600000,2023,0.8055083872238606,1675264500000,1675264500000,1926.935,1920.355017857143,1927.2549642857143,1927.2549642857143,0.04862692310825154,0.04862692310825154,TARGET
scalper_filtered,1675346400000,2023,0.686080636198657,1675347300000,1675348200000,1946.385,1940.7183392857144,1947.5633214285715,1940.7183392857144,0.20793929405389747,-1.0,STOP
scalper_filtered,1675356300000,2023,0.6630183567500155,1675357200000,1675371600000,1918.505,1910.2989107142857,1924.1471785714284,1912.725,0.6875599783261597,-0.7043549977042481,16BAR_TIMEOUT
scalper_filtered,1675409400000,2023,0.6816403067482832,1675410300000,1675410300000,1912.185,1908.4794464285715,1913.0921071428572,1913.0921071428572,0.24479666138185058,0.24479666138185058,TARGET
scalper_filtered,1675433700000,2023,0.6770559372421376,1675434600000,1675434600000,1880.798,1871.0979285714286,1882.999142857143,1882.999142857143,0.2269202730465997,0.2269202730465997,TARGET
scalper_filtered,1675436400000,2023,0.7248906035600524,1675437300000,1675437300000,1876.125,1863.9943749999998,1878.99625,1878.99625,0.23669431706938943,0.23669431706938943,TARGET
scalper_filtered,1675666800000,2023,0.7805938752848481,1675667700000,1675667700000,1876.505,1873.4884464285715,1877.3181071428573,1877.3181071428573,0.26954838480529586,0.26954838480529586,TARGET
scalper_filtered,1675674900000,2023,0.781604920357166,1675675800000,1675675800000,1873.948,1867.8339107142858,1874.3471785714287,1874.3471785714287,0.0652883124165824,0.0652883124165824,TARGET
scalper_filtered,1675795500000,2023,0.7109349492055479,1675796400000,1675796400000,1869.245,1861.0440178571428,1872.6059642857142,1872.6059642857142,0.40982460724434594,0.40982460724434594,TARGET
scalper_filtered,1675839600000,2023,0.7246730058042242,1675840500000,1675840500000,1874.845,1872.0370892857143,1875.3608214285714,1875.3608214285714,0.18370293113204644,0.18370293113204644,TARGET
scalper_filtered,1675853100000,2023,0.6727839531573123,1675854000000,1675857600000,1880.645,1876.1816071428573,1883.1517857142858,1883.1517857142858,0.5616323264653305,0.5616323264653305,TARGET
scalper_filtered,1675862100000,2023,0.694046729053934,1675863000000,1675863900000,1875.305,1870.5340357142857,1876.5759285714284,1876.5759285714284,0.2663881964561966,0.2663881964561966,TARGET
scalper_filtered,1675867500000,2023,0.7690996169162417,1675868400000,1675871100000,1873.305,1866.1945714285714,1874.3048571428571,1874.3048571428571,0.14061840757035915,0.14061840757035915,TARGET
scalper_filtered,1675921500000,2023,0.8340650705649388,1675922400000,1675922400000,1879.025,1876.7649821428572,1879.3150357142856,1879.3150357142856,0.12833337283988813,0.12833337283988813,TARGET
scalper_filtered,1675964700000,2023,0.7015163167895375,1675965600000,1675974600000,1868.325,1859.3966964285714,1869.861607142857,1859.3966964285714,0.17210516315488508,-1.0,STOP
scalper_filtered,1675992600000,2023,0.764521827706478,1675993500000,1675993500000,1860.925,1857.6863928571427,1861.5522142857142,1861.5522142857142,0.1936679127931681,0.1936679127931681,TARGET
scalper_filtered,1676247300000,2023,0.7040539051549647,1676248200000,1676248200000,1861.848,1859.467767857143,1862.8194642857143,1862.8194642857143,0.40813846188475184,0.40813846188475184,TARGET
scalper_filtered,1676264400000,2023,0.7515181004507333,1676265300000,1676265300000,1858.875,1855.737732142857,1859.0685357142856,1859.0685357142856,0.06168925418497666,0.06168925418497666,TARGET
scalper_filtered,1676295900000,2023,0.67827028117874,1676296800000,1676296800000,1856.855,1853.8673392857143,1858.5703214285713,1858.5703214285713,0.5741352826207314,0.5741352826207314,TARGET
scalper_filtered,1676307600000,2023,0.6841637989340504,1676308500000,1676313000000,1853.005,1848.366875,1854.76025,1854.76025,0.3784395634011303,0.3784395634011303,TARGET
scalper_filtered,1676374200000,2023,0.6567171821576965,1676375100000,1676375100000,1855.705,1851.89575,1856.9424999999999,1856.9424999999999,0.3248670998227861,0.3248670998227861,TARGET
scalper_filtered,1676444400000,2023,0.7568221507723256,1676445300000,1676445300000,1842.705,1839.8735714285713,1843.663857142857,1843.663857142857,0.3386478304742573,0.3386478304742573,TARGET
scalper_filtered,1676446200000,2023,0.8220080730301363,1676447100000,1676448000000,1837.675,1833.3998392857143,1838.4853214285715,1833.3998392857143,0.1895417465509162,-1.0,STOP
scalper_filtered,1676448900000,2023,0.8068352327547388,1676449800000,1676449800000,1835.865,1829.6176964285712,1835.969607142857,1835.969607142857,0.01674436685539905,0.01674436685539905,TARGET
scalper_filtered,1676475900000,2023,0.67679873207672,1676476800000,1676476800000,1834.065,1827.9429464285713,1835.5391071428571,1835.5391071428571,0.24078638412062134,0.24078638412062134,TARGET
scalper_filtered,1676526300000,2023,0.7163976706013001,1676527200000,1676527200000,1836.965,1834.011517857143,1837.5409642857144,1837.5409642857144,0.1950119411107467,0.1950119411107467,TARGET
scalper_filtered,1676555100000,2023,0.7333276464010798,1676556000000,1676556000000,1830.755,1825.5042678571428,1831.6864642857145,1831.6864642857145,0.17739702966594026,0.17739702966594026,TARGET
scalper_filtered,1676559600000,2023,0.6555957781690194,1676560500000,1676560500000,1831.595,1824.6543214285714,1833.3563571428572,1833.3563571428572,0.2537730460689813,0.2537730460689813,TARGET
scalper_filtered,1676579400000,2023,0.7540206595628816,1676580300000,1676589300000,1838.865,1834.7189821428572,1840.6170357142855,1834.7189821428572,0.4225827709031851,-1.0,STOP
scalper_filtered,1676592000000,2023,0.7210820812035692,1676592900000,1676598300000,1833.375,1829.7195357142857,1834.6859285714286,1829.7195357142857,0.3586216329760741,-1.0,STOP
scalper_filtered,1676618100000,2023,0.6890433838381355,1676619000000,1676619000000,1822.985,1820.5715357142856,1824.0619285714286,1824.0619285714286,0.4462169081196526,0.4462169081196526,TARGET
scalper_filtered,1676645100000,2023,0.8447057846742423,1676646000000,1676646000000,1826.415,1820.5534464285715,1826.5881071428573,1826.5881071428573,0.02953263853138786,0.02953263853138786,TARGET
scalper_filtered,1676882700000,2023,0.7784098535112891,1676883600000,1676883600000,1843.575,1839.541125,1843.90275,1843.90275,0.08124941898296727,0.08124941898296727,TARGET
scalper_filtered,1676962800000,2023,0.8310619731527329,1676963700000,1676963700000,1838.304,1835.3118392857143,1838.4713214285714,1835.3118392857143,0.05591993363606888,-1.0,STOP
scalper_filtered,1677005100000,2023,0.6589351881457451,1677006000000,1677009600000,1833.205,1829.7923214285715,1835.2903571428571,1835.2903571428571,0.6110616922191963,0.6110616922191963,TARGET
scalper_filtered,1677043800000,2023,0.7528383448536211,1677044700000,1677044700000,1835.705,1833.6076607142859,1836.1586785714287,1836.1586785714287,0.21631148308668907,0.21631148308668907,TARGET
scalper_filtered,1677087000000,2023,0.7714882674354858,1677087900000,1677092400000,1833.455,1828.5380892857142,1834.5888214285715,1828.5380892857142,0.23059630212062063,-1.0,STOP
scalper_filtered,1677110400000,2023,0.8604022719794933,1677111300000,1677114000000,1825.555,1821.7903035714287,1825.6713928571428,1825.6713928571428,0.030916930315918356,0.030916930315918356,TARGET
scalper_filtered,1677159000000,2023,0.682486984567389,1677159900000,1677159900000,1819.895,1815.568375,1821.04825,1821.04825,0.26654725103287014,0.26654725103287014,TARGET
scalper_filtered,1677245400000,2023,0.7345881743921494,1677246300000,1677246300000,1814.545,1809.4955,1815.503,1815.503,0.18972175462913973,0.18972175462913973,TARGET
scalper_filtered,1677546000000,2023,0.7777549173795097,1677546900000,1677546900000,1816.685,1814.498892857143,1816.7672142857143,1816.7672142857143,0.0376076195455474,0.0376076195455474,TARGET
scalper_filtered,1677562200000,2023,0.7190475940950972,1677563100000,1677563100000,1813.215,1811.1048035714286,1813.982392857143,1813.982392857143,0.36365944267216543,0.36365944267216543,TARGET
scalper_filtered,1677568500000,2023,0.7633198291674663,1677569400000,1677569400000,1812.095,1809.0515535714285,1812.5118928571428,1812.5118928571428,0.1369805143369831,0.1369805143369831,TARGET
scalper_filtered,1677591000000,2023,0.7764454545940828,1677591900000,1677591900000,1808.758,1805.9358035714286,1809.452392857143,1809.452392857143,0.24604696190279385,0.24604696190279385,TARGET
scalper_filtered,1677620700000,2023,0.7297396085488285,1677625200000,1677629700000,1826.104,1824.2908571428572,1827.3662857142858,1824.2908571428572,0.6961865742200425,-1.0,STOP
scalper_filtered,1677711600000,2023,0.6846131769757928,1677712500000,1677712500000,1837.675,1835.3320892857143,1837.9178214285714,1837.9178214285714,0.10364092284477025,0.10364092284477025,TARGET
scalper_filtered,1677764700000,2023,0.7336206161510841,1677765600000,1677765600000,1832.098,1828.1632857142856,1833.5684285714285,1833.5684285714285,0.37370656791198353,0.37370656791198353,TARGET
scalper_filtered,1677777300000,2023,0.6614937019664241,1677778200000,1677781800000,1834.285,1830.024357142857,1836.5062857142857,1836.5062857142857,0.5213498968968041,0.5213498968968041,TARGET
scalper_filtered,1677847500000,2023,0.7005517101706467,1677848400000,1677849300000,1845.685,1843.1087499999999,1847.0575000000001,1847.0575000000001,0.5327510917031087,0.5327510917031087,TARGET
scalper_filtered,1678060800000,2023,0.6863200583397914,1678061700000,1678061700000,1852.725,1850.0709642857144,1853.8030714285715,1853.8030714285715,0.4062007993218567,0.4062007993218567,TARGET
scalper_filtered,1678065300000,2023,0.6709213969398267,1678066200000,1678066200000,1851.728,1849.4955357142856,1853.0129285714283,1853.0129285714283,0.5755651186227296,0.5755651186227296,TARGET
scalper_filtered,1678103100000,2023,0.6627046119344543,1678104000000,1678104900000,1848.445,1845.8067142857144,1849.7615714285714,1849.7615714285714,0.49902534113065805,0.49902534113065805,TARGET
scalper_filtered,1678124700000,2023,0.734795575302617,1678125600000,1678128300000,1850.255,1846.6660178571428,1851.6129642857143,1846.6660178571428,0.3783703099266614,-1.0,STOP
scalper_filtered,1678130100000,2023,0.7374181038262819,1678131000000,1678149000000,1847.055,1843.6391250000001,1847.76675,1844.935,0.20836535294762132,-0.620631609763288,16BAR_TIMEOUT
scalper_filtered,1678172400000,2023,0.8184086118156139,1678173300000,1678173300000,1847.258,1844.2760535714287,1847.272892857143,1847.272892857143,0.0049943409446504715,0.0049943409446504715,TARGET
scalper_filtered,1678271400000,2023,0.7364509412176438,1678272300000,1678272300000,1813.475,1811.1522142857143,1814.4905714285715,1814.4905714285715,0.4372213167687309,0.4372213167687309,TARGET
scalper_filtered,1678283100000,2023,0.676444419911372,1678284000000,1678284000000,1813.575,1810.7755357142858,1814.6439285714287,1814.6439285714287,0.38183325891434733,0.38183325891434733,TARGET
scalper_filtered,1678367700000,2023,0.7470546099504705,1678368600000,1678368600000,1817.184,1814.3547857142858,1817.4154285714285,1817.4154285714285,0.08179959100203003,0.08179959100203003,TARGET
scalper_filtered,1678415400000,2023,0.6611638765915991,1678416300000,1678427100000,1829.635,1826.710357142857,1830.5012857142856,1830.5012857142856,0.296202222493534,0.296202222493534,TARGET
scalper_filtered,1678454100000,2023,0.6954087295495788,1678455000000,1678455000000,1833.604,1830.0881785714287,1834.755642857143,1834.755642857143,0.3275601109271418,0.3275601109271418,TARGET
scalper_filtered,1678761000000,2023,0.6681169387525802,1678761900000,1678768200000,1905.385,1902.3487678571428,1907.0774642857143,1902.3487678571428,0.5574225573284545,-1.0,STOP
scalper_filtered,1678769100000,2023,0.7855574977028826,1678770000000,1678773600000,1904.105,1899.993517857143,1904.5579642857144,1904.5579642857144,0.11017055893124925,0.11017055893124925,TARGET
scalper_filtered,1678783500000,2023,0.6983390321001591,1678784400000,1678795200000,1904.275,1897.87625,1906.2125,1906.2125,0.30279351435827007,0.30279351435827007,TARGET
scalper_filtered,1678855500000,2023,0.7045364371984292,1678856400000,1678857300000,1901.745,1899.8040892857143,1902.8038214285716,1899.8040892857143,0.5455281486049518,-1.0,STOP
scalper_filtered,1678858200000,2023,0.8188179292002474,1678859100000,1678859100000,1900.765,1898.1016785714287,1900.9016428571429,1900.9016428571429,0.051305432260970105,0.051305432260970105,TARGET
scalper_filtered,1678865400000,2023,0.6771529329504544,1678866300000,1678867200000,1898.645,1895.954875,1899.76525,1895.954875,0.41643046326840144,-1.0,STOP
scalper_filtered,1678869000000,2023,0.7359459700157379,1678869900000,1678872600000,1889.085,1883.637125,1889.42075,1889.42075,0.06162953445149855,0.06162953445149855,TARGET
scalper_filtered,1678927500000,2023,0.6698176426591511,1678928400000,1678928400000,1913.435,1911.3436428571429,1916.5977142857143,1911.3436428571429,1.5122784248096928,-1.0,STOP
scalper_filtered,1679013900000,2023,0.7821345592075745,1679014800000,1679014800000,1919.475,1917.3002142857142,1920.1435714285715,1920.1435714285715,0.3074194501922045,0.3074194501922045,TARGET
scalper_filtered,1679040900000,2023,0.6940769036995523,1679041800000,1679041800000,1929.975,1925.221857142857,1931.1412857142857,1931.1412857142857,0.24537148352970842,0.24537148352970842,TARGET
scalper_filtered,1679400900000,2023,0.7712199298088208,1679401800000,1679401800000,1963.545,1958.2183214285715,1964.5083571428572,1964.5083571428572,0.18085512950310773,0.18085512950310773,TARGET
scalper_filtered,1679408100000,2023,0.6767693995241237,1679409000000,1679409000000,1952.305,1941.420625,1952.56375,1952.56375,0.023772609819117906,0.023772609819117906,TARGET
scalper_filtered,1679412600000,2023,0.6683300666824672,1679413500000,1679418900000,1947.265,1938.7867142857142,1951.3185714285714,1938.7867142857142,0.4781121520522795,-1.0,STOP
scalper_filtered,1679452200000,2023,0.7485900881199102,1679453100000,1679454000000,1942.035,1938.2232321428571,1942.5485357142857,1938.2232321428571,0.13472376428256339,-1.0,STOP
scalper_filtered,1679486400000,2023,0.6724642269957529,1679487300000,1679489100000,1941.808,1937.6067321428573,1943.6015357142855,1937.6067321428573,0.42690344326327445,-1.0,STOP
scalper_filtered,1679575500000,2023,0.71993734485909,1679576400000,1679576400000,1971.808,1963.74975,1971.8654999999999,1971.8654999999999,0.007135544317921453,0.007135544317921453,TARGET
scalper_filtered,1679639400000,2023,0.7481098373540166,1679640300000,1679643900000,1987.605,1983.5448214285714,1988.282357142857,1988.282357142857,0.16682939701806007,0.16682939701806007,TARGET
scalper_filtered,1679689800000,2023,0.7282399301819235,1679690700000,1679868000000,1979.098,1972.7626785714285,1979.7296428571428,1979.798,0.09970178534182272,0.11049163138639521,TARGET_GAP
scalper_filtered,1679897700000,2023,0.6624237935379655,1679898600000,1679898600000,1968.045,1965.1026785714287,1969.369642857143,1969.369642857143,0.4502033137100256,0.4502033137100256,TARGET
scalper_filtered,1679924700000,2023,0.8110479037200065,1679925600000,1679926500000,1949.205,1940.5438928571427,1950.5972142857142,1950.5972142857142,0.16074322401870705,0.16074322401870705,TARGET
scalper_filtered,1679979600000,2023,0.7102694589476488,1679980500000,1679980500000,1958.455,1955.4156428571428,1959.0137142857143,1959.0137142857143,0.1838264670630762,0.1838264670630762,TARGET
scalper_filtered,1679992200000,2023,0.659331569487584,1679993100000,1679997600000,1953.035,1948.8009642857141,1955.3230714285714,1955.3230714285714,0.5403996524760623,0.5403996524760623,TARGET
scalper_filtered,1680049800000,2023,0.694880307564917,1680050700000,1680051600000,1971.125,1968.8791607142857,1971.7766785714286,1971.7766785714286,0.2901715076292214,0.2901715076292214,TARGET
scalper_filtered,1680071400000,2023,0.8184420563237724,1680072300000,1680072300000,1962.378,1958.8031428571428,1962.6487142857143,1962.6487142857143,0.07572730179029911,0.07572730179029911,TARGET
scalper_filtered,1680073200000,2023,0.6843551510601119,1680074100000,1680074100000,1960.255,1957.2360357142857,1961.2529285714286,1961.2529285714286,0.33055328814276175,0.33055328814276175,TARGET
scalper_filtered,1680095700000,2023,0.6623978033575963,1680096600000,1680096600000,1963.505,1958.6383392857142,1965.6183214285713,1965.6183214285713,0.43424466027961434,0.43424466027961434,TARGET
scalper_filtered,1680138000000,2023,0.7589344330086691,1680138900000,1680138900000,1958.495,1955.9442857142858,1959.1354285714287,1959.1354285714287,0.25107812937565566,0.25107812937565566,TARGET
scalper_filtered,1680221700000,2023,0.7235248655888692,1680222600000,1680222600000,1978.825,1976.767857142857,1979.1592857142857,1979.1592857142857,0.16249999999997236,0.16249999999997236,TARGET
scalper_filtered,1680240600000,2023,0.7623561789918883,1680241500000,1680241500000,1979.505,1977.0344107142857,1979.7631785714286,1979.7631785714286,0.10450080590949541,0.10450080590949541,TARGET
scalper_filtered,1680249600000,2023,0.6707224850306075,1680250500000,1680250500000,1977.435,1972.4775535714286,1977.899892857143,1977.899892857143,0.09377667794122625,0.09377667794122625,TARGET
scalper_filtered,1680267600000,2023,0.7992863165818432,1680268500000,1680268500000,1978.665,1972.6549107142857,1979.3751785714285,1979.3751785714285,0.11816439617903575,0.11816439617903575,TARGET
scalper_filtered,1680472800000,2023,0.8087879950261949,1680473700000,1680474600000,1963.025,1958.5813392857142,1964.4813214285714,1964.4813214285714,0.32773011312258415,0.32773011312258415,TARGET
scalper_filtered,1680477300000,2023,0.6584230837234148,1680478200000,1680480900000,1960.415,1955.8660892857142,1962.5018214285715,1962.5018214285715,0.4587518990025241,0.4587518990025241,TARGET
scalper_filtered,1680567300000,2023,0.7146233456296698,1680568200000,1680569100000,1984.505,1982.375267857143,1984.8134642857144,1982.375267857143,0.1448371274053668,-1.0,STOP
scalper_filtered,1680606900000,2023,0.7796992336210801,1680607800000,1680607800000,1980.515,1976.8835535714286,1981.4778928571427,1981.4778928571427,0.2651540855915577,0.2651540855915577,TARGET
scalper_filtered,1680703200000,2023,0.7670871888329264,1680704100000,1680704100000,2024.895,2015.6989821428572,2025.1340357142858,2025.1340357142858,0.025993393879738227,0.025993393879738227,TARGET
scalper_filtered,1680705000000,2023,0.7648579003606588,1680705900000,1680705900000,2017.045,2005.9203928571428,2017.8142142857143,2017.8142142857143,0.06914529887090502,0.06914529887090502,TARGET
scalper_filtered,1680741000000,2023,0.7074167604545791,1680741900000,1680741900000,2018.754,2017.3042142857144,2019.4455714285716,2017.3042142857144,0.47701630782898724,-1.0,STOP
scalper_filtered,1680742800000,2023,0.6770246466310861,1680743700000,1680745500000,2014.125,2012.049625,2014.97575,2014.97575,0.4099259170030019,0.4099259170030019,TARGET
scalper_filtered,1680784200000,2023,0.6768631268515323,1680785100000,1680786000000,2013.725,2010.8515714285716,2015.8118571428572,2010.8515714285716,0.7262603161977834,-1.0,STOP
scalper_filtered,1680811200000,2023,0.7009836412522188,1680812100000,1681078500000,2007.205,2004.3364107142856,2008.3521785714286,2001.275,0.3999103591237852,-2.067218207057922,STOP_GAP
scalper_filtered,1681094700000,2023,0.7212368805677534,1681095600000,1681096500000,1991.025,1986.9825,1992.459,1992.459,0.3547309833024026,0.3547309833024026,TARGET
scalper_filtered,1681131600000,2023,0.7532184774641627,1681132500000,1681132500000,1991.075,1984.4925357142856,1991.1599285714285,1991.1599285714285,0.01290224568521843,0.01290224568521843,TARGET
scalper_filtered,1681135200000,2023,0.6931793892207901,1681136100000,1681136100000,1988.725,1982.795875,1991.52025,1991.52025,0.4714439314401666,0.4714439314401666,TARGET
scalper_filtered,1681137000000,2023,0.7298358031061729,1681137900000,1681138800000,1986.115,1978.1660357142857,1988.3029285714288,1988.3029285714288,0.27524699983378426,0.27524699983378426,TARGET
scalper_filtered,1681218000000,2023,0.6728899579459573,1681218900000,1681218900000,1997.698,1993.899964285714,1998.6850714285713,1998.6850714285713,0.25988998072303693,0.25988998072303693,TARGET
scalper_filtered,1681307100000,2023,0.7753261762098329,1681308000000,1681308000000,2007.725,1997.3757857142857,2008.9234285714285,2008.9234285714285,0.11579899095169989,0.11579899095169989,TARGET
scalper_filtered,1681412400000,2023,0.6954871095580294,1681413300000,1681413300000,2038.058,2034.9480357142859,2039.7389285714287,2039.7389285714287,0.5404977089769755,0.5404977089769755,TARGET
scalper_filtered,1681431300000,2023,0.7874275447601463,1681432200000,1681432200000,2039.845,2037.8413392857144,2039.9523214285716,2039.9523214285716,0.053562675460181,0.053562675460181,TARGET
scalper_filtered,1681451100000,2023,0.7702179885899428,1681452000000,1681452000000,2042.624,2037.9502857142859,2042.6444285714288,2042.6444285714288,0.004370949993922558,0.004370949993922558,TARGET
scalper_filtered,1681458300000,2023,0.7280102553569802,1681459200000,1681459200000,2039.065,2034.8026249999998,2039.8797499999998,2034.8026249999998,0.19114930056593543,-1.0,STOP
scalper_filtered,1681473600000,2023,0.6595914149077818,1681474500000,1681474500000,2033.685,2030.1925714285715,2035.7198571428573,2035.7198571428573,0.5826481776905985,0.5826481776905985,TARGET
scalper_filtered,1681484400000,2023,0.682999858736782,1681485300000,1681492500000,1999.005,1988.6128392857145,2003.5263214285715,2003.5263214285715,0.43507039131487807,0.43507039131487807,TARGET
scalper_filtered,1681739100000,2023,0.7532124877004767,1681740000000,1681741800000,1995.775,1989.3054285714284,1997.1431428571427,1989.3054285714284,0.21147349128884596,-1.0,STOP
scalper_filtered,1681742700000,2023,0.7214985782394734,1681743600000,1681743600000,1985.208,1977.7425714285714,1987.4368571428572,1987.4368571428572,0.29855715871253485,0.29855715871253485,TARGET
scalper_filtered,1681776000000,2023,0.7019905237047966,1681776900000,1681776900000,1994.135,1992.476392857143,1994.6412142857143,1994.6412142857143,0.30520445296190435,0.30520445296190435,TARGET
scalper_filtered,1681824600000,2023,0.6956403996594049,1681825500000,1681825500000,1994.398,1989.2370178571427,1995.1109642857143,1995.1109642857143,0.13814507897516248,0.13814507897516248,TARGET
scalper_filtered,1681866900000,2023,0.7082373915087034,1681867800000,1681868700000,2004.244,2001.7606785714286,2004.803642857143,2004.803642857143,0.2253606201372621,0.2253606201372621,TARGET
scalper_filtered,1681869600000,2023,0.6888554288537831,1681870500000,1681870500000,2003.505,2000.6489107142859,2004.2641785714286,2004.2641785714286,0.26581051762835267,0.26581051762835267,TARGET
scalper_filtered,1681899300000,2023,0.6569270539979043,1681900200000,1681907400000,1973.985,1968.1614464285713,1977.292107142857,1977.292107142857,0.5678847291939382,0.5678847291939382,TARGET
scalper_filtered,1681952400000,2023,0.6725225268829507,1681953300000,1681953300000,1993.535,1991.0300178571429,1994.1949642857144,1994.1949642857144,0.2634606747980771,0.2634606747980771,TARGET
scalper_filtered,1682040600000,2023,0.7436948950448843,1682041500000,1682042400000,2002.578,1998.8629464285714,2003.309107142857,2003.309107142857,0.1967958547031085,0.1967958547031085,TARGET
scalper_filtered,1682085600000,2023,0.6558596817891618,1682086500000,1682086500000,1977.975,1967.3951964285716,1979.7546071428574,1979.7546071428574,0.16820795687203874,0.16820795687203874,TARGET
scalper_filtered,1682301600000,2023,0.7551624413176016,1682302500000,1682302500000,1980.975,1976.966375,1981.04225,1981.04225,0.016776326046976018,0.016776326046976018,TARGET
scalper_filtered,1682338500000,2023,0.7471553022822394,1682339400000,1682340300000,1983.805,1979.2884107142859,1983.9881785714285,1983.9881785714285,0.040556836108135375,0.040556836108135375,TARGET
scalper_filtered,1682343000000,2023,0.6930366103999325,1682343900000,1682343900000,1977.665,1972.9914285714287,1978.372142857143,1978.372142857143,0.15130674002755315,0.15130674002755315,TARGET
scalper_filtered,1682420400000,2023,0.7592856606665844,1682421300000,1682423100000,1981.825,1977.7520714285715,1983.3108571428572,1977.7520714285715,0.3648129636449879,-1.0,STOP
scalper_filtered,1682424000000,2023,0.7802615000139959,1682424900000,1682424900000,1979.175,1974.0223035714287,1980.000392857143,1980.000392857143,0.16018658746637543,0.16018658746637543,TARGET
scalper_filtered,1682508600000,2023,0.7057938617978458,1682509500000,1682509500000,1993.305,1989.4540892857144,1994.9468214285714,1994.9468214285714,0.42634627244945345,0.42634627244945345,TARGET
scalper_filtered,1682575200000,2023,0.6579535596573274,1682576100000,1682576100000,1998.674,1995.6455178571427,2000.2639642857143,2000.2639642857143,0.5250036852501642,0.5250036852501642,TARGET
scalper_filtered,1682589600000,2023,0.742132146074968,1682590500000,1682590500000,1998.575,1994.2141785714286,1998.935642857143,1998.935642857143,0.08270067074520565,0.08270067074520565,TARGET
scalper_filtered,1682598600000,2023,0.7125324274963735,1682599500000,1682599500000,1983.835,1979.194375,1986.64525,1986.64525,0.6055757575757568,0.6055757575757568,TARGET
scalper_filtered,1682638200000,2023,0.714053742501839,1682639100000,1682643600000,1987.065,1985.490875,1987.75325,1985.490875,0.43722703089010345,-1.0,STOP
scalper_filtered,1682669700000,2023,0.6752918039428814,1682670600000,1682670600000,1981.685,1977.7588928571429,1983.3572142857142,1983.3572142857142,0.4259217145300331,0.4259217145300331,TARGET
scalper_filtered,1682911800000,2023,0.6921728816093105,1682912700000,1682912700000,1981.595,1979.442125,1982.66075,1982.66075,0.495035708064789,0.495035708064789,TARGET
scalper_filtered,1683014400000,2023,0.6927389547692148,1683015300000,1683016200000,1980.398,1977.2154642857142,1981.3030714285715,1981.3030714285715,0.2843868882629931,0.2843868882629931,TARGET
scalper_filtered,1683090000000,2023,0.8201723721089883,1683090900000,1683095400000,2016.345,2014.0445178571429,2016.5659642857142,2016.5659642857142,0.09605129359525603,0.09605129359525603,TARGET
scalper_filtered,1683138600000,2023,0.7429596260823451,1683139500000,1683139500000,2021.495,2013.6789821428572,2023.3570357142858,2023.3570357142858,0.23823329837766918,0.23823329837766918,TARGET
scalper_filtered,1683168300000,2023,0.7337002804555892,1683169200000,1683174600000,2043.445,2035.5581607142858,2043.9186785714285,2043.9186785714285,0.06005936653058676,0.06005936653058676,TARGET
scalper_filtered,1683180900000,2023,0.7155380362647376,1683181800000,1683182700000,2038.505,2034.8679285714286,2039.929142857143,2039.929142857143,0.3915630707594429,0.3915630707594429,TARGET
scalper_filtered,1683185400000,2023,0.7314067747616719,1683186300000,1683186300000,2033.125,2028.1026964285713,2034.4366071428572,2034.4366071428572,0.2611564841119412,0.2611564841119412,TARGET
scalper_filtered,1683253800000,2023,0.7210807287851637,1683254700000,1683254700000,2047.515,2044.1296964285714,2047.9256071428572,2047.9256071428572,0.12129108488896827,0.12129108488896827,TARGET
scalper_filtered,1683277200000,2023,0.7061923457303741,1683278100000,1683282600000,2039.795,2036.8379642857144,2041.8390714285715,2036.8379642857144,0.6912569295989143,-1.0,STOP
scalper_filtered,1683289800000,2023,0.6615781395182058,1683290700000,1683290700000,2008.345,2004.7226428571428,2013.3697142857143,2013.3697142857143,1.3871393922662314,1.3871393922662314,TARGET
scalper_filtered,1683295200000,2023,0.692384753895279,1683296100000,1683296100000,2003.855,1995.0862499999998,2008.1924999999999,2008.1924999999999,0.4946543121881424,0.4946543121881424,TARGET
scalper_filtered,1683532800000,2023,0.758042746975937,1683533700000,1683534600000,2021.915,2018.6494107142858,2022.4131785714285,2022.4131785714285,0.15255395821142556,0.15255395821142556,TARGET
scalper_filtered,1683552600000,2023,0.7545254400948285,1683553500000,1683553500000,2020.894,2016.0521607142857,2021.3076785714286,2021.3076785714286,0.08543831114947122,0.08543831114947122,TARGET
scalper_filtered,1683669600000,2023,0.7657970552215047,1683670500000,1683670500000,2034.914,2032.8341785714285,2035.233642857143,2035.233642857143,0.1536876448871532,0.1536876448871532,TARGET
scalper_filtered,1683693900000,2023,0.7541566170454654,1683694800000,1683694800000,2030.625,2028.801875,2031.38825,2031.38825,0.4186492972231836,0.4186492972231836,TARGET
scalper_filtered,1683781200000,2023,0.77773714854487,1683782100000,1683782100000,2031.305,2029.000982142857,2031.8300357142857,2031.8300357142857,0.22787831815535617,0.22787831815535617,TARGET
scalper_filtered,1683858600000,2023,0.7207111733616343,1683859500000,1683859500000,2010.495,2007.3813035714286,2011.1993928571428,2011.1993928571428,0.22622399880714328,0.22622399880714328,TARGET
scalper_filtered,1684148400000,2023,0.7969785414970194,1684149300000,1684149300000,2014.364,2010.9457678571428,2014.8104642857143,2014.8104642857143,0.13061262870842688,0.13061262870842688,TARGET
scalper_filtered,1684152900000,2023,0.6620563219684488,1684153800000,1684153800000,2013.544,2010.069982142857,2014.1320357142856,2014.1320357142856,0.16926675062318497,0.16926675062318497,TARGET
scalper_filtered,1684177200000,2023,0.6714796166579101,1684178100000,1684196100000,2015.455,2013.1578035714285,2016.7193928571428,2014.265,0.5504069401366688,-0.5180227451162617,16BAR_TIMEOUT
scalper_filtered,1684215000000,2023,0.8289263503310363,1684215900000,1684215900000,2014.224,2011.7924821428571,2014.3470357142858,2014.3470357142858,0.05060037454563826,0.05060037454563826,TARGET
scalper_filtered,1684314000000,2023,0.7198199643082527,1684314900000,1684318500000,1985.774,1982.6970178571428,1986.8609642857143,1986.8609642857143,0.35325661159188226,0.35325661159188226,TARGET
scalper_filtered,1684327500000,2023,0.7571627709697929,1684328400000,1684328400000,1984.814,1980.187142857143,1984.9777142857145,1984.9777142857145,0.03538347536126551,0.03538347536126551,TARGET
scalper_filtered,1684394100000,2023,0.768839694420814,1684395000000,1684395000000,1977.994,1974.6543749999998,1978.49625,1978.49625,0.1503911367294212,0.1503911367294212,TARGET
scalper_filtered,1684397700000,2023,0.7700517377918364,1684398600000,1684398600000,1975.474,1970.3516785714287,1975.5186428571428,1975.5186428571428,0.008715356458085797,0.008715356458085797,TARGET
scalper_filtered,1684409400000,2023,0.7564557905297805,1684410300000,1684410300000,1976.225,1972.422017857143,1976.4509642857142,1976.4509642857142,0.05941765625661618,0.05941765625661618,TARGET
scalper_filtered,1684416600000,2023,0.7241317373842909,1684417500000,1684418400000,1959.865,1954.1786071428573,1961.0767857142857,1961.0767857142857,0.21310270759143973,0.21310270759143973,TARGET
scalper_filtered,1684422900000,2023,0.7056959748962104,1684423800000,1684425600000,1954.745,1948.987,1957.681,1957.681,0.5098992705801052,0.5098992705801052,TARGET
scalper_filtered,1684458900000,2023,0.8139537055414243,1684459800000,1684459800000,1957.005,1954.1830178571429,1957.2759642857143,1954.1830178571429,0.09601913548603236,-1.0,STOP
scalper_filtered,1684735200000,2023,0.702480500129494,1684736100000,1684736100000,1972.615,1969.9880714285714,1973.4588571428571,1973.4588571428571,0.32123337955786746,0.32123337955786746,TARGET
scalper_filtered,1684803600000,2023,0.7421827309082232,1684804500000,1684805400000,1966.605,1964.3379464285715,1967.2091071428572,1964.3379464285715,0.26647237210037206,-1.0,STOP
scalper_filtered,1684819800000,2023,0.7152072556852105,1684820700000,1684821600000,1961.085,1958.236892857143,1962.0712142857144,1962.0712142857144,0.3462700791252691,0.3462700791252691,TARGET
scalper_filtered,1684828800000,2023,0.667681227373876,1684829700000,1684829700000,1956.405,1952.2170892857143,1957.8178214285715,1957.8178214285715,0.33735710356769844,0.33735710356769844,TARGET
scalper_filtered,1684893600000,2023,0.6748821798581744,1684894500000,1684895400000,1973.915,1971.6253214285714,1974.774357142857,1974.774357142857,0.3753178081764289,0.3753178081764289,TARGET
scalper_filtered,1684945800000,2023,0.6640256208251937,1684946700000,1684948500000,1959.875,1953.5169285714287,1962.6101428571428,1962.6101428571428,0.43018435509420283,0.43018435509420283,TARGET
scalper_filtered,1684965600000,2023,0.6681172106558394,1684966500000,1684967400000,1958.765,1954.3739107142858,1959.5641785714286,1959.5641785714286,0.18200007320016282,0.18200007320016282,TARGET
scalper_filtered,1684993500000,2023,0.7089219331442624,1684994400000,1684994400000,1955.865,1953.8786964285714,1956.747607142857,1956.747607142857,0.4443465518325942,0.4443465518325942,TARGET
scalper_filtered,1685016900000,2023,0.6828148648305633,1685017800000,1685017800000,1959.694,1956.727625,1960.7697500000002,1956.727625,0.3626480131474304,-1.0,STOP
scalper_filtered,1685058300000,2023,0.7609416416806478,1685059200000,1685059200000,1940.475,1938.299517857143,1941.4059642857144,1941.4059642857144,0.42793469427972364,0.42793469427972364,TARGET
scalper_filtered,1685112300000,2023,0.6670269882397936,1685113200000,1685117700000,1942.025,1935.8035,1944.628,1944.628,0.4183878485895353,0.4183878485895353,TARGET
scalper_filtered,1685343600000,2023,0.8268475585843796,1685344500000,1685344500000,1946.255,1944.1232678571428,1946.5884642857143,1946.5884642857143,0.15642879281596825,0.15642879281596825,TARGET
scalper_filtered,1685345400000,2023,0.667045914249891,1685346300000,1685347200000,1945.065,1943.1705892857144,1945.9138214285715,1943.1705892857144,0.4480662098089616,-1.0,STOP
scalper_filtered,1685379600000,2023,0.6843575129837499,1685380500000,1685401200000,1943.645,1941.8162499999999,1944.3925,1941.8162499999999,0.4087491455911926,-1.0,STOP
scalper_filtered,1685419200000,2023,0.7066834838242473,1685420100000,1685421000000,1939.515,1936.6301607142857,1940.2746785714287,1940.2746785714287,0.2633347982989861,0.2633347982989861,TARGET
scalper_filtered,1685473200000,2023,0.693868198517638,1685474100000,1685475000000,1958.765,1956.5480178571427,1959.8479642857142,1959.8479642857142,0.48848579552303234,0.48848579552303234,TARGET
scalper_filtered,1685500200000,2023,0.7632668193719675,1685501100000,1685501100000,1955.605,1952.3401071428573,1955.8137857142858,1955.8137857142858,0.06394871850971358,0.06394871850971358,TARGET
scalper_filtered,1685520000000,2023,0.6582622186955697,1685520900000,1685520900000,1957.865,1953.5715535714285,1959.2188928571427,1959.2188928571427,0.3153394084838113,0.3153394084838113,TARGET
scalper_filtered,1685528100000,2023,0.776449719048328,1685529000000,1685529000000,1957.055,1953.197767857143,1958.0794642857143,1958.0794642857143,0.26559570380313213,0.26559570380313213,TARGET
scalper_filtered,1685554200000,2023,0.7600892807282574,1685555100000,1685555100000,1967.915,1960.377,1968.1709999999998,1968.1709999999998,0.033961262934446505,0.033961262934446505,TARGET
scalper_filtered,1685601000000,2023,0.7085830350017522,1685601900000,1685602800000,1961.735,1959.354607142857,1962.5357857142856,1959.354607142857,0.33640905612817085,-1.0,STOP
scalper_filtered,1685738700000,2023,0.6628224568662916,1685916000000,1685916000000,1947.045,1946.3069642857142,1948.8780714285715,1948.8780714285715,2.4837164287438216,2.4837164287438216,TARGET
scalper_filtered,1685932200000,2023,0.703083730817753,1685933100000,1685935800000,1945.444,1942.6539285714287,1946.4371428571428,1946.4371428571428,0.3559560687130537,0.3559560687130537,TARGET
scalper_filtered,1685942100000,2023,0.6778119321610954,1685943000000,1685943000000,1944.285,1941.5909464285714,1945.3531071428572,1945.3531071428572,0.3964684125752946,0.3964684125752946,TARGET
scalper_filtered,1686015900000,2023,0.6898928912477075,1686016800000,1686016800000,1960.405,1957.9514285714286,1960.6321428571428,1960.6321428571428,0.0925764192139428,0.0925764192139428,TARGET
scalper_filtered,1686059100000,2023,0.683702845475171,1686060000000,1686060000000,1957.095,1952.17675,1958.4115,1958.4115,0.26767651095408335,0.26767651095408335,TARGET
scalper_filtered,1686119400000,2023,0.6639422213857369,1686120300000,1686121200000,1958.785,1956.5005714285712,1959.453857142857,1956.5005714285712,0.2927896942028677,-1.0,STOP
scalper_filtered,1686150000000,2023,0.6711409378483184,1686150900000,1686151800000,1958.015,1952.9185357142858,1960.7379285714287,1952.9185357142858,0.5342779658166418,-1.0,STOP
scalper_filtered,1686168000000,2023,0.7498412162182554,1686168900000,1686175200000,1941.235,1938.4848214285714,1942.2953571428573,1942.2953571428573,0.38555937926117756,0.38555937926117756,TARGET
scalper_filtered,1686223800000,2023,0.7274902539300863,1686224700000,1686225600000,1946.215,1943.6799107142858,1947.2051785714286,1947.2051785714286,0.3905892297398106,0.3905892297398106,TARGET
scalper_filtered,1686285000000,2023,0.6975856605117494,1686285900000,1686286800000,1962.918,1961.4313750000001,1963.8512500000002,1963.8512500000002,0.6277642310605643,0.6277642310605643,TARGET
scalper_filtered,1686520800000,2023,0.7413346356907897,1686521700000,1686521700000,1960.034,1957.9963214285713,1960.2993571428572,1960.2993571428572,0.13022522127765448,0.13022522127765448,TARGET
scalper_filtered,1686524400000,2023,0.7395563846954156,1686525300000,1686525300000,1958.705,1957.1399107142859,1959.2521785714287,1959.2521785714287,0.34961492384064374,0.34961492384064374,TARGET
scalper_filtered,1686536100000,2023,0.6928987523638139,1686537000000,1686541500000,1955.775,1953.7560892857143,1956.9718214285715,1956.9718214285715,0.5928055263180931,0.5928055263180931,TARGET
scalper_filtered,1686568500000,2023,0.7348875265885082,1686569400000,1686569400000,1963.335,1960.2485,1964.258,1964.258,0.29904422485014337,0.29904422485014337,TARGET
scalper_filtered,1686573000000,2023,0.7434122032134461,1686573900000,1686573900000,1962.825,1959.6065,1963.661,1963.661,0.2597483299673842,0.2597483299673842,TARGET
scalper_filtered,1686577500000,2023,0.7046666307237623,1686578400000,1686578400000,1952.005,1947.0372142857143,1953.3005714285714,1953.3005714285714,0.260794547728907,0.260794547728907,TARGET
scalper_filtered,1686618900000,2023,0.8305705826439957,1686619800000,1686619800000,1958.538,1956.0640535714285,1958.6468928571428,1958.6468928571428,0.044015850903315196,0.044015850903315196,TARGET
scalper_filtered,1686658500000,2023,0.8103608790672584,1686659400000,1686659400000,1959.604,1955.72,1959.815,1955.72,0.054325437693102975,-1.0,STOP_BOTH
scalper_filtered,1686682800000,2023,0.6904646785479035,1686683700000,1686685500000,1941.675,1938.3096428571428,1943.1857142857143,1943.1857142857143,0.44890162368673864,0.44890162368673864,TARGET
scalper_filtered,1686720600000,2023,0.7722416240204407,1686721500000,1686721500000,1947.455,1945.1782857142857,1947.7484285714286,1947.7484285714286,0.12888247474434422,0.12888247474434422,TARGET
scalper_filtered,1686722400000,2023,0.729676037376696,1686723300000,1686723300000,1946.805,1944.3757857142857,1947.2834285714287,1947.2834285714287,0.19694786674116083,0.19694786674116083,TARGET
scalper_filtered,1686726000000,2023,0.67074867083944,1686726900000,1686726900000,1946.205,1944.0063214285715,1947.362357142857,1947.362357142857,0.526387602943341,0.526387602943341,TARGET
scalper_filtered,1686762000000,2023,0.7229551523677014,1686762900000,1686765600000,1955.495,1952.5266607142855,1956.9316785714284,1952.5266607142855,0.48400079409478575,-1.0,STOP
scalper_filtered,1686945600000,2023,0.6970939470568921,1686946500000,1686947400000,1956.305,1953.988875,1957.18725,1957.18725,0.3809164013167959,0.3809164013167959,TARGET
scalper_filtered,1687176000000,2023,0.7723597975403779,1687176900000,1687176900000,1949.655,1946.6039821428571,1949.8470357142858,1949.8470357142858,0.06294152419862557,0.06294152419862557,TARGET
scalper_filtered,1687191300000,2023,0.6775510159425059,1687192200000,1687212000000,1951.255,1949.094410714286,1951.8861785714287,1951.8861785714287,0.29213260271256214,0.29213260271256214,TARGET
scalper_filtered,1687225500000,2023,0.6921449709947773,1687226400000,1687226400000,1946.885,1943.6971071428572,1947.6207857142858,1947.6207857142858,0.23080628718033902,0.23080628718033902,TARGET
scalper_filtered,1687269600000,2023,0.6656474231441485,1687270500000,1687272300000,1933.035,1927.4550892857142,1934.7838214285714,1934.7838214285714,0.3134138731098177,0.3134138731098177,TARGET
scalper_filtered,1687298400000,2023,0.6705260893246044,1687299300000,1687299300000,1936.735,1934.207357142857,1937.3772857142856,1937.3772857142856,0.25410461468899176,0.25410461468899176,TARGET
scalper_filtered,1687312800000,2023,0.8078118444303634,1687313700000,1687313700000,1937.135,1934.2825357142858,1937.4399285714287,1937.4399285714287,0.10690004883001451,0.10690004883001451,TARGET
scalper_filtered,1687323600000,2023,0.7566472232381358,1687324500000,1687324500000,1935.645,1933.083125,1936.0857500000002,1936.0857500000002,0.17204196145410267,0.17204196145410267,TARGET
scalper_filtered,1687349700000,2023,0.7041219359724964,1687350600000,1687350600000,1929.645,1925.7021964285716,1930.5106071428572,1930.5106071428572,0.21954102637267675,0.21954102637267675,TARGET
scalper_filtered,1687354200000,2023,0.7716151933504634,1687355100000,1687355100000,1923.755,1916.432267857143,1924.3604642857142,1924.3604642857142,0.08268283939686329,0.08268283939686329,TARGET
scalper_filtered,1687410900000,2023,0.8006615731970752,1687411800000,1687411800000,1929.465,1927.027857142857,1929.5992857142858,1929.5992857142858,0.05509964830017466,0.05509964830017466,TARGET
scalper_filtered,1687418100000,2023,0.7430465910222881,1687419000000,1687419000000,1929.165,1925.6172142857142,1929.6305714285713,1929.6305714285713,0.1312287342205214,0.1312287342205214,TARGET
scalper_filtered,1687436100000,2023,0.7666313380293512,1687437000000,1687437000000,1926.075,1922.0342321428573,1926.6565357142858,1926.6565357142858,0.14391713031913558,0.14391713031913558,TARGET
scalper_filtered,1687444200000,2023,0.7153295981470388,1687445100000,1687447800000,1920.195,1912.8115535714285,1921.2218928571428,1912.8115535714285,0.13908042363105402,-1.0,STOP
scalper_filtered,1687484700000,2023,0.7170558995617555,1687485600000,1687485600000,1912.085,1909.9302321428572,1912.4645357142858,1912.4645357142858,0.17613763497894924,0.17613763497894924,TARGET
scalper_filtered,1687804200000,2023,0.7181964947772917,1687805100000,1687822200000,1924.155,1921.8621607142857,1925.2006785714284,1921.8621607142857,0.4560627419215978,-1.0,STOP
scalper_filtered,1687845600000,2023,0.7057636807563075,1687846500000,1687846500000,1925.525,1923.065642857143,1926.0337142857143,1926.0337142857143,0.20684847956779784,0.20684847956779784,TARGET
scalper_filtered,1687860900000,2023,0.712228302831605,1687861800000,1687863600000,1924.035,1921.54375,1924.8175,1921.54375,0.3140993477170159,-1.0,STOP
scalper_filtered,1687937400000,2023,0.7052729298874166,1687938300000,1687938300000,1910.165,1907.9506071428573,1911.2937857142856,1911.2937857142856,0.5097495282486398,0.5097495282486398,TARGET
scalper_filtered,1687955400000,2023,0.6943250450936611,1687956300000,1687956300000,1907.525,1904.13,1908.2340000000002,1908.2340000000002,0.20883652430046062,0.20883652430046062,TARGET
scalper_filtered,1687957200000,2023,0.7591225592702482,1687958100000,1687958100000,1906.455,1902.922410714286,1907.0101785714287,1907.0101785714287,0.15715910526987606,0.15715910526987606,TARGET
scalper_filtered,1688008500000,2023,0.6757908120296837,1688009400000,1688010300000,1904.415,1901.3895535714285,1905.1648928571428,1905.1648928571428,0.24786188579016924,0.24786188579016924,TARGET
scalper_filtered,1688041800000,2023,0.7990562209066625,1688042700000,1688042700000,1900.055,1896.3598928571428,1901.7152142857142,1896.3598928571428,0.4493007161979974,-1.0,STOP
scalper_filtered,1688066100000,2023,0.6808269455018087,1688067000000,1688067000000,1907.365,1904.9834107142858,1908.3781785714286,1908.3781785714286,0.42542119982908383,0.42542119982908383,TARGET
scalper_filtered,1688099400000,2023,0.6755881576332702,1688100300000,1688101200000,1907.675,1905.9262678571429,1908.5624642857144,1908.5624642857144,0.5074901203934793,0.5074901203934793,TARGET
scalper_filtered,1688105700000,2023,0.7678600516775801,1688106600000,1688106600000,1905.085,1902.6196607142858,1905.4856785714287,1905.4856785714287,0.16252471769320556,0.16252471769320556,TARGET
scalper_filtered,1688341500000,2023,0.6677566192861841,1688342400000,1688343300000,1918.125,1916.338875,1918.6822499999998,1918.6822499999998,0.3119882427040738,0.3119882427040738,TARGET
scalper_filtered,1688372100000,2023,0.7412827481172594,1688373000000,1688373000000,1912.465,1908.5466428571428,1912.8017142857143,1912.8017142857143,0.08593251544928426,0.08593251544928426,TARGET
scalper_filtered,1688425200000,2023,0.7215911623058728,1688426100000,1688428800000,1920.665,1918.7762500000001,1921.3795,1921.3795,0.37829252150898857,0.37829252150898857,TARGET
scalper_filtered,1688490000000,2023,0.6678441109859737,1688490900000,1688492700000,1924.665,1923.1699821428572,1925.4050357142858,1925.4050357142858,0.4950012541657001,0.4950012541657001,TARGET
scalper_filtered,1688568300000,2023,0.7061591095759121,1688569200000,1688570100000,1922.585,1916.5170714285716,1924.0108571428573,1924.0108571428573,0.23498251933469744,0.23498251933469744,TARGET
scalper_filtered,1688583600000,2023,0.6665704472081524,1688584500000,1688584500000,1916.555,1913.7620000000002,1917.731,1917.731,0.4210526315789388,0.4210526315789388,TARGET
scalper_filtered,1688631300000,2023,0.7024234379858596,1688632200000,1688633100000,1917.905,1915.574232142857,1918.6755357142856,1918.6755357142856,0.33059307554985595,0.33059307554985595,TARGET
scalper_filtered,1688645700000,2023,0.8498848758786471,1688646600000,1688646600000,1910.315,1905.1642321428571,1911.9465357142858,1905.1642321428571,0.3167558235075938,-1.0,STOP
scalper_filtered,1688647500000,2023,0.7348206661822924,1688648400000,1688648400000,1906.165,1899.705892857143,1908.1032142857143,1908.1032142857143,0.30007464543420836,0.30007464543420836,TARGET
scalper_filtered,1688959800000,2023,0.6766160895897448,1688960700000,1688964300000,1923.565,1921.3606785714285,1924.5836428571429,1921.3606785714285,0.46211176098892,-1.0,STOP
scalper_filtered,1688967000000,2023,0.677660120056111,1688967900000,1688967900000,1920.685,1918.6615535714286,1921.311892857143,1921.311892857143,0.3098144078791696,0.3098144078791696,TARGET
scalper_filtered,1688968800000,2023,0.655307866172253,1688969700000,1688969700000,1920.125,1918.4073214285715,1921.0703571428573,1921.0703571428573,0.5503690612331339,0.5503690612331339,TARGET
scalper_filtered,1689026400000,2023,0.7630577326354442,1689027300000,1689034500000,1925.355,1923.4609107142858,1925.7621785714286,1925.7621785714286,0.21497327211535713,0.21497327211535713,TARGET
scalper_filtered,1689078600000,2023,0.7156039825451532,1689079500000,1689079500000,1931.685,1927.8945714285715,1932.395857142857,1932.395857142857,0.18754004447291153,0.18754004447291153,TARGET
scalper_filtered,1689199200000,2023,0.7281913236105512,1689200100000,1689200100000,1957.265,1954.9510178571427,1957.2699642857142,1957.2699642857142,0.0021453431390637745,0.0021453431390637745,TARGET
scalper_filtered,1689224400000,2023,0.8176314160700788,1689225300000,1689225300000,1957.175,1954.0685357142856,1957.4779285714285,1957.4779285714285,0.09751554937283999,0.09751554937283999,TARGET
scalper_filtered,1689251400000,2023,0.8161329488490756,1689252300000,1689252300000,1954.835,1950.5869642857142,1955.5610714285713,1955.5610714285713,0.17091933246453317,0.17091933246453317,TARGET
scalper_filtered,1689292800000,2023,0.7754734633684636,1689293700000,1689294600000,1960.175,1958.6740535714287,1960.536892857143,1958.6740535714287,0.24110977597476427,-1.0,STOP
scalper_filtered,1689295500000,2023,0.7615871345616726,1689296400000,1689297300000,1959.275,1957.5600357142857,1959.6239285714287,1959.6239285714287,0.2034611299693875,0.2034611299693875,TARGET
scalper_filtered,1689310800000,2023,0.731563802210224,1689311700000,1689312600000,1960.965,1958.6560535714286,1961.382892857143,1958.6560535714286,0.1809885461056661,-1.0,STOP
scalper_filtered,1689339600000,2023,0.7015467071434026,1689340500000,1689341400000,1956.395,1952.7838214285714,1957.4673571428573,1957.4673571428573,0.2969548920515097,0.2969548920515097,TARGET
scalper_filtered,1689578100000,2023,0.7224518226630938,1689579000000,1689579000000,1952.185,1949.2946428571427,1952.8657142857141,1952.8657142857141,0.23551217101194546,0.23551217101194546,TARGET
scalper_filtered,1689631200000,2023,0.7157760024268318,1689632100000,1689633000000,1954.705,1952.917892857143,1954.8262142857143,1954.8262142857143,0.06782709486605325,0.06782709486605325,TARGET
scalper_filtered,1689723900000,2023,0.7264134569687838,1689724800000,1689726600000,1977.355,1976.1145,1977.856,1977.856,0.40386940749692185,0.40386940749692185,TARGET
scalper_filtered,1689766200000,2023,0.6899216194483072,1689767100000,1689768000000,1973.035,1970.3815535714286,1973.841892857143,1973.841892857143,0.304092386586187,0.304092386586187,TARGET
scalper_filtered,1689839100000,2023,0.6571321157118842,1689840000000,1689840000000,1979.145,1976.3744464285714,1980.636107142857,1980.636107142857,0.5381982713614456,0.5381982713614456,TARGET
scalper_filtered,1689851700000,2023,0.6950510045181482,1689852600000,1689853500000,1981.315,1977.8696607142858,1981.9146785714286,1981.9146785714286,0.17405501220591627,0.17405501220591627,TARGET
scalper_filtered,1689869700000,2023,0.6802058583549072,1689870600000,1689877800000,1967.455,1962.509642857143,1970.8957142857143,1970.8957142857143,0.6957463710551648,0.6957463710551648,TARGET
scalper_filtered,1689906600000,2023,0.7817959882100837,1689907500000,1689914700000,1971.755,1969.5586428571428,1972.0677142857141,1969.5586428571428,0.14237861393853976,-1.0,STOP
scalper_filtered,1689918300000,2023,0.825378902786452,1689919200000,1689919200000,1969.188,1967.246232142857,1969.4925357142856,1969.4925357142856,0.15683425449918836,0.15683425449918836,TARGET
scalper_filtered,1689927300000,2023,0.7741330878704733,1689928200000,1689928200000,1963.635,1960.2151607142857,1964.0846785714286,1964.0846785714286,0.131491141501034,0.131491141501034,TARGET
scalper_filtered,1689945300000,2023,0.7029905904425315,1689946200000,1689946200000,1961.265,1956.6507142857142,1961.7935714285713,1961.7935714285713,0.11455108359128657,0.11455108359128657,TARGET
scalper_filtered,1689948900000,2023,0.6693168638933104,1689949800000,1689949800000,1960.715,1955.8009107142857,1962.2331785714284,1962.2331785714284,0.3089440348269641,0.3089440348269641,TARGET
scalper_filtered,1689951600000,2023,0.7760779892218803,1689952500000,1689953400000,1960.765,1954.122642857143,1961.7887142857144,1961.7887142857144,0.15411912724613863,0.15411912724613863,TARGET
scalper_filtered,1690161300000,2023,0.6707248501114353,1690162200000,1690162200000,1959.965,1958.1657321428572,1960.7135357142859,1960.7135357142859,0.41602239005960934,0.41602239005960934,TARGET
scalper_filtered,1690178400000,2023,0.770138683461125,1690179300000,1690179300000,1959.355,1956.7838928571427,1959.6372142857142,1959.6372142857142,0.10976372046501531,0.10976372046501531,TARGET
scalper_filtered,1690205400000,2023,0.7677897017669725,1690206300000,1690206300000,1962.924,1959.0604821428572,1963.7840357142857,1959.0604821428572,0.2226043067707486,-1.0,STOP_BOTH
scalper_filtered,1690209000000,2023,0.6604653279817508,1690209900000,1690209900000,1959.885,1954.7155535714285,1961.343892857143,1961.343892857143,0.28221452283161896,0.28221452283161896,TARGET
scalper_filtered,1690240500000,2023,0.7341717055636223,1690241400000,1690242300000,1953.865,1952.5203571428572,1954.3942857142858,1954.3942857142858,0.39362549800806085,0.39362549800806085,TARGET
scalper_filtered,1690269300000,2023,0.7612574915500556,1690270200000,1690272000000,1961.295,1958.4532142857142,1961.9985714285715,1961.9985714285715,0.247580746512492,0.247580746512492,TARGET
scalper_filtered,1690379100000,2023,0.7392610269029286,1690380000000,1690380000000,1966.515,1962.1820892857145,1966.9908214285715,1966.9908214285715,0.10981565509822833,0.10981565509822833,TARGET
scalper_filtered,1690435800000,2023,0.7139834926621194,1690436700000,1690438500000,1975.975,1973.97975,1976.8754999999999,1973.97975,0.4513218894875287,-1.0,STOP
scalper_filtered,1690451100000,2023,0.6924613677305859,1690452000000,1690455600000,1975.238,1971.6611785714285,1977.0126428571427,1977.0126428571427,0.49615081227340496,0.49615081227340496,TARGET
scalper_filtered,1690467300000,2023,0.6942552232283643,1690468200000,1690482600000,1945.895,1938.7228392857144,1950.2793214285716,1944.908,0.6112971534280995,-0.1376154326874131,16BAR_TIMEOUT
scalper_filtered,1690571700000,2023,0.7151106942889502,1690572600000,1690754400000,1958.845,1956.328375,1959.4682500000001,1959.4682500000001,0.24765310683955857,0.24765310683955857,TARGET
scalper_filtered,1690758000000,2023,0.8396673309731351,1690758900000,1690758900000,1958.765,1956.4114642857141,1958.7890714285713,1958.7890714285713,0.010227772803751993,0.010227772803751993,TARGET
scalper_filtered,1690764300000,2023,0.7406969723392897,1690765200000,1690765200000,1958.155,1955.4149642857144,1958.1750714285715,1958.1750714285715,0.007325243414496241,0.007325243414496241,TARGET
scalper_filtered,1690776900000,2023,0.7003451613205014,1690777800000,1690778700000,1954.895,1952.225357142857,1955.7642857142857,1955.7642857142857,0.3256187290970001,0.3256187290970001,TARGET
scalper_filtered,1690830900000,2023,0.7197519816883713,1690831800000,1690832700000,1966.225,1964.3096071428572,1966.9057857142857,1964.3096071428572,0.35542876321536465,-1.0,STOP
scalper_filtered,1690857900000,2023,0.7681229542874579,1690858800000,1690858800000,1960.435,1958.113732142857,1960.5175357142857,1960.5175357142857,0.035556307744405595,0.035556307744405595,TARGET
scalper_filtered,1690870500000,2023,0.7290161531942826,1690871400000,1690871400000,1957.395,1954.65925,1957.8564999999999,1957.8564999999999,0.16869231472169544,0.16869231472169544,TARGET
scalper_filtered,1690895700000,2023,0.8100458165140905,1690896600000,1690896600000,1948.295,1942.342357142857,1948.5902857142858,1948.5902857142858,0.04960581734403023,0.04960581734403023,TARGET
scalper_filtered,1690941600000,2023,0.6781598240168903,1690942500000,1690951500000,1949.048,1945.735892857143,1949.7232142857142,1945.735892857143,0.20386245268979364,-1.0,STOP
scalper_filtered,1691031600000,2023,0.7976151324613564,1691032500000,1691032500000,1935.465,1932.8074642857143,1935.7700714285716,1935.7700714285716,0.1147948555993904,0.1147948555993904,TARGET
scalper_filtered,1691038800000,2023,0.7345215764964861,1691039700000,1691039700000,1934.225,1931.6903750000001,1934.97425,1934.97425,0.29560585885491547,0.29560585885491547,TARGET
scalper_filtered,1691059500000,2023,0.6823393602158796,1691060400000,1691061300000,1934.305,1931.3253392857143,1935.7043214285716,1935.7043214285716,0.46962441792872067,0.46962441792872067,TARGET
scalper_filtered,1691145000000,2023,0.724382148113609,1691145900000,1691145900000,1932.455,1930.1890892857143,1933.0268214285713,1933.0268214285713,0.2523583232853433,0.2523583232853433,TARGET
scalper_filtered,1691173800000,2023,0.6906891673109277,1691174700000,1691177400000,1940.755,1938.6626428571428,1941.9097142857142,1941.9097142857142,0.5518724609973995,0.5518724609973995,TARGET
scalper_filtered,1691379900000,2023,0.6609174479774041,1691380800000,1691386200000,1939.225,1937.1534285714285,1940.005142857143,1937.1534285714285,0.3765947176058211,-1.0,STOP
scalper_filtered,1691393400000,2023,0.7186932187003866,1691394300000,1691401500000,1936.905,1934.28775,1937.6695,1934.28775,0.2921004871525435,-1.0,STOP
scalper_filtered,1691405100000,2023,0.7134198503784354,1691406000000,1691407800000,1935.185,1932.1847142857143,1935.4645714285714,1935.4645714285714,0.09318160175222243,0.09318160175222243,TARGET
scalper_filtered,1691456400000,2023,0.697455364190351,1691457300000,1691457300000,1935.055,1933.0869285714286,1935.6011428571428,1933.0869285714286,0.27750154248170433,-1.0,STOP
scalper_filtered,1691460000000,2023,0.6778938040349651,1691460900000,1691460900000,1932.475,1930.0357142857142,1933.1535714285715,1933.1535714285715,0.27818448023431686,0.27818448023431686,TARGET
scalper_filtered,1691478000000,2023,0.692902930573249,1691478900000,1691478900000,1933.248,1931.0396250000001,1933.97475,1933.97475,0.32908813041266105,0.32908813041266105,TARGET
scalper_filtered,1691492400000,2023,0.6987561969831014,1691493300000,1691493300000,1932.315,1928.4181785714286,1932.8156428571428,1932.8156428571428,0.12847467258111564,0.12847467258111564,TARGET
scalper_filtered,1691501400000,2023,0.7241284221432194,1691502300000,1691504100000,1926.575,1920.2717142857143,1927.4215714285715,1927.4215714285715,0.13430637082700977,0.13430637082700977,TARGET
scalper_filtered,1691514900000,2023,0.6729598098410928,1691515800000,1691534700000,1925.595,1921.748517857143,1927.0779642857142,1925.355,0.38553780588012426,-0.062394674168888366,16BAR_TIMEOUT
scalper_filtered,1691579700000,2023,0.7350082112698193,1691580600000,1691580600000,1924.655,1922.2524285714285,1925.0501428571426,1925.0501428571426,0.1644666428825449,0.1644666428825449,TARGET
scalper_filtered,1691583300000,2023,0.7291497751418836,1691584200000,1691584200000,1923.575,1920.9347500000001,1924.1455,1924.1455,0.21607802291451744,0.21607802291451744,TARGET
scalper_filtered,1691643600000,2023,0.7917472727268212,1691644500000,1691644500000,1916.985,1914.9258392857141,1917.3833214285714,1917.3833214285714,0.19343872763699868,0.19343872763699868,TARGET
scalper_filtered,1691647200000,2023,0.7591557182018291,1691648100000,1691648100000,1916.835,1914.522607142857,1917.2897857142857,1917.2897857142857,0.19667320493609355,0.19667320493609355,TARGET
scalper_filtered,1691708400000,2023,0.8100924938717591,1691709300000,1691709300000,1911.845,1909.9519285714284,1912.1781428571428,1912.1781428571428,0.17598007772699026,0.17598007772699026,TARGET
scalper_filtered,1691729100000,2023,0.6712252502142662,1691730000000,1691731800000,1913.375,1911.7640000000001,1914.0770000000002,1914.0770000000002,0.43575418994430754,0.43575418994430754,TARGET
scalper_filtered,1691992800000,2023,0.8696968137058039,1691993700000,1691993700000,1912.855,1910.6840892857142,1912.9368214285714,1912.9368214285714,0.037689909600137475,0.037689909600137475,TARGET
scalper_filtered,1691996400000,2023,0.7907502256198418,1691997300000,1691997300000,1911.938,1909.578142857143,1912.2177142857145,1912.2177142857145,0.11853017737154088,0.11853017737154088,TARGET
scalper_filtered,1692019800000,2023,0.6807354518353814,1692020700000,1692021600000,1905.905,1902.1252678571427,1907.5244642857142,1907.5244642857142,0.4284600666146702,0.4284600666146702,TARGET
scalper_filtered,1692050400000,2023,0.7191927836643767,1692051300000,1692054000000,1907.415,1905.905142857143,1907.8247142857144,1905.905142857143,0.2713596366734257,-1.0,STOP
scalper_filtered,1692062100000,2023,0.7530540271129165,1692063000000,1692063000000,1906.335,1903.9103571428573,1906.5942857142857,1903.9103571428573,0.10693769332740825,-1.0,STOP
scalper_filtered,1692083700000,2023,0.6657306804876313,1692084600000,1692094500000,1904.555,1902.5467142857144,1905.4305714285715,1902.5467142857144,0.43597951344432595,-1.0,STOP
scalper_filtered,1692100800000,2023,0.6576087650395452,1692101700000,1692101700000,1902.945,1900.6531785714285,1903.8086428571428,1903.8086428571428,0.37683688893736556,0.37683688893736556,TARGET
scalper_filtered,1692136800000,2023,0.6624999953902065,1692137700000,1692148500000,1901.895,1899.90025,1902.4044999999999,1902.4044999999999,0.2554204787566722,0.2554204787566722,TARGET
scalper_filtered,1692233100000,2023,0.7995876520894387,1692234000000,1692234000000,1892.775,1889.9225535714286,1892.7888928571429,1892.7888928571429,0.004870505894030612,0.004870505894030612,TARGET
scalper_filtered,1692333900000,2023,0.7792327895670947,1692334800000,1692336600000,1892.085,1890.1917678571428,1892.7514642857145,1892.7514642857145,0.35202459890031373,0.35202459890031373,TARGET
scalper_filtered,1692581400000,2023,0.6751735209517438,1692582300000,1692582300000,1886.425,1884.29025,1886.7945,1886.7945,0.17308818362807202,0.17308818362807202,TARGET
scalper_filtered,1692597600000,2023,0.7279133367801726,1692598500000,1692601200000,1889.265,1886.0369464285714,1889.8711071428572,1889.8711071428572,0.18776241764440796,0.18776241764440796,TARGET
scalper_filtered,1692613800000,2023,0.6559501221910717,1692614700000,1692614700000,1888.095,1885.6694464285713,1888.8061071428572,1888.8061071428572,0.29317313426241,0.29317313426241,TARGET
scalper_filtered,1692880200000,2023,0.7077758595769857,1692881100000,1692881100000,1913.055,1910.4998928571429,1913.9652142857142,1913.9652142857142,0.3562333142305299,0.3562333142305299,TARGET
scalper_filtered,1692925200000,2023,0.7217136812070442,1692926100000,1692926100000,1915.475,1913.908517857143,1915.9079642857143,1915.9079642857143,0.27639273622664867,0.27639273622664867,TARGET
scalper_filtered,1693209600000,2023,0.6824244598517549,1693210500000,1693213200000,1914.365,1912.4828214285712,1915.168357142857,1915.168357142857,0.42682302043596004,0.42682302043596004,TARGET
scalper_filtered,1693224900000,2023,0.7130231990255084,1693225800000,1693225800000,1914.578,1912.6914285714286,1914.8321428571428,1914.8321428571428,0.1347114947750857,0.1347114947750857,TARGET
scalper_filtered,1693353600000,2023,0.7177179132321055,1693354500000,1693354500000,1936.395,1935.3725178571428,1936.7599642857142,1936.7599642857142,0.35693952042467486,0.35693952042467486,TARGET
scalper_filtered,1693357200000,2023,0.7031876024771696,1693358100000,1693358100000,1936.398,1935.158875,1936.74625,1936.74625,0.28104509230308067,0.28104509230308067,TARGET
scalper_filtered,1693373400000,2023,0.7330074016952715,1693374300000,1693376100000,1936.285,1935.037857142857,1936.7092857142857,1935.037857142857,0.3402061855668731,-1.0,STOP
scalper_filtered,1693427400000,2023,0.7653397630963784,1693428300000,1693432800000,1942.928,1941.3240357142859,1943.2259285714288,1943.2259285714288,0.18574514038882523,0.18574514038882523,TARGET
scalper_filtered,1693460700000,2023,0.7448841799997754,1693461600000,1693461600000,1945.265,1943.756607142857,1945.6417857142858,1945.6417857142858,0.24979282585529106,0.24979282585529106,TARGET
scalper_filtered,1693485000000,2023,0.7208551669410208,1693485900000,1693485900000,1944.105,1942.0666071428573,1945.1217857142858,1945.1217857142858,0.49881734559795926,0.49881734559795926,TARGET
scalper_filtered,1693488600000,2023,0.6706738182966889,1693489500000,1693489500000,1942.395,1938.7514285714285,1943.232142857143,1943.232142857143,0.22975887080965604,0.22975887080965604,TARGET
scalper_filtered,1693519200000,2023,0.6621764746163848,1693521000000,1693521000000,1939.985,1938.298,1940.098,1940.098,0.0669828097214364,0.0669828097214364,TARGET
scalper_filtered,1693522800000,2023,0.8093210383433457,1693523700000,1693525500000,1939.805,1938.284642857143,1940.0557142857142,1940.0557142857142,0.16490486257918222,0.16490486257918222,TARGET
scalper_filtered,1693529100000,2023,0.6635226379671697,1693530000000,1693530000000,1939.198,1938.0831785714286,1939.7086428571429,1939.7086428571429,0.4580490148965766,0.4580490148965766,TARGET
scalper_filtered,1693575900000,2023,0.7470713805803971,1693576800000,1693576800000,1943.674,1937.6918928571429,1944.6312142857143,1937.6918928571429,0.16001289559939216,-1.0,STOP
scalper_filtered,1693578600000,2023,0.713122611991873,1693579500000,1693580400000,1938.425,1931.3274107142856,1940.4101785714286,1940.4101785714286,0.2796975834350228,0.2796975834350228,TARGET
scalper_filtered,1693817100000,2023,0.7752530467815403,1693818000000,1693818900000,1943.805,1941.7295714285715,1944.124857142857,1944.124857142857,0.15411618942725222,0.15411618942725222,TARGET
scalper_filtered,1693832400000,2023,0.8159353688717473,1693833300000,1693833300000,1939.985,1938.0719642857143,1940.2110714285716,1938.0719642857143,0.11817418090185158,-1.0,STOP
scalper_filtered,1693878300000,2023,0.6781651640225153,1693879200000,1693879200000,1935.795,1934.230375,1936.0742500000001,1936.0742500000001,0.178477270911593,0.178477270911593,TARGET
scalper_filtered,1693894500000,2023,0.6954591334464313,1693895400000,1693896300000,1935.915,1934.4411964285714,1936.441607142857,1936.441607142857,0.3573116208061786,0.3573116208061786,TARGET
scalper_filtered,1693911600000,2023,0.7992960131329249,1693912500000,1693916100000,1931.505,1929.0175535714286,1931.9648928571428,1929.0175535714286,0.1848855323516597,-1.0,STOP
scalper_filtered,1694008800000,2023,0.7937237911137712,1694009700000,1694009700000,1922.085,1917.2786785714286,1922.7876428571428,1922.7876428571428,0.146191399719106,0.146191399719106,TARGET
scalper_filtered,1694033100000,2023,0.704368382716223,1694037600000,1694037600000,1916.545,1915.2755,1916.954,1916.954,0.3221740842850284,0.3221740842850284,TARGET
scalper_filtered,1694070900000,2023,0.7346808818154762,1694071800000,1694075400000,1918.205,1916.4428750000002,1918.9392500000001,1918.9392500000001,0.4166844009365451,0.4166844009365451,TARGET
scalper_filtered,1694158200000,2023,0.8016032286921453,1694159100000,1694164500000,1925.165,1923.0638214285716,1925.2273571428573,1925.2273571428573,0.029677221967345114,0.029677221967345114,TARGET
scalper_filtered,1694171700000,2023,0.6677967524847106,1694172600000,1694175300000,1923.505,1922.120892857143,1924.2632142857142,1924.2632142857142,0.5478002838341903,0.5478002838341903,TARGET
scalper_filtered,1694178900000,2023,0.7193419876102645,1694179800000,1694179800000,1922.095,1918.8812321428572,1922.4325357142857,1922.4325357142857,0.10502803229407424,0.10502803229407424,TARGET
scalper_filtered,1694435400000,2023,0.7263613186363524,1694436300000,1694436300000,1925.785,1923.2395892857144,1925.9558214285714,1925.9558214285714,0.0671095739530898,0.0671095739530898,TARGET
scalper_filtered,1694469600000,2023,0.7859051983868025,1694473200000,1694480400000,1922.344,1920.7024107142856,1922.6391785714286,1922.6391785714286,0.1798126815259332,0.1798126815259332,TARGET
scalper_filtered,1694482200000,2023,0.6776934331516689,1694483100000,1694483100000,1921.245,1919.4133035714285,1921.9083928571426,1921.9083928571426,0.36217401901043367,0.36217401901043367,TARGET
scalper_filtered,1694500200000,2023,0.6552264441324904,1694501100000,1694505600000,1920.015,1918.0084642857144,1920.2870714285714,1920.2870714285714,0.135592616983709,0.135592616983709,TARGET
scalper_filtered,1694514600000,2023,0.6871060291800253,1694515500000,1694517300000,1915.955,1914.047625,1916.58675,1914.047625,0.3312143652926196,-1.0,STOP
scalper_filtered,1694518200000,2023,0.7067186269385045,1694519100000,1694519100000,1912.295,1910.0179642857142,1912.8860714285713,1912.8860714285713,0.25957934030763496,0.25957934030763496,TARGET
scalper_filtered,1694520000000,2023,0.7142183272696737,1694520900000,1694520900000,1911.798,1909.1925714285715,1912.3798571428572,1909.1925714285715,0.2233249259787454,-1.0,STOP
scalper_filtered,1694607300000,2023,0.8147648472518213,1694608200000,1694608200000,1911.315,1908.6519642857143,1911.3310714285715,1908.6519642857143,0.0060350030174988805,-1.0,STOP_BOTH
scalper_filtered,1694624400000,2023,0.6855030464950899,1694625300000,1694646000000,1909.635,1906.45025,1911.3845000000001,1908.705,0.5493366826282073,-0.2920166418086489,16BAR_TIMEOUT
scalper_filtered,1694657700000,2023,0.6821769850794206,1694658600000,1694658600000,1909.555,1907.7823392857142,1910.3703214285715,1910.3703214285715,0.4599421773161593,0.4599421773161593,TARGET
scalper_filtered,1694694600000,2023,0.7490237871919667,1694695500000,1694695500000,1902.865,1899.825517857143,1903.4539642857144,1903.4539642857144,0.19377126037686943,0.19377126037686943,TARGET
scalper_filtered,1694775600000,2023,0.7657919963574178,1694776500000,1694776500000,1918.028,1915.8974642857142,1918.1400714285714,1918.1400714285714,0.05260246416896887,0.05260246416896887,TARGET
scalper_filtered,1694781000000,2023,0.7112212511584459,1694781900000,1694781900000,1917.215,1914.96225,1917.7905,1917.7905,0.2554655421152718,0.2554655421152718,TARGET
scalper_filtered,1695045600000,2023,0.7744076678322943,1695046500000,1695046500000,1925.105,1921.170285714286,1925.6934285714287,1925.6934285714287,0.14954797952297272,0.14954797952297272,TARGET
scalper_filtered,1695100500000,2023,0.7797212490300787,1695101400000,1695101400000,1931.235,1930.0662142857143,1931.4425714285715,1931.4425714285715,0.17759579539216774,0.17759579539216774,TARGET
scalper_filtered,1695105900000,2023,0.6566863034120162,1695106800000,1695106800000,1930.408,1929.078857142857,1930.8942857142856,1930.8942857142856,0.36586414445399446,0.36586414445399446,TARGET
scalper_filtered,1695127500000,2023,0.7929859865118851,1695128400000,1695128400000,1935.678,1933.1280714285713,1935.6988571428572,1935.6988571428572,0.008179500826312271,0.008179500826312271,TARGET
scalper_filtered,1695129300000,2023,0.7833259329450583,1695130200000,1695130200000,1934.945,1931.9212857142857,1935.0224285714285,1935.0224285714285,0.025607105735599097,0.025607105735599097,TARGET
scalper_filtered,1695147300000,2023,0.7156842237764692,1695148200000,1695150000000,1930.505,1928.7992678571427,1931.4264642857142,1931.4264642857142,0.540216287517755,0.540216287517755,TARGET
scalper_filtered,1695194100000,2023,0.7125323352813604,1695195000000,1695195000000,1928.885,1927.0903214285715,1929.3843571428572,1929.3843571428572,0.2782432190404717,0.2782432190404717,TARGET
scalper_filtered,1695232800000,2023,0.8355478683898762,1695233700000,1695233700000,1941.855,1937.5938035714285,1942.2443928571429,1942.2443928571429,0.09138110943019773,0.09138110943019773,TARGET
scalper_filtered,1695258000000,2023,0.776577871535096,1695258900000,1695258900000,1925.025,1923.1524285714286,1925.950142857143,1925.950142857143,0.4940494354592464,0.4940494354592464,TARGET
scalper_filtered,1695300300000,2023,0.7672363403851215,1695301200000,1695301200000,1916.425,1912.540125,1916.87475,1916.87475,0.11576949065285204,0.11576949065285204,TARGET
scalper_filtered,1695333600000,2023,0.7108969313752749,1695334500000,1695337200000,1919.965,1918.3633214285715,1920.378357142857,1920.378357142857,0.25807746337552573,0.25807746337552573,TARGET
scalper_filtered,1695600000000,2023,0.7802865435651878,1695600900000,1695601800000,1924.215,1922.5317857142857,1924.3414285714284,1924.3414285714284,0.07511139401651187,0.07511139401651187,TARGET
scalper_filtered,1695688200000,2023,0.7265497685363609,1695689100000,1695690900000,1915.285,1914.5690178571429,1915.5559642857143,1915.5559642857143,0.3784511784509738,0.3784511784509738,TARGET
scalper_filtered,1695735000000,2023,0.6944519869063911,1695735900000,1695736800000,1906.505,1902.804285714286,1907.9664285714287,1907.9664285714287,0.39490445859872886,0.39490445859872886,TARGET
scalper_filtered,1695740400000,2023,0.7121966571593242,1695741300000,1695755700000,1903.975,1898.5063392857141,1905.0723214285713,1900.645,0.20065633724631116,-0.6089242273343053,16BAR_TIMEOUT
scalper_filtered,1695775500000,2023,0.7827507657099438,1695776400000,1695777300000,1900.525,1899.1581785714286,1900.7386428571428,1900.7386428571428,0.1563063416162891,0.1563063416162891,TARGET
scalper_filtered,1695789000000,2023,0.7520428236703499,1695789900000,1695789900000,1897.625,1895.6048392857142,1898.2153214285713,1898.2153214285713,0.2922150818975888,0.2922150818975888,TARGET
scalper_filtered,1695791700000,2023,0.7377911106309263,1695792600000,1695792600000,1896.475,1894.7865000000002,1897.0320000000002,1897.0320000000002,0.3298785904651031,0.3298785904651031,TARGET
scalper_filtered,1695835800000,2023,0.6798379406895493,1695836700000,1695839400000,1873.935,1870.6673214285713,1876.1473571428571,1876.1473571428571,0.6770424613366814,0.6770424613366814,TARGET
scalper_filtered,1695889800000,2023,0.6825195661997532,1695890700000,1695893400000,1874.895,1872.4391964285714,1875.8166071428573,1875.8166071428573,0.37527722232327704,0.37527722232327704,TARGET
scalper_filtered,1695942000000,2023,0.7641532674544393,1695942900000,1695942900000,1865.015,1862.79075,1865.3535,1865.3535,0.15218613015614604,0.15218613015614604,TARGET
scalper_filtered,1695987000000,2023,0.6635450595910701,1695987900000,1695988800000,1868.785,1866.4604285714286,1869.4741428571429,1869.4741428571429,0.29646017699110155,0.29646017699110155,TARGET
scalper_filtered,1696219200000,2023,0.7567904572016461,1696220100000,1696224600000,1843.935,1841.8712142857141,1844.4625714285714,1841.8712142857141,0.25563285224796733,-1.0,STOP
scalper_filtered,1696239000000,2023,0.7445901227942967,1696239900000,1696240800000,1834.275,1829.0451428571428,1834.9517142857142,1834.9517142857142,0.12939441121031225,0.12939441121031225,TARGET
scalper_filtered,1696288500000,2023,0.7635579201728492,1696289400000,1696289400000,1822.205,1819.325375,1822.56425,1822.56425,0.12475582758170611,0.12475582758170611,TARGET
scalper_filtered,1696300200000,2023,0.7137473580110191,1696301100000,1696303800000,1817.135,1813.5873392857143,1818.5603214285713,1818.5603214285713,0.40176373767420037,0.40176373767420037,TARGET
scalper_filtered,1696341600000,2023,0.7915656587114231,1696342500000,1696342500000,1824.035,1816.5628571428572,1824.3092857142858,1824.3092857142858,0.03670777172354578,0.03670777172354578,TARGET
scalper_filtered,1696374000000,2023,0.6790857037035908,1696374900000,1696374900000,1823.125,1821.1855,1823.683,1823.683,0.28770301624130257,0.28770301624130257,TARGET
scalper_filtered,1696391100000,2023,0.6591432589539731,1696392000000,1696392000000,1820.655,1818.3021785714284,1821.8806428571427,1821.8806428571427,0.5209247256332571,0.5209247256332571,TARGET
scalper_filtered,1696401000000,2023,0.770324829861101,1696401900000,1696401900000,1818.645,1815.503357142857,1818.8982857142857,1818.8982857142857,0.08062205852262731,0.08062205852262731,TARGET
scalper_filtered,1696428000000,2023,0.7244386705672411,1696428900000,1696431600000,1820.595,1814.5842678571428,1821.7564642857142,1821.7564642857142,0.19323174916292887,0.19323174916292887,TARGET
scalper_filtered,1696496400000,2023,0.677116119409728,1696497300000,1696497300000,1820.685,1818.4408035714287,1821.8133928571428,1821.8133928571428,0.5028048537895871,0.5028048537895871,TARGET
scalper_filtered,1696554900000,2023,0.7036917411460433,1696555800000,1696555800000,1820.425,1818.8398035714285,1821.105392857143,1821.105392857143,0.42921674871309745,0.42921674871309745,TARGET
scalper_filtered,1696571100000,2023,0.713946165300926,1696572000000,1696572900000,1821.305,1820.0921428571428,1821.7507142857144,1820.0921428571428,0.3674911660777127,-1.0,STOP
scalper_filtered,1696623300000,2023,0.7300756248971767,1696624200000,1696624200000,1830.065,1827.7086785714287,1831.147642857143,1831.147642857143,0.4594631462479606,0.4594631462479606,TARGET
scalper_filtered,1696852800000,2023,0.8164263724212959,1696853700000,1696853700000,1849.055,1846.3544464285715,1849.1761071428573,1849.1761071428573,0.04484530288105368,0.04484530288105368,TARGET
scalper_filtered,1696914000000,2023,0.7751122406687505,1696914900000,1696914900000,1860.698,1858.906035714286,1861.2219285714286,1861.2219285714286,0.29237668161435854,0.29237668161435854,TARGET
scalper_filtered,1696941000000,2023,0.7838089471284453,1696941900000,1696941900000,1855.125,1851.5897499999999,1855.4845,1855.4845,0.10169012092497333,0.10169012092497333,TARGET
scalper_filtered,1697003100000,2023,0.6764167997358508,1697004000000,1697004000000,1859.365,1857.8853392857143,1859.8343214285715,1859.8343214285715,0.3171817863651273,0.3171817863651273,TARGET
scalper_filtered,1697122800000,2023,0.6615349225878183,1697123700000,1697130000000,1872.805,1868.123,1875.2690000000002,1868.123,0.5262708244340368,-1.0,STOP
scalper_filtered,1697130900000,2023,0.7203755925204212,1697131800000,1697149800000,1870.145,1866.2705178571427,1871.2039642857144,1869.445,0.2733176323103345,-0.18066930603629813,16BAR_TIMEOUT
scalper_filtered,1697229900000,2023,0.9653957005595478,1697407200000,1697407200000,1927.998,1925.7541071428573,1929.5067857142858,1925.7541071428573,0.6723965047987779,-1.0,STOP
scalper_filtered,1697424300000,2023,0.8122563877889613,1697425200000,1697435100000,1920.285,1917.0788928571428,1920.9672142857144,1917.0788928571428,0.21278586625969573,-1.0,STOP
scalper_filtered,1697439600000,2023,0.8314557568029606,1697440500000,1697440500000,1911.055,1906.5717142857143,1911.1115714285716,1911.1115714285716,0.012618296529981414,0.012618296529981414,TARGET
scalper_filtered,1697463000000,2023,0.8513804473896612,1697463900000,1697463900000,1918.515,1912.2004464285715,1918.694107142857,1918.694107142857,0.02836418138368413,0.02836418138368413,TARGET
scalper_filtered,1697482800000,2023,0.852581126238567,1697483700000,1697483700000,1919.575,1916.8267857142857,1919.6714285714286,1919.6714285714286,0.035087719298231096,0.035087719298231096,TARGET
scalper_filtered,1697502600000,2023,0.7814931841099549,1697503500000,1697503500000,1916.305,1913.2228571428573,1916.3792857142857,1916.3792857142857,0.024101969872526736,0.024101969872526736,TARGET
scalper_filtered,1697611500000,2023,0.7047132482826253,1697612400000,1697612400000,1936.015,1933.809642857143,1937.2547142857143,1937.2547142857143,0.5621376518218189,0.5621376518218189,TARGET
scalper_filtered,1697679000000,2023,0.6826513760359941,1697679900000,1697681700000,1947.865,1944.864482142857,1948.8860357142855,1948.8860357142855,0.3402864981639261,0.3402864981639261,TARGET
scalper_filtered,1697783400000,2023,0.793062824742516,1697784300000,1697784300000,1975.914,1972.8580178571428,1976.4189642857143,1976.4189642857143,0.16523797002367738,0.16523797002367738,TARGET
scalper_filtered,1698068700000,2023,0.6616698200396927,1698069600000,1698070500000,1974.675,1967.358267857143,1975.3584642857145,1975.3584642857145,0.09341113934063656,0.09341113934063656,TARGET
scalper_filtered,1698080400000,2023,0.7853354910551562,1698081300000,1698081300000,1976.005,1969.860357142857,1976.9542857142856,1976.9542857142856,0.1544899738447656,0.1544899738447656,TARGET
scalper_filtered,1698126300000,2023,0.8139874624585249,1698127200000,1698127200000,1976.425,1973.2515892857143,1976.6518214285713,1976.6518214285713,0.07147559802149447,0.07147559802149447,TARGET
scalper_filtered,1698137100000,2023,0.7091283814931447,1698138000000,1698138900000,1972.148,1968.2149285714286,1973.0241428571428,1968.2149285714286,0.22276301690792025,-1.0,STOP
scalper_filtered,1698139800000,2023,0.7199526136586827,1698140700000,1698144300000,1967.185,1963.0418571428572,1968.6012857142857,1963.0418571428572,0.34183849389699916,-1.0,STOP
scalper_filtered,1698176700000,2023,0.7220770944871742,1698177600000,1698192900000,1972.605,1969.69175,1973.8115,1973.8115,0.4141422809576864,0.4141422809576864,TARGET
scalper_filtered,1698388200000,2023,0.7533114461485713,1698389100000,1698389100000,1988.135,1984.9785535714286,1988.4478928571427,1988.4478928571427,0.09912820135659951,0.09912820135659951,TARGET
scalper_filtered,1698400800000,2023,0.6569072015866456,1698401700000,1698402600000,1985.845,1983.4597678571427,1987.2254642857142,1983.4597678571427,0.5787546884474218,-1.0,STOP
scalper_filtered,1698406200000,2023,0.7287292045361164,1698407100000,1698407100000,1982.035,1978.555892857143,1982.4532142857142,1982.4532142857142,0.12020736026275515,0.12020736026275515,TARGET
scalper_filtered,1698410700000,2023,0.8140058969969518,1698411600000,1698411600000,1980.214,1974.9616785714286,1980.9116428571429,1980.9116428571429,0.1328256213239164,0.1328256213239164,TARGET
scalper_filtered,1698617700000,2023,0.8071032366185042,1698618600000,1698618600000,2001.515,1993.86875,2002.7045,2002.7045,0.15556645414418196,0.15556645414418196,TARGET
scalper_filtered,1698640200000,2023,0.7584173970487273,1698641100000,1698643800000,2001.595,1999.1219464285714,2002.1011071428572,2002.1011071428572,0.20464867753141683,0.20464867753141683,TARGET
scalper_filtered,1698646500000,2023,0.7343797229116281,1698647400000,1698648300000,1998.545,1995.9128392857142,1999.0993214285713,1995.9128392857142,0.21059558618997487,-1.0,STOP
scalper_filtered,1698676200000,2023,0.7228414386887534,1698677100000,1698677100000,1995.558,1989.2158571428572,1997.0522857142857,1997.0522857142857,0.23561211848181945,0.23561211848181945,TARGET
scalper_filtered,1698706800000,2023,0.7236605648399409,1698707700000,1698708600000,1995.055,1993.5152678571428,1995.8634642857144,1995.8634642857144,0.5250681356914838,0.5250681356914838,TARGET
scalper_filtered,1698727500000,2023,0.7060479648247268,1698728400000,1698728400000,1992.685,1989.2830357142857,1992.8589285714286,1992.8589285714286,0.05112592514830456,0.05112592514830456,TARGET
scalper_filtered,1698757200000,2023,0.7282121267283584,1698758100000,1698758100000,1997.378,1992.9183392857144,1997.5673214285714,1997.5673214285714,0.04245198025155283,0.04245198025155283,TARGET
scalper_filtered,1698759000000,2023,0.7645418639193104,1698759900000,1698759900000,1997.784,1992.6984464285713,1997.968107142857,1997.968107142857,0.03620198672003132,0.03620198672003132,TARGET
scalper_filtered,1698777000000,2023,0.6754096572969697,1698777900000,1698777900000,1982.015,1976.1761607142855,1983.8526785714284,1983.8526785714284,0.31473354231969375,0.31473354231969375,TARGET
scalper_filtered,1698798600000,2023,0.6602264595236049,1698799500000,1698801300000,1980.005,1977.8451607142856,1980.9046785714286,1980.9046785714286,0.4165488503608008,0.4165488503608008,TARGET
scalper_filtered,1698803100000,2023,0.7447528926694102,1698804000000,1698804000000,1979.455,1976.657125,1980.28075,1980.28075,0.29513470044229206,0.29513470044229206,TARGET
scalper_filtered,1698812100000,2023,0.6668066682802262,1698813000000,1698813000000,1976.515,1973.8176071428572,1977.5387857142857,1977.5387857142857,0.3795463873846098,0.3795463873846098,TARGET
scalper_filtered,1698845400000,2023,0.7816891232951113,1698846300000,1698846300000,1983.365,1979.4258214285712,1984.073357142857,1984.073357142857,0.1798235672774059,0.1798235672774059,TARGET
scalper_filtered,1698864300000,2023,0.6898404993725713,1698865200000,1698865200000,1974.795,1967.1222857142857,1975.2004285714286,1975.2004285714286,0.05284030609394089,0.05284030609394089,TARGET
scalper_filtered,1698932700000,2023,0.6564575967554558,1698933600000,1698939000000,1984.205,1979.9884107142857,1985.6781785714286,1979.9884107142857,0.349376823685384,-1.0,STOP
scalper_filtered,1698997500000,2023,0.8665036733376836,1698998400000,1698998400000,1986.358,1983.3743928571428,1986.4032142857143,1986.4032142857143,0.015154235644790275,0.015154235644790275,TARGET
scalper_filtered,1699227000000,2023,0.8003646804569847,1699227900000,1699227900000,1988.775,1986.0765892857144,1989.0718214285714,1989.0718214285714,0.10999861029305508,0.10999861029305508,TARGET
scalper_filtered,1699228800000,2023,0.7973151231282745,1699229700000,1699229700000,1988.685,1985.9234107142856,1989.0481785714285,1989.0481785714285,0.13151071135279085,0.13151071135279085,TARGET
scalper_filtered,1699254900000,2023,0.6970207117406574,1699255800000,1699256700000,1983.505,1981.1335535714286,1984.2878928571429,1984.2878928571429,0.33013305622693706,0.33013305622693706,TARGET
scalper_filtered,1699313400000,2023,0.8308486987546111,1699314300000,1699314300000,1977.185,1974.9398035714285,1977.2953928571428,1977.2953928571428,0.04916846282937805,0.04916846282937805,TARGET
scalper_filtered,1699316100000,2023,0.683676629367815,1699317000000,1699322400000,1976.285,1974.588732142857,1977.1275357142856,1974.588732142857,0.49669968733862646,-1.0,STOP
scalper_filtered,1699347600000,2023,0.7133790147160304,1699348500000,1699348500000,1965.755,1962.8133214285715,1966.5473571428572,1966.5473571428572,0.2693554457488859,0.2693554457488859,TARGET
scalper_filtered,1699362900000,2023,0.7840501946776606,1699363800000,1699363800000,1959.744,1954.9556607142856,1959.8826785714286,1959.8826785714286,0.02896172621736843,0.02896172621736843,TARGET
scalper_filtered,1699411500000,2023,0.7334768091841344,1699412400000,1699420500000,1968.535,1966.2145,1969.036,1966.2145,0.21590174531349626,-1.0,STOP
scalper_filtered,1699473600000,2023,0.6811514516856367,1699474500000,1699479900000,1948.675,1945.8365714285715,1950.3018571428572,1950.3018571428572,0.5731541597463958,0.5731541597463958,TARGET
scalper_filtered,1699517700000,2023,0.7520613712691676,1699518600000,1699518600000,1946.205,1943.588375,1946.54825,1946.54825,0.13118043280949335,0.13118043280949335,TARGET
scalper_filtered,1699596000000,2023,0.8389857334178318,1699596900000,1699596900000,1957.035,1954.7070892857143,1957.1398214285714,1957.1398214285714,0.04502811380524743,0.04502811380524743,TARGET
scalper_filtered,1699608600000,2023,0.7094645685226068,1699609500000,1699610400000,1954.625,1952.2394464285715,1955.8261071428572,1952.2394464285715,0.503492001706712,-1.0,STOP
scalper_filtered,1699631100000,2023,0.6632557612086342,1699632000000,1699638300000,1941.985,1936.9926785714285,1944.9496428571429,1936.9926785714285,0.5938405408305907,-1.0,STOP
scalper_filtered,1699863300000,2023,0.7036232862966276,1699864200000,1699867800000,1937.558,1934.9404642857141,1938.6140714285714,1938.6140714285714,0.4034601792852774,0.4034601792852774,TARGET
scalper_filtered,1699966800000,2023,0.7471587040367609,1699967700000,1699967700000,1945.765,1943.2729464285715,1946.0091071428571,1946.0091071428571,0.09795421160111949,0.09795421160111949,TARGET
scalper_filtered,1700010900000,2023,0.8484591802523841,1700011800000,1700011800000,1962.875,1960.779142857143,1962.9867142857145,1962.9867142857145,0.05330243337204767,0.05330243337204767,TARGET
scalper_filtered,1700100000000,2023,0.7538245135939787,1700100900000,1700100900000,1957.745,1955.4415892857144,1958.2118214285715,1958.2118214285715,0.2026653022304886,0.2026653022304886,TARGET
scalper_filtered,1700136900000,2023,0.6911035087479998,1700137800000,1700137800000,1963.355,1961.0263392857144,1963.9923214285716,1963.9923214285716,0.27368582493009164,0.27368582493009164,TARGET
scalper_filtered,1700201700000,2023,0.7129125146011087,1700202600000,1700202600000,1984.395,1982.9291785714288,1985.175642857143,1982.9291785714288,0.5325634091077013,-1.0,STOP
scalper_filtered,1700434800000,2023,0.756468875738781,1700435700000,1700435700000,1978.245,1975.8977142857143,1978.3765714285714,1978.3765714285714,0.056052583531177654,0.056052583531177654,TARGET
scalper_filtered,1700487000000,2023,0.7758565283161767,1700487900000,1700487900000,1968.375,1963.951517857143,1968.8219642857143,1968.8219642857143,0.10104353793675545,0.10104353793675545,TARGET
scalper_filtered,1700547300000,2023,0.7119262188790636,1700548200000,1700550900000,1991.365,1988.3094285714287,1992.106142857143,1992.106142857143,0.24255458413205735,0.24255458413205735,TARGET
scalper_filtered,1700559000000,2023,0.6978803550158097,1700559900000,1700561700000,1986.425,1982.6111785714286,1987.2516428571428,1987.2516428571428,0.216749229775152,0.216749229775152,TARGET
scalper_filtered,1700593200000,2023,0.6715925898124723,1700594100000,1700594100000,1997.945,1994.4902142857143,1999.4845714285714,1999.4845714285714,0.4456344201625159,0.4456344201625159,TARGET
scalper_filtered,1700615700000,2023,0.7060515598583864,1700616600000,1700621100000,1996.645,1994.8972142857142,1997.3805714285713,1997.3805714285713,0.420859046139951,0.420859046139951,TARGET
scalper_filtered,1700731800000,2023,0.7371234843090868,1700732700000,1700747100000,1994.515,1990.7879107142858,1994.7991785714287,1992.695,0.07624678392273025,-0.48831671593597076,16BAR_TIMEOUT
scalper_filtered,1700789400000,2023,0.8037718085975996,1700790300000,1700790300000,1992.835,1990.522,1993.1499999999999,1993.1499999999999,0.13618677042793487,0.13618677042793487,TARGET
scalper_filtered,1701091800000,2023,0.8009938517549441,1701092700000,1701092700000,2012.055,2008.179482142857,2012.6960357142857,2012.6960357142857,0.16540646641690426,0.16540646641690426,TARGET
scalper_filtered,1701097200000,2023,0.7835249740000917,1701098100000,1701098100000,2012.025,2006.8134107142857,2012.3681785714286,2012.3681785714286,0.06584912060688468,0.06584912060688468,TARGET
scalper_filtered,1701157500000,2023,0.6618670730561127,1701158400000,1701158400000,2013.485,2010.9723035714287,2014.070392857143,2014.070392857143,0.23297396792014455,0.23297396792014455,TARGET
scalper_filtered,1701351900000,2023,0.7344241898835826,1701352800000,1701352800000,2036.745,2031.9824642857143,2037.6990714285714,2037.6990714285714,0.2003284564795411,0.2003284564795411,TARGET
scalper_filtered,1701354600000,2023,0.6623017783611082,1701355500000,1701355500000,2034.075,2028.9145714285714,2035.944857142857,2035.944857142857,0.3623453201560974,0.3623453201560974,TARGET
scalper_filtered,1701434700000,2023,0.6777052834641133,1701435600000,1701435600000,2035.885,2032.2204642857143,2036.9740714285715,2036.9740714285715,0.29719219936264546,0.29719219936264546,TARGET
scalper_filtered,1701672300000,2023,0.7043105530617136,1701673200000,1701673200000,2076.355,2071.472678571429,2078.1696428571427,2078.1696428571427,0.37167623715296505,0.37167623715296505,TARGET
scalper_filtered,1701676800000,2023,0.8216165378302082,1701677700000,1701677700000,2063.195,2054.1551249999998,2064.74475,2064.74475,0.17143489262844994,0.17143489262844994,TARGET
scalper_filtered,1701702900000,2023,0.7973543896110673,1701703800000,1701703800000,2033.235,2020.6871964285713,2035.7106071428573,2020.6871964285713,0.1972940625636133,-1.0,STOP
scalper_filtered,1701751500000,2023,0.6750364144971034,1701752400000,1701752400000,2032.275,2028.6713214285714,2033.719357142857,2033.719357142857,0.4008007690553582,0.4008007690553582,TARGET
scalper_filtered,1701791100000,2023,0.6972485371239568,1701792000000,1701792000000,2016.155,2006.1594285714286,2017.2461428571428,2017.2461428571428,0.1091626291643408,0.1091626291643408,TARGET
scalper_filtered,1701895500000,2023,0.7081783978236782,1701896400000,1701906300000,2026.425,2023.754892857143,2027.7152142857144,2027.7152142857144,0.48320693391125275,0.48320693391125275,TARGET
scalper_filtered,1701921600000,2023,0.6711898492465777,1701922500000,1701929700000,2026.905,2024.2483392857143,2028.3483214285714,2028.3483214285714,0.5432840636405778,0.5432840636405778,TARGET
scalper_filtered,1702013400000,2023,0.7711287612541207,1702014300000,1702016100000,2031.305,2028.8214285714287,2031.862142857143,2028.8214285714287,0.22433132010357199,-1.0,STOP
scalper_filtered,1702256400000,2023,0.752848600978546,1702257300000,1702260900000,2003.835,2000.803875,2004.76725,2000.803875,0.30755907460103926,-1.0,STOP
scalper_filtered,1702266300000,2023,0.7001048829707075,1702267200000,1702272600000,1996.845,1993.9366964285714,1998.461607142857,1998.461607142857,0.5558591471463461,0.5558591471463461,TARGET
scalper_filtered,1702280700000,2023,0.6561835106688918,1702281600000,1702281600000,1992.725,1989.7220714285713,1994.200857142857,1994.200857142857,0.49147261007113613,0.49147261007113613,TARGET
scalper_filtered,1702318500000,2023,0.7680270855961311,1702319400000,1702319400000,1978.375,1973.6609464285714,1979.853107142857,1979.853107142857,0.3135533189133914,0.3135533189133914,TARGET
scalper_filtered,1702387800000,2023,0.6937500721419053,1702388700000,1702389600000,1985.285,1981.7223392857143,1988.0993214285713,1988.0993214285713,0.7899493255942616,0.7899493255942616,TARGET
scalper_filtered,1702449900000,2023,0.685426391988607,1702450800000,1702450800000,1974.345,1971.8325535714284,1975.1398928571427,1975.1398928571427,0.31638201240956826,0.31638201240956826,TARGET
scalper_filtered,1702473300000,2023,0.7881538309593686,1702474200000,1702474200000,1981.565,1978.508875,1981.7072500000002,1981.7072500000002,0.046545870996801714,0.046545870996801714,TARGET
scalper_filtered,1702481400000,2023,0.6576051950653563,1702482300000,1702483200000,1980.898,1976.3748214285715,1982.255357142857,1982.255357142857,0.3000892229705868,0.3000892229705868,TARGET
scalper_filtered,1702559700000,2023,0.7288131136519198,1702560600000,1702560600000,2033.235,2029.0616071428572,2034.7717857142857,2029.0616071428572,0.36823413632281654,-1.0,STOP
scalper_filtered,1702601100000,2023,0.7043658062125535,1702602000000,1702606500000,2032.735,2029.995375,2033.6842499999998,2033.6842499999998,0.34648902678283194,0.34648902678283194,TARGET
scalper_filtered,1702647000000,2023,0.6844075905271452,1702647900000,1702647900000,2028.505,2024.631607142857,2031.3317857142856,2031.3317857142856,0.7297957678298918,0.7297957678298918,TARGET
scalper_filtered,1702897200000,2023,0.6614800179654089,1702898100000,1702899000000,2020.555,2016.8889107142857,2022.1961785714284,2022.1961785714284,0.44766464849164533,0.44766464849164533,TARGET
scalper_filtered,1702956600000,2023,0.7643856618068647,1702957500000,1702964700000,2024.085,2021.3923035714288,2024.760392857143,2024.760392857143,0.25082398816909646,0.25082398816909646,TARGET
scalper_filtered,1703037600000,2023,0.7032122441579648,1703038500000,1703039400000,2037.865,2035.5725714285713,2038.6698571428572,2038.6698571428572,0.35109366236678297,0.35109366236678297,TARGET
scalper_filtered,1703070000000,2023,0.7893499389433456,1703070900000,1703070900000,2035.225,2032.0844285714286,2035.836142857143,2032.0844285714286,0.19459606986905498,-1.0,STOP
scalper_filtered,1703079000000,2023,0.8106194500349967,1703079900000,1703079900000,2032.565,2027.7781785714287,2032.877642857143,2032.877642857143,0.0653132484276168,0.0653132484276168,TARGET
scalper_filtered,1703101500000,2023,0.7817543239386897,1703102400000,1703102400000,2032.245,2028.7399642857142,2032.8050714285714,2032.8050714285714,0.15979050549722057,0.15979050549722057,TARGET
scalper_filtered,1703137500000,2023,0.7670372021145333,1703138400000,1703141100000,2036.165,2034.0265535714286,2036.7218928571428,2036.7218928571428,0.26041936318925435,0.26041936318925435,TARGET
scalper_filtered,1703142900000,2023,0.7830415616641282,1703143800000,1703143800000,2035.505,2032.9053392857143,2035.8443214285714,2035.8443214285714,0.1305252745893625,0.1305252745893625,TARGET
scalper_filtered,1703182500000,2023,0.6565998440049952,1703183400000,1703186100000,2039.445,2035.3546607142857,2041.4156785714285,2041.4156785714285,0.4817885348316551,0.4817885348316551,TARGET
scalper_filtered,1703599200000,2023,0.7100977546617583,1703600100000,1703600100000,2060.115,2057.197,2060.311,2060.311,0.06716929403714528,0.06716929403714528,TARGET
scalper_filtered,1703702700000,2023,0.6902441904663547,1703703600000,1703721600000,2078.385,2073.730875,2079.86325,2079.505,0.3176214648295125,0.24064673810864246,16BAR_TIMEOUT
scalper_filtered,1703742300000,2023,0.7005150630923348,1703743200000,1703743200000,2085.615,2083.595125,2086.62475,2086.62475,0.4999071724736378,0.4999071724736378,TARGET
scalper_filtered,1703745000000,2023,0.7716365249684248,1703745900000,1703745900000,2085.855,2083.1113750000004,2086.2422500000002,2086.2422500000002,0.14114538247766253,0.14114538247766253,TARGET
scalper_filtered,1703749500000,2023,0.8566632861878521,1703750400000,1703750400000,2086.015,2082.692875,2086.18825,2082.692875,0.052150355570695396,-1.0,STOP_BOTH
scalper_filtered,1703764800000,2023,0.7511288938237622,1703765700000,1703766600000,2073.785,2069.340053571429,2074.964892857143,2074.964892857143,0.2654459116894928,0.2654459116894928,TARGET
scalper_filtered,1703872800000,2023,0.7806268408330135,1703873700000,1703874600000,2064.405,2058.935910714286,2065.3231785714283,2065.3231785714283,0.16788509447569286,0.16788509447569286,TARGET
scalper_filtered,1704205800000,2024,0.6996329882212899,1704206700000,1704206700000,2065.715,2059.376089285714,2067.5328214285714,2067.5328214285714,0.28677189354858873,0.28677189354858873,TARGET
scalper_filtered,1704269700000,2024,0.6859492791049749,1704270600000,1704270600000,2060.615,2057.4359285714286,2061.543142857143,2061.543142857143,0.29195407464001905,0.29195407464001905,TARGET
scalper_filtered,1704291300000,2024,0.6707699088446857,1704292200000,1704294000000,2037.025,2031.6097142857143,2040.2355714285713,2040.2355714285713,0.5928720289128244,0.5928720289128244,TARGET
scalper_filtered,1704374100000,2024,0.7499380742033402,1704375000000,1704375000000,2044.755,2040.942125,2045.2407500000002,2040.942125,0.12739730518310802,-1.0,STOP
scalper_filtered,1704376800000,2024,0.8091860797671161,1704377700000,1704377700000,2040.275,2035.569982142857,2040.7750357142859,2040.7750357142859,0.10627711296071789,0.10627711296071789,TARGET
scalper_filtered,1704379500000,2024,0.7797344547846846,1704380400000,1704380400000,2039.345,2034.1714107142857,2040.1221785714285,2040.1221785714285,0.1502203844388109,0.1502203844388109,TARGET
scalper_filtered,1704684600000,2024,0.7433054449610214,1704685500000,1704685500000,2037.445,2034.029392857143,2038.0032142857144,2038.0032142857144,0.16343047147031334,0.16343047147031334,TARGET
scalper_filtered,1704691800000,2024,0.7665598232840474,1704692700000,1704692700000,2029.325,2025.2386785714284,2030.2976428571428,2030.2976428571428,0.23802406984972743,0.23802406984972743,TARGET
scalper_filtered,1704705300000,2024,0.7032130553019338,1704706200000,1704707100000,2028.085,2024.7192678571428,2029.9564642857142,2029.9564642857142,0.5560348257914076,0.5560348257914076,TARGET
scalper_filtered,1704746700000,2024,0.7136146672490605,1704747600000,1704748500000,2027.048,2024.8369821428573,2028.2600357142858,2028.2600357142858,0.5481799752861797,0.5481799752861797,TARGET
scalper_filtered,1704778200000,2024,0.6682735463036839,1704779100000,1704779100000,2031.365,2029.2284285714284,2032.2781428571427,2032.2781428571427,0.4273870018720431,0.4273870018720431,TARGET
scalper_filtered,1704805200000,2024,0.737494226873667,1704806100000,1704806100000,2035.225,2031.8692500000002,2036.1465,2031.8692500000002,0.27460329285561463,-1.0,STOP
scalper_filtered,1704849300000,2024,0.7396329475509147,1704850200000,1704850200000,2028.665,2026.2101785714285,2029.014642857143,2029.014642857143,0.1424310758711371,0.1424310758711371,TARGET
scalper_filtered,1704891600000,2024,0.7836686022034095,1704892500000,1704892500000,2032.595,2028.6021250000001,2032.9907500000002,2032.9907500000002,0.09911404689606944,0.09911404689606944,TARGET
scalper_filtered,1704896100000,2024,0.6699648728312867,1704897000000,1704897000000,2030.245,2027.0933571428573,2031.5682857142858,2031.5682857142858,0.41987172223113434,0.41987172223113434,TARGET
scalper_filtered,1704898800000,2024,0.6633291031825913,1704899700000,1704900600000,2026.745,2022.8101607142858,2028.4346785714285,2028.4346785714285,0.4294148880649895,0.4294148880649895,TARGET
scalper_filtered,1704914100000,2024,0.6889328630382413,1704915000000,1704915000000,2022.545,2018.739,2023.707,2023.707,0.305307409353658,0.305307409353658,TARGET
scalper_filtered,1704981600000,2024,0.8223491154340338,1704982500000,1704982500000,2030.235,2022.0517142857143,2030.3715714285715,2030.3715714285715,0.016689070055714753,0.016689070055714753,TARGET
scalper_filtered,1705276800000,2024,0.7744575742179011,1705277700000,1705277700000,2046.915,2044.7354107142858,2047.5541785714286,2047.5541785714286,0.29325642937318697,0.29325642937318697,TARGET
scalper_filtered,1705303800000,2024,0.840226000739601,1705304700000,1705304700000,2054.585,2051.7138214285715,2054.867357142857,2054.867357142857,0.09834189543864562,0.09834189543864562,TARGET
scalper_filtered,1705361400000,2024,0.8154047188765852,1705362300000,1705362300000,2054.965,2052.3354464285717,2055.0131071428573,2055.0131071428573,0.018294794743809174,0.018294794743809174,TARGET
scalper_filtered,1705382100000,2024,0.8061405624447321,1705383000000,1705384800000,2049.065,2047.064375,2049.56525,2049.56525,0.25004686035614826,0.25004686035614826,TARGET
scalper_filtered,1705407300000,2024,0.7479310368017674,1705408200000,1705408200000,2038.875,2033.694767857143,2039.2154642857145,2039.2154642857145,0.06572375065930704,0.06572375065930704,TARGET
scalper_filtered,1705446900000,2024,0.679710488140671,1705447800000,1705448700000,2027.035,2024.6850178571428,2027.8139642857143,2027.8139642857143,0.33147668295347144,0.33147668295347144,TARGET
scalper_filtered,1705450500000,2024,0.7322067087041523,1705451400000,1705451400000,2027.115,2024.5046964285716,2027.5356071428573,2027.5356071428573,0.16113342044241363,0.16113342044241363,TARGET
scalper_filtered,1705498200000,2024,0.7609916906125725,1705499100000,1705499100000,2022.325,2016.7368571428572,2023.0612857142858,2023.0612857142858,0.13175857044251787,0.13175857044251787,TARGET
scalper_filtered,1705500000000,2024,0.7283955822736755,1705500900000,1705500900000,2019.745,2013.2691785714285,2020.4566428571427,2020.4566428571427,0.10989229165631846,0.10989229165631846,TARGET
scalper_filtered,1705675500000,2024,0.7156777709466754,1705676400000,1705676400000,2029.825,2024.3257142857144,2030.3235714285715,2024.3257142857144,0.09066112482141875,-1.0,STOP_BOTH
scalper_filtered,1705896000000,2024,0.6869787219666159,1705896900000,1705898700000,2026.905,2024.7355714285716,2028.0308571428573,2024.7355714285716,0.5189648360332955,-1.0,STOP
scalper_filtered,1705900500000,2024,0.6940568808359499,1705901400000,1705901400000,2023.075,2020.7887142857144,2023.7175714285715,2023.7175714285715,0.28105473631595806,0.28105473631595806,TARGET
scalper_filtered,1705932000000,2024,0.7238951591430979,1705932900000,1705933800000,2023.165,2018.9500357142858,2024.4249285714286,2018.9500357142858,0.2989179708352329,-1.0,STOP
scalper_filtered,1705949100000,2024,0.6751356637353507,1705950000000,1705968000000,2021.255,2018.3084464285714,2022.498107142857,2020.695,0.4218851321457896,-0.19005254322548965,16BAR_TIMEOUT
scalper_filtered,1705972500000,2024,0.7418967580720481,1705973400000,1705973400000,2020.495,2018.8101607142858,2020.9246785714286,2020.9246785714286,0.25502644381095624,0.25502644381095624,TARGET
scalper_filtered,1706007600000,2024,0.7470694149544918,1706008500000,1706013900000,2025.925,2021.928892857143,2026.6362142857145,2026.6362142857145,0.17797678097440225,0.17797678097440225,TARGET
scalper_filtered,1706052600000,2024,0.7377608685674136,1706053500000,1706053500000,2028.375,2026.2996964285712,2029.105607142857,2029.105607142857,0.3520483233949367,0.3520483233949367,TARGET
scalper_filtered,1706058000000,2024,0.7343764806763851,1706058900000,1706058900000,2027.815,2025.8268035714286,2028.3713928571428,2028.3713928571428,0.2798480316869724,0.2798480316869724,TARGET
scalper_filtered,1706066100000,2024,0.655521977612408,1706067000000,1706076900000,2024.645,2022.5492321428571,2025.7855357142857,2025.7855357142857,0.5442089926126885,0.5442089926126885,TARGET
scalper_filtered,1706106600000,2024,0.7166520438374687,1706107500000,1706107500000,2029.405,2024.2756428571429,2030.4927142857143,2024.2756428571429,0.21205664870286078,-1.0,STOP
scalper_filtered,1706108400000,2024,0.7755932783984473,1706109300000,1706109300000,2023.625,2016.4115714285715,2024.3418571428572,2024.3418571428572,0.09937814393789976,0.09937814393789976,TARGET
scalper_filtered,1706124600000,2024,0.6746618201414577,1706125500000,1706137200000,2012.745,2009.2316607142857,2014.8516785714285,2014.8516785714285,0.5996228659141065,0.5996228659141065,TARGET
scalper_filtered,1706163300000,2024,0.710247492265805,1706164200000,1706164200000,2015.275,2013.5810535714286,2015.812892857143,2015.812892857143,0.31753829287061913,0.31753829287061913,TARGET
scalper_filtered,1706166000000,2024,0.8295420437427521,1706166900000,1706166900000,2014.965,2012.712660714286,2015.1196785714287,2015.1196785714287,0.06867463193040597,0.06867463193040597,TARGET
scalper_filtered,1706202000000,2024,0.7154465225928496,1706202900000,1706206500000,2015.035,2009.8660714285713,2017.5128571428572,2017.5128571428572,0.4793753886547205,0.4793753886547205,TARGET
scalper_filtered,1706522400000,2024,0.6883935244252216,1706523300000,1706524200000,2028.405,2025.8869464285713,2029.9011071428572,2025.8869464285713,0.5941522292587113,-1.0,STOP
scalper_filtered,1706526900000,2024,0.682730476677947,1706527800000,1706528700000,2026.445,2024.099392857143,2027.8752142857143,2027.8752142857143,0.6097416142637917,0.6097416142637917,TARGET
scalper_filtered,1706539500000,2024,0.7565926218154654,1706540400000,1706543100000,2024.595,2019.5009107142857,2025.5731785714286,2025.5731785714286,0.19202226670265043,0.19202226670265043,TARGET
scalper_filtered,1706613300000,2024,0.715702155550609,1706614200000,1706615100000,2033.045,2030.0533214285715,2033.7873571428572,2033.7873571428572,0.24814067592250053,0.24814067592250053,TARGET
scalper_filtered,1706669100000,2024,0.6672314202075499,1706670000000,1706676300000,2033.495,2031.855732142857,2034.4935357142856,2034.4935357142856,0.6091351757644444,0.6091351757644444,TARGET
scalper_filtered,1706731200000,2024,0.7801574733752777,1706732100000,1706732100000,2036.435,2027.6652321428571,2037.6695357142858,2037.6695357142858,0.14077176664149713,0.14077176664149713,TARGET
scalper_filtered,1706773500000,2024,0.8110933538776751,1706774400000,1706774400000,2042.745,2039.9751071428573,2043.2147857142857,2039.9751071428573,0.1696042910375914,-1.0,STOP
scalper_filtered,1706775300000,2024,0.7087349249223998,1706776200000,1706776200000,2040.765,2037.6013214285715,2041.4523571428572,2041.4523571428572,0.2172651637447158,0.2172651637447158,TARGET
scalper_filtered,1706882400000,2024,0.7297157918956141,1706883300000,1706885100000,2031.535,2024.8226607142858,2033.2596785714284,2033.2596785714284,0.2569415069793745,0.2569415069793745,TARGET
scalper_filtered,1707111000000,2024,0.6569447360427577,1707111900000,1707114600000,2030.685,2027.8189107142857,2031.9471785714284,2027.8189107142857,0.4403835490121128,-1.0,STOP
scalper_filtered,1707121800000,2024,0.6627231117693465,1707122700000,1707129900000,2023.285,2019.6039642857143,2024.9470714285715,2024.9470714285715,0.45152276630215904,0.45152276630215904,TARGET
scalper_filtered,1707175800000,2024,0.7423037592973405,1707176700000,1707177600000,2024.795,2022.81825,2025.3585,2025.3585,0.2850638674591959,0.2850638674591959,TARGET
scalper_filtered,1707210000000,2024,0.688743426120167,1707210900000,1707210900000,2024.665,2021.6650178571429,2025.0549642857143,2025.0549642857143,0.12998886898137382,0.12998886898137382,TARGET
scalper_filtered,1707262200000,2024,0.6767447757696418,1707263100000,1707265800000,2035.165,2033.7642678571428,2035.8064642857141,2035.8064642857141,0.4579492867249743,0.4579492867249743,TARGET
scalper_filtered,1707266700000,2024,0.6973615369657137,1707267600000,1707267600000,2034.995,2033.7421428571429,2035.4907142857144,2035.4907142857144,0.3956670467504856,0.3956670467504856,TARGET
scalper_filtered,1707274800000,2024,0.6878163703253418,1707275700000,1707275700000,2035.035,2033.3051607142856,2035.2846785714285,2035.2846785714285,0.144336282272175,0.144336282272175,TARGET
scalper_filtered,1707341400000,2024,0.6761266280159915,1707342300000,1707346800000,2034.545,2032.8236607142858,2035.1676785714285,2035.1676785714285,0.36174075418840757,0.36174075418840757,TARGET
scalper_filtered,1707368400000,2024,0.7603811151683207,1707369300000,1707370200000,2032.285,2030.0685714285714,2032.904857142857,2032.904857142857,0.27966484047687074,0.27966484047687074,TARGET
scalper_filtered,1707391800000,2024,0.706535411245538,1707392700000,1707395400000,2029.935,2026.2014107142857,2031.3511785714284,2026.2014107142857,0.37930754109647147,-1.0,STOP
scalper_filtered,1707397200000,2024,0.7187123684874053,1707398100000,1707399900000,2024.985,2021.2551964285715,2026.6846071428572,2021.2551964285715,0.4556827485170746,-1.0,STOP
scalper_filtered,1707400800000,2024,0.6850691353046379,1707401700000,1707401700000,2022.955,2018.1752142857144,2023.9345714285714,2023.9345714285714,0.20494044861547173,0.20494044861547173,TARGET
scalper_filtered,1707457500000,2024,0.6729369662337569,1707458400000,1707460200000,2032.805,2031.4457142857143,2033.2225714285714,2033.2225714285714,0.30719915922222246,0.30719915922222246,TARGET
scalper_filtered,1707484500000,2024,0.6835187079011315,1707485400000,1707485400000,2026.835,2024.4173392857142,2027.5903214285713,2027.5903214285713,0.3124182909984531,0.3124182909984531,TARGET
scalper_filtered,1707489900000,2024,0.6593671934152521,1707490800000,1707494400000,2025.085,2020.698107142857,2027.5287857142857,2020.698107142857,0.557065283759223,-1.0,STOP
scalper_filtered,1707794100000,2024,0.6845494498178099,1707795000000,1707795000000,2017.475,2016.0681071428573,2018.2187857142858,2018.2187857142858,0.5286726068085417,0.5286726068085417,TARGET
scalper_filtered,1707831000000,2024,0.7100135891677329,1707831900000,1707831900000,2011.478,2008.5331964285715,2014.8986071428571,2008.5331964285715,1.1615739589712923,-1.0,STOP
scalper_filtered,1707867900000,2024,0.6676607938359913,1707868800000,1707869700000,1991.425,1989.9337678571428,1992.0974642857143,1992.0974642857143,0.4509454070819083,0.4509454070819083,TARGET
scalper_filtered,1707939900000,2024,0.6608953200542684,1707940800000,1707951600000,1991.665,1988.1014464285713,1992.9121071428572,1992.9121071428572,0.34996166547237517,0.34996166547237517,TARGET
scalper_filtered,1708332300000,2024,0.7519583968883483,1708333200000,1708344000000,2020.095,2018.0097857142857,2020.6654285714285,2018.0097857142857,0.27355872983244117,-1.0,STOP
scalper_filtered,1708353900000,2024,0.7339088215774289,1708354800000,1708357500000,2017.175,2014.8812142857143,2017.7425714285714,2014.8812142857143,0.247438731977727,-1.0,STOP
scalper_filtered,1708358400000,2024,0.7835542771414511,1708359300000,1708359300000,2014.655,2012.1726607142857,2015.2096785714286,2015.2096785714286,0.22344994281032196,0.22344994281032196,TARGET
scalper_filtered,1708388100000,2024,0.6659665279818502,1708389000000,1708389000000,2015.755,2014.2531785714284,2016.3286428571428,2016.3286428571428,0.38196475708048594,0.38196475708048594,TARGET
scalper_filtered,1708440300000,2024,0.7500542087535563,1708441200000,1708441200000,2028.058,2023.85625,2028.2325,2028.2325,0.0415303147498262,0.0415303147498262,TARGET
scalper_filtered,1708465500000,2024,0.6567917744087477,1708470000000,1708478100000,2023.588,2022.7140535714284,2024.9368928571428,2024.9368928571428,1.5434502768636622,1.5434502768636622,TARGET
scalper_filtered,1708497900000,2024,0.6683470625038862,1708498800000,1708502400000,2029.885,2028.2608214285715,2030.7123571428572,2028.2608214285715,0.509400356224071,-1.0,STOP
scalper_filtered,1708525800000,2024,0.7191375446315847,1708526700000,1708526700000,2028.775,2025.6422142857143,2029.6105714285713,2029.6105714285713,0.266718347431482,0.266718347431482,TARGET
scalper_filtered,1708527600000,2024,0.8002011785834582,1708528500000,1708528500000,2029.415,2025.0370535714287,2029.590892857143,2029.590892857143,0.040177023637182556,0.040177023637182556,TARGET
scalper_filtered,1708574400000,2024,0.7606983572763931,1708575300000,1708575300000,2026.545,2024.5934821428573,2027.1570357142857,2027.1570357142857,0.3136203504597793,0.3136203504597793,TARGET
scalper_filtered,1708607700000,2024,0.724590462921292,1708608600000,1708608600000,2026.465,2023.6985535714286,2027.1678928571428,2023.6985535714286,0.2540778848574526,-1.0,STOP_BOTH
scalper_filtered,1708614000000,2024,0.7161027773993058,1708614900000,1708615800000,2022.795,2018.1000178571428,2024.0639642857143,2024.0639642857143,0.27028096105642546,0.27028096105642546,TARGET
scalper_filtered,1708648200000,2024,0.8447772016722604,1708649100000,1708649100000,2024.325,2021.7964642857141,2024.4620714285713,2024.4620714285713,0.05420980522317837,0.05420980522317837,TARGET
scalper_filtered,1708669800000,2024,0.7736346442992399,1708670700000,1708670700000,2019.555,2017.141767857143,2019.7914642857145,2019.7914642857145,0.09798654738389774,0.09798654738389774,TARGET
scalper_filtered,1708723800000,2024,0.6560474495444117,1708724700000,1708902000000,2035.775,2034.013964285714,2036.8370714285713,2034.013964285714,0.6030947697172995,-1.0,STOP
scalper_filtered,1708945200000,2024,0.710017079393015,1708946100000,1708951500000,2032.415,2029.5460714285714,2033.412857142857,2033.412857142857,0.34781526204406354,0.34781526204406354,TARGET
scalper_filtered,1708957800000,2024,0.8245220070611213,1708958700000,1708958700000,2027.975,2024.0601785714287,2028.394642857143,2028.394642857143,0.10719335857325901,0.10719335857325901,TARGET
scalper_filtered,1708961400000,2024,0.8212741293249523,1708962300000,1708962300000,2028.245,2023.2789285714284,2028.3671428571429,2028.3671428571429,0.024595469255689922,0.024595469255689922,TARGET
scalper_filtered,1709029800000,2024,0.6574243538320645,1709030700000,1709031600000,2035.665,2033.4439285714286,2036.6871428571428,2036.6871428571428,0.46020260492041987,0.46020260492041987,TARGET
scalper_filtered,1709050500000,2024,0.6906620053838535,1709051400000,1709054100000,2033.855,2030.1301964285713,2034.884607142857,2030.1301964285713,0.2764191783842349,-1.0,STOP
scalper_filtered,1709107200000,2024,0.7602431899760959,1709108100000,1709108100000,2028.735,2026.822767857143,2028.9594642857144,2028.9594642857144,0.11738338702910578,0.11738338702910578,TARGET
scalper_filtered,1709112600000,2024,0.7379273214244724,1709113500000,1709116200000,2026.015,2024.0594642857143,2026.6260714285713,2026.6260714285713,0.3124828782758347,0.3124828782758347,TARGET
scalper_filtered,1709184600000,2024,0.7427442037446843,1709185500000,1709185500000,2035.445,2033.7065714285714,2035.6518571428571,2035.6518571428571,0.11899087846169025,0.11899087846169025,TARGET
scalper_filtered,1709207100000,2024,0.7811239769418135,1709208000000,1709211600000,2030.235,2027.774642857143,2030.7157142857143,2030.7157142857143,0.19538394542028725,0.19538394542028725,TARGET
scalper_filtered,1709251200000,2024,0.7196347202529194,1709252100000,1709256600000,2043.795,2042.0285535714286,2044.237892857143,2044.237892857143,0.2507253262704451,0.2507253262704451,TARGET
scalper_filtered,1709270100000,2024,0.8485564617623218,1709271000000,1709271000000,2044.355,2042.707875,2044.52925,2044.52925,0.1057903923503276,0.1057903923503276,TARGET
scalper_filtered,1709548200000,2024,0.722256507495161,1709549100000,1709558100000,2083.565,2081.2840892857143,2085.0668214285715,2081.2840892857143,0.6584306080748037,-1.0,STOP
scalper_filtered,1709602200000,2024,0.7928469890123866,1709603100000,1709603100000,2112.265,2109.229910714286,2112.6651785714284,2112.6651785714284,0.1318506751390067,0.1318506751390067,TARGET
scalper_filtered,1709685000000,2024,0.6579192859853562,1709685900000,1709689500000,2126.915,2125.0303214285714,2128.0443571428573,2125.0303214285714,0.599230638039917,-1.0,STOP
scalper_filtered,1709692200000,2024,0.7235250086492988,1709693100000,1709693100000,2124.785,2122.829375,2125.63625,2125.63625,0.4352828379674733,0.4352828379674733,TARGET
scalper_filtered,1709696700000,2024,0.7630106105447205,1709697600000,1709697600000,2124.695,2122.657946428571,2125.529107142857,2125.529107142857,0.40946745562098263,0.40946745562098263,TARGET
scalper_filtered,1709753400000,2024,0.71962219080828,1709754300000,1709757000000,2142.745,2136.2887499999997,2145.4574999999995,2145.4574999999995,0.4201355275894768,0.4201355275894768,TARGET
scalper_filtered,1709866800000,2024,0.7525513860613594,1709867700000,1709867700000,2155.635,2152.543017857143,2156.5989642857144,2156.5989642857144,0.31176256562184246,0.31176256562184246,TARGET
scalper_filtered,1709903700000,2024,0.7366369210585066,1709904600000,1709904600000,2163.995,2160.4199285714285,2165.2651428571426,2160.4199285714285,0.3552776168307848,-1.0,STOP_BOTH
scalper_filtered,1710147600000,2024,0.7294893567724712,1710148500000,1710149400000,2178.555,2174.093214285714,2179.1685714285713,2179.1685714285713,0.13751700952535076,0.13751700952535076,TARGET
scalper_filtered,1710162000000,2024,0.6891938498492678,1710162900000,1710162900000,2176.695,2173.028392857143,2178.0282142857145,2178.0282142857145,0.363609798860385,0.363609798860385,TARGET
scalper_filtered,1710225900000,2024,0.8310101021081295,1710226800000,1710226800000,2175.265,2172.3315535714287,2175.791892857143,2175.791892857143,0.17961563981919243,0.17961563981919243,TARGET
scalper_filtered,1710242100000,2024,0.7204626815057527,1710243000000,1710243000000,2172.855,2169.1019464285714,2173.341107142857,2173.341107142857,0.12952310261634323,0.12952310261634323,TARGET
scalper_filtered,1710245700000,2024,0.7446560368512265,1710246600000,1710246600000,2169.975,2165.841785714286,2170.7114285714288,2165.841785714286,0.1781733344855191,-1.0,STOP_BOTH
scalper_filtered,1710248400000,2024,0.813665501422401,1710249300000,1710249300000,2165.705,2154.921553571429,2166.040892857143,2166.040892857143,0.031148933633399555,0.031148933633399555,TARGET
scalper_filtered,1710270000000,2024,0.709232341885567,1710270900000,1710270900000,2153.315,2148.343375,2154.67825,2154.67825,0.2742061197294333,0.2742061197294333,TARGET
scalper_filtered,1710320400000,2024,0.6711882664378663,1710321300000,1710321300000,2158.995,2156.211125,2159.76275,2159.76275,0.2757846526873355,0.2757846526873355,TARGET
scalper_filtered,1710380700000,2024,0.7420040911083438,1710381600000,1710381600000,2174.665,2172.1492500000004,2175.1665000000003,2175.1665000000003,0.1993441319687533,0.1993441319687533,TARGET
scalper_filtered,1710396000000,2024,0.6573987921470554,1710396900000,1710396900000,2168.755,2166.664607142857,2169.755785714286,2169.755785714286,0.4787548478585005,0.4787548478585005,TARGET
scalper_filtered,1710398700000,2024,0.7618469919202786,1710399600000,1710404100000,2168.645,2166.258714285714,2169.457571428571,2169.457571428571,0.34051724137916745,0.34051724137916745,TARGET
scalper_filtered,1710416700000,2024,0.6619611132800688,1710417600000,1710418500000,2168.385,2165.8771607142858,2169.4406785714286,2165.8771607142858,0.42095144511131055,-1.0,STOP
scalper_filtered,1710420300000,2024,0.6800549092018241,1710421200000,1710421200000,2162.655,2158.17375,2164.6875,2164.6875,0.45355648535557624,0.45355648535557624,TARGET
scalper_filtered,1710423000000,2024,0.6556034307716809,1710423900000,1710429300000,2162.294,2157.1018035714287,2164.371392857143,2157.1018035714287,0.4000990497415848,-1.0,STOP
scalper_filtered,1710459900000,2024,0.6626234251866622,1710460800000,1710460800000,2161.595,2160.174285714286,2161.9164285714287,2161.9164285714287,0.22624434389167936,0.22624434389167936,TARGET
scalper_filtered,1710506700000,2024,0.733036928723097,1710507600000,1710507600000,2161.695,2155.2026607142857,2162.0196785714284,2162.0196785714284,0.05000948920562512,0.05000948920562512,TARGET
scalper_filtered,1710836100000,2024,0.8216670445307619,1710837000000,1710837000000,2150.565,2145.2693214285714,2150.5963571428574,2150.5963571428574,0.0059212700382795585,0.0059212700382795585,TARGET
scalper_filtered,1710856800000,2024,0.7588039236496683,1710857700000,1710857700000,2151.745,2146.097839285714,2152.6593214285713,2152.6593214285713,0.1619081649754371,0.1619081649754371,TARGET
scalper_filtered,1710911700000,2024,0.6992580500174062,1710912600000,1710912600000,2157.535,2155.6532142857145,2158.2085714285718,2158.2085714285718,0.3579426836215039,0.3579426836215039,TARGET
scalper_filtered,1710922500000,2024,0.6755198290073727,1710923400000,1710923400000,2156.285,2153.2355357142856,2156.6539285714284,2156.6539285714284,0.1209814370205528,0.1209814370205528,TARGET
scalper_filtered,1710926100000,2024,0.671810552708753,1710927000000,1710927900000,2155.495,2153.1687500000003,2156.6675,2153.1687500000003,0.5040300913488748,-1.0,STOP
scalper_filtered,1710933300000,2024,0.7184351376549158,1710934200000,1710934200000,2153.775,2150.983767857143,2154.6774642857144,2154.6774642857144,0.323321113947405,0.323321113947405,TARGET
scalper_filtered,1711071000000,2024,0.7898098108588388,1711071900000,1711071900000,2181.535,2178.2672857142857,2181.980428571429,2178.2672857142857,0.13631196992236252,-1.0,STOP_BOTH
scalper_filtered,1711091700000,2024,0.718803257773215,1711092600000,1711092600000,2164.915,2160.748392857143,2165.928214285714,2165.928214285714,0.24317490249858098,0.24317490249858098,TARGET
scalper_filtered,1711328400000,2024,0.7333167110926703,1711329300000,1711329300000,2165.645,2162.4623571428574,2166.730285714286,2166.730285714286,0.3410014139193291,0.3410014139193291,TARGET
scalper_filtered,1711348200000,2024,0.6700582181795669,1711349100000,1711350900000,2165.805,2162.725357142857,2167.1642857142856,2167.1642857142856,0.4413777107735115,0.4413777107735115,TARGET
scalper_filtered,1711414800000,2024,0.7348479046371946,1711415700000,1711415700000,2172.075,2169.543553571428,2172.6978928571425,2172.6978928571425,0.24606203398669713,0.24606203398669713,TARGET
scalper_filtered,1711417500000,2024,0.7349078301682945,1711418400000,1711418400000,2169.298,2166.112982142857,2170.148035714286,2170.148035714286,0.2668856981068064,0.2668856981068064,TARGET
scalper_filtered,1711437300000,2024,0.7749511078105876,1711438200000,1711438200000,2171.545,2168.4178928571428,2171.7392142857143,2171.7392142857143,0.06210669377217634,0.06210669377217634,TARGET
scalper_filtered,1711503000000,2024,0.7593747565542749,1711503900000,1711504800000,2175.165,2171.9424642857143,2175.9400714285716,2175.9400714285716,0.24051600891054167,0.24051600891054167,TARGET
scalper_filtered,1711544400000,2024,0.6854078084058213,1711545300000,1711546200000,2185.995,2180.7016249999997,2188.90175,2188.90175,0.5491298084870228,0.5491298084870228,TARGET
scalper_filtered,1711579500000,2024,0.8452669456576714,1711580400000,1711584000000,2192.278,2188.848017857143,2192.4989642857145,2188.848017857143,0.06442140994082209,-1.0,STOP
scalper_filtered,1711612800000,2024,0.7071854743062159,1711613700000,1711613700000,2192.825,2189.020357142857,2194.1342857142854,2194.1342857142854,0.34412841453108034,0.34412841453108034,TARGET
scalper_filtered,1711973700000,2024,0.7919360685243737,1711974600000,1711974600000,2248.255,2240.9489285714285,2248.6471428571426,2248.6471428571426,0.053673559172851305,0.053673559172851305,TARGET
scalper_filtered,1712020500000,2024,0.7262891212485902,1712021400000,1712025000000,2249.125,2244.454839285714,2250.8453214285714,2250.8453214285714,0.3683645025981678,0.3683645025981678,TARGET
scalper_filtered,1712071800000,2024,0.712140013452529,1712072700000,1712075400000,2256.955,2245.976589285714,2260.4018214285716,2260.4018214285716,0.3139636071445548,0.3139636071445548,TARGET
scalper_filtered,1712106900000,2024,0.7183242615291134,1712107800000,1712107800000,2279.985,2273.6711964285714,2282.349607142857,2282.349607142857,0.3745138910493487,0.3745138910493487,TARGET
scalper_filtered,1712146500000,2024,0.6860860840214341,1712147400000,1712147400000,2268.555,2262.9709821428573,2270.273035714286,2270.273035714286,0.30767016836963634,0.30767016836963634,TARGET
scalper_filtered,1712214900000,2024,0.78776342153775,1712215800000,1712215800000,2294.625,2291.496607142857,2295.631785714286,2295.631785714286,0.32182202180491987,0.32182202180491987,TARGET
scalper_filtered,1712250000000,2024,0.6644029458404516,1712250900000,1712252700000,2290.585,2283.2580535714287,2292.248892857143,2292.248892857143,0.22709226461033338,0.22709226461033338,TARGET
scalper_filtered,1712259900000,2024,0.662085742312631,1712260800000,1712261700000,2284.725,2275.4018571428574,2288.260285714286,2288.260285714286,0.3791946308725418,0.3791946308725418,TARGET
scalper_filtered,1712279700000,2024,0.6627692825649224,1712280600000,1712280600000,2270.565,2265.638053571429,2272.918892857143,2272.918892857143,0.4777589712550454,0.4777589712550454,TARGET
scalper_filtered,1712538000000,2024,0.6584733448942909,1712538900000,1712538900000,2306.695,2298.9166607142856,2310.4316785714286,2310.4316785714286,0.4803954204326272,0.4803954204326272,TARGET
scalper_filtered,1712577600000,2024,0.7532786059849025,1712578500000,1712578500000,2335.065,2328.7180357142856,2336.397928571428,2328.7180357142856,0.21001040992591943,-1.0,STOP_BOTH
scalper_filtered,1712710800000,2024,0.6735020006187704,1712711700000,1712711700000,2346.365,2343.016232142857,2347.962535714286,2347.962535714286,0.4770517941035005,0.4770517941035005,TARGET
scalper_filtered,1712736000000,2024,0.661272291205272,1712736900000,1712740500000,2354.045,2350.2025714285714,2356.728857142857,2350.2025714285714,0.6984793843179194,-1.0,STOP
scalper_filtered,1712741400000,2024,0.7934609062508909,1712742300000,1712745000000,2348.778,2342.5799464285715,2349.285107142857,2349.285107142857,0.08181716034128445,0.08181716034128445,TARGET
scalper_filtered,1712747700000,2024,0.8028803784348838,1712748600000,1712748600000,2347.995,2342.773517857143,2348.5979642857146,2348.5979642857146,0.11547761137890551,0.11547761137890551,TARGET
scalper_filtered,1712814300000,2024,0.8167847647419186,1712815200000,1712815200000,2341.865,2336.8094285714283,2342.6761428571426,2336.8094285714283,0.16044533612138775,-1.0,STOP
scalper_filtered,1712921400000,2024,0.8202415888609981,1712922300000,1712922300000,2394.605,2387.8299821428573,2395.2850357142856,2395.2850357142856,0.10037401061145185,0.10037401061145185,TARGET
scalper_filtered,1712935800000,2024,0.7610834452110354,1712936700000,1712938500000,2394.815,2374.3533928571433,2397.1282142857144,2374.3533928571433,0.11305144652442006,-1.0,STOP
scalper_filtered,1713157200000,2024,0.7375545046330416,1713158100000,1713159000000,2354.895,2349.1624464285715,2357.420107142857,2357.420107142857,0.4404855726848011,0.4404855726848011,TARGET
scalper_filtered,1713164400000,2024,0.7363419558567017,1713165300000,1713165300000,2353.245,2347.1255178571428,2355.3439642857143,2355.3439642857143,0.34299704398424613,0.34299704398424613,TARGET
scalper_filtered,1713168000000,2024,0.7799540822514732,1713168900000,1713168900000,2354.195,2345.71925,2355.2165,2355.2165,0.12052030793733005,0.12052030793733005,TARGET
scalper_filtered,1713189600000,2024,0.6863021638382142,1713190500000,1713190500000,2332.105,2318.5303750000003,2334.51325,2334.51325,0.1774082156965661,0.1774082156965661,TARGET
scalper_filtered,1713300300000,2024,0.6658421026663245,1713304800000,1713305700000,2381.725,2374.3945,2386.036,2386.036,0.5880908532842415,0.5880908532842415,TARGET
scalper_filtered,1713328200000,2024,0.6720531945651492,1713329100000,1713331800000,2381.655,2378.6509285714283,2383.253142857143,2378.6509285714283,0.5319922961693252,-1.0,STOP
scalper_filtered,1713473100000,2024,0.6796123782632227,1713477600000,1713483000000,2377.898,2374.7812678571427,2380.972464285714,2380.972464285714,0.9864384056100532,0.9864384056100532,TARGET
scalper_filtered,1713752100000,2024,0.7111809891143902,1713753000000,1713754800000,2375.625,2370.6439285714287,2377.3971428571426,2370.6439285714287,0.35577543557750346,-1.0,STOP
scalper_filtered,1713768300000,2024,0.697570923741147,1713769200000,1713769200000,2355.715,2348.0231785714286,2357.748642857143,2357.748642857143,0.2643902846715422,0.2643902846715422,TARGET
scalper_filtered,1713792600000,2024,0.664259903059208,1713793500000,1713796200000,2336.555,2326.025660714286,2340.843678571429,2340.843678571429,0.40730747248765253,0.40730747248765253,TARGET
scalper_filtered,1713924000000,2024,0.7859542745563616,1713924900000,1713924900000,2319.435,2313.860875,2319.45325,2319.45325,0.0032740564662758235,0.0032740564662758235,TARGET
scalper_filtered,1713946500000,2024,0.6631956471996243,1713947400000,1713950100000,2318.535,2314.0014285714283,2320.732142857143,2314.0014285714283,0.4846384118481908,-1.0,STOP
scalper_filtered,1713991500000,2024,0.705003869577105,1713996000000,1713996000000,2314.655,2311.7084464285713,2317.248107142857,2317.248107142857,0.8800475131355691,0.8800475131355691,TARGET
scalper_filtered,1714014000000,2024,0.6613404531617942,1714014900000,1714014900000,2306.715,2302.525267857143,2309.6434642857143,2309.6434642857143,0.6989621736813533,0.6989621736813533,TARGET
scalper_filtered,1714135500000,2024,0.8049267936001514,1714136400000,1714136400000,2344.675,2337.9973214285715,2345.1603571428573,2345.1603571428573,0.07268351383873799,0.07268351383873799,TARGET
scalper_filtered,1714139100000,2024,0.7191431337999253,1714140000000,1714140000000,2341.325,2333.715892857143,2343.013214285714,2343.013214285714,0.22186759287509897,0.22186759287509897,TARGET
scalper_filtered,1714142700000,2024,0.7063908439425365,1714143600000,1714145400000,2333.475,2324.5925,2336.63,2336.63,0.35519279482131194,0.35519279482131194,TARGET
scalper_filtered,1714341600000,2024,0.7693012439472701,1714342500000,1714342500000,2334.855,2330.711553571429,2335.791892857143,2335.791892857143,0.2261143889016227,0.2261143889016227,TARGET
scalper_filtered,1714351500000,2024,0.702012400744646,1714352400000,1714352400000,2331.985,2329.0526785714283,2333.4996428571426,2329.0526785714283,0.5165337068385919,-1.0,STOP
scalper_filtered,1714394700000,2024,0.6808024402585291,1714395600000,1714395600000,2331.775,2325.8082321428574,2332.9685357142857,2332.9685357142857,0.20003052621812392,0.20003052621812392,TARGET
scalper_filtered,1714397400000,2024,0.8104139997993135,1714398300000,1714398300000,2330.755,2322.5946607142855,2331.1756785714283,2331.1756785714283,0.05155160302766247,0.05155160302766247,TARGET
scalper_filtered,1714417200000,2024,0.7790177909841002,1714418100000,1714436100000,2337.565,2330.0642857142857,2338.7364285714284,2333.395,0.1561756023235571,-0.555947052661655,16BAR_TIMEOUT
scalper_filtered,1714444200000,2024,0.7650440270576329,1714445100000,1714445100000,2329.585,2324.9792857142857,2330.2764285714284,2330.2764285714284,0.15012406947885307,0.15012406947885307,TARGET
scalper_filtered,1714456800000,2024,0.7838221649529185,1714457700000,1714457700000,2321.795,2317.3355,2322.344,2322.344,0.12310797174570831,0.12310797174570831,TARGET
scalper_filtered,1714458600000,2024,0.740610687549672,1714459500000,1714459500000,2321.045,2316.9701607142856,2322.0546785714287,2322.0546785714287,0.24778365492065355,0.24778365492065355,TARGET
scalper_filtered,1714466700000,2024,0.668693281746955,1714467600000,1714468500000,2312.745,2308.1489107142856,2315.337178571429,2315.337178571429,0.5639965654031459,0.5639965654031459,TARGET
scalper_filtered,1714477500000,2024,0.7493705273741725,1714478400000,1714480200000,2312.605,2307.3776428571427,2313.5497142857143,2307.3776428571427,0.18072503176967655,-1.0,STOP
scalper_filtered,1714482000000,2024,0.6629730803057131,1714482900000,1714483800000,2305.965,2300.449410714286,2308.0561785714285,2308.0561785714285,0.3791396463918516,0.3791396463918516,TARGET
scalper_filtered,1714533300000,2024,0.8240297321761445,1714534200000,1714535100000,2287.325,2283.181910714286,2288.0211785714287,2283.181910714286,0.16803368776758104,-1.0,STOP
scalper_filtered,1714536900000,2024,0.7110586430892964,1714537800000,1714537800000,2283.345,2280.0137142857143,2284.5175714285715,2284.5175714285715,0.3519876495562587,0.3519876495562587,TARGET
scalper_filtered,1714634100000,2024,0.6615315256054538,1714635000000,1714635000000,2310.825,2305.863714285714,2312.3475714285714,2312.3475714285714,0.3068904949754229,0.3068904949754229,TARGET
scalper_filtered,1714655700000,2024,0.6550984205862929,1714656600000,1714656600000,2290.055,2282.280285714286,2293.274428571429,2293.274428571429,0.4140896312221791,0.4140896312221791,TARGET
scalper_filtered,1714657500000,2024,0.7793341046616539,1714658400000,1714658400000,2291.455,2281.4813035714287,2293.111392857143,2293.111392857143,0.1660761252365925,0.1660761252365925,TARGET
scalper_filtered,1714743000000,2024,0.7986735876716073,1714743900000,1714743900000,2286.465,2271.9192321428573,2287.656535714286,2287.656535714286,0.08191631586506948,0.08191631586506948,TARGET
scalper_filtered,1715013000000,2024,0.6698017628077327,1715013900000,1715013900000,2321.825,2313.978285714286,2324.7384285714284,2324.7384285714284,0.3712928068163333,0.3712928068163333,TARGET
scalper_filtered,1715032800000,2024,0.7107146927516723,1715033700000,1715035500000,2325.985,2321.709214285714,2326.703571428571,2326.703571428571,0.16805599639154373,0.16805599639154373,TARGET
scalper_filtered,1715037300000,2024,0.816316425251252,1715038200000,1715038200000,2324.905,2320.3990357142857,2325.4869285714285,2325.4869285714285,0.1291462902343063,0.1291462902343063,TARGET
scalper_filtered,1715048100000,2024,0.7167308885148067,1715049000000,1715049000000,2323.055,2317.6285000000003,2323.447,2323.447,0.07223809085051333,0.07223809085051333,TARGET
scalper_filtered,1715066100000,2024,0.7841793202477692,1715067000000,1715067000000,2320.448,2316.059410714286,2320.7861785714285,2320.7861785714285,0.07705860571859502,0.07705860571859502,TARGET
scalper_filtered,1715130900000,2024,0.7567250342310432,1715131800000,1715131800000,2313.115,2310.3041964285717,2313.8256071428573,2310.3041964285717,0.25281280772546366,-1.0,STOP
scalper_filtered,1715149800000,2024,0.7174804488286185,1715150700000,1715151600000,2316.095,2313.1321607142854,2317.1006785714285,2313.1321607142854,0.3394306860576834,-1.0,STOP
scalper_filtered,1715155200000,2024,0.7583624840616131,1715156100000,1715157900000,2306.555,2301.699232142857,2307.2665357142855,2307.2665357142855,0.14653412914684633,0.14653412914684633,TARGET
scalper_filtered,1715344200000,2024,0.7839158375960064,1715345100000,1715345100000,2369.068,2361.8462857142854,2369.8794285714284,2361.8462857142854,0.11235955056174116,-1.0,STOP
scalper_filtered,1715353200000,2024,0.722711070814252,1715354100000,1715355000000,2361.785,2351.932857142857,2365.6192857142855,2365.6192857142855,0.3891829188718811,0.3891829188718811,TARGET
scalper_filtered,1715578200000,2024,0.8101291718988961,1715579100000,1715580000000,2352.695,2349.824482142857,2353.585035714286,2349.824482142857,0.3100610268181604,-1.0,STOP_BOTH
scalper_filtered,1715582700000,2024,0.7488261721289317,1715583600000,1715583600000,2349.535,2345.640232142857,2350.5145357142856,2350.5145357142856,0.25150041034903337,0.25150041034903337,TARGET
scalper_filtered,1715780700000,2024,0.7000129795168583,1715781600000,1715781600000,2358.035,2347.311285714286,2360.582428571429,2360.582428571429,0.23755095515950975,0.23755095515950975,TARGET
scalper_filtered,1715825700000,2024,0.6853387453071054,1715826600000,1715833800000,2390.255,2384.3934642857143,2391.3880714285715,2391.3880714285715,0.1933062398323116,0.1933062398323116,TARGET
scalper_filtered,1715862600000,2024,0.6702570714765933,1715863500000,1715864400000,2382.075,2376.8762142857145,2384.0125714285714,2376.8762142857145,0.3726969209843497,-1.0,STOP
scalper_filtered,1716236100000,2024,0.6982621460422025,1716237000000,1716242400000,2426.355,2420.9943749999998,2428.79625,2428.79625,0.4554039874081359,0.4554039874081359,TARGET
scalper_filtered,1716255000000,2024,0.8480370212819779,1716255900000,1716255900000,2428.305,2421.9627142857144,2428.5995714285714,2421.9627142857144,0.046445625732067834,-1.0,STOP_BOTH
scalper_filtered,1716274800000,2024,0.7735730208352154,1716275700000,1716275700000,2413.865,2405.7226607142857,2414.0066785714284,2414.0066785714284,0.01740022940056475,0.01740022940056475,TARGET
scalper_filtered,1716378300000,2024,0.7702910685742184,1716379200000,1716379200000,2408.645,2402.343625,2409.2567500000005,2409.2567500000005,0.09708198607454455,0.09708198607454455,TARGET
scalper_filtered,1716388200000,2024,0.69837897620049,1716389100000,1716390000000,2388.775,2377.246071428571,2391.822857142857,2391.822857142857,0.26436603574857054,0.26436603574857054,TARGET
scalper_filtered,1716487200000,2024,0.6566602353203848,1716488100000,1716496200000,2334.908,2328.001767857143,2339.0214642857145,2328.001767857143,0.5956162782580597,-1.0,STOP
scalper_filtered,1716512400000,2024,0.7556024171457373,1716513300000,1716513300000,2329.155,2325.1118928571427,2329.6212142857144,2329.6212142857144,0.11531089066926394,0.11531089066926394,TARGET
scalper_filtered,1716517800000,2024,0.6765813242991993,1716518700000,1716518700000,2329.645,2322.929232142857,2329.9365357142856,2329.9365357142856,0.04341063010025285,0.04341063010025285,TARGET
scalper_filtered,1716553800000,2024,0.762344521346906,1716554700000,1716554700000,2339.275,2332.6205892857142,2339.9538214285712,2339.9538214285712,0.10201075012004346,0.10201075012004346,TARGET
scalper_filtered,1716853500000,2024,0.6977310300435193,1716854400000,1716854400000,2352.365,2349.896017857143,2353.0429642857143,2353.0429642857143,0.27459262420183395,0.27459262420183395,TARGET
scalper_filtered,1716858900000,2024,0.6878071488179784,1716859800000,1716859800000,2351.208,2347.737107142857,2351.5707857142856,2351.5707857142856,0.10452230282445955,0.10452230282445955,TARGET
scalper_filtered,1716963300000,2024,0.6588860286268237,1716964200000,1716965100000,2353.418,2349.9745535714283,2354.7758928571425,2354.7758928571425,0.3943412175300008,0.3943412175300008,TARGET
scalper_filtered,1716969600000,2024,0.6968487937079471,1716970500000,1716971400000,2351.145,2346.717125,2352.6177500000003,2346.717125,0.33260875702236564,-1.0,STOP
scalper_filtered,1716983100000,2024,0.725370509906639,1716984000000,1716985800000,2341.495,2336.145625,2343.01375,2343.01375,0.2839116719243358,0.2839116719243358,TARGET
scalper_filtered,1716986700000,2024,0.6896882639105023,1716987600000,1716987600000,2337.685,2331.970392857143,2339.3732142857143,2339.3732142857143,0.2954208825753793,0.2954208825753793,TARGET
scalper_filtered,1717064100000,2024,0.7082347886541438,1717065000000,1717065900000,2332.825,2328.1050892857143,2335.1548214285713,2335.1548214285713,0.4936155723284921,0.4936155723284921,TARGET
scalper_filtered,1717125300000,2024,0.6886044597579675,1717126200000,1717126200000,2339.555,2334.933357142857,2340.6682857142855,2340.6682857142855,0.24088527579863728,0.24088527579863728,TARGET
scalper_filtered,1717396200000,2024,0.6893865764812415,1717397100000,1717397100000,2318.395,2312.143017857143,2319.6189642857144,2319.6189642857144,0.1957721979600993,0.1957721979600993,TARGET
scalper_filtered,1717491600000,2024,0.7143690869416116,1717492500000,1717492500000,2330.165,2324.064089285714,2331.716821428571,2331.716821428571,0.25435898036295823,0.25435898036295823,TARGET
scalper_filtered,1717510500000,2024,0.6745346913288566,1717511400000,1717511400000,2320.555,2311.7363035714284,2323.0513928571427,2323.0513928571427,0.28307957727797967,0.28307957727797967,TARGET
scalper_filtered,1717549200000,2024,0.7176689072347152,1717550100000,1717550100000,2326.985,2324.8934642857143,2327.5680714285713,2327.5680714285713,0.27877670201309906,0.27877670201309906,TARGET
scalper_filtered,1717568100000,2024,0.7530320048297681,1717569000000,1717569000000,2331.185,2326.0305714285714,2331.773857142857,2331.773857142857,0.11424295335497325,0.11424295335497325,TARGET
scalper_filtered,1717661700000,2024,0.6601904389807364,1717662600000,1717666200000,2362.335,2359.04925,2364.1364999999996,2359.04925,0.5482766491667272,-1.0,STOP
scalper_filtered,1717722000000,2024,0.6719321115327413,1717722900000,1717723800000,2373.645,2371.418589285714,2375.6468214285715,2371.418589285714,0.8991249528789085,-1.0,STOP
scalper_filtered,1717725600000,2024,0.724277533269209,1717726500000,1717727400000,2371.785,2367.6148749999998,2372.60425,2372.60425,0.19645694073918446,0.19645694073918446,TARGET
scalper_filtered,1717763400000,2024,0.8116678274607526,1717764300000,1717765200000,2319.445,2309.2170714285717,2321.777857142857,2321.777857142857,0.22808696077265594,0.22808696077265594,TARGET
scalper_filtered,1717996500000,2024,0.7686949278172047,1717997400000,1717997400000,2295.435,2290.269678571429,2295.5356428571426,2295.5356428571426,0.01948433578325111,0.01948433578325111,TARGET
scalper_filtered,1718177400000,2024,0.6787417533587937,1718178300000,1718178300000,2312.615,2309.6755357142856,2313.7239285714286,2313.7239285714286,0.3772553307819429,0.3772553307819429,TARGET
scalper_filtered,1718193600000,2024,0.6642486226650411,1718194500000,1718194500000,2312.805,2310.0089821428573,2314.3770357142857,2314.3770357142857,0.5622409421563972,0.5622409421563972,TARGET
scalper_filtered,1718215200000,2024,0.664646033972515,1718216100000,1718216100000,2325.725,2319.620892857143,2329.5932142857146,2329.5932142857146,0.6337068133283674,0.6337068133283674,TARGET
scalper_filtered,1718240400000,2024,0.7191452644344991,1718241300000,1718241300000,2315.615,2311.9306428571426,2317.1127142857144,2311.9306428571426,0.40650627168928966,-1.0,STOP
scalper_filtered,1718242200000,2024,0.7526527502952776,1718243100000,1718243100000,2311.175,2305.923517857143,2312.1079642857144,2312.1079642857144,0.17765732803322576,0.17765732803322576,TARGET
scalper_filtered,1718279100000,2024,0.7304622740680103,1718280000000,1718280000000,2306.935,2301.631321428571,2308.272357142857,2308.272357142857,0.252156522090409,0.252156522090409,TARGET
scalper_filtered,1718322300000,2024,0.6670774106949986,1718323200000,1718323200000,2302.145,2300.9864464285715,2302.9711071428574,2302.9711071428574,0.71305044775687,0.71305044775687,TARGET
scalper_filtered,1718371800000,2024,0.7857137716848419,1718372700000,1718372700000,2330.675,2320.435392857143,2331.3932142857143,2331.3932142857143,0.07014080478811383,0.07014080478811383,TARGET
scalper_filtered,1718586000000,2024,0.8365864914803232,1718586900000,1718586900000,2325.298,2321.281214285714,2325.3125714285716,2325.3125714285716,0.003627634035835125,0.003627634035835125,TARGET
scalper_filtered,1718602200000,2024,0.8288308253247108,1718603100000,1718603100000,2321.265,2316.7454107142858,2321.4541785714287,2321.4541785714287,0.041857469665828775,0.041857469665828775,TARGET
scalper_filtered,1718604000000,2024,0.7227876841792314,1718604900000,1718609400000,2318.505,2315.0795535714287,2319.835892857143,2319.835892857143,0.3885312133454781,0.3885312133454781,TARGET
scalper_filtered,1718623800000,2024,0.7265843103160591,1718624700000,1718624700000,2319.505,2315.941107142857,2320.692785714286,2320.692785714286,0.3332832276102839,0.3332832276102839,TARGET
scalper_filtered,1718627400000,2024,0.8007855264690663,1718628300000,1718628300000,2319.565,2314.895767857143,2319.9934642857143,2319.9934642857143,0.09176332908819732,0.09176332908819732,TARGET
scalper_filtered,1718705700000,2024,0.6976686045652142,1718706600000,1718710200000,2309.965,2306.154607142857,2311.234785714286,2311.234785714286,0.3332427290024222,0.3332427290024222,TARGET
scalper_filtered,1718749800000,2024,0.7640203508301492,1718750700000,1718753400000,2328.895,2326.276589285714,2329.3708214285716,2329.3708214285716,0.18172146408338394,0.18172146408338394,TARGET
scalper_filtered,1718773200000,2024,0.7583045362815697,1718774100000,1718775900000,2327.978,2325.9739642857144,2328.626071428572,2328.626071428572,0.3233831732398574,0.3233831732398574,TARGET
scalper_filtered,1718800200000,2024,0.697408867987513,1718801100000,1718801100000,2327.105,2323.545660714286,2328.3736785714286,2328.3736785714286,0.35643653768008293,0.35643653768008293,TARGET
scalper_filtered,1718805600000,2024,0.6761159928852436,1718806500000,1718811000000,2326.425,2321.975821428571,2328.000357142857,2328.000357142857,0.3540782006308179,0.3540782006308179,TARGET
scalper_filtered,1718933400000,2024,0.8241007211955114,1718934300000,1718934300000,2359.775,2355.5778214285715,2359.838357142857,2359.838357142857,0.015095174479434346,0.015095174479434346,TARGET
scalper_filtered,1718977500000,2024,0.7625405263601105,1718978400000,1718978400000,2340.325,2331.3700357142857,2341.2549285714285,2331.3700357142857,0.10384503407927975,-1.0,STOP
scalper_filtered,1718979300000,2024,0.795391896215713,1718980200000,1718980200000,2334.945,2324.449125,2336.58675,2336.58675,0.1564185930186634,0.1564185930186634,TARGET
scalper_filtered,1718991900000,2024,0.6675092574357604,1718992800000,1718997300000,2319.215,2313.3318750000003,2323.1002500000004,2323.1002500000004,0.6604058217359613,0.6604058217359613,TARGET
scalper_filtered,1719186300000,2024,0.7580050057486402,1719187200000,1719187200000,2318.995,2316.4493035714286,2319.8263928571428,2319.8263928571428,0.32658758829679585,0.32658758829679585,TARGET
scalper_filtered,1719209700000,2024,0.8327061588291923,1719210600000,1719210600000,2323.275,2319.9493214285717,2323.7463571428575,2323.7463571428575,0.14173262169920517,0.14173262169920517,TARGET
scalper_filtered,1719288000000,2024,0.7488771817148969,1719288900000,1719288900000,2325.795,2320.8722857142857,2326.0794285714287,2326.0794285714287,0.0577788095998258,0.0577788095998258,TARGET
scalper_filtered,1719320400000,2024,0.7095108041255961,1719321300000,1719321300000,2325.195,2319.4009107142856,2325.9231785714283,2325.9231785714283,0.12567610465089427,0.12567610465089427,TARGET
scalper_filtered,1719324000000,2024,0.746066748250424,1719324900000,1719324900000,2323.615,2316.5448214285716,2325.035357142857,2325.035357142857,0.2008940974414617,0.2008940974414617,TARGET
scalper_filtered,1719329400000,2024,0.7467096900324602,1719330300000,1719330300000,2319.945,2312.1477142857143,2322.069571428571,2322.069571428571,0.27247576995652023,0.27247576995652023,TARGET
scalper_filtered,1719365400000,2024,0.7914218483521852,1719366300000,1719366300000,2314.375,2308.7416785714286,2314.610642857143,2314.610642857143,0.04183018138247398,0.04183018138247398,TARGET
scalper_filtered,1719444600000,2024,0.8286532612883125,1719445500000,1719445500000,2297.905,2295.8227857142856,2298.1994285714286,2298.1994285714286,0.14140166718112412,0.14140166718112412,TARGET
scalper_filtered,1719533700000,2024,0.6634221115871063,1719534600000,1719534600000,2325.028,2323.088375,2325.87725,2325.87725,0.437842366436925,0.437842366436925,TARGET
scalper_filtered,1719538200000,2024,0.7169352478110598,1719539100000,1719540000000,2320.585,2317.4770535714288,2321.760892857143,2321.760892857143,0.37835042661388074,0.37835042661388074,TARGET
scalper_filtered,1719581400000,2024,0.7669098313053182,1719582300000,1719583200000,2330.924,2324.26,2332.234,2332.234,0.19657863145257992,0.19657863145257992,TARGET
scalper_filtered,1719603000000,2024,0.6971461460615129,1719603900000,1719607500000,2324.795,2321.2235892857143,2326.3068214285713,2326.3068214285713,0.42331211656052226,0.42331211656052226,TARGET
scalper_filtered,1719784800000,2024,0.7426198673417873,1719785700000,1719785700000,2324.525,2321.134375,2325.24625,2325.24625,0.2127188940092327,0.2127188940092327,TARGET
scalper_filtered,1719839700000,2024,0.6836013642901985,1719840600000,1719840600000,2327.675,2323.164910714286,2329.6241785714287,2329.6241785714287,0.43218181458240645,0.43218181458240645,TARGET
scalper_filtered,1719841500000,2024,0.6797507939127435,1719842400000,1719842400000,2327.055,2320.8190178571426,2329.455964285714,2329.455964285714,0.38501782569473114,0.38501782569473114,TARGET
scalper_filtered,1719973800000,2024,0.666489243397673,1719974700000,1719977400000,2329.188,2326.658428571429,2329.888142857143,2329.888142857143,0.27678319308754507,0.27678319308754507,TARGET
scalper_filtered,1720132200000,2024,0.6993853530867296,1720133100000,1720133100000,2355.765,2352.847339285714,2356.6503214285713,2356.6503214285713,0.30343535978551633,0.30343535978551633,TARGET
scalper_filtered,1720410300000,2024,0.7256327224205528,1720411200000,1720413000000,2382.835,2378.622607142857,2384.359785714286,2384.359785714286,0.3619761418264119,0.3619761418264119,TARGET
scalper_filtered,1720422000000,2024,0.723443301318629,1720422900000,1720422900000,2379.785,2374.8415,2379.931,2379.931,0.029533731162170472,0.029533731162170472,TARGET
scalper_filtered,1720431900000,2024,0.6553375892233364,1720432800000,1720432800000,2370.008,2366.2019642857144,2372.1210714285717,2372.1210714285717,0.5551895954735178,0.5551895954735178,TARGET
scalper_filtered,1720454400000,2024,0.6757032101642098,1720455300000,1720457100000,2354.845,2347.309,2358.127,2358.127,0.43550955414017056,0.43550955414017056,TARGET
scalper_filtered,1720507500000,2024,0.6785724609026811,1720508400000,1720509300000,2364.045,2361.292214285714,2365.2695714285715,2361.292214285714,0.4448480759749401,-1.0,STOP
scalper_filtered,1720513800000,2024,0.6907395771736671,1720514700000,1720514700000,2359.518,2356.685535714286,2361.0039285714283,2361.0039285714283,0.5246062868021766,0.5246062868021766,TARGET
scalper_filtered,1720525500000,2024,0.703751375055351,1720526400000,1720526400000,2360.498,2355.725017857143,2360.914964285714,2360.914964285714,0.08735928047376745,0.08735928047376745,TARGET
scalper_filtered,1720563300000,2024,0.7926513107169948,1720564200000,1720565100000,2363.348,2361.0430357142855,2364.1869285714283,2364.1869285714283,0.3639659740620725,0.3639659740620725,TARGET
scalper_filtered,1720633500000,2024,0.6812639898392574,1720634400000,1720652400000,2372.955,2367.949196428571,2375.016607142857,2372.698,0.41184339605813763,-0.05134040845448338,16BAR_TIMEOUT
scalper_filtered,1720698300000,2024,0.6758747229472672,1720699200000,1720699200000,2380.695,2377.4092142857144,2382.0165714285718,2382.0165714285718,0.40220864763813347,0.40220864763813347,TARGET
scalper_filtered,1720736100000,2024,0.6560335420060204,1720737000000,1720739700000,2412.365,2409.4725535714283,2414.039892857143,2414.039892857143,0.5790575205123074,0.5790575205123074,TARGET
scalper_filtered,1720761300000,2024,0.7435835182832718,1720762200000,1720763100000,2408.005,2405.30475,2408.9745,2408.9745,0.3590408295526643,0.3590408295526643,TARGET
scalper_filtered,1720765800000,2024,0.7348938373731063,1720766700000,1720768500000,2404.665,2401.667482142857,2405.7700357142858,2401.667482142857,0.3686502522920795,-1.0,STOP
scalper_filtered,1720782000000,2024,0.8001031882472482,1720782900000,1720782900000,2401.755,2396.3084821428574,2401.9680357142856,2401.9680357142856,0.03911411288336179,0.03911411288336179,TARGET
scalper_filtered,1720994400000,2024,0.8504444730539995,1720995300000,1720996200000,2411.355,2407.95525,2411.5845,2407.95525,0.06750496360023932,-1.0,STOP
scalper_filtered,1721026800000,2024,0.7019323507073798,1721027700000,1721028600000,2402.895,2399.6204285714284,2404.434142857143,2404.434142857143,0.4700287932990098,0.4700287932990098,TARGET
scalper_filtered,1721090700000,2024,0.6745579900483785,1721091600000,1721091600000,2421.165,2418.9456607142856,2421.6136785714284,2421.6136785714284,0.20216763354595804,0.20216763354595804,TARGET
scalper_filtered,1721133000000,2024,0.7100764665795583,1721133900000,1721134800000,2434.358,2429.2342321428573,2436.8265357142855,2436.8265357142855,0.48178133418827346,0.48178133418827346,TARGET
scalper_filtered,1721175300000,2024,0.7061249516977909,1721176200000,1721176200000,2467.478,2464.8173392857143,2468.5393214285714,2468.5393214285714,0.3988939374617786,0.3988939374617786,TARGET
scalper_filtered,1721187000000,2024,0.7054652394273105,1721187900000,1721187900000,2471.455,2460.041910714286,2471.5501785714287,2471.5501785714287,0.008339422311176627,0.008339422311176627,TARGET
scalper_filtered,1721224800000,2024,0.6758366937339242,1721225700000,1721226600000,2467.468,2459.8460000000005,2472.023,2472.023,0.5976121752821643,0.5976121752821643,TARGET
scalper_filtered,1721262600000,2024,0.8532470363248371,1721263500000,1721263500000,2459.315,2456.0622857142857,2459.5504285714287,2459.5504285714287,0.07237911195048426,0.07237911195048426,TARGET
scalper_filtered,1721282400000,2024,0.6924745716201142,1721283300000,1721283300000,2466.235,2462.6089464285715,2468.2071071428572,2468.2071071428572,0.5438714856273088,0.5438714856273088,TARGET
scalper_filtered,1721318400000,2024,0.7604248126800796,1721319300000,1721322000000,2460.625,2452.8282142857142,2462.6285714285714,2452.8282142857142,0.25697402775868355,-1.0,STOP
scalper_filtered,1721347200000,2024,0.7957096820152642,1721348100000,1721348100000,2430.895,2427.532857142857,2432.759285714286,2427.532857142857,0.5544933078394486,-1.0,STOP
scalper_filtered,1721365200000,2024,0.7679903699796673,1721366100000,1721368800000,2425.305,2420.1334285714283,2426.918142857143,2420.1334285714283,0.3119250849424236,-1.0,STOP
scalper_filtered,1721369700000,2024,0.6586860706170157,1721370600000,1721370600000,2417.635,2411.641160714286,2419.3626785714287,2419.3626785714287,0.2882423917414965,0.2882423917414965,TARGET
scalper_filtered,1721387700000,2024,0.7253545606472038,1721388600000,1721390400000,2413.705,2407.7944107142857,2415.3561785714287,2407.7944107142857,0.2793593822226231,-1.0,STOP
scalper_filtered,1721613600000,2024,0.7244272141186644,1721614500000,1721616300000,2406.385,2402.313732142857,2407.9575357142858,2407.9575357142858,0.3862520888981841,0.3862520888981841,TARGET
scalper_filtered,1721623500000,2024,0.7123678225624324,1721624400000,1721624400000,2405.435,2401.146464285714,2406.872071428571,2406.872071428571,0.33509606175923123,0.33509606175923123,TARGET
scalper_filtered,1721628900000,2024,0.7170647626287858,1721629800000,1721629800000,2402.075,2396.840178571428,2402.7946428571427,2402.7946428571427,0.13747228381373894,0.13747228381373894,TARGET
scalper_filtered,1721651400000,2024,0.7674872942369496,1721652300000,1721652300000,2393.555,2386.0639285714287,2393.996142857143,2393.996142857143,0.05888915375448451,0.05888915375448451,TARGET
scalper_filtered,1721658600000,2024,0.7103873348798119,1721659500000,1721665800000,2388.795,2380.030892857143,2391.0832142857143,2391.0832142857143,0.26108926424744,0.26108926424744,TARGET
scalper_filtered,1721741400000,2024,0.697722580029476,1721742300000,1721745000000,2403.475,2398.073875,2405.45725,2405.45725,0.36700687356801986,0.36700687356801986,TARGET
scalper_filtered,1721784600000,2024,0.699566115067384,1721785500000,1721785500000,2407.685,2403.3282142857142,2407.7285714285713,2407.7285714285713,0.010000819739302634,0.010000819739302634,TARGET
scalper_filtered,1721807100000,2024,0.7805003085452215,1721808000000,1721816100000,2414.454,2409.582642857143,2415.349714285714,2415.349714285714,0.1838736638366361,0.1838736638366361,TARGET
scalper_filtered,1721844900000,2024,0.6751433343586214,1721845800000,1721850300000,2408.275,2402.5425535714285,2411.429892857143,2402.5425535714285,0.5503571461947285,-1.0,STOP
scalper_filtered,1721859300000,2024,0.8228568095899503,1721860200000,1721861100000,2396.705,2390.5340535714286,2397.616892857143,2397.616892857143,0.14777196135115597,0.14777196135115597,TARGET
scalper_filtered,1721870100000,2024,0.6726484467070405,1721871000000,1721871000000,2387.875,2382.9805,2390.6530000000002,2382.9805,0.5675758504444408,-1.0,STOP
scalper_filtered,1721916900000,2024,0.6955095465146595,1721917800000,1721918700000,2365.968,2352.6956964285714,2368.362607142857,2368.362607142857,0.18042136619088187,0.18042136619088187,TARGET
scalper_filtered,1721970900000,2024,0.7484636644946412,1721971800000,1721971800000,2372.265,2365.6594642857144,2372.8160714285714,2372.8160714285714,0.08342569814280622,0.08342569814280622,TARGET
scalper_filtered,1722217500000,2024,0.8066288827588022,1722218400000,1722218400000,2392.625,2386.1492678571426,2393.285464285714,2393.285464285714,0.10199067397230888,0.10199067397230888,TARGET
scalper_filtered,1722231000000,2024,0.6921867659707646,1722231900000,1722231900000,2391.955,2388.4121607142856,2393.370678571429,2393.370678571429,0.39958870760449094,0.39958870760449094,TARGET
scalper_filtered,1722266100000,2024,0.732521193622648,1722267000000,1722267000000,2374.815,2365.912267857143,2376.729464285714,2376.729464285714,0.21504233251026275,0.21504233251026275,TARGET
scalper_filtered,1722414600000,2024,0.7779861111819688,1722415500000,1722415500000,2418.905,2412.9760714285717,2419.9928571428572,2419.9928571428572,0.1834829227154846,0.1834829227154846,TARGET
scalper_filtered,1722505500000,2024,0.789183690510057,1722506400000,1722506400000,2432.935,2427.8906785714285,2434.4436428571425,2434.4436428571425,0.29907746334274304,0.29907746334274304,TARGET
scalper_filtered,1722597300000,2024,0.6988217431919508,1722598200000,1722600900000,2461.535,2457.2505892857143,2463.3238214285716,2457.2505892857143,0.4175186619264274,-1.0,STOP
scalper_filtered,1722611700000,2024,0.6823584926602505,1722612600000,1722613500000,2425.854,2401.2403571428576,2429.511285714286,2429.511285714286,0.14858774605258204,0.14858774605258204,TARGET
scalper_filtered,1722816000000,2024,0.8001260069491697,1722816900000,1722816900000,2435.265,2427.0510714285715,2436.4528571428573,2427.0510714285715,0.1446149832601779,-1.0,STOP
scalper_filtered,1722836700000,2024,0.7454678324592797,1722837600000,1722838500000,2437.875,2428.23375,2440.3365,2428.23375,0.2553092182030188,-1.0,STOP
scalper_filtered,1722861000000,2024,0.7362680077295283,1722861900000,1722861900000,2373.655,2357.5422500000004,2377.4075000000003,2377.4075000000003,0.23289010255853942,0.23289010255853942,TARGET
scalper_filtered,1722945600000,2024,0.7181520240194105,1722946500000,1722946500000,2410.515,2405.4281785714284,2412.237642857143,2405.4281785714284,0.33864818754346476,-1.0,STOP
scalper_filtered,1722954600000,2024,0.7074848573938822,1722955500000,1722969900000,2392.465,2381.210982142857,2396.163035714286,2394.335,0.3285969296679653,0.16616287833708965,16BAR_TIMEOUT
scalper_filtered,1722987000000,2024,0.7143435324466424,1722987900000,1722988800000,2385.735,2381.7918035714288,2386.991392857143,2381.7918035714288,0.31862294458362916,-1.0,STOP
scalper_filtered,1723056300000,2024,0.680733389641752,1723057200000,1723058100000,2386.125,2380.804785714286,2389.535428571429,2389.535428571429,0.6410321818402392,0.6410321818402392,TARGET
scalper_filtered,1723163400000,2024,0.7203758168225095,1723164300000,1723165200000,2424.405,2421.032642857143,2425.4497142857144,2421.032642857143,0.3097875585114018,-1.0,STOP
scalper_filtered,1723211100000,2024,0.7420411484567081,1723212000000,1723212000000,2426.508,2418.0388214285717,2426.8173571428574,2426.8173571428574,0.03652740820712712,0.03652740820712712,TARGET
scalper_filtered,1723413600000,2024,0.8098398120297599,1723414500000,1723414500000,2429.375,2425.4082321428573,2429.688535714286,2429.688535714286,0.07904060070503645,0.07904060070503645,TARGET
scalper_filtered,1723428000000,2024,0.7981345703060836,1723428900000,1723428900000,2425.945,2422.0765,2426.9320000000002,2426.9320000000002,0.2551376502520537,0.2551376502520537,TARGET
scalper_filtered,1723511700000,2024,0.6699818828428755,1723512600000,1723512600000,2464.115,2458.520857142857,2465.250285714286,2465.250285714286,0.20294185244777838,0.20294185244777838,TARGET
scalper_filtered,1723524300000,2024,0.7200717076532861,1723525200000,1723527900000,2461.895,2458.235017857143,2463.6949642857144,2463.6949642857144,0.4917959201596655,0.4917959201596655,TARGET
scalper_filtered,1723653000000,2024,0.6793176793520747,1723653900000,1723661100000,2442.755,2433.4058214285715,2447.188357142857,2447.188357142857,0.4741975039823731,0.4741975039823731,TARGET
scalper_filtered,1723699800000,2024,0.8607302024608393,1723700700000,1723700700000,2452.295,2449.020160714286,2452.5746785714286,2452.5746785714286,0.08540222802645873,0.08540222802645873,TARGET
scalper_filtered,1723725000000,2024,0.7919148174631371,1723725900000,1723725900000,2453.135,2447.7526964285717,2455.4996071428573,2447.7526964285717,0.43932994701549843,-1.0,STOP_BOTH
scalper_filtered,1723726800000,2024,0.6554452230277465,1723727700000,1723727700000,2437.448,2428.22,2439.605,2439.605,0.23374512353707602,0.23374512353707602,TARGET
scalper_filtered,1723775400000,2024,0.7245330039658301,1723776300000,1723778100000,2456.055,2451.8581785714287,2456.678642857143,2451.8581785714287,0.1485988545754294,-1.0,STOP
scalper_filtered,1724030100000,2024,0.680888152494561,1724031000000,1724031000000,2497.965,2492.433803571428,2499.6673928571427,2499.6673928571427,0.30778022063158267,0.30778022063158267,TARGET
scalper_filtered,1724062500000,2024,0.6845546295260233,1724063400000,1724064300000,2495.655,2491.0030535714286,2497.068892857143,2491.0030535714286,0.30393575653815075,-1.0,STOP
scalper_filtered,1724065200000,2024,0.7402254001085513,1724066100000,1724067900000,2490.985,2485.9025357142855,2492.2999285714286,2492.2999285714286,0.2587187036659301,0.2587187036659301,TARGET
scalper_filtered,1724074200000,2024,0.7237122978096215,1724075100000,1724075100000,2489.605,2482.3405714285714,2491.863857142857,2491.863857142857,0.31094767064557044,0.31094767064557044,TARGET
scalper_filtered,1724115600000,2024,0.6610704999910034,1724116500000,1724116500000,2502.745,2500.2689285714287,2504.2771428571427,2504.2771428571427,0.6187797490264396,0.6187797490264396,TARGET
scalper_filtered,1724160600000,2024,0.8705066553574891,1724161500000,1724161500000,2525.814,2516.700875,2525.83025,2525.83025,0.0017831424456624472,0.0017831424456624472,TARGET
scalper_filtered,1724169600000,2024,0.8049481727134662,1724170500000,1724173200000,2509.645,2495.6201964285715,2510.814607142857,2510.814607142857,0.08339561669438382,0.08339561669438382,TARGET
scalper_filtered,1724247900000,2024,0.7007649235120299,1724248800000,1724248800000,2502.864,2494.9758214285716,2503.4933571428573,2494.9758214285716,0.07978484984314338,-1.0,STOP_BOTH
scalper_filtered,1724294700000,2024,0.705508878363672,1724295600000,1724297400000,2502.158,2497.8521964285715,2503.7406071428572,2503.7406071428572,0.3675520995334942,0.3675520995334942,TARGET
scalper_filtered,1724301000000,2024,0.7310137215039483,1724301900000,1724303700000,2501.785,2497.2028392857146,2503.2063214285713,2503.2063214285713,0.31018585274417965,0.31018585274417965,TARGET
scalper_filtered,1724326200000,2024,0.7854828012173873,1724327100000,1724327100000,2501.715,2495.76125,2502.1625,2502.1625,0.07516271257606617,0.07516271257606617,TARGET
scalper_filtered,1724334300000,2024,0.6560426547414547,1724335200000,1724335200000,2487.385,2479.272660714286,2490.1486785714287,2479.272660714286,0.34067591037461536,-1.0,STOP
scalper_filtered,1724336100000,2024,0.7397013622230181,1724337000000,1724337900000,2477.678,2466.237892857143,2479.6392142857144,2479.6392142857144,0.1714332096040778,0.1714332096040778,TARGET
scalper_filtered,1724355000000,2024,0.7134273085043971,1724355900000,1724355900000,2482.155,2476.3637857142858,2482.5474285714286,2482.5474285714286,0.06776274405807838,0.06776274405807838,TARGET
scalper_filtered,1724420700000,2024,0.7817196741280689,1724421600000,1724421600000,2497.878,2492.101107142857,2498.7427857142857,2498.7427857142857,0.14969737810113756,0.14969737810113756,TARGET
scalper_filtered,1724648400000,2024,0.6637168790212514,1724649300000,1724652900000,2510.228,2507.2459285714285,2511.263142857143,2511.263142857143,0.34712208675660366,0.34712208675660366,TARGET
scalper_filtered,1724671800000,2024,0.7373381953315158,1724672700000,1724672700000,2523.285,2519.003142857143,2524.3787142857145,2524.3787142857145,0.25542988689830587,0.25542988689830587,TARGET
scalper_filtered,1724680800000,2024,0.7007741470248737,1724681700000,1724681700000,2514.785,2507.6645178571425,2516.3149642857143,2516.3149642857143,0.21486807424257723,0.21486807424257723,TARGET
scalper_filtered,1724717700000,2024,0.6686525197098669,1724718600000,1724718600000,2516.065,2513.8517678571425,2516.141464285714,2516.141464285714,0.034548696557043866,0.034548696557043866,TARGET
scalper_filtered,1724720400000,2024,0.7365911061589966,1724721300000,1724721300000,2510.725,2508.4515714285712,2511.521857142857,2511.521857142857,0.3505089857985372,0.3505089857985372,TARGET
scalper_filtered,1724723100000,2024,0.6637180077301085,1724724000000,1724724000000,2509.598,2506.7878571428573,2510.799285714286,2506.7878571428573,0.42748208021969775,-1.0,STOP
scalper_filtered,1724764500000,2024,0.7189520305227542,1724765400000,1724765400000,2506.575,2501.06225,2507.8505,2507.8505,0.2313727268605003,0.2313727268605003,TARGET
scalper_filtered,1724806800000,2024,0.6556954520157573,1724807700000,1724809500000,2521.155,2518.533857142857,2522.3562857142856,2518.533857142857,0.4583060824066166,-1.0,STOP
scalper_filtered,1724824800000,2024,0.7579947886329271,1724825700000,1724825700000,2506.195,2501.4534642857143,2507.1070714285715,2507.1070714285715,0.19235781053454493,0.19235781053454493,TARGET
scalper_filtered,1724841900000,2024,0.7349841544224333,1724842800000,1724845500000,2505.185,2500.6610892857143,2506.0728214285714,2500.6610892857143,0.19625087333573388,-1.0,STOP
scalper_filtered,1724848200000,2024,0.7717481543298881,1724849100000,1724849100000,2496.895,2491.349375,2497.84625,2497.84625,0.1715316127578115,0.1715316127578115,TARGET
scalper_filtered,1724877000000,2024,0.6559274870480737,1724877900000,1724882400000,2504.308,2500.9704107142857,2506.0841785714288,2506.0841785714288,0.5321740991413282,0.5321740991413282,TARGET
scalper_filtered,1724935500000,2024,0.7337699254440411,1724936400000,1724936400000,2509.185,2500.52625,2509.4925,2509.4925,0.03551320918145101,0.03551320918145101,TARGET
scalper_filtered,1724978700000,2024,0.7738469357311949,1724979600000,1724979600000,2517.655,2515.7337678571425,2518.1764642857142,2515.7337678571425,0.27142179962615787,-1.0,STOP
scalper_filtered,1724982300000,2024,0.6968123823427882,1724983200000,1724985000000,2515.925,2513.0371785714283,2516.8406428571425,2516.8406428571425,0.31707045597868266,0.31707045597868266,TARGET
scalper_filtered,1725026400000,2024,0.7741096325037189,1725027300000,1725028200000,2517.075,2508.009535714286,2517.934928571429,2508.009535714286,0.09485764262335172,-1.0,STOP
scalper_filtered,1725238800000,2024,0.8191228212079507,1725239700000,1725239700000,2501.765,2497.676178571429,2501.911642857143,2501.911642857143,0.035864333941878344,0.035864333941878344,TARGET
scalper_filtered,1725286500000,2024,0.7060840966907073,1725287400000,1725287400000,2500.285,2495.8718214285714,2500.9513571428574,2500.9513571428574,0.1509925628597183,0.1509925628597183,TARGET
scalper_filtered,1725321600000,2024,0.700286632423856,1725322500000,1725324300000,2497.065,2494.981142857143,2497.9627142857144,2494.981142857143,0.43079454308631726,-1.0,STOP
scalper_filtered,1725326100000,2024,0.8118282337927625,1725327000000,1725327000000,2491.915,2488.287392857143,2492.0272142857143,2492.0272142857143,0.030933417345178377,0.030933417345178377,TARGET
scalper_filtered,1725342300000,2024,0.7576287470928563,1725343200000,1725344100000,2494.905,2491.0846964285715,2495.7356071428576,2495.7356071428576,0.2174191467582167,0.2174191467582167,TARGET
scalper_filtered,1725363900000,2024,0.7928594660726556,1725364800000,1725364800000,2489.558,2482.073375,2489.5782499999996,2489.5782499999996,0.0027055463700022186,0.0027055463700022186,TARGET
scalper_filtered,1725411600000,2024,0.7455556083255823,1725412500000,1725413400000,2492.835,2490.4295535714286,2493.7458928571427,2493.7458928571427,0.37867933632747,0.37867933632747,TARGET
scalper_filtered,1725457500000,2024,0.6929034391358485,1725458400000,1725458400000,2485.115,2478.916392857143,2487.912214285714,2487.912214285714,0.45126497312186226,0.45126497312186226,TARGET
scalper_filtered,1725544800000,2024,0.8335940557761052,1725545700000,1725545700000,2513.635,2504.3354999999997,2513.9339999999997,2513.9339999999997,0.032152266250820606,0.032152266250820606,TARGET
scalper_filtered,1725582600000,2024,0.7328408835374054,1725583500000,1725584400000,2516.225,2514.784625,2516.77475,2514.784625,0.3816714397292934,-1.0,STOP
scalper_filtered,1725586200000,2024,0.8576404983425074,1725587100000,1725587100000,2514.945,2512.533946428571,2515.027107142857,2515.027107142857,0.03405446640827733,0.03405446640827733,TARGET
scalper_filtered,1725588000000,2024,0.756854244348863,1725588900000,1725588900000,2514.785,2511.885607142857,2514.913785714286,2514.913785714286,0.0444181663650144,0.0444181663650144,TARGET
scalper_filtered,1725609600000,2024,0.7652720560577987,1725610500000,1725615000000,2517.995,2513.8006250000003,2518.47275,2518.47275,0.11390254805544621,0.11390254805544621,TARGET
scalper_filtered,1725623100000,2024,0.6566162675385783,1725624000000,1725624000000,2516.135,2513.166142857143,2517.452714285714,2513.166142857143,0.4438456356460763,-1.0,STOP
scalper_filtered,1725624900000,2024,0.6964357850313171,1725625800000,1725625800000,2515.368,2510.312196428571,2515.660607142857,2510.312196428571,0.057875496688694524,-1.0,STOP_BOTH
scalper_filtered,1725935400000,2024,0.6576485557089968,1725936300000,1725937200000,2503.295,2500.4387500000003,2504.0275,2504.0275,0.2564551422319893,0.2564551422319893,TARGET
scalper_filtered,1725942600000,2024,0.6668082189970441,1725943500000,1725945300000,2501.935,2499.6935,2503.2079999999996,2503.2079999999996,0.5679232656701467,0.5679232656701467,TARGET
scalper_filtered,1725957000000,2024,0.6860821001563149,1725957900000,1725960600000,2502.255,2498.2690535714282,2503.5338928571427,2503.5338928571427,0.3208504880987199,0.3208504880987199,TARGET
scalper_filtered,1726125300000,2024,0.6695653588132529,1726126200000,1726126200000,2515.835,2513.120392857143,2516.9142142857145,2516.9142142857145,0.3975581838993614,0.3975581838993614,TARGET
scalper_filtered,1726184700000,2024,0.8210722614244763,1726185600000,1726185600000,2558.334,2555.356107142857,2558.901785714286,2558.901785714286,0.1906669385112593,0.1906669385112593,TARGET
scalper_filtered,1726254900000,2024,0.6804112543388473,1726255800000,1726446600000,2581.605,2576.2684285714286,2583.0081428571425,2582.095,0.2629296498553734,0.0918192525965963,16BAR_TIMEOUT
scalper_filtered,1726514100000,2024,0.7240522413138606,1726515000000,1726515000000,2581.275,2578.2339107142857,2582.1371785714286,2582.1371785714286,0.2835097856148662,0.2835097856148662,TARGET
scalper_filtered,1726535700000,2024,0.7240048415153074,1726536600000,1726536600000,2579.645,2577.21625,2580.2515000000003,2580.2515000000003,0.24971693257861644,0.24971693257861644,TARGET
scalper_filtered,1726542900000,2024,0.7271692588787931,1726543800000,1726547400000,2579.485,2575.8468035714286,2580.5513928571427,2575.8468035714286,0.29311030288742507,-1.0,STOP
scalper_filtered,1726562700000,2024,0.7396954635743658,1726563600000,1726564500000,2579.985,2575.5375,2581.5,2575.5375,0.34064080944346226,-1.0,STOP
scalper_filtered,1726576200000,2024,0.7959125257199017,1726577100000,1726577100000,2573.145,2565.240339285714,2574.1013214285717,2574.1013214285717,0.12098197040176784,0.12098197040176784,TARGET
scalper_filtered,1726667100000,2024,0.6979563049173945,1726668000000,1726668000000,2571.645,2566.1215535714286,2573.181892857143,2573.181892857143,0.2782488935156428,0.2782488935156428,TARGET
scalper_filtered,1726686000000,2024,0.6870523354529305,1726686900000,1726688700000,2565.915,2551.3475714285714,2569.789857142857,2551.3475714285714,0.26599458674928456,-1.0,STOP
scalper_filtered,1726753500000,2024,0.7200322401788942,1726754400000,1726754400000,2574.725,2566.0556428571426,2576.7637142857143,2576.7637142857143,0.23516325975728,0.23516325975728,TARGET
scalper_filtered,1727072100000,2024,0.7389767001489737,1727073000000,1727073900000,2628.308,2624.4995535714284,2629.8948928571426,2624.4995535714284,0.41667721652521544,-1.0,STOP
scalper_filtered,1727136000000,2024,0.8532906876691606,1727136900000,1727136900000,2626.054,2623.5575,2626.109,2626.109,0.022030843180385326,0.022030843180385326,TARGET
scalper_filtered,1727138700000,2024,0.8019541028171501,1727139600000,1727139600000,2625.045,2622.788535714286,2625.4779285714285,2625.4779285714285,0.19186147734281436,0.19186147734281436,TARGET
scalper_filtered,1727227800000,2024,0.6739749123814823,1727228700000,1727228700000,2657.244,2653.769732142857,2658.4955357142853,2658.4955357142853,0.3602300587480438,0.3602300587480438,TARGET
scalper_filtered,1727247600000,2024,0.708348842090285,1727248500000,1727250300000,2654.025,2649.0507142857145,2655.5435714285713,2655.5435714285713,0.30528431935666606,0.30528431935666606,TARGET
scalper_filtered,1727275500000,2024,0.734787198857021,1727276400000,1727282700000,2658.848,2650.873125,2660.78775,2650.873125,0.243232652549417,-1.0,STOP
scalper_filtered,1727331300000,2024,0.7480148637260222,1727332200000,1727332200000,2661.075,2656.2158214285714,2661.133357142857,2661.133357142857,0.012009672416761707,0.012009672416761707,TARGET
scalper_filtered,1727356500000,2024,0.7595904566895818,1727357400000,1727363700000,2667.715,2654.192839285714,2669.448321428571,2669.448321428571,0.12818376184063765,0.12818376184063765,TARGET
scalper_filtered,1727396100000,2024,0.7646417752449601,1727397000000,1727398800000,2670.935,2668.8074107142857,2671.5001785714285,2668.8074107142857,0.26564270426788955,-1.0,STOP
scalper_filtered,1727400600000,2024,0.7444015721093471,1727401500000,1727401500000,2667.695,2664.766678571428,2668.6916428571426,2668.6916428571426,0.34034612710820483,0.34034612710820483,TARGET
scalper_filtered,1727422200000,2024,0.7595012329652087,1727423100000,1727423100000,2665.285,2658.520357142857,2665.4342857142856,2665.4342857142856,0.022068528588777014,0.022068528588777014,TARGET
scalper_filtered,1727694000000,2024,0.6953516253105327,1727694900000,1727695800000,2638.148,2631.4355535714285,2640.043892857143,2640.043892857143,0.282444393011902,0.282444393011902,TARGET
scalper_filtered,1727842500000,2024,0.7967617075475699,1727843400000,1727846100000,2655.005,2650.9934107142853,2655.6571785714286,2650.9934107142853,0.1625736148391173,-1.0,STOP_BOTH
scalper_filtered,1727847900000,2024,0.7430277902594675,1727848800000,1727848800000,2647.895,2642.2151785714286,2648.754642857143,2648.754642857143,0.15135033168805043,0.15135033168805043,TARGET
scalper_filtered,1727919000000,2024,0.7179436053187387,1727919900000,1727919900000,2656.265,2653.709714285714,2657.1155714285715,2657.1155714285715,0.3328674456309712,0.3328674456309712,TARGET
scalper_filtered,1727935200000,2024,0.7905405723208453,1727936100000,1727936100000,2653.875,2649.692107142857,2654.1107857142856,2654.1107857142856,0.05636905422594384,0.05636905422594384,TARGET
scalper_filtered,1727946000000,2024,0.7036461972233407,1727946900000,1727947800000,2643.795,2638.352875,2645.97925,2645.97925,0.4013597629602002,0.4013597629602002,TARGET
scalper_filtered,1727960400000,2024,0.6867838634208331,1727961300000,1727961300000,2645.805,2638.784857142857,2646.855285714286,2646.855285714286,0.14961030504064485,0.14961030504064485,TARGET
scalper_filtered,1728045000000,2024,0.7299334515160074,1728045900000,1728045900000,2640.788,2634.8988035714287,2642.537392857143,2634.8988035714287,0.29705119847180916,-1.0,STOP_BOTH
scalper_filtered,1728261900000,2024,0.6913757288226641,1728262800000,1728262800000,2649.255,2646.2793035714285,2650.466392857143,2650.466392857143,0.4070955778659431,0.4070955778659431,TARGET
scalper_filtered,1728265500000,2024,0.7981642438998815,1728266400000,1728266400000,2646.055,2642.1228214285716,2646.878357142857,2646.878357142857,0.20938956049450513,0.20938956049450513,TARGET
scalper_filtered,1728280800000,2024,0.6886849693978653,1728281700000,1728281700000,2641.495,2638.1853571428574,2642.444285714286,2642.444285714286,0.28682421495638255,0.28682421495638255,TARGET
scalper_filtered,1728349200000,2024,0.7713103911625679,1728350100000,1728350100000,2641.085,2636.413857142857,2641.487285714286,2641.487285714286,0.08612147531962508,0.08612147531962508,TARGET
scalper_filtered,1728351000000,2024,0.7583106573511517,1728351900000,1728351900000,2640.505,2635.8242857142855,2641.6254285714285,2641.6254285714285,0.2393712803295686,0.2393712803295686,TARGET
scalper_filtered,1728401400000,2024,0.6957122549776669,1728402300000,1728402300000,2610.085,2599.5157142857142,2614.6935714285714,2614.6935714285714,0.4360343312833616,0.4360343312833616,TARGET
scalper_filtered,1728439200000,2024,0.8657857244490695,1728440100000,1728441900000,2619.535,2615.0923035714286,2619.8103928571427,2619.8103928571427,0.06198777286959444,0.06198777286959444,TARGET
scalper_filtered,1728443700000,2024,0.7132635674817516,1728444600000,1728450000000,2617.965,2613.1679642857143,2618.7990714285716,2618.7990714285716,0.17387225742086918,0.17387225742086918,TARGET
scalper_filtered,1728457200000,2024,0.71296521286358,1728458100000,1728458100000,2611.775,2606.789196428572,2613.3436071428573,2613.3436071428573,0.3146147096219959,0.3146147096219959,TARGET
scalper_filtered,1728542700000,2024,0.6983187121801103,1728543600000,1728544500000,2612.345,2608.867285714286,2613.660428571429,2613.660428571429,0.37824515280991716,0.37824515280991716,TARGET
scalper_filtered,1728671400000,2024,0.6598221020905805,1728672300000,1728856800000,2657.018,2654.2142321428573,2659.466535714286,2654.2142321428573,0.8733018705696403,-1.0,STOP
scalper_filtered,1728867600000,2024,0.695597704312818,1728868500000,1728868500000,2645.715,2641.2110357142856,2647.7029285714284,2647.7029285714284,0.44137307609952825,0.44137307609952825,TARGET
scalper_filtered,1728871200000,2024,0.8111192107473568,1728872100000,1728872100000,2645.705,2641.288375,2646.59725,2646.59725,0.20202077378086405,0.20202077378086405,TARGET
scalper_filtered,1728898200000,2024,0.6795100697916153,1728899100000,1728904500000,2658.895,2654.1743214285716,2661.5263571428573,2654.1743214285716,0.5574107838613284,-1.0,STOP
scalper_filtered,1728908100000,2024,0.7725323352951761,1728909000000,1728911700000,2654.205,2648.0385535714286,2654.666892857143,2648.0385535714286,0.07490421955228034,-1.0,STOP
scalper_filtered,1728938700000,2024,0.7967606781964173,1728943200000,1728943200000,2646.905,2644.5860714285714,2648.902857142857,2648.902857142857,0.8615432003694242,0.8615432003694242,TARGET
scalper_filtered,1728966600000,2024,0.6779723829067751,1728967500000,1728969300000,2644.795,2640.8070892857145,2646.830821428571,2640.8070892857145,0.5104982469337532,-1.0,STOP
scalper_filtered,1729036800000,2024,0.7123136453399981,1729037700000,1729040400000,2660.005,2657.4366071428576,2661.031785714286,2661.031785714286,0.39977751512210014,0.39977751512210014,TARGET
scalper_filtered,1729076400000,2024,0.7212352120641281,1729077300000,1729077300000,2675.525,2671.1743928571427,2676.651214285714,2676.651214285714,0.25886370539408066,0.25886370539408066,TARGET
scalper_filtered,1729094400000,2024,0.6639255285912717,1729095300000,1729098000000,2670.025,2662.8425535714287,2674.2498928571426,2674.2498928571426,0.5882247642441331,0.5882247642441331,TARGET
scalper_filtered,1729233000000,2024,0.7597715016627354,1729233900000,1729233900000,2706.615,2700.4184464285713,2706.858107142857,2706.858107142857,0.039232637958337736,0.039232637958337736,TARGET
scalper_filtered,1729240200000,2024,0.6824308756794648,1729241100000,1729242000000,2704.625,2699.1300357142854,2706.5849285714285,2706.5849285714285,0.3566772174523053,0.3566772174523053,TARGET
scalper_filtered,1729488600000,2024,0.6875762655032156,1729489500000,1729490400000,2727.155,2723.9533392857143,2729.1783214285715,2723.9533392857143,0.6319599761283786,-1.0,STOP
scalper_filtered,1729523700000,2024,0.7338764688461531,1729524600000,1729530000000,2721.885,2713.050392857143,2724.2242142857144,2724.2242142857144,0.2647785292417265,0.2647785292417265,TARGET
scalper_filtered,1729537200000,2024,0.7417652944552653,1729538100000,1729538100000,2716.765,2712.0252499999997,2718.4445,2718.4445,0.3543435835223637,0.3543435835223637,TARGET
scalper_filtered,1729597500000,2024,0.6719635937972892,1729598400000,1729598400000,2731.905,2727.2885535714286,2733.7368928571427,2733.7368928571427,0.39681882709712774,0.39681882709712774,TARGET
scalper_filtered,1729681200000,2024,0.7643280726738314,1729682100000,1729682100000,2751.458,2747.4433035714287,2752.368392857143,2752.368392857143,0.2267650551767908,0.2267650551767908,TARGET
scalper_filtered,1729687500000,2024,0.6884421585056771,1729688400000,1729688400000,2743.225,2738.4729642857146,2745.1390714285717,2738.4729642857146,0.40278978182293984,-1.0,STOP
scalper_filtered,1729777500000,2024,0.7079302641517382,1729778400000,1729778400000,2733.485,2726.756625,2735.00175,2735.00175,0.22542590149920932,0.22542590149920932,TARGET
scalper_filtered,1729780200000,2024,0.7380925026612773,1729781100000,1729781100000,2728.755,2718.9410535714287,2729.272892857143,2729.272892857143,0.052771111082787765,0.052771111082787765,TARGET
scalper_filtered,1729817100000,2024,0.7844590519743015,1729818000000,1729818000000,2732.375,2730.3549464285716,2732.785107142857,2732.785107142857,0.20301795390862643,0.20301795390862643,TARGET
scalper_filtered,1729821600000,2024,0.691469545061167,1729822500000,1729822500000,2728.995,2725.998928571428,2729.9171428571426,2729.9171428571426,0.30778400286081786,0.30778400286081786,TARGET
scalper_filtered,1729823400000,2024,0.687940323423684,1729824300000,1729825200000,2727.805,2724.521607142857,2728.971785714286,2724.521607142857,0.3553597650515376,-1.0,STOP
scalper_filtered,1729826100000,2024,0.6836072522595666,1729827000000,1729832400000,2726.865,2722.5025,2727.88,2727.88,0.232664756447081,0.232664756447081,TARGET
scalper_filtered,1729846800000,2024,0.6981559791072878,1729847700000,1729850400000,2720.325,2715.447482142857,2721.800035714286,2721.800035714286,0.3024152360869541,0.3024152360869541,TARGET
scalper_filtered,1730110500000,2024,0.727100017122561,1730111400000,1730116800000,2731.365,2724.873892857143,2733.397214285714,2733.397214285714,0.3130766818339701,0.3130766818339701,TARGET
scalper_filtered,1730153700000,2024,0.7086386653258827,1730154600000,1730154600000,2741.595,2738.4328035714284,2741.949392857143,2741.949392857143,0.11207174037038443,0.11207174037038443,TARGET
scalper_filtered,1730189700000,2024,0.7845021002579982,1730190600000,1730190600000,2749.995,2744.07325,2750.5285,2750.5285,0.09009161143243229,0.09009161143243229,TARGET
scalper_filtered,1730277900000,2024,0.690784065766355,1730278800000,1730281500000,2781.815,2777.3296785714283,2783.7656428571427,2783.7656428571427,0.43489477581626723,0.43489477581626723,TARGET
scalper_filtered,1730295000000,2024,0.7133172377163041,1730295900000,1730295900000,2775.178,2767.673392857143,2777.0382142857143,2777.0382142857143,0.24787630455579462,0.24787630455579462,TARGET
scalper_filtered,1730332800000,2024,0.7687107854531723,1730333700000,1730333700000,2786.545,2783.4009642857145,2786.9530714285715,2786.9530714285715,0.12979223700205422,0.12979223700205422,TARGET
scalper_filtered,1730358000000,2024,0.7147909342295824,1730358900000,1730358900000,2780.995,2776.0247142857143,2781.8155714285713,2781.8155714285713,0.16509542423544998,0.16509542423544998,TARGET
scalper_filtered,1730383200000,2024,0.6684315913635208,1730384100000,1730384100000,2752.525,2744.4989464285713,2755.0021071428573,2755.0021071428573,0.30863326799552654,0.30863326799552654,TARGET
scalper_filtered,1730484900000,2024,0.6767638661121538,1730485800000,1730674800000,2737.165,2730.7157142857145,2738.7835714285716,2730.7157142857145,0.2509690995680973,-1.0,STOP_BOTH
scalper_filtered,1730700900000,2024,0.757597714128114,1730701800000,1730702700000,2738.215,2733.828535714286,2739.2449285714288,2739.2449285714288,0.23479698097232213,0.23479698097232213,TARGET
scalper_filtered,1730774700000,2024,0.7534393674781978,1730775600000,1730775600000,2728.345,2722.768142857143,2728.548714285714,2728.548714285714,0.03652851068191296,0.03652851068191296,TARGET
scalper_filtered,1730852100000,2024,0.6807603354356434,1730853000000,1730853000000,2737.265,2733.4908571428573,2738.5732857142857,2738.5732857142857,0.3466444604262647,0.3466444604262647,TARGET
scalper_filtered,1730896200000,2024,0.7094944798100117,1730897100000,1730898000000,2700.565,2687.7666964285713,2704.261607142857,2687.7666964285713,0.2888357134385624,-1.0,STOP
scalper_filtered,1730901600000,2024,0.7835683450904601,1730902500000,1730907000000,2669.375,2649.9723035714283,2670.9803928571428,2670.9803928571428,0.08274070890367145,0.08274070890367145,TARGET
scalper_filtered,1731006000000,2024,0.7388587361570997,1731006900000,1731007800000,2692.845,2685.6397857142856,2694.4154285714285,2694.4154285714285,0.21795723335284944,0.21795723335284944,TARGET
scalper_filtered,1731031200000,2024,0.7453945262563995,1731032100000,1731032100000,2698.225,2692.650160714286,2699.5346785714287,2699.5346785714287,0.23492669551657525,0.23492669551657525,TARGET
scalper_filtered,1731050100000,2024,0.7129118831153008,1731051000000,1731051000000,2683.105,2678.039892857143,2684.5652142857143,2684.5652142857143,0.28828892351735547,0.28828892351735547,TARGET
scalper_filtered,1731078900000,2024,0.681457203394632,1731079800000,1731079800000,2690.095,2679.047517857143,2691.7299642857142,2691.7299642857142,0.1479942908775421,0.1479942908775421,TARGET
scalper_filtered,1731287700000,2024,0.6968621354328771,1731288600000,1731288600000,2675.595,2670.56325,2676.8385000000003,2676.8385000000003,0.24713071992856997,0.24713071992856997,TARGET
scalper_filtered,1731292200000,2024,0.705355113338494,1731293100000,1731293100000,2669.725,2663.8142857142857,2671.4964285714286,2671.4964285714286,0.2996978851964021,0.2996978851964021,TARGET
scalper_filtered,1731318300000,2024,0.7233752337654074,1731319200000,1731319200000,2666.705,2661.557589285714,2668.1798214285714,2668.1798214285714,0.28651714627673003,0.28651714627673003,TARGET
scalper_filtered,1731322800000,2024,0.7420278750164816,1731323700000,1731323700000,2663.705,2655.9023214285717,2664.820357142857,2664.820357142857,0.1429454170957896,0.1429454170957896,TARGET
scalper_filtered,1731328200000,2024,0.686339065247783,1731329100000,1731330000000,2661.465,2654.634125,2663.9367500000003,2654.634125,0.36184968982745525,-1.0,STOP
scalper_filtered,1731389400000,2024,0.7998134997029988,1731390300000,1731390300000,2610.428,2604.252982142857,2610.7990357142858,2610.7990357142858,0.06008658158885999,0.06008658158885999,TARGET
scalper_filtered,1731391200000,2024,0.7135602901879089,1731392100000,1731393000000,2607.055,2601.594,2608.857,2608.857,0.3299761948361482,0.3299761948361482,TARGET
scalper_filtered,1731395700000,2024,0.7458871134462889,1731396600000,1731396600000,2604.185,2596.1289821428572,2605.987035714286,2596.1289821428572,0.22368814794621916,-1.0,STOP
scalper_filtered,1731485700000,2024,0.6674908575187817,1731486600000,1731486600000,2604.585,2598.8462857142854,2604.9894285714286,2604.9894285714286,0.07047372482635475,0.07047372482635475,TARGET
scalper_filtered,1731538800000,2024,0.7095980240380451,1731539700000,1731539700000,2575.248,2569.2016964285713,2576.291607142857,2576.291607142857,0.172602505072453,0.172602505072453,TARGET
scalper_filtered,1731566700000,2024,0.7662176005206685,1731567600000,1731567600000,2554.905,2549.4924464285714,2556.310107142857,2556.310107142857,0.2596015215948666,0.2596015215948666,TARGET
scalper_filtered,1731577500000,2024,0.8282642897383079,1731578400000,1731578400000,2543.328,2532.986803571429,2544.018392857143,2544.018392857143,0.06676141024028988,0.06676141024028988,TARGET
scalper_filtered,1731614400000,2024,0.655940762044712,1731615300000,1731615300000,2566.165,2560.757607142857,2569.6987857142853,2569.6987857142853,0.6535100754918208,0.6535100754918208,TARGET
scalper_filtered,1732025700000,2024,0.663784904548199,1732026600000,1732036500000,2628.175,2620.7159821428572,2631.213035714286,2631.213035714286,0.40729701583654127,0.40729701583654127,TARGET
scalper_filtered,1732083300000,2024,0.7198637509602315,1732084200000,1732086900000,2631.045,2626.744607142857,2631.9057857142857,2626.744607142857,0.20016443680391954,-1.0,STOP
scalper_filtered,1732089600000,2024,0.79326404549622,1732090500000,1732092300000,2622.945,2616.223732142857,2623.667535714286,2623.667535714286,0.10749991365360484,0.10749991365360484,TARGET
scalper_filtered,1732285800000,2024,0.7735703412383981,1732286700000,1732286700000,2692.608,2679.946446428571,2693.082107142857,2693.082107142857,0.03744462637874376,0.03744462637874376,TARGET
scalper_filtered,1732513500000,2024,0.7445561668454287,1732514400000,1732518900000,2664.655,2651.8957857142855,2670.4004285714286,2670.4004285714286,0.45029642443273515,0.45029642443273515,TARGET
scalper_filtered,1732577400000,2024,0.838738682682105,1732578300000,1732578300000,2609.348,2602.2531785714286,2611.177642857143,2611.177642857143,0.25788427172738654,0.25788427172738654,TARGET
scalper_filtered,1732599000000,2024,0.777343317434242,1732599900000,1732599900000,2621.185,2615.3566071428572,2622.551785714286,2622.551785714286,0.23450473360094864,0.23450473360094864,TARGET
scalper_filtered,1732607100000,2024,0.7207485226260659,1732608000000,1732608000000,2613.905,2607.992482142857,2616.019035714286,2616.019035714286,0.3575525292886534,0.3575525292886534,TARGET
scalper_filtered,1732628700000,2024,0.790966478110137,1732629600000,1732629600000,2629.625,2620.228267857143,2631.045464285714,2631.045464285714,0.1511657738157065,0.1511657738157065,TARGET
scalper_filtered,1732631400000,2024,0.7032449762922988,1732632300000,1732632300000,2622.265,2612.343678571429,2625.016642857143,2625.016642857143,0.27734640762861845,0.27734640762861845,TARGET
scalper_filtered,1732720500000,2024,0.7010334543468779,1732721400000,1732722300000,2642.195,2631.2671785714288,2643.557642857143,2643.557642857143,0.12469483199827612,0.12469483199827612,TARGET
scalper_filtered,1732726800000,2024,0.6684047393477685,1732727700000,1732742100000,2639.994,2630.797392857143,2643.8702142857146,2636.905,0.42148307799851553,-0.33588474010213576,16BAR_TIMEOUT
scalper_filtered,1732757400000,2024,0.7986242823358611,1732758300000,1732758300000,2624.835,2618.460857142857,2625.5232857142855,2625.5232857142855,0.10798090499559218,0.10798090499559218,TARGET
scalper_filtered,1732798800000,2024,0.7446509718259143,1732799700000,1732799700000,2644.858,2640.9355178571427,2646.003964285714,2646.003964285714,0.2921528368970799,0.2921528368970799,TARGET
scalper_filtered,1732892400000,2024,0.6888477688310289,1732893300000,1732895100000,2654.165,2647.234107142857,2657.0167857142856,2657.0167857142856,0.41146007780894817,0.41146007780894817,TARGET
scalper_filtered,1733095800000,2024,0.660765273216802,1733096700000,1733099400000,2645.378,2640.492982142857,2647.9390357142856,2640.492982142857,0.524263327009233,-1.0,STOP
scalper_filtered,1733274000000,2024,0.7470534498608548,1733274900000,1733274900000,2639.225,2636.512142857143,2639.700714285714,2639.700714285714,0.17535545023696922,0.17535545023696922,TARGET
scalper_filtered,1733301000000,2024,0.7780927611943326,1733301900000,1733301900000,2640.268,2634.480357142857,2640.5842857142857,2640.5842857142857,0.05464845051647997,0.05464845051647997,TARGET
scalper_filtered,1733364000000,2024,0.7657717002039791,1733364900000,1733365800000,2647.135,2643.759625,2647.85575,2647.85575,0.2135318297966704,0.2135318297966704,TARGET
scalper_filtered,1733367600000,2024,0.7822319017720237,1733368500000,1733368500000,2647.805,2642.8316964285714,2648.121607142857,2648.121607142857,0.06366133462597526,0.06366133462597526,TARGET
scalper_filtered,1733382000000,2024,0.6729763406896456,1733382900000,1733382900000,2647.564,2643.248767857143,2649.1744642857143,2649.1744642857143,0.3732045536368764,0.3732045536368764,TARGET
scalper_filtered,1733391000000,2024,0.7186806579033034,1733391900000,1733392800000,2645.635,2639.482875,2646.29925,2646.29925,0.1079708230895509,0.1079708230895509,TARGET
scalper_filtered,1733446800000,2024,0.8940885504921088,1733447700000,1733447700000,2615.595,2610.6774285714287,2616.400142857143,2616.400142857143,0.16372774017375624,0.16372774017375624,TARGET
scalper_filtered,1733482800000,2024,0.7165032736022631,1733483700000,1733483700000,2636.155,2629.8964464285714,2637.092107142857,2637.092107142857,0.14973222361390806,0.14973222361390806,TARGET
scalper_filtered,1733491800000,2024,0.7402779313124597,1733492700000,1733492700000,2635.604,2628.0843928571426,2636.675214285714,2636.675214285714,0.14245615034978354,0.14245615034978354,TARGET
scalper_filtered,1733493600000,2024,0.6565156492741487,1733494500000,1733494500000,2628.015,2620.232660714286,2631.126678571429,2631.126678571429,0.3998384620856878,0.3998384620856878,TARGET
scalper_filtered,1733514300000,2024,0.6633381269476883,1733515200000,1733698800000,2634.715,2630.9528392857146,2636.7493214285714,2646.52,0.5407321970182267,3.137824483460889,TARGET_GAP
scalper_filtered,1733748300000,2024,0.7709806174316804,1733749200000,1733749200000,2656.095,2650.9131071428574,2657.698785714286,2657.698785714286,0.30949804608087117,0.30949804608087117,TARGET
scalper_filtered,1733773500000,2024,0.6642533592768227,1733774400000,1733775300000,2660.075,2656.9501785714288,2662.3646428571433,2656.9501785714288,0.7327275844336747,-1.0,STOP
scalper_filtered,1733892300000,2024,0.6568610382166272,1733893200000,1733893200000,2684.278,2677.78375,2687.2765,2677.78375,0.46171613350275553,-1.0,STOP
scalper_filtered,1733922900000,2024,0.699790256992706,1733923800000,1733923800000,2693.455,2687.6828035714284,2695.6363928571427,2695.6363928571427,0.37791382953379843,0.37791382953379843,TARGET
scalper_filtered,1733997600000,2024,0.8072447975046906,1733998500000,1733999400000,2713.415,2706.8757142857144,2714.232571428571,2714.232571428571,0.1250245767339966,0.1250245767339966,TARGET
scalper_filtered,1734048000000,2024,0.7759056485618357,1734048900000,1734048900000,2680.525,2677.4245892857143,2681.1758214285715,2681.1758214285715,0.20991458504919047,0.20991458504919047,TARGET
scalper_filtered,1734069600000,2024,0.702879318092222,1734070500000,1734071400000,2686.885,2683.1516071428573,2688.411785714286,2688.411785714286,0.4089539388721589,0.4089539388721589,TARGET
scalper_filtered,1734084000000,2024,0.7078892554857884,1734084900000,1734091200000,2669.345,2663.7103749999997,2672.30425,2663.7103749999997,0.5251902300508487,-1.0,STOP
scalper_filtered,1734120900000,2024,0.6654410827967512,1734121800000,1734122700000,2651.765,2647.671267857143,2653.142464285714,2647.671267857143,0.3364812932662911,-1.0,STOP
scalper_filtered,1734123600000,2024,0.7789516868235826,1734124500000,1734303600000,2648.595,2644.007642857143,2649.8197142857143,2649.8197142857143,0.26697600548096645,0.26697600548096645,TARGET
scalper_filtered,1734309900000,2024,0.8032665748411457,1734310800000,1734310800000,2647.045,2641.3296607142856,2647.4626785714286,2647.4626785714286,0.07308027582412982,0.07308027582412982,TARGET
scalper_filtered,1734362100000,2024,0.7103473764948502,1734363000000,1734363000000,2654.905,2647.799410714286,2656.486178571429,2656.486178571429,0.22252602955922823,0.22252602955922823,TARGET
scalper_filtered,1734417900000,2024,0.6976403420215707,1734418800000,1734418800000,2648.745,2644.3905,2650.1009999999997,2650.1009999999997,0.3114019979331251,0.3114019979331251,TARGET
scalper_filtered,1734490800000,2024,0.6741957253795933,1734491700000,1734494400000,2648.055,2644.539714285714,2649.6645714285714,2644.539714285714,0.45787783963917594,-1.0,STOP
scalper_filtered,1734523200000,2024,0.7016228782887164,1734524100000,1734524100000,2645.998,2642.8985000000002,2647.475,2647.475,0.4765284723342325,0.4765284723342325,TARGET
scalper_filtered,1734526800000,2024,0.6960109361270952,1734527700000,1734527700000,2643.075,2639.432732142857,2644.0595357142856,2644.0595357142856,0.27030843224640927,0.27030843224640927,TARGET
scalper_filtered,1734534000000,2024,0.6884592501768677,1734534900000,1734537600000,2636.665,2631.8094107142856,2638.381178571429,2638.381178571429,0.3534439324343186,0.3534439324343186,TARGET
scalper_filtered,1734562800000,2024,0.6581078115977674,1734563700000,1734568200000,2589.348,2576.147910714286,2594.4961785714286,2594.4961785714286,0.39001089007786405,0.39001089007786405,TARGET
scalper_filtered,1734616800000,2024,0.6827321066437682,1734617700000,1734620400000,2599.125,2591.1530000000002,2601.719,2591.1530000000002,0.3253888610135639,-1.0,STOP
scalper_filtered,1734653700000,2024,0.6830416454535547,1734654600000,1734654600000,2593.535,2590.662839285714,2595.0193214285714,2595.0193214285714,0.5167960905491036,0.5167960905491036,TARGET
scalper_filtered,1734913800000,2024,0.7298354633493866,1734914700000,1734914700000,2620.305,2615.3528928571427,2621.149214285714,2621.149214285714,0.17047577149698823,0.17047577149698823,TARGET
scalper_filtered,1734951600000,2024,0.7305126317029368,1734952500000,1734953400000,2619.425,2614.8773928571427,2621.0292142857143,2614.8773928571427,0.3527600857593146,-1.0,STOP
scalper_filtered,1734954300000,2024,0.7538758857757155,1734955200000,1734955200000,2616.085,2610.832375,2617.05925,2617.05925,0.18547868922676594,0.18547868922676594,TARGET
scalper_filtered,1734986700000,2024,0.7511548280922818,1734987600000,1734988500000,2610.785,2607.6148035714286,2611.635392857143,2611.635392857143,0.26824610913033287,0.26824610913033287,TARGET
scalper_filtered,1735034400000,2024,0.7181585575774456,1735035300000,1735035300000,2615.995,2611.3590357142857,2616.2669285714287,2616.2669285714287,0.05865631283372257,0.05865631283372257,TARGET
scalper_filtered,1735052400000,2024,0.7055000877316356,1735053300000,1735056000000,2612.645,2607.951625,2613.90175,2613.90175,0.26777106027113873,0.26777106027113873,TARGET
scalper_filtered,1735192800000,2024,0.8146996834485266,1735193700000,1735196400000,2626.855,2623.101357142857,2627.3422857142855,2627.3422857142855,0.12981674944332763,0.12981674944332763,TARGET
scalper_filtered,1735215300000,2024,0.656295707970626,1735216200000,1735216200000,2625.974,2623.2555357142855,2626.8539285714282,2626.8539285714282,0.3236859045940233,0.3236859045940233,TARGET
scalper_filtered,1735255800000,2024,0.7469034633721385,1735256700000,1735256700000,2633.255,2630.868321428571,2634.107357142857,2634.107357142857,0.3571310997050083,0.3571310997050083,TARGET
scalper_filtered,1735261200000,2024,0.7393940891212961,1735262100000,1735262100000,2632.715,2629.5216964285714,2633.011607142857,2633.011607142857,0.09288410457140583,0.09288410457140583,TARGET
scalper_filtered,1735279200000,2024,0.7318883009483035,1735280100000,1735280100000,2633.575,2629.775607142857,2633.8927857142858,2633.8927857142858,0.0836411832718275,0.0836411832718275,TARGET
scalper_filtered,1735306200000,2024,0.7088524555240955,1735307100000,1735307100000,2621.055,2615.6859285714286,2622.4931428571426,2622.4931428571426,0.26785690529088213,0.26785690529088213,TARGET
scalper_filtered,1735309800000,2024,0.7849964777875087,1735310700000,1735310700000,2616.035,2608.5847857142858,2616.6854285714285,2616.6854285714285,0.0873033373920302,0.0873033373920302,TARGET
scalper_filtered,1735536600000,2024,0.66569750934536,1735537500000,1735537500000,2621.978,2618.759232142857,2623.5255357142855,2623.5255357142855,0.48078512740555457,0.48078512740555457,TARGET
scalper_filtered,1735542000000,2024,0.6835174782618375,1735542900000,1735545600000,2618.745,2615.0020357142857,2620.0179285714285,2615.0020357142857,0.3400856845701087,-1.0,STOP
scalper_filtered,1735548300000,2024,0.7533526190362193,1735549200000,1735549200000,2611.765,2607.3322321428573,2612.7105357142855,2612.7105357142855,0.21330593993593341,0.21330593993593341,TARGET
scalper_filtered,1735556400000,2024,0.732337440040923,1735557300000,1735557300000,2612.835,2606.802517857143,2613.319964285714,2613.319964285714,0.08039216266692417,0.08039216266692417,TARGET
scalper_filtered,1735567200000,2024,0.7108734718802144,1735568100000,1735568100000,2611.885,2601.9515535714286,2612.0718928571428,2612.0718928571428,0.018814502950856744,0.018814502950856744,TARGET
scalper_filtered,1735623900000,2024,0.7130343803816326,1735624800000,1735624800000,2604.165,2601.219982142857,2604.985035714286,2604.985035714286,0.27844846926718636,0.27844846926718636,TARGET
scalper_filtered,1735793100000,2025,0.7930591777766919,1735794000000,1735794000000,2633.754,2629.3132142857144,2633.9475714285713,2633.9475714285713,0.04358945489054613,0.04358945489054613,TARGET
scalper_filtered,1735823700000,2025,0.7788456682519097,1735824600000,1735825500000,2640.445,2633.0272678571428,2641.5404642857143,2641.5404642857143,0.1476818338296223,0.1476818338296223,TARGET
scalper_filtered,1735869600000,2025,0.8254849735047249,1735870500000,1735870500000,2659.095,2654.3657321428573,2659.3435357142857,2659.3435357142857,0.052552682950824305,0.052552682950824305,TARGET
scalper_filtered,1735883100000,2025,0.802693197499196,1735884000000,1735884000000,2658.398,2654.221410714286,2659.0021785714284,2659.0021785714284,0.1446583635826588,0.1446583635826588,TARGET
scalper_filtered,1735893900000,2025,0.7779951117700141,1735894800000,1735894800000,2652.805,2647.640303571429,2654.104392857143,2654.104392857143,0.25159133263960254,0.25159133263960254,TARGET
scalper_filtered,1735937100000,2025,0.7379142583376644,1735938000000,1735939800000,2638.115,2635.3938035714286,2639.387392857143,2639.387392857143,0.46758581768800966,0.46758581768800966,TARGET
scalper_filtered,1736136900000,2025,0.7206656399871033,1736137800000,1736141400000,2637.798,2632.803053571429,2639.228892857143,2632.803053571429,0.2864681088386573,-1.0,STOP
scalper_filtered,1736142300000,2025,0.7085724771613623,1736143200000,1736148600000,2633.755,2629.6447500000004,2635.2405000000003,2629.6447500000004,0.3614135393225057,-1.0,STOP
scalper_filtered,1736262000000,2025,0.8008486075964385,1736262900000,1736262900000,2648.505,2638.2797499999997,2649.5454999999997,2649.5454999999997,0.1017579032297077,0.1017579032297077,TARGET
scalper_filtered,1736299800000,2025,0.7008130466741366,1736300700000,1736304300000,2648.675,2645.763482142857,2649.3980357142855,2649.3980357142855,0.24833634886056147,0.24833634886056147,TARGET
scalper_filtered,1736311500000,2025,0.7437899171760315,1736312400000,1736313300000,2646.848,2643.7700178571426,2647.744964285714,2647.744964285714,0.2914130895124333,0.2914130895124333,TARGET
scalper_filtered,1736335800000,2025,0.6954359383522289,1736336700000,1736336700000,2649.675,2645.7636071428574,2650.8347857142858,2650.8347857142858,0.29651475999595495,0.29651475999595495,TARGET
scalper_filtered,1736357400000,2025,0.6723469591828106,1736358300000,1736358300000,2653.178,2645.5074642857144,2656.327071428572,2656.327071428572,0.4105412641136818,0.4105412641136818,TARGET
scalper_filtered,1736386200000,2025,0.6700960379286647,1736387100000,1736387100000,2659.085,2655.7874464285715,2659.860107142857,2659.860107142857,0.23505520867738341,0.23505520867738341,TARGET
scalper_filtered,1736438400000,2025,0.6607610293907108,1736439300000,1736442000000,2669.775,2663.4995000000004,2673.233,2663.4995000000004,0.5510317902956303,-1.0,STOP
scalper_filtered,1736466300000,2025,0.8277914621411843,1736467200000,1736467200000,2669.865,2667.406839285714,2670.1613214285712,2670.1613214285712,0.12054599475507774,0.12054599475507774,TARGET
scalper_filtered,1736512200000,2025,0.7587717730289671,1736513100000,1736513100000,2677.285,2672.660785714286,2678.412428571429,2678.412428571429,0.24380975918697964,0.24380975918697964,TARGET
scalper_filtered,1736539200000,2025,0.7433075064235692,1736540100000,1736540100000,2688.225,2681.2964285714284,2689.251142857143,2689.251142857143,0.148103092783521,0.148103092783521,TARGET
scalper_filtered,1736839800000,2025,0.6710789415537224,1736840700000,1736841600000,2669.315,2665.235357142857,2670.4842857142858,2670.4842857142858,0.2866147246782707,0.2866147246782707,TARGET
scalper_filtered,1736861400000,2025,0.6655599556287588,1736862300000,1736862300000,2663.379,2658.122125,2666.20075,2666.20075,0.5367732730947656,0.5367732730947656,TARGET
scalper_filtered,1736878500000,2025,0.7088746726227786,1736879400000,1736879400000,2669.265,2664.226839285714,2671.031321428571,2671.031321428571,0.3505885438633984,0.3505885438633984,TARGET
scalper_filtered,1736946000000,2025,0.7890547269214288,1736946900000,1736946900000,2685.635,2680.7833571428573,2686.338285714286,2686.338285714286,0.1449582615609038,0.1449582615609038,TARGET
scalper_filtered,1737008100000,2025,0.7430669790360223,1737009000000,1737009000000,2691.825,2688.345214285714,2692.484571428571,2692.484571428571,0.18954369111395314,0.18954369111395314,TARGET
scalper_filtered,1737031500000,2025,0.6948727790145479,1737032400000,1737032400000,2703.565,2697.6181785714284,2704.670642857143,2704.670642857143,0.18592165082185336,0.18592165082185336,TARGET
scalper_filtered,1737099900000,2025,0.7470012579566425,1737100800000,1737102600000,2710.465,2706.991625,2711.59175,2711.59175,0.3243963004282265,0.3243963004282265,TARGET
scalper_filtered,1737108900000,2025,0.6711439238365652,1737109800000,1737114300000,2705.689,2701.6590714285717,2707.2988571428573,2707.2988571428573,0.39947535404750767,0.39947535404750767,TARGET
scalper_filtered,1737122400000,2025,0.7036789141758075,1737123300000,1737124200000,2706.989,2700.961517857143,2708.423964285714,2708.423964285714,0.2380702674357466,0.2380702674357466,TARGET
scalper_filtered,1737144000000,2025,0.665173987474411,1737144900000,1737145800000,2701.885,2697.8577142857143,2703.6395714285713,2703.6395714285713,0.4356709588165503,0.4356709588165503,TARGET
scalper_filtered,1737420300000,2025,0.6713546306286006,1737421200000,1737421200000,2705.325,2700.5484107142856,2707.1381785714284,2707.1381785714284,0.37959691800411494,0.37959691800411494,TARGET
scalper_filtered,1737442800000,2025,0.7963463567339419,1737443700000,1737443700000,2725.725,2720.498125,2726.3987500000003,2726.3987500000003,0.12890111204121069,0.12890111204121069,TARGET
scalper_filtered,1737458100000,2025,0.6937259464283826,1737459000000,1737459000000,2719.715,2713.824464285714,2721.386071428571,2721.386071428571,0.2836875132626934,0.2836875132626934,TARGET
scalper_filtered,1737552600000,2025,0.7146183214647983,1737553500000,1737553500000,2753.815,2748.395535714286,2755.5939285714285,2755.5939285714285,0.32824804771160027,0.32824804771160027,TARGET
scalper_filtered,1737556200000,2025,0.6710589556220519,1737557100000,1737557100000,2753.418,2747.2945714285715,2755.8548571428573,2755.8548571428573,0.3979563269876921,0.3979563269876921,TARGET
scalper_filtered,1737577800000,2025,0.7174928895435669,1737578700000,1737590400000,2755.795,2753.4844464285716,2757.206107142857,2753.4844464285716,0.6107225386618265,-1.0,STOP
scalper_filtered,1737596700000,2025,0.7730539983386167,1737597600000,1737597600000,2752.598,2749.0492678571427,2753.1254642857143,2753.1254642857143,0.148634572709585,0.148634572709585,TARGET
scalper_filtered,1737662400000,2025,0.7540344544859157,1737663300000,1737675000000,2753.475,2749.1472857142858,2754.9394285714284,2754.9394285714284,0.3383838383838267,0.3383838383838267,TARGET
scalper_filtered,1737706500000,2025,0.69563450177817,1737707400000,1737708300000,2771.985,2768.060892857143,2773.803214285714,2773.803214285714,0.46334470989752036,0.46334470989752036,TARGET
scalper_filtered,1737944100000,2025,0.748339129534832,1737945000000,1737947700000,2757.585,2750.9808392857144,2758.8923214285714,2758.8923214285714,0.19795421176585135,0.19795421176585135,TARGET
scalper_filtered,1737958500000,2025,0.7064533177802848,1737959400000,1737960300000,2752.505,2748.6476785714285,2754.3996428571427,2754.3996428571427,0.4911809638441712,0.4911809638441712,TARGET
scalper_filtered,1737982800000,2025,0.7610135360179064,1737983700000,1737984600000,2761.555,2755.0139285714286,2763.2071428571426,2755.0139285714286,0.25257985257983945,-1.0,STOP
scalper_filtered,1738124100000,2025,0.708299499808375,1738125000000,1738125000000,2763.475,2760.2728571428574,2763.609285714286,2763.609285714286,0.04193620343538984,0.04193620343538984,TARGET
scalper_filtered,1738126800000,2025,0.6867033481223739,1738127700000,1738128600000,2762.535,2760.29,2763.395,2760.29,0.3830734966593181,-1.0,STOP
scalper_filtered,1738134000000,2025,0.6586235535057499,1738134900000,1738137600000,2759.615,2756.8978392857143,2760.489321428571,2760.489321428571,0.3217775908413075,0.3217775908413075,TARGET
scalper_filtered,1738156500000,2025,0.7731275092468696,1738157400000,1738157400000,2754.765,2750.3749285714284,2755.535142857143,2755.535142857143,0.17542832039836234,0.17542832039836234,TARGET
scalper_filtered,1738164600000,2025,0.7646439017971796,1738165500000,1738165500000,2753.395,2745.108642857143,2753.7827142857145,2753.7827142857145,0.0467894732305563,0.0467894732305563,TARGET
scalper_filtered,1738298700000,2025,0.7474994728393621,1738299600000,1738305900000,2795.835,2793.1207857142854,2796.793428571428,2793.1207857142854,0.353114555646,-1.0,STOP
scalper_filtered,1738342800000,2025,0.6797265424620821,1738343700000,1738343700000,2806.128,2799.85375,2808.9775,2808.9775,0.45415786747417386,0.45415786747417386,TARGET
scalper_filtered,1738348200000,2025,0.7461454345488131,1738349100000,1738538100000,2802.105,2790.8713035714286,2803.4823928571427,2790.8713035714286,0.1226126116101445,-1.0,STOP
scalper_filtered,1738645200000,2025,0.6990339703985706,1738646100000,1738653300000,2816.378,2810.598732142857,2818.177535714286,2810.598732142857,0.3113778005741061,-1.0,STOP
scalper_filtered,1738763100000,2025,0.6791090158740536,1738764000000,1738764000000,2861.525,2855.4108928571427,2864.1232142857143,2864.1232142857143,0.42495399982473325,0.42495399982473325,TARGET
scalper_filtered,1738788300000,2025,0.7416433957420394,1738789200000,1738791900000,2862.365,2857.224464285714,2864.9660714285715,2864.9660714285715,0.5059922881856848,0.5059922881856848,TARGET
scalper_filtered,1738904400000,2025,0.7036805677058033,1738905300000,1738906200000,2866.485,2863.4635357142856,2868.1869285714283,2863.4635357142856,0.5632793938604289,-1.0,STOP
scalper_filtered,1738908000000,2025,0.7343943482034937,1738908900000,1738908900000,2862.665,2858.572482142857,2863.3500357142857,2863.3500357142857,0.16738734886400228,0.16738734886400228,TARGET
scalper_filtered,1738934100000,2025,0.6750497813963766,1738935000000,1738935000000,2862.205,2858.037875,2864.17925,2858.037875,0.47376788553264865,-1.0,STOP_BOTH
scalper_filtered,1738949400000,2025,0.72330710991056,1738950300000,1738951200000,2858.635,2848.06725,2863.2705,2863.2705,0.43864588015422346,0.43864588015422346,TARGET
scalper_filtered,1739196000000,2025,0.7461066225376151,1739196900000,1739196900000,2900.495,2893.0920178571428,2902.4309642857143,2902.4309642857143,0.2615114082886591,0.2615114082886591,TARGET
scalper_filtered,1739208600000,2025,0.728752323985304,1739209500000,1739209500000,2901.565,2892.974232142857,2902.9965357142855,2902.9965357142855,0.16663652633742104,0.16663652633742104,TARGET
scalper_filtered,1739241000000,2025,0.8950031261852662,1739241900000,1739241900000,2916.565,2899.157982142857,2916.7290357142856,2916.7290357142856,0.009423539151379196,0.009423539151379196,TARGET
scalper_filtered,1739257200000,2025,0.8636168252893721,1739258100000,1739259000000,2917.848,2909.042089285714,2918.9808214285713,2909.042089285714,0.12864330167844654,-1.0,STOP
scalper_filtered,1739264400000,2025,0.7026154653364195,1739265300000,1739275200000,2910.705,2900.45125,2912.7025,2900.45125,0.19480677800804327,-1.0,STOP
scalper_filtered,1739305800000,2025,0.7516703773260197,1739306700000,1739307600000,2896.505,2891.7414464285716,2898.0821071428572,2898.0821071428572,0.3310778642894939,0.3310778642894939,TARGET
scalper_filtered,1739321100000,2025,0.7872585427105068,1739322000000,1739322000000,2892.085,2887.1906964285713,2892.813607142857,2892.813607142857,0.1488684002174345,0.1488684002174345,TARGET
scalper_filtered,1739367000000,2025,0.76775371060047,1739367900000,1739367900000,2870.945,2859.482375,2872.0902499999997,2872.0902499999997,0.0999116694474055,0.0999116694474055,TARGET
scalper_filtered,1739453400000,2025,0.7225135688094685,1739454300000,1739456100000,2912.415,2904.927607142857,2913.2387857142853,2913.2387857142853,0.11002303872695486,0.11002303872695486,TARGET
scalper_filtered,1739551500000,2025,0.6741802410426025,1739552400000,1739560500000,2895.645,2881.8194642857143,2901.3960714285713,2881.8194642857143,0.41597458119679454,-1.0,STOP
scalper_filtered,1739840400000,2025,0.8137660770968849,1739841300000,1739841300000,2896.695,2893.4964464285717,2896.912107142857,2896.912107142857,0.06787666300053455,0.06787666300053455,TARGET
scalper_filtered,1739864700000,2025,0.8018667328636959,1739865600000,1739865600000,2911.395,2906.1432321428574,2912.7185357142857,2912.7185357142857,0.25201717788909955,0.25201717788909955,TARGET
scalper_filtered,1739924100000,2025,0.716913137812418,1739925000000,1739925900000,2933.365,2930.505035714286,2934.3149285714285,2930.505035714286,0.332147004832819,-1.0,STOP
scalper_filtered,1739933100000,2025,0.8062284540947916,1739934000000,1739934000000,2928.975,2921.4639821428573,2929.072035714286,2929.072035714286,0.012919116440885224,0.012919116440885224,TARGET
scalper_filtered,1739966400000,2025,0.7444278283711027,1739967300000,1739968200000,2934.655,2928.4489285714285,2936.327142857143,2936.327142857143,0.2694366116130172,0.2694366116130172,TARGET
scalper_filtered,1740144600000,2025,0.6985483720145428,1740145500000,1740145500000,2929.865,2923.9536785714286,2932.117642857143,2932.117642857143,0.38107263906433636,0.38107263906433636,TARGET
scalper_filtered,1740171600000,2025,0.7986369905090756,1740172500000,1740173400000,2935.135,2929.679107142857,2936.446785714286,2936.446785714286,0.24043465453471188,0.24043465453471188,TARGET
scalper_filtered,1740359700000,2025,0.7755932167021875,1740360600000,1740360600000,2925.795,2918.3910535714285,2926.382892857143,2926.382892857143,0.07940263517766381,0.07940263517766381,TARGET
scalper_filtered,1740393900000,2025,0.717202764925859,1740394800000,1740394800000,2938.185,2932.06875,2940.0675,2940.0675,0.3077866339669164,0.3077866339669164,TARGET
scalper_filtered,1740409200000,2025,0.7061851470685858,1740410100000,1740411000000,2936.225,2926.6878392857143,2938.3793214285715,2938.3793214285715,0.22588708454337814,0.22588708454337814,TARGET
scalper_filtered,1740465900000,2025,0.6746972344877468,1740466800000,1740466800000,2935.665,2931.1357857142857,2937.6434285714286,2937.6434285714286,0.4368149631755819,0.4368149631755819,TARGET
scalper_filtered,1740470400000,2025,0.7642392188926558,1740471300000,1740471300000,2933.135,2926.9799999999996,2934.1349999999998,2934.1349999999998,0.1624695369617285,0.1624695369617285,TARGET
scalper_filtered,1740499200000,2025,0.7144484486815421,1740500100000,1740500100000,2897.169,2882.0683392857145,2900.1183214285716,2900.1183214285716,0.19531075390506636,0.19531075390506636,TARGET
scalper_filtered,1740553200000,2025,0.6987194603542304,1740554100000,1740554100000,2911.545,2902.545875,2911.69325,2911.69325,0.016473823843954814,0.016473823843954814,TARGET
scalper_filtered,1740580200000,2025,0.7004783355905136,1740581100000,1740581100000,2895.025,2887.252053571429,2897.259892857143,2897.259892857143,0.2875219683655494,0.2875219683655494,TARGET
scalper_filtered,1740618000000,2025,0.6753910881265691,1740618900000,1740619800000,2915.495,2911.6301785714286,2916.684642857143,2916.684642857143,0.30781314974825896,0.30781314974825896,TARGET
scalper_filtered,1740633300000,2025,0.6822215879817882,1740634200000,1740636900000,2893.625,2887.7242857142855,2895.8564285714283,2895.8564285714283,0.3781624500665202,0.3781624500665202,TARGET
scalper_filtered,1740663000000,2025,0.7410453153369119,1740663900000,1740663900000,2886.065,2877.2364285714284,2888.1521428571427,2888.1521428571427,0.23640776699026533,0.23640776699026533,TARGET
scalper_filtered,1740690000000,2025,0.6682696557800711,1740690900000,1740691800000,2874.815,2868.2664285714286,2876.842142857143,2876.842142857143,0.3095549738219699,0.3095549738219699,TARGET
scalper_filtered,1740708000000,2025,0.7577501958778983,1740708900000,1740708900000,2874.375,2867.7044464285714,2875.296107142857,2875.296107142857,0.1380855626139449,0.1380855626139449,TARGET
scalper_filtered,1740715200000,2025,0.6642652925356909,1740716100000,1740721500000,2863.405,2855.543375,2866.10825,2866.10825,0.3438538470100042,0.3438538470100042,TARGET
scalper_filtered,1740732300000,2025,0.7040512571312967,1740733200000,1740733200000,2855.845,2848.1296785714285,2856.1046428571426,2856.1046428571426,0.033652889195426194,0.033652889195426194,TARGET
scalper_filtered,1740987900000,2025,0.7151365370977224,1740988800000,1740988800000,2863.205,2857.839660714286,2864.1256785714286,2864.1256785714286,0.17159745589250647,0.17159745589250647,TARGET
scalper_filtered,1741032000000,2025,0.7530718976714507,1741032900000,1741032900000,2883.305,2875.1154285714283,2884.1141428571427,2884.1141428571427,0.09880161180595788,0.09880161180595788,TARGET
scalper_filtered,1741070700000,2025,0.7355140817069279,1741071600000,1741071600000,2887.175,2882.184107142857,2888.096785714286,2888.096785714286,0.18469354896418586,0.18469354896418586,TARGET
scalper_filtered,1741132800000,2025,0.6995261911322717,1741133700000,1741133700000,2914.045,2910.0640892857145,2915.8268214285717,2915.8268214285717,0.44759140720679697,0.44759140720679697,TARGET
scalper_filtered,1741136400000,2025,0.8137831198042957,1741137300000,1741137300000,2908.045,2901.906875,2908.57025,2908.57025,0.08557173403932741,0.08557173403932741,TARGET
scalper_filtered,1741141800000,2025,0.7963328556639011,1741142700000,1741143600000,2907.295,2898.513821428571,2908.246357142857,2908.246357142857,0.10834048472176462,0.10834048472176462,TARGET
scalper_filtered,1741171500000,2025,0.7691257559313229,1741172400000,1741172400000,2913.215,2905.718928571429,2914.587142857143,2914.587142857143,0.18304826337607707,0.18304826337607707,TARGET
scalper_filtered,1741182300000,2025,0.7111868065892653,1741183200000,1741183200000,2899.735,2890.1401607142857,2902.1546785714286,2902.1546785714286,0.2521854196172997,0.2521854196172997,TARGET
scalper_filtered,1741222800000,2025,0.7491482477985073,1741223700000,1741223700000,2918.428,2914.2012142857143,2918.682571428572,2918.682571428572,0.060228136882274436,0.060228136882274436,TARGET
scalper_filtered,1741246200000,2025,0.7614252314538063,1741247100000,1741247100000,2915.115,2908.8819821428574,2915.9410357142856,2915.9410357142856,0.13252580583244405,0.13252580583244405,TARGET
scalper_filtered,1741250700000,2025,0.7032990731708024,1741251600000,1741253400000,2904.575,2897.6585714285716,2907.3978571428574,2897.6585714285716,0.40813797376854993,-1.0,STOP
scalper_filtered,1741305600000,2025,0.716554987529082,1741306500000,1741306500000,2899.378,2892.9733035714285,2901.1473928571427,2901.1473928571427,0.27626490605380816,0.27626490605380816,TARGET
scalper_filtered,1741347900000,2025,0.7040414990479255,1741348800000,1741349700000,2918.548,2914.4436250000003,2920.4477500000003,2920.4477500000003,0.46285975331219875,0.46285975331219875,TARGET
scalper_filtered,1741371300000,2025,0.684358355636728,1741372200000,1741379400000,2906.055,2897.335607142857,2910.8037857142854,2910.8037857142854,0.5446234379031791,0.5446234379031791,TARGET
scalper_filtered,1741592700000,2025,0.768928561829487,1741593600000,1741593600000,2908.135,2901.628357142857,2909.118285714286,2909.118285714286,0.1511202836661135,0.1511202836661135,TARGET
scalper_filtered,1741671900000,2025,0.8727847427813794,1741672800000,1741672800000,2895.655,2890.6504285714286,2895.914142857143,2895.914142857143,0.05178122859097072,0.05178122859097072,TARGET
scalper_filtered,1741698900000,2025,0.7201483463355983,1741699800000,1741699800000,2911.445,2904.142857142857,2911.7092857142857,2911.7092857142857,0.03619289836639807,0.03619289836639807,TARGET
scalper_filtered,1741730400000,2025,0.7289769400219869,1741731300000,1741733100000,2917.085,2912.4471428571433,2917.5707142857145,2917.5707142857145,0.10472816879721933,0.10472816879721933,TARGET
scalper_filtered,1741757400000,2025,0.7530733878713006,1741758300000,1741758300000,2914.725,2910.149910714286,2915.3941785714287,2915.3941785714287,0.14626568568144557,0.14626568568144557,TARGET
scalper_filtered,1741785300000,2025,0.7922233024217941,1741786200000,1741786200000,2910.725,2902.870875,2911.52325,2911.52325,0.10163449142970049,0.10163449142970049,TARGET
scalper_filtered,1741844700000,2025,0.6786858376232475,1741845600000,1741845600000,2939.895,2936.1979285714287,2941.619142857143,2936.1979285714287,0.46635367762130614,-1.0,STOP
scalper_filtered,1741869000000,2025,0.7492692783794875,1741869900000,1741869900000,2946.078,2938.7664464285713,2946.502107142857,2946.502107142857,0.058005065368619185,0.058005065368619185,TARGET
scalper_filtered,1741870800000,2025,0.6974227275048845,1741871700000,1741871700000,2942.345,2935.868982142857,2944.4760357142854,2944.4760357142854,0.3290657563482782,0.3290657563482782,TARGET
scalper_filtered,1741979700000,2025,0.6720690431720495,1741980600000,1741984200000,2984.249,2980.39975,2986.5355,2986.5355,0.5940118204845891,0.5940118204845891,TARGET
scalper_filtered,1742346900000,2025,0.7073503789426597,1742347800000,1742349600000,3029.465,3026.2946785714284,3030.6246428571426,3030.6246428571426,0.36578084691711843,0.36578084691711843,TARGET
scalper_filtered,1742393700000,2025,0.7547943568812092,1742394600000,1742394600000,3030.145,3022.706392857143,3031.6212142857144,3031.6212142857144,0.19845305140652653,0.19845305140652653,TARGET
scalper_filtered,1742436000000,2025,0.7125951138597576,1742436900000,1742438700000,3051.048,3045.930910714286,3052.4531785714285,3045.930910714286,0.2746050523979898,-1.0,STOP
scalper_filtered,1742454900000,2025,0.6740364204197054,1742455800000,1742457600000,3046.638,3041.3151964285717,3049.624607142857,3041.3151964285717,0.5610966293944015,-1.0,STOP
scalper_filtered,1742516100000,2025,0.7321397243199359,1742517000000,1742517000000,3043.478,3040.966071428571,3044.292857142857,3044.292857142857,0.3243950294308452,0.3243950294308452,TARGET
scalper_filtered,1742529600000,2025,0.6738559576112584,1742530500000,1742533200000,3031.018,3027.13175,3032.6915,3027.13175,0.43062077838529905,-1.0,STOP
scalper_filtered,1742535000000,2025,0.8374952121370458,1742535900000,1742535900000,3024.935,3019.387625,3025.13975,3025.13975,0.03690934901640371,0.03690934901640371,TARGET
scalper_filtered,1742828400000,2025,0.7133815019910641,1742829300000,1742830200000,3010.485,3002.4489642857143,3013.1020714285714,3013.1020714285714,0.3256669733210468,0.3256669733210468,TARGET
scalper_filtered,1742868000000,2025,0.7977142171014291,1742868900000,1742868900000,3011.025,3006.647053571429,3011.920892857143,3011.920892857143,0.2046376929822785,0.2046376929822785,TARGET
scalper_filtered,1742904000000,2025,0.6671556162155005,1742904900000,1742905800000,3017.858,3013.391410714286,3019.531178571429,3019.531178571429,0.37459870706718795,0.37459870706718795,TARGET
scalper_filtered,1742929200000,2025,0.7131914299318696,1742930100000,1742940000000,3019.495,3015.789946428571,3021.145107142857,3021.145107142857,0.4453666083485645,0.4453666083485645,TARGET
scalper_filtered,1742981400000,2025,0.6575440317889357,1742982300000,1742984100000,3019.205,3015.4688035714285,3020.8573928571427,3020.8573928571427,0.44226605552818166,0.44226605552818166,TARGET
scalper_filtered,1743001200000,2025,0.7908046519522439,1743002100000,1743002100000,3017.165,3008.8749285714284,3018.6251428571427,3018.6251428571427,0.17613151704705216,0.17613151704705216,TARGET
scalper_filtered,1743057900000,2025,0.6791167981378702,1743058800000,1743058800000,3029.815,3024.0345535714287,3031.5358928571427,3031.5358928571427,0.2977093341159038,0.2977093341159038,TARGET
scalper_filtered,1743172200000,2025,0.7214946091465078,1743173100000,1743174900000,3073.798,3063.321607142857,3076.9517857142855,3076.9517857142855,0.30103736632360684,0.30103736632360684,TARGET
scalper_filtered,1743382800000,2025,0.6619021844724123,1743383700000,1743383700000,3080.798,3073.410910714286,3082.6331785714287,3082.6331785714287,0.24843053880207713,0.24843053880207713,TARGET
scalper_filtered,1743415200000,2025,0.6640344666134131,1743416100000,1743416100000,3114.738,3108.401678571429,3118.140642857143,3118.140642857143,0.5370060366256858,0.5370060366256858,TARGET
scalper_filtered,1743486300000,2025,0.678130222640795,1743487200000,1743487200000,3131.848,3127.2204464285714,3136.153107142857,3127.2204464285714,0.9303203250715101,-1.0,STOP
scalper_filtered,1743508800000,2025,0.7468083206442436,1743509700000,1743509700000,3131.845,3124.5395000000003,3133.616,3133.616,0.24242009444943,0.24242009444943,TARGET
scalper_filtered,1743524100000,2025,0.7151757657738446,1743525000000,1743527700000,3107.615,3095.270357142857,3111.4542857142856,3111.4542857142856,0.3110082453348819,0.3110082453348819,TARGET
scalper_filtered,1743545700000,2025,0.8079994169228818,1743546600000,1743546600000,3111.225,3105.2017857142855,3111.9614285714283,3111.9614285714283,0.12226504595312744,0.12226504595312744,TARGET
scalper_filtered,1743615000000,2025,0.691380394817506,1743615900000,1743624000000,3123.755,3117.1066071428572,3127.361785714286,3117.1066071428572,0.5425049018291178,-1.0,STOP
scalper_filtered,1743659100000,2025,0.7599304234713271,1743660000000,1743660000000,3131.435,3119.677839285714,3131.9993214285714,3131.9993214285714,0.0479981044986295,0.0479981044986295,TARGET
scalper_filtered,1743661800000,2025,0.8177289874653026,1743662700000,1743662700000,3124.215,3111.7937142857145,3124.9375714285716,3124.9375714285716,0.05817203188075786,0.05817203188075786,TARGET
scalper_filtered,1743674400000,2025,0.7695112848787453,1743675300000,1743675300000,3119.125,3107.6409999999996,3120.862,3107.6409999999996,0.1512539184952998,-1.0,STOP
scalper_filtered,1743676200000,2025,0.7499306208704039,1743677100000,1743677100000,3106.925,3096.0495535714285,3110.084892857143,3096.0495535714285,0.2905529329666296,-1.0,STOP_BOTH
scalper_filtered,1743678000000,2025,0.7883983804136486,1743678900000,1743678900000,3097.995,3081.4312142857143,3099.592571428572,3099.592571428572,0.09644965566018174,0.09644965566018174,TARGET
scalper_filtered,1743726600000,2025,0.78686000501102,1743727500000,1743728400000,3110.635,3102.8110892857144,3111.8228214285714,3111.8228214285714,0.15181939977948664,0.15181939977948664,TARGET
scalper_filtered,1743733800000,2025,0.7852572192424955,1743734700000,1743734700000,3098.335,3087.1598035714283,3098.5243928571426,3098.5243928571426,0.016947608782819226,0.016947608782819226,TARGET
scalper_filtered,1743735600000,2025,0.718276979340724,1743736500000,1743738300000,3093.335,3082.3506964285716,3095.8126071428574,3095.8126071428574,0.225558873782576,0.225558873782576,TARGET
scalper_filtered,1743750000000,2025,0.7461483140492958,1743750900000,1743750900000,3099.815,3090.8975535714285,3102.799892857143,3102.799892857143,0.3347250674340076,0.3347250674340076,TARGET
scalper_filtered,1743769800000,2025,0.7436584254852054,1743770700000,1743775200000,3088.295,3059.567392857143,3092.2602142857145,3059.567392857143,0.13802800442084026,-1.0,STOP
scalper_filtered,1744047000000,2025,0.6555574316715431,1744047900000,1744054200000,2967.945,2945.0749285714287,2978.225142857143,2978.225142857143,0.449502000431007,0.449502000431007,TARGET
scalper_filtered,1744086600000,2025,0.6991480759781303,1744087500000,1744087500000,2995.155,2985.8878571428572,2999.619285714286,2999.619285714286,0.48173269616155495,0.48173269616155495,TARGET
scalper_filtered,1744133400000,2025,0.6867638057995766,1744134300000,1744134300000,2983.115,2968.68125,2986.3325,2986.3325,0.2229150428682961,0.2229150428682961,TARGET
scalper_filtered,1744219800000,2025,0.6891610489859353,1744220700000,1744220700000,3063.729,3041.388125,3068.1687500000003,3068.1687500000003,0.1987276684552635,0.1987276684552635,TARGET
scalper_filtered,1744270200000,2025,0.672826904043062,1744271100000,1744278300000,3111.815,3101.3364285714288,3116.662142857143,3116.662142857143,0.4625766871165747,0.4625766871165747,TARGET
scalper_filtered,1744347600000,2025,0.7503482453281906,1744348500000,1744348500000,3208.495,3199.0489285714284,3212.6871428571426,3212.6871428571426,0.44379749706981303,0.44379749706981303,TARGET
scalper_filtered,1744350300000,2025,0.693678697634329,1744351200000,1744351200000,3195.665,3180.8503571428573,3198.114285714286,3198.114285714286,0.165328704708195,0.165328704708195,TARGET
scalper_filtered,1744618500000,2025,0.758642917152072,1744619400000,1744619400000,3224.345,3211.2569642857143,3225.8610714285714,3225.8610714285714,0.11583643731326812,0.11583643731326812,TARGET
scalper_filtered,1744636500000,2025,0.7187538071433892,1744637400000,1744637400000,3204.625,3186.521875,3206.9012500000003,3206.9012500000003,0.12573795960644,0.12573795960644,TARGET
scalper_filtered,1744702200000,2025,0.656362042363583,1744703100000,1744703100000,3220.165,3214.1732142857145,3223.4785714285713,3223.4785714285713,0.5530190141264875,0.5530190141264875,TARGET
scalper_filtered,1744719300000,2025,0.730701421725287,1744720200000,1744720200000,3219.085,3210.743928571428,3220.7371428571428,3220.7371428571428,0.19807321772637054,0.19807321772637054,TARGET
scalper_filtered,1744869600000,2025,0.798573714590134,1744870500000,1744873200000,3330.725,3320.8198214285712,3333.045357142857,3320.8198214285712,0.23425697236293658,-1.0,STOP
scalper_filtered,1744878600000,2025,0.6697635557719388,1744879500000,1744879500000,3318.125,3307.5240714285715,3322.4068571428575,3322.4068571428575,0.40391340381236573,0.40391340381236573,TARGET
scalper_filtered,1744896600000,2025,0.7216517830468558,1744897500000,1744897500000,3329.345,3313.775535714286,3332.2239285714286,3313.775535714286,0.1849086467329788,-1.0,STOP
scalper_filtered,1744900200000,2025,0.6552385912512406,1744901100000,1744902000000,3294.475,3275.2117857142853,3299.6114285714284,3299.6114285714284,0.26664441848822745,0.26664441848822745,TARGET
scalper_filtered,1745280000000,2025,0.7239084976649077,1745280900000,1745280900000,3416.759,3405.7333928571425,3421.758214285714,3421.758214285714,0.45341850303024617,0.45341850303024617,TARGET
scalper_filtered,1745350200000,2025,0.6676564487481558,1745351100000,1745359200000,3374.605,3357.0994285714287,3385.376142857143,3349.515,0.6152979867634024,-1.4332579831727206,STOP_GAP
scalper_filtered,1745390700000,2025,0.6719305921100556,1745391600000,1745391600000,3300.905,3282.4829464285713,3308.5291071428574,3308.5291071428574,0.41385761436941587,0.41385761436941587,TARGET
scalper_filtered,1745472600000,2025,0.6924816686836263,1745473500000,1745473500000,3330.705,3313.9148035714284,3332.7853928571426,3332.7853928571426,0.12390521254429782,0.12390521254429782,TARGET
scalper_filtered,1745555400000,2025,0.7384554273134487,1745556300000,1745559000000,3322.915,3310.025357142857,3327.964285714286,3310.025357142857,0.3917320107506087,-1.0,STOP
scalper_filtered,1745559900000,2025,0.659540704155907,1745560800000,1745562600000,3294.015,3279.793392857143,3300.0482142857145,3300.0482142857145,0.4242287264097913,0.4242287264097913,TARGET
scalper_filtered,1745587800000,2025,0.8020865715974009,1745588700000,1745588700000,3278.435,3257.9444642857143,3278.466071428571,3278.466071428571,0.001516379513172263,0.001516379513172263,TARGET
scalper_filtered,1745823600000,2025,0.7638938215206206,1745824500000,1745825400000,3285.845,3272.090714285714,3287.3135714285713,3287.3135714285713,0.10677191524720225,0.10677191524720225,TARGET
scalper_filtered,1745898300000,2025,0.7810714341271149,1745899200000,1745907300000,3315.815,3301.90875,3319.2675,3319.2675,0.24826966292133915,0.24826966292133915,TARGET
scalper_filtered,1745918100000,2025,0.7763425269011428,1745919000000,1745928900000,3314.975,3303.96625,3317.2525,3303.96625,0.2068808902009904,-1.0,STOP
scalper_filtered,1745934300000,2025,0.6865478062553738,1745935200000,1745935200000,3306.005,3294.2175,3309.9,3309.9,0.33043478260869663,0.33043478260869663,TARGET
scalper_filtered,1745968500000,2025,0.7217010669210451,1745969400000,1745969400000,3315.975,3307.4496428571433,3317.0057142857145,3317.0057142857145,0.12089983662188314,0.12089983662188314,TARGET
scalper_filtered,1745974800000,2025,0.7917662794936166,1745975700000,1745975700000,3315.495,3303.8707142857143,3316.0335714285716,3316.0335714285716,0.04633157183239311,0.04633157183239311,TARGET
scalper_filtered,1745978400000,2025,0.6656949298232497,1745979300000,1745993700000,3311.885,3300.5848214285716,3315.7353571428575,3308.145,0.3407341856165487,-0.33096822110904,16BAR_TIMEOUT
scalper_filtered,1746010800000,2025,0.6834828867573942,1746011700000,1746011700000,3275.865,3262.1021428571426,3279.9607142857144,3279.9607142857144,0.2975918621548907,0.2975918621548907,TARGET
scalper_filtered,1746014400000,2025,0.7041377395977948,1746015300000,1746015300000,3273.785,3261.7310714285713,3277.1628571428573,3277.1628571428573,0.2802287339634662,0.2802287339634662,TARGET
scalper_filtered,1746045000000,2025,0.772541051754838,1746045900000,1746050400000,3289.345,3278.7846785714282,3290.8456428571426,3278.7846785714282,0.14210200582367843,-1.0,STOP
scalper_filtered,1746061200000,2025,0.6596888008299424,1746062100000,1746065700000,3243.355,3226.755392857143,3251.294214285714,3251.294214285714,0.47827723977976005,0.47827723977976005,TARGET
scalper_filtered,1746073800000,2025,0.7324477828109479,1746074700000,1746076500000,3226.035,3214.6676785714285,3232.479642857143,3232.479642857143,0.5669447193553292,0.5669447193553292,TARGET
scalper_filtered,1746114300000,2025,0.6858655202617101,1746115200000,1746117900000,3216.265,3197.181607142857,3219.631785714286,3219.631785714286,0.17642490198097832,0.17642490198097832,TARGET
scalper_filtered,1746168300000,2025,0.8169146392989276,1746169200000,1746169200000,3252.615,3242.2555357142855,3253.8639285714285,3253.8639285714285,0.12055918501026715,0.12055918501026715,TARGET
scalper_filtered,1746189000000,2025,0.7621232056835562,1746189900000,1746189900000,3255.625,3245.00575,3257.3334999999997,3257.3334999999997,0.16088706829575533,0.16088706829575533,TARGET
scalper_filtered,1746453600000,2025,0.7494048427891308,1746454500000,1746454500000,3315.585,3304.7917857142857,3318.8414285714284,3318.8414285714284,0.3017107309486582,0.3017107309486582,TARGET
scalper_filtered,1746510300000,2025,0.7555565069293255,1746511200000,1746511200000,3361.635,3343.2074107142857,3362.820178571428,3362.820178571428,0.06431544316796492,0.06431544316796492,TARGET
scalper_filtered,1746578700000,2025,0.6994354345079101,1746579600000,1746584100000,3379.333,3347.9227499999997,3385.6394999999998,3385.6394999999998,0.20077840832211188,0.20077840832211188,TARGET
scalper_filtered,1746607500000,2025,0.6816632827395485,1746608400000,1746609300000,3382.655,3373.3864285714285,3387.182142857143,3373.3864285714285,0.48844019728727195,-1.0,STOP
scalper_filtered,1746627300000,2025,0.7395322097440629,1746628200000,1746628200000,3382.745,3369.8796428571427,3386.545714285714,3386.545714285714,0.2954223690419849,0.2954223690419849,TARGET
scalper_filtered,1746643500000,2025,0.7613233497656307,1746644400000,1746644400000,3384.425,3370.7176785714287,3385.4696428571433,3385.4696428571433,0.07621057568298255,0.07621057568298255,TARGET
scalper_filtered,1746645300000,2025,0.7380680795100921,1746646200000,1746646200000,3373.225,3357.606964285714,3375.2710714285713,3375.2710714285713,0.13100696310355248,0.13100696310355248,TARGET
scalper_filtered,1746686700000,2025,0.7687005662615201,1746687600000,1746687600000,3329.595,3312.413,3334.679,3334.679,0.295891048771991,0.295891048771991,TARGET
scalper_filtered,1746819900000,2025,0.6666386701952278,1746820800000,1747001700000,3328.425,3322.0144642857144,3331.7360714285714,3281.155,0.5165046380121735,-7.373798713056038,STOP_GAP
scalper_filtered,1747004400000,2025,0.7621259345954774,1747005300000,1747005300000,3276.175,3258.852589285714,3278.7498214285715,3278.7498214285715,0.14864105643493702,0.14864105643493702,TARGET
scalper_filtered,1747034100000,2025,0.7425143450126029,1747035000000,1747035000000,3230.705,3211.9757142857143,3232.7335714285714,3232.7335714285714,0.10831013309942657,0.10831013309942657,TARGET
scalper_filtered,1747073700000,2025,0.6692445490642613,1747074600000,1747075500000,3223.535,3216.151875,3228.07125,3228.07125,0.6144078557521658,0.6144078557521658,TARGET
scalper_filtered,1747100700000,2025,0.6911640182995281,1747101600000,1747101600000,3225.135,3210.5148214285714,3225.575357142857,3225.575357142857,0.030119819720746385,0.030119819720746385,TARGET
scalper_filtered,1747134900000,2025,0.7339114848093187,1747135800000,1747135800000,3255.665,3246.6142857142854,3256.3664285714285,3256.3664285714285,0.07749980269907208,0.07749980269907208,TARGET
scalper_filtered,1747142100000,2025,0.7964758879382566,1747143000000,1747143000000,3244.325,3231.4210714285714,3245.3228571428567,3245.3228571428567,0.07732971686361727,0.07732971686361727,TARGET
scalper_filtered,1747181700000,2025,0.7761118692433443,1747182600000,1747182600000,3246.865,3238.2423214285714,3247.250357142857,3247.250357142857,0.04469111769213684,0.04469111769213684,TARGET
scalper_filtered,1747184400000,2025,0.6650160908939412,1747185300000,1747185300000,3242.845,3234.934642857143,3245.255714285714,3245.255714285714,0.3047541649735926,0.3047541649735926,TARGET
scalper_filtered,1747228500000,2025,0.7110111774635867,1747229400000,1747229400000,3186.345,3167.700892857143,3188.113214285714,3188.113214285714,0.09484038426542557,0.09484038426542557,TARGET
scalper_filtered,1747287900000,2025,0.6587873458054676,1747288800000,1747289700000,3128.545,3117.661964285714,3133.4810714285713,3133.4810714285713,0.45355648535561965,0.45355648535561965,TARGET
scalper_filtered,1747359900000,2025,0.70776631665612,1747360800000,1747362600000,3221.965,3208.6035714285713,3226.217857142857,3226.217857142857,0.3182935956377465,0.3182935956377465,TARGET
scalper_filtered,1747383300000,2025,0.7106442179639856,1747384200000,1747384200000,3205.495,3188.7569642857143,3207.5910714285715,3207.5910714285715,0.125228041351508,0.125228041351508,TARGET
scalper_filtered,1747395900000,2025,0.6983432963985187,1747396800000,1747397700000,3162.825,3146.5975,3167.23,3167.23,0.27145278077339147,0.27145278077339147,TARGET
scalper_filtered,1747661400000,2025,0.7944051818799941,1747662300000,1747662300000,3232.415,3219.662946428571,3234.099107142857,3234.099107142857,0.1320655636697108,0.1320655636697108,TARGET
scalper_filtered,1747694700000,2025,0.7122379248717219,1747695600000,1747695600000,3226.419,3222.2376785714287,3228.259642857143,3222.2376785714287,0.4402060182615286,-1.0,STOP
scalper_filtered,1747697400000,2025,0.7701911504754864,1747698300000,1747698300000,3222.025,3216.350535714286,3223.4139285714286,3223.4139285714286,0.2447682285930035,0.2447682285930035,TARGET
scalper_filtered,1747710000000,2025,0.6793827157212164,1747710900000,1747710900000,3211.045,3199.579964285714,3213.4550714285715,3213.4550714285715,0.2102105469735584,0.2102105469735584,TARGET
scalper_filtered,1747783800000,2025,0.6823786115835277,1747784700000,1747785600000,3291.815,3284.790892857143,3295.4832142857144,3295.4832142857144,0.5222321088089551,0.5222321088089551,TARGET
scalper_filtered,1747827900000,2025,0.6551613935466761,1747828800000,1747829700000,3310.995,3302.267017857143,3314.260964285714,3302.267017857143,0.3741946571679438,-1.0,STOP
scalper_filtered,1747892700000,2025,0.8249591483121542,1747893600000,1747893600000,3332.135,3322.744357142857,3332.6552857142856,3332.6552857142856,0.05540469616407594,0.05540469616407594,TARGET
scalper_filtered,1747909800000,2025,0.8658963809380293,1747910700000,1747910700000,3299.115,3285.3515,3299.702,3299.702,0.04264903549245921,0.04264903549245921,TARGET
scalper_filtered,1747911600000,2025,0.8329608397177022,1747912500000,1747912500000,3293.065,3277.496107142857,3293.3627857142856,3293.3627857142856,0.019126967923662284,0.019126967923662284,TARGET
scalper_filtered,1747922400000,2025,0.6670823649225096,1747923300000,1747923300000,3289.675,3270.750285714286,3294.866428571429,3294.866428571429,0.2743200501234319,0.2743200501234319,TARGET
scalper_filtered,1748210400000,2025,0.7881311156934094,1748211300000,1748211300000,3351.285,3342.7864821428575,3351.632035714286,3342.7864821428575,0.040834851455226,-1.0,STOP_BOTH
scalper_filtered,1748237400000,2025,0.7487105118539464,1748238300000,1748240100000,3348.355,3340.7268392857145,3350.501321428572,3340.7268392857145,0.2813681448205884,-1.0,STOP
scalper_filtered,1748241000000,2025,0.6862615809318545,1748241900000,1748242800000,3342.435,3335.4216607142857,3344.1016785714287,3335.4216607142857,0.23764408130427692,-1.0,STOP
scalper_filtered,1748310300000,2025,0.6585866629276395,1748311200000,1748311200000,3335.648,3328.4434107142856,3337.5981785714284,3337.5981785714284,0.2706855997045064,0.2706855997045064,TARGET
scalper_filtered,1748329200000,2025,0.7343770617832307,1748330100000,1748331900000,3308.555,3297.222839285714,3311.3983214285713,3297.222839285714,0.25090726298887445,-1.0,STOP
scalper_filtered,1748432700000,2025,0.7294714403981172,1748433600000,1748435400000,3310.895,3304.0975000000003,3313.39,3313.39,0.3670467083486592,0.3670467083486592,TARGET
scalper_filtered,1748450700000,2025,0.717605795731771,1748451600000,1748452500000,3293.248,3283.8506071428574,3297.3637857142858,3297.3637857142858,0.43797101779749853,0.43797101779749853,TARGET
scalper_filtered,1748481300000,2025,0.7248428171595083,1748482200000,1748483100000,3255.985,3237.022357142857,3261.5492857142854,3261.5492857142854,0.2934340828018687,0.2934340828018687,TARGET
scalper_filtered,1748549700000,2025,0.6972249080035083,1748550600000,1748556000000,3317.625,3312.5118571428575,3319.871285714286,3319.871285714286,0.43931604827901655,0.43931604827901655,TARGET
scalper_filtered,1748565000000,2025,0.7199035875771238,1748565900000,1748566800000,3313.055,3307.818517857143,3314.956964285714,3314.956964285714,0.3632141261684139,0.3632141261684139,TARGET
scalper_filtered,1748605500000,2025,0.7933298513538913,1748606400000,1748606400000,3293.798,3285.26075,3294.5735,3285.26075,0.09083721338841029,-1.0,STOP_BOTH
scalper_filtered,1748613600000,2025,0.6778743468989137,1748614500000,1748614500000,3282.065,3264.312964285714,3284.659071428571,3284.659071428571,0.1461281100557698,0.1461281100557698,TARGET
scalper_filtered,1748637000000,2025,0.7107516395221596,1748637900000,1748815200000,3291.875,3287.502142857143,3294.0207142857143,3298.375,0.4906893172166373,1.48644233910495,TARGET_GAP
scalper_filtered,1748909700000,2025,0.7135845369933073,1748910600000,1748912400000,3379.575,3372.3115892857145,3381.5618214285714,3372.3115892857145,0.27353835639006574,-1.0,STOP
scalper_filtered,1748913300000,2025,0.7350202212663952,1748914200000,1748914200000,3368.248,3359.069285714286,3370.8464285714285,3370.8464285714285,0.28309287014987267,0.28309287014987267,TARGET
scalper_filtered,1748925000000,2025,0.6883066271933981,1748925900000,1748929500000,3362.298,3354.872107142857,3367.2557857142856,3367.2557857142856,0.6676349645305196,0.6676349645305196,TARGET
scalper_filtered,1748933100000,2025,0.7888760740535518,1748934000000,1748934000000,3358.615,3346.6155357142857,3359.5829285714285,3359.5829285714285,0.08066431537123622,0.08066431537123622,TARGET
scalper_filtered,1748948400000,2025,0.7666102761293844,1748949300000,1748950200000,3356.905,3350.4278035714287,3358.3993928571426,3358.3993928571426,0.23071600091523184,0.23071600091523184,TARGET
scalper_filtered,1748952000000,2025,0.6586781201214141,1748952900000,1748953800000,3353.145,3347.0300892857144,3355.7448214285714,3355.7448214285714,0.4251609794559675,0.4251609794559675,TARGET
scalper_filtered,1748995200000,2025,0.6805665928109927,1748996100000,1748996100000,3353.635,3349.271232142857,3355.891535714286,3355.891535714286,0.517107185386133,0.517107185386133,TARGET
scalper_filtered,1749015000000,2025,0.7216005058113075,1749015900000,1749017700000,3352.865,3344.3142857142857,3354.6064285714283,3354.6064285714283,0.20365884220198605,0.20365884220198605,TARGET
scalper_filtered,1749101400000,2025,0.7564157056055788,1749102300000,1749103200000,3365.805,3358.447625,3367.44875,3367.44875,0.22341528058583005,0.22341528058583005,TARGET
scalper_filtered,1749127500000,2025,0.6722553013357692,1749128400000,1749128400000,3382.848,3372.1461071428575,3387.922785714286,3372.1461071428575,0.4741951523929817,-1.0,STOP
scalper_filtered,1749132000000,2025,0.6729373284279178,1749132900000,1749132900000,3374.815,3360.5209821428575,3379.793035714286,3379.793035714286,0.3482600738321026,0.3482600738321026,TARGET
scalper_filtered,1749192300000,2025,0.7086919741245037,1749193200000,1749195900000,3360.535,3352.670910714286,3362.1631785714285,3352.670910714286,0.20703968536909179,-1.0,STOP
scalper_filtered,1749238200000,2025,0.6919310201649659,1749239100000,1749240000000,3315.598,3309.112517857143,3319.4099642857145,3309.112517857143,0.5877688353383157,-1.0,STOP
scalper_filtered,1749428100000,2025,0.7329320964943694,1749429000000,1749429900000,3309.815,3300.603642857143,3311.9777142857142,3300.603642857143,0.23478780077387584,-1.0,STOP
scalper_filtered,1749506400000,2025,0.7134575179104379,1749507300000,1749507300000,3324.485,3319.181607142857,3325.881785714286,3325.881785714286,0.2633758712414365,0.2633758712414365,TARGET
scalper_filtered,1749513600000,2025,0.7306951445734647,1749514500000,1749514500000,3323.315,3317.3393928571427,3324.715214285714,3324.715214285714,0.23432167681698646,0.23432167681698646,TARGET
scalper_filtered,1749597300000,2025,0.8039249888738708,1749598200000,1749598200000,3321.748,3311.852107142857,3322.0307857142857,3322.0307857142857,0.028576068715368465,0.028576068715368465,TARGET
scalper_filtered,1749620700000,2025,0.8148478332752495,1749621600000,1749622500000,3339.525,3332.6605178571426,3340.6539642857138,3332.6605178571426,0.1644645964864746,-1.0,STOP
scalper_filtered,1749639600000,2025,0.6733503591209183,1749640500000,1749641400000,3329.685,3322.168767857143,3332.9274642857144,3332.9274642857144,0.4313949095885703,0.4313949095885703,TARGET
scalper_filtered,1749704400000,2025,0.7073436851334246,1749705300000,1749705300000,3370.605,3364.6968928571428,3372.950214285714,3372.950214285714,0.39694850296500866,0.39694850296500866,TARGET
scalper_filtered,1749708900000,2025,0.8069290015423922,1749709800000,1749709800000,3369.535,3362.4350535714284,3370.2738928571425,3370.2738928571425,0.10407020173690831,0.10407020173690831,TARGET
scalper_filtered,1749741300000,2025,0.728615207781928,1749742200000,1749745800000,3387.985,3370.915803571429,3391.073392857143,3391.073392857143,0.1809336994900041,0.1809336994900041,TARGET
scalper_filtered,1749766500000,2025,0.6803528919962758,1749767400000,1749768300000,3382.425,3378.9794464285715,3384.096107142857,3384.096107142857,0.4850039647370198,0.4850039647370198,TARGET
scalper_filtered,1749797100000,2025,0.7911130083425207,1749798000000,1749798900000,3416.135,3403.348232142857,3417.7985357142857,3417.7985357142857,0.13009821816356115,0.13009821816356115,TARGET
scalper_filtered,1749811500000,2025,0.6575444144921471,1749812400000,1749813300000,3415.745,3406.9505,3420.284,3420.284,0.5161180283131763,0.5161180283131763,TARGET
scalper_filtered,1750050000000,2025,0.7956641467637567,1750050900000,1750051800000,3427.045,3418.492892857143,3428.1592142857144,3418.492892857143,0.13028535156331855,-1.0,STOP_BOTH
scalper_filtered,1750080600000,2025,0.724247182522879,1750081500000,1750081500000,3408.705,3398.392821428571,3411.329357142857,3398.392821428571,0.25449104907165915,-1.0,STOP
scalper_filtered,1750125600000,2025,0.7095636984239351,1750126500000,1750127400000,3395.175,3385.2010892857143,3398.8028214285714,3398.8028214285714,0.3637310912935074,0.3637310912935074,TARGET
scalper_filtered,1750150800000,2025,0.7154837298768392,1750151700000,1750151700000,3380.445,3371.4429464285718,3383.4491071428574,3383.4491071428574,0.33371353758568967,0.33371353758568967,TARGET
scalper_filtered,1750170600000,2025,0.7640809379995634,1750171500000,1750171500000,3375.465,3360.553339285714,3376.3983214285718,3376.3983214285718,0.0625900391951285,0.0625900391951285,TARGET
scalper_filtered,1750213800000,2025,0.7224440260266087,1750214700000,1750214700000,3376.048,3367.019875,3376.99525,3376.99525,0.10492211838008296,0.10492211838008296,TARGET
scalper_filtered,1750231800000,2025,0.7485416693230151,1750232700000,1750232700000,3383.745,3373.415107142857,3383.7647857142856,3383.7647857142856,0.0019153842696476538,0.0019153842696476538,TARGET
scalper_filtered,1750311900000,2025,0.7081762891645188,1750312800000,1750312800000,3364.405,3356.9446249999996,3365.95475,3356.9446249999996,0.20773084462906466,-1.0,STOP
scalper_filtered,1750399200000,2025,0.7486007653621869,1750400100000,1750402800000,3347.855,3338.256625,3349.11175,3349.11175,0.13093362157656965,0.13093362157656965,TARGET
scalper_filtered,1750422600000,2025,0.7517500332356408,1750423500000,1750424400000,3346.298,3338.734875,3347.6752500000002,3347.6752500000002,0.18210065283867688,0.18210065283867688,TARGET
scalper_filtered,1750716900000,2025,0.763363158107533,1750717800000,1750717800000,3356.265,3346.043267857143,3358.1384642857142,3358.1384642857142,0.1832824671524525,0.1832824671524525,TARGET
scalper_filtered,1750719600000,2025,0.6657133441276885,1750720500000,1750721400000,3354.035,3345.947392857143,3357.9402142857143,3345.947392857143,0.48286399385306,-1.0,STOP
scalper_filtered,1750743900000,2025,0.7572628661080106,1750744800000,1750745700000,3332.175,3323.0485892857146,3333.0278214285713,3323.0485892857146,0.09344543602844957,-1.0,STOP
scalper_filtered,1750768200000,2025,0.7049185928849143,1750769100000,1750769100000,3309.895,3300.5497857142855,3312.1244285714283,3312.1244285714283,0.23856366513032665,0.23856366513032665,TARGET
scalper_filtered,1750772700000,2025,0.6810130363733192,1750773600000,1750773600000,3301.598,3289.657232142857,3305.9795357142857,3305.9795357142857,0.36693919241255046,0.36693919241255046,TARGET
scalper_filtered,1750932900000,2025,0.6579666865763087,1750933800000,1750934700000,3340.185,3335.559017857143,3342.8819642857143,3342.8819642857143,0.5830036092721793,0.5830036092721793,TARGET
scalper_filtered,1750941000000,2025,0.6675084009088931,1750941900000,1750941900000,3334.055,3326.639642857143,3337.3657142857146,3326.639642857143,0.4464672735154662,-1.0,STOP
scalper_filtered,1750981500000,2025,0.6654306766625708,1750982400000,1750983300000,3318.395,3313.680696428571,3320.482607142857,3313.680696428571,0.44282408021175534,-1.0,STOP
scalper_filtered,1751000400000,2025,0.7039588436717489,1751001300000,1751001300000,3293.645,3285.328410714286,3296.337178571429,3296.337178571429,0.3237118581836716,0.3237118581836716,TARGET
scalper_filtered,1751008500000,2025,0.7124684649127371,1751009400000,1751023800000,3288.935,3278.9727678571426,3292.0894642857143,3284.598,0.31664231875744525,-0.43534420176200067,16BAR_TIMEOUT
scalper_filtered,1751024700000,2025,0.7205013326829524,1751025600000,1751027400000,3281.155,3272.007660714286,3283.6396785714287,3272.007660714286,0.2716285570940752,-1.0,STOP
scalper_filtered,1751031000000,2025,0.7286344306296867,1751031900000,1751031900000,3265.285,3250.195892857143,3266.0632142857144,3266.0632142857144,0.051574574847055604,0.051574574847055604,TARGET
scalper_filtered,1751051700000,2025,0.6635493674592007,1751052600000,1751055300000,3271.345,3264.8085535714285,3274.9378928571427,3274.9378928571427,0.5496706653080125,0.5496706653080125,TARGET
scalper_filtered,1751283000000,2025,0.6576402005801771,1751283900000,1751284800000,3278.795,3270.91075,3281.3935,3281.3935,0.329581126930277,0.329581126930277,TARGET
scalper_filtered,1751377500000,2025,0.7678303904313994,1751378400000,1751378400000,3351.315,3340.4414464285715,3351.552107142857,3351.552107142857,0.02180585595126957,0.02180585595126957,TARGET
scalper_filtered,1751407200000,2025,0.6967195898379072,1751408100000,1751408100000,3338.548,3334.9054821428567,3339.8540357142856,3339.8540357142856,0.3585530024855377,0.3585530024855377,TARGET
scalper_filtered,1751436900000,2025,0.6950406267339914,1751437800000,1751438700000,3335.455,3330.5107321428573,3337.4235357142857,3330.5107321428573,0.39814503808524737,-1.0,STOP
scalper_filtered,1751439600000,2025,0.7491812388604647,1751440500000,1751442300000,3331.655,3325.284839285714,3332.8453214285714,3332.8453214285714,0.18685893213050775,0.18685893213050775,TARGET
scalper_filtered,1751504400000,2025,0.7635715277127694,1751505300000,1751506200000,3345.655,3338.8356071428575,3347.272785714286,3347.272785714286,0.23723310097777814,0.23723310097777814,TARGET
scalper_filtered,1751543100000,2025,0.7235896704614629,1751544000000,1751544900000,3345.785,3340.087482142857,3348.4200357142854,3348.4200357142854,0.46248836429394413,0.46248836429394413,TARGET
scalper_filtered,1751643000000,2025,0.6796360401477544,1751643900000,1751646600000,3332.769,3328.2195357142855,3335.1479285714286,3335.1479285714286,0.5229030105585896,0.5229030105585896,TARGET
scalper_filtered,1751845500000,2025,0.7078322995410106,1751846400000,1751846400000,3328.685,3323.809803571429,3330.575392857143,3323.809803571429,0.3877572698536619,-1.0,STOP
scalper_filtered,1751848200000,2025,0.6981285959704693,1751849100000,1751850000000,3324.765,3318.8204107142856,3326.9941785714286,3318.8204107142856,0.37499286566117906,-1.0,STOP_BOTH
scalper_filtered,1751850900000,2025,0.6997463555795026,1751851800000,1751851800000,3312.075,3302.562732142857,3314.2995357142854,3314.2995357142854,0.23385965867384195,0.23385965867384195,TARGET
scalper_filtered,1751885100000,2025,0.6955418217063716,1751886000000,1751886000000,3301.875,3292.834142857143,3302.9167142857145,3302.9167142857145,0.11522295610406462,0.11522295610406462,TARGET
scalper_filtered,1751932800000,2025,0.6655896781675706,1751933700000,1751936400000,3335.909,3330.1841785714287,3337.5786428571428,3330.1841785714287,0.2916497707351728,-1.0,STOP
scalper_filtered,1751962500000,2025,0.7322559146633626,1751963400000,1751967900000,3328.425,3321.356642857143,3330.030714285714,3321.356642857143,0.22716937659786512,-1.0,STOP
scalper_filtered,1751969700000,2025,0.6573478075656528,1751970600000,1751971500000,3323.175,3317.2696964285715,3326.465607142857,3326.465607142857,0.5572291251507762,0.5572291251507762,TARGET
scalper_filtered,1752049800000,2025,0.739734121704085,1752050700000,1752050700000,3286.895,3278.9983571428575,3289.278285714286,3289.278285714286,0.3018099915878072,0.3018099915878072,TARGET
scalper_filtered,1752459300000,2025,0.6611113607508701,1752460200000,1752467400000,3358.795,3350.8781785714286,3361.3686428571427,3361.3686428571427,0.32508537427085343,0.32508537427085343,TARGET
scalper_filtered,1752498000000,2025,0.7702347801996935,1752498900000,1752498900000,3352.985,3343.487642857143,3353.9797142857146,3353.9797142857146,0.104735903973308,0.104735903973308,TARGET
scalper_filtered,1752502500000,2025,0.839649866015018,1752503400000,1752503400000,3351.905,3341.0901964285717,3352.594607142857,3341.0901964285717,0.06376511032329105,-1.0,STOP
scalper_filtered,1752562800000,2025,0.7270309605508101,1752563700000,1752563700000,3360.355,3355.011375,3361.83225,3361.83225,0.2764509111324091,0.2764509111324091,TARGET
scalper_filtered,1752581700000,2025,0.7542797449179734,1752582600000,1752582600000,3353.888,3346.4749107142857,3354.4371785714284,3346.4749107142857,0.07408228206380531,-1.0,STOP_BOTH
scalper_filtered,1752596100000,2025,0.6749273204273148,1752597000000,1752598800000,3325.505,3314.6470178571426,3330.870964285714,3330.870964285714,0.49419535003044096,0.49419535003044096,TARGET
scalper_filtered,1752669900000,2025,0.7154405374458443,1752670800000,1752670800000,3334.365,3328.1853392857142,3335.876321428571,3335.876321428571,0.24456381967336957,0.24456381967336957,TARGET
scalper_filtered,1752673500000,2025,0.7860360110238633,1752674400000,1752675300000,3326.559,3318.5058214285714,3328.445357142857,3328.445357142857,0.23423759030370545,0.23423759030370545,TARGET
scalper_filtered,1752676200000,2025,0.7926467827923664,1752677100000,1752677100000,3325.055,3315.6060714285713,3327.2848571428567,3327.2848571428567,0.23599047511052998,0.23599047511052998,TARGET
scalper_filtered,1752714000000,2025,0.7808692449692429,1752714900000,1752714900000,3340.505,3335.2089107142856,3341.4071785714286,3341.4071785714286,0.17034806680129547,0.17034806680129547,TARGET
scalper_filtered,1752715800000,2025,0.868801011748532,1752716700000,1752716700000,3341.055,3334.9578392857143,3341.0693214285716,3341.0693214285716,0.0023488684722042445,0.0023488684722042445,TARGET
scalper_filtered,1752722100000,2025,0.7323483547255089,1752723000000,1752723000000,3339.095,3333.5708392857146,3341.3023214285718,3341.3023214285718,0.399575889033047,0.399575889033047,TARGET
scalper_filtered,1752731100000,2025,0.711010621006862,1752732000000,1752732000000,3339.245,3333.3473392857145,3340.3903214285715,3333.3473392857145,0.19419927392523492,-1.0,STOP
scalper_filtered,1752750000000,2025,0.7754907104423725,1752750900000,1752754500000,3327.698,3320.1589999999997,3328.259,3328.259,0.07441305212894724,0.07441305212894724,TARGET
scalper_filtered,1752800400000,2025,0.7135216614228874,1752801300000,1752804000000,3339.255,3334.6420357142856,3340.3509285714285,3340.3509285714285,0.23757577634457738,0.23757577634457738,TARGET
scalper_filtered,1752813900000,2025,0.7281529506058535,1752814800000,1752814800000,3336.835,3331.3805535714287,3337.873892857143,3337.873892857143,0.19046714836192122,0.19046714836192122,TARGET
scalper_filtered,1753049700000,2025,0.7978006692676015,1753050600000,1753052400000,3347.305,3343.1383035714284,3348.1173928571425,3348.1173928571425,0.19497289305071264,0.19497289305071264,TARGET
scalper_filtered,1753140600000,2025,0.6746216464155316,1753141500000,1753141500000,3393.998,3391.147125,3396.39975,3396.39975,0.842460648046624,0.842460648046624,TARGET
scalper_filtered,1753169400000,2025,0.7022272411521173,1753170300000,1753170300000,3385.915,3381.187982142857,3386.9690357142854,3386.9690357142854,0.22298111539660653,0.22298111539660653,TARGET
scalper_filtered,1753249500000,2025,0.7095524839077484,1753250400000,1753250400000,3420.135,3413.6526607142855,3421.1896785714284,3421.1896785714284,0.16270030384747564,0.16270030384747564,TARGET
scalper_filtered,1753277400000,2025,0.7985648535599653,1753278300000,1753278300000,3412.125,3401.7330357142855,3412.3379285714286,3412.3379285714286,0.020489732794917892,0.020489732794917892,TARGET
scalper_filtered,1753335900000,2025,0.7809437686498755,1753336800000,1753338600000,3379.095,3371.1515714285715,3380.3418571428574,3371.1515714285715,0.1569671246673542,-1.0,STOP
scalper_filtered,1753358400000,2025,0.7191185756534749,1753359300000,1753359300000,3361.495,3355.251232142857,3363.1225357142857,3363.1225357142857,0.2606656351619431,0.2606656351619431,TARGET
scalper_filtered,1753360200000,2025,0.6632675079815123,1753361100000,1753361100000,3360.848,3355.0232142857144,3363.3385714285714,3355.0232142857144,0.42758164003582416,-1.0,STOP
scalper_filtered,1753409700000,2025,0.6944442761327171,1753410600000,1753412400000,3366.095,3361.149660714286,3367.714678571429,3361.149660714286,0.32751616782049164,-1.0,STOP
scalper_filtered,1753422300000,2025,0.7447646628639193,1753423200000,1753427700000,3358.475,3352.8710535714285,3359.512892857143,3359.512892857143,0.18520749089453742,0.18520749089453742,TARGET
scalper_filtered,1753446600000,2025,0.8077869646531304,1753447500000,1753447500000,3340.385,3333.7033392857143,3341.0883214285714,3341.0883214285714,0.10526146996170926,0.10526146996170926,TARGET
scalper_filtered,1753452900000,2025,0.6600280340625213,1753453800000,1753455600000,3337.789,3330.06375,3340.6994999999997,3330.06375,0.37675156143805644,-1.0,STOP
scalper_filtered,1753684200000,2025,0.7202876938131215,1753685100000,1753685100000,3338.415,3333.2746249999996,3340.2957499999998,3340.2957499999998,0.3658779758285455,0.3658779758285455,TARGET
scalper_filtered,1753687800000,2025,0.6827972239671728,1753688700000,1753691400000,3337.748,3332.373392857143,3339.6682142857144,3332.373392857143,0.3572752825787951,-1.0,STOP
scalper_filtered,1753711200000,2025,0.6938293996529281,1753712100000,1753712100000,3308.365,3297.4540535714286,3309.486892857143,3309.486892857143,0.10282268953366235,0.10282268953366235,TARGET
scalper_filtered,1753797600000,2025,0.741202066337109,1753798500000,1753798500000,3317.545,3307.807517857143,3319.4099642857145,3319.4099642857145,0.19152428300805627,0.19152428300805627,TARGET
scalper_filtered,1753857000000,2025,0.666441804098521,1753857900000,1753857900000,3325.415,3320.819446428571,3326.755107142857,3326.755107142857,0.2916095138545836,0.2916095138545836,TARGET
scalper_filtered,1753889400000,2025,0.6710045216911238,1753890300000,1753894800000,3292.745,3283.3091607142856,3298.6266785714283,3298.6266785714283,0.6233339073857666,0.6233339073857666,TARGET
scalper_filtered,1753972200000,2025,0.7833067701448625,1753973100000,1753974900000,3297.298,3287.551875,3298.39125,3298.39125,0.11217278662036352,0.11217278662036352,TARGET
scalper_filtered,1754003700000,2025,0.800478328293604,1754004600000,1754008200000,3291.965,3285.942892857143,3292.5492142857142,3292.5492142857142,0.0970116060467344,0.0970116060467344,TARGET
scalper_filtered,1754031600000,2025,0.7847229297044881,1754032500000,1754033400000,3292.355,3287.0504285714283,3293.934142857143,3287.0504285714283,0.2976947107615909,-1.0,STOP
scalper_filtered,1754292600000,2025,0.6568524359667841,1754293500000,1754295300000,3354.895,3348.585857142857,3357.3222857142855,3357.3222857142855,0.3847251154786373,0.3847251154786373,TARGET
scalper_filtered,1754444700000,2025,0.6574860795354862,1754445600000,1754445600000,3375.798,3370.768071428571,3377.307857142857,3377.307857142857,0.3001746687683548,0.3001746687683548,TARGET
scalper_filtered,1754545500000,2025,0.676410111556865,1754546400000,1754546400000,3375.275,3369.1567142857143,3376.1805714285715,3376.1805714285715,0.14801064724012045,0.14801064724012045,TARGET
scalper_filtered,1754635500000,2025,0.6787144746090559,1754636400000,1754636400000,3393.099,3384.9104107142857,3395.2531785714286,3395.2531785714286,0.26307078011429724,0.26307078011429724,TARGET
scalper_filtered,1754874000000,2025,0.7330254957621457,1754874900000,1754874900000,3372.648,3363.0736785714284,3375.467642857143,3375.467642857143,0.29450054274638976,0.29450054274638976,TARGET
scalper_filtered,1754911800000,2025,0.6759485443109634,1754912700000,1754915400000,3353.535,3345.501017857143,3357.5129642857146,3345.501017857143,0.4951422862262076,-1.0,STOP
scalper_filtered,1754997300000,2025,0.70265593051999,1754998200000,1754998200000,3342.935,3336.0750714285714,3345.143857142857,3336.0750714285714,0.3219941898603698,-1.0,STOP_BOTH
scalper_filtered,1755044100000,2025,0.7621345582747944,1755045000000,1755046800000,3346.465,3341.732660714286,3347.0196785714284,3347.0196785714284,0.11721022900928661,0.11721022900928661,TARGET
scalper_filtered,1755063900000,2025,0.6923656956908727,1755064800000,1755064800000,3348.998,3343.0845714285715,3350.0248571428574,3350.0248571428574,0.17364835483407026,0.17364835483407026,TARGET
scalper_filtered,1755090000000,2025,0.6777038053489454,1755090900000,1755091800000,3357.295,3351.226107142857,3360.1627857142857,3360.1627857142857,0.4725385307981348,0.4725385307981348,TARGET
scalper_filtered,1755212400000,2025,0.67540624267359,1755213300000,1755214200000,3333.485,3330.459303571429,3334.916392857143,3334.916392857143,0.47307880712231687,0.47307880712231687,TARGET
scalper_filtered,1755280800000,2025,0.6570260034490718,1755281700000,1755287100000,3336.125,3332.7312857142856,3338.352428571429,3338.352428571429,0.6563394510861009,0.6563394510861009,TARGET
scalper_filtered,1755504900000,2025,0.6601759657979107,1755505800000,1755507600000,3347.655,3341.339660714286,3350.064678571429,3350.064678571429,0.38155963795635095,0.38155963795635095,TARGET
scalper_filtered,1755529200000,2025,0.6715023313313256,1755530100000,1755544500000,3334.485,3329.2450535714283,3337.6148928571424,3331.055,0.59731390383611,-0.6545868448764242,16BAR_TIMEOUT
scalper_filtered,1755608400000,2025,0.7075765778219858,1755609300000,1755609300000,3329.498,3323.0610535714286,3330.377892857143,3330.377892857143,0.13669414013408598,0.13669414013408598,TARGET
scalper_filtered,1755614700000,2025,0.6603406691841862,1755615600000,1755621900000,3325.305,3316.9525714285714,3328.428857142857,3316.9525714285714,0.37400584945354143,-1.0,STOP
scalper_filtered,1755738000000,2025,0.778208480268135,1755738900000,1755738900000,3343.748,3338.8518035714283,3343.9613928571425,3343.9613928571425,0.04358339381508982,0.04358339381508982,TARGET
scalper_filtered,1755774000000,2025,0.790862066616761,1755774900000,1755774900000,3329.325,3322.519607142857,3329.8047857142856,3329.8047857142856,0.0705008108065597,0.0705008108065597,TARGET
scalper_filtered,1755839700000,2025,0.7750993392532269,1755840600000,1755840600000,3329.455,3325.5346607142856,3329.9756785714285,3329.9756785714285,0.13281467074186762,0.13281467074186762,TARGET
scalper_filtered,1755850500000,2025,0.7676469750210422,1755851400000,1755851400000,3329.055,3322.8234464285715,3329.8481071428573,3329.8481071428573,0.12727277937461318,0.12727277937461318,TARGET
scalper_filtered,1755865800000,2025,0.7008781873442118,1755866700000,1755866700000,3324.225,3318.957053571429,3325.220892857143,3325.220892857143,0.18904764326035786,0.18904764326035786,TARGET
scalper_filtered,1756086300000,2025,0.7177503592470822,1756087200000,1756089000000,3362.648,3358.612428571428,3364.119142857143,3364.119142857143,0.3645438776592958,0.3645438776592958,TARGET
scalper_filtered,1756100700000,2025,0.7146444591691375,1756101600000,1756101600000,3364.465,3361.4701785714287,3365.804642857143,3365.804642857143,0.44731977818850127,0.44731977818850127,TARGET
scalper_filtered,1756144800000,2025,0.721566683580792,1756145700000,1756148400000,3372.045,3368.7410714285716,3373.1028571428574,3368.7410714285716,0.3201816019890277,-1.0,STOP
scalper_filtered,1756154700000,2025,0.659663758076974,1756159200000,1756159200000,3365.135,3362.774946428571,3366.744107142857,3366.744107142857,0.6818095836199596,0.6818095836199596,TARGET
scalper_filtered,1756163700000,2025,0.6658383286809405,1756164600000,1756164600000,3355.398,3351.9356964285716,3356.8836071428573,3351.9356964285716,0.42908055640083453,-1.0,STOP
scalper_filtered,1756165500000,2025,0.8099504543403557,1756166400000,1756166400000,3354.725,3349.6292678571426,3355.046464285714,3355.046464285714,0.06308500460818493,0.06308500460818493,TARGET
scalper_filtered,1756192500000,2025,0.7179165734328051,1756193400000,1756193400000,3370.575,3364.3691071428575,3372.216785714286,3372.216785714286,0.2645527004863606,0.2645527004863606,TARGET
scalper_filtered,1756258200000,2025,0.7288922126388057,1756259100000,1756259100000,3385.805,3381.3774642857143,3386.6800714285714,3386.6800714285714,0.19764299715259903,0.19764299715259903,TARGET
scalper_filtered,1756292400000,2025,0.6556908276129754,1756293300000,1756296900000,3376.665,3372.304482142857,3378.4860357142857,3378.4860357142857,0.4176191392732608,0.4176191392732608,TARGET
scalper_filtered,1756348200000,2025,0.7644533201449423,1756349100000,1756349100000,3387.825,3382.1080535714286,3389.1188928571432,3389.1188928571432,0.22632586701827734,0.22632586701827734,TARGET
scalper_filtered,1756359900000,2025,0.6965780380946613,1756360800000,1756360800000,3388.985,3385.882857142857,3390.4792857142857,3390.4792857142857,0.48169468109593205,0.48169468109593205,TARGET
scalper_filtered,1756420200000,2025,0.7051083049828889,1756421100000,1756426500000,3415.905,3413.1919821428573,3417.740035714286,3413.1919821428573,0.6763817309401499,-1.0,STOP
scalper_filtered,1756431000000,2025,0.8308745954204974,1756431900000,1756431900000,3410.195,3406.2039464285717,3410.677107142857,3410.677107142857,0.12079696106016556,0.12079696106016556,TARGET
scalper_filtered,1756711800000,2025,0.7014803151523569,1756712700000,1756712700000,3471.115,3463.121732142857,3475.641535714286,3475.641535714286,0.5662935103871621,0.5662935103871621,TARGET
scalper_filtered,1756797300000,2025,0.6814434001609022,1756798200000,1756799100000,3483.705,3476.4594107142857,3486.5051785714286,3476.4594107142857,0.3864666434998783,-1.0,STOP
scalper_filtered,1756800000000,2025,0.8310770554767025,1756800900000,1756800900000,3476.598,3465.6469464285715,3478.121107142857,3478.121107142857,0.1390831606221762,0.1390831606221762,TARGET
scalper_filtered,1756944000000,2025,0.7810070942943445,1756944900000,1756944900000,3556.485,3548.392625,3557.87975,3557.87975,0.17235360447333456,0.17235360447333456,TARGET
scalper_filtered,1756983600000,2025,0.7231077288393188,1756984500000,1756985400000,3539.805,3532.6968928571428,3543.200214285714,3543.200214285714,0.47765378566726996,0.47765378566726996,TARGET
scalper_filtered,1756994400000,2025,0.8401354310554121,1756995300000,1756996200000,3544.665,3529.228732142857,3545.1865357142856,3545.1865357142856,0.03378638665202273,0.03378638665202273,TARGET
scalper_filtered,1757052900000,2025,0.7189919267524469,1757053800000,1757053800000,3551.205,3545.2387499999995,3553.0575,3553.0575,0.3104965430546557,0.3104965430546557,TARGET
scalper_filtered,1757057400000,2025,0.6637510601430069,1757058300000,1757065500000,3549.685,3544.568392857143,3552.1782142857146,3552.1782142857146,0.4872788189719224,0.4872788189719224,TARGET
scalper_filtered,1757102400000,2025,0.6770131430092398,1757103300000,1757282400000,3589.185,3583.4280535714283,3592.058892857143,3582.104,0.49920437732055645,-1.2299923384482563,STOP_GAP
scalper_filtered,1757373300000,2025,0.7640749324605776,1757374200000,1757375100000,3630.955,3625.7832857142857,3632.5384285714285,3632.5384285714285,0.30617092978289867,0.30617092978289867,TARGET
scalper_filtered,1757397600000,2025,0.7852028827871915,1757398500000,1757398500000,3643.215,3633.4673214285713,3645.5803571428573,3645.5803571428573,0.24265850843607195,0.24265850843607195,TARGET
scalper_filtered,1757426400000,2025,0.8522946211650216,1757427300000,1757427300000,3651.385,3635.6301964285717,3653.434607142857,3653.434607142857,0.13009410961961895,0.13009410961961895,TARGET
scalper_filtered,1757428200000,2025,0.715315338219716,1757429100000,1757430900000,3646.145,3628.4705,3650.093,3628.4705,0.22337265552065674,-1.0,STOP
scalper_filtered,1757517300000,2025,0.6770591407881944,1757518200000,1757519100000,3644.185,3633.447660714286,3648.0586785714286,3648.0586785714286,0.360767082826802,0.360767082826802,TARGET
scalper_filtered,1757568600000,2025,0.7950284667750257,1757569500000,1757570400000,3629.055,3622.168767857143,3630.0474642857143,3630.0474642857143,0.14412297830301724,0.14412297830301724,TARGET
scalper_filtered,1757637000000,2025,0.7227488418576602,1757637900000,1757637900000,3633.385,3628.4998214285715,3633.885357142857,3633.885357142857,0.10242351134988781,0.10242351134988781,TARGET
scalper_filtered,1757659500000,2025,0.6882007268845376,1757660400000,1757660400000,3650.385,3646.0603392857142,3652.3743214285714,3652.3743214285714,0.45999479727963954,0.45999479727963954,TARGET
scalper_filtered,1757888100000,2025,0.7853981618858972,1757889000000,1757891700000,3642.355,3637.919857142857,3642.9752857142857,3637.919857142857,0.1398569864072624,-1.0,STOP
scalper_filtered,1757919600000,2025,0.6746486252640959,1757920500000,1757921400000,3635.915,3631.583517857143,3637.8579642857144,3637.8579642857144,0.4485680008905255,0.4485680008905255,TARGET
scalper_filtered,1758021300000,2025,0.7144038138606027,1758022200000,1758022200000,3692.438,3687.6803571428572,3695.4942857142855,3695.4942857142855,0.6423949434743486,0.6423949434743486,TARGET
scalper_filtered,1758096900000,2025,0.676681466829313,1758097800000,1758100500000,3666.715,3659.588410714286,3670.408178571429,3670.408178571429,0.518225258025183,0.518225258025183,TARGET
scalper_filtered,1758103200000,2025,0.7135250933752076,1758104100000,1758104100000,3665.035,3657.1069821428573,3667.3610357142857,3667.3610357142857,0.2933943586151518,0.2933943586151518,TARGET
scalper_filtered,1758129300000,2025,0.8174687601094357,1758130200000,1758130200000,3682.345,3675.992875,3683.52925,3683.52925,0.18643367377063083,0.18643367377063083,TARGET
scalper_filtered,1758171600000,2025,0.6606461940796235,1758172500000,1758172500000,3654.425,3648.958160714286,3657.048678571429,3657.048678571429,0.47992604763134583,0.47992604763134583,TARGET
scalper_filtered,1758175200000,2025,0.6589585894105373,1758176100000,1758178800000,3636.905,3629.990267857143,3640.4744642857145,3640.4744642857145,0.5162115049389797,0.5162115049389797,TARGET
scalper_filtered,1758200400000,2025,0.6625852085325902,1758201300000,1758202200000,3658.535,3651.186392857143,3662.171214285714,3651.186392857143,0.49481680201787986,-1.0,STOP
scalper_filtered,1758241800000,2025,0.7569584318772162,1758242700000,1758242700000,3638.185,3634.0940535714285,3639.2058928571428,3639.2058928571428,0.2495493096689906,0.2495493096689906,TARGET
scalper_filtered,1758262500000,2025,0.7267664807372562,1758263400000,1758263400000,3650.115,3643.2171071428575,3652.4507857142858,3643.2171071428575,0.3386230784764104,-1.0,STOP
scalper_filtered,1758282300000,2025,0.656984831006942,1758283200000,1758283200000,3648.295,3643.3730357142854,3649.7389285714285,3649.7389285714285,0.29336429271118153,0.29336429271118153,TARGET
scalper_filtered,1758285900000,2025,0.7977949832619802,1758286800000,1758286800000,3649.085,3641.6248392857146,3649.2753214285717,3649.2753214285717,0.025511706230032523,0.025511706230032523,TARGET
scalper_filtered,1758645000000,2025,0.7533519612238166,1758645900000,1758645900000,3772.895,3759.383839285714,3775.647321428571,3775.647321428571,0.20370725260199185,0.20370725260199185,TARGET
scalper_filtered,1758654900000,2025,0.67621412643141,1758655800000,1758655800000,3758.515,3746.073607142857,3763.2677857142853,3763.2677857142853,0.3820139568663095,0.3820139568663095,TARGET
scalper_filtered,1758681000000,2025,0.6862478971094949,1758681900000,1758681900000,3754.975,3746.631392857143,3757.7242142857144,3757.7242142857144,0.3294994884878033,0.3294994884878033,TARGET
scalper_filtered,1758703500000,2025,0.6813687922609484,1758704400000,1758706200000,3769.905,3763.6303214285713,3773.304357142857,3763.6303214285713,0.541757972804448,-1.0,STOP
scalper_filtered,1758708900000,2025,0.7486253623706115,1758709800000,1758713400000,3763.948,3756.4417857142857,3765.8114285714287,3765.8114285714287,0.2482514487996036,0.2482514487996036,TARGET
scalper_filtered,1758723300000,2025,0.6985205518840041,1758724200000,1758727800000,3758.645,3749.0389821428575,3761.507035714286,3749.0389821428575,0.2979419523104297,-1.0,STOP
scalper_filtered,1758803400000,2025,0.7045672166815051,1758804300000,1758804300000,3741.485,3730.437232142857,3744.8605357142856,3730.437232142857,0.30554006546244267,-1.0,STOP
scalper_filtered,1758807900000,2025,0.7445456077035766,1758808800000,1758809700000,3733.305,3715.134732142857,3735.475535714286,3735.475535714286,0.11945535043022036,0.11945535043022036,TARGET
scalper_filtered,1758842100000,2025,0.7742279695787725,1758843000000,1758843900000,3742.965,3734.4881607142856,3744.288678571429,3744.288678571429,0.1561523731680998,0.1561523731680998,TARGET
scalper_filtered,1758856500000,2025,0.7510442589373992,1758857400000,1758857400000,3742.355,3730.1478571428574,3742.529285714286,3742.529285714286,0.014277355178475577,0.014277355178475577,TARGET
scalper_filtered,1758870000000,2025,0.7282695503615628,1758870900000,1758870900000,3742.775,3735.7489107142856,3745.547178571428,3745.547178571428,0.3945549876606834,0.3945549876606834,TARGET
scalper_filtered,1759172400000,2025,0.7764360907837772,1759173300000,1759173300000,3826.435,3819.324107142857,3828.4767857142856,3828.4767857142856,0.2871349288063953,0.2871349288063953,TARGET
scalper_filtered,1759286700000,2025,0.7666856515461347,1759287600000,1759287600000,3863.035,3854.8917678571424,3864.561464285714,3864.561464285714,0.18745189366276957,0.18745189366276957,TARGET
scalper_filtered,1759318200000,2025,0.7493471819089933,1759319100000,1759320900000,3881.785,3873.945089285714,3885.503821428571,3885.503821428571,0.47434486999892383,0.47434486999892383,TARGET
scalper_filtered,1759322700000,2025,0.7074402748813015,1759323600000,1759323600000,3870.305,3859.711232142857,3873.7025357142857,3873.7025357142857,0.3207107952620552,0.3207107952620552,TARGET
scalper_filtered,1759324500000,2025,0.7005332185214487,1759325400000,1759325400000,3869.845,3858.7285714285713,3872.967857142857,3872.967857142857,0.2809227012786944,0.2809227012786944,TARGET
scalper_filtered,1759341600000,2025,0.6570951460812694,1759342500000,1759343400000,3859.705,3849.6869642857146,3865.2810714285715,3865.2810714285715,0.5566032691039737,0.5566032691039737,TARGET
scalper_filtered,1759366800000,2025,0.767080255314935,1759367700000,1759367700000,3859.348,3848.9106607142858,3860.0836785714287,3860.0836785714287,0.07048525982437366,0.07048525982437366,TARGET
scalper_filtered,1759390200000,2025,0.6638894803397394,1759391100000,1759391100000,3865.565,3857.90675,3868.7405,3868.7405,0.41465086671234924,0.41465086671234924,TARGET
scalper_filtered,1759416300000,2025,0.8135018133349284,1759417200000,1759417200000,3839.645,3817.4632500000002,3840.4785,3840.4785,0.03757593517194069,0.03757593517194069,TARGET
scalper_filtered,1759419000000,2025,0.8347217865969951,1759419900000,1759420800000,3834.645,3810.042339285714,3837.200321428571,3837.200321428571,0.10386362102238939,0.10386362102238939,TARGET
scalper_filtered,1759491000000,2025,0.7711289795041862,1759491900000,1759491900000,3859.915,3851.303125,3861.03775,3861.03775,0.13037230568255917,0.13037230568255917,TARGET
scalper_filtered,1759751100000,2025,0.7496529272659899,1759752000000,1759752000000,3937.985,3925.899125,3940.8267499999997,3940.8267499999997,0.2351298519966111,0.2351298519966111,TARGET
scalper_filtered,1759753800000,2025,0.6562629866851627,1759754700000,1759754700000,3931.285,3921.2341071428573,3936.866785714286,3936.866785714286,0.5553522252820979,0.5553522252820979,TARGET
scalper_filtered,1759798800000,2025,0.6587190394565634,1759799700000,1759806000000,3961.448,3949.8260714285716,3967.1028571428574,3967.1028571428574,0.4865678796856138,0.4865678796856138,TARGET
scalper_filtered,1759816800000,2025,0.7305935329163216,1759817700000,1759819500000,3964.345,3955.078732142857,3968.3275357142857,3955.078732142857,0.42978853791885246,-1.0,STOP
scalper_filtered,1759821300000,2025,0.7695404407037126,1759822200000,1759822200000,3951.048,3938.937821428571,3953.179357142857,3953.179357142857,0.17599716885147781,0.17599716885147781,TARGET
scalper_filtered,1759824000000,2025,0.6749285758339939,1759824900000,1759824900000,3946.225,3935.2024464285714,3951.650107142857,3951.650107142857,0.4921824246714919,0.4921824246714919,TARGET
scalper_filtered,1759950000000,2025,0.8085583973011559,1759950900000,1759950900000,4041.465,4026.210732142857,4043.203535714286,4043.203535714286,0.11397044621001708,0.11397044621001708,TARGET
scalper_filtered,1759960800000,2025,0.7121494462776565,1759961700000,1759967100000,4025.248,4007.2985714285714,4029.6468571428572,4007.2985714285714,0.24506948092259465,-1.0,STOP
scalper_filtered,1760066100000,2025,0.7646888840231288,1760067000000,1760067000000,3970.155,3955.552625,3972.7887499999997,3972.7887499999997,0.18036449550154943,0.18036449550154943,TARGET
scalper_filtered,1760101200000,2025,0.7574676861078192,1760102100000,1760102100000,3987.115,3973.506214285714,3990.7225714285714,3990.7225714285714,0.26509135379982074,0.26509135379982074,TARGET
scalper_filtered,1760104800000,2025,0.7697054491037879,1760105700000,1760105700000,3980.435,3963.7415892857143,3983.9718214285717,3983.9718214285717,0.21186931113754362,0.21186931113754362,TARGET
scalper_filtered,1760382000000,2025,0.709504081154182,1760382900000,1760382900000,4097.835,4084.626928571429,4102.441142857143,4102.441142857143,0.3487369736038131,0.3487369736038131,TARGET
scalper_filtered,1760419800000,2025,0.7021724921818543,1760420700000,1760420700000,4118.815,4110.14975,4135.5455,4135.5455,1.9307579123511205,1.9307579123511205,TARGET
scalper_filtered,1760422500000,2025,0.8066314386259785,1760423400000,1760423400000,4113.475,4078.0322678571433,4113.590464285714,4113.590464285714,0.0032577704576567876,0.0032577704576567876,TARGET
scalper_filtered,1760424300000,2025,0.7556556537255078,1760425200000,1760426100000,4111.298,4076.6583035714284,4116.098392857142,4116.098392857142,0.13858068493876954,0.13858068493876954,TARGET
scalper_filtered,1760446800000,2025,0.8243847284439143,1760447700000,1760447700000,4112.775,4089.9049285714286,4112.984142857143,4112.984142857143,0.009144827456975136,0.009144827456975136,TARGET
scalper_filtered,1760543100000,2025,0.6908136804828154,1760544000000,1760544900000,4190.348,4169.592839285715,4198.249321428571,4198.249321428571,0.3806918933243083,0.3806918933243083,TARGET
scalper_filtered,1760592600000,2025,0.682661446423745,1760593500000,1760594400000,4211.398,4198.4244821428565,4215.766035714286,4215.766035714286,0.33668861155346114,0.33668861155346114,TARGET
scalper_filtered,1760707800000,2025,0.7982944530334827,1760708700000,1760708700000,4285.985,4242.247946428572,4289.849107142857,4289.849107142857,0.08834859295098199,0.08834859295098199,TARGET
scalper_filtered,1760720400000,2025,0.7370008996963384,1760721300000,1760722200000,4206.405,4167.45275,4221.3695,4221.3695,0.38417549692252145,0.38417549692252145,TARGET
scalper_filtered,1760937300000,2025,0.8071438563797506,1760938200000,1760938200000,4256.825,4240.819214285714,4259.358571428572,4259.358571428572,0.15829097513849325,0.15829097513849325,TARGET
scalper_filtered,1760940000000,2025,0.8125883926311716,1760940900000,1760940900000,4243.599,4223.693803571428,4244.7873928571435,4244.7873928571435,0.05970264405115274,0.05970264405115274,TARGET
scalper_filtered,1760941800000,2025,0.6832443981506021,1760942700000,1760943600000,4233.698,4212.7646428571425,4237.4857142857145,4237.4857142857145,0.18094155943861512,0.18094155943861512,TARGET
scalper_filtered,1761010200000,2025,0.773481965806615,1761011100000,1761011100000,4345.705,4324.983303571429,4347.818392857143,4347.818392857143,0.10198937449105583,0.10198937449105583,TARGET
scalper_filtered,1761221700000,2025,0.6823492613940322,1761222600000,1761222600000,4108.975,4092.064125,4115.766750000001,4115.766750000001,0.4016202591527715,0.4016202591527715,TARGET
scalper_filtered,1761262200000,2025,0.7764029574915359,1761263100000,1761263100000,4117.125,4098.8589464285715,4119.307107142858,4119.307107142858,0.11946242981958734,0.11946242981958734,TARGET
scalper_filtered,1761274800000,2025,0.6847816423939441,1761275700000,1761277500000,4117.775,4099.664785714286,4122.435428571429,4122.435428571429,0.257337019756069,0.257337019756069,TARGET
scalper_filtered,1761303600000,2025,0.7485771512887451,1761304500000,1761306300000,4058.645,4034.126589285714,4062.6008214285716,4062.6008214285716,0.16134085829089873,0.16134085829089873,TARGET
scalper_filtered,1761575400000,2025,0.6567158742206456,1761576300000,1761577200000,3994.315,3972.0018750000004,4003.9012500000003,3972.0018750000004,0.4296238200610821,-1.0,STOP
scalper_filtered,1761610500000,2025,0.7647802649632057,1761611400000,1761611400000,3984.095,3964.9777321428573,3987.379535714286,3987.379535714286,0.1718098913940179,0.1718098913940179,TARGET
scalper_filtered,1761634800000,2025,0.6877746840715976,1761635700000,1761636600000,3946.069,3927.258642857143,3953.4377142857143,3927.258642857143,0.3917370749397239,-1.0,STOP
scalper_filtered,1761642000000,2025,0.6721564116830311,1761642900000,1761642900000,3897.055,3876.6344642857143,3905.3280714285715,3905.3280714285715,0.4051348869747895,0.4051348869747895,TARGET
scalper_filtered,1761676200000,2025,0.7115374226118915,1761677100000,1761678000000,3951.805,3938.6299642857143,3957.545071428571,3957.545071428571,0.43567786479299425,0.43567786479299425,TARGET
scalper_filtered,1761705000000,2025,0.6871466565371064,1761705900000,1761705900000,3953.985,3935.3385535714287,3960.137892857143,3960.137892857143,0.3299766998882424,0.3299766998882424,TARGET
scalper_filtered,1761757200000,2025,0.7352426563895156,1761758100000,1761760800000,3997.465,3982.721642857143,4001.8717142857145,3982.721642857143,0.298894901820188,-1.0,STOP_BOTH
scalper_filtered,1761762600000,2025,0.703429292613339,1761763500000,1761763500000,3954.098,3932.4226607142855,3961.1186785714285,3961.1186785714285,0.32390166902972856,0.32390166902972856,TARGET
scalper_filtered,1761775200000,2025,0.6624154802551779,1761776100000,1761779700000,3937.305,3900.273839285714,3948.4963214285713,3948.4963214285713,0.30221362800151375,0.30221362800151375,TARGET
scalper_filtered,1761793200000,2025,0.6938264202119525,1761794100000,1761795000000,3928.615,3904.574267857143,3936.0464642857146,3936.0464642857146,0.3091197157205902,0.3091197157205902,TARGET
scalper_filtered,1761829200000,2025,0.6616422569723285,1761830100000,1761831000000,3975.598,3950.8695,3978.126,3978.126,0.10223022019128658,0.10223022019128658,TARGET
scalper_filtered,1762210800000,2025,0.7145122473026498,1762211700000,1762211700000,3987.545,3975.4330178571427,3991.0089642857142,3991.0089642857142,0.28599483097462275,0.28599483097462275,TARGET
scalper_filtered,1762236000000,2025,0.7457762879928801,1762236900000,1762237800000,3974.375,3960.804285714286,3977.5764285714286,3977.5764285714286,0.23590715300805518,0.23590715300805518,TARGET
scalper_filtered,1762259400000,2025,0.8228478867904767,1762260300000,1762261200000,3990.375,3979.504982142857,3992.6750357142855,3992.6750357142855,0.21159447431579811,0.21159447431579811,TARGET
scalper_filtered,1762264800000,2025,0.8414220826538122,1762265700000,1762265700000,3975.595,3958.0194285714288,3975.856142857143,3958.0194285714288,0.014858285444910014,-1.0,STOP_BOTH
scalper_filtered,1762336800000,2025,0.6719491818368635,1762337700000,1762338600000,3963.675,3950.1751964285713,3967.124607142857,3967.124607142857,0.25553017305802955,0.25553017305802955,TARGET
scalper_filtered,1762390800000,2025,0.7169032736794477,1762391700000,1762391700000,3969.975,3960.327125,3972.41075,3972.41075,0.25246492103184065,0.25246492103184065,TARGET
scalper_filtered,1762462800000,2025,0.6554185114466387,1762463700000,1762471800000,3980.965,3973.571035714286,3985.8229285714287,3985.8229285714287,0.6570127179021802,0.6570127179021802,TARGET
scalper_filtered,1762488000000,2025,0.7307233784105829,1762488900000,1762488900000,3990.965,3980.7807321428572,3994.263535714286,3994.263535714286,0.32388540448415026,0.32388540448415026,TARGET
scalper_filtered,1762515000000,2025,0.6936838314459752,1762515900000,1762515900000,3998.298,3989.3330178571427,4001.938964285714,4001.938964285714,0.4061317945418641,0.4061317945418641,TARGET
scalper_filtered,1762785000000,2025,0.697245908799121,1762785900000,1762785900000,4081.105,4068.9425,4084.3100000000004,4084.3100000000004,0.2635149023638566,0.2635149023638566,TARGET
scalper_filtered,1762839000000,2025,0.6639719595534829,1762839900000,1762839900000,4129.655,4120.0511964285715,4133.472607142857,4133.472607142857,0.3975099151563846,0.3975099151563846,TARGET
scalper_filtered,1762871400000,2025,0.8241779549385944,1762872300000,1762872300000,4132.735,4118.544714285714,4132.885571428571,4132.885571428571,0.010610880682953778,0.010610880682953778,TARGET
scalper_filtered,1762875000000,2025,0.7528594255021385,1762875900000,1762875900000,4107.705,4090.0428214285716,4110.4493571428575,4110.4493571428575,0.15538044368416917,0.15538044368416917,TARGET
scalper_filtered,1762916400000,2025,0.7061433741996779,1762917300000,1762920000000,4122.815,4111.301017857143,4126.381964285715,4111.301017857143,0.3097941477986905,-1.0,STOP
scalper_filtered,1762925400000,2025,0.7263660991921573,1762926300000,1762927200000,4104.855,4093.5415892857145,4108.911821428571,4108.911821428571,0.35858518098780784,0.35858518098780784,TARGET
scalper_filtered,1763058600000,2025,0.6560175588666165,1763059500000,1763062200000,4155.529,4134.859607142857,4165.175785714286,4165.175785714286,0.4667183879545555,0.4667183879545555,TARGET
scalper_filtered,1763116200000,2025,0.7104628897104377,1763117100000,1763118000000,4167.195,4151.840107142857,4173.403785714286,4151.840107142857,0.40435226556451503,-1.0,STOP
scalper_filtered,1763127900000,2025,0.7344073790806938,1763128800000,1763130600000,4055.265,4028.1287142857145,4066.6975714285713,4066.6975714285713,0.42130199943144825,0.42130199943144825,TARGET
scalper_filtered,1763151300000,2025,0.6993736538942948,1763152200000,1763152200000,4083.665,4067.574464285714,4090.886071428571,4090.886071428571,0.44877756445112454,0.44877756445112454,TARGET
scalper_filtered,1763348400000,2025,0.7190903910570305,1763349300000,1763349300000,4079.505,4062.1017857142856,4084.5214285714283,4084.5214285714283,0.2882472449670348,0.2882472449670348,TARGET
scalper_filtered,1763357400000,2025,0.675073414274326,1763358300000,1763359200000,4057.165,4043.473767857143,4061.5674642857143,4061.5674642857143,0.32155354899968996,0.32155354899968996,TARGET
scalper_filtered,1763388000000,2025,0.7179946118488267,1763388900000,1763389800000,4073.365,4052.3639285714285,4076.577142857143,4076.577142857143,0.15295138003164505,0.15295138003164505,TARGET
scalper_filtered,1763431200000,2025,0.770726576584499,1763432100000,1763433000000,4033.885,4011.2476428571426,4034.6097142857143,4034.6097142857143,0.03201408544030192,0.03201408544030192,TARGET
scalper_filtered,1763439300000,2025,0.7693783614174876,1763440200000,1763442900000,4017.445,3996.5761428571427,4020.104714285714,4020.104714285714,0.12744896701850908,0.12744896701850908,TARGET
scalper_filtered,1763449200000,2025,0.6960858783069143,1763450100000,1763451000000,4008.295,3995.747892857143,4014.2792142857143,4014.2792142857143,0.47693976129955995,0.47693976129955995,TARGET
scalper_filtered,1763514900000,2025,0.703476497177165,1763515800000,1763515800000,4067.398,4056.1364107142854,4069.3321785714284,4069.3321785714284,0.17175005430909382,0.17175005430909382,TARGET
scalper_filtered,1763558100000,2025,0.7494074873700926,1763559000000,1763559000000,4109.165,4095.4083928571426,4111.028214285714,4111.028214285714,0.13544141126989354,0.13544141126989354,TARGET
scalper_filtered,1763586900000,2025,0.796644491471383,1763587800000,1763587800000,4076.495,4059.239642857143,4077.7957142857144,4077.7957142857144,0.07538031667185659,0.07538031667185659,TARGET
scalper_filtered,1763604900000,2025,0.7550119599589619,1763605800000,1763605800000,4055.335,4031.4928392857146,4057.0083214285714,4057.0083214285714,0.07018329624666937,0.07018329624666937,TARGET
scalper_filtered,1763708400000,2025,0.7033414556561932,1763709300000,1763712900000,4032.365,4016.8754642857143,4039.8630714285714,4039.8630714285714,0.4840733490582553,0.4840733490582553,TARGET
scalper_filtered,1763757900000,2025,0.7095842948635943,1763758800000,1763758800000,4067.098,4048.824767857143,4067.215464285714,4067.215464285714,0.006428216135806389,0.006428216135806389,TARGET
scalper_filtered,1763961300000,2025,0.7283814526645414,1763962200000,1763964000000,4047.105,4034.612660714286,4050.6096785714285,4050.6096785714285,0.2805462204694009,0.2805462204694009,TARGET
scalper_filtered,1764033300000,2025,0.6959744914333468,1764034200000,1764034200000,4127.215,4116.758660714286,4133.277678571429,4133.277678571429,0.5798088992494136,0.5798088992494136,TARGET
scalper_filtered,1764055800000,2025,0.7726548618934354,1764056700000,1764059400000,4137.125,4125.827071428572,4139.899857142857,4125.827071428572,0.2456076018992411,-1.0,STOP
scalper_filtered,1764081900000,2025,0.7934284568600067,1764082800000,1764082800000,4125.055,4103.052892857143,4125.949214285714,4125.949214285714,0.04064221121677144,0.04064221121677144,TARGET
scalper_filtered,1764104400000,2025,0.6607665204352908,1764105300000,1764115200000,4131.605,4122.551482142857,4137.931035714286,4137.931035714286,0.6987378623542916,0.6987378623542916,TARGET
scalper_filtered,1764137700000,2025,0.7087129735609119,1764138600000,1764138600000,4157.925,4148.506428571429,4161.222142857143,4148.506428571429,0.35006825420899795,-1.0,STOP
scalper_filtered,1764161100000,2025,0.7074291119965549,1764162000000,1764162000000,4154.985,4144.006964285713,4157.801071428571,4157.801071428571,0.25651869804965854,0.25651869804965854,TARGET
scalper_filtered,1764204300000,2025,0.6807523503203793,1764205200000,1764205200000,4164.265,4158.602428571428,4167.169142857142,4158.602428571428,0.5128664412934715,-1.0,STOP
scalper_filtered,1764206100000,2025,0.7017452222624172,1764207000000,1764207000000,4153.625,4145.096017857143,4155.262964285714,4155.262964285714,0.19204686541470758,0.19204686541470758,TARGET
scalper_filtered,1764216000000,2025,0.7697189708782902,1764216900000,1764217800000,4147.175,4138.157446428571,4150.960107142857,4150.960107142857,0.4197487836223642,0.4197487836223642,TARGET
scalper_filtered,1764234900000,2025,0.7916319177681268,1764235800000,1764235800000,4154.735,4144.174464285715,4156.146071428571,4156.146071428571,0.13361740983110512,0.13361740983110512,TARGET
scalper_filtered,1764306000000,2025,0.8248505433687042,1764306900000,1764306900000,4182.355,4170.849446428571,4183.238107142857,4183.238107142857,0.07675485906655104,0.07675485906655104,TARGET
scalper_filtered,1764597600000,2025,0.7580661110214949,1764598500000,1764599400000,4246.885,4232.353053571429,4250.568892857143,4232.353053571429,0.25350305791793204,-1.0,STOP
scalper_filtered,1764630000000,2025,0.7512214470391939,1764630900000,1764633600000,4233.095,4223.508214285714,4236.377571428571,4223.508214285714,0.3424058413738289,-1.0,STOP
scalper_filtered,1764637200000,2025,0.7499006887077104,1764638100000,1764638100000,4205.145,4192.753375,4208.17825,4208.17825,0.24478226221334556,0.24478226221334556,TARGET
scalper_filtered,1764657000000,2025,0.6879209819731529,1764657900000,1764657900000,4209.185,4198.716267857142,4211.522464285714,4211.522464285714,0.22328055143793227,0.22328055143793227,TARGET
scalper_filtered,1764667800000,2025,0.7171345848125917,1764668700000,1764668700000,4190.355,4174.541964285715,4193.601071428572,4193.601071428572,0.20527819497936603,0.20527819497936603,TARGET
scalper_filtered,1764747000000,2025,0.6767749947119176,1764747900000,1764750600000,4205.925,4195.921625,4208.35175,4208.35175,0.24259312482033038,0.24259312482033038,TARGET
scalper_filtered,1764813600000,2025,0.732565206824817,1764814500000,1764817200000,4204.535,4194.460821428572,4207.343357142857,4194.460821428572,0.2787678541674731,-1.0,STOP
scalper_filtered,1764827100000,2025,0.6668175320460829,1764828000000,1764828000000,4180.885,4170.004375,4185.00625,4185.00625,0.37876960193005715,0.37876960193005715,TARGET
scalper_filtered,1764897300000,2025,0.7202445689957411,1764898200000,1764898200000,4199.455,4191.499660714286,4200.395678571429,4200.395678571429,0.11824493433212968,0.11824493433212968,TARGET
scalper_filtered,1764926100000,2025,0.7380207469164854,1764927000000,1764927000000,4221.125,4211.9121428571425,4223.380714285714,4223.380714285714,0.24484416188552535,0.24484416188552535,TARGET
scalper_filtered,1764951300000,2025,0.706698257564935,1764952200000,1764954000000,4216.405,4188.396964285715,4217.851071428571,4217.851071428571,0.051630590710577226,0.051630590710577226,TARGET
scalper_filtered,1764963900000,2025,0.6755974786888771,1764964800000,1764969300000,4207.535,4196.7575,4213.07,4196.7575,0.5135699373694994,-1.0,STOP
scalper_filtered,1765189800000,2025,0.7136643590181004,1765190700000,1765193400000,4206.175,4196.607696428572,4209.439607142857,4209.439607142857,0.3412254161775115,0.3412254161775115,TARGET
scalper_filtered,1765247400000,2025,0.660423920378813,1765248300000,1765249200000,4188.915,4182.831982142857,4191.691035714285,4191.691035714285,0.4563583042955087,0.4563583042955087,TARGET
scalper_filtered,1765260000000,2025,0.6792280183388829,1765260900000,1765260900000,4174.425,4166.333392857143,4176.868214285714,4176.868214285714,0.3019442544081865,0.3019442544081865,TARGET
scalper_filtered,1765282500000,2025,0.6880048341778338,1765283400000,1765284300000,4202.045,4194.169785714285,4206.635428571429,4206.635428571429,0.5828957035182526,0.5828957035182526,TARGET
scalper_filtered,1765286100000,2025,0.6781866217846797,1765287000000,1765288800000,4201.825,4194.787464285714,4204.950071428571,4194.787464285714,0.4440576297506954,-1.0,STOP
scalper_filtered,1765289700000,2025,0.6582807194419428,1765290600000,1765290600000,4193.385,4185.194160714286,4197.298678571428,4197.298678571428,0.477811666779271,0.477811666779271,TARGET
scalper_filtered,1765343700000,2025,0.7034830837758412,1765344600000,1765344600000,4205.455,4198.5025,4207.57,4207.57,0.3042071197410546,0.3042071197410546,TARGET
scalper_filtered,1765360800000,2025,0.7218406316903427,1765361700000,1765362600000,4195.498,4188.039089285714,4197.536821428571,4188.039089285714,0.2733403718945787,-1.0,STOP
scalper_filtered,1765377000000,2025,0.7611240735665995,1765377900000,1765377900000,4197.485,4186.9580535714285,4199.368892857143,4199.368892857143,0.17895909986109979,0.17895909986109979,TARGET
scalper_filtered,1765379700000,2025,0.7664275259343774,1765380600000,1765380600000,4196.445,4183.506428571429,4198.922142857143,4198.922142857143,0.19145412388210012,0.19145412388210012,TARGET
scalper_filtered,1765420200000,2025,0.765381199676308,1765421100000,1765422000000,4226.835,4215.270392857143,4230.134214285715,4215.270392857143,0.28528546149121914,-1.0,STOP
scalper_filtered,1765428300000,2025,0.6591581992139073,1765429200000,1765439100000,4213.265,4203.323357142856,4218.058285714285,4218.058285714285,0.48214221564403137,0.48214221564403137,TARGET
scalper_filtered,1765458900000,2025,0.7957879703358721,1765459800000,1765459800000,4212.645,4200.742857142857,4213.619285714286,4213.619285714286,0.08185800876191093,0.08185800876191093,TARGET
scalper_filtered,1765501200000,2025,0.7657558496067611,1765502100000,1765502100000,4274.295,4261.644125,4274.456749999999,4274.456749999999,0.012785676880002218,0.012785676880002218,TARGET
scalper_filtered,1765556100000,2025,0.7130105057408344,1765557000000,1765557000000,4289.685,4258.573535714286,4298.567928571429,4258.573535714286,0.28551946285302243,-1.0,STOP
scalper_filtered,1765796400000,2025,0.6667658943493435,1765797300000,1765799100000,4338.145,4331.410089285714,4342.203821428571,4342.203821428571,0.602654081213146,0.602654081213146,TARGET
scalper_filtered,1765809000000,2025,0.6717585438391336,1765809900000,1765810800000,4327.975,4314.9913750000005,4331.17225,4314.9913750000005,0.2462524911185663,-1.0,STOP
scalper_filtered,1765816200000,2025,0.7048733578839258,1765817100000,1765819800000,4296.355,4275.73175,4303.7015,4303.7015,0.3562241644745948,0.3562241644745948,TARGET
scalper_filtered,1765846800000,2025,0.7355729376352647,1765847700000,1765847700000,4303.835,4295.3198571428575,4306.045285714286,4306.045285714286,0.2595711841090634,0.2595711841090634,TARGET
scalper_filtered,1765863000000,2025,0.7655647078217076,1765863900000,1765863900000,4279.285,4265.254107142857,4282.8667857142855,4282.8667857142855,0.25527853079301005,0.25527853079301005,TARGET
scalper_filtered,1765881000000,2025,0.7061377939467685,1765881900000,1765886400000,4278.945,4269.944767857142,4283.394464285714,4283.394464285714,0.49437216897182973,0.49437216897182973,TARGET
scalper_filtered,1765967400000,2025,0.8124422219934101,1765968300000,1765968300000,4314.805,4301.44575,4316.0235,4316.0235,0.09121021015400639,0.09121021015400639,TARGET
scalper_filtered,1766047500000,2025,0.7195125190806196,1766048400000,1766048400000,4326.355,4318.292678571428,4328.409642857143,4328.409642857143,0.2548450685508548,0.2548450685508548,TARGET
scalper_filtered,1766103300000,2025,0.6704584801661565,1766104200000,1766106000000,4331.115,4324.191321428571,4334.612357142857,4324.191321428571,0.5051299113291664,-1.0,STOP
scalper_filtered,1766145600000,2025,0.6728157863777539,1766146500000,1766146500000,4323.835,4317.5235892857145,4326.377821428572,4326.377821428572,0.40289271981881164,0.40289271981881164,TARGET
scalper_filtered,1766175300000,2025,0.6664383927851681,1766176200000,1766177100000,4344.898,4337.268375,4348.68825,4337.268375,0.49678064125035926,-1.0,STOP
scalper_filtered,1766401200000,2025,0.680659634618771,1766402100000,1766404800000,4408.998,4402.520035714286,4412.224928571429,4412.224928571429,0.4981392964060799,0.4981392964060799,TARGET
scalper_filtered,1766430900000,2025,0.6844040649927785,1766431800000,1766433600000,4432.565,4424.141089285715,4437.742821428572,4437.742821428572,0.6146576814723398,0.6146576814723398,TARGET
scalper_filtered,1766466900000,2025,0.7046954272357665,1766467800000,1766467800000,4480.135,4472.076946428571,4484.911107142857,4484.911107142857,0.592712259917356,0.592712259917356,TARGET
scalper_filtered,1766497500000,2025,0.6973877322559162,1766498400000,1766498400000,4478.915,4468.271250000001,4482.5025000000005,4468.271250000001,0.33705226071645716,-1.0,STOP
scalper_filtered,1766545200000,2025,0.7748259613941733,1766546100000,1766546100000,4485.565,4459.074571428571,4485.607857142857,4485.607857142857,0.0016178350131961616,0.0016178350131961616,TARGET
scalper_filtered,1766563200000,2025,0.7461588392260249,1766564100000,1766564100000,4485.055,4472.633375,4488.14825,4488.14825,0.24902136395197172,0.24902136395197172,TARGET
scalper_filtered,1766746800000,2025,0.7160799420310269,1766747700000,1766751300000,4509.598,4499.338124999999,4511.817749999999,4511.817749999999,0.21635253840803656,0.21635253840803656,TARGET
scalper_filtered,1766966400000,2025,0.7275024339103889,1766967300000,1766967300000,4523.415,4506.214357142857,4528.365285714286,4506.214357142857,0.28779655245445435,-1.0,STOP
scalper_filtered,1766968200000,2025,0.7443046407645841,1766969100000,1766969100000,4489.048,4461.190428571428,4492.1131428571425,4492.1131428571425,0.11002907647574167,0.11002907647574167,TARGET
scalper_filtered,1766988000000,2025,0.6906064749396085,1766988900000,1766988900000,4505.745,4494.69825,4510.6485,4494.69825,0.44388621087655306,-1.0,STOP
scalper_filtered,1767015900000,2025,0.7098984951017319,1767016800000,1767016800000,4421.105,4397.205589285714,4425.913821428571,4397.205589285714,0.20121087863046605,-1.0,STOP
scalper_filtered,1767018600000,2025,0.656953629006318,1767019500000,1767019500000,4373.455,4342.794714285714,4382.875571428571,4382.875571428571,0.30725647883252855,0.30725647883252855,TARGET
scalper_filtered,1767050100000,2025,0.7850473733826352,1767051000000,1767051000000,4333.645,4316.298410714286,4336.298178571429,4336.298178571429,0.15295102268972618,0.15295102268972618,TARGET
scalper_filtered,1767105900000,2025,0.6646985842940806,1767106800000,1767106800000,4365.909,4346.916357142857,4372.172285714286,4372.172285714286,0.32977431110545996,0.32977431110545996,TARGET
scalper_filtered,1767123900000,2025,0.7395087106280601,1767124800000,1767125700000,4348.345,4330.919732142856,4350.855535714285,4350.855535714285,0.14407444033954991,0.14407444033954991,TARGET
scalper_filtered,1767137400000,2025,0.6644349922318841,1767138300000,1767141000000,4339.265,4321.1345,4344.026,4344.026,0.262596177711561,0.262596177711561,TARGET
scalper_filtered,1767211200000,2025,0.7900961613995212,1767212100000,1767212100000,4314.625,4298.438267857143,4315.7084642857135,4315.7084642857135,0.06693533173659122,0.06693533173659122,TARGET
scalper_filtered,1767611700000,2026,0.7467024357715704,1767612600000,1767612600000,4416.945,4405.060928571428,4420.733142857142,4420.733142857142,0.3187580014064271,0.3187580014064271,TARGET
scalper_filtered,1767659400000,2026,0.6732888227038584,1767660300000,1767661200000,4436.435,4424.963267857143,4440.037464285715,4440.037464285715,0.3140296723156785,0.3140296723156785,TARGET
scalper_filtered,1767693600000,2026,0.6592820745060867,1767694500000,1767695400000,4449.875,4436.108928571429,4454.067142857143,4454.067142857143,0.3045271760280459,0.3045271760280459,TARGET
scalper_filtered,1767751200000,2026,0.7558540160130213,1767752100000,1767752100000,4472.035,4452.890357142857,4472.143285714285,4472.143285714285,0.005656188788351181,0.005656188788351181,TARGET
scalper_filtered,1767798900000,2026,0.7579009711879529,1767799800000,1767799800000,4441.985,4413.642357142858,4442.120285714286,4442.120285714286,0.0047732215717639125,0.0047732215717639125,TARGET
scalper_filtered,1767836700000,2026,0.7514241350844788,1767837600000,1767839400000,4448.065,4436.611053571429,4451.811892857142,4436.611053571429,0.3271268012740311,-1.0,STOP
scalper_filtered,1767920400000,2026,0.7034198267538548,1767921300000,1767922200000,4458.865,4448.306446428572,4461.442107142858,4461.442107142858,0.24407766891781507,0.24407766891781507,TARGET
scalper_filtered,1767935700000,2026,0.8064067370020305,1767936600000,1767936600000,4464.455,4454.001375,4465.952249999999,4465.952249999999,0.14322782766738096,0.14322782766738096,TARGET
scalper_filtered,1767948300000,2026,0.7122210505156723,1767949200000,1767949200000,4468.295,4459.877178571428,4471.960642857142,4471.960642857142,0.4354621784563206,0.4354621784563206,TARGET
scalper_filtered,1767961800000,2026,0.6893420263276997,1767962700000,1767963600000,4465.835,4456.821285714285,4468.472428571428,4468.472428571428,0.29260174971466946,0.29260174971466946,TARGET
scalper_filtered,1768220100000,2026,0.7067646302680286,1768221000000,1768221900000,4582.615,4573.212625,4588.009750000001,4588.009750000001,0.5737646073467062,0.5737646073467062,TARGET
scalper_filtered,1768254300000,2026,0.7652510619516983,1768258800000,1768258800000,4599.498,4583.89325,4599.7985,4583.89325,0.0192569570163119,-1.0,STOP_BOTH
scalper_filtered,1768327200000,2026,0.6772204642667434,1768328100000,1768336200000,4593.965,4576.069339285714,4604.316321428571,4576.069339285714,0.5784263343966776,-1.0,STOP
scalper_filtered,1768391100000,2026,0.6916249710401944,1768392000000,1768392000000,4630.375,4621.1910178571425,4635.002964285714,4635.002964285714,0.5039169516802231,0.5039169516802231,TARGET
scalper_filtered,1768401900000,2026,0.7364379314503192,1768402800000,1768402800000,4616.958,4599.610357142857,4620.744285714286,4599.610357142857,0.2182593765312227,-1.0,STOP
scalper_filtered,1768447800000,2026,0.7379082613671875,1768448700000,1768455900000,4596.395,4572.294428571428,4598.186142857143,4598.186142857143,0.07431951820938751,0.07431951820938751,TARGET
scalper_filtered,1768561200000,2026,0.7704246165563071,1768562100000,1768562100000,4606.245,4593.793892857143,4607.2672142857145,4607.2672142857145,0.08209826435403278,0.08209826435403278,TARGET
scalper_filtered,1768577400000,2026,0.7141444379679911,1768578300000,1768578300000,4555.315,4525.071285714286,4559.402428571429,4559.402428571429,0.13514968871927888,0.13514968871927888,TARGET
scalper_filtered,1768822200000,2026,0.6735881438693747,1768823100000,1768824900000,4664.685,4655.454017857143,4668.2669642857145,4668.2669642857145,0.38803718069000964,0.38803718069000964,TARGET
scalper_filtered,1768863600000,2026,0.7764703990413129,1768864500000,1768864500000,4670.235,4662.482964285715,4671.768071428572,4671.768071428572,0.19776372105031825,0.19776372105031825,TARGET
scalper_filtered,1768867200000,2026,0.6873148586683174,1768868100000,1768868100000,4667.695,4660.396,4670.602,4660.396,0.3982737361282589,-1.0,STOP
scalper_filtered,1768979700000,2026,0.7098049318356888,1768980600000,1768981500000,4849.315,4821.910678571428,4853.303642857143,4853.303642857143,0.14554795190020858,0.14554795190020858,TARGET
scalper_filtered,1769008500000,2026,0.6793594810985887,1769009400000,1769009400000,4830.798,4798.939214285714,4839.366571428572,4839.366571428572,0.26895474000221203,0.26895474000221203,TARGET
scalper_filtered,1769024700000,2026,0.7253402995278325,1769025600000,1769025600000,4780.858,4739.690303571429,4786.654392857143,4786.654392857143,0.1407995433312536,0.1407995433312536,TARGET
scalper_filtered,1769043600000,2026,0.8090542045288074,1769044500000,1769044500000,4791.285,4759.517821428572,4797.519357142858,4797.519357142858,0.19625152195497408,0.19625152195497408,TARGET
scalper_filtered,1769089500000,2026,0.756814683774399,1769090400000,1769090400000,4822.095,4804.539982142857,4822.525035714286,4822.525035714286,0.02449645553112586,0.02449645553112586,TARGET
scalper_filtered,1769156100000,2026,0.7420623686412765,1769157000000,1769157000000,4913.285,4893.529964285714,4915.9550714285715,4915.9550714285715,0.1351590281682376,0.1351590281682376,TARGET
scalper_filtered,1769402700000,2026,0.7815083924714133,1769403600000,1769406300000,5070.145,5049.375,5075.385,5075.385,0.2522869523350829,0.2522869523350829,TARGET
scalper_filtered,1769432400000,2026,0.8505022098582316,1769433300000,1769433300000,5079.945,5059.010892857143,5080.053214285714,5080.053214285714,0.005169281162817968,0.005169281162817968,TARGET
scalper_filtered,1769454000000,2026,0.747773222308538,1769454900000,1769454900000,5059.785,5020.774125,5065.7167500000005,5020.774125,0.15205375424162254,-1.0,STOP
scalper_filtered,1769456700000,2026,0.6979246133264585,1769457600000,1769457600000,5028.265,4991.827107142857,5040.399785714286,5040.399785714286,0.3330265490889006,0.3330265490889006,TARGET
scalper_filtered,1769514300000,2026,0.7272045020293455,1769515200000,1769515200000,5076.755,5060.264196428571,5079.895607142857,5079.895607142857,0.19044597367581262,0.19044597367581262,TARGET
scalper_filtered,1769523300000,2026,0.7036696679538007,1769524200000,1769524200000,5059.275,5037.239089285715,5064.916821428572,5064.916821428572,0.25602851190148057,0.25602851190148057,TARGET
scalper_filtered,1769598000000,2026,0.8261215439949458,1769598900000,1769598900000,5259.495,5227.145785714286,5260.743428571429,5260.743428571429,0.038592237833126,0.038592237833126,TARGET
scalper_filtered,1769612400000,2026,0.7733567513231169,1769613300000,1769613300000,5255.935,5220.441732142857,5264.830535714286,5264.830535714286,0.2506259989947818,0.2506259989947818,TARGET
scalper_filtered,1769684400000,2026,0.7960542096443539,1769685300000,1769685300000,5506.605,5451.928767857143,5507.777464285714,5507.777464285714,0.021443765229669665,0.021443765229669665,TARGET
scalper_filtered,1769739300000,2026,0.6940334051652197,1769740200000,1769740200000,5171.315,5071.138107142857,5191.917785714286,5191.917785714286,0.20566405212494315,0.20566405212494315,TARGET
scalper_filtered,1769758200000,2026,0.6710779178035813,1769759100000,1769759100000,5146.415,5092.126071428572,5167.362857142857,5167.362857142857,0.3858587320487636,0.3858587320487636,TARGET
scalper_filtered,1769761800000,2026,0.6618378155860632,1769762700000,1769762700000,5095.755,5019.896071428571,5115.562857142857,5115.562857142857,0.2611143805465926,0.2611143805465926,TARGET
scalper_filtered,1769766300000,2026,0.7239908073043422,1769767200000,1769767200000,5012.345,4897.623750000001,5027.437500000001,5027.437500000001,0.1315580156248359,0.1315580156248359,TARGET
scalper_filtered,1769785200000,2026,0.7167362187164126,1769786100000,1769786100000,5026.925,4941.729357142857,5055.716285714286,5055.716285714286,0.33794317113802536,0.33794317113802536,TARGET
scalper_filtered,1769790600000,2026,0.7255169878508919,1769791500000,1769792400000,5009.498,4922.067392857142,5034.320214285714,4922.067392857142,0.28390760509253427,-1.0,STOP
scalper_filtered,1769797800000,2026,0.812013332639281,1769798700000,1769798700000,4777.448,4629.268107142858,4780.638785714286,4780.638785714286,0.02153318950879639,0.02153318950879639,TARGET
scalper_filtered,1770011100000,2026,0.6683012951479226,1770012000000,1770012900000,4547.265,4455.399571428572,4579.1058571428575,4455.399571428572,0.34660326129214014,-1.0,STOP
scalper_filtered,1770117300000,2026,0.6782732247988895,1770118200000,1770118200000,4900.765,4867.780339285714,4914.774321428571,4914.774321428571,0.4247223141059329,0.4247223141059329,TARGET
scalper_filtered,1770145200000,2026,0.7480543308914883,1770146100000,1770146100000,4915.318,4855.297875,4930.28925,4930.28925,0.2494371679499101,0.2494371679499101,TARGET
scalper_filtered,1770215400000,2026,0.7022686645834537,1770216300000,1770216300000,4995.915,4947.488410714286,5004.568178571429,5004.568178571429,0.17868651703665353,0.17868651703665353,TARGET
scalper_filtered,1770223500000,2026,0.8235821550823891,1770224400000,1770224400000,4904.175,4811.528589285715,4909.437821428572,4909.437821428572,0.05680545406990001,0.05680545406990001,TARGET
scalper_filtered,1770257700000,2026,0.7532802835585891,1770258600000,1770258600000,4936.459,4870.259571428571,4938.795857142856,4938.795857142856,0.0353002615473474,0.0353002615473474,TARGET
scalper_filtered,1770260400000,2026,0.7366439768289631,1770261300000,1770261300000,4846.045,4758.207803571429,4846.639392857143,4846.639392857143,0.006766983479790467,0.006766983479790467,TARGET
scalper_filtered,1770293700000,2026,0.8079061663104405,1770294600000,1770294600000,4847.635,4788.560750000001,4853.1335,4853.1335,0.09307777923544905,0.09307777923544905,TARGET
scalper_filtered,1770324300000,2026,0.6601345836767274,1770325200000,1770327000000,4811.105,4775.872285714286,4825.980428571428,4775.872285714286,0.4222050123870303,-1.0,STOP
scalper_filtered,1770621300000,2026,0.6875835040382442,1770622200000,1770624000000,5008.315,4983.458089285714,5017.948821428571,5017.948821428571,0.38757114829377404,0.38757114829377404,TARGET
scalper_filtered,1770727500000,2026,0.7338953464957211,1770728400000,1770728400000,5031.995,5010.514053571428,5037.216892857143,5037.216892857143,0.24309417066452982,0.24309417066452982,TARGET
scalper_filtered,1770798600000,2026,0.675079397996735,1770799500000,1770802200000,5052.049,5038.09675,5059.901499999999,5059.901499999999,0.5628124496048235,0.5628124496048235,TARGET
scalper_filtered,1770813000000,2026,0.7660751196232696,1770813900000,1770813900000,5068.085,5037.331553571428,5073.821892857143,5073.821892857143,0.18654471362966513,0.18654471362966513,TARGET
scalper_filtered,1770845400000,2026,0.8004829450005184,1770846300000,1770846300000,5079.909,5062.476035714286,5084.042928571429,5084.042928571429,0.23713285380944019,0.23713285380944019,TARGET
scalper_filtered,1770850800000,2026,0.8051827076720202,1770851700000,1770851700000,5062.995,5043.075160714286,5069.624678571428,5069.624678571428,0.3328178744987684,0.3328178744987684,TARGET
scalper_filtered,1770877800000,2026,0.7670873910031489,1770878700000,1770879600000,5057.495,5038.832410714285,5062.369178571429,5062.369178571429,0.2611737576607419,0.2611737576607419,TARGET
scalper_filtered,1770939900000,2026,0.7565818082755811,1770940800000,1770940800000,4919.875,4894.397821428572,4927.629357142858,4927.629357142858,0.30436483070986436,0.30436483070986436,TARGET
scalper_filtered,1770959700000,2026,0.8198675436656648,1770960600000,1770961500000,4979.445,4955.960303571428,4982.2333928571425,4955.960303571428,0.11873233557110739,-1.0,STOP
scalper_filtered,1770980400000,2026,0.6554403756674274,1770981300000,1770984000000,4951.255,4931.229571428571,4959.895857142857,4959.895857142857,0.4314942430338128,0.4314942430338128,TARGET
scalper_filtered,1771196400000,2026,0.8425829264413864,1771197300000,1771197300000,5022.095,4997.544964285714,5024.794071428571,5024.794071428571,0.10994164977937342,0.10994164977937342,TARGET
scalper_filtered,1771200000000,2026,0.7946818659574096,1771200900000,1771200900000,5016.718,4989.653678571429,5018.976642857143,5018.976642857143,0.08345462727022873,0.08345462727022873,TARGET
scalper_filtered,1771249500000,2026,0.7346696724993815,1771250400000,1771252200000,4996.975,4983.744928571428,5000.164142857143,4983.744928571428,0.2410525804309096,-1.0,STOP
scalper_filtered,1771253100000,2026,0.7500516080108047,1771254000000,1771254000000,4987.779,4975.731375,4992.81225,4975.731375,0.417779437855962,-1.0,STOP
scalper_filtered,1771283700000,2026,0.8022812431775003,1771284600000,1771284600000,4993.775,4979.524785714286,4994.285428571428,4994.285428571428,0.03581901024046104,0.03581901024046104,TARGET
scalper_filtered,1771305300000,2026,0.700475868247499,1771306200000,1771306200000,4900.375,4878.898767857142,4906.397464285714,4878.898767857142,0.2804246222360099,-1.0,STOP
scalper_filtered,1771370100000,2026,0.7120587031296801,1771371000000,1771371000000,4877.405,4859.827839285714,4882.679321428571,4882.679321428571,0.30006674651863946,0.30006674651863946,TARGET
scalper_filtered,1771406100000,2026,0.6803401051661672,1771407000000,1771408800000,4921.045,4907.090017857143,4924.024964285714,4924.024964285714,0.2135412467897353,0.2135412467897353,TARGET
scalper_filtered,1771443000000,2026,0.7199410811507894,1771443900000,1771446600000,4982.315,4965.5816428571425,4986.801714285713,4986.801714285713,0.26812995428290404,0.26812995428290404,TARGET
scalper_filtered,1771455600000,2026,0.7216298111386936,1771456500000,1771456500000,4976.395,4958.774303571428,4978.216392857143,4978.216392857143,0.10336667818581806,0.10336667818581806,TARGET
scalper_filtered,1771493400000,2026,0.7806037825709411,1771494300000,1771495200000,5003.165,4986.460267857143,5005.413464285714,4986.460267857143,0.13460043935369448,-1.0,STOP
scalper_filtered,1771506000000,2026,0.7442338003894818,1771506900000,1771507800000,4983.545,4967.405857142858,4988.373285714286,4988.373285714286,0.29916617982900245,0.29916617982900245,TARGET
scalper_filtered,1771524000000,2026,0.6792494400972936,1771524900000,1771533000000,4987.865,4969.811232142857,4998.202535714286,4998.202535714286,0.5725971329688936,0.5725971329688936,TARGET
scalper_filtered,1771545600000,2026,0.657294181413765,1771546500000,1771548300000,4993.165,4978.848392857143,4997.438214285714,4997.438214285714,0.29847953799906035,0.29847953799906035,TARGET
scalper_filtered,1771588800000,2026,0.6786210349497668,1771589700000,1771592400000,5022.085,5006.6155178571435,5027.073964285714,5027.073964285714,0.3225036390774093,0.3225036390774093,TARGET
scalper_filtered,1771830000000,2026,0.7292558884107845,1771830900000,1771830900000,5146.565,5131.9700892857145,5149.324821428571,5131.9700892857145,0.18909477985846815,-1.0,STOP
scalper_filtered,1771831800000,2026,0.852927862514931,1771832700000,1771832700000,5136.635,5118.240982142857,5138.413035714286,5138.413035714286,0.09666380276972056,0.09666380276972056,TARGET
scalper_filtered,1771895700000,2026,0.7241264113731992,1771896600000,1771896600000,5164.665,5132.807392857143,5168.479214285715,5168.479214285715,0.11972695465203001,0.11972695465203001,TARGET
scalper_filtered,1771914600000,2026,0.7847629912687655,1771915500000,1771915500000,5168.748,5148.345839285715,5172.223321428572,5172.223321428572,0.17034085150298212,0.17034085150298212,TARGET
scalper_filtered,1771929000000,2026,0.6737524139285638,1771929900000,1771930800000,5169.985,5155.954482142857,5176.626035714286,5176.626035714286,0.47332791147876424,0.47332791147876424,TARGET
scalper_filtered,1771939800000,2026,0.7575728922081146,1771940700000,1771940700000,5145.295,5125.077678571429,5149.0996428571425,5125.077678571429,0.18818728636156898,-1.0,STOP
scalper_filtered,1772010000000,2026,0.662011733400698,1772010900000,1772011800000,5183.545,5170.147089285714,5188.680821428571,5188.680821428571,0.38333002347110884,0.38333002347110884,TARGET
scalper_filtered,1772018100000,2026,0.801988113718782,1772019000000,1772019000000,5168.595,5147.989589285715,5168.705821428572,5168.705821428572,0.005378268363977213,0.005378268363977213,TARGET
scalper_filtered,1772091900000,2026,0.7071579228488688,1772092800000,1772092800000,5186.075,5173.980125,5190.11375,5190.11375,0.33392242582091125,0.33392242582091125,TARGET
scalper_filtered,1772095500000,2026,0.7482361219213763,1772096400000,1772096400000,5178.858,5160.488535714286,5180.81792857143,5180.81792857143,0.10669492266867944,0.10669492266867944,TARGET
scalper_filtered,1772107200000,2026,0.7717202129493602,1772108100000,1772108100000,5168.215,5151.128892857143,5170.227214285715,5170.227214285715,0.11776903123047794,0.11776903123047794,TARGET
scalper_filtered,1772146800000,2026,0.7509542625304158,1772147700000,1772147700000,5183.665,5166.235464285714,5186.064071428572,5186.064071428572,0.13764402379379495,0.13764402379379495,TARGET
scalper_filtered,1772154000000,2026,0.7369186027629716,1772154900000,1772155800000,5176.255,5159.257857142857,5181.089285714285,5181.089285714285,0.2844175491678882,0.2844175491678882,TARGET
scalper_filtered,1772186400000,2026,0.6684486415231401,1772187300000,1772187300000,5174.135,5162.912660714285,5178.639678571428,5178.639678571428,0.40140281422088475,0.40140281422088475,TARGET
scalper_filtered,1772445600000,2026,0.7231063912132322,1772446500000,1772447400000,5390.215,5368.215446428572,5399.504107142858,5399.504107142858,0.4222407110534225,0.4222407110534225,TARGET
scalper_filtered,1772451900000,2026,0.6859768035799558,1772452800000,1772452800000,5385.035,5364.791749999999,5395.0115,5395.0115,0.49283094364785995,0.49283094364785995,TARGET
scalper_filtered,1772460900000,2026,0.7366505235825147,1772461800000,1772461800000,5333.475,5290.604982142857,5337.615035714285,5337.615035714285,0.0965718215485859,0.0965718215485859,TARGET
scalper_filtered,1772467200000,2026,0.7695669728203985,1772468100000,1772468100000,5299.925,5235.755571428572,5308.773857142857,5308.773857142857,0.13789833164880308,0.13789833164880308,TARGET
scalper_filtered,1772515800000,2026,0.7010468418153674,1772516700000,1772516700000,5345.075,5325.682696428571,5350.979607142857,5325.682696428571,0.3044819879757286,-1.0,STOP
scalper_filtered,1772535600000,2026,0.7868862254607407,1772536500000,1772536500000,5197.355,5136.7206964285715,5204.0836071428575,5136.7206964285715,0.1109703047043591,-1.0,STOP_BOTH
scalper_filtered,1772537400000,2026,0.7848919524853987,1772538300000,1772538300000,5123.498,5041.412285714287,5132.110428571429,5132.110428571429,0.1049199443090977,0.1049199443090977,TARGET
scalper_filtered,1772550900000,2026,0.7550873409031174,1772551800000,1772551800000,5043.505,4962.076267857144,5062.272464285715,5062.272464285715,0.2304771766897886,0.2304771766897886,TARGET
scalper_filtered,1772604000000,2026,0.7998969624250554,1772604900000,1772604900000,5140.835,5106.657482142858,5144.870035714286,5144.870035714286,0.11806111055671208,0.11806111055671208,TARGET
scalper_filtered,1772649000000,2026,0.7026074967100766,1772649900000,1772653500000,5124.945,5094.471017857143,5137.091964285714,5137.091964285714,0.3986011486379366,0.3986011486379366,TARGET
scalper_filtered,1772722800000,2026,0.7244063127675631,1772723700000,1772725500000,5085.115,5042.538,5094.999,5094.999,0.23214411536745103,0.23214411536745103,TARGET
scalper_filtered,1772733600000,2026,0.713293598022514,1772734500000,1772735400000,5071.505,5033.809982142857,5084.294035714286,5084.294035714286,0.3392765527464116,0.3392765527464116,TARGET
scalper_filtered,1772758800000,2026,0.6629107950198304,1772759700000,1772759700000,5076.908,5056.4601785714285,5085.724642857143,5085.724642857143,0.43117761410139827,0.43117761410139827,TARGET
scalper_filtered,1772776800000,2026,0.6776786994345086,1772777700000,1772777700000,5115.945,5102.484928571428,5121.424142857142,5121.424142857142,0.40706640274671674,0.40706640274671674,TARGET
scalper_filtered,1772785800000,2026,0.6956325677387281,1772786700000,1772786700000,5107.305,5088.293910714286,5111.367178571428,5111.367178571428,0.21367416197870756,0.21367416197870756,TARGET
scalper_filtered,1772797500000,2026,0.701666667433532,1772798400000,1772798400000,5076.705,5051.801785714286,5082.771428571428,5082.771428571428,0.24360022372326415,0.24360022372326415,TARGET
scalper_filtered,1773009000000,2026,0.7056750987151017,1773009900000,1773012600000,5125.125,5090.362392857142,5134.620214285715,5090.362392857142,0.2731444809848075,-1.0,STOP
scalper_filtered,1773126900000,2026,0.8388694092918412,1773127800000,1773127800000,5169.295,5152.283517857142,5170.176964285714,5170.176964285714,0.05184523478364649,0.05184523478364649,TARGET
scalper_filtered,1773138600000,2026,0.7481313116989463,1773139500000,1773139500000,5168.835,5148.171857142857,5172.181285714286,5172.181285714286,0.16194466337579033,0.16194466337579033,TARGET
scalper_filtered,1773207000000,2026,0.832067342977951,1773207900000,1773208800000,5200.825,5184.547839285714,5201.729321428571,5201.729321428571,0.055557688742206526,0.055557688742206526,TARGET
scalper_filtered,1773234000000,2026,0.7046876540186695,1773234900000,1773234900000,5177.505,5152.606089285714,5180.742821428571,5180.742821428571,0.1300386778250966,0.1300386778250966,TARGET
scalper_filtered,1773266400000,2026,0.8090727645666742,1773267300000,1773267300000,5175.105,5163.137535714285,5176.797928571428,5176.797928571428,0.1414609253064152,0.1414609253064152,TARGET
scalper_filtered,1773269100000,2026,0.7341782163381152,1773270000000,1773270000000,5138.075,5122.124196428572,5143.276607142858,5143.276607142858,0.3261031407957006,0.3261031407957006,TARGET
scalper_filtered,1773273600000,2026,0.71917693156352,1773274500000,1773274500000,5138.605,5115.7440535714295,5144.066892857143,5144.066892857143,0.23891805504244723,0.23891805504244723,TARGET
scalper_filtered,1773317700000,2026,0.7556992148747217,1773318600000,1773318600000,5171.795,5158.330392857142,5173.914214285714,5173.914214285714,0.15739146810812144,0.15739146810812144,TARGET
scalper_filtered,1773321300000,2026,0.8166481589011035,1773322200000,1773323100000,5170.955,5152.270035714286,5171.874928571428,5152.270035714286,0.049233627496512986,-1.0,STOP
scalper_filtered,1773327600000,2026,0.6933271030207381,1773328500000,1773328500000,5124.605,5098.596232142857,5130.9025357142855,5130.9025357142855,0.24213125930748233,0.24213125930748233,TARGET
scalper_filtered,1773378000000,2026,0.698770060767735,1773378900000,1773382500000,5108.895,5096.898160714285,5113.097678571428,5096.898160714285,0.3503154848820901,-1.0,STOP
scalper_filtered,1773386100000,2026,0.8333413384853576,1773387000000,1773387000000,5084.595,5064.662464285714,5085.0400714285715,5085.0400714285715,0.02232889156457342,0.02232889156457342,TARGET
scalper_filtered,1773388800000,2026,0.7579384296553542,1773389700000,1773390600000,5077.785,5058.63425,5081.8565,5081.8565,0.21260263958330924,0.21260263958330924,TARGET
scalper_filtered,1773616500000,2026,0.756328283691965,1773617400000,1773618300000,4989.105,4954.202928571429,4992.969142857142,4992.969142857142,0.11071385447854969,0.11071385447854969,TARGET
scalper_filtered,1773728100000,2026,0.6589572904176132,1773729000000,1773731700000,5011.605,4998.382267857143,5017.290464285715,5017.290464285715,0.4299765150114442,0.4299765150114442,TARGET
scalper_filtered,1773775800000,2026,0.6919446216653129,1773776700000,1773777600000,5001.815,4991.172125,5006.18075,5006.18075,0.4102040097249126,0.4102040097249126,TARGET
scalper_filtered,1773787500000,2026,0.6878250516465562,1773788400000,1773788400000,4999.035,4988.686214285714,5001.672571428572,5001.672571428572,0.2548677208507084,0.2548677208507084,TARGET
scalper_filtered,1773798300000,2026,0.6952821171318131,1773799200000,1773800100000,4998.515,4985.402446428571,5002.300107142857,5002.300107142857,0.288662854434709,0.288662854434709,TARGET
scalper_filtered,1773802800000,2026,0.6568032067527679,1773803700000,1773811800000,4994.005,4979.411017857143,4998.712964285714,4998.712964285714,0.3225962756175139,0.3225962756175139,TARGET
scalper_filtered,1773823500000,2026,0.7224151667405517,1773824400000,1773824400000,4986.649,4968.356125,4989.574750000001,4989.574750000001,0.15993932063715077,0.15993932063715077,TARGET
scalper_filtered,1773839700000,2026,0.7943158259436257,1773840600000,1773840600000,4861.335,4816.913392857143,4867.768214285714,4867.768214285714,0.14482173652621264,0.14482173652621264,TARGET
scalper_filtered,1773860400000,2026,0.6970901078228405,1773861300000,1773861300000,4856.915,4833.615339285714,4862.8343214285715,4862.8343214285715,0.25405182938746124,0.25405182938746124,TARGET
scalper_filtered,1773865800000,2026,0.6583629164987985,1773866700000,1773871200000,4820.945,4794.381267857143,4831.2624642857145,4831.2624642857145,0.388404168142814,0.388404168142814,TARGET
scalper_filtered,1773902700000,2026,0.7328757545731094,1773903600000,1773903600000,4763.475,4737.2885,4767.938,4767.938,0.1704313291199518,0.1704313291199518,TARGET
scalper_filtered,1773924300000,2026,0.7780200114049093,1773925200000,1773925200000,4573.915,4508.141464285714,4576.552071428571,4508.141464285714,0.0400931985780192,-1.0,STOP
scalper_filtered,1774004400000,2026,0.7072886910827065,1774005300000,1774005300000,4662.375,4622.030892857143,4666.473214285715,4666.473214285715,0.10158148428475698,0.10158148428475698,TARGET
scalper_filtered,1774013400000,2026,0.818562537830061,1774014300000,1774014300000,4662.405,4621.652125,4665.64075,4621.652125,0.079399306183915,-1.0,STOP
scalper_filtered,1774225800000,2026,0.6877885175094093,1774226700000,1774227600000,4362.775,4302.5887678571435,4380.487464285715,4380.487464285715,0.29429428716643136,0.29429428716643136,TARGET
scalper_filtered,1774245600000,2026,0.6868023823072291,1774246500000,1774246500000,4294.455,4251.504232142857,4306.886535714286,4251.504232142857,0.28943686770942295,-1.0,STOP_BOTH
scalper_filtered,1774303200000,2026,0.8134911601894773,1774304100000,1774304100000,4395.515,4339.8322499999995,4398.3795,4398.3795,0.05144322074609527,0.05144322074609527,TARGET
scalper_filtered,1774359900000,2026,0.6888871986073658,1774360800000,1774360800000,4381.175,4329.311178571428,4393.891642857143,4393.891642857143,0.24519294002769015,0.24519294002769015,TARGET
scalper_filtered,1774465200000,2026,0.780592370804297,1774466100000,1774466100000,4508.825,4473.861767857143,4511.800464285714,4511.800464285714,0.08510266652570055,0.08510266652570055,TARGET
scalper_filtered,1774609200000,2026,0.6853732663164842,1774610100000,1774611000000,4412.745,4396.034607142857,4420.005785714286,4420.005785714286,0.434507182228329,0.434507182228329,TARGET
scalper_filtered,1774825200000,2026,0.6826053344723039,1774826100000,1774827900000,4478.185,4444.252642857143,4488.899714285714,4444.252642857143,0.31576687232791223,-1.0,STOP
scalper_filtered,1774953000000,2026,0.7441902671837283,1774953900000,1774953900000,4540.995,4520.9274642857135,4545.490071428571,4545.490071428571,0.22399718094790091,0.22399718094790091,TARGET
scalper_filtered,1775068200000,2026,0.7544392424763504,1775069100000,1775070000000,4756.705,4732.559053571429,4760.296892857143,4760.296892857143,0.14875759240866251,0.14875759240866251,TARGET
scalper_filtered,1775109600000,2026,0.8121407332823934,1775110500000,1775110500000,4580.475,4538.084553571429,4583.304892857143,4583.304892857143,0.06675779793712318,0.06675779793712318,TARGET
scalper_filtered,1775124900000,2026,0.755945986318036,1775125800000,1775125800000,4618.155,4591.448892857143,4627.5572142857145,4627.5572142857145,0.352062329242528,0.352062329242528,TARGET
scalper_filtered,1775426400000,2026,0.758292352870086,1775427300000,1775427300000,4629.445,4603.897875,4633.70925,4633.70925,0.1669170209955197,0.1669170209955197,TARGET
scalper_filtered,1775481300000,2026,0.6805435681982785,1775482200000,1775482200000,4668.945,4651.378196428571,4675.608607142857,4675.608607142857,0.3793295186436392,0.3793295186436392,TARGET
scalper_filtered,1775643300000,2026,0.7331932054863114,1775644200000,1775644200000,4782.218,4760.455875000001,4791.74325,4791.74325,0.43769852438587264,0.43769852438587264,TARGET
scalper_filtered,1775650500000,2026,0.752441524726527,1775651400000,1775651400000,4783.955,4757.119714285714,4790.144571428571,4790.144571428571,0.23065047618538762,0.23065047618538762,TARGET
scalper_filtered,1775671200000,2026,0.7569687873204994,1775672100000,1775673000000,4743.495,4716.4481964285715,4747.608607142857,4716.4481964285715,0.15209217355365434,-1.0,STOP
scalper_filtered,1775674800000,2026,0.7387125902883369,1775675700000,1775676600000,4715.295,4688.846214285714,4720.0125714285705,4720.0125714285705,0.17836627660461188,0.17836627660461188,TARGET
scalper_filtered,1775717100000,2026,0.7259871525805278,1775718000000,1775718000000,4712.245,4695.337321428572,4718.880357142857,4718.880357142857,0.3924463736890658,0.3924463736890658,TARGET
scalper_filtered,1775788200000,2026,0.7472990833343097,1775789100000,1775789100000,4749.635,4730.213017857143,4752.718964285715,4752.718964285715,0.1587873092988469,0.1587873092988469,TARGET
scalper_filtered,1775810700000,2026,0.7712942689005718,1775811600000,1775811600000,4740.735,4723.605696428571,4743.403607142857,4743.403607142857,0.15579192298913622,0.15579192298913622,TARGET
scalper_filtered,1775836800000,2026,0.804713191698114,1775837700000,1775841300000,4763.255,4736.549071428571,4768.2168571428565,4768.2168571428565,0.1857960912905564,0.1857960912905564,TARGET
scalper_filtered,1776162600000,2026,0.8173280633358387,1776163500000,1776163500000,4767.165,4742.967285714286,4767.920428571429,4767.920428571429,0.031219005336988865,0.031219005336988865,TARGET
scalper_filtered,1776243600000,2026,0.7671345707769346,1776244500000,1776252600000,4804.845,4784.861392857143,4807.762214285714,4807.762214285714,0.14598036605002476,0.14598036605002476,TARGET
scalper_filtered,1776265200000,2026,0.7745407712319881,1776266100000,1776267000000,4809.965,4793.0476071428575,4813.598785714285,4793.0476071428575,0.21479584620221678,-1.0,STOP
scalper_filtered,1776347100000,2026,0.7167207301643587,1776348000000,1776348000000,4794.358,4777.849446428571,4798.536107142857,4798.536107142857,0.2530874146410861,0.2530874146410861,TARGET
scalper_filtered,1776349800000,2026,0.7562857995675091,1776350700000,1776350700000,4787.395,4763.959392857143,4790.775214285714,4790.775214285714,0.1442341248131105,0.1442341248131105,TARGET
scalper_filtered,1776384000000,2026,0.7289563938914227,1776384900000,1776385800000,4789.945,4782.097142857143,4792.710714285715,4792.710714285715,0.35241649221820076,0.35241649221820076,TARGET
scalper_filtered,1776387600000,2026,0.7904054213129521,1776388500000,1776388500000,4778.615,4764.146785714286,4779.231428571428,4779.231428571428,0.042605712028829575,0.042605712028829575,TARGET
scalper_filtered,1776407400000,2026,0.7163418882535078,1776408300000,1776409200000,4785.435,4774.921214285714,4787.862571428571,4787.862571428571,0.23089413219367969,0.23089413219367969,TARGET
scalper_filtered,1776411900000,2026,0.6791557062971788,1776412800000,1776412800000,4784.255,4773.247607142857,4789.298785714286,4789.298785714286,0.4582180158140806,0.4582180158140806,TARGET
scalper_filtered,1776641400000,2026,0.6632761349765662,1776642300000,1776644100000,4751.945,4729.537392857143,4763.229214285714,4763.229214285714,0.5035885453441388,0.5035885453441388,TARGET
scalper_filtered,1776677400000,2026,0.8036033320507772,1776678300000,1776678300000,4791.815,4777.790160714286,4794.124678571428,4794.124678571428,0.16468485123972101,0.16468485123972101,TARGET
scalper_filtered,1776696300000,2026,0.7149710814669695,1776697200000,1776706200000,4804.858,4782.225035714286,4811.684928571429,4811.684928571429,0.3016365194256807,0.3016365194256807,TARGET
scalper_filtered,1776751200000,2026,0.7758850830951516,1776752100000,1776755700000,4784.835,4769.773535714286,4786.547928571428,4786.547928571428,0.11372921908083318,0.11372921908083318,TARGET
scalper_filtered,1776777300000,2026,0.7660850249748851,1776778200000,1776778200000,4774.455,4751.981767857143,4774.791464285714,4774.791464285714,0.014971779919117642,0.014971779919117642,TARGET
scalper_filtered,1776782700000,2026,0.6738996054269135,1776783600000,1776783600000,4739.095,4711.694178571428,4746.691642857142,4746.691642857142,0.27724142785078953,0.27724142785078953,TARGET
scalper_filtered,1776792600000,2026,0.6844381700850238,1776793500000,1776799800000,4717.535,4683.951410714286,4722.032178571429,4683.951410714286,0.1339100038762628,-1.0,STOP
scalper_filtered,1776922200000,2026,0.7771285456841879,1776923100000,1776923100000,4701.455,4685.9454642857145,4704.343071428571,4704.343071428571,0.18621262955739945,0.18621262955739945,TARGET
scalper_filtered,1776963600000,2026,0.7124083810829949,1776964500000,1776965400000,4715.875,4697.050892857143,4722.413214285714,4697.050892857143,0.34733197362803575,-1.0,STOP
scalper_filtered,1777005000000,2026,0.6861239183879092,1777005900000,1777005900000,4668.075,4649.972678571428,4672.509642857142,4672.509642857142,0.2449764730253432,0.2449764730253432,TARGET
scalper_filtered,1777244400000,2026,0.7412282920640193,1777245300000,1777250700000,4683.445,4671.7333928571425,4687.7582142857145,4687.7582142857145,0.36828543111996315,0.36828543111996315,TARGET
scalper_filtered,1777278600000,2026,0.8173499985557167,1777279500000,1777279500000,4711.795,4701.027321428572,4713.8603571428575,4713.8603571428575,0.1918108094661932,0.1918108094661932,TARGET
scalper_filtered,1777282200000,2026,0.6977705610024326,1777283100000,1777285800000,4704.475,4694.809285714286,4707.846428571428,4707.846428571428,0.34880283771789505,0.34880283771789505,TARGET
scalper_filtered,1777300200000,2026,0.6939756083929913,1777301100000,1777301100000,4693.455,4676.699642857143,4696.6957142857145,4676.699642857143,0.19341362037729787,-1.0,STOP
scalper_filtered,1777362300000,2026,0.7538372639281941,1777363200000,1777368600000,4632.925,4611.052267857142,4638.960464285714,4611.052267857142,0.27593554597085423,-1.0,STOP
scalper_filtered,1777451400000,2026,0.7985082043060475,1777452300000,1777452300000,4568.165,4550.5560535714285,4570.1128928571425,4570.1128928571425,0.11061950043654764,0.11061950043654764,TARGET
scalper_filtered,1777488300000,2026,0.7008425965490998,1777489200000,1777489200000,4537.945,4507.646607142858,4539.141785714286,4539.141785714286,0.03949997347810465,0.03949997347810465,TARGET
scalper_filtered,1777611600000,2026,0.6708142319205511,1777612500000,1777615200000,4614.045,4602.216589285714,4617.2718214285715,4602.216589285714,0.27280261960079266,-1.0,STOP
scalper_filtered,1777618800000,2026,0.7598778665413253,1777619700000,1777620600000,4595.665,4584.872821428571,4599.519357142857,4584.872821428571,0.3571435662731923,-1.0,STOP
scalper_filtered,1777659300000,2026,0.687453386129617,1777660200000,1777845600000,4622.875,4606.351982142857,4627.901035714285,4632.938,0.3041838820087243,0.6090291789916529,TARGET_GAP
scalper_filtered,1777852800000,2026,0.6571316223285196,1777853700000,1777856400000,4611.945,4597.702857142857,4617.059285714286,4597.702857142857,0.35909524048349645,-1.0,STOP
scalper_filtered,1777858200000,2026,0.6695671377177682,1777859100000,1777859100000,4601.405,4585.320892857143,4606.6332142857145,4606.6332142857145,0.3250546790865376,0.3250546790865376,TARGET
scalper_filtered,1777861800000,2026,0.7256135714847188,1777862700000,1777862700000,4603.825,4582.804821428572,4606.775357142857,4606.775357142857,0.14035832915649402,0.14035832915649402,TARGET
scalper_filtered,1777874400000,2026,0.7576431239194809,1777875300000,1777880700000,4597.335,4581.110535714286,4600.323928571429,4581.110535714286,0.1842235600999614,-1.0,STOP
scalper_filtered,1778128200000,2026,0.6924957460693352,1778129100000,1778131800000,4697.715,4686.539642857143,4703.205714285715,4703.205714285715,0.4913233837205872,0.4913233837205872,TARGET
scalper_filtered,1778170500000,2026,0.7012490675028352,1778171400000,1778174100000,4719.975,4693.468553571429,4725.827892857143,4693.468553571429,0.22081016679902335,-1.0,STOP
scalper_filtered,1778224500000,2026,0.6626020140031809,1778225400000,1778226300000,4706.415,4689.073589285714,4712.0578214285715,4712.0578214285715,0.32539575479420935,0.32539575479420935,TARGET
scalper_filtered,1778458500000,2026,0.6781500871467677,1778459400000,1778459400000,4683.118,4668.634321428572,4689.666357142858,4689.666357142858,0.4521197505566897,0.4521197505566897,TARGET
scalper_filtered,1778460300000,2026,0.7786193579337863,1778461200000,1778461200000,4683.055,4661.9695,4686.436,4686.436,0.16034715799954383,0.16034715799954383,TARGET
scalper_filtered,1778569200000,2026,0.7380386344646265,1778570100000,1778571000000,4695.765,4680.199089285715,4700.406821428572,4700.406821428572,0.2982042948705424,0.2982042948705424,TARGET
scalper_filtered,1778591700000,2026,0.6824529954827684,1778592600000,1778592600000,4690.475,4670.530357142857,4696.524285714286,4696.524285714286,0.30330378726830204,0.30330378726830204,TARGET
scalper_filtered,1778594400000,2026,0.6966318317636063,1778595300000,1778598000000,4692.665,4665.697142857142,4696.560714285714,4665.697142857142,0.14445768772348014,-1.0,STOP
scalper_filtered,1778598900000,2026,0.6751933557325741,1778599800000,1778599800000,4656.015,4625.517482142857,4663.640035714286,4663.640035714286,0.25002151814461226,0.25002151814461226,TARGET
scalper_filtered,1778635800000,2026,0.6573403574790386,1778636700000,1778639400000,4708.665,4694.869571428571,4714.454857142858,4694.869571428571,0.41969389445783284,-1.0,STOP
scalper_filtered,1778675400000,2026,0.6583949447432472,1778676300000,1778677200000,4682.655,4669.295160714286,4687.294678571428,4687.294678571428,0.3472855078720949,0.3472855078720949,TARGET
scalper_filtered,1778679900000,2026,0.7444953169581656,1778680800000,1778680800000,4679.155,4662.851589285714,4682.541821428572,4682.541821428572,0.2077369875497567,0.2077369875497567,TARGET
scalper_filtered,1778697900000,2026,0.7048501631321699,1778698800000,1778699700000,4684.805,4671.5075,4689.26,4689.26,0.33502538071063975,0.33502538071063975,TARGET
scalper_filtered,1778720400000,2026,0.6783580176430087,1778721300000,1778721300000,4688.815,4678.957125,4694.46075,4694.46075,0.5727147077844631,0.5727147077844631,TARGET
scalper_filtered,1778731200000,2026,0.7558635324695844,1778732100000,1778732100000,4681.825,4659.938410714286,4684.618178571428,4684.618178571428,0.1276205504185775,0.1276205504185775,TARGET
scalper_filtered,1778781600000,2026,0.686762807871141,1778782500000,1778787000000,4674.455,4662.967196428572,4679.340607142857,4662.967196428572,0.4252864450962942,-1.0,STOP
scalper_filtered,1778790600000,2026,0.7026048413789551,1778791500000,1778796000000,4650.555,4639.264696428571,4653.365607142858,4653.365607142858,0.24893990892945417,0.24893990892945417,TARGET
scalper_filtered,1778803200000,2026,0.746539840541812,1778804100000,1778804100000,4650.405,4636.803357142857,4653.608285714286,4636.803357142857,0.23550726540387037,-1.0,STOP_BOTH
scalper_filtered,1778808600000,2026,0.6984250242797416,1778809500000,1778821200000,4622.695,4597.830946428572,4626.523107142858,4597.830946428572,0.15396150639159245,-1.0,STOP
scalper_filtered,1778833800000,2026,0.73457070151474,1778834700000,1778836500000,4562.145,4539.533571428572,4570.467857142858,4539.533571428572,0.3680818802122861,-1.0,STOP
scalper_filtered,1778838300000,2026,0.7624534090389581,1778839200000,1778839200000,4545.735,4521.859107142857,4551.396785714285,4551.396785714285,0.23713398900564422,0.23713398900564422,TARGET
scalper_filtered,1778850000000,2026,0.6870875965647596,1778850900000,1778850900000,4546.485,4526.651607142858,4554.231785714286,4554.231785714286,0.39059306544704003,0.39059306544704003,TARGET
scalper_filtered,1778876100000,2026,0.7111126759751718,1778877000000,1779055200000,4539.075,4526.96,4544.825,4526.96,0.4746182418489561,-1.0,STOP_BOTH
scalper_filtered,1779100200000,2026,0.7939032367596891,1779101100000,1779101100000,4543.445,4525.535696428571,4544.793607142857,4544.793607142857,0.0753020427331662,0.0753020427331662,TARGET
scalper_filtered,1779102000000,2026,0.755150049522322,1779102900000,1779103800000,4539.215,4523.508732142856,4542.427535714285,4542.427535714285,0.20453845200556636,0.20453845200556636,TARGET
scalper_filtered,1779152400000,2026,0.6956652142120768,1779153300000,1779154200000,4565.845,4551.028196428572,4570.128607142858,4570.128607142858,0.28910467242190313,0.28910467242190313,TARGET
scalper_filtered,1779167700000,2026,0.6946819870954966,1779168600000,1779168600000,4538.605,4524.701767857143,4542.831464285714,4542.831464285714,0.3039914922147023,0.3039914922147023,TARGET
scalper_filtered,1779184800000,2026,0.6564248817974885,1779185700000,1779186600000,4541.315,4528.419071428571,4550.366857142857,4528.419071428571,0.7019158870740393,-1.0,STOP
scalper_filtered,1779283800000,2026,0.6559747707145567,1779284700000,1779285600000,4489.665,4476.662803571428,4495.389392857142,4476.662803571428,0.4402635269040726,-1.0,STOP
scalper_filtered,1779318900000,2026,0.6610056782218741,1779319800000,1779319800000,4538.345,4530.4679107142865,4541.859178571429,4541.859178571429,0.4461265378573381,0.4461265378573381,TARGET
scalper_filtered,1779341400000,2026,0.6865290721884666,1779342300000,1779343200000,4525.805,4512.286410714286,4529.982178571429,4529.982178571429,0.3089951534989866,0.3089951534989866,TARGET
scalper_filtered,1779359400000,2026,0.789650739376734,1779360300000,1779362100000,4516.805,4496.951410714285,4520.182178571428,4520.182178571428,0.1701041823131629,0.1701041823131629,TARGET
scalper_filtered,1779408900000,2026,0.7120669499972652,1779409800000,1779409800000,4536.115,4526.676071428571,4536.662857142857,4536.662857142857,0.058042302016764906,0.058042302016764906,TARGET
scalper_filtered,1779442200000,2026,0.7837497516180959,1779443100000,1779443100000,4525.105,4508.993696428571,4525.506607142856,4525.506607142856,0.024927042127679926,0.024927042127679926,TARGET
scalper_filtered,1779675300000,2026,0.6580556872891166,1779676200000,1779687900000,4563.015,4551.742321428571,4572.090357142857,4551.742321428571,0.8050754827568883,-1.0,STOP
scalper_filtered,1779711300000,2026,0.7456431983385975,1779712200000,1779712200000,4560.475,4548.376160714286,4561.461678571429,4561.461678571429,0.08155150656422658,0.08155150656422658,TARGET
scalper_filtered,1779754500000,2026,0.7149027156700509,1779755400000,1779755400000,4548.995,4535.549392857143,4551.556214285714,4551.556214285714,0.19048706826713413,0.19048706826713413,TARGET
scalper_filtered,1779756300000,2026,0.799916185673708,1779757200000,1779759000000,4549.395,4533.128303571429,4551.148392857143,4533.128303571429,0.10779034728054167,-1.0,STOP
scalper_filtered,1779771600000,2026,0.6852568165640393,1779772500000,1779773400000,4529.168,4518.413392857143,4531.3782142857135,4531.3782142857135,0.20551325179570556,0.20551325179570556,TARGET
scalper_filtered,1779779700000,2026,0.7531433285678992,1779780600000,1779781500000,4529.605,4516.902267857143,4532.129464285715,4532.129464285715,0.19873396190084255,0.19873396190084255,TARGET
scalper_filtered,1779798600000,2026,0.735503146342858,1779799500000,1779799500000,4511.905,4492.709767857144,4516.005464285714,4516.005464285714,0.213618895317204,0.213618895317204,TARGET
scalper_filtered,1779848100000,2026,0.7047397250507961,1779849000000,1779851700000,4505.225,4492.911767857143,4510.330464285714,4510.330464285714,0.41463234238420016,0.41463234238420016,TARGET
scalper_filtered,1779854400000,2026,0.6708679981438554,1779855300000,1779856200000,4502.825,4490.229464285714,4506.026071428571,4506.026071428571,0.2541433330970577,0.2541433330970577,TARGET
scalper_filtered,1779863400000,2026,0.7384695857072829,1779864300000,1779869700000,4487.395,4473.200910714286,4491.783178571429,4491.783178571429,0.30915534509458026,0.30915534509458026,TARGET
scalper_filtered,1779881400000,2026,0.7384937813700266,1779882300000,1779884100000,4442.958,4424.634625000001,4447.13575,4447.13575,0.22800111878957685,0.22800111878957685,TARGET
scalper_filtered,1779928200000,2026,0.7237270026830734,1779929100000,1779929100000,4451.805,4438.3226428571425,4453.368714285714,4453.368714285714,0.11598226253354946,0.11598226253354946,TARGET
scalper_filtered,1779965100000,2026,0.6750331579463779,1779966000000,1779966000000,4382.775,4367.969571428572,4388.094857142857,4388.094857142857,0.35931801076828934,0.35931801076828934,TARGET
scalper_filtered,1780011900000,2026,0.6855826731541179,1780012800000,1780012800000,4494.795,4485.226160714286,4495.602678571428,4495.602678571428,0.08440716238533083,0.08440716238533083,TARGET
scalper_filtered,1780058700000,2026,0.6705636004353377,1780059600000,1780059600000,4522.935,4505.689785714286,4526.1654285714285,4526.1654285714285,0.1873231911130311,0.1873231911130311,TARGET
scalper_filtered,1780283700000,2026,0.6962705846643087,1780284600000,1780294500000,4520.345,4507.1906071428575,4526.283785714286,4507.1906071428575,0.45146786923433485,-1.0,STOP
scalper_filtered,1780299900000,2026,0.7982628022315611,1780300800000,1780300800000,4502.915,4486.2906785714285,4504.003642857143,4504.003642857143,0.06548494997648373,0.06548494997648373,TARGET
scalper_filtered,1780301700000,2026,0.6770750998526489,1780302600000,1780305300000,4495.855,4483.879553571428,4502.774892857143,4502.774892857143,0.5778400745573357,0.5778400745573357,TARGET
scalper_filtered,1780306200000,2026,0.7746275342510562,1780307100000,1780308000000,4498.165,4482.547464285714,4501.800071428572,4501.800071428572,0.2327557621812723,0.2327557621812723,TARGET
scalper_filtered,1780318800000,2026,0.7590003000422295,1780319700000,1780319700000,4483.995,4465.114107142857,4486.146785714285,4465.114107142857,0.11396631136918509,-1.0,STOP_BOTH
scalper_filtered,1780358400000,2026,0.7021128953618246,1780359300000,1780359300000,4480.945,4472.724982142857,4483.915035714285,4483.915035714285,0.3613174284901005,0.3613174284901005,TARGET
scalper_filtered,1780364700000,2026,0.6976381167837984,1780365600000,1780365600000,4473.618,4455.575321428571,4476.823357142857,4476.823357142857,0.1776541731410462,0.1776541731410462,TARGET
scalper_filtered,1780462800000,2026,0.6751491819321129,1780463700000,1780464600000,4472.985,4462.122821428571,4476.949357142857,4462.122821428571,0.3649688795657056,-1.0,STOP
scalper_filtered,1780469100000,2026,0.7498956358068103,1780470000000,1780470000000,4462.695,4449.234946428571,4466.6051071428565,4466.6051071428565,0.29049714565449947,0.29049714565449947,TARGET
scalper_filtered,1780474500000,2026,0.688998738311143,1780475400000,1780476300000,4457.315,4443.198375,4465.05825,4443.198375,0.5485199188900061,-1.0,STOP
scalper_filtered,1780519500000,2026,0.6723982267628271,1780524000000,1780524000000,4437.698,4426.245303571429,4438.154392857143,4438.154392857143,0.03985025360524166,0.03985025360524166,TARGET
scalper_filtered,1780610400000,2026,0.7192857052364638,1780611300000,1780611300000,4475.325,4468.766535714285,4477.710928571429,4477.710928571429,0.3637937888334209,0.3637937888334209,TARGET
scalper_filtered,1780614000000,2026,0.7740306027595197,1780614900000,1780614900000,4470.875,4460.033303571428,4471.177392857142,4471.177392857142,0.02789165506839486,0.02789165506839486,TARGET
scalper_filtered,1780618500000,2026,0.7797518784512598,1780619400000,1780619400000,4457.205,4446.076,4459.333,4459.333,0.1912121484409848,0.1912121484409848,TARGET
scalper_filtered,1780622100000,2026,0.7500641385815414,1780623000000,1780624800000,4458.695,4442.379214285715,4462.286571428572,4442.379214285715,0.2201286221494971,-1.0,STOP
scalper_filtered,1780658100000,2026,0.8165901146134423,1780659000000,1780659000000,4465.658,4453.779089285715,4466.966821428571,4466.966821428571,0.11018025642677916,0.11018025642677916,TARGET
scalper_filtered,1780662600000,2026,0.6811498090510837,1780663500000,1780663500000,4445.855,4433.45625,4451.5125,4433.45625,0.45629599758044453,-1.0,STOP
scalper_filtered,1780686900000,2026,0.6705965236462145,1780687800000,1780692300000,4323.665,4305.654142857143,4329.596714285714,4329.596714285714,0.3293410323931639,0.3293410323931639,TARGET
scalper_filtered,1780962300000,2026,0.7075333639601497,1780963200000,1780963200000,4317.575,4308.7203392857145,4320.344321428572,4320.344321428572,0.31275296907809186,0.31275296907809186,TARGET
scalper_filtered,1780989300000,2026,0.6866859056080402,1780990200000,1780992000000,4330.985,4316.483196428571,4334.728607142857,4334.728607142857,0.25814769345194444,0.25814769345194444,TARGET
scalper_filtered,1781014500000,2026,0.7351423882853708,1781015400000,1781015400000,4318.005,4297.5550357142865,4321.074928571429,4297.5550357142865,0.15011901871993533,-1.0,STOP
scalper_filtered,1781019000000,2026,0.7285536869827919,1781019900000,1781022600000,4279.545,4250.439482142857,4287.716035714286,4250.439482142857,0.2807383725103598,-1.0,STOP
scalper_filtered,1781048700000,2026,0.7499533661007423,1781049600000,1781049600000,4221.805,4203.061785714286,4224.221428571428,4224.221428571428,0.12892284826885603,0.12892284826885603,TARGET
scalper_filtered,1781053200000,2026,0.7548269950667358,1781054100000,1781054100000,4203.045,4176.530303571429,4207.4833928571425,4207.4833928571425,0.1673936893488142,0.1673936893488142,TARGET
scalper_filtered,1781057700000,2026,0.6608597599696071,1781058600000,1781070300000,4187.755,4165.989035714286,4201.775928571428,4201.775928571428,0.6441675814303596,0.6441675814303596,TARGET
scalper_filtered,1781089200000,2026,0.7683798430802123,1781090100000,1781092800000,4168.265,4143.4416249999995,4172.97175,4143.4416249999995,0.18960959176579384,-1.0,STOP
scalper_filtered,1781106300000,2026,0.7769712787348424,1781107200000,1781118000000,4128.675,4090.8623035714286,4138.060392857144,4090.8623035714286,0.2482074473285045,-1.0,STOP
scalper_filtered,1781170200000,2026,0.7481973010994892,1781171100000,1781171100000,4091.475,4070.0924821428575,4091.7000357142856,4091.7000357142856,0.010524285109413679,0.010524285109413679,TARGET
scalper_filtered,1781181000000,2026,0.7910062372749347,1781181900000,1781181900000,4072.975,4049.3514285714286,4073.2721428571426,4073.2721428571426,0.012578236023336449,0.012578236023336449,TARGET
scalper_filtered,1781225100000,2026,0.6699863971601533,1781226000000,1781226000000,4208.225,4189.625553571428,4221.8138928571425,4189.625553571428,0.7306073817480406,-1.0,STOP
scalper_filtered,1781240400000,2026,0.655765346978326,1781241300000,1781242200000,4188.545,4175.158535714286,4194.956928571429,4175.158535714286,0.4789859693026894,-1.0,STOP
scalper_filtered,1781249400000,2026,0.749587290450234,1781250300000,1781250300000,4182.755,4163.298375,4183.26825,4183.26825,0.02637918960765169,0.02637918960765169,TARGET
scalper_filtered,1781263800000,2026,0.7716170625977826,1781264700000,1781264700000,4209.705,4189.237321428571,4213.500357142857,4213.500357142857,0.18543173470365976,0.18543173470365976,TARGET
scalper_filtered,1781269200000,2026,0.7080884385637123,1781270100000,1781270100000,4198.225,4178.027678571429,4202.949642857143,4202.949642857143,0.2339242296980468,0.2339242296980468,TARGET
scalper_filtered,1781505000000,2026,0.6966337609598596,1781505900000,1781506800000,4306.175,4295.081392857143,4311.772214285715,4311.772214285715,0.5045441229022162,0.5045441229022162,TARGET
scalper_filtered,1781546400000,2026,0.7277751730819949,1781547300000,1781554500000,4324.175,4311.812339285714,4329.970321428571,4311.812339285714,0.4687762256448446,-1.0,STOP
scalper_filtered,1781556300000,2026,0.6970805063172422,1781560800000,1781560800000,4308.898,4302.193017857143,4314.528964285714,4314.528964285714,0.8398179392189242,0.8398179392189242,TARGET
scalper_filtered,1781589600000,2026,0.6755847123300086,1781590500000,1781592300000,4318.415,4308.014857142856,4323.285285714285,4323.285285714285,0.46829027073795937,0.46829027073795937,TARGET
scalper_filtered,1781620200000,2026,0.7102662918093936,1781621100000,1781621100000,4324.075,4306.154821428571,4326.705357142858,4326.705357142858,0.14678186003412627,0.14678186003412627,TARGET
scalper_filtered,1781670600000,2026,0.686205900381897,1781671500000,1781671500000,4322.995,4312.965517857143,4326.313964285714,4326.313964285714,0.33092080313218847,0.33092080313218847,TARGET
scalper_filtered,1781685900000,2026,0.7241970855022121,1781686800000,1781687700000,4324.445,4312.122142857143,4326.6507142857145,4326.6507142857145,0.17899373985629885,0.17899373985629885,TARGET
scalper_filtered,1781719200000,2026,0.7928354780142727,1781720100000,1781720100000,4284.285,4264.809446428572,4301.066107142857,4301.066107142857,0.8616498155655148,0.8616498155655148,TARGET
scalper_filtered,1781761500000,2026,0.7009057705459643,1781762400000,1781767800000,4307.825,4294.817321428572,4313.590357142857,4294.817321428572,0.4432272146946411,-1.0,STOP
scalper_filtered,1781773200000,2026,0.7063625482875661,1781774100000,1781780400000,4267.485,4252.245696428571,4274.113607142857,4252.245696428571,0.43496785215863054,-1.0,STOP
scalper_filtered,1781831700000,2026,0.6906299568106978,1781832600000,1781835300000,4190.615,4177.700178571428,4195.084642857143,4177.700178571428,0.34608630726051687,-1.0,STOP
scalper_filtered,1781840700000,2026,0.7098325237903912,1781841600000,1781843400000,4153.265,4139.376607142857,4157.281785714285,4139.376607142857,0.2892189006749749,-1.0,STOP
scalper_filtered,1781845200000,2026,0.6880403803108097,1781846100000,1781847000000,4130.235,4114.398714285715,4135.516571428571,4135.516571428571,0.33351074386132845,0.33351074386132845,TARGET
scalper_filtered,1781868600000,2026,0.6969314226757761,1781869500000,1781869500000,4149.855,4136.219625,4152.64575,4152.64575,0.20466983856330678,0.20466983856330678,TARGET
scalper_filtered,1782143100000,2026,0.7325827962453186,1782144000000,1782146700000,4182.755,4160.487999999999,4187.479,4187.479,0.21215251268693602,0.21215251268693602,TARGET
scalper_filtered,1782177300000,2026,0.6843188889756336,1782178200000,1782178200000,4177.995,4165.518928571429,4181.047142857143,4165.518928571429,0.24463973892880794,-1.0,STOP
scalper_filtered,1782179100000,2026,0.6918553609057528,1782180000000,1782183600000,4161.035,4142.772321428572,4163.570357142858,4142.772321428572,0.13882723352664436,-1.0,STOP
scalper_filtered,1782184500000,2026,0.6747283743060632,1782185400000,1782189900000,4140.495,4121.217625,4149.02875,4121.217625,0.44268215978579334,-1.0,STOP
scalper_filtered,1782194400000,2026,0.7303222756528153,1782195300000,1782200700000,4122.405,4101.928017857143,4128.618964285714,4101.928017857143,0.30346094177174304,-1.0,STOP
scalper_filtered,1782220500000,2026,0.7433160149694306,1782221400000,1782221400000,4115.625,4097.810285714286,4119.793428571428,4119.793428571428,0.23398795538196732,0.23398795538196732,TARGET
scalper_filtered,1782240300000,2026,0.6870135506435988,1782241200000,1782241200000,4117.655,4106.7462321428575,4123.932535714286,4123.932535714286,0.5754578148966947,0.5754578148966947,TARGET
scalper_filtered,1782253800000,2026,0.7814396279506257,1782254700000,1782254700000,4103.795,4092.1749821428575,4105.705035714286,4105.705035714286,0.16437459371992624,0.16437459371992624,TARGET
scalper_filtered,1782255600000,2026,0.666901145120214,1782256500000,1782257400000,4099.535,4089.7665714285718,4103.780857142857,4089.7665714285718,0.43465098933883306,-1.0,STOP
scalper_filtered,1782291600000,2026,0.6654167209893677,1782292500000,1782295200000,4075.825,4062.4416071428573,4084.081785714286,4062.4416071428573,0.6169426394652763,-1.0,STOP
scalper_filtered,1782296100000,2026,0.7105166907860833,1782297000000,1782297000000,4060.725,4049.2971428571427,4066.570714285714,4066.570714285714,0.511531970748159,0.511531970748159,TARGET
scalper_filtered,1782299700000,2026,0.678927192139748,1782300600000,1782300600000,4044.055,4030.8764285714283,4050.162142857143,4050.162142857143,0.4634146341463566,0.4634146341463566,TARGET
scalper_filtered,1782306900000,2026,0.6569573895755829,1782307800000,1782307800000,3975.325,3952.684821428571,3987.545357142857,3987.545357142857,0.5397641676854491,0.5397641676854491,TARGET
scalper_filtered,1782348300000,2026,0.7152719946756069,1782349200000,1782349200000,3990.965,3970.32125,3993.4625,3993.4625,0.120980926430514,0.120980926430514,TARGET
scalper_filtered,1782373500000,2026,0.767035864894943,1782374400000,1782374400000,3987.655,3962.676607142857,3988.5017857142857,3988.5017857142857,0.03390072848675396,0.03390072848675396,TARGET
scalper_filtered,1782387000000,2026,0.732944038915007,1782387900000,1782387900000,3984.705,3967.5688571428573,3985.377285714286,3985.377285714286,0.039232032546089673,0.039232032546089673,TARGET
scalper_filtered,1782432000000,2026,0.6860744136100734,1782432900000,1782434700000,4019.545,4005.175517857143,4023.4739642857144,4023.4739642857144,0.2734242087956758,0.2734242087956758,TARGET
scalper_filtered,1782500400000,2026,0.6933950700676068,1782501300000,1782503100000,4069.125,4059.335196428571,4074.304607142857,4074.304607142857,0.5290818252956153,0.5290818252956153,TARGET
scalper_filtered,1782689400000,2026,0.7511031506709555,1782690300000,1782693000000,4062.425,4044.1790714285717,4066.3968571428572,4066.3968571428572,0.21768457150909992,0.21768457150909992,TARGET
scalper_filtered,1782709200000,2026,0.6819904151617369,1782710100000,1782711000000,4055.725,4040.5046428571427,4060.275714285714,4040.5046428571427,0.2989886664945774,-1.0,STOP
scalper_filtered,1782777600000,2026,0.7487388645357219,1782778500000,1782779400000,4009.905,3998.5579107142858,4012.0191785714287,3998.5579107142858,0.18631902139786466,-1.0,STOP
scalper_filtered,1782849600000,2026,0.731735765035699,1782850500000,1782852300000,4019.525,4009.8125,4020.9500000000003,4009.8125,0.14671814671816408,-1.0,STOP
scalper_filtered,1782868500000,2026,0.8316767871400427,1782869400000,1782869400000,3985.485,3969.5828571428574,3986.779285714286,3986.779285714286,0.08139064816062538,0.08139064816062538,TARGET
scalper_filtered,1782871200000,2026,0.6584562372221677,1782872100000,1782873000000,3976.275,3963.584107142857,3982.636785714286,3982.636785714286,0.5012874811802678,0.5012874811802678,TARGET
scalper_filtered,1782931500000,2026,0.7322404149950308,1782932400000,1782932400000,4061.775,4052.9769642857145,4066.9510714285716,4066.9510714285716,0.5883212567740552,0.5883212567740552,TARGET
scalper_filtered,1782936000000,2026,0.7322146980014578,1782936900000,1782943200000,4035.375,4022.698035714286,4039.1889285714287,4039.1889285714287,0.3008550379625807,0.3008550379625807,TARGET
scalper_filtered,1783009800000,2026,0.7945189943384449,1783010700000,1783015200000,4114.425,4089.7310714285713,4120.552857142858,4120.552857142858,0.24815237985046518,0.24815237985046518,TARGET
scalper_filtered,1783059300000,2026,0.6557248318421813,1783060200000,1783060200000,4164.525,4155.825714285715,4169.023571428572,4169.023571428572,0.5171196321538358,0.5171196321538358,TARGET
scalper_filtered,1783087200000,2026,0.6937576806330744,1783088100000,1783088100000,4161.995,4150.101785714286,4165.051428571429,4165.051428571429,0.25698927960126083,0.25698927960126083,TARGET
scalper_filtered,1783382400000,2026,0.6689978654011788,1783383300000,1783383300000,4155.825,4149.567678571429,4158.109642857143,4158.109642857143,0.3651151508233394,0.3651151508233394,TARGET
scalper_filtered,1783386900000,2026,0.6773867029861244,1783387800000,1783387800000,4132.395,4120.284821428571,4135.885357142857,4135.885357142857,0.2882168187917033,0.2882168187917033,TARGET
scalper_filtered,1783395900000,2026,0.7179509533807297,1783396800000,1783396800000,4130.905,4117.514999999999,4137.674999999999,4137.674999999999,0.5056011949215355,0.5056011949215355,TARGET
scalper_filtered,1783401300000,2026,0.6993525446079155,1783402200000,1783405800000,4127.975,4115.149285714286,4131.696428571428,4131.696428571428,0.2901537090665608,0.2901537090665608,TARGET
scalper_filtered,1783451700000,2026,0.8256598070237682,1783452600000,1783452600000,4103.265,4085.725,4104.085,4104.085,0.04675028506269609,0.04675028506269609,TARGET
scalper_filtered,1783494900000,2026,0.7202106548695517,1783495800000,1783495800000,4120.255,4109.510178571429,4124.824642857143,4124.824642857143,0.42528792940119753,0.42528792940119753,TARGET
scalper_filtered,1783524600000,2026,0.6822351346844145,1783525500000,1783526400000,4032.605,4011.4246428571428,4041.7257142857143,4041.7257142857143,0.43062136413455515,0.43062136413455515,TARGET
scalper_filtered,1783551600000,2026,0.7487978091620259,1783552500000,1783555200000,4076.725,4065.1701785714286,4080.5746428571424,4080.5746428571424,0.33316333626961725,0.33316333626961725,TARGET
scalper_filtered,1783558800000,2026,0.7827086443491459,1783559700000,1783559700000,4073.985,4058.5587499999997,4076.1875,4076.1875,0.14277611214649122,0.14277611214649122,TARGET
scalper_filtered,1783560600000,2026,0.7400383582684742,1783561500000,1783561500000,4073.255,4055.643928571428,4074.8171428571427,4074.8171428571427,0.08870231794121256,0.08870231794121256,TARGET
scalper_filtered,1783593900000,2026,0.6967914820293626,1783594800000,1783594800000,4098.715,4089.010714285714,4102.523571428571,4102.523571428571,0.3924628293831073,0.3924628293831073,TARGET
scalper_filtered,1783621800000,2026,0.6824508031136584,1783622700000,1783640700000,4125.145,4116.802857142858,4130.039285714286,4122.675,0.5866940662727902,-0.29608699374949776,16BAR_TIMEOUT
scalper_filtered,1783661400000,2026,0.7149569025872988,1783662300000,1783663200000,4113.885,4104.546785714286,4117.381428571428,4117.381428571428,0.37442153975589626,0.37442153975589626,TARGET
scalper_filtered,1783669500000,2026,0.6923511720160517,1783670400000,1783672200000,4108.705,4100.025714285714,4112.143571428571,4100.025714285714,0.396181384248115,-1.0,STOP
scalper_filtered,1783674000000,2026,0.7619414576949434,1783674900000,1783675800000,4100.555,4089.65125,4103.342500000001,4103.342500000001,0.25564599335093535,0.25564599335093535,TARGET
scalper_filtered,1783710000000,2026,0.720493917399555,1783710900000,1783712700000,4101.225,4093.719464285715,4105.106071428571,4105.106071428571,0.5170945254692481,0.5170945254692481,TARGET
scalper_filtered,1783902600000,2026,0.7671033287073791,1783903500000,1783903500000,4072.935,4052.5798214285714,4076.955357142857,4076.955357142857,0.19751028608022647,0.19751028608022647,TARGET
scalper_filtered,1783938600000,2026,0.6918154145925757,1783939500000,1783939500000,4051.965,4040.9725000000003,4056.88,4056.88,0.44712303843530016,0.44712303843530016,TARGET
scalper_filtered,1783952100000,2026,0.764442137982953,1783953000000,1783955700000,4016.185,3994.013035714286,4019.1889285714287,4019.1889285714287,0.1354831954769262,0.1354831954769262,TARGET
scalper_filtered,1783960200000,2026,0.6749535008341453,1783961100000,1783975500000,4000.445,3980.99,4009.5649999999996,3999.525,0.46877409406318465,-0.047288614751994584,16BAR_TIMEOUT
scalper_filtered,1784093400000,2026,0.6648302071525113,1784094300000,1784094300000,4029.535,4016.4219642857142,4032.1510714285714,4032.1510714285714,0.19950158648020425,0.19950158648020425,TARGET
scalper_filtered,1784096100000,2026,0.673786473671398,1784097000000,1784097000000,4026.315,4015.885714285714,4031.4235714285714,4031.4235714285714,0.48982946373534747,0.48982946373534747,TARGET
scalper_filtered,1784160900000,2026,0.6762456344655722,1784161800000,1784161800000,4058.085,4051.5098214285713,4060.585357142857,4060.585357142857,0.3802721273186109,0.3802721273186109,TARGET
scalper_filtered,1784168100000,2026,0.6956243103284411,1784169000000,1784183400000,4034.275,4022.623392857143,4039.368214285714,4030.025,0.43712547318730766,-0.3647565479930677,16BAR_TIMEOUT
scalper_filtered,1784230200000,2026,0.677998365826707,1784231100000,1784231100000,3975.625,3963.5014285714287,3980.1321428571428,3980.1321428571428,0.3717669239380156,0.3717669239380156,TARGET
scalper_filtered,1784293200000,2026,0.722538278313925,1784294100000,1784294100000,3969.095,3953.633392857143,3971.1882142857144,3971.1882142857144,0.13538141710460053,0.13538141710460053,TARGET
scalper_filtered,1784313900000,2026,0.6629772079516305,1784314800000,1784317500000,4011.145,4001.5285714285715,4016.127857142857,4016.127857142857,0.5181608853895775,0.5181608853895775,TARGET
scalper_filtered,1784504700000,2026,0.6953988425497365,1784505600000,1784505600000,3995.025,3984.6642857142856,3998.2864285714286,3984.6642857142856,0.31478800413649105,-1.0,STOP_BOTH
scalper_filtered,1784549700000,2026,0.6601438220905592,1784550600000,1784556000000,4012.675,4001.150892857143,4017.3332142857143,4001.150892857143,0.40421476718058563,-1.0,STOP
scalper_filtered,1784641500000,2026,0.6943015619356631,1784642400000,1784642400000,4052.835,4038.2999999999997,4055.895,4055.895,0.21052631578946546,0.21052631578946546,TARGET
scalper_filtered,1784703600000,2026,0.7041788478281211,1784704500000,1784704500000,4116.145,4106.791964285714,4120.991071428571,4120.991071428571,0.5181281860356926,0.5181281860356926,TARGET
scalper_filtered,1784745000000,2026,0.7336738000672821,1784745900000,1784757600000,4135.905,4127.21,4140.665,4122.235,0.5474410580793994,-1.5721679125935055,STOP_GAP
scalper_filtered,1784761200000,2026,0.7888721809914332,1784762100000,1784763900000,4123.245,4110.637267857142,4125.540464285714,4125.540464285714,0.18206797699254434,0.18206797699254434,TARGET
scalper_filtered,1784792700000,2026,0.6582012027487993,1784793600000,1784805300000,4095.195,4083.9375,4102.05,4083.9375,0.6089273817454958,-1.0,STOP
scalper_filtered,1784806200000,2026,0.6892296261318012,1784807100000,1784807100000,4078.585,4067.745535714286,4082.7739285714288,4082.7739285714288,0.38645162353175344,0.38645162353175344,TARGET
scalper_filtered,1784893500000,2026,0.7379895275205999,1784894400000,1784895300000,4057.665,4047.064642857143,4059.4557142857143,4059.4557142857143,0.1689296182743255,0.1689296182743255,TARGET
scalper_filtered,1785195900000,2026,0.7079857663629288,1785196800000,1785196800000,4072.955,4066.665892857143,4075.423214285714,4066.665892857143,0.39245861608788085,-1.0,STOP
scalper_filtered,1785202200000,2026,0.6822604191732741,1785203100000,1785216600000,4048.645,4038.598571428571,4052.477857142857,4038.598571428571,0.3815143974404257,-1.0,STOP
scalper_filtered,1785248100000,2026,0.7818642002713585,1785249000000,1785249000000,4021.955,4004.955178571429,4024.094642857143,4024.094642857143,0.12586266662465562,0.12586266662465562,TARGET
scalper_filtered,1785276900000,2026,0.657489872598967,1785277800000,1785282300000,4020.785,4013.7575,4023.32,4023.32,0.36072572038426476,0.36072572038426476,TARGET
scalper_filtered,1785317400000,2026,0.6642571542446676,1785318300000,1785321000000,4034.105,4027.884285714286,4037.636428571429,4027.884285714286,0.5676885980021358,-1.0,STOP
scalper_filtered,1785322800000,2026,0.7360123259908377,1785323700000,1785323700000,4029.305,4021.442142857143,4031.2007142857146,4031.2007142857146,0.2410973837210101,0.2410973837210101,TARGET
scalper_filtered,1785387600000,2026,0.6942839981471862,1785388500000,1785389400000,4045.575,4035.604107142857,4052.7667857142856,4035.604107142857,0.7212780056235296,-1.0,STOP
scalper_filtered,1785506400000,2026,0.7528103526138373,1785507300000,1785507300000,4031.805,4013.7655357142858,4034.1039285714287,4034.1039285714287,0.12743884934817282,0.12743884934817282,TARGET
scalper_filtered,1785741300000,2026,0.6718114986682163,1785742200000,1785743100000,4058.025,4046.6403571428573,4062.464285714286,4062.464285714286,0.38993631772124043,0.38993631772124043,TARGET
scalper_filtered,1785749400000,2026,0.7475832164396579,1785750300000,1785750300000,4053.295,4041.5575,4055.71,4055.71,0.20575079872203844,0.20575079872203844,TARGET
scalper_filtered,1785835800000,2026,0.678117911187943,1785836700000,1785840300000,4050.165,4041.6530357142856,4054.1389285714286,4054.1389285714286,0.466863868084835,0.466863868084835,TARGET
scalper_filtered,1785884400000,2026,0.7108293500970164,1785885300000,1785888900000,4072.975,4064.248392857143,4075.8182142857145,4075.8182142857145,0.32580981808511766,0.32580981808511766,TARGET
scalper_filtered,1785923100000,2026,0.6759093741733747,1785924000000,1785927600000,4157.875,4147.498214285714,4163.778571428572,4163.778571428572,0.5689210118740811,0.5689210118740811,TARGET
scalper_filtered,1786016700000,2026,0.8102399748262424,1786017600000,1786017600000,4263.205,4248.300892857143,4265.113214285714,4265.113214285714,0.12803278099276538,0.12803278099276538,TARGET
scalper_filtered,1786018500000,2026,0.715666625339192,1786019400000,1786019400000,4261.885,4247.257857142857,4264.589285714285,4264.589285714285,0.184881336067925,0.184881336067925,TARGET
scalper_filtered,1786104900000,2026,0.6850437486359314,1786105800000,1786105800000,4308.545,4294.4725,4313.53,4313.53,0.35423698703141554,0.35423698703141554,TARGET
scalper_filtered,1786360500000,2026,0.6879380338728368,1786361400000,1786361400000,4334.435,4324.393928571429,4337.177142857143,4337.177142857143,0.2730926551662299,0.2730926551662299,TARGET
scalper_filtered,1786427100000,2026,0.6818736270449753,1786428000000,1786428000000,4375.275,4359.715357142857,4381.794285714285,4381.794285714285,0.41898684784355367,0.41898684784355367,TARGET
scalper_filtered,1786430700000,2026,0.6854672058033557,1786431600000,1786437000000,4365.815,4351.786071428572,4374.192857142857,4374.192857142857,0.5971843893995038,0.5971843893995038,TARGET
scalper_filtered,1786513500000,2026,0.6987856971543439,1786514400000,1786516200000,4390.725,4378.50125,4393.9025,4393.9025,0.25994477962979884,0.25994477962979884,TARGET
scalper_filtered,1786557600000,2026,0.7069362818078809,1786558500000,1786559400000,4405.585,4388.183571428572,4411.557857142858,4411.557857142858,0.34323947130781157,0.34323947130781157,TARGET
scalper_filtered,1786588200000,2026,0.7334730075495053,1786589100000,1786599000000,4409.985,4389.7041071428575,4416.226785714286,4389.7041071428575,0.3077668107737312,-1.0,STOP
scalper_filtered,1786637700000,2026,0.6860033889455365,1786638600000,1786640400000,4362.395,4341.155178571429,4370.464642857143,4370.464642857143,0.37992988238063347,0.37992988238063347,TARGET
scalper_filtered,1786648500000,2026,0.7070516929173184,1786649400000,1786658400000,4351.095,4337.501607142857,4355.091785714286,4355.091785714286,0.2940241451335199,0.2940241451335199,TARGET
scalper_filtered,1786668300000,2026,0.8160008877972422,1786669200000,1786669200000,4340.755,4322.606428571428,4341.532142857143,4322.606428571428,0.04282115869019374,-1.0,STOP
scalper_filtered,1786987800000,2026,0.7396541413918093,1786988700000,1786990500000,4417.285,4405.45375,4421.8675,4405.45375,0.38732171156896916,-1.0,STOP
scalper_filtered,1787027400000,2026,0.6633626615210401,1787028300000,1787033700000,4393.325,4383.425535714286,4398.903928571428,4398.903928571428,0.5635586341251855,0.5635586341251855,TARGET
scalper_filtered,1787058000000,2026,0.7588427687509117,1787058900000,1787059800000,4395.425,4383.340357142857,4397.814285714286,4383.340357142857,0.19771256317047298,-1.0,STOP_BOTH
scalper_filtered,1787082300000,2026,0.7493699634491067,1787083200000,1787084100000,4345.455,4333.570535714286,4347.473928571429,4333.570535714286,0.16987964479438772,-1.0,STOP
scalper_filtered,1787114700000,2026,0.7306318261336135,1787115600000,1787115600000,4348.325,4338.949285714286,4352.976428571429,4338.949285714286,0.49611458174624784,-1.0,STOP
scalper_filtered,1787116500000,2026,0.764444782675056,1787117400000,1787120100000,4345.145,4331.893035714285,4345.818928571429,4345.818928571429,0.050854994542572446,0.050854994542572446,TARGET
scalper_filtered,1787220000000,2026,0.7776903528436986,1787220900000,1787220900000,4490.435,4475.435357142857,4490.854285714286,4490.854285714286,0.027953046501075985,0.027953046501075985,TARGET
scalper_filtered,1787227200000,2026,0.8145462763033138,1787228100000,1787228100000,4462.325,4444.2787499999995,4462.537499999999,4462.537499999999,0.011775299577454173,0.011775299577454173,TARGET
scalper_filtered,1787315400000,2026,0.6921173109891374,1787316300000,1787316300000,4573.345,4555.161428571429,4579.442142857143,4579.442142857143,0.3353105236280766,0.3353105236280766,TARGET
scalper_filtered,1787530500000,2026,0.7207655944292356,1787531400000,1787532300000,4604.505,4584.399107142857,4613.216785714286,4613.216785714286,0.4332951426820499,0.4332951426820499,TARGET
scalper_filtered,1787560200000,2026,0.7254801996141026,1787561100000,1787565600000,4645.325,4619.425892857143,4646.993214285714,4646.993214285714,0.06441203847347547,0.06441203847347547,TARGET
scalper_filtered,1787665500000,2026,0.7449029688432891,1787666400000,1787666400000,4615.845,4597.542142857143,4619.3607142857145,4619.3607142857145,0.1920855448017405,0.1920855448017405,TARGET
scalper_filtered,1787732100000,2026,0.7403137064433184,1787733000000,1787735700000,4629.615,4616.542857142857,4632.9292857142855,4616.542857142857,0.25353805802962365,-1.0,STOP
scalper_filtered,1787747400000,2026,0.8312891352196714,1787748300000,1787748300000,4622.435,4606.391160714285,4623.292678571428,4623.292678571428,0.053458436983428066,0.053458436983428066,TARGET
scalper_filtered,1787750100000,2026,0.8156564159785867,1787751000000,1787751000000,4611.145,4590.838035714285,4611.918928571428,4611.918928571428,0.038111485327832484,0.038111485327832484,TARGET
scalper_filtered,1787775300000,2026,0.8063102132828642,1787776200000,1787776200000,4591.175,4579.411607142857,4593.041785714286,4593.041785714286,0.15869449715367592,0.15869449715367592,TARGET
scalper_filtered,1787810400000,2026,0.7275148339483296,1787811300000,1787811300000,4605.575,4594.417678571429,4609.079642857143,4609.079642857143,0.3141114898929698,0.3141114898929698,TARGET
scalper_filtered,1787814900000,2026,0.6565428510136886,1787815800000,1787817600000,4599.155,4587.820178571428,4604.214642857142,4604.214642857142,0.446380464749868,0.446380464749868,TARGET
scalper_filtered,1787824800000,2026,0.8493695374367155,1787825700000,1787825700000,4581.425,4562.314464285715,4582.026071428571,4582.026071428571,0.03145235892691019,0.03145235892691019,TARGET
scalper_filtered,1787875200000,2026,0.6715192755285164,1787876100000,1787877000000,4600.395,4588.823214285714,4600.738571428572,4588.823214285714,0.029690441653041966,-1.0,STOP
scalper_filtered,1787926500000,2026,0.7213117301420998,1787927400000,1787927400000,4551.855,4516.262857142858,4555.869285714286,4555.869285714286,0.11278572718700228,0.11278572718700228,TARGET
scalper_filtered,1788144300000,2026,0.7527667695405207,1788145200000,1788145200000,4422.535,4382.947142857143,4422.540714285715,4422.540714285715,0.00014434440576840537,0.00014434440576840537,TARGET
scalper_filtered,1788226200000,2026,0.7404736166386054,1788227100000,1788228000000,4445.225,4430.686071428571,4446.882857142858,4446.882857142858,0.1140288388317085,0.1140288388317085,TARGET
scalper_filtered,1788253200000,2026,0.6706506348631619,1788254100000,1788257700000,4375.775,4357.544642857143,4383.345714285715,4383.345714285715,0.4152806347341357,0.4152806347341357,TARGET
scalper_filtered,1788265800000,2026,0.8206319824896378,1788266700000,1788266700000,4364.665,4344.655535714285,4365.8039285714285,4365.8039285714285,0.056919493453988064,0.056919493453988064,TARGET
scalper_filtered,1788282900000,2026,0.6994195491543885,1788283800000,1788285600000,4349.745,4334.688214285714,4357.448571428571,4334.688214285714,0.511634526435612,-1.0,STOP
scalper_filtered,1788310800000,2026,0.8013336515348759,1788311700000,1788311700000,4316.985,4297.865714285714,4317.363571428571,4317.363571428571,0.019800500616427685,0.019800500616427685,TARGET
scalper_filtered,1788391800000,2026,0.6791744807782831,1788392700000,1788392700000,4385.025,4377.343214285715,4387.548571428571,4387.548571428571,0.3285136454508192,0.3285136454508192,TARGET
scalper_filtered,1788460200000,2026,0.6697477420384765,1788461100000,1788479100000,4481.215,4469.985,4487.175,4476.995,0.530721282279589,-0.3757791629563737,16BAR_TIMEOUT
scalper_filtered,1788544800000,2026,0.71315016253396,1788545700000,1788548400000,4419.755,4404.2225,4427.42,4427.42,0.4934814099468751,0.4934814099468751,TARGET
scalper_filtered,1788760800000,2026,0.6585463995941532,1788761700000,1788761700000,4391.755,4379.071607142858,4396.6617857142855,4396.6617857142855,0.3868669660833159,0.3868669660833159,TARGET
scalper_filtered,1788777000000,2026,0.6963281845136342,1788777900000,1788780600000,4398.455,4386.108392857143,4402.808214285715,4386.108392857143,0.352583850392733,-1.0,STOP
scalper_filtered,1788845400000,2026,0.6608247071888982,1788846300000,1788847200000,4425.315,4412.16,4429.125,4412.16,0.28962371721782393,-1.0,STOP
scalper_filtered,1788849000000,2026,0.6594225713644235,1788849900000,1788852600000,4407.185,4391.145535714286,4411.213928571428,4391.145535714286,0.2511884748555046,-1.0,STOP
scalper_filtered,1788900300000,2026,0.8003497637613505,1788904800000,1788904800000,4356.875,4338.439642857144,4358.165714285715,4358.165714285715,0.07001297971680066,0.07001297971680066,TARGET
scalper_filtered,1788912000000,2026,0.6848693137057084,1788912900000,1788913800000,4349.275,4339.381249999999,4354.0625,4354.0625,0.4838913455464587,0.4838913455464587,TARGET
scalper_filtered,1788948000000,2026,0.6834920501953898,1788948900000,1788948900000,4390.935,4382.008928571429,4394.027142857143,4394.027142857143,0.3464169967590997,0.3464169967590997,TARGET
scalper_filtered,1788966900000,2026,0.773395707571991,1788967800000,1788967800000,4394.355,4362.631071428572,4398.132857142858,4398.132857142858,0.11908541321898442,0.11908541321898442,TARGET
scalper_filtered,1788982200000,2026,0.6772682130253832,1788983100000,1788991200000,4399.738,4390.137017857143,4405.829964285715,4405.829964285715,0.634514698087076,0.634514698087076,TARGET
scalper_filtered,1788998400000,2026,0.7661977842777434,1788999300000,1788999300000,4394.716,4385.827892857143,4396.538214285714,4396.538214285714,0.20501713766785687,0.20501713766785687,TARGET
scalper_filtered,1789032600000,2026,0.6984953111337073,1789033500000,1789034400000,4392.905,4382.604803571428,4399.315392857143,4399.315392857143,0.6223563697641246,0.6223563697641246,TARGET
scalper_filtered,1789036200000,2026,0.6701306096317821,1789037100000,1789039800000,4383.585,4372.28125,4388.7625,4388.7625,0.45803383832796774,0.45803383832796774,TARGET
scalper_filtered,1789043400000,2026,0.8453841021993046,1789044300000,1789044300000,4340.655,4314.992303571428,4341.7603928571425,4341.7603928571425,0.04307391704606978,0.04307391704606978,TARGET
scalper_filtered,1789083900000,2026,0.6986162313182491,1789084800000,1789084800000,4315.014,4307.142660714286,4318.711678571428,4318.711678571428,0.4697648566793032,0.4697648566793032,TARGET
scalper_filtered,1789155900000,2026,0.6737518854152491,1789156800000,1789336800000,4348.455,4336.922857142857,4353.759285714285,4333.305,0.45995664292346694,-1.3137194177763194,STOP_GAP
scalper_filtered,1789348500000,2026,0.7056640868241382,1789349400000,1789349400000,4335.445,4318.755464285714,4340.366071428572,4340.366071428572,0.2948596960884634,0.2948596960884634,TARGET
scalper_filtered,1789369200000,2026,0.7119263789589887,1789370100000,1789371900000,4323.915,4311.64675,4328.8615,4311.64675,0.40319523974486843,-1.0,STOP
scalper_filtered,1789380000000,2026,0.7501782321419181,1789380900000,1789380900000,4288.245,4270.941214285714,4292.4325714285715,4292.4325714285715,0.24200319500687345,0.24200319500687345,TARGET
scalper_filtered,1789389000000,2026,0.704343472317453,1789389900000,1789389900000,4283.449,4265.657625,4288.77975,4265.657625,0.29962552079308896,-1.0,STOP
scalper_filtered,1789390800000,2026,0.7663384856288284,1789391700000,1789391700000,4266.125,4245.676464285714,4268.961071428572,4268.961071428572,0.138693130314973,0.138693130314973,TARGET
scalper_filtered,1789431300000,2026,0.6778993282780765,1789432200000,1789432200000,4288.045,4279.288892857143,4291.727214285715,4291.727214285715,0.42053097633898523,0.42053097633898523,TARGET
scalper_filtered,1789450200000,2026,0.739687099370169,1789451100000,1789451100000,4296.075,4284.145874999999,4298.42325,4298.42325,0.19685014617584237,0.19685014617584237,TARGET
scalper_filtered,1789453800000,2026,0.6694061137876801,1789454700000,1789457400000,4290.635,4280.963178571428,4295.548642857143,4280.963178571428,0.5080369704332186,-1.0,STOP
scalper_filtered,1789582500000,2026,0.7072077600736444,1789583400000,1789583400000,4321.515,4296.128035714286,4325.038928571428,4296.128035714286,0.13880858427058274,-1.0,STOP
scalper_filtered,1789686000000,2026,0.8279950075724427,1789686900000,1789686900000,4344.675,4333.611821428572,4344.811357142858,4344.811357142858,0.012325313378700175,0.012325313378700175,TARGET
scalper_filtered,1789731900000,2026,0.7429841725346115,1789732800000,1789733700000,4381.295,4366.8125,4383.26,4366.8125,0.13568099430347907,-1.0,STOP
scalper_filtered,1789941600000,2026,0.7020622992909762,1789942500000,1789948800000,4378.315,4368.279821428571,4381.405357142857,4368.279821428571,0.3079523817997434,-1.0,STOP
scalper_filtered,1789974000000,2026,0.736732861395937,1789974900000,1789979400000,4352.905,4340.24,4356.485,4356.485,0.28266877220686437,0.28266877220686437,TARGET
scalper_filtered,1789983000000,2026,0.7543953994366308,1789983900000,1789984800000,4347.365,4333.909642857143,4351.475714285714,4351.475714285714,0.30550763105509765,0.30550763105509765,TARGET
scalper_filtered,1789999200000,2026,0.8050001591208954,1790000100000,1790000100000,4339.915,4313.480178571428,4340.044642857143,4340.044642857143,0.0049042456176015495,0.0049042456176015495,TARGET
scalper_filtered,1790043300000,2026,0.7018191747175349,1790044200000,1790044200000,4351.385,4332.257107142857,4353.910785714286,4353.910785714286,0.13204725335665207,0.13204725335665207,TARGET
scalper_filtered,1790054100000,2026,0.7409363107230322,1790055000000,1790055000000,4330.745,4316.604107142856,4335.1167857142855,4316.604107142856,0.30915910038007693,-1.0,STOP
scalper_filtered,1790142300000,2026,0.7211659121579569,1790143200000,1790143200000,4334.365,4323.921785714286,4335.361428571428,4335.361428571428,0.09541397353032442,0.09541397353032442,TARGET
scalper_filtered,1790156700000,2026,0.7518463174243211,1790157600000,1790157600000,4314.095,4303.855178571429,4316.694642857143,4316.694642857143,0.2538758000104314,0.2538758000104314,TARGET
scalper_filtered,1790215200000,2026,0.7451142330190261,1790216100000,1790216100000,4282.405,4267.626607142858,4284.181785714286,4284.181785714286,0.12022861561889027,0.12022861561889027,TARGET
scalper_filtered,1790245800000,2026,0.692503028385026,1790246700000,1790246700000,4258.195,4236.3355357142855,4259.103928571429,4259.103928571429,0.04158055108527966,0.04158055108527966,TARGET
scalper_filtered,1790344800000,2026,0.7257630458000881,1790345700000,1790345700000,4267.255,4246.541785714286,4270.131428571428,4270.131428571428,0.13886925185781743,0.13886925185781743,TARGET
scalper_filtered,1790550000000,2026,0.7186642859229706,1790550900000,1790554500000,4264.615,4250.783392857143,4266.268214285714,4250.783392857143,0.11952438126959117,-1.0,STOP
scalper_filtered,1790559900000,2026,0.7193793447234682,1790560800000,1790563500000,4215.905,4197.567321428572,4220.750357142857,4197.567321428572,0.26422958194974294,-1.0,STOP
scalper_filtered,1790572500000,2026,0.6677182783276038,1790573400000,1790574300000,4189.995,4179.654285714286,4195.976428571429,4179.654285714286,0.5784347585826534,-1.0,STOP
scalper_filtered,1790602200000,2026,0.7568804814047458,1790603100000,1790603100000,4150.835,4128.2867857142855,4151.651428571428,4151.651428571428,0.03620812544546305,0.03620812544546305,TARGET
scalper_filtered,1790766900000,2026,0.7341763662420536,1790767800000,1790767800000,4183.405,4171.56125,4185.3425,4185.3425,0.16358839050131926,0.16358839050131926,TARGET
