engine,state_id,year,signal_t,entry_t,exit_t,entry_rr,pnl_r,exit_kind,quarter_key,risk_off,health_n,health_total_r,health_pf
swing,4,2018,1521037500000,1521037800000,1521117900000,2.0279148560065,-1.0,STOP,2018Q1,False,0,,
swing,5,2018,1521533700000,1521534000000,1521540300000,2.271543969804743,-1.0,STOP,2018Q1,False,1,,
swing,5,2018,1521540900000,1521541200000,1521548400000,2.022951599476708,-1.0,STOP,2018Q1,False,2,,
swing,4,2018,1522047000000,1522047300000,1522073100000,2.1290212183437203,2.1290212183437203,TARGET,2018Q1,False,3,,
swing,5,2018,1522143900000,1522144200000,1522149000000,2.416964324138019,-1.0,STOP,2018Q1,False,4,,
swing,0,2018,1522158300000,1522158600000,1522234500000,1.4162433284032498,-1.0,STOP,2018Q1,False,5,,
swing,0,2018,1522240500000,1522240800000,1522247400000,1.4786491948627731,-1.0,STOP,2018Q1,False,6,,
swing,0,2018,1522249200000,1522249500000,1522253400000,1.839214419915434,-1.0,STOP,2018Q1,False,7,,
swing,4,2018,1522748700000,1522749000000,1522761300000,2.8694039079889584,-1.0,STOP,2018Q2,False,8,,
swing,5,2018,1522763100000,1522763400000,1522766400000,1.9847930055296832,-1.0,STOP,2018Q2,False,9,,
swing,0,2018,1522767600000,1522767900000,1522828800000,2.5131280094485096,2.5131280094485096,TARGET,2018Q2,False,10,,
swing,0,2018,1522866900000,1522867200000,1522901700000,2.496084902608002,-1.0,STOP,2018Q2,False,11,,
swing,0,2018,1522912500000,1522912800000,1522977300000,1.6518431063885635,1.6518431063885635,TARGET,2018Q2,False,12,,
swing,0,2018,1523001000000,1523001300000,1523017800000,0.5436503396124891,0.5436503396124891,TARGET,2018Q2,False,13,,
swing,0,2018,1523263800000,1523264100000,1523291700000,1.858386411889766,1.858386411889766,TARGET,2018Q2,False,14,,
swing,0,2018,1523338500000,1523338800000,1523365800000,2.1080684391512214,2.1080684391512214,TARGET,2018Q2,False,15,,
swing,0,2018,1523524200000,1523524500000,1523535900000,2.2674097376361537,-1.0,STOP,2018Q2,False,16,,
swing,0,2018,1523552100000,1523552400000,1523888100000,2.222733031201499,2.222733031201499,TARGET,2018Q2,False,17,,
swing,4,2018,1524218100000,1524218400000,1524230700000,2.0802936264099734,-1.0,STOP,2018Q2,False,18,,
swing,0,2018,1524232800000,1524233100000,1524435900000,2.2620950615853648,-1.0,STOP,2018Q2,False,19,,
swing,0,2018,1524477300000,1524477600000,1524486300000,2.060950041296851,-1.0,STOP,2018Q2,False,20,0.026830556035768893,1.0020638889258284
swing,0,2018,1524488100000,1524488400000,1524593100000,1.857210761479279,1.857210761479279,TARGET,2018Q2,False,20,0.026830556035768893,1.0020638889258284
swing,4,2018,1524634800000,1524635100000,1524644100000,1.839390533283371,-1.0,STOP,2018Q2,False,20,2.884041317515048,1.2403367764595872
swing,0,2018,1525165800000,1525166100000,1525181400000,2.475222363405153,-1.0,STOP,2018Q2,False,20,2.884041317515048,1.2403367764595872
swing,0,2018,1525183200000,1525183500000,1525184100000,1.3531958141985756,-1.0,STOP,2018Q2,False,20,-0.24497990082867238,0.9811553922439484
swing,0,2018,1525187100000,1525187400000,1525225800000,1.3402463220154994,1.3402463220154994,TARGET,2018Q2,False,20,-0.24497990082867238,0.9811553922439484
swing,0,2018,1525270200000,1525270500000,1525284600000,2.178032274856859,2.178032274856859,TARGET,2018Q2,False,20,2.0952664211868273,1.1746055350989022
swing,0,2018,1525757400000,1525757700000,1525770000000,2.356103550064102,-1.0,STOP,2018Q2,False,20,5.273298696043685,1.479390790549426
swing,4,2018,1525775700000,1525776000000,1525786800000,2.7197132241350173,-1.0,STOP,2018Q2,False,20,5.273298696043686,1.479390790549426
swing,0,2018,1525789200000,1525789500000,1525803000000,2.5450781492600543,2.5450781492600543,TARGET,2018Q2,False,20,5.273298696043685,1.479390790549426
swing,0,2018,1526360700000,1526361000000,1526381700000,1.8971486761710954,-1.0,STOP,2018Q2,False,20,8.818376845303739,1.881837684530374
swing,0,2018,1526383800000,1526384100000,1526387400000,2.102052749823047,-1.0,STOP,2018Q2,False,20,5.30524883585523,1.482295348714112
swing,0,2018,1526392800000,1526393100000,1526404500000,0.9372522777577068,-1.0,STOP,2018Q2,False,20,5.305248835855231,1.482295348714112
swing,0,2018,1526405400000,1526405700000,1526470800000,2.2336887129723624,-1.0,STOP,2018Q2,False,20,2.653405729466667,1.2211171441222222
swing,4,2018,1527666000000,1527666300000,1527856200000,2.009473520733014,-1.0,STOP,2018Q2,False,20,1.109755389854178,1.0853657992195522
swing,0,2018,1527856500000,1527856800000,1527865800000,0.2712068826887677,0.2712068826887677,TARGET,2018Q2,False,20,-1.748631022035588,0.875097784140315
swing,4,2018,1528879200000,1528879500000,1528894200000,0.49770915951182426,0.49770915951182426,TARGET,2018Q2,False,20,0.4634261701897975,1.0356481669376767
swing,4,2018,1529021400000,1529021700000,1529042400000,2.441066755748751,-1.0,STOP,2018Q2,False,20,-1.2615977014998774,0.9029540229615479
swing,0,2018,1529046900000,1529047200000,1529065200000,2.2502825162784834,-1.0,STOP,2018Q2,False,20,-1.2615977014998774,0.9029540229615479
swing,0,2018,1529074200000,1529074500000,1529083500000,1.5916360450366298,-1.0,STOP,2018Q2,False,20,-1.2615977014998774,0.9029540229615479
swing,0,2018,1529083800000,1529084100000,1529409600000,2.039783700270429,-1.0,STOP,2018Q2,False,20,-1.2615977014998774,0.9029540229615479
swing,0,2018,1530848700000,1530849000000,1531116600000,2.681761559317068,2.681761559317068,TARGET,2018Q3,False,20,-2.0147944232222934,0.8560861126269791
swing,0,2018,1531156500000,1531156800000,1531203300000,2.4505766720826747,-1.0,STOP,2018Q3,False,20,1.666967136094776,1.1282282412380598
swing,0,2018,1531204500000,1531204800000,1531212600000,1.5963379313728738,-1.0,STOP,2018Q3,False,20,1.666967136094775,1.1282282412380598
swing,0,2018,1531213500000,1531213800000,1531220100000,2.3115172470566403,-1.0,STOP,2018Q3,False,20,0.3957602534060074,1.0282685895290005
swing,0,2018,1531310400000,1531310700000,1531321800000,2.856577384879388,-1.0,STOP,2018Q3,False,20,-2.135762522176951,0.8576158318548698
swing,0,2018,1531896000000,1531896300000,1531985700000,1.4012581210683954,-1.0,STOP,2018Q3,False,20,-2.1357625221769516,0.8576158318548698
swing,0,2018,1532360100000,1532360400000,1532394900000,2.1615613605538693,-1.0,STOP,2018Q3,False,20,-2.1357625221769516,0.8576158318548698
swing,5,2018,1532395500000,1532395800000,1532510400000,2.101748988776885,2.101748988776885,TARGET,2018Q3,False,20,-2.1357625221769516,0.8576158318548698
swing,0,2018,1532594100000,1532594400000,1532628600000,2.213973701305873,-1.0,STOP,2018Q3,False,20,0.9659864665999334,1.0689990333285666
swing,4,2018,1532653800000,1532654100000,1532679900000,2.014677890106036,-1.0,STOP,2018Q3,False,20,0.9659864665999334,1.0689990333285666
swing,5,2018,1532681700000,1532682000000,1532700600000,2.529403024990225,2.529403024990225,TARGET,2018Q3,False,20,0.9659864665999334,1.0689990333285666
swing,4,2018,1532932500000,1532932800000,1533042300000,2.1423326993675538,-1.0,STOP,2018Q3,False,20,4.495389491590158,1.3457991916607812
swing,0,2018,1533099900000,1533100200000,1533134100000,2.347607796810439,-1.0,STOP,2018Q3,False,20,4.495389491590158,1.3457991916607812
swing,0,2018,1533135900000,1533136200000,1533210300000,2.4928811204999923,-1.0,STOP,2018Q3,False,20,4.495389491590158,1.3457991916607812
swing,5,2018,1533536400000,1533536700000,1533550200000,2.8555687909470993,-1.0,STOP,2018Q3,False,20,4.495389491590158,1.3457991916607812
swing,0,2018,1533552900000,1533553200000,1533558000000,2.3604909694513623,-1.0,STOP,2018Q3,False,20,0.86329992219469,1.0616642801567637
swing,0,2018,1534177500000,1534177800000,1534294500000,2.227569395297719,-1.0,STOP,2018Q3,False,20,0.86329992219469,1.0616642801567637
swing,0,2018,1534302900000,1534303200000,1534323300000,2.139513643109982,-1.0,STOP,2018Q3,False,20,-2.8078230724578317,0.812811795169478
swing,0,2018,1534330500000,1534330800000,1534340400000,2.391939546599341,-1.0,STOP,2018Q3,False,20,-2.807823072457832,0.812811795169478
swing,5,2018,1535361300000,1535361600000,1535379600000,2.7354122823802176,2.7354122823802176,TARGET,2018Q3,False,20,-1.0789669092090408,0.922930935056497
swing,5,2018,1535466900000,1535467200000,1535478900000,1.5733333333333173,-1.0,STOP,2018Q3,False,20,-0.44530361560570775,0.9681925988853065
swing,4,2018,1535638200000,1535638500000,1535699100000,1.0547169811320736,1.0547169811320736,TARGET,2018Q3,False,20,-0.44530361560570775,0.9681925988853065
swing,5,2018,1536582000000,1536582300000,1536669300000,2.2502042245303437,-1.0,STOP,2018Q3,False,20,1.6094133655263654,1.1238010281174127
swing,0,2018,1536670800000,1536671100000,1536679500000,1.115338066806608,1.115338066806608,TARGET,2018Q3,False,20,-1.9199896594638595,0.8628578814668673
swing,0,2018,1536867600000,1536867900000,1536935400000,2.8707237036019073,-1.0,STOP,2018Q3,False,20,0.1953484073427485,1.0150268005648269
swing,0,2018,1536936600000,1536936900000,1536940800000,1.8145721503001198,-1.0,STOP,2018Q3,False,20,0.1953484073427485,1.0150268005648269
swing,0,2018,1536943800000,1536944100000,1537193400000,1.7241048593350188,1.7241048593350188,TARGET,2018Q3,False,20,0.19534840734274805,1.0150268005648269
swing,4,2018,1538569800000,1538570100000,1538580300000,1.5011392981922003,-1.0,STOP,2018Q4,False,20,2.919453266677767,1.2432877722231472
swing,0,2018,1538581200000,1538581500000,1538662800000,2.1360729636230187,2.1360729636230187,TARGET,2018Q4,False,20,2.919453266677767,1.2432877722231472
swing,5,2018,1538961900000,1538962200000,1538964900000,2.5596229314176124,-1.0,STOP,2018Q4,False,20,6.055526230300785,1.5505023845727985
swing,0,2018,1539003300000,1539003600000,1539057900000,1.476552120719406,1.476552120719406,TARGET,2018Q4,False,20,6.055526230300785,1.5505023845727985
swing,0,2018,1539085500000,1539085800000,1539092700000,1.742807184867215,-1.0,STOP,2018Q4,False,20,8.532078351020191,1.853207835102019
swing,0,2018,1539093600000,1539093900000,1539133200000,0.8601872137024489,0.8601872137024489,TARGET,2018Q4,False,20,8.532078351020191,1.853207835102019
swing,5,2018,1539172800000,1539173100000,1539198600000,2.1965258855586653,2.1965258855586653,TARGET,2018Q4,False,20,10.39226556472264,2.154696173858071
swing,0,2018,1541425800000,1541426100000,1541494500000,1.7013945157576191,1.7013945157576191,TARGET,2018Q4,False,20,11.657274532938802,2.2952527258820883
swing,0,2018,1541523600000,1541523900000,1541585100000,2.418020460466371,2.418020460466371,TARGET,2018Q4,False,20,10.171648565835953,2.1301831739817727
swing,0,2018,1542963900000,1542964200000,1543217100000,1.1140910471726801,1.1140910471726801,TARGET,2018Q4,False,20,10.586588822535255,2.176287646948362
swing,0,2018,1543244700000,1543245000000,1543300800000,1.7764482774190016,-1.0,STOP,2018Q4,False,20,12.700679869707933,2.5875849837134917
swing,4,2018,1543515600000,1543515900000,1543586100000,1.1902518943272449,-1.0,STOP,2018Q4,False,20,12.700679869707935,2.5875849837134917
swing,0,2018,1543586700000,1543587000000,1543588200000,1.4238748193984665,-1.0,STOP,2018Q4,False,20,9.532416396654128,2.0591573774060143
swing,0,2018,1543590300000,1543590600000,1543597200000,1.360805034118263,1.360805034118263,TARGET,2018Q4,False,20,5.797004114273911,1.5797004114273911
swing,0,2018,1543985700000,1543986000000,1544107200000,3.460059376820739,3.460059376820739,TARGET,2018Q4,False,20,8.157809148392174,1.9064232387102418
swing,4,2018,1544469900000,1544470200000,1544747700000,2.038555450535676,-0.2434231253938414,864BAR_TIMEOUT,2018Q4,False,20,10.563151544080837,2.173683504897871
swing,5,2018,1545418200000,1545418500000,1545619800000,2.6873640761617317,2.6873640761617317,TARGET,2018Q4,False,20,11.319728418686998,2.3731829904274364
swing,4,2018,1545848100000,1545848400000,1545854400000,1.539694401968367,-1.0,STOP,2018Q4,False,20,12.891754428042121,2.5638836235797613
swing,5,2019,1546953900000,1546954200000,1546968900000,1.8171288562202146,1.8171288562202146,TARGET,2019Q1,False,20,12.891754428042121,2.5638836235797613
swing,4,2019,1547031900000,1547032200000,1547044500000,2.3569420562790304,2.3569420562790304,TARGET,2019Q1,False,20,15.708883284262335,3.168709878232912
swing,4,2019,1547139300000,1547139600000,1547584200000,2.5681532098542394,0.16678654918178196,864BAR_TIMEOUT,2019Q1,False,20,16.341720481206345,3.2560770230191145
swing,4,2019,1547710800000,1547711100000,1547738100000,1.8980022335276894,-1.0,STOP,2019Q1,False,20,17.508507030388127,3.8043121023106496
swing,0,2019,1547738700000,1547739000000,1547803200000,1.5364869061173085,-1.0,STOP,2019Q1,False,20,14.372434066765113,2.984204680295223
swing,0,2019,1547818500000,1547818800000,1548060300000,1.4255300274993226,-1.0,STOP,2019Q1,False,20,14.37243406676511,2.984204680295223
swing,0,2019,1548066900000,1548067200000,1548144000000,1.6170724523856277,1.6170724523856277,TARGET,2019Q1,False,20,11.895881946045703,2.443075499715704
swing,4,2019,1548336900000,1548337200000,1548339900000,0.9941764969389635,0.9941764969389635,TARGET,2019Q1,False,20,14.512954398431331,3.0036043935569805
swing,4,2019,1548677400000,1548677700000,1548746100000,2.500669344042871,2.500669344042871,TARGET,2019Q1,False,20,14.646943681667848,3.0221024546141586
swing,0,2019,1548857700000,1548858000000,1548874800000,1.9996938306884011,1.9996938306884011,TARGET,2019Q1,False,20,14.951087140152053,3.0640913669307603
swing,0,2019,1549284900000,1549285200000,1549373400000,1.622031069457041,1.622031069457041,TARGET,2019Q1,False,20,15.249386455082833,3.105273458569865
swing,0,2019,1549494000000,1549494300000,1549504500000,1.4455834324441612,-1.0,STOP,2019Q1,False,20,14.453397064073503,2.9953821299494554
swing,0,2019,1549510800000,1549511100000,1549548300000,2.8910077746810696,2.8910077746810696,TARGET,2019Q1,False,20,12.339306016900823,2.4968667541630403
swing,0,2019,1549859700000,1549860000000,1549875600000,2.661777610630417,-1.0,STOP,2019Q1,False,20,16.230313791581892,3.2406966306692753
swing,4,2019,1550557500000,1550557800000,1550567100000,2.7712694449778055,2.7712694449778055,TARGET,2019Q1,False,20,16.230313791581892,3.2406966306692753
swing,5,2019,1550691000000,1550691300000,1550739900000,0.9781225485922906,-1.0,STOP,2019Q1,False,20,20.001583236559696,4.2036244917002925
swing,0,2019,1550743200000,1550743500000,1550769300000,2.069517339086079,-1.0,STOP,2019Q1,False,20,17.640778202441435,3.4354200903433028
swing,0,2019,1550776500000,1550776800000,1550784600000,2.343909126517801,-1.0,STOP,2019Q1,False,20,13.180718825620696,2.5989375560521126
swing,0,2019,1550785200000,1550785500000,1551241500000,1.9348595704507585,0.881126583274299,864BAR_TIMEOUT,2019Q1,False,20,12.42414195101454,2.380460216779393
swing,0,2019,1551448200000,1551448500000,1551452400000,1.7600926059904662,1.7600926059904662,TARGET,2019Q1,False,20,10.617904458127104,2.1797671620141226
swing,0,2019,1551460800000,1551461100000,1551467100000,1.7234330123331958,-1.0,STOP,2019Q1,False,20,13.377997064117572,2.672249633014696
swing,0,2019,1551468900000,1551469200000,1551688800000,2.1733151106176583,-1.0,STOP,2019Q1,False,20,10.560868207897355,2.173429800877484
swing,0,2019,1551690900000,1551691200000,1551710700000,2.1128284130678945,-1.0,STOP,2019Q1,False,20,7.203926151618326,1.7203926151618325
swing,4,2019,1551711300000,1551711600000,1551985800000,1.1029092277257264,0.010195040840877545,864BAR_TIMEOUT,2019Q1,False,20,6.037139602436545,1.5488308729487767
swing,5,2019,1552304700000,1552305000000,1552315200000,2.881446371299878,-1.0,STOP,2019Q1,False,20,7.047334643277421,1.704733464327742
swing,0,2019,1552316100000,1552316400000,1552394400000,1.969725838890542,1.969725838890542,TARGET,2019Q1,False,20,7.04733464327742,1.704733464327742
swing,0,2019,1552539600000,1552539900000,1552555500000,2.5630798451310937,-1.0,STOP,2019Q1,False,20,10.017060482167961,2.1130067202408847
swing,0,2019,1552557600000,1552557900000,1552568400000,1.7254824734146765,-1.0,STOP,2019Q1,False,20,7.399988029782337,1.7399988029782336
swing,0,2019,1552571100000,1552571400000,1552634100000,1.9404061362631628,1.9404061362631628,TARGET,2019Q1,False,20,5.405811532843373,1.4914374120766702
swing,0,2019,1552871400000,1552871700000,1552962000000,2.2533793312936954,2.2533793312936954,TARGET,2019Q1,False,20,4.845548325063665,1.4405043931876058
swing,0,2019,1553071800000,1553072100000,1553088000000,2.8171089811071495,2.8171089811071495,TARGET,2019Q1,False,20,5.099233825668959,1.463566711424451
swing,0,2019,1553098200000,1553098500000,1553104800000,1.2729308157325618,1.2729308157325618,TARGET,2019Q1,False,20,6.294311737319068,1.572210157938097
swing,5,2019,1553178300000,1553178600000,1553184900000,1.9746128916095398,-1.0,STOP,2019Q1,False,20,8.56724255305163,1.8567242553051628
swing,5,2019,1553186700000,1553187000000,1553247600000,1.6066461037070905,1.6066461037070905,TARGET,2019Q1,False,20,4.676234778370561,1.4251122525791418
swing,0,2019,1553580300000,1553580600000,1553593800000,2.1976339596382815,-1.0,STOP,2019Q1,False,20,7.2828808820776505,1.728288088207765
swing,4,2019,1554466800000,1554467100000,1554468000000,1.3661277843385091,-1.0,STOP,2019Q2,False,20,3.5116114370998446,1.3192374033727132
swing,4,2019,1554468600000,1554468900000,1554469200000,0.41423357664236177,0.41423357664236177,TARGET,2019Q2,False,20,3.5116114370998455,1.3192374033727132
swing,5,2019,1554966600000,1554966900000,1554981000000,1.5085373478908817,-1.0,STOP,2019Q2,False,20,4.925845013742206,1.4925845013742207
swing,0,2019,1554986700000,1554987000000,1554996000000,1.4090682610860668,-1.0,STOP,2019Q2,False,20,4.925845013742207,1.4925845013742207
swing,0,2019,1554997800000,1554998100000,1555003200000,2.0980368875167494,-1.0,STOP,2019Q2,False,20,3.044718430467908,1.2767925845879917
swing,4,2019,1555072800000,1555073100000,1555287900000,1.4880957487881146,-1.0,STOP,2019Q2,False,20,0.284625824477442,1.0237188187064534
swing,5,2019,1555406400000,1555406700000,1555417500000,2.7090703801278724,-1.0,STOP,2019Q2,False,20,0.2846258244774411,1.0237188187064534
swing,0,2019,1555418700000,1555419000000,1555420200000,1.1208470953954022,-1.0,STOP,2019Q2,False,20,0.284625824477442,1.0237188187064534
swing,0,2019,1555422900000,1555423200000,1555569600000,1.0027889770379335,-1.0,STOP,2019Q2,False,20,0.2846258244774411,1.0237188187064534
swing,0,2019,1555941900000,1555942200000,1555998900000,2.0252772147371356,-1.0,STOP,2019Q2,False,20,-0.7255692163634357,0.9441869833566587
swing,4,2019,1556018400000,1556018700000,1556022900000,1.4628829167450166,-1.0,STOP,2019Q2,False,20,-0.7255692163634357,0.9441869833566587
swing,0,2019,1556526600000,1556526900000,1556545500000,2.7287630402387477,-1.0,STOP,2019Q2,False,20,-1.4717674127178237,0.8867871220986289
swing,0,2019,1556692500000,1556692800000,1556734500000,3.181916652414658,3.181916652414658,TARGET,2019Q2,False,20,-1.4717674127178237,0.8867871220986289
swing,5,2019,1556736600000,1556736900000,1556784300000,0.6241916437046691,-1.0,STOP,2019Q2,False,20,-0.23025689656632853,0.9822879310333594
swing,0,2019,1557903300000,1557903600000,1557921600000,2.672758920800816,2.672758920800816,TARGET,2019Q2,False,20,-1.8322940576661613,0.8691218530238455
swing,5,2019,1557998400000,1557998700000,1558009800000,2.16854214949892,-1.0,STOP,2019Q2,False,20,1.8404648631346539,1.1415742202411272
swing,5,2019,1558687800000,1558688100000,1559045700000,3.169043624160763,-1.0,STOP,2019Q2,False,20,0.42623128649229214,1.0304450918923067
swing,5,2019,1559046600000,1559046900000,1559111100000,1.3574310856144756,1.3574310856144756,TARGET,2019Q2,False,20,0.42623128649229214,1.0304450918923067
swing,0,2019,1560764400000,1560764700000,1560838500000,2.882546439628509,2.882546439628509,TARGET,2019Q2,False,20,2.7836623721067677,1.2141278747774438
swing,4,2019,1560933300000,1560933600000,1560967200000,2.4516665936665136,2.4516665936665136,TARGET,2019Q2,False,20,6.666208811735277,1.5555174009779398
swing,0,2019,1561522200000,1561522500000,1561932000000,2.542046342098374,-1.0,STOP,2019Q2,False,20,10.11787540540179,1.9198068550365264
swing,0,2019,1561940100000,1561940400000,1561960200000,2.7212487988387104,-1.0,STOP,2019Q3,False,20,10.11787540540179,1.9198068550365264
swing,0,2019,1561964700000,1561965000000,1562081700000,2.459440725269478,2.459440725269478,TARGET,2019Q3,False,20,10.11787540540179,1.9198068550365264
swing,5,2019,1562156100000,1562156400000,1562329800000,1.8361091498110091,-1.0,STOP,2019Q3,False,20,13.577316130671267,2.3577316130671266
swing,5,2019,1562935200000,1562935500000,1562955900000,1.983721409437425,1.983721409437425,TARGET,2019Q3,False,20,13.577316130671267,2.3577316130671266
swing,5,2019,1563202200000,1563202500000,1563292500000,1.6860041105880794,-1.0,STOP,2019Q3,False,20,16.561037540108696,2.840115282234299
swing,5,2019,1563448800000,1563449100000,1563453600000,2.686974241078347,-1.0,STOP,2019Q3,False,20,14.337509897572538,2.433750989757254
swing,4,2019,1563455100000,1563455400000,1563464700000,1.3117988239308018,1.3117988239308018,TARGET,2019Q3,False,20,14.337509897572538,2.433750989757254
swing,0,2019,1563536100000,1563536400000,1563547200000,2.258930135338816,-1.0,STOP,2019Q3,False,20,12.467392069088683,2.246739206908868
swing,5,2019,1563548400000,1563548700000,1563559800000,1.4124552047179308,-1.0,STOP,2019Q3,False,20,12.467392069088685,2.246739206908868
swing,5,2019,1564581900000,1564582200000,1564590000000,1.6738485356728325,-1.0,STOP,2019Q3,False,20,12.467392069088683,2.246739206908868
swing,0,2019,1564592100000,1564592400000,1564596000000,1.3582911917880072,-1.0,STOP,2019Q3,False,20,9.831867733915598,1.8938061576286904
swing,0,2019,1564599300000,1564599600000,1564599600000,0.32542998736756884,0.32542998736756884,TARGET,2019Q3,False,20,9.831867733915596,1.8938061576286904
swing,0,2019,1564620600000,1564620900000,1564680900000,2.818160423211025,2.818160423211025,TARGET,2019Q3,False,20,6.916713017269489,1.6287920924790447
swing,4,2019,1565270700000,1565271000000,1565635200000,1.907440563878313,1.907440563878313,TARGET,2019Q3,False,20,7.262954408926613,1.6602685826296921
swing,0,2019,1566206400000,1566206700000,1566214800000,2.0352628003074,-1.0,STOP,2019Q3,False,20,6.49763605200411,1.5906941865458284
swing,0,2019,1566216000000,1566216300000,1566300300000,1.6950891865139408,1.6950891865139408,TARGET,2019Q3,False,20,6.49763605200411,1.5906941865458284
swing,0,2019,1566541800000,1566542100000,1566561900000,2.1496396340580812,2.1496396340580812,TARGET,2019Q3,False,20,9.192725238518051,1.9192725238518051
swing,0,2019,1566809700000,1566810000000,1567080600000,2.882573038168136,1.4059477858391216,864BAR_TIMEOUT,2019Q3,False,20,9.984933786961655,1.9984933786961654
swing,4,2019,1567679700000,1567680000000,1567690500000,1.6385696560421519,-1.0,STOP,2019Q3,False,20,8.508335133172269,1.8508335133172271
swing,0,2019,1567753200000,1567753500000,1567775100000,1.4351037700531661,1.4351037700531661,TARGET,2019Q3,False,20,5.056668539505754,1.4596971399550684
swing,0,2019,1568041800000,1568042100000,1568076900000,1.4330766409974722,-1.0,STOP,2019Q3,False,20,7.491772309558922,1.7491772309558922
swing,4,2019,1569303000000,1569303300000,1569332400000,2.3448549717525253,-1.0,STOP,2019Q3,False,20,7.49177230955892,1.7491772309558922
swing,5,2019,1569333000000,1569333300000,1569337800000,1.4770780552539817,1.4770780552539817,TARGET,2019Q3,False,20,4.032331584289443,1.3665755985717676
swing,5,2019,1569413700000,1569414000000,1569421800000,1.8057418431164498,-1.0,STOP,2019Q3,False,20,6.509409639543424,1.6509409639543424
swing,5,2019,1569499800000,1569500100000,1569566100000,1.603675938443028,-1.0,STOP,2019Q3,False,20,3.5256882301060006,1.3205171118278183
swing,4,2019,1569997500000,1569997800000,1570014900000,2.5151550304095505,2.5151550304095505,TARGET,2019Q4,False,20,3.5256882301059997,1.3205171118278183
swing,0,2019,1570194600000,1570194900000,1570208100000,1.020230149005609,1.020230149005609,TARGET,2019Q4,False,20,7.04084326051555,1.704084326051555
swing,0,2019,1570438500000,1570438800000,1570446300000,2.8491074956619293,-1.0,STOP,2019Q4,False,20,6.749274585590358,1.6749274585590357
swing,0,2019,1570447200000,1570447500000,1570469400000,1.3854475781012727,-1.0,STOP,2019Q4,False,20,6.749274585590358,1.6749274585590357
swing,4,2019,1570496700000,1570497000000,1570528800000,1.029747209305823,1.029747209305823,TARGET,2019Q4,False,20,6.749274585590358,1.6749274585590357
swing,5,2019,1570615500000,1570615800000,1570659600000,1.6280791025789452,1.6280791025789452,TARGET,2019Q4,False,20,8.779021794896181,1.9754468660995756
swing,5,2019,1570711500000,1570711800000,1570714800000,2.0996647524773167,-1.0,STOP,2019Q4,False,20,11.407100897475125,2.4258876121843906
swing,0,2019,1570717500000,1570717800000,1570793400000,2.178522973492932,-1.0,STOP,2019Q4,False,20,10.081670910107558,2.1201856566786175
swing,0,2019,1570795200000,1570795500000,1570803900000,1.5707993436290137,-1.0,STOP,2019Q4,False,20,6.263510486896532,1.6263510486896533
swing,5,2019,1571385000000,1571385300000,1571396400000,2.34375233493563,-1.0,STOP,2019Q4,False,20,3.356069923018219,1.305097265728929
swing,0,2019,1571397000000,1571397300000,1571403600000,2.05886719944103,2.05886719944103,TARGET,2019Q4,False,20,3.356069923018219,1.305097265728929
swing,5,2019,1571645100000,1571645400000,1571670600000,1.762749607563953,-1.0,STOP,2019Q4,False,20,3.7198479359453085,1.3381679941768463
swing,4,2019,1571899500000,1571899800000,1571901600000,1.853302081897107,-1.0,STOP,2019Q4,False,20,0.5702083018872273,1.0475173584906023
swing,5,2019,1571902200000,1571902500000,1571923500000,1.281100876706238,1.281100876706238,TARGET,2019Q4,False,20,-1.8357394839518943,0.8587892704652389
swing,0,2019,1572023100000,1572023400000,1572267300000,2.5561635202108244,-1.0,STOP,2019Q4,False,20,0.44536139275434383,1.0371134493961953
swing,0,2019,1572274200000,1572274500000,1572345300000,1.7216791259345352,-1.0,STOP,2019Q4,False,20,-1.9897423772988228,0.8469428940539367
swing,0,2019,1572357300000,1572357600000,1572432300000,1.5670047491346932,1.5670047491346932,TARGET,2019Q4,False,20,-1.9897423772988223,0.8469428940539367
swing,5,2019,1572612000000,1572612300000,1572615900000,0.9185542168674892,0.9185542168674892,TARGET,2019Q4,False,20,0.5772623718358707,1.0481051976529894
swing,4,2019,1572885600000,1572885900000,1572951900000,1.9512414769073123,-1.0,STOP,2019Q4,False,20,0.01873853344937837,1.0015615444541148
swing,0,2019,1572959100000,1572959400000,1572960300000,1.877757491499184,-1.0,STOP,2019Q4,False,20,0.018738533449378147,1.0015615444541148
swing,0,2019,1572966600000,1572966900000,1572970800000,1.3490365807982605,-1.0,STOP,2019Q4,False,20,0.01873853344937837,1.0015615444541148
swing,4,2019,1574151000000,1574151300000,1574157000000,1.834346356049742,-1.0,STOP,2019Q4,False,20,-1.651314113641949,0.8729758374121578
swing,5,2019,1575452100000,1575452400000,1575465300000,0.9096791751080524,0.9096791751080524,TARGET,2019Q4,False,20,-1.4110195912130934,0.8914600314451467
swing,4,2019,1576518300000,1576518600000,1576675500000,2.8184445410602557,-1.0,STOP,2019Q4,False,20,-2.560207615546071,0.8030609526503022
swing,5,2019,1576677000000,1576677300000,1576683000000,1.1828369760385817,1.1828369760385817,TARGET,2019Q4,False,20,-2.560207615546071,0.8030609526503022
swing,5,2019,1576860300000,1576860600000,1577082600000,1.6791369754553909,1.6791369754553909,TARGET,2019Q4,False,20,-0.3773706395074885,0.9685524467077092
swing,0,2020,1578327000000,1578327300000,1578361500000,1.581108482595476,-1.0,STOP,2020Q1,False,20,0.02066545924166374,1.001722121603472
swing,0,2020,1578363600000,1578363900000,1578432600000,2.3459732755507754,2.3459732755507754,TARGET,2020Q1,False,20,0.020665459241664186,1.001722121603472
swing,0,2020,1578490200000,1578490500000,1578501300000,2.545568844901513,-1.0,STOP,2020Q1,False,20,3.3666387347924394,1.3060580667993127
swing,5,2020,1579189800000,1579190100000,1579263300000,1.4790418266859848,1.4790418266859848,TARGET,2020Q1,False,20,0.799633985657747,1.0666361654714789
swing,0,2020,1579597200000,1579597500000,1579616100000,1.6143790849673525,-1.0,STOP,2020Q1,False,20,1.3601215954762422,1.1133434662896866
swing,0,2020,1579781100000,1579781400000,1579790400000,1.6546414824098714,1.6546414824098714,TARGET,2020Q1,False,20,1.360121595476242,1.1133434662896866
swing,5,2020,1579853700000,1579854000000,1579878900000,2.6864716455646067,2.6864716455646067,TARGET,2020Q1,False,20,4.014763077886114,1.36497846162601
swing,0,2020,1580197800000,1580198100000,1580213700000,2.6694809925856164,-1.0,STOP,2020Q1,False,20,7.701234723450721,1.7701234723450718
swing,0,2020,1580268600000,1580268900000,1580343900000,3.1297779596205104,3.1297779596205104,TARGET,2020Q1,False,20,7.701234723450721,1.7701234723450718
swing,5,2020,1580395200000,1580395500000,1580398800000,0.8182753249806295,0.8182753249806295,TARGET,2020Q1,False,20,9.299342316086754,1.9299342316086754
swing,0,2020,1580433300000,1580433600000,1580486100000,3.051902113166816,3.051902113166816,TARGET,2020Q1,False,20,11.117617641067383,2.235290849007487
swing,0,2020,1581405300000,1581405600000,1581432000000,1.2634843170148484,1.2634843170148484,TARGET,2020Q1,False,20,11.80611037958902,2.3117900421765576
swing,5,2020,1581437400000,1581437700000,1581565200000,1.740765828585078,1.740765828585078,TARGET,2020Q1,False,20,14.069594696603868,2.7586993370754835
swing,5,2020,1581928500000,1581928800000,1581986400000,1.705253487012463,1.705253487012463,TARGET,2020Q1,False,20,16.810360525188948,3.4014800750269925
swing,0,2020,1582905600000,1582905900000,1583247600000,0.7459565659755192,0.7459565659755192,TARGET,2020Q1,False,20,19.51561401220141,4.252602335366902
swing,4,2020,1583802600000,1583802900000,1583820000000,1.9822917526623898,-1.0,STOP,2020Q1,False,20,21.261570578176933,5.252314115635386
swing,0,2020,1583820300000,1583820600000,1583947800000,1.3284709409594022,-1.0,STOP,2020Q1,False,20,18.393196953169127,4.065532825528188
swing,4,2020,1585136400000,1585136700000,1585580400000,1.164439366835521,0.14782857056958146,864BAR_TIMEOUT,2020Q1,False,20,16.483517778061078,3.3547882540087253
swing,4,2020,1587705300000,1587705600000,1587741300000,2.4133138477139195,-1.0,STOP,2020Q2,False,20,17.631346348630657,3.9385577247717767
swing,0,2020,1587744000000,1587744300000,1588036200000,2.2195468322771035,-1.0,STOP,2020Q2,False,20,15.448509372592074,3.2069299103702966
swing,0,2020,1588038600000,1588038900000,1588050000000,2.0095219811864555,-1.0,STOP,2020Q2,False,20,12.769372397136683,2.596171549642086
swing,0,2020,1588050900000,1588051200000,1588065900000,2.2124567051413493,2.2124567051413493,TARGET,2020Q2,False,20,12.769372397136685,2.596171549642086
swing,5,2020,1588083000000,1588083300000,1588227900000,1.377946701446355,1.377946701446355,TARGET,2020Q2,False,20,12.635855826727258,2.5794819783409073
swing,0,2020,1588966200000,1588966500000,1589192700000,2.2032813965534155,-1.0,STOP,2020Q2,False,20,15.013802528173612,3.1448289325962304
swing,5,2020,1589193000000,1589193300000,1589374800000,1.9526912617374386,1.9526912617374386,TARGET,2020Q2,False,20,12.534760701487627,2.566845087685954
swing,5,2020,1589807100000,1589807400000,1589807700000,2.326373170964967,-1.0,STOP,2020Q2,False,20,15.487451963225066,3.2124931376035812
swing,0,2020,1590051300000,1590051600000,1590069600000,1.8409067146233247,-1.0,STOP,2020Q2,False,20,12.832810480815194,2.6041013101018993
swing,5,2020,1590072600000,1590072900000,1590131100000,1.3684773691907175,1.3684773691907175,TARGET,2020Q2,False,20,9.146338835250589,2.016259870583399
swing,0,2020,1590366900000,1590367200000,1590413700000,2.5666375197847975,-1.0,STOP,2020Q2,False,20,11.514816204441306,2.4393520255551633
swing,0,2020,1591115700000,1591116000000,1591173300000,1.4892270768559435,-1.0,STOP,2020Q2,False,20,7.385038244820796,1.8205598049800882
swing,5,2020,1591190400000,1591190700000,1591193400000,2.032826729251622,-1.0,STOP,2020Q2,False,20,5.5667629198401665,1.5566762919840165
swing,5,2020,1591195200000,1591195500000,1591267800000,1.8198782460854557,1.8198782460854557,TARGET,2020Q2,False,20,1.5148608066733509,1.1377146187884863
swing,5,2020,1591352400000,1591352700000,1591360200000,1.8935502136202096,-1.0,STOP,2020Q2,False,20,2.0712547357439575,1.1882958850676324
swing,4,2020,1591875900000,1591876200000,1591881900000,1.014698677119046,1.014698677119046,TARGET,2020Q2,False,20,-0.6695110928411201,0.9442074089299065
swing,4,2020,1592190600000,1592190900000,1592200500000,2.2544918894602772,-1.0,STOP,2020Q2,False,20,-1.3600659027345372,0.8866611747721219
swing,4,2020,1592311500000,1592311800000,1592386200000,0.8953764545048003,-1.0,STOP,2020Q2,False,20,-0.1317403213942403,0.9890216398838133
swing,5,2020,1593179400000,1593179700000,1593184500000,1.8358778625953422,1.8358778625953422,TARGET,2020Q2,False,20,-1.2795688919638217,0.9015716236950907
swing,4,2020,1593434700000,1593435000000,1593528600000,1.4616206722285379,1.4616206722285379,TARGET,2020Q2,False,20,1.5563089706315207,1.1296924142192932
swing,4,2020,1593602700000,1593603000000,1593606000000,1.6294678720540172,-1.0,STOP,2020Q3,False,20,4.017929642860058,1.365266331169096
swing,0,2020,1593609300000,1593609600000,1593611400000,1.778606113114756,-1.0,STOP,2020Q3,False,20,4.017929642860059,1.365266331169096
swing,0,2020,1593614400000,1593614700000,1594037400000,2.074478901881068,2.074478901881068,TARGET,2020Q3,False,20,0.8054729377187089,1.0671227448098923
swing,5,2020,1594111200000,1594111500000,1594129800000,0.9995240865105102,0.9995240865105102,TARGET,2020Q3,False,20,1.5020051381534225,1.1251670948461185
swing,0,2020,1594298100000,1594298400000,1594306800000,1.123089861787769,-1.0,STOP,2020Q3,False,20,3.5015292246639325,1.318320838605812
swing,0,2020,1594894200000,1594894500000,1594918800000,1.57183167376616,-1.0,STOP,2020Q3,False,20,0.5488379629264943,1.0457364969105412
swing,5,2020,1594919700000,1594920000000,1594998600000,1.6726266812222104,1.6726266812222104,TARGET,2020Q3,False,20,0.5488379629264939,1.0457364969105412
swing,0,2020,1595924100000,1595924400000,1595948100000,0.9826002863718447,0.9826002863718447,TARGET,2020Q3,False,20,3.2214646441487043,1.2928604221953368
swing,4,2020,1596032700000,1596033000000,1596046200000,1.1307779299419312,1.1307779299419312,TARGET,2020Q3,False,20,2.8355875613298314,1.257780687393621
swing,0,2020,1597150500000,1597150800000,1597151100000,1.4831443785965774,-1.0,STOP,2020Q3,False,20,4.9663654912717625,1.4966365491271763
swing,0,2020,1597152000000,1597152300000,1597168500000,1.22360598217475,-1.0,STOP,2020Q3,False,20,4.9663654912717625,1.4966365491271763
swing,0,2020,1597171800000,1597172100000,1597196700000,2.3468616993122198,-1.0,STOP,2020Q3,False,20,4.9663654912717625,1.4966365491271763
swing,0,2020,1597207500000,1597207800000,1597218600000,1.2407550018104887,1.2407550018104887,TARGET,2020Q3,False,20,2.146487245186309,1.195135204107846
swing,0,2020,1597263300000,1597263600000,1597674300000,2.273647887637701,2.273647887637701,TARGET,2020Q3,False,20,4.387242246996796,1.4387242246996794
swing,5,2020,1597761600000,1597761900000,1597767600000,0.6801753652151091,0.6801753652151091,TARGET,2020Q3,False,20,5.646191457515451,1.564619145751545
swing,0,2020,1597816800000,1597817100000,1597848000000,1.6886311660057032,-1.0,STOP,2020Q3,False,20,7.32636682273056,1.8140407580811733
swing,5,2020,1597851000000,1597851300000,1597860900000,1.8598336996424905,-1.0,STOP,2020Q3,False,20,7.326366822730561,1.8140407580811733
swing,0,2020,1597863000000,1597863300000,1598009700000,1.8277131366696575,-1.0,STOP,2020Q3,False,20,4.352084675414743,1.4352084675414745
swing,4,2020,1598510100000,1598510400000,1598534100000,1.855980897989969,1.855980897989969,TARGET,2020Q3,False,20,4.352084675414744,1.4352084675414745
swing,5,2020,1598537700000,1598538000000,1598596800000,0.6365235056016253,0.6365235056016253,TARGET,2020Q3,False,20,4.372187710809371,1.437218771080937
swing,5,2020,1598860200000,1598860500000,1598925300000,1.788114606526877,1.788114606526877,TARGET,2020Q3,False,20,3.5470905441824576,1.3547090544182459
swing,5,2020,1598971800000,1598972100000,1599031800000,0.8592747056602381,-1.0,STOP,2020Q3,False,20,6.335205150709334,1.7039116834121484
swing,4,2020,1599032700000,1599033000000,1599053700000,1.4240473738414294,-1.0,STOP,2020Q3,False,20,6.335205150709334,1.7039116834121484
swing,0,2020,1599057900000,1599058200000,1599115200000,2.205568736534916,-1.0,STOP,2020Q3,False,20,3.2607262488282664,1.3260726248828267
swing,5,2020,1599560100000,1599560400000,1599580800000,2.03797235700634,2.03797235700634,TARGET,2020Q3,False,20,1.2612021623177565,1.114654742028887
swing,5,2020,1599650400000,1599650700000,1599657000000,1.5947201913325382,1.5947201913325382,TARGET,2020Q3,False,20,4.299174519324096,1.4299174519324098
swing,5,2020,1599720300000,1599720600000,1599741300000,2.396014267990109,2.396014267990109,TARGET,2020Q3,False,20,6.893894710656634,1.7659883011840707
swing,5,2020,1599766800000,1599767100000,1600167300000,3.095276416221697,3.095276416221697,TARGET,2020Q3,False,20,7.6172822974245324,1.8463646997138368
swing,0,2020,1600760700000,1600761000000,1600834200000,1.6414886588857365,-1.0,STOP,2020Q3,False,20,9.729958427274386,2.081106491919376
swing,5,2020,1600835400000,1600835700000,1600841400000,2.3815171210714463,-1.0,STOP,2020Q3,False,20,7.599180497332455,1.7599180497332454
swing,0,2020,1600843800000,1600844100000,1600870500000,1.3977108868060413,-1.0,STOP,2020Q3,False,20,7.599180497332455,1.7599180497332454
swing,5,2020,1600926600000,1600926900000,1601314200000,2.8976621312355606,2.8976621312355606,TARGET,2020Q3,False,20,7.599180497332453,1.7599180497332454
swing,0,2020,1601447100000,1601447400000,1601470200000,1.4637066038389592,1.4637066038389592,TARGET,2020Q3,False,20,11.496842628568015,2.2774269587297793
swing,5,2020,1601604900000,1601605200000,1601614800000,3.205636883207851,-1.0,STOP,2020Q4,False,20,11.719794230596483,2.302199358955165
swing,0,2020,1601882400000,1601882700000,1601899800000,2.3977518668343967,2.3977518668343967,TARGET,2020Q4,False,20,8.446146342958784,1.8446146342958785
swing,4,2020,1601974200000,1601974500000,1601991000000,2.114866468060473,2.114866468060473,TARGET,2020Q4,False,20,10.163722844578071,2.016372284457807
swing,0,2020,1602561300000,1602561600000,1602594000000,3.1374775024228074,-1.0,STOP,2020Q4,False,20,13.278589312638545,2.475398812515394
swing,0,2020,1602598800000,1602599100000,1602683700000,1.715676318331569,1.715676318331569,TARGET,2020Q4,False,20,13.278589312638545,2.475398812515394
swing,4,2020,1602724500000,1602724800000,1602850800000,1.4492359154705492,1.4492359154705492,TARGET,2020Q4,False,20,15.994265630970114,2.999283203871264
swing,0,2020,1603897500000,1603897800000,1603974300000,1.4469929323909827,-1.0,STOP,2020Q4,False,20,15.587520648450694,2.9484400810563365
swing,0,2020,1603974600000,1603974900000,1603976700000,1.0722499421736518,-1.0,STOP,2020Q4,False,20,13.95099714284907,2.550110793649896
swing,0,2020,1603977000000,1603977300000,1604028000000,2.213653934351001,2.213653934351001,TARGET,2020Q4,False,20,11.162882536322192,2.116288253632219
swing,5,2020,1604389500000,1604389800000,1604396100000,1.5588627276766411,1.5588627276766411,TARGET,2020Q4,False,20,14.376536470673193,2.5973929411859102
swing,5,2020,1604452200000,1604452500000,1604452500000,0.015007366405758624,0.015007366405758624,TARGET,2020Q4,False,20,16.935399198349835,3.116924899793729
swing,5,2020,1604457900000,1604458200000,1604561100000,1.3355185723105345,1.3355185723105345,TARGET,2020Q4,False,20,17.950406564755593,3.564343794965084
swing,0,2020,1604929800000,1604930100000,1604933700000,0.9359322804297493,-1.0,STOP,2020Q4,False,20,17.247952780059784,3.463993254294255
swing,0,2020,1604937300000,1604937600000,1605207600000,2.205405716381465,0.8537536900468539,864BAR_TIMEOUT,2020Q4,False,20,14.653232588727246,2.8316540735909057
swing,4,2020,1605601800000,1605602100000,1605645600000,1.197515212981717,-1.0,STOP,2020Q4,False,20,13.110972010783993,2.6388715013479986
swing,5,2020,1605646200000,1605646500000,1605696000000,1.367954694302087,-1.0,STOP,2020Q4,False,20,9.015695594562299,2.0017439549513663
swing,0,2020,1605776700000,1605777000000,1605880800000,1.3415131501110387,1.3415131501110387,TARGET,2020Q4,False,20,9.015695594562299,2.0017439549513663
swing,0,2020,1606125600000,1606125900000,1606130700000,1.4580356374278924,-1.0,STOP,2020Q4,False,20,11.357208744673338,2.4196510930841666
swing,0,2020,1606138200000,1606138500000,1606142700000,1.59842694139802,-1.0,STOP,2020Q4,False,20,11.357208744673336,2.4196510930841666
swing,0,2020,1606145400000,1606145700000,1606180500000,1.8915662650603053,-1.0,STOP,2020Q4,False,20,7.459546613437777,1.828838512604197
swing,0,2020,1606219200000,1606219500000,1606482600000,1.50165540987951,-1.0,STOP,2020Q4,False,20,4.995840009598815,1.4995840009598818
swing,0,2020,1606486800000,1606487100000,1606704900000,1.3538719119402103,-1.0,STOP,2020Q4,False,20,4.995840009598815,1.4995840009598818
swing,0,2020,1606705800000,1606706100000,1606816800000,1.3183886101490974,1.3183886101490974,TARGET,2020Q4,False,20,1.5980881427644187,1.1452807402513108
swing,5,2020,1607012400000,1607012700000,1607352600000,1.815213173980216,1.815213173980216,TARGET,2020Q4,False,20,0.8016102848530433,1.0728736622593678
swing,5,2020,1607425800000,1607426100000,1607487000000,2.3073458857607796,-1.0,STOP,2020Q4,False,20,3.6168234588332586,1.361682345883326
swing,0,2020,1607515200000,1607515500000,1607525700000,1.711417946422396,-1.0,STOP,2020Q4,False,20,0.9011471405016904,1.0819224673183354
swing,0,2020,1607527800000,1607528100000,1607539800000,1.1733050307016821,-1.0,STOP,2020Q4,False,20,-1.5480887749688594,0.8709926020859284
swing,0,2020,1607678100000,1607678400000,1607685900000,1.4010406375551567,-1.0,STOP,2020Q4,False,20,-1.548088774968859,0.8709926020859284
swing,5,2020,1608125400000,1608125700000,1608146100000,1.2653276791400785,-1.0,STOP,2020Q4,False,20,-1.5480887749688597,0.8709926020859284
swing,4,2021,1610534400000,1610534700000,1610571000000,2.549799103302402,-1.0,STOP,2021Q1,False,20,-1.4950765491309141,0.8849941116053143
swing,4,2021,1611234900000,1611235200000,1611237600000,1.1334995356112938,-1.0,STOP,2021Q1,False,20,-1.5505546423855137,0.8807265659703452
swing,0,2021,1611237900000,1611238200000,1611311400000,1.3832314770308638,-1.0,STOP,2021Q1,False,20,-1.5505546423855137,0.8807265659703452
swing,0,2021,1611315000000,1611315300000,1611319800000,1.3088812699228187,-1.0,STOP,2021Q1,False,20,-1.550554642385514,0.8807265659703452
swing,0,2021,1611326400000,1611326700000,1611571500000,1.2710534080849833,1.2710534080849833,TARGET,2021Q1,False,20,-1.5505546423855137,0.8807265659703452
swing,0,2021,1611591600000,1611591900000,1611747300000,1.6398244722356057,-1.0,STOP,2021Q1,False,20,-1.5978898444496283,0.8770853965807979
swing,0,2021,1613013900000,1613014200000,1613063100000,2.4595826757846795,-1.0,STOP,2021Q1,False,20,-2.5629665322564974,0.8028487282879617
swing,0,2021,1613072400000,1613072700000,1613116800000,2.1881776845051295,-1.0,STOP,2021Q1,False,20,-2.5629665322564983,0.8028487282879617
swing,0,2021,1618206000000,1618206300000,1618235400000,2.3973873373398,-1.0,STOP,2021Q2,False,20,-2.346823021644396,0.8194751521812004
swing,5,2021,1618236900000,1618237200000,1618251900000,1.7454337899543242,-1.0,STOP,2021Q2,False,20,-2.346823021644396,0.8194751521812004
swing,5,2021,1619084700000,1619085000000,1619093400000,1.8699633968866196,-1.0,STOP,2021Q2,False,20,-2.346823021644396,0.8194751521812004
swing,0,2021,1619093700000,1619094000000,1619107200000,1.6682007451238323,-1.0,STOP,2021Q2,False,20,-2.346823021644396,0.8194751521812004
swing,0,2021,1619108400000,1619108700000,1619182800000,1.8171531192244788,1.8171531192244788,TARGET,2021Q2,False,20,-2.3468230216443957,0.8194751521812004
swing,5,2021,1619187000000,1619187300000,1619187600000,1.891515191040996,-1.0,STOP,2021Q2,False,20,0.4703300975800828,1.0391941747983402
swing,4,2021,1620198600000,1620198900000,1620217800000,1.9622845133623155,-1.0,STOP,2021Q2,False,20,-0.7330275488111191,0.9389143709324067
swing,5,2021,1621608600000,1621608900000,1621951200000,1.771751641329352,1.771751641329352,TARGET,2021Q2,False,20,-2.432584139202536,0.8128781431382665
swing,4,2021,1622460300000,1622460600000,1622512200000,2.004781169547738,2.0688059335540565,TARGET_GAP,2021Q2,False,20,0.3391675021268159,1.028263958510568
swing,0,2021,1622544600000,1622544900000,1622556000000,2.2257602582794664,-1.0,STOP,2021Q2,False,20,0.9734369437937196,1.0811197453161432
swing,5,2021,1622557500000,1622557800000,1622706300000,1.7653345169605492,-1.0,STOP,2021Q2,False,20,0.9734369437937196,1.0811197453161432
swing,0,2021,1623042900000,1623043200000,1623050100000,2.0938796680497083,-1.0,STOP,2021Q2,False,20,-1.1561795837285582,0.911063108943957
swing,0,2021,1623050700000,1623051000000,1623075900000,2.2771045461064405,2.2771045461064405,TARGET,2021Q2,False,20,-1.1561795837285582,0.911063108943957
swing,5,2021,1623140100000,1623140400000,1623155400000,2.246726843945645,2.246726843945645,TARGET,2021Q2,False,20,2.120924962377882,1.1767437468648234
swing,4,2021,1623160800000,1623161100000,1623310500000,0.6957141161106498,-1.0,STOP,2021Q2,False,20,5.3676518063235275,1.4879683460294115
swing,0,2021,1623312600000,1623312900000,1623326400000,1.4794460320950267,-1.0,STOP,2021Q2,False,20,5.3676518063235275,1.4879683460294115
swing,0,2021,1623327000000,1623327300000,1623328500000,1.32247210908441,1.32247210908441,TARGET,2021Q2,False,20,2.550498687099049,1.212541557258254
swing,0,2021,1623404100000,1623404400000,1623414300000,1.0513836566751154,-1.0,STOP,2021Q2,False,20,4.872970796183458,1.4429973451075873
swing,0,2021,1623414900000,1623415200000,1623417000000,1.2176375799599084,-1.0,STOP,2021Q2,False,20,4.872970796183458,1.4429973451075873
swing,0,2021,1623420900000,1623421200000,1623424800000,2.862346760069964,-1.0,STOP,2021Q2,False,20,2.452195690983171,1.2043496409152643
swing,0,2021,1623642300000,1623642600000,1623653700000,2.68092413362478,-1.0,STOP,2021Q2,False,20,2.452195690983171,1.2043496409152643
swing,0,2021,1623656100000,1623656400000,1623667800000,2.4270543175487482,-1.0,STOP,2021Q2,False,20,0.5590205344860895,1.043001579575853
swing,0,2021,1623668400000,1623668700000,1623673200000,1.747338118524005,-1.0,STOP,2021Q2,False,20,0.5590205344860895,1.043001579575853
swing,0,2021,1623675600000,1623675900000,1623678000000,1.263050462507127,1.263050462507127,TARGET,2021Q2,False,20,0.5590205344860903,1.043001579575853
swing,5,2021,1623767400000,1623767700000,1623774300000,1.7096386748073304,-1.0,STOP,2021Q2,False,20,-0.3500063235494273,0.9730764366500442
swing,0,2021,1623931200000,1623931500000,1623932400000,2.249871848072823,-1.0,STOP,2021Q2,False,20,-0.3500063235494273,0.9730764366500442
swing,0,2021,1623939300000,1623939600000,1623943800000,1.7664112674295585,-1.0,STOP,2021Q2,False,20,-0.3500063235494273,0.9730764366500442
swing,4,2021,1626419100000,1626419400000,1626432300000,1.2459250932502293,-1.0,STOP,2021Q3,False,20,-1.3586992879674225,0.8954846701563521
swing,4,2021,1630915500000,1630915800000,1630931100000,2.0393120393121076,-1.0,STOP,2021Q3,False,20,-1.0598364284404957,0.9116802976299588
swing,0,2021,1630932000000,1630932300000,1630992300000,2.2013548236393463,-1.0,STOP,2021Q3,False,20,-1.0598364284404957,0.9116802976299588
swing,0,2021,1630995600000,1630995900000,1631002500000,1.839361945083638,-1.0,STOP,2021Q3,False,20,-1.0598364284404957,0.9116802976299588
swing,4,2021,1631688000000,1631688300000,1631710200000,1.626921479019419,-1.0,STOP,2021Q3,False,20,0.855905356525837,1.0778095778659853
swing,5,2021,1631711700000,1631712000000,1631719800000,1.3352312224833645,-1.0,STOP,2021Q3,False,20,-0.20639399109067402,0.9828005007424437
swing,0,2021,1631883900000,1631884200000,1631888100000,1.5520733804700964,-1.0,STOP,2021Q3,False,20,-0.2063939910906749,0.9828005007424437
swing,0,2021,1631888400000,1631888700000,1632104400000,1.4556706823327719,-1.0,STOP,2021Q3,False,20,-1.8897619391766152,0.8546336969864142
swing,4,2021,1632313500000,1632313800000,1632333600000,1.4711987287714494,-1.0,STOP_BOTH,2021Q3,False,20,-1.712303808906681,0.8682843223917938
swing,5,2021,1632338100000,1632338400000,1632402300000,0.7297752042564242,-1.0,STOP,2021Q3,False,20,-1.712303808906682,0.8682843223917938
swing,4,2021,1635855000000,1635855300000,1635899100000,0.41969242863459605,-1.0,STOP,2021Q4,False,20,-1.335694154354551,0.9045932746889607
swing,5,2021,1635899700000,1635900000000,1635909000000,1.6336724817638775,-1.0,STOP,2021Q4,False,20,-1.335694154354551,0.9045932746889607
swing,0,2021,1636117200000,1636117500000,1636117800000,0.07181713595594533,0.07181713595594533,TARGET,2021Q4,False,20,-1.335694154354551,0.9045932746889607
swing,4,2021,1636362600000,1636362900000,1636420800000,2.197784212514234,2.197784212514234,TARGET,2021Q4,False,20,-0.263877018398606,0.9797017678154918
swing,5,2021,1636444800000,1636445100000,1636466400000,1.8929521077947413,1.8929521077947413,TARGET,2021Q4,False,20,1.3673575998319731,1.1051813538332287
swing,4,2021,1636530300000,1636530600000,1636551000000,2.2927630036115154,2.2927630036115154,TARGET,2021Q4,False,20,0.8722451653418637,1.067095781949374
swing,0,2021,1636689600000,1636689900000,1636707600000,2.8096672691973925,-1.0,STOP,2021Q4,False,20,4.1650081689533796,1.3470840140794482
swing,5,2021,1637591700000,1637592000000,1637601900000,0.7021778396474845,-1.0,STOP,2021Q4,False,20,4.1650081689533796,1.3470840140794482
swing,0,2021,1637673300000,1637673600000,1637683800000,1.7242448835284643,-1.0,STOP,2021Q4,False,20,4.165008168953379,1.3470840140794482
swing,0,2021,1637684400000,1637684700000,1637912700000,2.7746434413292937,2.7746434413292937,TARGET,2021Q4,False,20,4.1650081689533796,1.3470840140794482
swing,0,2021,1638142200000,1638142500000,1638285000000,0.7243268159158538,0.7243268159158538,TARGET,2021Q4,False,20,4.95634331450575,1.413028609542146
swing,5,2021,1638290700000,1638291000000,1638456900000,1.695969514162402,-1.0,STOP,2021Q4,False,20,6.680670130421603,1.6073336482201461
swing,0,2021,1638467100000,1638467400000,1638556200000,2.5442875481385627,2.5442875481385627,TARGET,2021Q4,False,20,6.680670130421603,1.6073336482201461
swing,4,2021,1638780600000,1638780900000,1638801600000,2.0498365291155993,-1.0,STOP,2021Q4,False,20,10.224957678560166,2.022495767856017
swing,5,2021,1638969300000,1638969600000,1639052100000,1.9816963556137233,-1.0,STOP,2021Q4,False,20,10.224957678560164,2.022495767856017
swing,0,2021,1639124700000,1639125000000,1639143000000,2.0664075476712203,2.0664075476712203,TARGET,2021Q4,False,20,6.080434351988162,1.5527667592716512
swing,4,2021,1639404600000,1639404900000,1639488600000,1.4252685660906748,-1.0,STOP,2021Q4,False,20,9.146841899659382,1.9146841899659386
swing,0,2021,1639552500000,1639552800000,1639592700000,2.748415991112178,-1.0,STOP,2021Q4,False,20,9.146841899659382,1.9146841899659386
swing,5,2021,1639767000000,1639767300000,1639774500000,2.2952147860578567,-1.0,STOP,2021Q4,False,20,9.146841899659382,1.9146841899659386
swing,0,2021,1640002200000,1640002500000,1640012100000,1.913152979795153,-1.0,STOP,2021Q4,False,20,6.048583043380635,1.5498711857618763
swing,0,2021,1640012400000,1640012700000,1640100900000,1.0700198088020272,-1.0,STOP,2021Q4,False,20,2.564981812931366,1.2137484844109474
swing,0,2021,1640103300000,1640103600000,1640188800000,1.800338409475419,1.800338409475419,TARGET,2021Q4,False,20,2.564981812931366,1.2137484844109474
swing,4,2021,1640612100000,1640612400000,1640618100000,0.6105278136339143,0.6105278136339143,TARGET,2021Q4,False,20,5.365320222406785,1.4877563838551624
swing,4,2022,1641199200000,1641199500000,1641215100000,3.0385381001671585,-1.0,STOP,2022Q1,False,20,5.904030900084755,1.5367300818258869
swing,0,2022,1641220500000,1641220800000,1641222600000,1.413035612756509,-1.0,STOP,2022Q1,False,20,2.7062466875705202,1.2255205572975434
swing,0,2022,1641223200000,1641223500000,1641363900000,1.1429384641657778,1.1429384641657778,TARGET,2022Q1,False,20,-0.18670542022422087,0.9856380445981368
swing,0,2022,1641415200000,1641415500000,1641447900000,2.3520576928807313,-1.0,STOP,2022Q1,False,20,-1.3365299596699587,0.8971900031023108
swing,4,2022,1641563100000,1641563400000,1641564600000,0.05894906782846981,0.05894906782846981,TARGET,2022Q1,False,20,-1.3365299596699585,0.8971900031023108
swing,4,2022,1641798900000,1641799200000,1641859800000,2.1832531455370114,2.1832531455370114,TARGET,2022Q1,False,20,-0.2775808918414889,0.9768682590132093
swing,5,2022,1641911100000,1641911400000,1641917400000,2.0085932573724277,2.0085932573724277,TARGET,2022Q1,False,20,2.905672253695523,1.2641520230632295
swing,4,2022,1641975000000,1641975300000,1642008900000,1.7241796461515078,1.7241796461515078,TARGET,2022Q1,False,20,2.1396220697386563,1.1945110972489688
swing,4,2022,1642058400000,1642058700000,1642063200000,1.6523922678935277,-1.0,STOP,2022Q1,False,20,3.1394748999743105,1.2854068090885737
swing,5,2022,1642065300000,1642065600000,1642087800000,1.7725719863346883,-1.0,STOP,2022Q1,False,20,3.13947489997431,1.2854068090885737
swing,5,2022,1642088100000,1642088400000,1642089600000,2.3143607705779923,-1.0,STOP,2022Q1,False,20,-0.4048126481642522,0.966265612652979
swing,0,2022,1642090200000,1642090500000,1642130100000,1.527109636592594,1.527109636592594,TARGET,2022Q1,False,20,-0.4048126481642522,0.966265612652979
swing,0,2022,1642165200000,1642165500000,1642180200000,1.267444510277511,-1.0,STOP,2022Q1,False,20,2.1222969884283422,1.192936089857122
swing,4,2022,1642681800000,1642682100000,1642691100000,1.6736017292623264,1.6736017292623264,TARGET,2022Q1,False,20,-0.9441105592428789,0.9213241200630935
swing,4,2022,1643105400000,1643105700000,1643121900000,2.0793014511667978,2.0793014511667978,TARGET,2022Q1,False,20,1.729491170019448,1.157226470001768
swing,4,2022,1643199000000,1643199300000,1643206500000,1.6316695352840802,-1.0,STOP,2022Q1,False,20,4.808792621186246,1.4808792621186246
swing,0,2022,1643230200000,1643230500000,1643271300000,2.096603549710803,-1.0,STOP,2022Q1,False,20,4.808792621186246,1.4808792621186246
swing,0,2022,1643271600000,1643271900000,1643290200000,2.317859831303427,-1.0,STOP,2022Q1,False,20,4.808792621186246,1.4808792621186246
swing,0,2022,1643292000000,1643292300000,1643300400000,2.04399855163335,-1.0,STOP,2022Q1,False,20,4.808792621186246,1.4808792621186246
swing,0,2022,1643368800000,1643369100000,1643373000000,1.5504656139741624,1.5504656139741624,TARGET,2022Q1,False,20,2.008454211710828,1.1825867465191662
swing,0,2022,1643774400000,1643774700000,1643899500000,3.1354274460059344,-1.0,STOP,2022Q1,False,20,2.948392012051076,1.2680356374591886
swing,0,2022,1643900400000,1643900700000,1643901000000,0.9167143001244116,0.9167143001244116,TARGET,2022Q1,False,20,2.948392012051076,1.2680356374591886
swing,5,2022,1644415500000,1644415800000,1644424800000,1.2829531051964351,1.2829531051964351,TARGET,2022Q1,False,20,4.865106312175487,1.4865106312175487
swing,5,2022,1644482700000,1644483000000,1644499800000,1.7423246423912266,-1.0,STOP,2022Q1,False,20,5.005120953206145,1.5005120953206144
swing,5,2022,1644554100000,1644554400000,1644604200000,2.8452506751204085,2.8452506751204085,TARGET,2022Q1,False,20,5.005120953206145,1.5005120953206144
swing,0,2022,1644917700000,1644918000000,1644927600000,1.9465644937823883,-1.0,STOP,2022Q1,False,20,7.791422560498083,1.7791422560498085
swing,0,2022,1645527300000,1645527600000,1645670700000,2.3784272916478013,2.3784272916478013,TARGET,2022Q1,False,20,4.608169414961072,1.4189244922691884
swing,0,2022,1645798200000,1645798500000,1646002800000,2.1483175976375914,2.1483175976375914,TARGET,2022Q1,False,20,4.978003449236445,1.452545768112404
swing,5,2022,1646876100000,1646876400000,1647256800000,2.7464120438170143,-1.0,STOP,2022Q1,False,20,5.402141400722528,1.491103763702048
swing,4,2022,1647342600000,1647342900000,1647353400000,2.0344258400129984,-1.0,STOP,2022Q1,False,20,5.402141400722528,1.491103763702048
swing,0,2022,1647355500000,1647355800000,1647454500000,1.474870545233038,-1.0,STOP,2022Q1,False,20,5.402141400722528,1.491103763702048
swing,0,2022,1647455700000,1647456000000,1647458100000,1.1214655139057987,1.1214655139057987,TARGET,2022Q1,False,20,5.4021414007225275,1.491103763702048
swing,5,2022,1647574200000,1647574500000,1647609600000,2.745847250857571,-1.0,STOP,2022Q1,False,20,4.996497278035733,1.4542270252759757
swing,5,2022,1647610200000,1647610500000,1647957600000,0.6341327006950127,-1.0,STOP,2022Q1,False,20,4.996497278035733,1.4542270252759757
swing,0,2022,1647962700000,1647963000000,1648030800000,2.400161122251567,2.400161122251567,TARGET,2022Q1,False,20,2.322895548773406,1.1935746290644507
swing,5,2022,1648190700000,1648191000000,1648204800000,2.490258957419166,-1.0,STOP,2022Q1,False,20,2.6437552198581757,1.2203129349881812
swing,4,2022,1648215900000,1648216200000,1648222200000,0.994888195327455,0.994888195327455,TARGET,2022Q1,False,20,2.6437552198581757,1.2203129349881812
swing,0,2022,1648442700000,1648443000000,1648446600000,2.739770867430415,-1.0,STOP,2022Q1,False,20,4.638643415185631,1.4216948559259663
swing,0,2022,1648452600000,1648452900000,1648458000000,2.365038091327963,-1.0,STOP,2022Q1,False,20,4.638643415185631,1.4216948559259663
swing,0,2022,1648459200000,1648459500000,1648496400000,1.8636031047982609,-1.0,STOP,2022Q1,False,20,4.638643415185631,1.4216948559259663
swing,0,2022,1648497600000,1648497900000,1648554300000,2.39064062310926,-1.0,STOP,2022Q1,False,20,2.0881778012114687,1.1740148167676223
swing,0,2022,1648703100000,1648703400000,1648732200000,2.3108937742235205,2.3108937742235205,TARGET,2022Q1,False,20,2.0881778012114687,1.1740148167676223
swing,5,2022,1648797600000,1648797900000,1648812900000,2.138670276714145,-1.0,STOP,2022Q2,False,20,3.482357275310578,1.2901964396092147
swing,0,2022,1648813500000,1648813800000,1648823400000,1.6147524554018748,-1.0,STOP,2022Q2,False,20,1.1994041701141422,1.0922618592395497
swing,4,2022,1648824300000,1648824600000,1649165400000,1.0811710242343593,1.0811710242343593,TARGET,2022Q2,False,20,1.1994041701141422,1.0922618592395497
swing,5,2022,1649174700000,1649175000000,1649426700000,1.9139948825654078,1.9139948825654078,TARGET,2022Q2,False,20,-0.564675480771907,0.9565634245560072
swing,4,2022,1650348300000,1650348600000,1650372300000,2.475145803561126,-1.0,STOP,2022Q2,False,20,2.349319401793501,1.195776616816125
swing,0,2022,1650374400000,1650374700000,1650378900000,1.1854357767496204,-1.0,STOP,2022Q2,False,20,-1.0291078898543,0.9208378546265923
swing,5,2022,1651760100000,1651760400000,1651763100000,1.1691709555601406,-1.0,STOP,2022Q2,False,20,-1.12727951855324,0.9132861908805199
swing,5,2022,1653056100000,1653056400000,1653256800000,2.046448484848538,2.046448484848538,TARGET,2022Q2,False,20,-1.7496188577209173,0.8654139340214678
swing,0,2022,1653323100000,1653323400000,1653400500000,2.3155565302338927,2.3155565302338927,TARGET,2022Q2,False,20,1.2968296271276207,1.1080691355939685
swing,4,2022,1653868500000,1653868800000,1654005900000,2.5156297605264735,-1.0,STOP,2022Q2,False,20,2.9211700927440503,1.2434308410620043
swing,5,2022,1654248600000,1654248900000,1654259400000,2.7492778740612533,-1.0,STOP,2022Q2,False,20,2.9211700927440503,1.2434308410620043
swing,5,2022,1654260600000,1654260900000,1654269600000,1.2555576268816462,-1.0,STOP,2022Q2,False,20,0.5937778028854175,1.0456752156065705
swing,5,2022,1654270200000,1654270500000,1654277100000,2.4546255506606856,-1.0,STOP,2022Q2,False,20,0.5937778028854175,1.0456752156065705
swing,0,2022,1654277700000,1654278000000,1654528200000,2.96965579710147,-1.0,STOP,2022Q2,False,20,0.5937778028854179,1.0456752156065705
swing,0,2022,1654529400000,1654529700000,1654558800000,1.8923920493488815,-1.0,STOP,2022Q2,False,20,0.5937778028854179,1.0456752156065705
swing,0,2022,1654559700000,1654560000000,1654599300000,2.4957239967838207,2.4957239967838207,TARGET,2022Q2,False,20,-2.5445459246335553,0.8182467196690318
swing,0,2022,1654661700000,1654662000000,1654783800000,2.5755434860491473,-1.0,STOP,2022Q2,False,20,-2.4585506462781384,0.8243892395515616
swing,5,2022,1655125200000,1655125500000,1655126400000,2.170140027971062,-1.0,STOP,2022Q2,False,20,-2.458550646278138,0.8243892395515616
swing,0,2022,1655148900000,1655149200000,1655157600000,2.736307447524688,-1.0,STOP,2022Q2,False,20,-2.4585506462781375,0.8243892395515616
swing,5,2022,1655745600000,1655745900000,1655809500000,3.398779477134189,-1.0,STOP,2022Q2,False,20,-2.458550646278138,0.8243892395515616
swing,4,2022,1655812500000,1655812800000,1655857800000,1.7910204643480145,-1.0,STOP,2022Q2,False,20,-2.458550646278138,0.8243892395515616
swing,5,2022,1655864400000,1655864700000,1655901900000,2.955069846301211,2.955069846301211,TARGET,2022Q2,False,20,-2.4585506462781384,0.8243892395515616
swing,0,2022,1656415500000,1656415800000,1656484200000,1.2782436585239234,-1.0,STOP,2022Q2,False,20,-0.7922676001865949,0.943409457129529
swing,0,2022,1656672300000,1656672600000,1656675600000,2.2303681466265695,-1.0,STOP,2022Q3,False,20,-0.7922676001865958,0.943409457129529
swing,0,2022,1657103100000,1657103400000,1657115400000,2.3936894944424103,-1.0,STOP,2022Q3,False,20,-2.1285295463727283,0.8580980302418181
swing,0,2022,1657115700000,1657116000000,1657118400000,1.3316842168966387,-1.0,STOP,2022Q3,False,20,-2.128529546372729,0.8580980302418181
swing,0,2022,1657120800000,1657121100000,1657563900000,2.3165448831724027,-0.5447295023396181,864BAR_TIMEOUT,2022Q3,False,20,-2.1285295463727287,0.8580980302418181
swing,0,2022,1660183800000,1660184100000,1660556700000,2.596725693284364,-1.0,STOP,2022Q3,False,20,0.29636499329060007,1.0246970827742168
swing,5,2022,1660920300000,1660920600000,1661151600000,1.9607533453770738,-1.0,STOP,2022Q3,False,20,0.29636499329060007,1.0246970827742168
swing,4,2022,1661258100000,1661258400000,1661262300000,1.3654492023510698,1.3654492023510698,TARGET,2022Q3,False,20,-0.9784047140371639,0.9247380989202182
swing,4,2022,1661341200000,1661341500000,1661354100000,1.6382339256297063,1.6382339256297063,TARGET,2022Q3,False,20,1.387044488313906,1.1155870406928254
swing,5,2022,1661479500000,1661479800000,1661508000000,2.6969989187925303,-1.0,STOP,2022Q3,False,20,4.025278413943612,1.365934401267601
swing,0,2022,1661514600000,1661514900000,1661523000000,2.471935930794554,2.471935930794554,TARGET,2022Q3,False,20,4.025278413943612,1.365934401267601
swing,5,2022,1661527500000,1661527800000,1661736000000,2.2649418886889507,-1.0,STOP,2022Q3,False,20,5.048563519123938,1.458960319920358
swing,0,2022,1661738700000,1661739000000,1661934000000,3.0582218159784667,-1.0,STOP,2022Q3,False,20,5.048563519123938,1.458960319920358
swing,0,2022,1661940300000,1661940600000,1661956200000,1.9497332210053435,1.9497332210053435,TARGET,2022Q3,False,20,5.048563519123938,1.458960319920358
swing,0,2022,1661976600000,1661976900000,1661995800000,2.946045690221083,-1.0,STOP,2022Q3,False,20,7.998296740129282,1.799829674012928
swing,5,2022,1662020700000,1662021000000,1662036000000,1.9615021656543414,-1.0,STOP,2022Q3,False,20,5.146859733964472,1.4678963394513156
swing,0,2022,1662036600000,1662036900000,1662043200000,1.28881096589098,-1.0,STOP,2022Q3,False,20,5.146859733964472,1.4678963394513156
swing,0,2022,1662043800000,1662044100000,1662112800000,2.327016895188216,2.327016895188216,TARGET,2022Q3,False,20,3.285995104882552,1.2738329254068794
swing,5,2022,1662470100000,1662470400000,1662483300000,2.160581992925406,-1.0,STOP,2022Q3,False,20,4.093977990574999,1.3411648325479166
swing,0,2022,1662525000000,1662525300000,1662560700000,2.3223533016700713,2.3223533016700713,TARGET,2022Q3,False,20,4.093977990574999,1.3411648325479166
swing,5,2022,1662643200000,1662643500000,1662647100000,1.801237541920571,-1.0,STOP,2022Q3,False,20,4.685716882911973,1.3904764069093314
swing,5,2022,1662648600000,1662648900000,1662704100000,1.8182072878179545,1.8182072878179545,TARGET,2022Q3,False,20,4.685716882911974,1.3904764069093314
swing,5,2022,1663033500000,1663033800000,1663072200000,2.801165498199553,-1.0,STOP,2022Q3,False,20,7.5039241707299285,1.6821749246118118
swing,5,2022,1663075200000,1663075500000,1663210800000,1.3948947922506119,-1.0,STOP,2022Q3,False,20,3.985698858369763,1.3321415715308136
swing,4,2022,1663245600000,1663245900000,1663253100000,0.7900976654306267,-1.0,STOP,2022Q3,False,20,3.985698858369764,1.3321415715308136
swing,0,2022,1663255500000,1663255800000,1663314600000,1.312109920105515,-1.0,STOP,2022Q3,False,20,3.985698858369763,1.3321415715308136
swing,4,2022,1663667700000,1663668000000,1663680600000,2.555366606679953,-1.0,STOP,2022Q3,False,20,3.985698858369764,1.3321415715308136
swing,0,2022,1663681500000,1663681800000,1663741200000,1.248733088897612,1.248733088897612,TARGET,2022Q3,False,20,0.8929297644569152,1.0686869049582244
swing,0,2022,1664347200000,1664347500000,1664349600000,1.8202798372261209,-1.0,STOP,2022Q3,False,20,0.7762136510034576,1.0597087423848814
swing,0,2022,1664349900000,1664350200000,1664360400000,1.4005779551396775,1.4005779551396775,TARGET,2022Q3,False,20,-1.8620202746262486,0.8669985518124109
swing,5,2022,1664429100000,1664429400000,1664430000000,3.197974425710155,-1.0,STOP,2022Q3,False,20,0.5385576805134289,1.0414275138856486
swing,4,2022,1664560500000,1664560800000,1664806800000,2.640999642132867,2.640999642132867,TARGET,2022Q3,False,20,0.7362807254094463,1.05663697887765
swing,0,2022,1664946000000,1664946300000,1664957400000,2.2315850108519437,-1.0,STOP,2022Q4,False,20,4.377280367542314,1.3647733639618593
swing,5,2022,1664958600000,1664958900000,1664964600000,1.7233352131426192,-1.0,STOP,2022Q4,False,20,1.4275471465369698,1.1098113189643823
swing,4,2022,1666224600000,1666224900000,1666277400000,2.281901956846697,2.281901956846697,TARGET,2022Q4,False,20,1.4275471465369698,1.1098113189643823
swing,0,2022,1666294800000,1666295100000,1666336200000,2.87956508561903,-1.0,STOP,2022Q4,False,20,4.709449103383667,1.3924540919486388
swing,0,2022,1666336800000,1666337100000,1666356900000,0.4103517249924882,0.4103517249924882,TARGET,2022Q4,False,20,4.709449103383667,1.3924540919486388
swing,5,2022,1666596600000,1666596900000,1666600800000,2.7599262547506616,-1.0,STOP,2022Q4,False,20,2.7927839331879394,1.232731994432328
swing,5,2022,1666684800000,1666685100000,1666691100000,2.044129508007787,-1.0,STOP,2022Q4,False,20,2.79278393318794,1.232731994432328
swing,5,2022,1666854300000,1666854600000,1666873500000,1.8665102153505926,-1.0,STOP,2022Q4,False,20,-0.5295693684821319,0.9592638947321437
swing,0,2022,1666943400000,1666943700000,1666948500000,2.5261949032046584,-1.0,STOP,2022Q4,False,20,-0.5295693684821319,0.9592638947321437
swing,5,2022,1667806200000,1667806500000,1667919900000,2.94218925898961,2.94218925898961,TARGET,2022Q4,False,20,-1.690062869161593,0.8792812236313148
swing,5,2022,1667990100000,1667990400000,1668006300000,1.494220299798686,1.494220299798686,TARGET,2022Q4,False,20,2.252126389828017,1.1732404915252321
swing,0,2022,1668024000000,1668024300000,1668087000000,2.4597064209737307,2.4597064209737307,TARGET,2022Q4,False,20,2.3457687344870255,1.1804437488066943
swing,0,2022,1668405900000,1668406200000,1668497400000,1.9401378846477413,1.9401378846477413,TARGET,2022Q4,False,20,5.805475155460757,1.4837895962883962
swing,0,2022,1669363800000,1669364100000,1669382400000,1.8563164717526386,-1.0,STOP,2022Q4,False,20,5.075954064417926,1.4229961720348274
swing,5,2022,1669384200000,1669384500000,1669625400000,2.020623905571021,2.020623905571021,TARGET,2022Q4,False,20,1.4349544222850588,1.110381109406543
swing,0,2022,1669652700000,1669653000000,1669800900000,2.7854913520309084,2.7854913520309084,TARGET,2022Q4,False,20,4.455578327856079,1.3712981939880067
swing,0,2022,1670263800000,1670264100000,1670438700000,2.7039990490248096,2.7039990490248096,TARGET,2022Q4,False,20,8.241069679886987,1.7491881527169992
swing,0,2022,1670810100000,1670810400000,1670859300000,3.2934605851940093,-1.0,STOP,2022Q4,False,20,8.6631667720651,1.7875606156422819
swing,0,2022,1670860200000,1670860500000,1670869800000,1.6360864686328496,-1.0,STOP,2022Q4,False,20,8.6631667720651,1.7875606156422819
swing,0,2022,1670870400000,1670870700000,1670938200000,3.2994636518586185,3.2994636518586185,TARGET,2022Q4,False,20,7.2528150470726125,1.6044012539227177
swing,4,2022,1671005400000,1671005700000,1671044400000,1.7718855218854148,-1.0,STOP,2022Q4,False,20,11.55227869893123,2.050207154448294
swing,0,2022,1671074100000,1671074400000,1671091500000,2.5809795442696197,-1.0,STOP,2022Q4,False,20,11.55227869893123,2.050207154448294
swing,4,2022,1671605700000,1671606000000,1671716700000,2.319871913999368,-1.0,STOP,2022Q4,False,20,11.55227869893123,2.050207154448294
swing,0,2022,1671720300000,1671720600000,1671722400000,2.0593508573032118,-1.0,STOP,2022Q4,False,20,11.55227869893123,2.050207154448294
swing,0,2022,1671735000000,1671735300000,1672097400000,2.550593895654754,2.550593895654754,TARGET,2022Q4,False,20,11.552278698931232,2.050207154448294
swing,0,2022,1672221900000,1672222200000,1672324800000,1.6976696380183818,1.6976696380183818,TARGET,2022Q4,False,20,15.102872594585985,2.5102872594585985
swing,4,2022,1672396800000,1672397100000,1672409100000,1.4155870309458167,1.4155870309458167,TARGET,2022Q4,False,20,17.800542232604368,2.97783802584493
swing,5,2023,1672760700000,1672761000000,1672817400000,1.643792631496978,1.643792631496978,TARGET,2023Q1,False,20,20.216129263550183,3.527016157943773
swing,0,2023,1672927800000,1672928100000,1672932600000,1.625740849578329,-1.0,STOP,2023Q1,False,20,22.85992189504716,4.265703127863881
swing,0,2023,1672934400000,1672934700000,1673012400000,1.9682956641890959,1.9682956641890959,TARGET,2023Q1,False,20,18.953475019011055,3.369184377376382
swing,5,2023,1674483300000,1674483600000,1674523800000,1.7956834013065122,1.7956834013065122,TARGET,2023Q1,False,20,17.979581424210544,3.247447678026318
swing,0,2023,1674573000000,1674573300000,1674575100000,0.46392884492954206,0.46392884492954206,TARGET,2023Q1,False,20,18.281044525718368,3.285130565714796
swing,5,2023,1674642000000,1674642300000,1674659100000,2.4344349347161036,2.4344349347161036,TARGET,2023Q1,False,20,16.285266949674178,3.035658368709272
swing,5,2023,1674726600000,1674726900000,1674744300000,1.9688301035579212,-1.0,STOP,2023Q1,False,20,16.779563999742543,3.097445499967818
swing,5,2023,1675239300000,1675239600000,1675271400000,2.41588102509628,-1.0,STOP,2023Q1,False,20,16.779563999742543,3.097445499967818
swing,5,2023,1675272000000,1675272300000,1675280400000,1.5451526686644141,1.5451526686644141,TARGET,2023Q1,False,20,13.75894009417152,2.5287711215746134
swing,5,2023,1675346700000,1675347000000,1675348800000,1.9413091304067824,-1.0,STOP,2023Q1,False,20,12.518601410805026,2.3909557123116696
swing,0,2023,1675350900000,1675351200000,1675409700000,1.123782697387203,-1.0,STOP,2023Q1,False,20,8.814602361780217,1.8814602361780217
swing,0,2023,1675420800000,1675421100000,1675431000000,2.776096845411757,-1.0,STOP,2023Q1,False,20,8.814602361780217,1.8814602361780217
swing,0,2023,1675437300000,1675437600000,1675447200000,1.3184460267031632,-1.0,STOP,2023Q1,False,20,8.814602361780217,1.8814602361780217
swing,4,2023,1676468400000,1676468700000,1676599200000,1.490846577901208,-1.0,STOP,2023Q1,False,20,4.515138709921599,1.410467155447418
swing,4,2023,1676963400000,1676963700000,1676965500000,1.940926605782829,-1.0,STOP,2023Q1,False,20,4.515138709921599,1.410467155447418
swing,0,2023,1676965800000,1676966100000,1676982000000,1.8672425013309586,-1.0,STOP,2023Q1,False,20,4.515138709921599,1.410467155447418
swing,5,2023,1676982600000,1676982900000,1676990100000,2.4961592556528576,2.4961592556528576,TARGET,2023Q1,False,20,4.515138709921599,1.410467155447418
swing,4,2023,1677062700000,1677063000000,1677069000000,1.820793092951863,1.820793092951863,TARGET,2023Q1,False,20,8.011297965574457,1.8011297965574458
swing,4,2023,1677078900000,1677079200000,1677093300000,1.7721447683424363,-1.0,STOP,2023Q1,False,20,7.281497162871565,1.7281497162871564
swing,0,2023,1677096600000,1677096900000,1677159600000,2.641192614054712,-1.0,STOP,2023Q1,False,20,4.5838275248531835,1.4167115931684713
swing,0,2023,1677246600000,1677246900000,1677469200000,0.9615794826003959,-1.0,STOP,2023Q1,False,20,2.1682404939073665,1.1806867078256138
swing,5,2023,1678130400000,1678130700000,1678189500000,2.755298870522562,-1.0,STOP,2023Q1,False,20,-0.47555213758961123,0.9634190663392607
swing,0,2023,1678191000000,1678191300000,1678194600000,2.7857157099276835,-1.0,STOP,2023Q1,False,20,-0.47555213758961123,0.9634190663392607
swing,0,2023,1679679900000,1679680200000,1679897400000,2.3347712451470684,-1.0,STOP,2023Q1,False,20,-0.7033478155646877,0.9497608703168081
swing,4,2023,1680252600000,1680252900000,1680265800000,2.1056905158070878,2.1056905158070878,TARGET,2023Q1,False,20,-0.9285678816476537,0.9336737227394533
swing,0,2023,1680285600000,1680285900000,1680473400000,2.517673036375338,-1.0,STOP,2023Q1,False,20,-0.36803003450497984,0.9737121403925014
swing,0,2023,1680474300000,1680474600000,1680490500000,2.0520650849607494,-1.0,STOP,2023Q2,False,20,-0.36803003450497984,0.9737121403925014
swing,4,2023,1680590100000,1680590400000,1680615600000,1.5419096766313112,1.5419096766313112,TARGET,2023Q2,False,20,-0.36803003450497984,0.9737121403925014
swing,5,2023,1680704100000,1680704400000,1680705000000,1.0035393589827857,-1.0,STOP,2023Q2,False,20,2.173879642126331,1.1672215109327948
swing,0,2023,1680749400000,1680749700000,1680789300000,2.392282958199319,-1.0,STOP,2023Q2,False,20,2.173879642126331,1.1672215109327948
swing,0,2023,1680790200000,1680790500000,1681077900000,1.1442937057041818,-1.0,STOP,2023Q2,False,20,2.173879642126331,1.1672215109327948
swing,0,2023,1681078200000,1681078500000,1681131600000,1.1382885778810778,-1.0,STOP,2023Q2,False,20,2.173879642126331,1.1672215109327948
swing,0,2023,1681132200000,1681132500000,1681137300000,1.644752783929965,-1.0,STOP,2023Q2,False,20,2.1738796421263302,1.1672215109327948
swing,0,2023,1681138500000,1681138800000,1681198500000,1.3830611064133267,1.3830611064133267,TARGET,2023Q2,False,20,-1.3222796135265282,0.9055514561766767
swing,5,2023,1681308000000,1681308300000,1681371000000,1.0862861292357129,1.0862861292357129,TARGET,2023Q2,False,20,-1.7600116000650639,0.8742848857096384
swing,5,2023,1681458600000,1681458900000,1681460400000,1.8545887961859058,-1.0,STOP,2023Q2,False,20,0.3262745291706486,1.0250980407054346
swing,0,2023,1681743900000,1681744200000,1681802700000,1.021446976341298,1.021446976341298,TARGET,2023Q2,False,20,0.32627452917064903,1.0250980407054346
swing,5,2023,1681825500000,1681825800000,1681826700000,0.8165747515561969,0.8165747515561969,TARGET,2023Q2,False,20,2.3477215055119465,1.1956434587926623
swing,0,2023,1683794400000,1683794700000,1683804000000,1.9136341581756624,1.9136341581756624,TARGET,2023Q2,False,20,4.164296257068144,1.3785723870061948
swing,5,2023,1683813600000,1683813900000,1683884100000,2.0435517201045275,-1.0,STOP,2023Q2,False,20,7.077930415243806,1.7077930415243805
swing,0,2023,1683885600000,1683885900000,1683895200000,1.5886558289880666,1.5886558289880666,TARGET,2023Q2,False,20,3.675807716216328,1.334164337837848
swing,5,2023,1684239600000,1684239900000,1684241100000,1.5303895981754518,1.5303895981754518,TARGET,2023Q2,False,20,2.6664740117817995,1.2424067283438
swing,0,2023,1684318500000,1684318800000,1684330800000,1.1193060706497298,-1.0,STOP,2023Q2,False,20,5.196863609957251,1.5196863609957254
swing,0,2023,1684332600000,1684332900000,1684413000000,0.8813387423935033,-1.0,STOP,2023Q2,False,20,5.196863609957251,1.5196863609957254
swing,0,2023,1684417200000,1684417500000,1684422000000,1.5329594289460344,-1.0,STOP,2023Q2,False,20,1.9876487413241142,1.1806953401203741
swing,0,2023,1684423500000,1684423800000,1684509300000,2.0950024740227966,2.0950024740227966,TARGET,2023Q2,False,20,-1.1180417744829736,0.9068298521264189
swing,4,2023,1685601600000,1685601900000,1685603700000,2.582387235348253,-1.0,STOP,2023Q2,False,20,1.9769606995398235,1.1797236999581657
swing,0,2023,1685609100000,1685609400000,1685616300000,2.4109916367980824,2.4109916367980824,TARGET,2023Q2,False,20,1.976960699539823,1.1797236999581657
swing,0,2023,1685942400000,1685942700000,1685951400000,2.8795476304451673,-1.0,STOP,2023Q2,False,20,2.846042659706595,1.2587311508824177
swing,0,2023,1685952300000,1685952600000,1685973600000,1.8864784546805953,1.8864784546805953,TARGET,2023Q2,False,20,2.8460426597065944,1.2587311508824177
swing,4,2023,1686037500000,1686037800000,1686145800000,2.330358781045047,2.330358781045047,TARGET,2023Q2,False,20,5.73252111438719,1.573252111438719
swing,0,2023,1686537600000,1686537900000,1686577800000,2.734160627940118,-1.0,STOP,2023Q2,False,20,9.062879895432236,2.006986655048026
swing,0,2023,1686578400000,1686578700000,1686653700000,1.3236972714535826,1.3236972714535826,TARGET,2023Q2,False,20,9.062879895432236,2.006986655048026
swing,4,2023,1687157100000,1687157400000,1687168200000,2.7740348785214164,-1.0,STOP,2023Q2,False,20,11.386577166885818,2.4233221458607273
swing,0,2023,1687169400000,1687169700000,1687225800000,2.700821404288867,-1.0,STOP,2023Q2,False,20,9.003516060472492,2.0003906733858323
swing,0,2023,1687226700000,1687227000000,1687266300000,1.7141466787896253,-1.0,STOP,2023Q2,False,20,6.917229931236779,1.691722993123678
swing,0,2023,1687270200000,1687270500000,1687354500000,2.028850469470846,-1.0,STOP,2023Q2,False,20,6.917229931236779,1.691722993123678
swing,0,2023,1687355100000,1687355400000,1687357800000,0.5403227439308431,0.5403227439308431,TARGET,2023Q2,False,20,4.8957829548954805,1.445071177717771
swing,0,2023,1687948800000,1687949100000,1687959900000,2.0355180708578593,-1.0,STOP,2023Q2,False,20,4.619530947270127,1.419957358842739
swing,4,2023,1688010600000,1688010900000,1688042100000,2.178714883659114,-1.0,STOP,2023Q2,False,20,1.7058967890944645,1.142158065757872
swing,5,2023,1688106300000,1688106600000,1688113800000,1.9870117503666422,-1.0,STOP,2023Q2,False,20,1.7058967890944645,1.142158065757872
swing,5,2023,1688114700000,1688115000000,1688128200000,2.3183271010465103,2.3183271010465103,TARGET,2023Q2,False,20,-0.8827590398936023,0.9320954584697231
swing,5,2023,1688366700000,1688367000000,1688372100000,2.5673253874069326,-1.0,STOP,2023Q3,False,20,-0.09482153702254292,0.9927060356136506
swing,5,2023,1688372400000,1688372700000,1688388900000,2.123774014344842,2.123774014344842,TARGET,2023Q3,False,20,-0.09482153702254248,0.9927060356136506
swing,4,2023,1688523600000,1688523900000,1688539200000,2.9279988514272652,-1.0,STOP,2023Q3,False,20,3.0289524773222993,1.2524127064435249
swing,5,2023,1688540100000,1688540400000,1688551200000,2.1154473957558055,2.1154473957558055,TARGET,2023Q3,False,20,3.0289524773222993,1.2524127064435249
swing,4,2023,1688568900000,1688569200000,1688583900000,1.4546491612259482,-1.0,STOP,2023Q3,False,20,3.049397399055308,1.2541164499212758
swing,5,2023,1688648100000,1688648400000,1688650500000,1.179190751445144,1.179190751445144,TARGET,2023Q3,False,20,3.0493973990553087,1.2541164499212758
swing,5,2023,1688966400000,1688966700000,1688992500000,3.1710338256311243,-1.0,STOP,2023Q3,False,20,1.8175965137023697,1.1514663761418642
swing,0,2023,1688994300000,1688994600000,1688997000000,0.916270345036724,0.916270345036724,TARGET,2023Q3,False,20,1.8175965137023695,1.1514663761418642
swing,4,2023,1689602100000,1689602400000,1689652800000,1.196910620364701,1.196910620364701,TARGET,2023Q3,False,20,0.847388404058498,1.0706157003382082
swing,4,2023,1689766800000,1689767100000,1689816600000,2.2668691403671284,2.2668691403671284,TARGET,2023Q3,False,20,-0.28605975662184746,0.9761616869481795
swing,5,2023,1689946200000,1689946500000,1690222200000,1.1798482359384148,-1.0,STOP,2023Q3,False,20,2.9808093837452807,1.270982671249571
swing,4,2023,1691394000000,1691394300000,1691416800000,2.1750100610662697,-1.0,STOP,2023Q3,False,20,0.6571121122916981,1.054759342690975
swing,5,2023,1691417100000,1691417400000,1691495400000,1.7775032429427735,-1.0,STOP,2023Q3,False,20,0.6571121122916983,1.054759342690975
swing,0,2023,1692088500000,1692088800000,1692102600000,2.1628882711466195,-1.0,STOP,2023Q3,False,20,0.6571121122916979,1.054759342690975
swing,4,2023,1692103500000,1692103800000,1692105000000,0.08112906089117532,0.08112906089117532,TARGET,2023Q3,False,20,0.6571121122916974,1.054759342690975
swing,0,2023,1692190800000,1692191100000,1692206700000,1.6109626820649023,-1.0,STOP,2023Q3,False,20,1.7382411731828726,1.1580219248348067
swing,0,2023,1692209700000,1692210000000,1692215400000,1.8051384627859453,-1.0,STOP,2023Q3,False,20,0.19791842925203018,1.0164932024376692
swing,4,2023,1693226400000,1693226700000,1693236000000,0.7855776180959888,0.7855776180959888,TARGET,2023Q3,False,20,0.1979184292520304,1.0164932024376692
swing,0,2023,1693312200000,1693312500000,1693317600000,1.707361008761105,1.707361008761105,TARGET,2023Q3,False,20,1.9834960473480192,1.1803178224861837
swing,5,2023,1693529400000,1693529700000,1693571400000,3.4512841794624127,3.4512841794624127,TARGET,2023Q3,False,20,4.690857056109125,1.4690857056109123
swing,5,2023,1693579200000,1693579500000,1693905900000,1.235885942699696,-1.0,STOP,2023Q3,False,20,5.823814134525026,1.5823814134525027
swing,0,2023,1693918200000,1693918500000,1693923300000,0.38710915721453937,-1.0,STOP,2023Q3,False,20,5.823814134525026,1.5823814134525027
swing,0,2023,1693925400000,1693925700000,1694005200000,2.409343715239075,-1.0,STOP,2023Q3,False,20,2.7000401201801845,1.2454581927436532
swing,5,2023,1694007000000,1694007300000,1694010300000,1.461190773067346,-1.0,STOP,2023Q3,False,20,2.7000401201801854,1.2454581927436532
swing,5,2023,1694011800000,1694012100000,1694137800000,1.4560043767666782,1.4560043767666782,TARGET,2023Q3,False,20,-0.41540727557562107,0.9653827270353649
swing,4,2023,1694387100000,1694387400000,1694415900000,2.259938075043707,2.259938075043707,TARGET,2023Q3,False,20,2.0405971011910573,1.1855088273810053
swing,0,2023,1695711900000,1695712200000,1695731700000,1.436856507274105,-1.0,STOP,2023Q3,False,20,3.12134442478962,1.2837585840717836
swing,0,2023,1695735600000,1695735900000,1695740700000,1.78176114721041,-1.0,STOP,2023Q3,False,20,3.121344424789621,1.2837585840717836
swing,0,2023,1695744600000,1695744900000,1695789000000,2.460969684166049,-1.0,STOP,2023Q3,False,20,1.2050740797528956,1.1004228399794078
swing,4,2023,1695909600000,1695909900000,1695911700000,1.2396543371227153,-1.0,STOP,2023Q3,False,20,-0.9918365406118048,0.9237048814913996
swing,0,2023,1696002300000,1696002600000,1696011600000,2.451413950682057,-1.0,STOP,2023Q3,False,20,-1.5882262261942903,0.8778287518312085
swing,0,2023,1696226400000,1696226700000,1696238700000,2.255974900802783,-1.0,STOP,2023Q4,False,20,-1.5882262261942908,0.8778287518312085
swing,5,2023,1696239600000,1696239900000,1696257600000,1.5702257655911764,-1.0,STOP,2023Q4,False,20,-1.5882262261942908,0.8778287518312085
swing,0,2023,1696289400000,1696289700000,1696300200000,2.0306458690022287,-1.0,STOP,2023Q4,False,20,-1.5882262261942908,0.8778287518312085
swing,0,2023,1696301100000,1696301400000,1696572600000,2.0776540347409225,0.41905811699418444,864BAR_TIMEOUT,2023Q4,False,20,-2.669355287085466,0.809331765208181
swing,0,2023,1696596900000,1696597200000,1696597800000,0.7201268771373261,0.7201268771373261,TARGET,2023Q4,False,20,-1.2502971700912815,0.903823294608363
swing,4,2023,1696858800000,1696859100000,1696878000000,1.5163680558277701,1.5163680558277701,TARGET,2023Q4,False,20,0.46982970704604415,1.0391524755871704
swing,4,2023,1696936500000,1696936800000,1697010000000,2.670825986708182,2.670825986708182,TARGET,2023Q4,False,20,1.2006201447778253,1.1000516787314853
swing,5,2023,1698726300000,1698726600000,1698761700000,3.3090418802849917,3.3090418802849917,TARGET,2023Q4,False,20,2.1640851227249023,1.1803404268937419
swing,5,2023,1698769500000,1698769800000,1698776100000,1.5522986757851704,-1.0,STOP,2023Q4,False,20,2.0218428235474812,1.16848690196229
swing,0,2023,1698801300000,1698801600000,1698864000000,2.446317056654805,-1.0,STOP,2023Q4,False,20,2.0218428235474812,1.16848690196229
swing,0,2023,1698864600000,1698864900000,1698888600000,1.5520002658160357,1.5520002658160357,TARGET,2023Q4,False,20,2.021842823547482,1.16848690196229
swing,5,2023,1698934800000,1698935100000,1699014600000,1.7773872290569217,1.7773872290569217,TARGET,2023Q4,False,20,4.573843089363516,1.4158039172148653
swing,5,2023,1699242300000,1699242600000,1699313700000,2.416302253631482,-1.0,STOP,2023Q4,False,20,7.351230318420438,1.7351230318420439
swing,0,2023,1699316700000,1699317000000,1699326000000,2.9130633346119126,-1.0,STOP,2023Q4,False,20,4.895225941653761,1.445020540150342
swing,0,2023,1699326600000,1699326900000,1699341000000,2.640922437398824,-1.0,STOP,2023Q4,False,20,1.6352878666100534,1.1362739888841713
swing,0,2023,1699342200000,1699342500000,1699347600000,2.192048703994022,-1.0,STOP,2023Q4,False,20,1.6352878666100539,1.1362739888841713
swing,0,2023,1699348500000,1699348800000,1699359000000,1.6164715495259854,-1.0,STOP,2023Q4,False,20,1.635287866610053,1.1362739888841713
swing,0,2023,1699359300000,1699359600000,1699361100000,2.2917192376652284,-1.0,STOP,2023Q4,False,20,1.6352878666100539,1.1362739888841713
swing,0,2023,1699362000000,1699362300000,1699382700000,1.7702023024478075,1.7702023024478075,TARGET,2023Q4,False,20,1.635287866610053,1.1362739888841713
swing,5,2023,1699440600000,1699440900000,1699456200000,1.200615672154528,-1.0,STOP,2023Q4,False,20,1.73501071427322,1.144584226189435
swing,5,2023,1699457400000,1699457700000,1699458000000,2.0531697341512483,-1.0,STOP,2023Q4,False,20,1.73501071427322,1.144584226189435
swing,5,2023,1699458600000,1699458900000,1699473000000,1.0283856242301115,-1.0,STOP,2023Q4,False,20,1.7350107142732196,1.144584226189435
swing,0,2023,1700233200000,1700233500000,1700438100000,1.846510089315249,-1.0,STOP,2023Q4,False,20,1.7350107142732192,1.144584226189435
swing,0,2023,1700490900000,1700491200000,1700524800000,2.3022971008687905,2.3022971008687905,TARGET,2023Q4,False,20,1.7350107142732192,1.144584226189435
swing,5,2023,1700667300000,1700667600000,1701047100000,1.934433925357938,1.934433925357938,TARGET,2023Q4,False,20,3.618249698147826,1.3015208081789855
swing,4,2023,1701103500000,1701103800000,1701178800000,1.504625632169723,1.504625632169723,TARGET,2023Q4,False,20,4.832556746368437,1.40271306219737
swing,0,2023,1702045800000,1702046100000,1702054800000,1.1090983637108727,-1.0,STOP,2023Q4,False,20,4.8208143227103895,1.4017345268925325
swing,0,2023,1702056300000,1702056600000,1702305000000,2.4590865465047673,-1.0,STOP,2023Q4,False,20,1.1499883360022078,1.0884606412309392
swing,4,2023,1702392000000,1702392300000,1702448100000,1.8848044235101185,-1.0,STOP,2023Q4,False,20,0.11026155232766355,1.0084816578713587
swing,5,2023,1702449300000,1702449600000,1702474200000,2.0233455369309628,2.0233455369309628,TARGET,2023Q4,False,20,-2.4417387134883723,0.8255900918936879
swing,4,2023,1702561200000,1702561500000,1702664700000,1.3897284678707373,-1.0,STOP,2023Q4,False,20,-2.1957804056143315,0.8431585424561192
swing,5,2023,1702665300000,1702665600000,1702668600000,2.0627243122720405,-1.0,STOP,2023Q4,False,20,-2.1957804056143315,0.8431585424561192
swing,0,2023,1703079900000,1703080200000,1703165400000,0.8588875125803553,0.8588875125803553,TARGET,2023Q4,False,20,-2.195780405614331,0.8431585424561192
swing,4,2023,1703603100000,1703603400000,1703622900000,0.9451205598236001,0.9451205598236001,TARGET,2023Q4,False,20,-0.3368928930339762,0.9740851620743096
swing,5,2023,1703673600000,1703673900000,1703689800000,1.4622779493207452,1.4622779493207452,TARGET,2023Q4,False,20,1.6082276667896238,1.1340189722324687
swing,0,2024,1705382700000,1705383000000,1705394100000,2.4698522112122765,-1.0,STOP,2024Q1,False,20,4.070505616110369,1.3700459651009427
swing,5,2024,1705394700000,1705395000000,1705396800000,2.0556190974151707,-1.0,STOP,2024Q1,False,20,4.070505616110369,1.3700459651009427
swing,0,2024,1705397400000,1705397700000,1705410600000,1.8163716814159698,-1.0,STOP,2024Q1,False,20,1.3003033136625612,1.10835860947188
swing,0,2024,1705411800000,1705412100000,1705412400000,0.5152234439753939,0.5152234439753939,TARGET,2024Q1,False,20,1.3003033136625612,1.10835860947188
swing,0,2024,1705429200000,1705429500000,1705468800000,2.6771282700754937,-1.0,STOP,2024Q1,False,20,2.815526757637956,1.2559569779670867
swing,5,2024,1705469100000,1705469400000,1705503300000,2.936188219363659,-1.0,STOP,2024Q1,False,20,2.815526757637956,1.2559569779670867
swing,0,2024,1705907400000,1705907700000,1705992600000,1.5480376467427899,1.5480376467427899,TARGET,2024Q1,False,20,2.8155267576379552,1.2559569779670867
swing,0,2024,1706112900000,1706113200000,1706512200000,1.9980752469494851,1.9980752469494851,TARGET,2024Q1,False,20,2.061267303511955,1.187387936682905
swing,5,2024,1706628600000,1706628900000,1706710200000,1.6507234726687718,1.6507234726687718,TARGET,2024Q1,False,20,2.1249086251035028,1.1931735113730457
swing,0,2024,1706786100000,1706786400000,1706798100000,2.348333399705246,2.348333399705246,TARGET,2024Q1,False,20,2.271006465602552,1.2064551332365954
swing,4,2024,1707309600000,1707309900000,1707316800000,1.0751677663511618,1.0751677663511618,TARGET,2024Q1,False,20,5.619339865307797,1.5619339865307797
swing,5,2024,1707365100000,1707365400000,1707391800000,2.6788891884604102,-1.0,STOP,2024Q1,False,20,7.69450763165896,1.8549452924065508
swing,0,2024,1707398100000,1707398400000,1707745800000,2.1320080301621323,-1.0,STOP,2024Q1,False,20,7.69450763165896,1.8549452924065508
swing,0,2024,1707924000000,1707924300000,1707993000000,1.4292174807638391,1.4292174807638391,TARGET,2024Q1,False,20,4.425192535048512,1.4425192535048512
swing,5,2024,1708091100000,1708091400000,1708091400000,0.34913007788252465,0.34913007788252465,TARGET,2024Q1,False,20,6.85441001581235,1.7616011128680389
swing,0,2024,1708095600000,1708095900000,1708097700000,1.4944672779007142,1.4944672779007142,TARGET,2024Q1,False,20,5.180194556763913,1.5755771729737682
swing,4,2024,1708354200000,1708354500000,1708431900000,2.3087515396519525,2.3087515396519525,TARGET,2024Q1,False,20,7.674661834664627,1.9593327293330784
swing,0,2024,1708474800000,1708475100000,1708542000000,3.2893708015637277,-1.0,STOP,2024Q1,False,20,10.98341337431658,2.569059053473797
swing,0,2024,1708613100000,1708613400000,1708669500000,1.3136364161782976,-1.0,STOP,2024Q1,False,20,9.124525861736224,2.140565732717028
swing,0,2024,1708682400000,1708682700000,1708691700000,2.1676489065725737,2.1676489065725737,TARGET,2024Q1,False,20,7.179405301912624,1.7977117002125138
swing,5,2024,1708958100000,1708958400000,1709019300000,1.6359439124487751,1.6359439124487751,TARGET,2024Q1,False,20,7.884776259164452,1.8760862510182728
swing,0,2024,1709113200000,1709113500000,1709127000000,2.4557997753889023,2.4557997753889023,TARGET,2024Q1,False,20,10.520720171613227,2.3150900214516534
swing,5,2024,1709204700000,1709205000000,1709209200000,2.252807987163279,-1.0,STOP,2024Q1,False,20,13.97651994700213,2.9966457067145904
swing,0,2024,1709209800000,1709210100000,1709213400000,2.327877554631485,2.327877554631485,TARGET,2024Q1,False,20,13.976519947002132,2.9966457067145904
swing,5,2024,1709283600000,1709283900000,1709287500000,2.1258366800534616,2.1258366800534616,TARGET,2024Q1,False,20,15.78917405765822,3.2555962939511747
swing,4,2024,1710163200000,1710163500000,1710245700000,1.7448851205693068,-1.0,STOP,2024Q1,False,20,18.915010737711683,4.152501789618614
swing,4,2024,1713526500000,1713526800000,1713755700000,2.196961103316544,-1.0,STOP,2024Q2,False,20,18.915010737711683,4.152501789618614
swing,0,2024,1713756900000,1713757200000,1713768300000,1.8708062141639543,-1.0,STOP,2024Q2,False,20,16.36697309096889,3.3381390129955557
swing,5,2024,1713785700000,1713786000000,1713792600000,1.4083298873898071,-1.0,STOP,2024Q2,False,20,13.368897844019408,2.671112230502426
swing,4,2024,1714355700000,1714356000000,1714465500000,0.9020509263846158,-1.0,STOP,2024Q2,False,20,10.718174371350635,2.190908263483404
swing,0,2024,1714467600000,1714467900000,1714480200000,2.187619475992308,-1.0,STOP,2024Q2,False,20,7.369840971645392,1.7369840971645387
swing,0,2024,1714486500000,1714486800000,1714497900000,1.6250104617999555,-1.0,STOP,2024Q2,False,20,5.294673205294227,1.4813339277540207
swing,0,2024,1714537500000,1714537800000,1714572300000,2.9386470027757126,2.9386470027757126,TARGET,2024Q2,False,20,5.294673205294229,1.4813339277540207
swing,0,2024,1714735200000,1714735500000,1714739400000,1.9980367502700433,1.9980367502700433,TARGET,2024Q2,False,20,9.23332020806994,1.9233320208069942
swing,5,2024,1714743600000,1714743900000,1714744800000,0.8744448658795511,0.8744448658795511,TARGET,2024Q2,False,20,9.802139477576146,1.9802139477576144
swing,4,2024,1715066700000,1715067000000,1715069400000,2.1008458474389546,-1.0,STOP,2024Q2,False,20,10.327454265573172,2.032745426557317
swing,0,2024,1715076300000,1715076600000,1715132100000,2.548378153589993,-1.0,STOP,2024Q2,False,20,7.832986987672458,1.7120897261520414
swing,5,2024,1715132400000,1715132700000,1715258100000,1.9717061530594422,1.9717061530594422,TARGET,2024Q2,False,20,4.524235448020503,1.3770196206683754
swing,5,2024,1715564700000,1715565000000,1715582700000,2.338655591037287,-1.0,STOP,2024Q2,False,20,7.495941601079947,1.6814492364618134
swing,0,2024,1715594400000,1715594700000,1715612400000,2.8184806830967015,-1.0,STOP,2024Q2,False,20,7.495941601079945,1.6814492364618134
swing,5,2024,1715615400000,1715615700000,1715694900000,2.1714465557261913,2.1714465557261913,TARGET,2024Q2,False,20,4.328292694507374,1.3606910578756146
swing,5,2024,1715781900000,1715782200000,1715785200000,0.7309693566004677,0.7309693566004677,TARGET,2024Q2,False,20,4.863795337784788,1.4053162781487323
swing,0,2024,1715856300000,1715856600000,1715865300000,2.28575960975977,-1.0,STOP,2024Q2,False,20,3.138964918996355,1.2615804099163628
swing,0,2024,1715867100000,1715867400000,1715950200000,1.6822380614016932,1.6822380614016932,TARGET,2024Q2,False,20,3.1389649189963533,1.2615804099163628
swing,5,2024,1716350400000,1716350700000,1716378000000,2.6959673612516393,-1.0,STOP,2024Q2,False,20,2.493325425766562,1.2077771188138802
swing,5,2024,1716388500000,1716388800000,1716403200000,1.4956083850568063,-1.0,STOP,2024Q2,False,20,-0.6325112542868989,0.9513452881317771
swing,0,2024,1716404400000,1716404700000,1716427800000,2.2455020683813136,-1.0,STOP,2024Q2,False,20,-0.6325112542868994,0.9513452881317771
swing,5,2024,1716428100000,1716428400000,1716443700000,2.092318999584624,-1.0,STOP,2024Q2,False,20,-0.6325112542868991,0.9513452881317771
swing,5,2024,1716964800000,1716965100000,1716972000000,2.112342236571724,-1.0,STOP,2024Q2,False,20,-0.6325112542869,0.9513452881317771
swing,4,2024,1717034700000,1717035000000,1717047000000,2.1645238233753306,-1.0,STOP,2024Q2,False,20,-0.6325112542868991,0.9513452881317771
swing,5,2024,1717048500000,1717048800000,1717072200000,2.338696422736823,2.338696422736823,TARGET,2024Q2,False,20,-0.6325112542868996,0.9513452881317771
swing,5,2024,1717125600000,1717125900000,1717160400000,2.390502471313399,2.390502471313399,TARGET,2024Q2,False,20,2.706185168449924,1.2255154307041602
swing,5,2024,1717169100000,1717169400000,1717182900000,2.300313192807214,-1.0,STOP,2024Q2,False,20,6.0966876397633225,1.5542443308875749
swing,5,2024,1719793200000,1719793500000,1719993300000,3.1641407182879226,3.1641407182879226,TARGET,2024Q3,False,20,2.158040636987611,1.1798367197489676
swing,5,2024,1720074900000,1720075200000,1720159500000,1.5214007782102046,1.5214007782102046,TARGET,2024Q3,False,20,3.32414460500549,1.277012050417124
swing,4,2024,1720422600000,1720422900000,1720429200000,1.993219201667002,-1.0,STOP,2024Q3,False,20,3.9711005173361436,1.3309250431113453
swing,4,2024,1720761900000,1720762200000,1720769100000,2.973439904681409,-1.0,STOP,2024Q3,False,20,3.9711005173361436,1.3309250431113453
swing,0,2024,1720769400000,1720769700000,1720787400000,1.7538937126254517,-1.0,STOP,2024Q3,False,20,3.9711005173361436,1.3309250431113453
swing,5,2024,1720788300000,1720788600000,1720793400000,1.1935527563320774,1.1935527563320774,TARGET,2024Q3,False,20,0.9993943642767018,1.0768764895597465
swing,4,2024,1721028300000,1721028600000,1721041800000,2.02006967191787,2.02006967191787,TARGET,2024Q3,False,20,3.192947120608779,1.2660789267173982
swing,0,2024,1721370300000,1721370600000,1721390400000,2.350978460775462,-1.0,STOP,2024Q3,False,20,6.213016792526649,1.5648197084115134
swing,0,2024,1721391300000,1721391600000,1721394300000,2.38344937229324,-1.0,STOP,2024Q3,False,20,3.0415702368004576,1.253464186400038
swing,0,2024,1721395800000,1721396100000,1721658600000,1.952595886104382,-1.0,STOP,2024Q3,False,20,1.3106008801999902,1.1008154523230762
swing,4,2024,1722255300000,1722255600000,1722265800000,2.178692066583457,-1.0,STOP,2024Q3,False,20,1.3106008801999902,1.1008154523230762
swing,0,2024,1722267600000,1722267900000,1722345300000,1.259266119240195,1.259266119240195,TARGET,2024Q3,False,20,-1.3716371812017036,0.9020259156284498
swing,0,2024,1722506100000,1722506400000,1722520800000,2.6515703614894996,2.6515703614894996,TARGET,2024Q3,False,20,0.8876289380384914,1.068279149079884
swing,5,2024,1723642500000,1723642800000,1723650300000,1.3669498195240135,-1.0,STOP,2024Q3,False,20,4.539199299527992,1.3782666082939994
swing,5,2024,1723727700000,1723728000000,1723732500000,0.7498333870320083,0.7498333870320083,TARGET,2024Q3,False,20,4.53919929952799,1.3782666082939994
swing,5,2024,1724134800000,1724135100000,1724139600000,2.131753142158446,2.131753142158446,TARGET,2024Q3,False,20,6.28903268656,1.5717302442327274
swing,0,2024,1724229900000,1724230200000,1724247000000,2.4945042964606734,-1.0,STOP,2024Q3,False,20,9.420785828718445,1.9420785828718448
swing,4,2024,1724248500000,1724248800000,1724332800000,1.5845737483085358,-1.0,STOP,2024Q3,False,20,9.420785828718447,1.9420785828718448
swing,0,2024,1724730900000,1724731200000,1724799600000,2.055873518603079,2.055873518603079,TARGET,2024Q3,False,20,6.0820894059816215,1.5529172187256022
swing,0,2024,1724823300000,1724823600000,1724845500000,1.9724507147680368,-1.0,STOP,2024Q3,False,20,5.747460453271303,1.5224964048428455
swing,0,2024,1724848800000,1724849100000,1724890500000,1.9248162506358613,1.9248162506358613,TARGET,2024Q3,False,20,5.747460453271303,1.5224964048428455
swing,5,2024,1724935800000,1724936100000,1724943000000,1.264542936288037,1.264542936288037,TARGET,2024Q3,False,20,4.5081359856192424,1.4098305441472037
swing,0,2024,1724991000000,1724991300000,1725028500000,2.917753631078176,-1.0,STOP,2024Q3,False,20,4.251278143697074,1.3864798312451887
swing,5,2024,1725028800000,1725029100000,1725033000000,1.7540964821817817,-1.0,STOP,2024Q3,False,20,4.251278143697074,1.3864798312451887
swing,0,2024,1725033900000,1725034200000,1725242700000,2.3885434106673618,-1.0,STOP,2024Q3,False,20,4.251278143697074,1.3864798312451887
swing,0,2024,1725245400000,1725245700000,1725370500000,2.5002767017155567,-1.0,STOP,2024Q3,False,20,4.251278143697074,1.3864798312451887
swing,0,2024,1725440700000,1725441000000,1725446700000,1.519942879653315,1.519942879653315,TARGET,2024Q3,False,20,2.0577253873649974,1.1714771156137498
swing,5,2024,1725625200000,1725625500000,1725625800000,1.3049339444594474,-1.0,STOP_BOTH,2024Q3,False,20,1.5575985951004414,1.1297998829250369
swing,4,2024,1725633300000,1725633600000,1725639300000,0.913597328684358,-1.0,STOP,2024Q3,False,20,1.5575985951004423,1.1297998829250369
swing,0,2024,1726059600000,1726059900000,1726072800000,0.6470446264061379,0.6470446264061379,TARGET,2024Q3,False,20,1.5575985951004419,1.1297998829250369
swing,4,2024,1726565100000,1726565400000,1726569600000,2.0212119279899103,-1.0,STOP,2024Q3,False,20,3.20464322150658,1.2913312019551437
swing,4,2024,1726570200000,1726570500000,1726587000000,1.929517480226554,-1.0,STOP,2024Q3,False,20,3.204643221506579,1.2913312019551437
swing,4,2024,1726587900000,1726588200000,1726682700000,1.837208335066385,1.837208335066385,TARGET,2024Q3,False,20,0.9453771022663848,1.0787814251888654
swing,5,2024,1726687500000,1726687800000,1726732500000,0.9111084049083912,0.9111084049083912,TARGET,2024Q3,False,20,0.13101507584326977,1.0109179229869392
swing,5,2024,1727078400000,1727078700000,1727099400000,2.0085638998681947,2.0085638998681947,TARGET,2024Q3,False,20,2.0421234807516604,1.185647589159242
swing,4,2024,1727700900000,1727701200000,1727719800000,2.1353082568337616,-1.0,STOP,2024Q3,False,20,3.300853993587847,1.3000776357807133
swing,5,2024,1727721300000,1727721600000,1727784600000,2.00905109318781,2.00905109318781,TARGET,2024Q3,False,20,0.169100851429401,1.0140917376191168
swing,5,2024,1728306000000,1728306300000,1728370800000,1.6147951376562635,-1.0,STOP,2024Q4,False,20,3.178151944617211,1.2889229040561103
swing,4,2024,1728967200000,1728967500000,1729008000000,2.710361768646676,2.710361768646676,TARGET,2024Q4,False,20,3.178151944617211,1.2889229040561103
swing,4,2024,1729169400000,1729169700000,1729175700000,1.1204499567349624,1.1204499567349624,TARGET,2024Q4,False,20,3.832640194660808,1.3484218358782554
swing,5,2024,1729524300000,1729524600000,1729609500000,1.8361472895884032,1.8361472895884032,TARGET,2024Q4,False,20,5.95309015139577,1.595309015139577
swing,4,2024,1731319200000,1731319500000,1731328200000,1.3496753837752062,-1.0,STOP,2024Q4,False,20,5.864421190348312,1.5864421190348312
swing,0,2024,1731328800000,1731329100000,1731331800000,2.2144200455455603,-1.0,STOP,2024Q4,False,20,3.5998782540602754,1.327261659460025
swing,0,2024,1731334500000,1731334800000,1731336000000,1.7221108884435075,-1.0,STOP,2024Q4,False,20,3.5998782540602754,1.327261659460025
swing,0,2024,1731336300000,1731336600000,1731389400000,1.8556412053258622,-1.0,STOP,2024Q4,False,20,3.5998782540602754,1.327261659460025
swing,0,2024,1731391500000,1731391800000,1731396900000,2.326839502472682,-1.0,STOP,2024Q4,False,20,3.5998782540602754,1.327261659460025
swing,0,2024,1731397500000,1731397800000,1731515400000,1.199389309728546,-1.0,STOP,2024Q4,False,20,3.5998782540602754,1.327261659460025
swing,0,2024,1731530100000,1731530400000,1731546300000,2.9421311950535594,-1.0,STOP,2024Q4,False,20,1.0799353744069595,1.0899946145339134
swing,0,2024,1731578100000,1731578400000,1731594900000,1.595092024539921,1.595092024539921,TARGET,2024Q4,False,20,1.0799353744069604,1.0899946145339134
swing,5,2024,1731651900000,1731652200000,1731892500000,2.2553361992271763,2.2553361992271763,TARGET,2024Q4,False,20,3.6750273989468805,1.3340933999042621
swing,0,2024,1732089900000,1732090200000,1732108800000,2.15969552879087,2.15969552879087,TARGET,2024Q4,False,20,5.28331897176792,1.4803017247061745
swing,0,2024,1732514100000,1732514400000,1732544400000,2.2719383340761237,-1.0,STOP,2024Q4,False,20,8.443014500558789,1.844301450055879
swing,5,2024,1732545900000,1732546200000,1732558500000,1.7929049574750295,-1.0,STOP,2024Q4,False,20,8.44301450055879,1.844301450055879
swing,0,2024,1732559400000,1732559700000,1732842900000,2.4435918665624308,1.0932950839426014,864BAR_TIMEOUT,2024Q4,False,20,5.605806165492404,1.5096187423174912
swing,5,2024,1733097000000,1733097300000,1733100000000,2.2289286665451753,-1.0,STOP,2024Q4,False,20,5.787992844526614,1.5261811676842376
swing,0,2024,1733117100000,1733117400000,1733387400000,2.9491786942685585,1.8334244109421711,864BAR_TIMEOUT,2024Q4,False,20,2.7794289446584193,1.231619078721535
swing,0,2024,1734084600000,1734084900000,1734097500000,2.4186532046942646,-1.0,STOP,2024Q4,False,20,5.61285335560059,1.51025939596369
swing,0,2024,1734099000000,1734099300000,1734115200000,2.184226770517668,-1.0,STOP,2024Q4,False,20,2.6038022624127803,1.2169835218677318
swing,0,2024,1734310800000,1734311100000,1734433200000,1.5093795716976481,-1.0,STOP,2024Q4,False,20,2.6038022624127803,1.2169835218677318
swing,5,2024,1734952200000,1734952500000,1734966300000,2.4533911427685724,-1.0,STOP,2024Q4,False,20,-1.1065595062338953,0.9148800379820082
swing,5,2024,1735287900000,1735288200000,1735296000000,2.245481927710779,-1.0,STOP,2024Q4,False,20,-2.6583651508527795,0.8101167749390872
swing,0,2024,1735296300000,1735296600000,1735306200000,1.9730430274754065,-1.0,STOP,2024Q4,False,20,-2.6583651508527795,0.8101167749390872
swing,5,2024,1735306800000,1735307100000,1735309800000,1.8572980231846543,-1.0,STOP,2024Q4,False,20,-2.6583651508527795,0.8101167749390872
swing,0,2024,1735310400000,1735310700000,1735566900000,1.4778888602333649,-1.0,STOP,2024Q4,False,20,-2.6583651508527795,0.8101167749390872
swing,4,2025,1735894800000,1735895100000,1735911300000,1.4165843485895777,-1.0,STOP,2025Q1,False,20,-2.6583651508527795,0.8101167749390872
swing,5,2025,1735911900000,1735912200000,1735934400000,1.446224325718316,-1.0,STOP,2025Q1,False,20,-2.6583651508527795,0.8101167749390872
swing,0,2025,1735935300000,1735935600000,1736141400000,3.298268959934239,-1.0,STOP,2025Q1,False,20,-2.65836515085278,0.8101167749390872
swing,0,2025,1736142600000,1736142900000,1736148900000,2.394928513623064,-1.0,STOP,2025Q1,False,20,-2.6583651508527795,0.8101167749390872
swing,0,2025,1739362800000,1739363100000,1739367000000,2.0248273344083056,-1.0,STOP,2025Q1,False,20,-2.388950086837022,0.8293607080830699
swing,4,2025,1739368500000,1739368800000,1739369400000,0.30859928002264825,0.30859928002264825,TARGET,2025Q1,False,20,-2.38895008683702,0.8293607080830699
swing,0,2025,1739542200000,1739542500000,1739546400000,1.310884016867045,-1.0,STOP,2025Q1,False,20,-1.080350806814372,0.9168960917835098
swing,5,2025,1739987400000,1739987700000,1740036600000,2.4659276928114933,2.4659276928114933,TARGET,2025Q1,False,20,-1.0803508068143723,0.9168960917835098
swing,0,2025,1740061800000,1740062100000,1740126000000,1.0078434770410682,-1.0,STOP,2025Q1,False,20,2.38557688599712,1.1987980738330934
swing,5,2025,1740126900000,1740127200000,1740398400000,1.9993811978541036,1.9993811978541036,TARGET,2025Q1,False,20,2.385576885997121,1.1987980738330934
swing,0,2025,1740465600000,1740465900000,1740486600000,3.1591020672509487,-1.0,STOP,2025Q1,False,20,5.384958083851224,1.4895416439864748
swing,5,2025,1740487800000,1740488100000,1740496800000,1.6629302403224513,-1.0,STOP,2025Q1,False,20,3.625898439050901,1.3021582032542416
swing,0,2025,1740581100000,1740581400000,1740644700000,1.0467434491027845,-1.0,STOP,2025Q1,False,20,3.625898439050899,1.3021582032542416
swing,5,2025,1741786200000,1741786500000,1741795500000,1.6233105983939446,1.6233105983939446,TARGET,2025Q1,False,20,3.625898439050901,1.3021582032542416
swing,0,2025,1741966500000,1741966800000,1742267400000,2.385958120310147,2.385958120310147,TARGET,2025Q1,False,20,2.9807992362115203,1.2483999363509601
swing,0,2025,1742566800000,1742567100000,1742807100000,1.657587284336381,1.657587284336381,TARGET,2025Q1,False,20,6.366757356521667,1.5787961233201515
swing,5,2025,1742827800000,1742828100000,1743049500000,2.033646584997469,2.033646584997469,TARGET,2025Q1,False,20,9.024344640858047,1.9024344640858046
swing,0,2025,1743678600000,1743678900000,1743683400000,2.1204909154080522,-1.0,STOP,2025Q2,False,20,12.057991225855517,2.3397768028728354
swing,0,2025,1743684300000,1743684600000,1743691800000,2.187869822485167,2.187869822485167,TARGET,2025Q2,False,20,9.673439710555996,1.9673439710555995
swing,5,2025,1743756300000,1743756600000,1743764700000,2.316789348094925,2.316789348094925,TARGET,2025Q2,False,20,12.861309533041164,2.4290343925601294
swing,0,2025,1745388900000,1745389200000,1745416200000,2.3853919142590367,-1.0,STOP,2025Q2,False,20,16.178098881136087,3.0222623601420113
swing,0,2025,1745417700000,1745418000000,1745458500000,1.8731602551955138,1.8731602551955138,TARGET,2025Q2,False,20,14.09528373788393,2.566142637542659
swing,5,2025,1745503800000,1745504100000,1745560200000,2.5705750518222343,-1.0,STOP,2025Q2,False,20,16.968443993079443,3.1210554991349304
swing,0,2025,1745588400000,1745588700000,1745856600000,1.836571118054605,1.836571118054605,TARGET,2025Q2,False,20,12.886615258253899,2.431846139805989
swing,0,2025,1746005400000,1746005700000,1746014700000,2.0710211295894387,-1.0,STOP,2025Q2,False,20,11.688801302556397,2.2987557002840444
swing,0,2025,1746015300000,1746015600000,1746020100000,1.0905235255136014,1.0905235255136014,TARGET,2025Q2,False,20,11.688801302556397,2.2987557002840444
swing,0,2025,1746649800000,1746650100000,1746684600000,2.7305630536440635,-1.0,STOP,2025Q2,False,20,12.470725548047351,2.385636172005261
swing,5,2025,1746721500000,1746721800000,1746756300000,2.5620185329910226,-1.0,STOP,2025Q2,False,20,12.470725548047351,2.385636172005261
swing,0,2025,1746757800000,1746758100000,1746803400000,1.6987438159724633,1.6987438159724633,TARGET,2025Q2,False,20,9.004797855235859,1.9004797855235858
swing,0,2025,1747228800000,1747229100000,1747276200000,1.3906297995075083,-1.0,STOP,2025Q2,False,20,11.70354167120832,2.300393519023147
swing,0,2025,1747285200000,1747285500000,1747288800000,2.4313281647897758,-1.0,STOP,2025Q2,False,20,8.704160473354218,1.8704160473354219
swing,0,2025,1747289100000,1747289400000,1747303500000,1.8009787928221757,1.8009787928221757,TARGET,2025Q2,False,20,8.704160473354218,1.8704160473354219
swing,5,2025,1747380300000,1747380600000,1747392300000,2.7757470263997295,-1.0,STOP,2025Q2,False,20,11.505139266176393,2.2783488073529323
swing,4,2025,1747701600000,1747701900000,1747749300000,2.012820512820554,2.012820512820554,TARGET,2025Q2,False,20,11.505139266176393,2.2783488073529323
swing,0,2025,1747910400000,1747910700000,1747922400000,1.694497014509373,-1.0,STOP,2025Q2,False,20,11.894649180603,2.3216276867336667
swing,0,2025,1748329800000,1748330100000,1748332500000,1.8890121276022613,-1.0,STOP,2025Q2,False,20,8.508691060292854,1.8508691060292854
swing,0,2025,1748332800000,1748333100000,1748465400000,1.001131257538098,-1.0,STOP,2025Q2,False,20,5.851103775956474,1.5319185250869523
swing,5,2025,1748476200000,1748476500000,1748513700000,1.436610158535213,1.436610158535213,TARGET,2025Q2,False,20,2.8174571909590043,1.2347880992465838
swing,0,2025,1748925600000,1748925900000,1748958300000,2.8229295725816246,-1.0,STOP,2025Q2,False,20,5.254067349494218,1.477642486317656
swing,5,2025,1748960100000,1748960400000,1749047700000,1.9759153670177356,1.9759153670177356,TARGET,2025Q2,False,20,2.066197527009051,1.1721831272507541
swing,4,2025,1749102000000,1749102300000,1749119400000,2.393368873530241,2.393368873530241,TARGET,2025Q2,False,20,1.7253235459318612,1.1437769621609883
swing,0,2025,1750056000000,1750056300000,1750081800000,2.1085974360792434,-1.0,STOP,2025Q2,False,20,5.118692419462103,1.4653356744965549
swing,0,2025,1750082700000,1750083000000,1750170900000,1.3755970048278996,-1.0,STOP,2025Q2,False,20,2.2455321642665886,1.187127680355549
swing,5,2025,1750171500000,1750171800000,1750313100000,1.2961526793679046,-1.0,STOP,2025Q2,False,20,2.2455321642665886,1.187127680355549
swing,5,2025,1751236200000,1751236500000,1751259000000,1.214060497952437,1.214060497952437,TARGET,2025Q2,False,20,-0.5910389537880159,0.9545354650932296
swing,4,2025,1751414700000,1751415000000,1751440800000,1.3227710438857292,-1.0,STOP,2025Q3,False,20,1.6230215441644216,1.1352517953470351
swing,4,2025,1751442300000,1751442600000,1751482500000,1.1289888057968607,1.1289888057968607,TARGET,2025Q3,False,20,-0.4675019813491801,0.9640383091269862
swing,5,2025,1751547000000,1751547300000,1751874600000,1.3415093824260895,-1.0,STOP,2025Q3,False,20,1.6614868244476806,1.13845723537064
swing,4,2025,1753164900000,1753165200000,1753188900000,2.5087475218254456,2.5087475218254456,TARGET,2025Q3,False,20,1.6614868244476808,1.13845723537064
swing,5,2025,1753249800000,1753250100000,1753276800000,2.631153395419085,-1.0,STOP,2025Q3,False,20,2.471490530300663,1.2059575441917219
swing,4,2025,1753327800000,1753328100000,1753348500000,1.6796999586557075,-1.0,STOP,2025Q3,False,20,2.471490530300663,1.2059575441917219
swing,0,2025,1753356900000,1753357200000,1753361400000,2.4268127635209344,-1.0,STOP,2025Q3,False,20,2.471490530300663,1.2059575441917219
swing,0,2025,1753362300000,1753362600000,1753434600000,1.6601994097169643,-1.0,STOP,2025Q3,False,20,-0.329488262521513,0.9746547490368065
swing,5,2025,1754371200000,1754371500000,1754386800000,2.5229846898922292,-1.0,STOP,2025Q3,False,20,-0.32948826252151253,0.9746547490368065
swing,0,2025,1754457300000,1754457600000,1754469000000,3.2251401996992426,-1.0,STOP,2025Q3,False,20,-0.11367556719355543,0.9912557256004957
swing,5,2025,1754469300000,1754469600000,1754473800000,2.482881065691696,-1.0,STOP,2025Q3,False,20,-0.11367556719355587,0.9912557256004957
swing,0,2025,1754475000000,1754475300000,1754492100000,1.6147676492032808,1.6147676492032808,TARGET,2025Q3,False,20,-2.550285725728769,0.8178367338765165
swing,4,2025,1754652600000,1754652900000,1754874600000,2.1898360234618957,-1.0,STOP,2025Q3,False,20,0.06448192347451243,1.0049601479595778
swing,0,2025,1758726000000,1758726300000,1758729300000,2.1060727447524568,-1.0,STOP,2025Q3,False,20,-0.25826921949018633,0.9801331369622933
swing,0,2025,1758733800000,1758734100000,1758740400000,2.1267669465005867,-1.0,STOP,2025Q3,False,20,-2.472329717442623,0.8234050201826698
swing,0,2025,1758742200000,1758742500000,1758788100000,2.4464952757635663,2.4464952757635663,TARGET,2025Q3,False,20,-2.472329717442623,0.8234050201826698
swing,0,2025,1758808500000,1758808800000,1758895200000,1.523189999565105,1.523189999565105,TARGET,2025Q3,False,20,-1.154823247475917,0.9175126251802916
swing,5,2025,1759221900000,1759222200000,1759225500000,1.2731933457205344,-1.0,STOP,2025Q3,False,20,1.3683667520891885,1.1052589809299376
swing,0,2025,1759226400000,1759226700000,1759241400000,1.7532802853530065,1.7532802853530065,TARGET,2025Q3,False,20,-2.1403807697362582,0.847115659304553
swing,0,2025,1759419600000,1759419900000,1759496100000,1.3098415067853029,1.3098415067853029,TARGET,2025Q4,False,20,0.6128995156167494,1.0471461165859037
swing,5,2025,1759821900000,1759822200000,1759850100000,2.0431010589222627,2.0431010589222627,TARGET,2025Q4,False,20,2.922741022402052,1.2435617518668376
swing,0,2025,1761294600000,1761294900000,1761315000000,2.3422206332422983,2.3422206332422983,TARGET,2025Q4,False,20,5.965842081324315,1.542349280120392
swing,5,2025,1761538800000,1761539100000,1761555300000,2.5832800170612518,-1.0,STOP,2025Q4,False,20,9.308062714566613,1.930806271456661
swing,0,2025,1761642900000,1761643200000,1761720300000,1.7449548127772017,1.7449548127772017,TARGET,2025Q4,False,20,9.308062714566613,1.930806271456661
swing,0,2025,1761764100000,1761764400000,1761775200000,0.9606954235328804,-1.0671623183806633,STOP_GAP,2025Q4,False,20,12.053017527343815,2.339224169704868
swing,5,2025,1762217100000,1762217400000,1762266300000,2.0548046568025247,-1.0,STOP,2025Q4,False,20,8.757222000814638,1.8698798851018494
swing,5,2025,1762267500000,1762267800000,1762329900000,1.953162937628928,1.953162937628928,TARGET,2025Q4,False,20,8.75722200081464,1.8698798851018494
swing,0,2025,1762450200000,1762450500000,1762506900000,2.218064795571427,2.218064795571427,TARGET,2025Q4,False,20,11.710384938443568,2.2915159701844807
swing,4,2025,1762527600000,1762527900000,1762737000000,1.3625746795160574,1.3625746795160574,TARGET,2025Q4,False,20,12.313682084811713,2.358052459240727
swing,5,2025,1762875300000,1762875600000,1762904400000,1.6274760864654199,1.6274760864654199,TARGET,2025Q4,False,20,14.676256764327771,2.8192588899430704
swing,0,2025,1763120100000,1763120400000,1763122200000,1.7167474040286057,-1.0,STOP,2025Q4,False,20,17.303732850793192,3.448469706969754
swing,0,2025,1763712300000,1763712600000,1763743800000,1.9469203805708217,1.9469203805708217,TARGET,2025Q4,False,20,17.303732850793192,3.448469706969754
swing,4,2025,1763953200000,1763953500000,1764016200000,2.683905268245499,2.683905268245499,TARGET,2025Q4,False,20,17.287804934150362,3.44621591458106
swing,0,2025,1764169500000,1764169800000,1764294000000,1.928882333896951,1.928882333896951,TARGET,2025Q4,False,20,17.888025402026233,3.5311468162408097
swing,5,2025,1764320700000,1764321000000,1764339000000,1.115809810024654,1.115809810024654,TARGET,2025Q4,False,20,20.816907735923184,4.4310780960742875
swing,0,2025,1764674100000,1764674400000,1764690900000,2.1765577079346716,-1.0,STOP,2025Q4,False,20,22.932717545947842,5.52575151633914
swing,5,2025,1764691800000,1764692100000,1764769800000,1.7943186255368195,1.7943186255368195,TARGET,2025Q4,False,20,19.48622227018427,4.211752257088975
swing,0,2025,1764828000000,1764828300000,1764941400000,2.1769843137964817,2.1769843137964817,TARGET,2025Q4,False,20,19.757350896155987,4.25644013780552
swing,5,2025,1764951900000,1764952200000,1765206000000,0.8501619075655257,-1.0,STOP,2025Q4,False,20,22.93433520995247,5.526070760899111
swing,5,2025,1765207200000,1765207500000,1765298700000,1.0261872260937723,1.0261872260937723,TARGET,2025Q4,False,20,20.18105492459946,4.326275755547253
swing,4,2025,1765354500000,1765354800000,1765361100000,2.224592991280473,-1.0,STOP,2025Q4,False,20,19.89740064390793,4.27952337514164
swing,4,2025,1765361400000,1765361700000,1765395600000,2.2847896440130575,-1.0,STOP,2025Q4,False,20,16.854299584985668,3.3848751204072505
swing,5,2025,1765855500000,1765855800000,1765950300000,2.393354828132775,2.393354828132775,TARGET,2025Q4,False,20,13.51207895174337,2.674948193487654
swing,4,2025,1766048400000,1766048700000,1766068800000,1.9819437068507284,-1.0,STOP,2025Q4,False,20,16.905433779876144,3.3921105838912973
swing,0,2026,1767378000000,1767378300000,1767570600000,2.1972680432958596,2.1972680432958596,TARGET,2026Q1,False,20,14.160478967098943,2.7553234220706
swing,0,2026,1767765300000,1767765600000,1767798600000,1.9492024233803713,-1.0,STOP,2026Q1,False,20,17.424909328775467,3.489272761253638
swing,5,2026,1767799200000,1767799500000,1767969300000,2.5711779497476033,2.5711779497476033,TARGET,2026Q1,False,20,17.424909328775467,3.489272761253638
swing,0,2026,1768268100000,1768268400000,1768538400000,2.3223144920921044,0.5293633208994052,864BAR_TIMEOUT,2026Q1,False,20,18.042924340894142,3.5775606201277346
swing,5,2026,1769016000000,1769016300000,1769024100000,2.6363166043289583,-1.0,STOP,2026Q1,False,20,16.35422286622212,3.336317552317446
swing,0,2026,1769766900000,1769767200000,1769794800000,1.70306929460829,-1.0,STOP,2026Q1,False,20,13.991648186706062,2.748956023338258
swing,0,2026,1769796000000,1769796300000,1769797500000,1.7441803816536654,-1.0,STOP,2026Q1,False,20,11.364172100240642,2.2626857889156273
swing,0,2026,1769798400000,1769798700000,1770010800000,1.5400842410056559,-1.0,STOP,2026Q1,False,20,11.364172100240642,2.2626857889156273
swing,5,2026,1770216300000,1770216600000,1770219000000,1.6273166029131043,-1.0,STOP,2026Q1,False,20,8.417251719669819,1.841725171966982
swing,0,2026,1770219600000,1770219900000,1770223500000,1.0025677079689148,-1.0,STOP,2026Q1,False,20,4.733346451424321,1.4303042228567564
swing,0,2026,1770223800000,1770224100000,1770246900000,1.1047896002188164,1.1047896002188164,TARGET,2026Q1,False,20,1.8044641175273712,1.1503720097939476
swing,5,2026,1770260700000,1770261000000,1770335100000,1.6466234262613382,-1.0,STOP,2026Q1,False,20,1.7934439077215327,1.1494536589767945
swing,0,2026,1770337200000,1770337500000,1770357000000,1.7069828743562427,1.7069828743562427,TARGET,2026Q1,False,20,1.7934439077215325,1.1494536589767945
swing,5,2026,1770908700000,1770909000000,1770912600000,1.665608306262203,-1.0,STOP,2026Q1,False,20,1.7061081565409562,1.1421756797117464
swing,5,2026,1770913800000,1770914100000,1770914400000,0.330458024964193,0.330458024964193,TARGET,2026Q1,False,20,-1.4708761572555253,0.8868556802111135
swing,0,2026,1771218300000,1771218600000,1771289700000,2.13183639108221,-1.0,STOP,2026Q1,False,20,-0.14041813229133232,0.9882984889757221
swing,0,2026,1771290300000,1771290600000,1771305300000,1.101432050820644,-1.0,STOP,2026Q1,False,20,-2.1666053583851044,0.8333380493549919
swing,5,2026,1771337100000,1771337400000,1771425000000,0.9205345353932228,0.9205345353932228,TARGET,2026Q1,False,20,-2.166605358385105,0.8333380493549919
swing,0,2026,1771943700000,1771944000000,1771997400000,0.9509288105657483,0.9509288105657483,TARGET,2026Q1,False,20,-0.24607082299188177,0.9794940980840098
swing,4,2026,1772116800000,1772117100000,1772198100000,0.8700407152538051,0.8700407152538051,TARGET,2026Q1,False,20,-1.6884968405589083,0.8592919299534243
swing,0,2026,1772551800000,1772552100000,1772822400000,1.6243784116941458,0.7661524595125384,864BAR_TIMEOUT,2026Q1,False,20,0.18154387469489708,1.0165039886086271
swing,4,2026,1773237300000,1773237600000,1773269700000,1.0799830723656312,-1.0,STOP,2026Q1,False,20,-1.2495717090884246,0.8864025719010524
swing,0,2026,1773274200000,1773274500000,1773338100000,2.123912822059366,-1.0,STOP,2026Q1,False,20,-1.2495717090884242,0.8864025719010524
swing,0,2026,1778567400000,1778567700000,1778594100000,2.4542940492049135,-1.0,STOP,2026Q2,False,20,-1.5842122925662951,0.8868419791024075
swing,0,2026,1778791200000,1778791500000,1778805000000,2.6576028914063103,-1.0,STOP,2026Q2,False,20,-1.5842122925662951,0.8868419791024075
swing,5,2026,1778805900000,1778806200000,1778821500000,1.7446096764551209,-1.0,STOP,2026Q2,False,20,-1.5842122925662951,0.8868419791024075
swing,0,2026,1779771900000,1779772200000,1779795300000,2.269936809980005,-1.0,STOP,2026Q2,False,20,-1.5842122925662951,0.8868419791024075
swing,5,2026,1785159300000,1785159600000,1785197100000,1.93258079480435,-1.0,STOP,2026Q3,False,20,-1.6261719881216847,0.8838448579913082
swing,0,2026,1786609200000,1786609500000,1786648200000,2.7095871673712852,-1.0,STOP,2026Q3,False,20,-1.6261719881216847,0.8838448579913082
swing,4,2026,1786649100000,1786649400000,1786669800000,2.5661667284964462,-1.0,STOP,2026Q3,False,20,-1.6261719881216847,0.8838448579913082
swing,0,2026,1788761700000,1788762000000,1788893100000,2.144793969581564,-1.0,STOP,2026Q3,False,20,-2.798686221744396,0.8000938413039717
swing,0,2026,1788898200000,1788898500000,1788960600000,3.040657834627713,3.040657834627713,TARGET,2026Q3,False,20,-2.7986862217443957,0.8000938413039717
swing,0,2026,1789369800000,1789370100000,1789377300000,2.560156237695526,-1.0,STOP,2026Q3,False,20,1.2419716128833174,1.0955362779141011
swing,0,2026,1789380300000,1789380600000,1789391100000,2.444097799566818,-1.0,STOP,2026Q3,False,20,1.2419716128833174,1.0955362779141011
swing,4,2026,1789983600000,1789983900000,1789999200000,2.099253278073624,-1.0,STOP,2026Q3,False,20,1.2419716128833174,1.0955362779141011
swing,5,2026,1789999800000,1790000100000,1790063400000,1.4098629790996147,-1.0,STOP,2026Q3,False,20,-0.9257885826653616,0.9338722440953313
swing,0,2026,1790157600000,1790157900000,1790163300000,1.804981833655207,-1.0,STOP,2026Q3,False,20,-0.9257885826653616,0.9338722440953313
swing,0,2026,1790163600000,1790163900000,1790171100000,1.6137409598948493,-1.0,STOP,2026Q3,False,20,-0.9257885826653616,0.9338722440953313
swing,0,2026,1790172000000,1790172300000,1790237700000,1.8715447154470806,-1.0,STOP,2026Q3,False,20,-0.9257885826653616,0.9338722440953313
