cycle_id,cycle_start_signal_t,cycle_start_year,segment,cycle_start_entry_idx,cycle_start_entry_t,cycle_horizon_end_idx,cycle_horizon_end_t,switched,switch_signal_t,switch_entry_t,first_leg_switch_r,remaining_budget_r,replacement_risk_weight,cycle_pnl_r,gross_nominal_risk_deployed,occupied_event_n,fresh_event_n,permission_reject_n,geometry_reject_n,stale_reject_n,horizon_reject_n,not_open_at_entry_n,no_budget_reject_n,post_switch_ignored_n,cycle_exit_t,cycle_exit_idx,cycle_exit_kind,cycle_holding_m5_bars,same_initial_hold_r,local_cycle_delta_r
CYCLE_1520559900000,1520559900000,2018,2018-2022,1678,1520560200000,2542,1520999400000,True,1520561400000.0,1520561700000.0,0.035520926980307566,1.0,1.0,-0.9644790730196924,2.0,1,1,0,0,0,0,0,0,0,1520601900000,1816,STOP,138,-1.0,0.03552092698030762
CYCLE_1520844600000,1520844600000,2018,2018-2022,2051,1520844900000,2915,1521114900000,True,1520846100000.0,1520846400000.0,-0.2774866190901008,0.7225133809098991,0.7225133809098991,-1.0,1.7225133809098991,2,1,0,0,0,0,0,0,1,1520848800000,2063,STOP,12,-1.0,0.0
CYCLE_1521111900000,1521111900000,2018,2018-2022,2906,1521112200000,3770,1521555000000,True,1521114300000.0,1521114600000.0,-0.2763107539226806,0.7236892460773194,0.7236892460773194,-1.0,1.7236892460773194,1,1,0,0,0,0,0,0,0,1521117300000,2922,STOP,16,-1.0,0.0
CYCLE_1522145700000,1522145700000,2018,2018-2022,5104,1522146000000,5968,1522675800000,True,1522147800000.0,1522148100000.0,-0.22141464999193317,0.7785853500080668,0.7785853500080668,-1.0,1.7785853500080668,1,1,0,0,0,0,0,0,0,1522149300000,5114,STOP,10,-1.0,0.0
CYCLE_1522158300000,1522158300000,2018,2018-2022,5146,1522158600000,6010,1522688400000,True,1522219200000.0,1522219500000.0,-0.3515803797859809,0.6484196202140191,0.6484196202140191,-1.0,1.648419620214019,2,1,0,0,0,0,0,0,1,1522233600000,5382,STOP,236,-1.0,0.0
CYCLE_1522240500000,1522240500000,2018,2018-2022,5407,1522240800000,6271,1522770300000,True,1522244100000.0,1522244400000.0,-0.18477620273583986,0.8152237972641602,0.8152237972641602,-1.0,1.81522379726416,1,1,0,0,0,0,0,0,0,1522249200000,5434,STOP,27,-1.0,0.0
CYCLE_1522254300000,1522254300000,2018,2018-2022,5453,1522254600000,6317,1522784100000,True,1522258800000.0,1522259100000.0,-0.28194473931637126,0.7180552606836288,0.7180552606836288,-1.0,1.7180552606836288,2,1,0,0,0,0,0,0,1,1522326900000,5681,STOP,228,-1.0,0.0
CYCLE_1522743600000,1522743600000,2018,2018-2022,6183,1522743900000,7047,1523013900000,True,1522748700000.0,1522749000000.0,-0.06726322743378789,0.9327367725662121,0.9327367725662121,-1.0,1.9327367725662121,2,1,0,0,0,0,0,0,1,1522761600000,6241,STOP,58,-1.0,0.0
CYCLE_1522866900000,1522866900000,2018,2018-2022,6582,1522867200000,7446,1523313600000,True,1522894200000.0,1522894500000.0,-0.5914981407587798,0.4085018592412202,0.4085018592412202,-1.0,1.4085018592412202,3,3,2,0,0,0,0,0,0,1522910700000,6714,STOP,132,-1.0,0.0
CYCLE_1522912500000,1522912500000,2018,2018-2022,6722,1522912800000,7586,1523355600000,True,1522916700000.0,1522917000000.0,0.030678767736193352,1.0,1.0,-0.9693212322638066,2.0,1,1,0,0,0,0,0,0,0,1522934400000,6793,STOP,71,1.5840470407772584,-2.553368273041065
CYCLE_1522935300000,1522935300000,2018,2018-2022,6798,1522935600000,7662,1523378400000,True,1522940100000.0,1522940400000.0,-0.4808324320918957,0.5191675679081043,0.5191675679081043,-1.0,1.5191675679081043,1,1,0,0,0,0,0,0,0,1522999800000,6999,STOP,201,,
CYCLE_1523524200000,1523524200000,2018,2018-2022,8125,1523524500000,8989,1523967600000,True,1523529900000.0,1523530200000.0,-0.30693862739464034,0.6930613726053596,0.6930613726053596,-1.0,1.6930613726053596,1,1,0,0,0,0,0,0,0,1523536200000,8163,STOP,38,-1.0,0.0
CYCLE_1523536200000,1523536200000,2018,2018-2022,8165,1523536500000,9029,1523979600000,True,1523539800000.0,1523540100000.0,-0.27861336765060274,0.7213866323493973,0.7213866323493973,-1.0,1.7213866323493971,2,1,0,0,0,0,0,0,1,1523543700000,8188,STOP,23,-1.0,0.0
CYCLE_1523543700000,1523543700000,2018,2018-2022,8190,1523544000000,9054,1523987100000,True,1523547900000.0,1523548200000.0,-0.2343811217262708,0.7656188782737292,0.7656188782737292,1.2177027221557044,1.7656188782737292,3,1,0,0,0,0,0,0,2,1523887500000,8733,TARGET,543,-1.0,2.217702722155704
CYCLE_1524218100000,1524218100000,2018,2018-2022,9789,1524218400000,10653,1524662100000,True,1524229500000.0,1524229800000.0,-0.07370863639022326,0.9262913636097767,0.9262913636097767,-1.0,1.9262913636097767,1,1,0,0,0,0,0,0,0,1524231000000,9830,STOP,41,-1.0,0.0
CYCLE_1524232800000,1524232800000,2018,2018-2022,9838,1524233100000,10702,1524676800000,True,1524236100000.0,1524236400000.0,0.014971362285209408,1.0,1.0,-0.9850286377147905,2.0,1,1,0,0,0,0,0,0,0,1524436200000,9925,STOP,87,-1.0,0.014971362285209455
CYCLE_1524477300000,1524477300000,2018,2018-2022,10064,1524477600000,10928,1524748200000,True,1524484200000.0,1524484500000.0,0.0646735326467313,1.0,1.0,-0.9353264673532687,2.0,1,1,0,0,0,0,0,0,0,1524486900000,10094,STOP,30,-1.0,0.06467353264673126
CYCLE_1524488100000,1524488100000,2018,2018-2022,10100,1524488400000,10964,1524759000000,True,1524492900000.0,1524493200000.0,-0.5988837574222897,0.4011162425777103,0.4011162425777103,0.20472495131539648,1.4011162425777104,4,1,0,0,0,0,0,0,3,1524587100000,10415,TARGET,315,1.6796062837681467,-1.47488133245275
CYCLE_1525172100000,1525172100000,2018,2018-2022,11723,1525172400000,12587,1525442400000,True,1525173600000.0,1525173900000.0,-0.08560355963828754,0.9143964403617124,0.9143964403617124,-1.0,1.9143964403617124,3,1,0,0,0,0,0,0,2,1525181700000,11753,STOP,30,-1.0,0.0
CYCLE_1526360700000,1526360700000,2018,2018-2022,14409,1526361000000,15273,1526631000000,True,1526365200000.0,1526365500000.0,-0.1288925822252789,0.8711074177747211,0.8711074177747211,-1.0,1.8711074177747211,2,1,0,0,0,0,0,0,1,1526380800000,14474,STOP,65,-1.0,0.0
CYCLE_1526383800000,1526383800000,2018,2018-2022,14486,1526384100000,15350,1526654100000,True,1526385000000.0,1526385300000.0,-0.1230864301564081,0.8769135698435919,0.8769135698435919,-1.0,1.876913569843592,1,1,0,0,0,0,0,0,0,1526387700000,14497,STOP,11,-1.0,0.0
CYCLE_1526405400000,1526405400000,2018,2018-2022,14558,1526405700000,15422,1526675700000,True,1526408700000.0,1526409000000.0,-0.3124184592979136,0.6875815407020864,0.6875815407020864,-1.0,1.6875815407020864,6,1,0,0,0,0,0,0,5,1526552700000,15023,STOP,465,-1.0,0.0
CYCLE_1528089600000,1528089600000,2018,2018-2022,18223,1528089900000,19087,1528360200000,True,1528095900000.0,1528096200000.0,0.2724265421288541,1.0,1.0,1.4565177661701127,2.0,1,1,0,0,0,0,0,0,0,1528113600000,18301,TARGET,78,2.7526756178246927,-1.29615785165458
CYCLE_1529964000000,1529964000000,2018,2018-2022,22543,1529964300000,23407,1530234900000,True,1529990700000.0,1529991000000.0,-0.6671000614952313,0.33289993850476873,0.33289993850476873,-1.0,1.3328999385047688,1,1,0,0,0,0,0,0,0,1530000000000,22661,STOP,118,-1.0,0.0
CYCLE_1530006000000,1530006000000,2018,2018-2022,22683,1530006300000,23547,1530276900000,True,1530015600000.0,1530015900000.0,-0.1362428936719761,0.8637571063280239,0.8637571063280239,-1.0,1.8637571063280238,2,1,0,0,0,0,0,0,1,1530113100000,23026,STOP,343,-1.0,0.0
CYCLE_1530127200000,1530127200000,2018,2018-2022,23075,1530127500000,23939,1530575100000,True,1530170700000.0,1530171000000.0,-0.6939463374972088,0.3060536625027912,0.3060536625027912,-1.0,1.3060536625027912,2,1,0,0,0,0,0,0,1,1530209400000,23334,STOP,259,-1.0,0.0
CYCLE_1530582600000,1530582600000,2018,2018-2022,23965,1530582900000,24829,1530867600000,True,1530584100000.0,1530584400000.0,0.06365389914580166,1.0,1.0,1.8864431033461142,2.0,1,1,0,0,0,0,0,0,0,1530612600000,24063,TARGET,98,2.468127124093029,-0.5816840207469149
CYCLE_1530768900000,1530768900000,2018,2018-2022,24514,1530769200000,25378,1531212600000,True,1530778200000.0,1530778500000.0,-0.4046456381153773,0.5953543618846227,0.5953543618846227,0.9108812252053462,1.5953543618846227,4,1,0,0,0,0,0,0,3,1531113600000,25059,TARGET,545,-1.0,1.9108812252053462
CYCLE_1531156500000,1531156500000,2018,2018-2022,25204,1531156800000,26068,1531427400000,True,1531202400000.0,1531202700000.0,-0.516026191235236,0.48397380876476404,0.48397380876476404,-1.0,1.483973808764764,1,1,0,0,0,0,0,0,0,1531203600000,25347,STOP,143,-1.0,0.0
CYCLE_1531204500000,1531204500000,2018,2018-2022,25352,1531204800000,26216,1531475400000,True,1531208700000.0,1531209000000.0,-0.04850763168622312,0.9514923683137769,0.9514923683137769,-1.0,1.9514923683137768,1,1,0,0,0,0,0,0,0,1531212900000,25378,STOP,26,-1.0,0.0
CYCLE_1532351700000,1532351700000,2018,2018-2022,27912,1532352000000,28776,1532622000000,True,1532354700000.0,1532355000000.0,-0.4931953681387324,0.5068046318612676,0.5068046318612676,-1.0,1.5068046318612676,4,1,0,0,0,0,0,0,3,1532395200000,28043,STOP,131,-1.0,0.0
CYCLE_1532395500000,1532395500000,2018,2018-2022,28046,1532395800000,28910,1532666100000,True,1532409000000.0,1532409300000.0,-0.551926222877376,0.448073777122624,0.448073777122624,0.14614029165054798,1.448073777122624,1,1,0,0,0,0,0,0,0,1532427300000,28150,TARGET,104,,
CYCLE_1532594100000,1532594100000,2018,2018-2022,28684,1532594400000,29548,1533038100000,True,1532611200000.0,1532611500000.0,0.07523563616512448,1.0,1.0,-0.9247643638348755,2.0,3,1,0,0,0,0,0,0,2,1532628900000,28798,STOP,114,-1.0,0.07523563616512452
CYCLE_1532653800000,1532653800000,2018,2018-2022,28870,1532654100000,29734,1533097500000,True,1532657100000.0,1532657400000.0,-0.21017629466391596,0.789823705336084,0.789823705336084,-1.0,1.789823705336084,1,1,0,0,0,0,0,0,0,1532680200000,28956,STOP,86,-1.0,0.0
CYCLE_1532681700000,1532681700000,2018,2018-2022,28963,1532682000000,29827,1533125400000,True,1532688000000.0,1532688300000.0,-0.23966042056468326,0.7603395794353167,0.7603395794353167,1.2085618840924615,1.7603395794353167,1,1,0,0,0,0,0,0,0,1532700900000,29025,TARGET,62,2.3169035717276736,-1.1083416876352121
CYCLE_1533536400000,1533536400000,2018,2018-2022,30583,1533536700000,31447,1533807300000,True,1533537600000.0,1533537900000.0,-0.016458880139942234,0.9835411198600578,0.9835411198600578,-1.0,1.9835411198600577,3,1,0,0,0,0,0,0,2,1533550500000,30628,STOP,45,-1.0,0.0
CYCLE_1534324500000,1534324500000,2018,2018-2022,32545,1534324800000,33409,1534768500000,True,1534330500000.0,1534330800000.0,-0.4790638657831656,0.5209361342168344,0.5209361342168344,-1.0,1.5209361342168344,1,1,0,0,0,0,0,0,0,1534340700000,32597,STOP,52,-1.0,0.0
CYCLE_1534341600000,1534341600000,2018,2018-2022,32602,1534341900000,33466,1534785600000,True,1534345500000.0,1534345800000.0,-0.26304322898748633,0.7369567710125137,0.7369567710125137,-1.0,1.7369567710125136,1,1,0,0,0,0,0,0,0,1534349100000,32625,STOP,23,-1.0,0.0
CYCLE_1534350300000,1534350300000,2018,2018-2022,32631,1534350600000,33495,1534794300000,True,1534353600000.0,1534353900000.0,-0.14329699592245623,0.8567030040775437,0.8567030040775437,-1.0,1.8567030040775436,2,1,0,0,0,0,0,0,1,1534378800000,32712,STOP,81,-1.0,0.0
CYCLE_1534450500000,1534450500000,2018,2018-2022,32953,1534450800000,33817,1534898400000,True,1534465200000.0,1534465500000.0,-0.336980817347787,0.6630191826522129,0.6630191826522129,1.2990514527274983,1.663019182652213,1,1,0,0,0,0,0,0,0,1534535700000,33223,TARGET,270,2.968974145120886,-1.6699226923933879
CYCLE_1534855200000,1534855200000,2018,2018-2022,33686,1534855500000,34550,1535125500000,True,1534864800000.0,1534865100000.0,-0.6390615732706191,0.3609384267293809,0.3609384267293809,0.07392665350537075,1.360938426729381,1,1,0,0,0,0,0,0,0,1534884600000,33782,TARGET,96,1.7841969993189335,-1.7102703458135626
CYCLE_1534991700000,1534991700000,2018,2018-2022,34117,1534992000000,34981,1535435400000,True,1534997700000.0,1534998000000.0,-0.35808348424889413,0.6419165157511059,0.6419165157511059,-1.0,1.641916515751106,1,1,0,0,0,0,0,0,0,1535007900000,34169,STOP,52,-1.0,0.0
CYCLE_1535361300000,1535361300000,2018,2018-2022,34748,1535361600000,35612,1535632200000,True,1535366700000.0,1535367000000.0,-0.19342359767891976,0.8065764023210802,0.8065764023210802,2.0179801269753557,1.8065764023210802,1,1,0,0,0,0,0,0,0,1535379900000,34808,TARGET,60,2.433268858800966,-0.4152887318256102
CYCLE_1535483700000,1535483700000,2018,2018-2022,35143,1535484000000,36007,1535931600000,True,1535607300000.0,1535607600000.0,0.25014698501472193,1.0,1.0,-0.749853014985278,2.0,1,1,0,0,0,0,0,0,0,1535608800000,35533,STOP,390,-1.0,0.250146985014722
CYCLE_1536325500000,1536325500000,2018,2018-2022,37224,1536325800000,38088,1536769200000,True,1536553500000.0,1536553800000.0,-0.49139680854385337,0.5086031914561466,0.5086031914561466,-1.0,1.5086031914561466,3,1,0,0,0,0,0,0,2,1536669600000,37768,STOP,544,-1.0,0.0
CYCLE_1536936600000,1536936600000,2018,2018-2022,38621,1536936900000,39485,1537380300000,True,1536939300000.0,1536939600000.0,-0.40213206988450123,0.5978679301154988,0.5978679301154988,-1.0,1.5978679301154988,1,1,0,0,0,0,0,0,0,1536943500000,38642,STOP,21,-1.0,0.0
CYCLE_1537842000000,1537842000000,2018,2018-2022,40399,1537842300000,41263,1538114400000,True,1537945800000.0,1537946100000.0,0.9728857498081901,1.0,1.0,-0.027114250191809908,2.0,3,1,0,0,0,0,0,0,2,1537961700000,40783,STOP,384,-1.0,0.9728857498081901
CYCLE_1538376600000,1538376600000,2018,2018-2022,41549,1538376900000,42413,1538646900000,True,1538378700000.0,1538379000000.0,-0.2521075472639253,0.7478924527360746,0.7478924527360746,1.086538576774308,1.7478924527360746,2,1,0,0,0,0,0,0,1,1538454900000,41796,TARGET,247,-1.0,2.0865385767743083
CYCLE_1538623200000,1538623200000,2018,2018-2022,42335,1538623500000,43199,1539067200000,True,1538626200000.0,1538626500000.0,-0.010908060631860275,0.9890919393681398,0.9890919393681398,2.282126689970343,1.9890919393681399,1,1,0,0,0,0,0,0,0,1538660100000,42456,TARGET,121,2.6232705293478835,-0.34114383937754056
CYCLE_1539814200000,1539814200000,2018,2018-2022,45028,1539814500000,45892,1540258200000,True,1539820800000.0,1539821100000.0,0.002570484311889513,1.0,1.0,-0.9974295156881104,2.0,2,1,0,0,0,0,0,0,1,1539843600000,45124,STOP,96,-1.0,0.0025704843118895537
CYCLE_1539843900000,1539843900000,2018,2018-2022,45127,1539844200000,45991,1540287900000,True,1539845400000.0,1539845700000.0,-0.3385523136963212,0.6614476863036788,0.6614476863036788,0.9190893319324994,1.6614476863036787,1,1,0,0,0,0,0,0,0,1539865800000,45198,TARGET,71,,
CYCLE_1540474200000,1540474200000,2018,2018-2022,46587,1540474500000,47451,1540917900000,True,1540479300000.0,1540479600000.0,-0.6748360841058055,0.32516391589419447,0.32516391589419447,0.024085626212420497,1.3251639158941946,3,1,0,0,0,0,0,0,2,1540545000000,46808,TARGET,221,0.7706307935789967,-0.7465451673665762
CYCLE_1541162400000,1541162400000,2018,2018-2022,48210,1541162700000,49074,1541611500000,True,1541163900000.0,1541164200000.0,-0.11602271109773366,0.8839772889022663,0.8839772889022663,-1.0,1.8839772889022663,2,1,0,0,0,0,0,0,1,1541424600000,48480,STOP,270,-1.0,0.0
CYCLE_1541523600000,1541523600000,2018,2018-2022,48796,1541523900000,49660,1541796000000,True,1541529600000.0,1541529900000.0,-0.418461054411719,0.581538945588281,0.581538945588281,0.6537932646243155,1.5815389455882811,2,1,0,0,0,0,0,0,1,1541581500000,48973,TARGET,177,2.1733624368277105,-1.5195691722033948
CYCLE_1543244700000,1543244700000,2018,2018-2022,52504,1543245000000,53368,1543518600000,True,1543248000000.0,1543248300000.0,-0.22965804292827807,0.7703419570717219,0.7703419570717219,-1.0,1.770341957071722,6,1,0,0,0,0,0,0,5,1543301100000,52674,STOP,170,-1.0,0.0
CYCLE_1543515600000,1543515600000,2018,2018-2022,53359,1543515900000,54223,1543967100000,True,1543520100000.0,1543520400000.0,-0.3692505628819522,0.6307494371180478,0.6307494371180478,-1.0,1.6307494371180478,3,1,0,0,0,0,0,0,2,1543586700000,53577,STOP,218,-1.0,0.0
CYCLE_1543985700000,1543985700000,2018,2018-2022,54286,1543986000000,55150,1544432100000,True,1543986900000.0,1543987200000.0,-0.16347484711979193,0.836525152880208,0.836525152880208,2.1478069527472012,1.836525152880208,5,1,0,0,0,0,0,0,4,1544107500000,54676,TARGET,390,3.045222336864956,-0.8974153841177546
CYCLE_1547139300000,1547139300000,2019,2018-2022,60937,1547139600000,61801,1547584200000,True,1547143500000.0,1547143800000.0,-0.2531971468366027,0.7468028531633972,0.7468028531633972,1.0446392587235247,1.7468028531633972,4,1,0,0,0,0,0,0,3,1547466000000,61420,TARGET,483,0.09542902967123564,0.949210229052289
CYCLE_1549254900000,1549254900000,2019,2018-2022,65369,1549255200000,66233,1549529700000,True,1549257000000.0,1549257300000.0,-0.02392344497613307,0.9760765550238669,0.9760765550238669,-1.0,1.9760765550238668,6,1,0,0,0,0,0,0,5,1549283400000,65460,STOP,91,-1.0,0.0
CYCLE_1549284900000,1549284900000,2019,2018-2022,65467,1549285200000,66331,1549559100000,True,1549289700000.0,1549290000000.0,0.01734414810309145,1.0,1.0,0.6295256840359219,2.0,1,1,0,0,0,0,0,0,0,1549297200000,65506,TARGET,39,1.3869241018209126,-0.7573984177849907
CYCLE_1549359600000,1549359600000,2019,2018-2022,65698,1549359900000,66562,1549633200000,True,1549360800000.0,1549361100000.0,-0.07712248865839277,0.9228775113416072,0.9228775113416072,1.4378017741046483,1.9228775113416072,1,1,0,0,0,0,0,0,0,1549373700000,65743,TARGET,45,,
CYCLE_1549871700000,1549871700000,2019,2018-2022,66767,1549872000000,67631,1550143800000,True,1549872900000.0,1549873200000.0,-0.07860287816547076,0.9213971218345293,0.9213971218345293,-1.0,1.9213971218345294,1,1,0,0,0,0,0,0,0,1549875600000,66778,STOP,11,-1.0,0.0
CYCLE_1549890300000,1549890300000,2019,2018-2022,66829,1549890600000,67693,1550162700000,True,1549892700000.0,1549893000000.0,-0.5506265434921331,0.44937345650786686,0.44937345650786686,0.4514287354979152,1.4493734565078669,3,1,0,0,0,0,0,0,2,1549953900000,67027,TARGET,198,-1.0,1.4514287354979152
CYCLE_1550773200000,1550773200000,2019,2018-2022,69026,1550773500000,69890,1551223800000,True,1550776500000.0,1550776800000.0,-0.23984962406016305,0.7601503759398369,0.7601503759398369,-1.0,1.760150375939837,1,1,0,0,0,0,0,0,0,1550784900000,69063,STOP,37,-1.0,0.0
CYCLE_1550785200000,1550785200000,2019,2018-2022,69066,1550785500000,69930,1551241500000,True,1551101100000.0,1551101400000.0,0.5974469348374588,1.0,1.0,1.797829321633437,2.0,1,1,0,0,0,0,0,0,0,1551103500000,69525,TARGET,459,0.7746029389935919,1.023226382639845
CYCLE_1551460800000,1551460800000,2019,2018-2022,70632,1551461100000,71496,1551907200000,True,1551465900000.0,1551466200000.0,-0.659017521571107,0.34098247842889295,0.34098247842889295,-1.0,1.3409824784288928,1,1,0,0,0,0,0,0,0,1551468000000,70654,STOP,22,-1.0,0.0
CYCLE_1551711300000,1551711300000,2019,2018-2022,70879,1551711600000,71743,1551985800000,True,1551778200000.0,1551778500000.0,-0.30424617935989806,0.6957538206401019,0.6957538206401019,-1.0,1.695753820640102,2,1,0,0,0,0,0,0,1,1551798300000,71151,STOP,272,-0.04143681404104175,-0.9585631859589583
CYCLE_1551800400000,1551800400000,2019,2018-2022,71160,1551800700000,72024,1552076100000,True,1551806400000.0,1551806700000.0,-0.18054820304691088,0.8194517969530891,0.8194517969530891,1.7999684765854203,1.8194517969530892,4,1,0,0,0,0,0,0,3,1552026000000,71856,TARGET,696,,
CYCLE_1552304700000,1552304700000,2019,2018-2022,72195,1552305000000,73059,1552581900000,True,1552308000000.0,1552308300000.0,0.1120400910230292,1.0,1.0,-0.8879599089769707,2.0,1,1,0,0,0,0,0,0,0,1552315500000,72229,STOP,34,-1.0,0.11204009102302925
CYCLE_1552316100000,1552316100000,2019,2018-2022,72233,1552316400000,73097,1552593300000,True,1552323600000.0,1552323900000.0,-0.21615364997150466,0.7838463500284953,0.7838463500284953,1.47530426324786,1.7838463500284953,2,1,0,0,0,0,0,0,1,1552394700000,72474,TARGET,241,1.7519471092539542,-0.27664284600609435
CYCLE_1552539600000,1552539600000,2019,2018-2022,72919,1552539900000,73783,1552989000000,True,1552547700000.0,1552548000000.0,-0.3880958250230028,0.6119041749769971,0.6119041749769971,-1.0,1.6119041749769971,2,1,0,0,0,0,0,0,1,1552556100000,72972,STOP,53,-1.0,0.0
CYCLE_1552871400000,1552871400000,2019,2018-2022,73412,1552871700000,74276,1553149200000,True,1552877400000.0,1552877700000.0,-0.13606881274075355,0.8639311872592464,0.8639311872592464,2.0398618104568236,1.8639311872592463,1,1,0,0,0,0,0,0,0,1552914000000,73552,TARGET,140,1.9924960584348275,0.04736575202199611
CYCLE_1553601000000,1553601000000,2019,2018-2022,75157,1553601300000,76021,1553875200000,True,1553673600000.0,1553673900000.0,0.2562443845462564,1.0,1.0,-0.7437556154537436,2.0,1,1,0,0,0,0,0,0,0,1553694300000,75451,STOP,294,-1.0,0.2562443845462564
CYCLE_1553694600000,1553694600000,2019,2018-2022,75454,1553694900000,76318,1554141300000,True,1553715000000.0,1553715300000.0,-0.6324527695582606,0.3675472304417394,0.3675472304417394,-1.0,1.3675472304417395,5,1,0,0,0,0,0,0,4,1553772600000,75694,STOP,240,-1.0,0.0
CYCLE_1553774400000,1553774400000,2019,2018-2022,75702,1553774700000,76566,1554221700000,True,1553775900000.0,1553776200000.0,-0.03495897671098674,0.9650410232890133,0.9650410232890133,-1.0,1.9650410232890132,1,1,0,0,0,0,0,0,0,1553778000000,75712,STOP,10,-1.0,0.0
CYCLE_1554997800000,1554997800000,2019,2018-2022,78452,1554998100000,79316,1555443600000,True,1555000200000.0,1555000500000.0,-0.3388715309685606,0.6611284690314394,0.6611284690314394,-1.0,1.6611284690314394,1,1,0,0,0,0,0,0,0,1555003800000,78470,STOP,18,-1.0,0.0
CYCLE_1555329600000,1555329600000,2019,2018-2022,78952,1555329900000,79816,1555603800000,True,1555332600000.0,1555332900000.0,-0.7402633582823919,0.25973664171760813,0.25973664171760813,-0.21828034331779333,1.2597366417176081,3,1,0,0,0,0,0,0,2,1555347300000,79009,TARGET,57,-1.0,0.7817196566822067
CYCLE_1555941900000,1555941900000,2019,2018-2022,80062,1555942200000,80926,1556217000000,True,1555944300000.0,1555944600000.0,-0.40859047577686813,0.5914095242231319,0.5914095242231319,-1.0,1.5914095242231319,3,1,0,0,0,0,0,0,2,1555999500000,80232,STOP,170,-1.0,0.0
CYCLE_1556018400000,1556018400000,2019,2018-2022,80297,1556018700000,81161,1556292300000,True,1556021700000.0,1556022000000.0,-0.1691914893617263,0.8308085106382737,0.8308085106382737,-1.0,1.8308085106382737,1,1,0,0,0,0,0,0,0,1556023200000,80311,STOP,14,-1.0,0.0
CYCLE_1556026500000,1556026500000,2019,2018-2022,80324,1556026800000,81188,1556300400000,True,1556030700000.0,1556031000000.0,-0.3196606874613076,0.6803393125386924,0.6803393125386924,0.7573036758086952,1.6803393125386923,1,1,0,0,0,0,0,0,0,1556094900000,80535,TARGET,211,1.0903949810019846,-0.33309130519328944
CYCLE_1556526600000,1556526600000,2019,2018-2022,81345,1556526900000,82209,1556801100000,True,1556537400000.0,1556537700000.0,-0.2665186007773662,0.7334813992226338,0.7334813992226338,-1.0,1.733481399222634,2,1,0,0,0,0,0,0,1,1556545800000,81407,STOP,62,-1.0,0.0
CYCLE_1556679900000,1556679900000,2019,2018-2022,81821,1556680200000,82685,1557128700000,True,1556692500000.0,1556692800000.0,-0.4766147942869603,0.5233852057130397,0.5233852057130397,0.9568257780368112,1.5233852057130397,2,1,0,0,0,0,0,0,1,1556734800000,82002,TARGET,181,-1.0,1.9568257780368112
CYCLE_1557144300000,1557144300000,2019,2018-2022,82738,1557144600000,83602,1557420600000,True,1557146100000.0,1557146400000.0,-0.6559187672575254,0.3440812327424746,0.3440812327424746,0.08393400450855626,1.3440812327424747,4,1,0,0,0,0,0,0,3,1557282900000,83159,TARGET,421,-1.0,1.0839340045085564
CYCLE_1558441800000,1558441800000,2019,2018-2022,85728,1558442100000,86592,1558715400000,True,1558446600000.0,1558446900000.0,-0.5227026376008591,0.4772973623991409,0.4772973623991409,0.15454865987642796,1.477297362399141,1,1,0,0,0,0,0,0,0,1558483800000,85848,TARGET,120,1.2684571841503762,-1.1139085242739482
CYCLE_1558687800000,1558687800000,2019,2018-2022,86501,1558688100000,87365,1559150700000,True,1559020200000.0,1559020500000.0,0.3568095340656462,1.0,1.0,-0.6431904659343538,2.0,5,5,4,0,0,0,0,0,0,1559045700000,87035,STOP,534,-1.0,0.3568095340656462
CYCLE_1560933300000,1560933300000,2019,2018-2022,91348,1560933600000,92212,1561377000000,True,1560934800000.0,1560935100000.0,-0.21773418734989197,0.7822658126501081,0.7822658126501081,1.6648433344188984,1.782265812650108,3,1,0,0,0,0,0,0,2,1560967500000,91460,TARGET,112,2.1547237790232097,-0.48988044460431124
CYCLE_1561522200000,1561522200000,2019,2018-2022,92671,1561522500000,93535,1561966800000,True,1561548600000.0,1561548900000.0,-0.06445057948065379,0.9355494205193462,0.9355494205193462,1.6009564925523563,1.9355494205193462,2,1,0,0,0,0,0,0,1,1561686900000,93190,TARGET,519,-1.0,2.6009564925523563
CYCLE_1562159400000,1562159400000,2019,2018-2022,94153,1562159700000,95017,1562617800000,True,1562162400000.0,1562162700000.0,-0.12992688600866212,0.8700731139913379,0.8700731139913379,-1.0,1.8700731139913378,5,1,0,0,0,0,0,0,4,1562330100000,94646,STOP,493,-1.0,0.0
CYCLE_1562866500000,1562866500000,2019,2018-2022,95810,1562866800000,96674,1563314400000,True,1562867400000.0,1562867700000.0,-0.20818240163603713,0.7918175983639628,0.7918175983639628,1.6289578334780526,1.7918175983639628,2,1,0,0,0,0,0,0,1,1563142800000,96128,TARGET,318,1.8549750350814047,-0.22601720160335215
CYCLE_1563202200000,1563202200000,2019,2018-2022,96328,1563202500000,97192,1563473700000,True,1563281700000.0,1563282000000.0,0.05692848060631349,1.0,1.0,-0.9430715193936865,2.0,2,1,0,0,0,0,0,0,1,1563292800000,96614,STOP,286,-1.0,0.0569284806063135
CYCLE_1563433200000,1563433200000,2019,2018-2022,97058,1563433500000,97922,1563877500000,True,1563448800000.0,1563449100000.0,-0.3835933304878311,0.6164066695121688,0.6164066695121688,-1.0,1.6164066695121688,1,1,0,0,0,0,0,0,0,1563453900000,97125,STOP,67,-1.0,0.0
CYCLE_1563536100000,1563536100000,2019,2018-2022,97389,1563536400000,98253,1563980400000,True,1563541500000.0,1563541800000.0,-0.2711577635050257,0.7288422364949743,0.7288422364949743,-1.0,1.7288422364949743,1,1,0,0,0,0,0,0,0,1563547500000,97425,STOP,36,-1.0,0.0
CYCLE_1564620600000,1564620600000,2019,2018-2022,99732,1564620900000,100596,1565064600000,True,1564622400000.0,1564622700000.0,0.3178863616370385,1.0,1.0,1.7287029045851239,2.0,4,1,0,0,0,0,0,0,3,1564681200000,99932,TARGET,200,2.6473066359094766,-0.9186037313243527
CYCLE_1565270700000,1565270700000,2019,2018-2022,101259,1565271000000,102123,1565714100000,True,1565354400000.0,1565354700000.0,0.4864346897424592,1.0,1.0,-0.5135653102575408,2.0,1,1,0,0,0,0,0,0,0,1565592300000,101728,STOP,469,1.8151401882832168,-2.3287054985407574
CYCLE_1566206400000,1566206400000,2019,2018-2022,103137,1566206700000,104001,1566477900000,True,1566209700000.0,1566210000000.0,-0.16071257745983894,0.8392874225401611,0.8392874225401611,-1.0,1.8392874225401612,2,1,0,0,0,0,0,0,1,1566215100000,103164,STOP,27,-1.0,0.0
CYCLE_1569303000000,1569303000000,2019,2018-2022,110207,1569303300000,111071,1569573600000,True,1569331800000.0,1569332100000.0,-0.4809748987305424,0.5190251012694576,0.5190251012694576,0.3482898395514687,1.5190251012694576,2,1,0,0,0,0,0,0,1,1569339300000,110326,TARGET,119,-1.0,1.3482898395514686
CYCLE_1569413700000,1569413700000,2019,2018-2022,110564,1569414000000,111428,1569857100000,True,1569416700000.0,1569417000000.0,0.07985506630999452,1.0,1.0,-0.9201449336900055,2.0,1,1,0,0,0,0,0,0,0,1569422100000,110590,STOP,26,-1.0,0.0798550663099945
CYCLE_1569499800000,1569499800000,2019,2018-2022,110838,1569500100000,111702,1569943800000,True,1569501300000.0,1569501600000.0,0.0654298258036787,1.0,1.0,0.5995312490764888,2.0,1,1,0,0,0,0,0,0,0,1569505200000,110854,TARGET,16,-1.0,1.5995312490764888
CYCLE_1570447200000,1570447200000,2019,2018-2022,112756,1570447500000,113620,1570717800000,True,1570454400000.0,1570454700000.0,-0.48929273962803155,0.5107072603719685,0.5107072603719685,-1.0,1.5107072603719685,1,1,0,0,0,0,0,0,0,1570469700000,112829,STOP,73,-1.0,0.0
CYCLE_1570615500000,1570615500000,2019,2018-2022,113292,1570615800000,114156,1571059800000,True,1570620600000.0,1570620900000.0,-0.25600657281164524,0.7439934271883548,0.7439934271883548,1.3038193888495173,1.7439934271883548,1,1,0,0,0,0,0,0,0,1570650300000,113406,TARGET,114,1.5230936625660505,-0.21927427371653319
CYCLE_1571385000000,1571385000000,2019,2018-2022,115181,1571385300000,116045,1571831400000,True,1571388600000.0,1571388900000.0,-0.35699387741369104,0.643006122586309,0.643006122586309,-1.0,1.6430061225863088,1,1,0,0,0,0,0,0,0,1571397000000,115219,STOP,38,-1.0,0.0
CYCLE_1573488000000,1573488000000,2019,2018-2022,119647,1573488300000,120511,1573761000000,True,1573573800000.0,1573574100000.0,-0.19171840576808333,0.8082815942319167,0.8082815942319167,0.5544626818271424,1.8082815942319166,1,1,0,0,0,0,0,0,0,1573586400000,119957,TARGET,310,1.4265221309833584,-0.872059449156216
CYCLE_1573797600000,1573797600000,2019,2018-2022,120620,1573797900000,121484,1574241900000,True,1573800300000.0,1573800600000.0,-0.17340357747836574,0.8265964225216342,0.8265964225216342,-1.0,1.8265964225216342,3,1,0,0,0,0,0,0,2,1574065500000,120923,STOP,303,-1.0,0.0
CYCLE_1574071800000,1574071800000,2019,2018-2022,120946,1574072100000,121810,1574343300000,True,1574073300000.0,1574073600000.0,-0.24073411487382426,0.7592658851261758,0.7592658851261758,1.3000883717738574,1.7592658851261758,2,1,0,0,0,0,0,0,1,1574084400000,120986,TARGET,40,2.1186201671121765,-0.8185317953383191
CYCLE_1574151000000,1574151000000,2019,2018-2022,121198,1574151300000,122062,1574423700000,True,1574153100000.0,1574153400000.0,-0.4914016489988211,0.5085983510011789,0.5085983510011789,-1.0,1.508598351001179,3,1,0,0,0,0,0,0,2,1574159400000,121224,STOP,26,-1.0,0.0
CYCLE_1574264400000,1574264400000,2019,2018-2022,121560,1574264700000,122424,1574708700000,True,1574268300000.0,1574268600000.0,-0.236062508988045,0.763937491011955,0.763937491011955,-1.0,1.763937491011955,2,1,0,0,0,0,0,0,1,1574349300000,121829,STOP,269,-1.0,0.0
CYCLE_1574690100000,1574690100000,2019,2018-2022,122363,1574690400000,123227,1574982000000,True,1574731200000.0,1574731500000.0,-0.6747986438731782,0.3252013561268218,0.3252013561268218,-1.0,1.3252013561268217,2,1,0,0,0,0,0,0,1,1574779500000,122644,STOP,281,-1.0,0.0
CYCLE_1575474900000,1575474900000,2019,2018-2022,124218,1575475200000,125082,1575921300000,True,1575556200000.0,1575556500000.0,0.3971601080130075,1.0,1.0,-0.6028398919869925,2.0,2,1,0,0,0,0,0,0,1,1575639300000,124731,STOP,513,-1.0,0.3971601080130075
CYCLE_1575643500000,1575643500000,2019,2018-2022,124747,1575643800000,125611,1576088100000,True,1575644700000.0,1575645000000.0,-0.005338332724272135,0.9946616672757279,0.9946616672757279,1.4960106774715871,1.9946616672757278,4,1,0,0,0,0,0,0,3,1576080600000,125585,TARGET,838,2.034826265868027,-0.5388155883964398
CYCLE_1579597200000,1579597200000,2020,2018-2022,132808,1579597500000,133672,1579867800000,True,1579605300000.0,1579605600000.0,-0.1574175394716442,0.8425824605283558,0.8425824605283558,-1.0,1.8425824605283558,1,1,0,0,0,0,0,0,0,1579617000000,132872,STOP,64,-1.0,0.0
CYCLE_1579765500000,1579765500000,2020,2018-2022,133345,1579765800000,134209,1580209500000,True,1579767000000.0,1579767300000.0,-0.4095442927498549,0.5904557072501451,0.5904557072501451,0.9176250826898076,1.590455707250145,2,1,0,0,0,0,0,0,1,1579791300000,133429,TARGET,84,1.9522785362507753,-1.0346534535609677
CYCLE_1579853700000,1579853700000,2020,2018-2022,133626,1579854000000,134490,1580297400000,True,1579856100000.0,1579856400000.0,-0.3551013656331317,0.6448986343668683,0.6448986343668683,1.258724578697721,1.6448986343668683,2,1,0,0,0,0,0,0,1,1579878900000,133708,TARGET,82,2.430349035969638,-1.171624457271917
CYCLE_1581405300000,1581405300000,2020,2018-2022,136921,1581405600000,137785,1581676800000,True,1581409200000.0,1581409500000.0,-0.35641883928147683,0.6435811607185231,0.6435811607185231,-1.0,1.6435811607185231,1,1,0,0,0,0,0,0,0,1581435900000,137021,STOP,100,1.09914666918108,-2.09914666918108
CYCLE_1582826100000,1582826100000,2020,2018-2022,140306,1582826400000,141170,1583269200000,True,1582836000000.0,1582836300000.0,0.009191510904052218,1.0,1.0,-0.9908084890959478,2.0,2,1,0,0,0,0,0,0,1,1582869600000,140437,STOP,131,-1.0,0.009191510904052236
CYCLE_1582870800000,1582870800000,2020,2018-2022,140443,1582871100000,141307,1583313900000,True,1582875300000.0,1582875600000.0,-0.5318239488382228,0.4681760511617772,0.4681760511617772,-1.0,1.4681760511617772,2,1,0,0,0,0,0,0,1,1582902300000,140546,STOP,103,-1.0,0.0
CYCLE_1582905600000,1582905600000,2020,2018-2022,140559,1582905900000,141423,1583348700000,True,1582915500000.0,1582915800000.0,-0.497122052704578,0.502877947295422,0.502877947295422,0.2658950160193526,1.502877947295422,3,1,0,0,0,0,0,0,2,1583247900000,141098,TARGET,539,0.7255547850208128,-0.4596597690014602
CYCLE_1583820300000,1583820300000,2020,2018-2022,142379,1583820600000,143243,1584090600000,True,1583870400000.0,1583870700000.0,-0.6317901757956088,0.3682098242043912,0.3682098242043912,-1.0,1.3682098242043912,7,1,0,0,0,0,0,0,6,1583978700000,142881,STOP,502,-1.0,0.0
CYCLE_1585136400000,1585136400000,2020,2018-2022,145467,1585136700000,146331,1585580400000,True,1585190100000.0,1585190400000.0,-0.41132266705277465,0.5886773329472254,0.5886773329472254,0.6391066257681247,1.5886773329472255,1,1,0,0,0,0,0,0,0,1585244400000,145811,TARGET,344,0.1055816984000632,0.5335249273680616
CYCLE_1586246700000,1586246700000,2020,2018-2022,147905,1586247000000,148769,1586777100000,True,1586267100000.0,1586267400000.0,-0.19890810024637637,0.8010918997536236,0.8010918997536236,1.1952452744243767,1.8010918997536236,1,1,0,0,0,0,0,0,0,1586440200000,148521,TARGET,616,1.4461557386242212,-0.25091046419984453
CYCLE_1587120900000,1587120900000,2020,2018-2022,149868,1587121200000,150732,1587564000000,True,1587147900000.0,1587148200000.0,-0.17056629536111675,0.8294337046388832,0.8294337046388832,-1.0,1.829433704638883,5,1,0,0,0,0,0,0,4,1587461100000,150400,STOP,532,-1.0,0.0
CYCLE_1587744000000,1587744000000,2020,2018-2022,151308,1587744300000,152172,1588187100000,True,1587971100000.0,1587971400000.0,0.3734613279884823,1.0,1.0,-0.6265386720115177,2.0,2,1,0,0,0,0,0,0,1,1587996900000,151561,STOP,253,-1.0,0.3734613279884823
CYCLE_1587996900000,1587996900000,2020,2018-2022,151563,1587997200000,152427,1588267200000,True,1588033800000.0,1588034100000.0,-0.30721661589442795,0.692783384105572,0.692783384105572,-1.0,1.6927833841055722,3,1,0,0,0,0,0,0,2,1588044600000,151708,STOP,145,,
CYCLE_1588083000000,1588083000000,2020,2018-2022,151838,1588083300000,152702,1588353300000,True,1588148100000.0,1588148400000.0,0.42377697133372416,1.0,1.0,-0.5762230286662758,2.0,2,1,0,0,0,0,0,0,1,1588166400000,152102,STOP,264,1.2910043979332626,-1.8672274265995386
CYCLE_1588771500000,1588771500000,2020,2018-2022,153485,1588771800000,154349,1589214600000,True,1588776300000.0,1588776600000.0,-0.18047023647731641,0.8195297635226836,0.8195297635226836,0.7646301640444131,1.8195297635226835,4,1,0,0,0,0,0,0,3,1588865400000,153784,TARGET,299,-1.0,1.764630164044413
CYCLE_1588966200000,1588966200000,2020,2018-2022,154110,1588966500000,154974,1589412900000,True,1589148600000.0,1589148900000.0,-0.13955966832158095,0.860440331678419,0.860440331678419,-1.0,1.860440331678419,3,1,0,0,0,0,0,0,2,1589209500000,154331,STOP,221,-1.0,0.0
CYCLE_1589209800000,1589209800000,2020,2018-2022,154334,1589210100000,155198,1589480400000,True,1589214900000.0,1589215200000.0,-0.07510609336214448,0.9248939066378555,0.9248939066378555,2.13717486352997,1.9248939066378554,1,1,0,0,0,0,0,0,0,1589375100000,154859,TARGET,525,,
CYCLE_1589979300000,1589979300000,2020,2018-2022,156237,1589979600000,157101,1590422400000,True,1590023700000.0,1590024000000.0,-0.38288855042712555,0.6171114495728744,0.6171114495728744,-1.0,1.6171114495728744,1,1,0,0,0,0,0,0,0,1590041700000,156431,STOP,194,-1.0,0.0
CYCLE_1590048000000,1590048000000,2020,2018-2022,156454,1590048300000,157318,1590505500000,True,1590051300000.0,1590051600000.0,-0.512664937408371,0.48733506259162895,0.48733506259162895,-1.0,1.487335062591629,3,1,0,0,0,0,0,0,2,1590069900000,156525,STOP,71,-1.0,0.0
CYCLE_1590689100000,1590689100000,2020,2018-2022,157907,1590689400000,158771,1591135800000,True,1590690900000.0,1590691200000.0,-0.16819342243580335,0.8318065775641966,0.8318065775641966,1.6385971439957556,1.8318065775641967,1,1,0,0,0,0,0,0,0,1590753900000,158109,TARGET,202,2.3250738349100546,-0.686476690914299
CYCLE_1592311500000,1592311500000,2020,2018-2022,161430,1592311800000,162294,1592581800000,True,1592313600000.0,1592313900000.0,-0.37055889239539863,0.6294411076046014,0.6294411076046014,0.33395160952349245,1.6294411076046014,3,1,0,0,0,0,0,0,2,1592471700000,161938,TARGET,508,-1.0,1.3339516095234925
CYCLE_1592481300000,1592481300000,2020,2018-2022,161972,1592481600000,162836,1592924400000,True,1592490900000.0,1592491200000.0,-0.1742296961357381,0.8257703038642619,0.8257703038642619,1.4667097481051377,1.8257703038642619,1,1,0,0,0,0,0,0,0,1592577600000,162279,TARGET,307,1.6776469336090138,-0.2109371855038762
CYCLE_1593005400000,1593005400000,2020,2018-2022,163095,1593005700000,163959,1593448800000,True,1593015300000.0,1593015600000.0,-0.11760705425937244,0.8823929457406275,0.8823929457406275,-1.0,1.8823929457406274,1,1,0,0,0,0,0,0,0,1593036300000,163184,STOP,89,-1.0,0.0
CYCLE_1593036600000,1593036600000,2020,2018-2022,163187,1593036900000,164051,1593480300000,True,1593088200000.0,1593088500000.0,-0.32260073121374383,0.6773992687862562,0.6773992687862562,-1.0,1.6773992687862562,1,1,0,0,0,0,0,0,0,1593179100000,163647,STOP,460,0.3349110384665496,-1.3349110384665497
CYCLE_1593179400000,1593179400000,2020,2018-2022,163650,1593179700000,164514,1593622800000,True,1593180300000.0,1593180600000.0,-0.2828118082900497,0.7171881917099503,0.7171881917099503,1.0440822453186807,1.7171881917099503,2,1,0,0,0,0,0,0,1,1593185400000,163668,TARGET,18,,
CYCLE_1593434700000,1593434700000,2020,2018-2022,163913,1593435000000,164777,1593705300000,True,1593518400000.0,1593518700000.0,-0.2993919910545698,0.7006080089454302,0.7006080089454302,0.5094780360542269,1.70060800894543,1,1,0,0,0,0,0,0,0,1593527700000,164208,TARGET,295,,
CYCLE_1593602700000,1593602700000,2020,2018-2022,164448,1593603000000,165312,1594060200000,True,1593604200000.0,1593604500000.0,-0.2938000568319275,0.7061999431680726,0.7061999431680726,-1.0,1.7061999431680726,1,1,0,0,0,0,0,0,0,1593609300000,164468,STOP,20,-1.0,0.0
CYCLE_1593609300000,1593609300000,2020,2018-2022,164470,1593609600000,165334,1594066800000,True,1593611100000.0,1593611400000.0,-0.4798929174183868,0.5201070825816132,0.5201070825816132,-1.0,1.5201070825816132,1,1,0,0,0,0,0,0,0,1593611700000,164476,STOP,6,-1.0,0.0
CYCLE_1593614400000,1593614400000,2020,2018-2022,164487,1593614700000,165351,1594075500000,True,1593617100000.0,1593617400000.0,-0.24080749819754052,0.7591925018024595,0.7591925018024595,1.0151500533684519,1.7591925018024595,5,1,0,0,0,0,0,0,4,1594037700000,165236,TARGET,749,1.906753184330735,-0.8916031309622832
CYCLE_1594111200000,1594111200000,2020,2018-2022,165471,1594111500000,166335,1594381800000,True,1594115400000.0,1594115700000.0,-0.45005881152122545,0.5499411884787746,0.5499411884787746,0.39439724178445296,1.5499411884787746,1,1,0,0,0,0,0,0,0,1594130400000,165533,TARGET,62,0.8378843405818934,-0.44348709879744047
CYCLE_1594307400000,1594307400000,2020,2018-2022,166101,1594307700000,166965,1594751400000,True,1594313700000.0,1594314000000.0,-0.1771871539313414,0.8228128460686586,0.8228128460686586,-1.0,1.8228128460686586,5,1,0,0,0,0,0,0,4,1594722000000,166866,STOP,765,-1.0,0.0
CYCLE_1594811700000,1594811700000,2020,2018-2022,167155,1594812000000,168019,1595255700000,True,1594821900000.0,1594822200000.0,-0.05596133580434085,0.9440386641956592,0.9440386641956592,-1.0,1.9440386641956593,3,1,0,0,0,0,0,0,2,1594919400000,167498,STOP,343,-1.0,0.0
CYCLE_1594919700000,1594919700000,2020,2018-2022,167501,1594920000000,168365,1595363100000,True,1594928100000.0,1594928400000.0,-0.3689991903966978,0.6310008096033022,0.6310008096033022,1.343400460856954,1.6310008096033022,2,1,0,0,0,0,0,0,1,1595001000000,167757,TARGET,256,1.5204149966516363,-0.17701453579468218
CYCLE_1596452400000,1596452400000,2020,2018-2022,170737,1596452700000,171601,1596722700000,True,1596460500000.0,1596460800000.0,-0.0022613288537464762,0.9977386711462535,0.9977386711462535,-1.0,1.9977386711462535,1,1,0,0,0,0,0,0,0,1596463500000,170772,STOP,35,2.1304463701633654,-3.1304463701633654
CYCLE_1596774600000,1596774600000,2020,2018-2022,171763,1596774900000,172627,1597217700000,True,1596803700000.0,1596804000000.0,-0.03129395994903288,0.9687060400509672,0.9687060400509672,-1.0,1.968706040050967,1,1,0,0,0,0,0,0,0,1596809400000,171877,STOP,114,-1.0,0.0
CYCLE_1596814800000,1596814800000,2020,2018-2022,171897,1596815100000,172761,1597257900000,True,1596816000000.0,1596816300000.0,-0.2149516722264944,0.7850483277735056,0.7850483277735056,-1.0,1.7850483277735056,7,1,0,0,0,0,0,0,6,1597124100000,172326,STOP,429,-1.0,0.0
CYCLE_1597152000000,1597152000000,2020,2018-2022,172421,1597152300000,173285,1597422300000,True,1597161600000.0,1597161900000.0,-0.3570287582607209,0.6429712417392791,0.6429712417392791,-1.0,1.642971241739279,1,1,0,0,0,0,0,0,0,1597168800000,172475,STOP,54,-1.0,0.0
CYCLE_1597424700000,1597424700000,2020,2018-2022,173294,1597425000000,174158,1597867800000,True,1597622700000.0,1597623000000.0,-0.21601591263352835,0.7839840873664716,0.7839840873664716,1.7620545832027812,1.7839840873664716,2,1,0,0,0,0,0,0,1,1597671300000,173526,TARGET,232,1.9526350517830058,-0.1905804685802246
CYCLE_1597816800000,1597816800000,2020,2018-2022,173989,1597817100000,174853,1598259900000,True,1597821000000.0,1597821300000.0,-0.4143710283794201,0.5856289716205799,0.5856289716205799,-1.0,1.5856289716205798,1,1,0,0,0,0,0,0,0,1597848300000,174092,STOP,103,-1.0,0.0
CYCLE_1597863000000,1597863000000,2020,2018-2022,174143,1597863300000,175007,1598309700000,True,1597870500000.0,1597874400000.0,-0.7568195930627108,0.24318040693728915,0.24318040693728915,-0.7803179594247127,1.2431804069372892,9,1,0,0,0,0,0,0,8,1598309700000,175007,IDEA_HORIZON_EXIT,864,-1.0,0.21968204057528729
CYCLE_1598353500000,1598353500000,2020,2018-2022,175154,1598353800000,176018,1598623800000,True,1598358300000.0,1598358600000.0,0.0032328581544968636,1.0,1.0,-0.9967671418455032,2.0,2,1,0,0,0,0,0,0,1,1598369700000,175206,STOP,52,-1.0,0.0032328581544968094
CYCLE_1598370600000,1598370600000,2020,2018-2022,175211,1598370900000,176075,1598640900000,True,1598374800000.0,1598375100000.0,-0.16712522499356808,0.8328747750064319,0.8328747750064319,-1.0,1.8328747750064318,2,1,0,0,0,0,0,0,1,1598445300000,175446,STOP,235,,
CYCLE_1598510100000,1598510100000,2020,2018-2022,175652,1598510400000,176516,1598953200000,True,1598532300000.0,1598532600000.0,0.0015069055291395868,1.0,1.0,0.8423771350921808,2.0,1,1,0,0,0,0,0,0,0,1598534100000,175730,TARGET,78,1.7518853137256452,-0.9095081786334643
CYCLE_1599032700000,1599032700000,2020,2018-2022,176770,1599033000000,177634,1599475800000,True,1599048900000.0,1599049200000.0,0.13801975267657182,1.0,1.0,-0.8619802473234282,2.0,1,1,0,0,0,0,0,0,0,1599054900000,176842,STOP,72,-1.0,0.13801975267657185
CYCLE_1599057900000,1599057900000,2020,2018-2022,176854,1599058200000,177718,1599519000000,True,1599060600000.0,1599060900000.0,-0.023308701109763522,0.9766912988902364,0.9766912988902364,-1.0,1.9766912988902363,4,1,0,0,0,0,0,0,3,1599115500000,177032,STOP,178,-1.0,0.0
CYCLE_1599116100000,1599116100000,2020,2018-2022,177036,1599116400000,177900,1599573600000,True,1599117000000.0,1599117300000.0,0.26826418289584064,1.0,1.0,-0.7317358171041594,2.0,2,1,0,0,0,0,0,0,1,1599224700000,177384,STOP,348,-1.0,0.26826418289584064
CYCLE_1599565800000,1599565800000,2020,2018-2022,177875,1599566100000,178739,1599836100000,True,1599573900000.0,1599574200000.0,-0.019665157753469192,0.9803348422465308,0.9803348422465308,0.9968597197345792,1.9803348422465308,1,1,0,0,0,0,0,0,0,1599581400000,177925,TARGET,50,1.0434589750005863,-0.046599255266007056
CYCLE_1599720300000,1599720300000,2020,2018-2022,178366,1599720600000,179230,1600164300000,True,1599721800000.0,1599722100000.0,-0.11917211858838822,0.8808278814116117,0.8808278814116117,1.7882520713214778,1.8808278814116117,1,1,0,0,0,0,0,0,0,1599741600000,178435,TARGET,69,2.195393632803992,-0.40714156148251424
CYCLE_1599766800000,1599766800000,2020,2018-2022,178521,1599767100000,179385,1600214400000,True,1599767400000.0,1599767700000.0,0.0021611775330139076,1.0,1.0,2.6763784632483154,2.0,3,1,0,0,0,0,0,0,2,1600167600000,179240,TARGET,719,2.8886144536466274,-0.21223599039831198
CYCLE_1600179000000,1600179000000,2020,2018-2022,179280,1600179300000,180144,1600449300000,True,1600181400000.0,1600181700000.0,0.05482400607748767,1.0,1.0,1.7644314237141039,2.0,1,1,0,0,0,0,0,0,0,1600259700000,179535,TARGET,255,2.4780957204355674,-0.7136642967214635
CYCLE_1600335300000,1600335300000,2020,2018-2022,179777,1600335600000,180641,1600778400000,True,1600350300000.0,1600350600000.0,-0.3394039006207468,0.6605960993792532,0.6605960993792532,0.974239228257318,1.6605960993792532,2,1,0,0,0,0,0,0,1,1600446600000,180134,TARGET,357,-1.0,1.974239228257318
CYCLE_1600756800000,1600756800000,2020,2018-2022,180570,1600757100000,181434,1601027100000,True,1600760700000.0,1600761000000.0,-0.277071361958533,0.722928638041467,0.722928638041467,-1.0,1.722928638041467,1,1,0,0,0,0,0,0,0,1600834500000,180815,STOP,245,-1.0,0.0
CYCLE_1600926600000,1600926600000,2020,2018-2022,181112,1600926900000,181976,1601369700000,True,1600930500000.0,1600930800000.0,0.1505376344085924,1.0,1.0,2.226585512751723,2.0,7,1,0,0,0,0,0,0,6,1601313300000,181799,TARGET,687,2.7642581497984597,-0.5376726370467368
CYCLE_1601447100000,1601447100000,2020,2018-2022,182223,1601447400000,183087,1601890200000,True,1601451000000.0,1601451300000.0,-0.2957275929034616,0.7042724070965384,0.7042724070965384,1.2063675930771396,1.7042724070965383,2,1,0,0,0,0,0,0,1,1601470500000,182299,TARGET,76,1.3405253283302159,-0.13415773525307628
CYCLE_1601604900000,1601604900000,2020,2018-2022,182725,1601605200000,183589,1602048300000,True,1601607900000.0,1601608200000.0,-0.5170183563239845,0.4829816436760155,0.4829816436760155,0.6446843419159005,1.4829816436760155,2,1,0,0,0,0,0,0,1,1601620500000,182775,TARGET,50,-1.0,1.6446843419159005
CYCLE_1602561300000,1602561300000,2020,2018-2022,184676,1602561600000,185540,1602831600000,True,1602563400000.0,1602563700000.0,-0.15822651263384835,0.8417734873661517,0.8417734873661517,-1.0,1.8417734873661518,1,1,0,0,0,0,0,0,0,1602594300000,184784,STOP,108,-1.0,0.0
CYCLE_1602598800000,1602598800000,2020,2018-2022,184801,1602599100000,185665,1602869100000,True,1602639300000.0,1602639600000.0,-0.3623157033937116,0.6376842966062883,0.6376842966062883,0.6190202608364896,1.6376842966062883,1,1,0,0,0,0,0,0,0,1602678900000,185054,TARGET,253,1.6370348991028683,-1.0180146382663786
CYCLE_1605594000000,1605594000000,2020,2018-2022,191592,1605594300000,192456,1605864900000,True,1605601800000.0,1605602100000.0,0.16575342465754025,1.0,1.0,-0.8342465753424597,2.0,1,1,0,0,0,0,0,0,0,1605645900000,191763,STOP,171,-1.0,0.16575342465754028
CYCLE_1605646200000,1605646200000,2020,2018-2022,191766,1605646500000,192630,1606093500000,True,1605654000000.0,1605654300000.0,-0.0573655910001854,0.9426344089998147,0.9426344089998147,-1.0,1.9426344089998147,2,1,0,0,0,0,0,0,1,1605696300000,191919,STOP,153,-1.0,0.0
CYCLE_1605776700000,1605776700000,2020,2018-2022,192175,1605777000000,193039,1606219800000,True,1605793800000.0,1605794100000.0,-0.11062821019358658,0.8893717898064134,0.8893717898064134,0.9115167050524974,1.8893717898064133,1,1,0,0,0,0,0,0,0,1605881700000,192511,TARGET,336,1.2530452892606518,-0.34152858420815446
CYCLE_1606125600000,1606125600000,2020,2018-2022,192738,1606125900000,193602,1606395900000,True,1606129500000.0,1606129800000.0,-0.5258711721224987,0.4741288278775013,0.4741288278775013,-1.0,1.4741288278775013,2,1,0,0,0,0,0,0,1,1606143000000,192794,STOP,56,-1.0,0.0
CYCLE_1606145400000,1606145400000,2020,2018-2022,192804,1606145700000,193668,1606433700000,True,1606149300000.0,1606149600000.0,-0.6037791774731446,0.3962208225268554,0.3962208225268554,-1.0,1.3962208225268555,2,1,0,0,0,0,0,0,1,1606185900000,192925,STOP,121,-1.0,0.0
CYCLE_1606219200000,1606219200000,2020,2018-2022,193038,1606219500000,193902,1606692000000,True,1606224900000.0,1606225200000.0,-0.3334187984383192,0.6665812015616808,0.6665812015616808,-1.0,1.6665812015616808,5,1,0,0,0,0,0,0,4,1606482900000,193831,STOP,793,-1.0,0.0
CYCLE_1609950000000,1609950000000,2021,2018-2022,200960,1609950300000,201824,1610393100000,True,1610015700000.0,1610016000000.0,0.2810165507470423,1.0,1.0,-0.7189834492529577,2.0,5,1,0,0,0,0,0,0,4,1610093100000,201411,STOP,451,-1.0,0.28101655074704235
CYCLE_1611062100000,1611062100000,2021,2018-2022,203358,1611062400000,204222,1611332400000,True,1611069600000.0,1611069900000.0,-0.06621143762954411,0.9337885623704559,0.9337885623704559,1.6093492693773115,1.9337885623704558,1,1,0,0,0,0,0,0,0,1611123300000,203548,TARGET,190,1.4301914400683133,0.17915782930899815
CYCLE_1611237900000,1611237900000,2021,2018-2022,203920,1611238200000,204784,1611681000000,True,1611297300000.0,1611297600000.0,-0.30308532350837236,0.6969146764916276,0.6969146764916276,-1.0,1.6969146764916276,2,1,0,0,0,0,0,0,1,1611311700000,204152,STOP,232,-1.0,0.0
CYCLE_1611591600000,1611591600000,2021,2018-2022,204499,1611591900000,205363,1611861900000,True,1611648300000.0,1611648600000.0,0.07619546271864615,1.0,1.0,-0.9238045372813538,2.0,4,1,0,0,0,0,0,0,3,1611709800000,204867,STOP,368,-1.0,0.07619546271864619
CYCLE_1613569800000,1613569800000,2021,2018-2022,209113,1613570100000,209977,1614012900000,True,1613579400000.0,1613579700000.0,-0.5956350948815053,0.40436490511849466,0.40436490511849466,-1.0,1.4043649051184945,3,1,0,0,0,0,0,0,2,1613697000000,209511,STOP,398,-1.0,0.0
CYCLE_1614092100000,1614092100000,2021,2018-2022,210230,1614092400000,211094,1614362700000,True,1614160500000.0,1614160800000.0,0.19862508894990114,1.0,1.0,-0.8013749110500988,2.0,2,1,0,0,0,0,0,0,1,1614173700000,210488,STOP,258,-1.0,0.19862508894990116
CYCLE_1614175200000,1614175200000,2021,2018-2022,210495,1614175500000,211359,1614618600000,True,1614177600000.0,1614177900000.0,-0.40052693909594766,0.5994730609040524,0.5994730609040524,0.552831525335234,1.5994730609040524,2,1,0,0,0,0,0,0,1,1614204000000,210589,TARGET,94,-1.0,1.552831525335234
CYCLE_1614254100000,1614254100000,2021,2018-2022,210745,1614254400000,211609,1614697200000,True,1614260700000.0,1614261000000.0,-0.249624453007646,0.750375546992354,0.750375546992354,-1.0,1.750375546992354,2,1,0,0,0,0,0,0,1,1614266400000,210784,STOP,39,-1.0,0.0
CYCLE_1614268500000,1614268500000,2021,2018-2022,210793,1614268800000,211657,1614711600000,True,1614276900000.0,1614277200000.0,0.1732645175237276,1.0,1.0,-0.8267354824762724,2.0,3,1,0,0,0,0,0,0,2,1614324000000,210964,STOP,171,-1.0,0.17326451752372762
CYCLE_1614762900000,1614762900000,2021,2018-2022,211817,1614763200000,212681,1615206000000,True,1614768300000.0,1614768600000.0,-0.4073004311607947,0.5926995688392054,0.5926995688392054,-1.0,1.5926995688392054,2,1,0,0,0,0,0,0,1,1614776700000,211861,STOP,44,-1.0,0.0
CYCLE_1615357200000,1615357200000,2021,2018-2022,213162,1615357500000,214026,1615796700000,True,1615376400000.0,1615376700000.0,-0.3891390632017117,0.6108609367982882,0.6108609367982882,1.0584249635311893,1.6108609367982882,1,1,0,0,0,0,0,0,0,1615383600000,213248,TARGET,86,2.078944493670111,-1.0205195301389216
CYCLE_1615474200000,1615474200000,2021,2018-2022,213540,1615474500000,214404,1615913700000,True,1615528500000.0,1615528800000.0,-0.6092068758992352,0.39079312410076483,0.39079312410076483,-1.0,1.3907931241007647,1,1,0,0,0,0,0,0,0,1615531500000,213717,STOP,177,-1.0,0.0
CYCLE_1615533900000,1615533900000,2021,2018-2022,213727,1615534200000,214591,1615973400000,True,1615536900000.0,1615537200000.0,-0.2082894851173699,0.7917105148826301,0.7917105148826301,-1.0,1.79171051488263,1,1,0,0,0,0,0,0,0,1615540800000,213748,STOP,21,-1.0,0.0
CYCLE_1616377200000,1616377200000,2021,2018-2022,215326,1616377500000,216190,1616647500000,True,1616394900000.0,1616395200000.0,-0.3878983342801096,0.6121016657198903,0.6121016657198903,-1.0,1.6121016657198903,4,1,0,0,0,0,0,0,3,1616514000000,215768,STOP,442,-1.0,0.0
CYCLE_1616514300000,1616514300000,2021,2018-2022,215771,1616514600000,216635,1616784600000,True,1616521500000.0,1616521800000.0,-0.2091193004372271,0.7908806995627728,0.7908806995627728,1.3960698436844934,1.7908806995627728,5,1,0,0,0,0,0,0,4,1616679300000,216295,TARGET,524,,
CYCLE_1617108600000,1617108600000,2021,2018-2022,217115,1617108900000,217979,1617638100000,True,1617155400000.0,1617155700000.0,-0.2296758123909281,0.7703241876090718,0.7703241876090718,1.3104864907380331,1.7703241876090718,2,1,0,0,0,0,0,0,1,1617199200000,217403,TARGET,288,1.437403424073004,-0.1269169333349709
CYCLE_1619072700000,1619072700000,2021,2018-2022,221452,1619073000000,222316,1619516400000,True,1619084700000.0,1619085000000.0,-0.5370284549077536,0.46297154509224636,0.46297154509224636,-1.0,1.4629715450922465,2,1,0,0,0,0,0,0,1,1619093700000,221520,STOP,68,-1.0,0.0
CYCLE_1619093700000,1619093700000,2021,2018-2022,221522,1619094000000,222386,1619537400000,True,1619098500000.0,1619098800000.0,0.0019018161299302102,1.0,1.0,0.7997269699430862,2.0,3,1,0,0,0,0,0,0,2,1619180700000,221796,TARGET,274,,
CYCLE_1619189700000,1619189700000,2021,2018-2022,221828,1619190000000,222692,1619633100000,True,1619440500000.0,1619440800000.0,-0.15669759733554814,0.8433024026644519,0.8433024026644519,0.7385270150557621,1.843302402664452,2,1,0,0,0,0,0,0,1,1619469900000,222172,TARGET,344,-1.0,1.7385270150557621
CYCLE_1619547300000,1619547300000,2021,2018-2022,222420,1619547600000,223284,1619994300000,True,1619553300000.0,1619553600000.0,-0.15893161109444826,0.8410683889055517,0.8410683889055517,-1.0,1.8410683889055517,2,1,0,0,0,0,0,0,1,1619570400000,222482,STOP,62,,
CYCLE_1619607900000,1619607900000,2021,2018-2022,222609,1619608200000,223473,1620051000000,True,1619613300000.0,1619613600000.0,-0.12492553825208719,0.8750744617479128,0.8750744617479128,0.8683361196723375,1.875074461747913,1,1,0,0,0,0,0,0,0,1619624400000,222662,TARGET,53,1.5882903582673336,-0.7199542385949961
CYCLE_1619705100000,1619705100000,2021,2018-2022,222921,1619705400000,223785,1620148200000,True,1619792400000.0,1619792700000.0,0.6315478949808249,1.0,1.0,1.567899149561727,2.0,1,1,0,0,0,0,0,0,0,1620025200000,223386,TARGET,465,1.284335623077262,0.2835635264844649
CYCLE_1620198600000,1620198600000,2021,2018-2022,223942,1620198900000,224806,1620641700000,True,1620202500000.0,1620202800000.0,-0.2966446499339582,0.7033553500660418,0.7033553500660418,-1.0,1.7033553500660417,2,1,0,0,0,0,0,0,1,1620218100000,224005,STOP,63,-1.0,0.0
CYCLE_1620693600000,1620693600000,2021,2018-2022,224968,1620693900000,225832,1620964200000,True,1620695400000.0,1620695700000.0,0.11771068048670663,1.0,1.0,-0.8822893195132934,2.0,1,1,0,0,0,0,0,0,0,1620738000000,225114,STOP,146,-1.0,0.11771068048670663
CYCLE_1620833700000,1620833700000,2021,2018-2022,225422,1620834000000,226286,1621276800000,True,1620836700000.0,1620837000000.0,-0.09527578607567058,0.9047242139243294,0.9047242139243294,-1.0,1.9047242139243294,2,1,0,0,0,0,0,0,1,1620896100000,225616,STOP,194,-1.0,0.0
CYCLE_1620896100000,1620896100000,2021,2018-2022,225618,1620896400000,226482,1621339200000,True,1620901500000.0,1620901800000.0,-0.5056339698730777,0.49436603012692226,0.49436603012692226,0.4233532188927053,1.4943660301269222,1,1,0,0,0,0,0,0,0,1620924600000,225711,TARGET,93,,
CYCLE_1621348200000,1621348200000,2021,2018-2022,226513,1621348500000,227377,1621618800000,True,1621414800000.0,1621415100000.0,-0.3276003123721737,0.6723996876278263,0.6723996876278263,-1.0,1.6723996876278262,3,1,0,0,0,0,0,0,2,1621419600000,226736,STOP,223,-1.0,0.0
CYCLE_1622557500000,1622557500000,2021,2018-2022,229222,1622557800000,230086,1622827800000,True,1622559300000.0,1622559600000.0,-0.69196730785107,0.30803269214893003,0.30803269214893003,-1.0,1.30803269214893,6,1,0,0,0,0,0,0,5,1622723400000,229749,STOP,527,-1.0,0.0
CYCLE_1623046200000,1623046200000,2021,2018-2022,230227,1623046500000,231091,1623316800000,True,1623050700000.0,1623051000000.0,-0.3790081969787354,0.6209918030212647,0.6209918030212647,0.8746245171624074,1.6209918030212647,1,1,0,0,0,0,0,0,0,1623076200000,230325,TARGET,98,1.8191639709808753,-0.9445394538184679
CYCLE_1623140100000,1623140100000,2021,2018-2022,230527,1623140400000,231391,1623410700000,True,1623141600000.0,1623141900000.0,0.03461614307601464,1.0,1.0,1.671844493693558,2.0,2,1,0,0,0,0,0,0,1,1623155700000,230577,TARGET,50,2.0281540585227904,-0.3563095648292325
CYCLE_1623160800000,1623160800000,2021,2018-2022,230596,1623161100000,231460,1623431400000,True,1623222900000.0,1623223200000.0,-0.18407259095961517,0.8159274090403849,0.8159274090403849,-1.0,1.815927409040385,3,1,0,0,0,0,0,0,2,1623284100000,230981,STOP,385,-1.0,0.0
CYCLE_1623284400000,1623284400000,2021,2018-2022,230984,1623284700000,231848,1623727800000,True,1623287100000.0,1623287400000.0,-0.025456169452604187,0.9745438305473958,0.9745438305473958,-1.0,1.974543830547396,3,1,0,0,0,0,0,0,2,1623309900000,231067,STOP,83,,
CYCLE_1623660000000,1623660000000,2021,2018-2022,231635,1623660300000,232499,1623930300000,True,1623668400000.0,1623668700000.0,-0.21842229165776145,0.7815777083422386,0.7815777083422386,-1.0,1.7815777083422386,1,1,0,0,0,0,0,0,0,1623673500000,231678,STOP,43,-1.0,0.0
CYCLE_1623767400000,1623767400000,2021,2018-2022,231981,1623767700000,232845,1624037700000,True,1623773100000.0,1623773400000.0,-0.5646655034226228,0.4353344965773772,0.4353344965773772,-1.0,1.435334496577377,3,1,0,0,0,0,0,0,2,1623866700000,232298,STOP,317,-1.0,0.0
CYCLE_1623867600000,1623867600000,2021,2018-2022,232303,1623867900000,233167,1624314300000,True,1623871200000.0,1623871500000.0,-0.1000614216315706,0.8999385783684294,0.8999385783684294,-1.0,1.8999385783684293,1,1,0,0,0,0,0,0,0,1623875100000,232326,STOP,23,-1.0,0.0
CYCLE_1623944400000,1623944400000,2021,2018-2022,232547,1623944700000,233411,1624387500000,True,1624039500000.0,1624039800000.0,0.10394038966854718,1.0,1.0,-0.8960596103314529,2.0,1,1,0,0,0,0,0,0,0,1624046400000,232873,STOP,326,0.6840727971209183,-1.5801324074523713
CYCLE_1624340400000,1624340400000,2021,2018-2022,233255,1624340700000,234119,1624610700000,True,1624346400000.0,1624346700000.0,-0.1982579842389022,0.8017420157610978,0.8017420157610978,-1.0,1.8017420157610977,2,1,0,0,0,0,0,0,1,1624365600000,233337,STOP,82,,
CYCLE_1624476000000,1624476000000,2021,2018-2022,233695,1624476300000,234559,1624922700000,True,1624478400000.0,1624478700000.0,-0.4421882988824903,0.5578117011175097,0.5578117011175097,-0.3161656698103329,1.5578117011175097,4,1,0,0,0,0,0,0,3,1624922700000,234559,IDEA_HORIZON_EXIT,864,-1.0,0.6838343301896671
CYCLE_1624937100000,1624937100000,2021,2018-2022,234608,1624937400000,235472,1625207400000,True,1624941300000.0,1624941600000.0,-0.17048994619088823,0.8295100538091118,0.8295100538091118,-1.0,1.8295100538091118,2,1,0,0,0,0,0,0,1,1624953900000,234662,STOP,54,-1.0,0.0
CYCLE_1624972500000,1624972500000,2021,2018-2022,234726,1624972800000,235590,1625242800000,True,1625033100000.0,1625033400000.0,0.23416261971294994,1.0,1.0,2.0989105817824716,2.0,2,1,0,0,0,0,0,0,1,1625071200000,235041,TARGET,315,1.5577199598469627,0.5411906219355089
CYCLE_1625153400000,1625153400000,2021,2018-2022,235305,1625153700000,236169,1625614500000,True,1625157900000.0,1625158200000.0,-0.09656714875061292,0.9034328512493871,0.9034328512493871,1.9939226750846988,1.903432851249387,1,1,0,0,0,0,0,0,0,1625222700000,235522,TARGET,217,2.0239256481821073,-0.030002973097408514
CYCLE_1626345300000,1626345300000,2021,2018-2022,237958,1626345600000,238822,1626788400000,True,1626348000000.0,1626348300000.0,-0.11756643949115567,0.8824335605088444,0.8824335605088444,-1.0,1.8824335605088445,5,1,0,0,0,0,0,0,4,1626432600000,238235,STOP,277,-1.0,0.0
CYCLE_1626678300000,1626678300000,2021,2018-2022,238468,1626678600000,239332,1626948600000,True,1626683100000.0,1626683400000.0,-0.33016062550946784,0.6698393744905322,0.6698393744905322,-1.0,1.6698393744905322,2,1,0,0,0,0,0,0,1,1626696300000,238526,STOP,58,-1.0,0.0
CYCLE_1626792900000,1626792900000,2021,2018-2022,238838,1626793200000,239702,1627063200000,True,1626793800000.0,1626794100000.0,0.014591076239355872,1.0,1.0,-0.9854089237606442,2.0,4,1,0,0,0,0,0,0,3,1626868800000,239077,STOP,239,-1.0,0.014591076239355849
CYCLE_1627650900000,1627650900000,2021,2018-2022,241026,1627651200000,241890,1628094600000,True,1627655700000.0,1627656000000.0,-0.2525053159587805,0.7474946840412195,0.7474946840412195,-1.0,1.7474946840412195,2,1,0,0,0,0,0,0,1,1627662900000,241064,STOP,38,-1.0,0.0
CYCLE_1627664700000,1627664700000,2021,2018-2022,241072,1627665000000,241936,1628108400000,True,1627670700000.0,1627671000000.0,-0.6102931020193716,0.3897068979806284,0.3897068979806284,-1.0,1.3897068979806284,4,1,0,0,0,0,0,0,3,1627894200000,241247,STOP,175,-1.0,0.0
CYCLE_1627894500000,1627894500000,2021,2018-2022,241250,1627894800000,242114,1628165400000,True,1627906800000.0,1627907100000.0,0.281081726107908,1.0,1.0,1.764084558969033,2.0,3,1,0,0,0,0,0,0,2,1628078700000,241836,TARGET,586,,
CYCLE_1628522100000,1628522100000,2021,2018-2022,242701,1628522400000,243565,1628792700000,True,1628591700000.0,1628592000000.0,-0.19398578342247483,0.8060142165775251,0.8060142165775251,-1.0,1.806014216577525,2,1,0,0,0,0,0,0,1,1628602800000,242956,STOP,255,-1.0,0.0
CYCLE_1628772300000,1628772300000,2021,2018-2022,243498,1628772600000,244362,1629215400000,True,1628776500000.0,1628776800000.0,-0.27544119816453827,0.7245588018354617,0.7245588018354617,0.2550222404363479,1.7245588018354616,1,1,0,0,0,0,0,0,0,1628818500000,243638,TARGET,140,0.617312515043064,-0.36229027460671603
CYCLE_1629094800000,1629094800000,2021,2018-2022,243973,1629095100000,244837,1629365100000,True,1629115200000.0,1629115500000.0,-0.1649419723126634,0.8350580276873366,0.8350580276873366,1.0598035310120397,1.8350580276873365,1,1,0,0,0,0,0,0,0,1629121200000,244059,TARGET,86,1.6112459292602854,-0.5514423982482457
CYCLE_1630309800000,1630309800000,2021,2018-2022,246749,1630310100000,247613,1630580400000,True,1630334400000.0,1630334700000.0,-0.4185510234532911,0.5814489765467089,0.5814489765467089,-1.0,1.5814489765467088,2,1,0,0,0,0,0,0,1,1630415100000,247086,STOP,337,-1.0,0.0
CYCLE_1630423500000,1630423500000,2021,2018-2022,247116,1630423800000,247980,1630694100000,True,1630484100000.0,1630484400000.0,0.5914379149737261,1.0,1.0,2.2392078919597704,2.0,1,1,0,0,0,0,0,0,0,1630500900000,247360,TARGET,244,1.992468536319495,0.2467393556402755
CYCLE_1630509000000,1630509000000,2021,2018-2022,247389,1630509300000,248253,1630970400000,True,1630586700000.0,1630587000000.0,0.10302991121454988,1.0,1.0,-0.8969700887854501,2.0,2,1,0,0,0,0,0,0,1,1630591500000,247649,STOP,260,,
CYCLE_1631015700000,1631015700000,2021,2018-2022,248405,1631016000000,249269,1631286000000,True,1631019900000.0,1631020200000.0,-0.04180321899353533,0.9581967810064647,0.9581967810064647,-1.0,1.9581967810064647,1,1,0,0,0,0,0,0,0,1631023500000,248429,STOP,24,-1.0,0.0
CYCLE_1631025300000,1631025300000,2021,2018-2022,248437,1631025600000,249301,1631295600000,True,1631028300000.0,1631028600000.0,-0.46131333186262635,0.5386866681373736,0.5386866681373736,-1.0,1.5386866681373736,1,1,0,0,0,0,0,0,0,1631109000000,248702,STOP,265,-1.0,0.0
CYCLE_1631883900000,1631883900000,2021,2018-2022,250627,1631884200000,251491,1632327000000,True,1631887200000.0,1631887500000.0,-0.1590647547721431,0.8409352452278569,0.8409352452278569,-1.0,1.840935245227857,2,1,0,0,0,0,0,0,1,1632104700000,250773,STOP,146,-1.0,0.0
CYCLE_1632207900000,1632207900000,2021,2018-2022,251107,1632208200000,251971,1632478200000,True,1632209100000.0,1632209400000.0,-0.4130129066533122,0.5869870933466879,0.5869870933466879,0.5043764259636254,1.5869870933466879,1,1,0,0,0,0,0,0,0,1632219600000,251144,TARGET,37,1.7927435232350866,-1.2883670972714611
CYCLE_1632338100000,1632338100000,2021,2018-2022,251529,1632338400000,252393,1632784800000,True,1632357900000.0,1632358200000.0,-0.6177895827298635,0.3822104172701365,0.3822104172701365,-1.0,1.3822104172701364,3,1,0,0,0,0,0,0,2,1632402600000,251730,STOP,201,-1.0,0.0
CYCLE_1632408900000,1632408900000,2021,2018-2022,251753,1632409200000,252617,1632852000000,True,1632410700000.0,1632411000000.0,-0.4267969272684727,0.5732030727315274,0.5732030727315274,-1.0,1.5732030727315274,1,1,0,0,0,0,0,0,0,1632428700000,251817,STOP,64,-1.0,0.0
CYCLE_1632489000000,1632489000000,2021,2018-2022,252008,1632489300000,252872,1632932100000,True,1632491400000.0,1632491700000.0,-0.16523891109843125,0.8347610889015687,0.8347610889015687,1.0867987669501864,1.8347610889015686,1,1,0,0,0,0,0,0,0,1632704700000,252137,TARGET,129,1.8098789487239346,-0.7230801817737482
CYCLE_1633344900000,1633344900000,2021,2018-2022,253637,1633345200000,254501,1633615200000,True,1633346100000.0,1633346400000.0,0.13092677452542134,1.0,1.0,1.9007068889245482,2.0,1,1,0,0,0,0,0,0,0,1633357500000,253677,TARGET,40,2.8216590292715056,-0.9209521403469574
CYCLE_1633413300000,1633413300000,2021,2018-2022,253853,1633413600000,254717,1633683600000,True,1633414200000.0,1633414500000.0,0.021759686973538774,1.0,1.0,-0.9782403130264612,2.0,3,1,0,0,0,0,0,0,2,1633439400000,253938,STOP,85,-1.0,0.021759686973538805
CYCLE_1634291100000,1634291100000,2021,2018-2022,256106,1634291400000,256970,1634734800000,True,1634296500000.0,1634296800000.0,-0.21623533573070738,0.7837646642692926,0.7837646642692926,-1.0,1.7837646642692926,1,1,0,0,0,0,0,0,0,1634300100000,256134,STOP,28,-1.0,0.0
CYCLE_1634302800000,1634302800000,2021,2018-2022,256145,1634303100000,257009,1634746500000,True,1634538000000.0,1634538300000.0,-0.6090775988287179,0.3909224011712821,0.3909224011712821,0.03461009221022571,1.3909224011712822,3,1,0,0,0,0,0,0,2,1634612100000,256572,TARGET,427,-1.0,1.0346100922102257
CYCLE_1635234300000,1635234300000,2021,2018-2022,258011,1635234600000,258875,1635504600000,True,1635236100000.0,1635236400000.0,-0.0647195689444316,0.9352804310555685,0.9352804310555685,-1.0,1.9352804310555685,1,1,0,0,0,0,0,0,0,1635251400000,258066,STOP,55,-1.0,0.0
CYCLE_1635258600000,1635258600000,2021,2018-2022,258092,1635258900000,258956,1635528900000,True,1635314400000.0,1635314700000.0,0.02148955901634186,1.0,1.0,1.7869157865753753,2.0,3,1,0,0,0,0,0,0,2,1635342000000,258356,TARGET,264,1.2981356528413268,0.4887801337340485
CYCLE_1635432000000,1635432000000,2021,2018-2022,258646,1635432300000,259510,1635875100000,True,1635484200000.0,1635484500000.0,-0.30002002803925376,0.6999799719607462,0.6999799719607462,-1.0,1.6999799719607462,3,1,0,0,0,0,0,0,2,1635509400000,258890,STOP,244,-1.0,0.0
CYCLE_1635855000000,1635855000000,2021,2018-2022,259444,1635855300000,260308,1636125300000,True,1635877200000.0,1635877500000.0,-0.8418847832690989,0.15811521673090112,0.15811521673090112,-1.0,1.1581152167309012,1,1,0,0,0,0,0,0,0,1635899700000,259579,STOP,135,-1.0,0.0
CYCLE_1636530300000,1636530300000,2021,2018-2022,261035,1636530600000,261899,1636973400000,True,1636531200000.0,1636531500000.0,0.08513219606741955,1.0,1.0,1.7417625773790066,2.0,2,1,0,0,0,0,0,0,1,1636551300000,261103,TARGET,68,2.116113568776024,-0.37435099139701733
CYCLE_1637673300000,1637673300000,2021,2018-2022,263585,1637673600000,264449,1638147900000,True,1637675100000.0,1637675400000.0,-0.39968244914947293,0.6003175508505271,0.6003175508505271,-1.0,1.600317550850527,7,1,0,0,0,0,0,0,6,1637763300000,263871,STOP,286,-1.0,0.0
CYCLE_1637853300000,1637853300000,2021,2018-2022,264161,1637853600000,265025,1638327900000,True,1637856300000.0,1637856600000.0,-0.1145357163877863,0.8854642836122137,0.8854642836122137,1.367555921716777,1.8854642836122137,1,1,0,0,0,0,0,0,0,1637896200000,264237,TARGET,76,,
CYCLE_1638142200000,1638142200000,2021,2018-2022,264431,1638142500000,265295,1638412500000,True,1638196200000.0,1638196500000.0,-0.1767108510383279,0.823289148961672,0.823289148961672,1.4041000117242866,1.823289148961672,5,1,0,0,0,0,0,0,4,1638283800000,264889,TARGET,458,0.6785502444841377,0.7255497672401489
CYCLE_1638780600000,1638780600000,2021,2018-2022,265923,1638780900000,266787,1639050900000,True,1638781800000.0,1638782100000.0,-0.10817963774708902,0.891820362252911,0.891820362252911,-1.0,1.8918203622529108,5,1,0,0,0,0,0,0,4,1638884400000,266255,STOP,332,-1.0,0.0
CYCLE_1638969300000,1638969300000,2021,2018-2022,266528,1638969600000,267392,1639412400000,True,1638970800000.0,1638971100000.0,0.05990997982305886,1.0,1.0,-0.9400900201769411,2.0,4,1,0,0,0,0,0,0,3,1639052400000,266791,STOP,263,-1.0,0.0599099798230589
CYCLE_1639053300000,1639053300000,2021,2018-2022,266796,1639053600000,267660,1639496400000,True,1639056000000.0,1639056300000.0,0.04465598445012312,1.0,1.0,-0.9553440155498769,2.0,4,1,0,0,0,0,0,0,3,1639124400000,267019,STOP,223,-1.0,0.04465598445012309
CYCLE_1639404600000,1639404600000,2021,2018-2022,267367,1639404900000,268231,1639675500000,True,1639471200000.0,1639471500000.0,-0.08135202271116215,0.9186479772888378,0.9186479772888378,-1.0,1.9186479772888378,2,1,0,0,0,0,0,0,1,1639488300000,267632,STOP,265,-1.0,0.0
CYCLE_1639552500000,1639552500000,2021,2018-2022,267834,1639552800000,268698,1639995600000,True,1639579200000.0,1639579500000.0,-0.3513141010408356,0.6486858989591644,0.6486858989591644,-1.0,1.6486858989591644,2,1,0,0,0,0,0,0,1,1639594200000,267971,STOP,137,-1.0,0.0
CYCLE_1640012400000,1640012400000,2021,2018-2022,268755,1640012700000,269619,1640282700000,True,1640028300000.0,1640028600000.0,-0.5276591518522096,0.4723408481477904,0.4723408481477904,-1.0,1.4723408481477904,3,1,0,0,0,0,0,0,2,1640101500000,269038,STOP,283,-1.0,0.0
CYCLE_1640103300000,1640103300000,2021,2018-2022,269046,1640103600000,269910,1640633100000,True,1640159700000.0,1640160000000.0,-0.1671727665015245,0.8328272334984755,0.8328272334984755,1.6369792346257677,1.8328272334984756,2,1,0,0,0,0,0,0,1,1640181600000,269293,TARGET,247,1.6450375579350793,-0.008058323309311666
CYCLE_1640598600000,1640598600000,2021,2018-2022,269796,1640598900000,270660,1640869500000,True,1640604900000.0,1640605200000.0,-0.08615745295462988,0.9138425470453702,0.9138425470453702,1.674097064276386,1.9138425470453702,2,1,0,0,0,0,0,0,1,1640620500000,269867,TARGET,71,2.2651288384653427,-0.5910317741889568
CYCLE_1640718000000,1640718000000,2021,2018-2022,270180,1640718300000,271044,1641164700000,True,1640737500000.0,1640737800000.0,-0.21420722997473168,0.7857927700252683,0.7857927700252683,-1.0,1.7857927700252683,3,1,0,0,0,0,0,0,2,1640773200000,270350,STOP,170,-1.0,0.0
CYCLE_1641223200000,1641223200000,2022,2018-2022,271240,1641223500000,272104,1641493500000,True,1641299400000.0,1641299700000.0,-0.39793057960260547,0.6020694203973945,0.6020694203973945,0.3504568614023562,1.6020694203973944,1,1,0,0,0,0,0,0,0,1641305700000,271501,TARGET,261,1.069145573968747,-0.7186887125663908
CYCLE_1641496500000,1641496500000,2022,2018-2022,272115,1641496800000,272979,1641943200000,True,1641563100000.0,1641563400000.0,0.5167146220246194,1.0,1.0,0.5474210969686655,2.0,1,1,0,0,0,0,0,0,0,1641564900000,272329,TARGET,214,2.6834946377191167,-2.136073540750451
CYCLE_1641798900000,1641798900000,2022,2018-2022,272523,1641799200000,273387,1642069200000,True,1641824400000.0,1641824700000.0,-0.26887326502942194,0.7311267349705781,0.7311267349705781,1.324159010244129,1.7311267349705781,1,1,0,0,0,0,0,0,0,1641864300000,272727,TARGET,204,,
CYCLE_1641975000000,1641975000000,2022,2018-2022,273086,1641975300000,273950,1642418100000,True,1641977400000.0,1641977700000.0,-0.2874848595814406,0.7125151404185595,0.7125151404185595,0.9985613699498961,1.7125151404185595,1,1,0,0,0,0,0,0,0,1641995100000,273151,TARGET,65,1.5372524717613687,-0.5386911018114726
CYCLE_1642165200000,1642165200000,2022,2018-2022,273696,1642165500000,274560,1642623000000,True,1642171200000.0,1642171500000.0,-0.18637040875816616,0.8136295912418339,0.8136295912418339,-1.0,1.8136295912418339,1,1,0,0,0,0,0,0,0,1642180800000,273746,STOP,50,-1.0,0.0
CYCLE_1642180800000,1642180800000,2022,2018-2022,273748,1642181100000,274612,1642642200000,True,1642183200000.0,1642183500000.0,-0.19424402107824715,0.8057559789217529,0.8057559789217529,-1.0,1.805755978921753,7,1,0,0,0,0,0,0,6,1642498500000,274156,STOP,408,-1.0,0.0
CYCLE_1642672500000,1642672500000,2022,2018-2022,274714,1642672800000,275578,1643115600000,True,1642681800000.0,1642682100000.0,-0.10417769224599689,0.8958223077540031,0.8958223077540031,1.2729785463936474,1.895822307754003,1,1,0,0,0,0,0,0,0,1642691400000,274775,TARGET,61,1.9635955416566222,-0.6906169952629748
CYCLE_1643292000000,1643292000000,2022,2018-2022,276143,1643292300000,277007,1643735100000,True,1643293800000.0,1643294100000.0,0.21292327385113224,1.0,1.0,-0.7870767261488678,2.0,2,1,0,0,0,0,0,0,1,1643301000000,276171,STOP,28,-1.0,0.2129232738511322
CYCLE_1643774400000,1643774400000,2022,2018-2022,277127,1643774700000,277991,1644217500000,True,1643778900000.0,1643779200000.0,-0.08934792662247626,0.9106520733775237,0.9106520733775237,2.2221193665500847,1.9106520733775239,2,1,0,0,0,0,0,0,1,1643815800000,277263,TARGET,136,-1.0,3.2221193665500847
CYCLE_1643873700000,1643873700000,2022,2018-2022,277446,1643874000000,278310,1644316800000,True,1643876100000.0,1643876400000.0,-0.28303378710493904,0.7169662128950609,0.7169662128950609,-1.0,1.716966212895061,2,1,0,0,0,0,0,0,1,1643891100000,277502,STOP,56,,
CYCLE_1643892000000,1643892000000,2022,2018-2022,277507,1643892300000,278371,1644335100000,True,1643893500000.0,1643893800000.0,0.04796434273552797,1.0,1.0,-0.952035657264472,2.0,1,1,0,0,0,0,0,0,0,1643899500000,277530,STOP,23,,
CYCLE_1644554100000,1644554100000,2022,2018-2022,279066,1644554400000,279930,1644997200000,True,1644563400000.0,1644563700000.0,-0.20803716348574078,0.7919628365142592,0.7919628365142592,1.5513573983696034,1.7919628365142592,2,1,0,0,0,0,0,0,1,1644593100000,279194,TARGET,128,2.6659763810377357,-1.1146189826681323
CYCLE_1645527300000,1645527300000,2022,2018-2022,281042,1645527600000,281906,1645797600000,True,1645529400000.0,1645529700000.0,-0.13689587978161347,0.8631041202183866,0.8631041202183866,1.9176952419323092,1.8631041202183867,5,1,0,0,0,0,0,0,4,1645671000000,281495,TARGET,453,2.2771272580446262,-0.359432016112317
CYCLE_1645803300000,1645803300000,2022,2018-2022,281926,1645803600000,282790,1646246400000,True,1645808400000.0,1645808700000.0,-0.24953500761746725,0.7504649923825327,0.7504649923825327,2.063932163191331,1.7504649923825326,1,1,0,0,0,0,0,0,0,1646002800000,282002,TARGET_GAP,76,1.9453785832453068,0.11855357994602422
CYCLE_1646876100000,1646876100000,2022,2018-2022,284242,1646876400000,285106,1647315600000,True,1646977500000.0,1646977800000.0,0.5124850691086992,1.0,1.0,-0.4875149308913008,2.0,1,1,0,0,0,0,0,0,0,1646999100000,284638,STOP,396,-1.0,0.5124850691086992
CYCLE_1647007500000,1647007500000,2022,2018-2022,284668,1647007800000,285532,1647447000000,True,1647246300000.0,1647246600000.0,0.3803364343061085,1.0,1.0,-0.6196635656938916,2.0,2,1,0,0,0,0,0,0,1,1647250800000,284901,STOP,233,,
CYCLE_1647324300000,1647324300000,2022,2018-2022,285136,1647324600000,286000,1647594600000,True,1647342600000.0,1647342900000.0,-0.4570687776344233,0.5429312223655767,0.5429312223655767,-1.0,1.5429312223655767,2,1,0,0,0,0,0,0,1,1647353700000,285232,STOP,96,-1.0,0.0
CYCLE_1647355500000,1647355500000,2022,2018-2022,285240,1647355800000,286104,1647625800000,True,1647413400000.0,1647413700000.0,-0.029054254372962277,0.9709457456270377,0.9709457456270377,-1.0,1.9709457456270378,2,1,0,0,0,0,0,0,1,1647440400000,285509,STOP,269,,
CYCLE_1647574200000,1647574200000,2022,2018-2022,285933,1647574500000,286797,1648017300000,True,1647574800000.0,1647575100000.0,0.05794238122406416,1.0,1.0,-0.9420576187759359,2.0,2,1,0,0,0,0,0,0,1,1647630300000,286118,STOP,185,-1.0,0.05794238122406414
CYCLE_1648190700000,1648190700000,2022,2018-2022,287352,1648191000000,288216,1648634100000,True,1648193700000.0,1648194000000.0,-0.4726231282698953,0.5273768717301047,0.5273768717301047,-1.0,1.5273768717301048,1,1,0,0,0,0,0,0,0,1648214700000,287430,STOP,78,-1.0,0.0
CYCLE_1648442700000,1648442700000,2022,2018-2022,287604,1648443000000,288468,1648713300000,True,1648444800000.0,1648445100000.0,-0.21162055538041807,0.788379444619582,0.788379444619582,-1.0,1.788379444619582,1,1,0,0,0,0,0,0,0,1648446900000,287616,STOP,12,-1.0,0.0
CYCLE_1648459200000,1648459200000,2022,2018-2022,287659,1648459500000,288523,1648729800000,True,1648494600000.0,1648494900000.0,-0.3523752515163035,0.6476247484836966,0.6476247484836966,-1.0,1.6476247484836966,2,1,0,0,0,0,0,0,1,1648543500000,287926,STOP,267,-1.0,0.0
CYCLE_1648703100000,1648703100000,2022,2018-2022,288435,1648703400000,289299,1649146200000,True,1648704900000.0,1648705200000.0,-0.2238994964853718,0.7761005035146282,0.7761005035146282,1.42906916476449,1.7761005035146282,1,1,0,0,0,0,0,0,0,1648732500000,288531,TARGET,96,2.091829104142819,-0.662759939378329
CYCLE_1648797600000,1648797600000,2022,2018-2022,288738,1648797900000,289602,1649240700000,True,1648812000000.0,1648812300000.0,-0.6820891690675082,0.31791083093249184,0.31791083093249184,-1.0,1.3179108309324918,2,1,0,0,0,0,0,0,1,1648823700000,288823,STOP,85,-1.0,0.0
CYCLE_1648824300000,1648824300000,2022,2018-2022,288827,1648824600000,289691,1649267400000,True,1648835100000.0,1648835400000.0,-0.4453443915380938,0.5546556084619062,0.5546556084619062,0.8684291109799388,1.554655608461906,3,1,0,0,0,0,0,0,2,1649166300000,289365,TARGET,538,1.0436198724136427,-0.17519076143370393
CYCLE_1649174700000,1649174700000,2022,2018-2022,289395,1649175000000,290259,1649445300000,True,1649207400000.0,1649207700000.0,-0.12306943049342439,0.8769305695065757,0.8769305695065757,1.4575847818251677,1.8769305695065757,3,1,0,0,0,0,0,0,2,1649427000000,290197,TARGET,802,1.8633305938574423,-0.40574581203227456
CYCLE_1650379800000,1650379800000,2022,2018-2022,291861,1650380100000,292725,1650650100000,True,1650381900000.0,1650382200000.0,-0.23954372623574172,0.7604562737642583,0.7604562737642583,-1.0,1.7604562737642584,1,1,0,0,0,0,0,0,0,1650396900000,291916,STOP,55,-1.0,0.0
CYCLE_1650397200000,1650397200000,2022,2018-2022,291919,1650397500000,292783,1650843900000,True,1650419700000.0,1650420000000.0,-0.1743396622731538,0.8256603377268462,0.8256603377268462,-1.0,1.825660337726846,8,1,0,0,0,0,0,0,7,1650623100000,292634,STOP,715,-1.0,0.0
CYCLE_1650889800000,1650889800000,2022,2018-2022,292937,1650890100000,293801,1651160100000,True,1650892200000.0,1650892500000.0,-0.23253878479202303,0.7674612152079769,0.7674612152079769,-1.0,1.767461215207977,4,1,0,0,0,0,0,0,3,1651067100000,293502,STOP,565,-1.0,0.0
CYCLE_1651459200000,1651459200000,2022,2018-2022,294199,1651459500000,295063,1651729500000,True,1651469700000.0,1651470000000.0,-0.2325855591999964,0.7674144408000036,0.7674144408000036,-1.0,1.7674144408000036,1,1,0,0,0,0,0,0,0,1651482300000,294274,STOP,75,-1.0,0.0
CYCLE_1651487400000,1651487400000,2022,2018-2022,294293,1651487700000,295157,1651757700000,True,1651492200000.0,1651492500000.0,-0.3258310964278288,0.6741689035721712,0.6741689035721712,-1.0,1.6741689035721712,1,1,0,0,0,0,0,0,0,1651494000000,294313,STOP,20,-1.0,0.0
CYCLE_1651499700000,1651499700000,2022,2018-2022,294334,1651500000000,295198,1651770000000,True,1651554600000.0,1651554900000.0,0.05985830712769418,1.0,1.0,-0.9401416928723059,2.0,3,1,0,0,0,0,0,0,2,1651566600000,294543,STOP,209,1.9677798288304083,-2.907921521702714
CYCLE_1651760100000,1651760100000,2022,2018-2022,295166,1651760400000,296030,1652203200000,True,1651762500000.0,1651762800000.0,-0.6129595934083427,0.3870404065916573,0.3870404065916573,-1.0,1.3870404065916573,2,1,0,0,0,0,0,0,1,1651766100000,295184,STOP,18,-1.0,0.0
CYCLE_1652677800000,1652677800000,2022,2018-2022,296989,1652678100000,297853,1652948100000,True,1652679300000.0,1652679600000.0,-0.03823118696662572,0.9617688130333742,0.9617688130333742,-1.0,1.9617688130333741,2,1,0,0,0,0,0,0,1,1652687100000,297018,STOP,29,-1.0,0.0
CYCLE_1652797500000,1652797500000,2022,2018-2022,297376,1652797800000,298240,1653067800000,True,1652800200000.0,1652800500000.0,-0.20403473302982067,0.7959652669701793,0.7959652669701793,-1.0,1.7959652669701793,4,1,0,0,0,0,0,0,3,1652837700000,297496,STOP,120,-1.0,0.0
CYCLE_1652840100000,1652840100000,2022,2018-2022,297506,1652840400000,298370,1653283200000,True,1652844900000.0,1652845200000.0,-0.5816871741906092,0.4183128258093908,0.4183128258093908,0.5899303391760852,1.4183128258093909,9,1,0,0,0,0,0,0,8,1652951700000,297864,TARGET,358,,
CYCLE_1654028700000,1654028700000,2022,2018-2022,300175,1654029000000,301039,1654475400000,True,1654048200000.0,1654048500000.0,-0.3394989888985271,0.6605010111014729,0.6605010111014729,1.1829766121623393,1.6605010111014729,5,1,0,0,0,0,0,0,4,1654152600000,300562,TARGET,387,-1.0,2.1829766121623395
CYCLE_1654240200000,1654240200000,2022,2018-2022,300844,1654240500000,301708,1654683300000,True,1654248600000.0,1654248900000.0,-0.5101118181431616,0.48988818185683836,0.48988818185683836,-1.0,1.4898881818568384,1,1,0,0,0,0,0,0,0,1654259700000,300907,STOP,63,-1.0,0.0
CYCLE_1654270200000,1654270200000,2022,2018-2022,300944,1654270500000,301808,1654713300000,True,1654273500000.0,1654273800000.0,-0.508564776317964,0.49143522368203596,0.49143522368203596,-1.0,1.491435223682036,2,1,0,0,0,0,0,0,1,1654528500000,301215,STOP,271,-1.0,0.0
CYCLE_1654529400000,1654529400000,2022,2018-2022,301220,1654529700000,302084,1654799700000,True,1654534500000.0,1654534800000.0,-0.37956556717620205,0.620434432823798,0.620434432823798,-1.0,1.620434432823798,4,1,0,0,0,0,0,0,3,1654559100000,301305,STOP,85,-1.0,0.0
CYCLE_1654559700000,1654559700000,2022,2018-2022,301309,1654560000000,302173,1654830000000,True,1654562400000.0,1654562700000.0,-0.1264523391538517,0.8735476608461483,0.8735476608461483,1.8821964893956098,1.8735476608461483,2,1,0,0,0,0,0,0,1,1654599600000,301440,TARGET,131,2.2045268758124323,-0.32233038641682255
CYCLE_1655794800000,1655794800000,2022,2018-2022,304123,1655795100000,304987,1656065100000,True,1655797500000.0,1655797800000.0,-0.1063478107965753,0.8936521892034247,0.8936521892034247,-1.0,1.8936521892034248,2,1,0,0,0,0,0,0,1,1655839800000,304271,STOP,148,-1.0,0.0
CYCLE_1656666900000,1656666900000,2022,2018-2022,306358,1656667200000,307222,1657119300000,True,1656672300000.0,1656672600000.0,-0.6801248735568041,0.31987512644319593,0.31987512644319593,-1.0,1.319875126443196,3,1,0,0,0,0,0,0,2,1656675900000,306386,STOP,28,-1.0,0.0
CYCLE_1656676200000,1656676200000,2022,2018-2022,306389,1656676500000,307253,1657128600000,True,1656679800000.0,1656680100000.0,0.15140358950760535,1.0,1.0,1.4794333463405172,2.0,1,1,0,0,0,0,0,0,0,1656685200000,306417,TARGET,28,,
CYCLE_1656929700000,1656929700000,2022,2018-2022,306646,1656930000000,307510,1657209300000,True,1657012200000.0,1657012500000.0,-0.5237012713648463,0.47629872863515366,0.47629872863515366,-1.0,1.4762987286351537,1,1,0,0,0,0,0,0,0,1657022700000,306911,STOP,265,-1.0,0.0
CYCLE_1657035900000,1657035900000,2022,2018-2022,306957,1657036200000,307821,1657306200000,True,1657040100000.0,1657040400000.0,-0.22586636947407657,0.7741336305259234,0.7741336305259234,-1.0,1.7741336305259234,6,1,0,0,0,0,0,0,5,1657110900000,307193,STOP,236,-1.0,0.0
CYCLE_1657115700000,1657115700000,2022,2018-2022,307211,1657116000000,308075,1657558800000,True,1657117500000.0,1657117800000.0,-0.561919549995616,0.438080450004384,0.438080450004384,-1.0,1.438080450004384,1,1,0,0,0,0,0,0,0,1657119600000,307222,STOP,11,-1.0,0.0
CYCLE_1657120800000,1657120800000,2022,2018-2022,307228,1657121100000,308092,1657563900000,True,1657123800000.0,1657124100000.0,-0.5667568433682953,0.43324315663170465,0.43324315663170465,-0.580030676252331,1.4332431566317045,5,1,0,0,0,0,0,0,4,1657563900000,308092,IDEA_HORIZON_EXIT,864,-0.5584099090035032,-0.021620767248827777
CYCLE_1658336700000,1658336700000,2022,2018-2022,310007,1658337000000,310871,1658779800000,True,1658340900000.0,1658341200000.0,-0.38188161027741835,0.6181183897225817,0.6181183897225817,-1.0,1.6181183897225817,1,1,0,0,0,0,0,0,0,1658347500000,310041,STOP,34,-1.0,0.0
CYCLE_1658362800000,1658362800000,2022,2018-2022,310082,1658363100000,310946,1658805900000,True,1658366100000.0,1658366400000.0,-0.48372850454468375,0.5162714954553163,0.5162714954553163,-1.0,1.5162714954553163,2,1,0,0,0,0,0,0,1,1658387700000,310163,STOP,81,-1.0,0.0
CYCLE_1658387700000,1658387700000,2022,2018-2022,310165,1658388000000,311029,1658830800000,True,1658395200000.0,1658395500000.0,-0.6737419508704848,0.32625804912951517,0.32625804912951517,-0.010575919765719588,1.3262580491295153,2,1,0,0,0,0,0,0,1,1658407200000,310228,TARGET,63,-1.0,0.9894240802342804
CYCLE_1658711100000,1658711100000,2022,2018-2022,310643,1658711400000,311507,1658981400000,True,1658760900000.0,1658761200000.0,-0.7608165614162665,0.23918343858373348,0.23918343858373348,-0.18575962083464914,1.2391834385837335,5,1,0,0,0,0,0,0,4,1658947500000,311405,TARGET,762,-1.0,0.8142403791653509
CYCLE_1659688200000,1659688200000,2022,2018-2022,313215,1659688500000,314079,1660131900000,True,1659692400000.0,1659692700000.0,-0.09670729705943484,0.9032927029405652,0.9032927029405652,-1.0,1.9032927029405653,3,1,0,0,0,0,0,0,2,1659702900000,313262,STOP,47,-1.0,0.0
CYCLE_1660920300000,1660920300000,2022,2018-2022,316048,1660920600000,316912,1661363700000,True,1660937400000.0,1660937700000.0,-0.23076050294483974,0.7692394970551603,0.7692394970551603,-1.0,1.7692394970551604,6,1,0,0,0,0,0,0,5,1661151900000,316230,STOP,182,-1.0,0.0
CYCLE_1661158500000,1661158500000,2022,2018-2022,316254,1661158800000,317118,1661429100000,True,1661161200000.0,1661161500000.0,-0.35687558465856234,0.6431244153414377,0.6431244153414377,-1.0,1.6431244153414377,3,1,0,0,0,0,0,0,2,1661172000000,316297,STOP,43,-1.0,0.0
CYCLE_1661479500000,1661479500000,2022,2018-2022,317274,1661479800000,318138,1661922900000,True,1661500200000.0,1661500500000.0,-0.11444244265776568,0.8855575573422343,0.8855575573422343,-1.0,1.8855575573422343,2,1,0,0,0,0,0,0,1,1661508300000,317368,STOP,94,-1.0,0.0
CYCLE_1661527500000,1661527500000,2022,2018-2022,317434,1661527800000,318298,1661970900000,True,1661530200000.0,1661530500000.0,-0.2170203778020711,0.7829796221979289,0.7829796221979289,-1.0,1.7829796221979288,1,1,0,0,0,0,0,0,0,1661736300000,317540,STOP,106,-1.0,0.0
CYCLE_1661738700000,1661738700000,2022,2018-2022,317550,1661739000000,318414,1662009300000,True,1661748600000.0,1661748900000.0,-0.3855360375789205,0.6144639624210795,0.6144639624210795,1.4125929750624364,1.6144639624210795,2,1,0,0,0,0,0,0,1,1661782200000,317693,TARGET,143,-1.0,2.412592975062436
CYCLE_1661837400000,1661837400000,2022,2018-2022,317866,1661837700000,318730,1662107700000,True,1661841900000.0,1661842200000.0,-0.2093117145275989,0.7906882854724011,0.7906882854724011,-1.0,1.790688285472401,1,1,0,0,0,0,0,0,0,1661844000000,317886,STOP,20,,
CYCLE_1662021900000,1662021900000,2022,2018-2022,318457,1662022200000,319321,1662474300000,True,1662029100000.0,1662029400000.0,-0.31183736990567273,0.6881626300943273,0.6881626300943273,-1.0,1.6881626300943273,2,1,0,0,0,0,0,0,1,1662036300000,318503,STOP,46,-1.0,0.0
CYCLE_1662036600000,1662036600000,2022,2018-2022,318506,1662036900000,319370,1662489000000,True,1662039900000.0,1662040200000.0,-0.3153969428007901,0.6846030571992099,0.6846030571992099,-1.0,1.6846030571992099,2,1,0,0,0,0,0,0,1,1662043500000,318527,STOP,21,-1.0,0.0
CYCLE_1662470100000,1662470100000,2022,2018-2022,319308,1662470400000,320172,1662740400000,True,1662474300000.0,1662474600000.0,-0.006633076089053423,0.9933669239109466,0.9933669239109466,-1.0,1.9933669239109466,7,1,0,0,0,0,0,0,6,1662510300000,319428,STOP,120,-1.0,0.0
CYCLE_1662511200000,1662511200000,2022,2018-2022,319433,1662511500000,320297,1662954300000,True,1662521100000.0,1662521400000.0,-0.31447207501021446,0.6855279249897855,0.6855279249897855,1.5959516133972755,1.6855279249897857,2,1,0,0,0,0,0,0,1,1662561300000,319598,TARGET,165,1.778434569914353,-0.18248295651707735
CYCLE_1662732000000,1662732000000,2022,2018-2022,320145,1662732300000,321009,1663175100000,True,1662957900000.0,1662958200000.0,-0.3282936711922924,0.6717063288077076,0.6717063288077076,1.2752538758069711,1.6717063288077076,2,1,0,0,0,0,0,0,1,1662973500000,320360,TARGET,215,1.360527350246436,-0.08527347443946476
CYCLE_1663033500000,1663033500000,2022,2018-2022,320550,1663033800000,321414,1663303800000,True,1663037700000.0,1663038000000.0,-0.05113629491659175,0.9488637050834082,0.9488637050834082,-1.0,1.9488637050834083,3,1,0,0,0,0,0,0,2,1663072500000,320678,STOP,128,-1.0,0.0
CYCLE_1663667700000,1663667700000,2022,2018-2022,322028,1663668000000,322892,1663938000000,True,1663669200000.0,1663669500000.0,0.028910798851029505,1.0,1.0,-0.9710892011489705,2.0,3,1,0,0,0,0,0,0,2,1663680900000,322070,STOP,42,-1.0,0.02891079885102954
CYCLE_1664430600000,1664430600000,2022,2018-2022,323911,1664430900000,324775,1664873700000,True,1664432400000.0,1664432700000.0,-0.05239569375780946,0.9476043062421905,0.9476043062421905,1.6896802582668806,1.9476043062421904,2,1,0,0,0,0,0,0,1,1664464200000,324021,TARGET,110,2.4281291872661206,-0.73844892899924
CYCLE_1664560500000,1664560500000,2022,2018-2022,324332,1664560800000,325196,1665007200000,True,1664566800000.0,1664567100000.0,-0.1400346093140743,0.8599653906859257,0.8599653906859257,2.2049774232451447,1.8599653906859257,3,1,0,0,0,0,0,0,2,1664807100000,324564,TARGET,232,2.4825146899423647,-0.27753726669722
CYCLE_1666199700000,1666199700000,2022,2018-2022,327905,1666200000000,328769,1666643100000,True,1666206900000.0,1666207200000.0,0.0021771133550168593,1.0,1.0,-0.9978228866449831,2.0,3,1,0,0,0,0,0,0,2,1666233600000,328003,STOP,98,-1.0,0.002177113355016913
CYCLE_1666294800000,1666294800000,2022,2018-2022,328209,1666295100000,329073,1666741500000,True,1666326000000.0,1666326300000.0,-0.6345080500894479,0.3654919499105521,0.3654919499105521,0.2634828384007897,1.365491949910552,5,1,0,0,0,0,0,0,4,1666359600000,328411,TARGET,202,-1.0,1.2634828384007897
CYCLE_1666596600000,1666596600000,2022,2018-2022,328615,1666596900000,329479,1666867500000,True,1666597500000.0,1666597800000.0,-0.11704893631416766,0.8829510636858323,0.8829510636858323,-1.0,1.8829510636858324,4,1,0,0,0,0,0,0,3,1666688400000,328907,STOP,292,-1.0,0.0
CYCLE_1667806200000,1667806200000,2022,2018-2022,331355,1667806500000,332219,1668077100000,True,1667866800000.0,1667867100000.0,1.153440341228003,1.0,1.0,0.15344034122800299,2.0,4,1,0,0,0,0,0,0,3,1667886000000,331605,STOP,250,2.7122884473878686,-2.5588481061598656
CYCLE_1667886000000,1667886000000,2022,2018-2022,331607,1667886300000,332471,1668156300000,True,1667887500000.0,1667887800000.0,0.11993942453307747,1.0,1.0,-0.8800605754669225,2.0,3,1,0,0,0,0,0,0,2,1667898300000,331646,STOP,39,,
CYCLE_1667990100000,1667990100000,2022,2018-2022,331942,1667990400000,332806,1668433200000,True,1668000300000.0,1668000600000.0,-0.10450172062643957,0.8954982793735604,0.8954982793735604,0.9814931469815327,1.8954982793735604,1,1,0,0,0,0,0,0,0,1668006600000,331995,TARGET,53,1.3488306763115878,-0.36733752933005515
CYCLE_1669363800000,1669363800000,2022,2018-2022,335186,1669364100000,336050,1669819800000,True,1669370100000.0,1669370400000.0,-0.321133596899812,0.678866403100188,0.678866403100188,-1.0,1.678866403100188,1,1,0,0,0,0,0,0,0,1669384200000,335252,STOP,66,-1.0,0.0
CYCLE_1670263800000,1670263800000,2022,2018-2022,336919,1670264100000,337783,1670535300000,True,1670267400000.0,1670267700000.0,-0.4244442119081699,0.5755557880918301,0.5755557880918301,1.3064776511652567,1.57555578809183,1,1,0,0,0,0,0,0,0,1670438700000,337474,TARGET,555,2.556996223399752,-1.2505185722344951
CYCLE_1670810100000,1670810100000,2022,2018-2022,338099,1670810400000,338963,1671080700000,True,1670812800000.0,1670813100000.0,-0.28498617024582007,0.7150138297541799,0.7150138297541799,-1.0,1.71501382975418,6,1,0,0,0,0,0,0,5,1670866500000,338285,STOP,186,-1.0,0.0
CYCLE_1670867100000,1670867100000,2022,2018-2022,338289,1670867400000,339153,1671137700000,True,1670870400000.0,1670870700000.0,-0.5095487696912754,0.4904512303087246,0.4904512303087246,0.9506736200769114,1.4904512303087247,2,1,0,0,0,0,0,0,1,1670938500000,338512,TARGET,223,,
CYCLE_1671005400000,1671005400000,2022,2018-2022,338725,1671005700000,339589,1671448500000,True,1671009900000.0,1671010200000.0,-0.0424483306836319,0.9575516693163681,0.9575516693163681,-1.0,1.9575516693163681,3,1,0,0,0,0,0,0,2,1671044700000,338854,STOP,129,-1.0,0.0
CYCLE_1671605700000,1671605700000,2022,2018-2022,340090,1671606000000,340954,1672135800000,True,1671607500000.0,1671607800000.0,0.09972956928966138,1.0,1.0,1.3245876232680454,2.0,2,1,0,0,0,0,0,0,1,1671637200000,340193,TARGET,103,-1.0,2.3245876232680454
CYCLE_1672906800000,1672906800000,2023,2023-2024,342583,1672907100000,343447,1673349900000,True,1672908600000.0,1672908900000.0,-0.18959027952891847,0.8104097204710815,0.8104097204710815,-1.0,1.8104097204710814,1,1,0,0,0,0,0,0,0,1672926600000,342647,STOP,64,-1.0,0.0
CYCLE_1673285400000,1673285400000,2023,2023-2024,343245,1673285700000,344109,1673555700000,True,1673286000000.0,1673286300000.0,-0.04080918789716156,0.9591908121028384,0.9591908121028384,2.153763346595069,1.9591908121028383,2,1,0,0,0,0,0,0,1,1673429700000,343700,TARGET,455,2.5063837229639834,-0.3526203763689142
CYCLE_1674013500000,1674013500000,2023,2023-2024,344962,1674013800000,345826,1674456600000,True,1674015300000.0,1674015600000.0,-0.37759622010041444,0.6224037798995856,0.6224037798995856,1.372463054451739,1.6224037798995856,3,1,0,0,0,0,0,0,2,1674046500000,345070,TARGET,108,2.5185549758835406,-1.1460919214318015
CYCLE_1674485400000,1674485400000,2023,2023-2024,345923,1674485700000,346787,1674756300000,True,1674486600000.0,1674486900000.0,-0.5473903042082234,0.45260969579177657,0.45260969579177657,0.37192326927459207,1.4526096957917765,1,1,0,0,0,0,0,0,0,1674506400000,345991,TARGET,68,0.905699137687106,-0.5337758684125139
CYCLE_1675238100000,1675238100000,2023,2023-2024,347770,1675238400000,348634,1675681200000,True,1675239300000.0,1675239600000.0,-0.20046087487440786,0.7995391251255921,0.7995391251255921,-1.0,1.799539125125592,3,1,0,0,0,0,0,0,2,1675271700000,347880,STOP,110,-1.0,0.0
CYCLE_1675350900000,1675350900000,2023,2023-2024,348134,1675351200000,348998,1675794000000,True,1675356900000.0,1675357200000.0,-0.49172377644643217,0.5082762235535678,0.5082762235535678,-1.0,1.5082762235535678,7,1,0,0,0,0,0,0,6,1675431300000,348388,STOP,254,-1.0,0.0
CYCLE_1675437300000,1675437300000,2023,2023-2024,348410,1675437600000,349274,1675880700000,True,1675442400000.0,1675442700000.0,-0.6664608459232513,0.3335391540767487,0.3335391540767487,-0.3004042734008711,1.3335391540767487,9,1,0,0,0,0,0,0,8,1675880700000,349274,IDEA_HORIZON_EXIT,864,-1.0,0.6995957265991288
CYCLE_1676468400000,1676468400000,2023,2023-2024,350597,1676468700000,351461,1676911500000,True,1676476200000.0,1676476500000.0,-0.2743725849579111,0.7256274150420889,0.7256274150420889,-1.0,1.725627415042089,5,1,0,0,0,0,0,0,4,1676608800000,351039,STOP,442,-1.0,0.0
CYCLE_1676916000000,1676916000000,2023,2023-2024,351477,1676916300000,352341,1677199500000,True,1676919000000.0,1676919300000.0,-0.17601087325857875,0.8239891267414212,0.8239891267414212,-1.0,1.8239891267414212,3,1,0,0,0,0,0,0,2,1676951100000,351549,STOP,72,-1.0,0.0
CYCLE_1676951700000,1676951700000,2023,2023-2024,351553,1676952000000,352417,1677222300000,True,1676963400000.0,1676963700000.0,-0.08133544214595348,0.9186645578540465,0.9186645578540465,-1.0,1.9186645578540467,1,1,0,0,0,0,0,0,0,1676965800000,351598,STOP,45,-1.0,0.0
CYCLE_1676965800000,1676965800000,2023,2023-2024,351600,1676966100000,352464,1677236400000,True,1676969400000.0,1676969700000.0,-0.6369638794873076,0.3630361205126924,0.3630361205126924,0.10261068716453603,1.3630361205126924,3,1,0,0,0,0,0,0,2,1676990100000,351679,TARGET,79,-1.0,1.102610687164536
CYCLE_1677078900000,1677078900000,2023,2023-2024,351965,1677079200000,352829,1677522600000,True,1677087600000.0,1677087900000.0,-0.18895937373464514,0.8110406262653549,0.8110406262653549,-1.0,1.811040626265355,1,1,0,0,0,0,0,0,0,1677093600000,352012,STOP,47,-1.0,0.0
CYCLE_1677246600000,1677246600000,2023,2023-2024,352499,1677246900000,353363,1677690600000,True,1677250200000.0,1677250500000.0,-0.4067052737485004,0.5932947262514996,0.5932947262514996,-1.0,1.5932947262514996,4,1,0,0,0,0,0,0,3,1677572400000,352980,STOP,481,-1.0,0.0
CYCLE_1678215900000,1678215900000,2023,2023-2024,354488,1678216200000,355352,1678659600000,True,1678218900000.0,1678219200000.0,-0.2074722894041427,0.7925277105958572,0.7925277105958572,1.9994031720638337,1.7925277105958572,6,1,0,0,0,0,0,0,5,1678374300000,354988,TARGET,500,2.2566836930030703,-0.2572805209392366
CYCLE_1678802100000,1678802100000,2023,2023-2024,355816,1678802400000,356680,1679072400000,True,1678858800000.0,1678859100000.0,-0.14251413523351733,0.8574858647664827,0.8574858647664827,-1.0,1.8574858647664827,3,1,0,0,0,0,0,0,2,1678867500000,356020,STOP,204,-1.0,0.0
CYCLE_1679408400000,1679408400000,2023,2023-2024,357200,1679408700000,358064,1679678700000,True,1679413200000.0,1679413500000.0,-0.28099602282552233,0.7190039771744776,0.7190039771744776,-1.0,1.7190039771744776,2,1,0,0,0,0,0,0,1,1679419800000,357236,STOP,36,-1.0,0.0
CYCLE_1679425500000,1679425500000,2023,2023-2024,357257,1679425800000,358121,1679872200000,True,1679470800000.0,1679471100000.0,0.0,1.0,1.0,1.4142066715706254,2.0,1,1,0,0,0,0,0,0,0,1679497200000,357482,TARGET,225,2.4705185066794626,-1.0563118351088372
CYCLE_1679679900000,1679679900000,2023,2023-2024,358069,1679680200000,358933,1680123000000,True,1679682000000.0,1679682300000.0,-0.1753065706037658,0.8246934293962342,0.8246934293962342,-1.0,1.8246934293962342,2,1,0,0,0,0,0,0,1,1679898300000,358207,STOP,138,-1.0,0.0
CYCLE_1679915100000,1679915100000,2023,2023-2024,358265,1679915400000,359129,1680185400000,True,1679922000000.0,1679922300000.0,-0.4763820752772609,0.523617924722739,0.523617924722739,0.7160607708349931,1.523617924722739,4,1,0,0,0,0,0,0,3,1680015600000,358586,TARGET,321,2.1028981324978395,-1.3868373616628464
CYCLE_1680749400000,1680749400000,2023,2023-2024,360374,1680749700000,361238,1681279800000,True,1680789000000.0,1680789300000.0,-0.5069456553327398,0.49305434466726017,0.49305434466726017,-1.2116413894814255,1.4930543446672602,2,1,0,0,0,0,0,0,1,1681077900000,360590,STOP_GAP,216,-1.0,-0.21164138948142552
CYCLE_1681078200000,1681078200000,2023,2023-2024,360592,1681078500000,361456,1681349700000,True,1681089000000.0,1681089300000.0,-0.16993902780108358,0.8300609721989164,0.8300609721989164,-1.0,1.8300609721989165,1,1,0,0,0,0,0,0,0,1681095000000,360646,STOP,54,-1.0,0.0
CYCLE_1681132200000,1681132200000,2023,2023-2024,360772,1681132500000,361636,1681403700000,True,1681136100000.0,1681136400000.0,-0.02616176943258826,0.9738382305674117,0.9738382305674117,1.347673137442349,1.9738382305674116,2,1,0,0,0,0,0,0,1,1681203000000,360994,TARGET,222,-1.0,2.347673137442349
CYCLE_1683868800000,1683868800000,2023,2023-2024,367295,1683869100000,368159,1684311900000,True,1683872700000.0,1683873000000.0,-0.4498442594582963,0.5501557405417037,0.5501557405417037,-1.0,1.5501557405417037,3,1,0,0,0,0,0,0,2,1683884700000,367346,STOP,51,-1.0,0.0
CYCLE_1684318500000,1684318500000,2023,2023-2024,368182,1684318800000,369046,1684761600000,True,1684328400000.0,1684328700000.0,-0.24594706125096064,0.7540529387490393,0.7540529387490393,-1.0,1.7540529387490393,1,1,0,0,0,0,0,0,0,1684331700000,368224,STOP,42,-1.0,0.0
CYCLE_1684332600000,1684332600000,2023,2023-2024,368229,1684332900000,369093,1684775700000,True,1684394700000.0,1684395000000.0,-0.33572129538763795,0.664278704612362,0.664278704612362,-1.0,1.6642787046123622,1,1,0,0,0,0,0,0,0,1684398000000,368433,STOP,204,-1.0,0.0
CYCLE_1685942400000,1685942400000,2023,2023-2024,371675,1685942700000,372539,1686213300000,True,1685946600000.0,1685946900000.0,-0.16000446005466243,0.8399955399453376,0.8399955399453376,-1.0,1.8399955399453376,2,1,0,0,0,0,0,0,1,1685965200000,371749,STOP,74,-1.0,0.0
CYCLE_1685965500000,1685965500000,2023,2023-2024,371752,1685965800000,372616,1686236400000,True,1685969100000.0,1685969400000.0,-0.08017937219729213,0.9198206278027079,0.9198206278027079,2.0398982290286183,1.919820627802708,1,1,0,0,0,0,0,0,0,1685973900000,371778,TARGET,26,,
CYCLE_1686037500000,1686037500000,2023,2023-2024,371980,1686037800000,372844,1686308400000,True,1686038700000.0,1686039000000.0,0.021366796676310258,1.0,1.0,1.7514005730981335,2.0,4,1,0,0,0,0,0,0,3,1686146100000,372326,TARGET,346,2.0780674302804094,-0.32666685718227595
CYCLE_1687157100000,1687157100000,2023,2023-2024,374450,1687157400000,375314,1687438200000,True,1687161300000.0,1687161600000.0,0.03122212310434372,1.0,1.0,-0.9687778768956563,2.0,1,1,0,0,0,0,0,0,0,1687169100000,374488,STOP,38,-1.0,0.03122212310434369
CYCLE_1687169400000,1687169400000,2023,2023-2024,374491,1687169700000,375355,1687450500000,True,1687173300000.0,1687173600000.0,-0.21259110201732456,0.7874088979826754,0.7874088979826754,-1.0,1.7874088979826754,2,1,0,0,0,0,0,0,1,1687226100000,374632,STOP,141,-1.0,0.0
CYCLE_1687270200000,1687270200000,2023,2023-2024,374781,1687270500000,375645,1687541700000,True,1687271700000.0,1687272000000.0,0.046019965052492395,1.0,1.0,-0.9539800349475076,2.0,2,1,0,0,0,0,0,0,1,1687354800000,375047,STOP,266,-1.0,0.046019965052492395
CYCLE_1687942200000,1687942200000,2023,2023-2024,376365,1687942500000,377229,1688385300000,True,1687948800000.0,1687949100000.0,-0.48300219546452205,0.516997804535478,0.516997804535478,-1.0,1.516997804535478,4,1,0,0,0,0,0,0,3,1687960200000,376423,STOP,58,-1.0,0.0
CYCLE_1688010600000,1688010600000,2023,2023-2024,376581,1688010900000,377445,1688457900000,True,1688020500000.0,1688020800000.0,-0.08491354153553256,0.9150864584644675,0.9150864584644675,-1.0,1.9150864584644673,2,1,0,0,0,0,0,0,1,1688042400000,376685,STOP,104,,
CYCLE_1688106300000,1688106300000,2023,2023-2024,376888,1688106600000,377752,1688562900000,True,1688112600000.0,1688112900000.0,-0.20119378949393762,0.7988062105060624,0.7988062105060624,-1.0,1.7988062105060623,1,1,0,0,0,0,0,0,0,1688114100000,376912,STOP,24,-1.0,0.0
CYCLE_1688568900000,1688568900000,2023,2023-2024,377773,1688569200000,378637,1689012900000,True,1688580000000.0,1688580300000.0,-0.2723761904298729,0.7276238095701271,0.7276238095701271,-1.0,1.727623809570127,3,1,0,0,0,0,0,0,2,1688590500000,377843,STOP,70,-1.0,0.0
CYCLE_1688966400000,1688966400000,2023,2023-2024,378483,1688966700000,379347,1689237900000,True,1688967900000.0,1688968200000.0,0.010719071013835561,1.0,1.0,-0.9892809289861645,2.0,2,1,0,0,0,0,0,0,1,1688993100000,378570,STOP,87,-1.0,0.010719071013835513
CYCLE_1689252900000,1689252900000,2023,2023-2024,379398,1689253200000,380262,1689696900000,True,1689320700000.0,1689321000000.0,-0.29332047423468693,0.7066795257653131,0.7066795257653131,-1.0,1.7066795257653131,1,1,0,0,0,0,0,0,0,1689343500000,379685,STOP,287,-1.0,0.0
CYCLE_1689599700000,1689599700000,2023,2023-2024,379953,1689600000000,380817,1689870900000,True,1689602100000.0,1689602400000.0,-0.07380276358130204,0.926197236418698,0.926197236418698,0.9640584884002218,1.9261972364186981,1,1,0,0,0,0,0,0,0,1689653100000,380115,TARGET,162,1.5063410940753885,-0.5422826056751667
CYCLE_1689946200000,1689946200000,2023,2023-2024,381055,1689946500000,381919,1690389300000,True,1689949500000.0,1689949800000.0,-0.27506455596723345,0.7249354440327666,0.7249354440327666,-1.0,1.7249354440327664,4,1,0,0,0,0,0,0,3,1690222800000,381387,STOP,332,-1.0,0.0
CYCLE_1692022200000,1692022200000,2023,2023-2024,385469,1692022500000,386333,1692293400000,True,1692085200000.0,1692085500000.0,-0.3465972749286247,0.6534027250713753,0.6534027250713753,-1.0,1.6534027250713752,5,1,0,0,0,0,0,0,4,1692102900000,385722,STOP,253,-1.0,0.0
CYCLE_1692190800000,1692190800000,2023,2023-2024,386004,1692191100000,386868,1692634200000,True,1692192000000.0,1692192300000.0,0.19928905042003717,1.0,1.0,-0.8007109495799628,2.0,2,1,0,0,0,0,0,0,1,1692209100000,386063,STOP,59,-1.0,0.1992890504200372
CYCLE_1693226400000,1693226400000,2023,2023-2024,388181,1693226700000,389045,1693500900000,True,1693230000000.0,1693230300000.0,0.14232780876707188,1.0,1.0,0.5066683551587124,2.0,1,1,0,0,0,0,0,0,0,1693236300000,388212,TARGET,31,0.6852602431879253,-0.1785918880292129
CYCLE_1693490400000,1693490400000,2023,2023-2024,389011,1693490700000,389875,1693946400000,True,1693493700000.0,1693494000000.0,-0.2948842058232192,0.7051157941767807,0.7051157941767807,-1.0,1.7051157941767807,3,1,0,0,0,0,0,0,2,1693541400000,389163,STOP,152,-1.0,0.0
CYCLE_1693925400000,1693925400000,2023,2023-2024,389806,1693925700000,390670,1694197200000,True,1693962000000.0,1693962300000.0,-0.3490073145245176,0.6509926854754824,0.6509926854754824,-1.0,1.6509926854754824,3,1,0,0,0,0,0,0,2,1694005800000,390057,STOP,251,-1.0,0.0
CYCLE_1694445600000,1694445600000,2023,2023-2024,390910,1694445900000,391774,1694721600000,True,1694511900000.0,1694512200000.0,-0.8333907649896806,0.16660923501031943,0.16660923501031943,-1.0,1.1666092350103194,5,5,4,0,0,0,0,0,0,1694515200000,391120,STOP,210,-1.0,0.0
CYCLE_1694521800000,1694521800000,2023,2023-2024,391144,1694522100000,392008,1694795400000,True,1694524500000.0,1694524800000.0,-0.2318446329664287,0.7681553670335712,0.7681553670335712,-1.0,1.7681553670335712,3,1,0,0,0,0,0,0,2,1694694900000,391684,STOP,540,-1.0,0.0
CYCLE_1695147900000,1695147900000,2023,2023-2024,392583,1695148200000,393447,1695597300000,True,1695194700000.0,1695195000000.0,-0.5260186981831043,0.4739813018168957,0.4739813018168957,0.5249972337323217,1.4739813018168957,1,1,0,0,0,0,0,0,0,1695217500000,392797,TARGET,214,2.4537739362224524,-1.9287767024901308
CYCLE_1695299100000,1695299100000,2023,2023-2024,393057,1695299400000,393921,1695743400000,True,1695300900000.0,1695301200000.0,-0.2977693508811247,0.7022306491188752,0.7022306491188752,0.9540507142397845,1.7022306491188752,2,1,0,0,0,0,0,0,1,1695367200000,393270,TARGET,213,-1.0,1.9540507142397845
CYCLE_1695602400000,1695602400000,2023,2023-2024,393465,1695602700000,394329,1695873600000,True,1695609000000.0,1695609300000.0,-0.43177095359040907,0.5682290464095909,0.5682290464095909,-1.0,1.568229046409591,1,1,0,0,0,0,0,0,0,1695651600000,393627,STOP,162,,
CYCLE_1695744600000,1695744600000,2023,2023-2024,393926,1695744900000,394790,1696015800000,True,1695748500000.0,1695748800000.0,-0.06474606474606366,0.9352539352539363,0.9352539352539363,-1.0,1.9352539352539364,2,1,0,0,0,0,0,0,1,1695789300000,394059,STOP,133,-1.0,0.0
CYCLE_1695808200000,1695808200000,2023,2023-2024,394124,1695808500000,394988,1696251600000,True,1695810000000.0,1695810300000.0,-0.16647467578311337,0.8335253242168866,0.8335253242168866,-1.0,1.8335253242168865,2,1,0,0,0,0,0,0,1,1695816300000,394149,STOP,25,-1.0,0.0
CYCLE_1696226400000,1696226400000,2023,2023-2024,394905,1696226700000,395769,1696497600000,True,1696237800000.0,1696238100000.0,-0.537094974511571,0.46290502548842904,0.46290502548842904,-1.0,1.462905025488429,1,1,0,0,0,0,0,0,0,1696239300000,394946,STOP,41,-1.0,0.0
CYCLE_1696239600000,1696239600000,2023,2023-2024,394949,1696239900000,395813,1696510800000,True,1696256400000.0,1696256700000.0,-0.49425041068494907,0.505749589315051,0.505749589315051,-1.0,1.505749589315051,1,1,0,0,0,0,0,0,0,1696288500000,395097,STOP,148,-1.0,0.0
CYCLE_1696301100000,1696301100000,2023,2023-2024,395141,1696301400000,396005,1696572600000,True,1696402200000.0,1696402500000.0,0.06276533450446464,1.0,1.0,0.36962816333946813,2.0,2,1,0,0,0,0,0,0,1,1696572600000,396005,IDEA_HORIZON_EXIT,864,0.36634460547504805,0.0032835578644200836
CYCLE_1696936500000,1696936500000,2023,2023-2024,396618,1696936800000,397482,1697208000000,True,1696937700000.0,1696938000000.0,0.05329611065287949,1.0,1.0,1.997384003615005,2.0,2,1,0,0,0,0,0,0,1,1697010300000,396847,TARGET,229,2.434426749571684,-0.437042745956679
CYCLE_1697119200000,1697119200000,2023,2023-2024,397199,1697119500000,398063,1697562600000,True,1697123400000.0,1697123700000.0,-0.43137475400619435,0.5686252459938057,0.5686252459938057,0.6946379096290709,1.5686252459938057,3,1,0,0,0,0,0,0,2,1697189400000,397419,TARGET,220,-1.0,1.694637909629071
CYCLE_1698811200000,1698811200000,2023,2023-2024,400938,1698811500000,401802,1699258200000,True,1698812700000.0,1698813000000.0,-0.24450883472527,0.75549116527473,0.75549116527473,-1.0,1.75549116527473,2,1,0,0,0,0,0,0,1,1698864600000,401114,STOP,176,-1.0,0.0
CYCLE_1699242300000,1699242300000,2023,2023-2024,401750,1699242600000,402614,1699512600000,True,1699299000000.0,1699299300000.0,-0.5816372961092006,0.41836270389079944,0.41836270389079944,-1.0,1.4183627038907995,2,1,0,0,0,0,0,0,1,1699314000000,401975,STOP,225,-1.0,0.0
CYCLE_1699316700000,1699316700000,2023,2023-2024,401986,1699317000000,402850,1699587300000,True,1699320000000.0,1699320300000.0,-0.20178610471079203,0.7982138952892079,0.7982138952892079,-1.0,1.798213895289208,3,1,0,0,0,0,0,0,2,1699331400000,402033,STOP,47,-1.0,0.0
CYCLE_1699348500000,1699348500000,2023,2023-2024,402092,1699348800000,402956,1699619100000,True,1699353000000.0,1699353300000.0,0.1139359823692294,1.0,1.0,-0.8860640176307706,2.0,1,1,0,0,0,0,0,0,0,1699357200000,402119,STOP,27,-1.0,0.11393598236922942
CYCLE_1699362000000,1699362000000,2023,2023-2024,402137,1699362300000,403001,1699632600000,True,1699363200000.0,1699363500000.0,-0.29669237808865717,0.7033076219113428,0.7033076219113428,1.2302362341968156,1.7033076219113428,1,1,0,0,0,0,0,0,0,1699383300000,402206,TARGET,69,1.5922342789907158,-0.3619980447939002
CYCLE_1700487600000,1700487600000,2023,2023-2024,404623,1700487900000,405487,1700757900000,True,1700490900000.0,1700491200000.0,-0.17324106573069983,0.8267589342693001,0.8267589342693001,1.6165811606434146,1.8267589342693,1,1,0,0,0,0,0,0,0,1700525100000,404734,TARGET,111,1.808312061263634,-0.19173090062021947
CYCLE_1700667300000,1700667300000,2023,2023-2024,405198,1700667600000,406062,1701142500000,True,1700673300000.0,1700673600000.0,-0.20057945174948824,0.7994205482505118,0.7994205482505118,1.3400277299094785,1.7994205482505117,3,1,0,0,0,0,0,0,2,1701048000000,405758,TARGET,560,1.78619716217222,-0.4461694322627414
CYCLE_1702045800000,1702045800000,2023,2023-2024,408399,1702046100000,409263,1702488900000,True,1702054200000.0,1702054500000.0,-0.39426652706069876,0.6057334729393012,0.6057334729393012,-1.0,1.6057334729393014,1,1,0,0,0,0,0,0,0,1702055400000,408429,STOP,30,-1.0,0.0
CYCLE_1702056300000,1702056300000,2023,2023-2024,408434,1702056600000,409298,1702499400000,True,1702282800000.0,1702283100000.0,0.007090462483850166,1.0,1.0,-0.9929095375161499,2.0,3,1,0,0,0,0,0,0,2,1702306500000,408678,STOP,244,-1.0,0.007090462483850146
CYCLE_1702309500000,1702309500000,2023,2023-2024,408690,1702309800000,409554,1702579800000,True,1702312200000.0,1702312500000.0,-0.21162401339394452,0.7883759866060555,0.7883759866060555,-1.0,1.7883759866060553,7,1,0,0,0,0,0,0,6,1702448700000,409128,STOP,438,-1.0,0.0
CYCLE_1702449300000,1702449300000,2023,2023-2024,409132,1702449600000,409996,1702892400000,True,1702451100000.0,1702451400000.0,-0.0015126024479597908,0.9984873975520402,0.9984873975520402,1.4602675469653161,1.99848739755204,1,1,0,0,0,0,0,0,0,1702474500000,409214,TARGET,82,1.8423806510364398,-0.38211310407112364
CYCLE_1702561200000,1702561200000,2023,2023-2024,409493,1702561500000,410357,1703004300000,True,1702648500000.0,1702648800000.0,-0.2107526881720425,0.7892473118279575,0.7892473118279575,-1.0,1.7892473118279575,1,1,0,0,0,0,0,0,0,1702664400000,409823,STOP,330,-1.0,0.0
CYCLE_1702665300000,1702665300000,2023,2023-2024,409828,1702665600000,410692,1703108700000,True,1702667700000.0,1702668000000.0,-0.5365546652639027,0.4634453347360973,0.4634453347360973,0.5542954899075124,1.4634453347360972,2,1,0,0,0,0,0,0,1,1702997400000,410333,TARGET,505,-1.0,1.5542954899075125
CYCLE_1703079900000,1703079900000,2023,2023-2024,410597,1703080200000,411461,1703610000000,True,1703109000000.0,1703109300000.0,-0.48112193856757884,0.5188780614324211,0.5188780614324211,0.38166309783941926,1.518878061432421,1,1,0,0,0,0,0,0,0,1703166300000,410871,TARGET,274,0.7793360257883334,-0.3976729279489141
CYCLE_1705332300000,1705332300000,2024,2023-2024,415030,1705332600000,415894,1705612200000,True,1705377000000.0,1705377300000.0,-0.405402197906516,0.594597802093484,0.594597802093484,-1.0,1.594597802093484,4,1,0,0,0,0,0,0,3,1705394400000,415191,STOP,161,-1.0,0.0
CYCLE_1705397400000,1705397400000,2024,2023-2024,415203,1705397700000,416067,1705667700000,True,1705405800000.0,1705406100000.0,-0.27606858846919075,0.7239314115308093,0.7239314115308093,-1.0,1.7239314115308093,2,1,0,0,0,0,0,0,1,1705410900000,415246,STOP,43,-1.0,0.0
CYCLE_1705429200000,1705429200000,2024,2023-2024,415309,1705429500000,416173,1705699500000,True,1705431600000.0,1705431900000.0,-0.15121082351158996,0.84878917648841,0.84878917648841,-1.0,1.8487891764884101,3,1,0,0,0,0,0,0,2,1705471500000,415436,STOP,127,-1.0,0.0
CYCLE_1705473000000,1705473000000,2024,2023-2024,415443,1705473300000,416307,1705916100000,True,1705501500000.0,1705501800000.0,0.3842545947260271,1.0,1.0,-0.6157454052739729,2.0,1,1,0,0,0,0,0,0,0,1705504800000,415547,STOP,104,,
CYCLE_1705907400000,1705907400000,2024,2023-2024,416279,1705907700000,417143,1706177700000,True,1705935000000.0,1705935300000.0,0.14642944811467146,1.0,1.0,0.9747328207823702,2.0,1,1,0,0,0,0,0,0,0,1705993200000,416551,TARGET,272,1.4300137677833584,-0.4552809470009882
CYCLE_1706112900000,1706112900000,2024,2023-2024,416940,1706113200000,417804,1706556000000,True,1706126700000.0,1706127000000.0,-0.24825284239073134,0.7517471576092687,0.7517471576092687,1.5674159069708338,1.7517471576092687,4,1,0,0,0,0,0,0,3,1706513700000,417662,TARGET,722,1.8703800285108174,-0.30296412153998364
CYCLE_1706786100000,1706786100000,2024,2023-2024,418536,1706786400000,419400,1707229200000,True,1706790300000.0,1706790600000.0,-0.07965765697075541,0.9203423430292446,0.9203423430292446,1.9668265415633674,1.9203423430292446,1,1,0,0,0,0,0,0,0,1706796900000,418570,TARGET,34,2.205367694712335,-0.23854115314896762
CYCLE_1707122100000,1707122100000,2024,2023-2024,419056,1707122400000,419920,1707393000000,True,1707126000000.0,1707126300000.0,-0.2559686703784006,0.7440313296215995,0.7440313296215995,-1.0,1.7440313296215995,1,1,0,0,0,0,0,0,0,1707139800000,419113,STOP,57,-1.0,0.0
CYCLE_1707142800000,1707142800000,2024,2023-2024,419125,1707143100000,419989,1707413700000,True,1707210300000.0,1707210600000.0,1.0010466429704323,1.0,1.0,3.0940206664655268,2.0,2,1,0,0,0,0,0,0,1,1707232200000,419409,TARGET,284,2.331588928382734,0.762431738082793
CYCLE_1707295200000,1707295200000,2024,2023-2024,419607,1707295500000,420471,1707738600000,True,1707309600000.0,1707309900000.0,0.05577952755903748,1.0,1.0,1.0188223404042391,2.0,1,1,0,0,0,0,0,0,0,1707317100000,419678,TARGET,71,1.7026771653542967,-0.6838548249500576
CYCLE_1707365100000,1707365100000,2024,2023-2024,419828,1707365400000,420692,1707808800000,True,1707369000000.0,1707369300000.0,-0.19275240272151942,0.8072475972784806,0.8072475972784806,-1.0,1.8072475972784807,2,1,0,0,0,0,0,0,1,1707394200000,419923,STOP,95,-1.0,0.0
CYCLE_1707487500000,1707487500000,2024,2023-2024,420224,1707487800000,421088,1707931500000,True,1707489600000.0,1707489900000.0,-0.557035546459659,0.442964453540341,0.442964453540341,-1.0,1.442964453540341,3,1,0,0,0,0,0,0,2,1707495000000,420247,STOP,23,-1.0,0.0
CYCLE_1707495300000,1707495300000,2024,2023-2024,420250,1707495600000,421114,1707939300000,True,1707734100000.0,1707734400000.0,-0.38204067709887274,0.6179593229011273,0.6179593229011273,-1.0,1.6179593229011273,1,1,0,0,0,0,0,0,0,1707747600000,420500,STOP,250,,
CYCLE_1707748500000,1707748500000,2024,2023-2024,420505,1707748800000,421369,1708019400000,True,1707753900000.0,1707754200000.0,-0.5019420376456535,0.4980579623543465,0.4980579623543465,0.42398526938272374,1.4980579623543466,1,1,0,0,0,0,0,0,0,1707807900000,420688,TARGET,183,0.9790525512067239,-0.5550672818240001
CYCLE_1707837300000,1707837300000,2024,2023-2024,420788,1707837600000,421652,1708107900000,True,1707874800000.0,1707875100000.0,-0.28703817607741094,0.712961823922589,0.712961823922589,1.34843813974718,1.712961823922589,5,1,0,0,0,0,0,0,4,1708105200000,421642,TARGET,854,-1.0,2.34843813974718
CYCLE_1708354200000,1708354200000,2024,2023-2024,421882,1708354500000,422746,1708633800000,True,1708359300000.0,1708359600000.0,-0.5516406670253071,0.4483593329746929,0.4483593329746929,0.21909825151528184,1.4483593329746929,1,1,0,0,0,0,0,0,0,1708420200000,422057,TARGET,175,2.130864861634046,-1.9117666101187645
CYCLE_1708474800000,1708474800000,2024,2023-2024,422229,1708475100000,423093,1708918200000,True,1708532400000.0,1708532700000.0,0.5790023041928125,1.0,1.0,-0.4209976958071875,2.0,2,1,0,0,0,0,0,0,1,1708542300000,422452,STOP,223,-1.0,0.5790023041928125
CYCLE_1708609200000,1708609200000,2024,2023-2024,422665,1708609500000,423529,1709052600000,True,1708613100000.0,1708613400000.0,-0.3178788544642222,0.6821211455357779,0.6821211455357779,-1.0,1.6821211455357779,4,1,0,0,0,0,0,0,3,1708669800000,422852,STOP,187,-1.0,0.0
CYCLE_1713254400000,1713254400000,2024,2023-2024,432806,1713254700000,433670,1713524700000,True,1713334800000.0,1713335100000.0,0.5712845683170319,1.0,1.0,-0.4287154316829681,2.0,1,1,0,0,0,0,0,0,0,1713372600000,433186,STOP,380,2.232334889329571,-2.661050321012539
CYCLE_1713785700000,1713785700000,2024,2023-2024,433953,1713786000000,434817,1714056000000,True,1713787500000.0,1713787800000.0,-0.21264874807613598,0.787351251923864,0.787351251923864,-1.0,1.7873512519238641,2,1,0,0,0,0,0,0,1,1713805200000,434016,STOP,63,-1.0,0.0
CYCLE_1713805200000,1713805200000,2024,2023-2024,434018,1713805500000,434882,1714075500000,True,1713810600000.0,1713810900000.0,-0.35320036514402314,0.6467996348559768,0.6467996348559768,-1.0,1.6467996348559768,1,1,0,0,0,0,0,0,0,1713836400000,434108,STOP,90,,
CYCLE_1713837900000,1713837900000,2024,2023-2024,434115,1713838200000,434979,1714108200000,True,1713864900000.0,1713865200000.0,-0.5084522737718145,0.49154772622818554,0.49154772622818554,0.393069443074074,1.4915477262281855,1,1,0,0,0,0,0,0,0,1713880800000,434256,TARGET,141,0.8215673065420778,-0.4284978634680038
CYCLE_1714353600000,1714353600000,2024,2023-2024,435210,1714353900000,436074,1714623900000,True,1714355700000.0,1714356000000.0,0.32510609989713285,1.0,1.0,-0.6748939001028671,2.0,6,1,0,0,0,0,0,0,5,1714465800000,435570,STOP,360,-1.0,0.3251060998971329
CYCLE_1714467600000,1714467600000,2024,2023-2024,435578,1714467900000,436442,1714737900000,True,1714477800000.0,1714478100000.0,-0.13868440663796378,0.8613155933620362,0.8613155933620362,-1.0,1.8613155933620362,1,1,0,0,0,0,0,0,0,1714480500000,435619,STOP,41,,
CYCLE_1714486500000,1714486500000,2024,2023-2024,435641,1714486800000,436505,1714756800000,True,1714488300000.0,1714488600000.0,-0.24243142292367373,0.7575685770763263,0.7575685770763263,-1.0,1.7575685770763263,2,1,0,0,0,0,0,0,1,1714503600000,435696,STOP,55,-1.0,0.0
CYCLE_1714505100000,1714505100000,2024,2023-2024,435703,1714505400000,436567,1714951800000,True,1714533900000.0,1714534200000.0,-0.5326010515388162,0.4673989484611838,0.4673989484611838,0.6584031594651194,1.4673989484611838,2,1,0,0,0,0,0,0,1,1714588200000,435966,TARGET,263,,
CYCLE_1715076300000,1715076300000,2024,2023-2024,436971,1715076600000,437835,1715346900000,True,1715084400000.0,1715084700000.0,-0.3018398548846649,0.6981601451153351,0.6981601451153351,-1.0,1.698160145115335,2,1,0,0,0,0,0,0,1,1715155200000,437219,STOP,248,-1.0,0.0
CYCLE_1715564700000,1715564700000,2024,2023-2024,437974,1715565000000,438838,1715835300000,True,1715578800000.0,1715579100000.0,-0.538049730396726,0.461950269603274,0.461950269603274,-1.0,1.461950269603274,3,1,0,0,0,0,0,0,2,1715589000000,438053,STOP,79,-1.0,0.0
CYCLE_1715590800000,1715590800000,2024,2023-2024,438061,1715591100000,438925,1715861400000,True,1715594400000.0,1715594700000.0,-0.4883213952039913,0.5116786047960087,0.5116786047960087,-1.0,1.5116786047960087,2,1,0,0,0,0,0,0,1,1715612700000,438132,STOP,71,-1.0,0.0
CYCLE_1716964800000,1716964800000,2024,2023-2024,441310,1716965100000,442174,1717407900000,True,1716970200000.0,1716970500000.0,-0.38567830406492254,0.6143216959350775,0.6143216959350775,-1.0,1.6143216959350775,2,1,0,0,0,0,0,0,1,1716973500000,441337,STOP,27,-1.0,0.0
CYCLE_1717791300000,1717791300000,2024,2023-2024,443405,1717791600000,444269,1718238000000,True,1718072400000.0,1718072700000.0,0.8587378485033412,1.0,1.0,2.544894267116285,2.0,2,1,0,0,0,0,0,0,1,1718109900000,443865,TARGET,460,3.2062626327441346,-0.6613683656278497
CYCLE_1718639700000,1718639700000,2024,2023-2024,445009,1718640000000,445873,1718923200000,True,1718700000000.0,1718700300000.0,-0.03661593228958813,0.9633840677104119,0.9633840677104119,-1.0,1.963384067710412,2,1,0,0,0,0,0,0,1,1718707500000,445221,STOP,212,2.183824330705875,-3.183824330705875
CYCLE_1718795700000,1718795700000,2024,2023-2024,445505,1718796000000,446369,1719248400000,True,1718801100000.0,1718801400000.0,0.1516006527674123,1.0,1.0,1.472174815446853,2.0,1,1,0,0,0,0,0,0,0,1718847600000,445632,TARGET,127,1.982216663870694,-0.5100418484238409
CYCLE_1718983500000,1718983500000,2024,2023-2024,446075,1718983800000,446939,1719426600000,True,1718992500000.0,1718992800000.0,-0.6954570211760377,0.3045429788239623,0.3045429788239623,-1.0,1.3045429788239624,10,1,0,0,0,0,0,0,9,1719397500000,446841,STOP,766,-1.0,0.0
CYCLE_1719793200000,1719793200000,2024,2023-2024,447549,1719793500000,448413,1720063500000,True,1719793800000.0,1719794100000.0,-0.010341420362398681,0.9896585796376013,0.9896585796376013,2.7140529002754703,1.9896585796376014,7,1,0,0,0,0,0,0,6,1719993600000,448191,TARGET,642,2.9141508619449015,-0.20009796166943117
CYCLE_1720429800000,1720429800000,2024,2023-2024,449002,1720430100000,449866,1720700100000,True,1720432500000.0,1720432800000.0,-0.35626362157352504,0.6437363784264749,0.6437363784264749,-1.0,1.643736378426475,1,1,0,0,0,0,0,0,0,1720453800000,449080,STOP,78,-1.0,0.0
CYCLE_1720455000000,1720455000000,2024,2023-2024,449086,1720455300000,449950,1720725300000,True,1720525800000.0,1720526100000.0,0.4171856024391904,1.0,1.0,-0.5828143975608095,2.0,2,1,0,0,0,0,0,0,1,1720537500000,449347,STOP,261,2.0284747164155337,-2.6112891139763432
CYCLE_1720761900000,1720761900000,2024,2023-2024,450061,1720762200000,450925,1721205000000,True,1720762800000.0,1720763100000.0,-0.035127287079563314,0.9648727129204366,0.9648727129204366,-1.0,1.9648727129204366,5,1,0,0,0,0,0,0,4,1720782300000,450127,STOP,66,-1.0,0.0
CYCLE_1721352900000,1721352900000,2024,2023-2024,451395,1721353200000,452259,1721796000000,True,1721370300000.0,1721370600000.0,-0.707067160847999,0.29293283915200097,0.29293283915200097,-1.0,1.292932839152001,4,1,0,0,0,0,0,0,3,1721390700000,451519,STOP,124,-1.0,0.0
CYCLE_1721395800000,1721395800000,2024,2023-2024,451538,1721396100000,452402,1721838900000,True,1721401200000.0,1721401500000.0,0.18649570587135855,1.0,1.0,-0.8135042941286414,2.0,4,1,0,0,0,0,0,0,3,1721658600000,451824,STOP,286,-1.0,0.18649570587135855
CYCLE_1721909700000,1721909700000,2024,2023-2024,452627,1721910000000,453491,1722352800000,True,1721917500000.0,1721917800000.0,0.016280188808943618,1.0,1.0,1.8197550692808597,2.0,2,1,0,0,0,0,0,0,1,1722205200000,453010,TARGET,383,-1.0,2.81975506928086
CYCLE_1722861600000,1722861600000,2024,2023-2024,454564,1722861900000,455428,1723131900000,True,1722925200000.0,1722925500000.0,1.0980315071186135,1.0,1.0,0.09803150711861353,2.0,2,1,0,0,0,0,0,0,1,1722954900000,454861,STOP,297,1.7230799472073541,-1.6250484400887406
CYCLE_1722955200000,1722955200000,2024,2023-2024,454864,1722955500000,455728,1723225500000,True,1722994200000.0,1722994500000.0,-0.6003266312441364,0.39967336875586357,0.39967336875586357,0.23439814842198314,1.3996733687558636,4,1,0,0,0,0,0,0,3,1723115700000,455373,TARGET,509,,
CYCLE_1724065800000,1724065800000,2024,2023-2024,457306,1724066100000,458170,1724336100000,True,1724067000000.0,1724067300000.0,-0.2904352967036384,0.7095647032963617,0.7095647032963617,1.4953214803000092,1.7095647032963617,4,1,0,0,0,0,0,0,3,1724139900000,457539,TARGET,233,2.245397284985528,-0.7500758046855189
CYCLE_1724229900000,1724229900000,2024,2023-2024,457829,1724230200000,458693,1724673000000,True,1724231700000.0,1724232000000.0,-0.32066024967583323,0.6793397503241667,0.6793397503241667,-1.0,1.6793397503241667,2,1,0,0,0,0,0,0,1,1724247900000,457887,STOP,58,-1.0,0.0
CYCLE_1724248500000,1724248500000,2024,2023-2024,457891,1724248800000,458755,1724691600000,True,1724249400000.0,1724249700000.0,0.20290389733588346,1.0,1.0,0.8986767062146093,2.0,1,1,0,0,0,0,0,0,0,1724264400000,457942,TARGET,51,-1.0,1.8986767062146093
CYCLE_1724328900000,1724328900000,2024,2023-2024,458147,1724329200000,459011,1724772000000,True,1724330100000.0,1724330400000.0,0.4752046783625749,1.0,1.0,-0.524795321637425,2.0,1,1,0,0,0,0,0,0,0,1724333700000,458161,STOP,14,,
CYCLE_1724730900000,1724730900000,2024,2023-2024,458875,1724731200000,459739,1725001200000,True,1724746500000.0,1724746800000.0,0.27619994903455436,1.0,1.0,1.028562254303936,2.0,2,1,0,0,0,0,0,0,1,1724783100000,459047,TARGET,172,1.918718300712819,-0.8901560464088829
CYCLE_1724823300000,1724823300000,2024,2023-2024,459171,1724823600000,460035,1725266400000,True,1724825400000.0,1724825700000.0,-0.41589426574725596,0.584105734252744,0.584105734252744,-1.0,1.584105734252744,3,1,0,0,0,0,0,0,2,1724847300000,459249,STOP,78,-1.0,0.0
CYCLE_1726059600000,1726059600000,2024,2023-2024,461986,1726059900000,462850,1726502700000,True,1726064100000.0,1726064400000.0,-0.2744519224741693,0.7255480775258307,0.7255480775258307,0.7038737941559197,1.7255480775258307,1,1,0,0,0,0,0,0,0,1726144800000,462256,TARGET,270,0.5944824677877647,0.10939132636815496
CYCLE_1726484100000,1726484100000,2024,2023-2024,462789,1726484400000,463653,1726754400000,True,1726548300000.0,1726548600000.0,-0.37193669696015813,0.6280633030398419,0.6280633030398419,-1.0,1.628063303039842,4,1,0,0,0,0,0,0,3,1726569900000,463061,STOP,272,-1.0,0.0
CYCLE_1726570200000,1726570200000,2024,2023-2024,463064,1726570500000,463928,1726840500000,True,1726577100000.0,1726577400000.0,0.2718192733579361,1.0,1.0,-0.7281807266420639,2.0,1,1,0,0,0,0,0,0,0,1726587300000,463119,STOP,55,-1.0,0.2718192733579361
CYCLE_1726587900000,1726587900000,2024,2023-2024,463123,1726588200000,463987,1726858200000,True,1726593300000.0,1726593600000.0,-0.2350762790323303,0.7649237209676697,0.7649237209676697,1.574233671545358,1.7649237209676696,1,1,0,0,0,0,0,0,0,1726683600000,463428,TARGET,305,1.7458438996900763,-0.17161022814471827
CYCLE_1726687500000,1726687500000,2024,2023-2024,463443,1726687800000,464307,1727134500000,True,1726689900000.0,1726690200000.0,-0.5365453052285653,0.46345469477143475,0.46345469477143475,0.06582155167014325,1.4634546947714346,1,1,0,0,0,0,0,0,0,1726725900000,463557,TARGET,114,0.8726090954396357,-0.8067875437694925
CYCLE_1727694600000,1727694600000,2024,2023-2024,465551,1727694900000,466415,1727964900000,True,1727700900000.0,1727701200000.0,0.030087164284778284,1.0,1.0,-0.9699128357152217,2.0,3,1,0,0,0,0,0,0,2,1727720100000,465634,STOP,83,-1.0,0.03008716428477831
CYCLE_1727848500000,1727848500000,2024,2023-2024,466040,1727848800000,466904,1728291600000,True,1727872200000.0,1727872500000.0,0.2814712837953234,1.0,1.0,-0.7185287162046766,2.0,5,1,0,0,0,0,0,0,4,1727964300000,466412,STOP,372,-1.0,0.2814712837953234
CYCLE_1729524300000,1729524300000,2024,2023-2024,469725,1729524600000,470589,1729794900000,True,1729528200000.0,1729528500000.0,-0.026170211523047892,0.9738297884769521,0.9738297884769521,1.9666608464603639,1.973829788476952,2,1,0,0,0,0,0,0,1,1729616400000,470018,TARGET,293,1.7387301605846535,0.22793068587571041
CYCLE_1730364000000,1730364000000,2024,2023-2024,471851,1730364300000,472715,1730810700000,True,1730370000000.0,1730370300000.0,-0.44819035866870083,0.5518096413312992,0.5518096413312992,-1.0,1.5518096413312992,2,1,0,0,0,0,0,0,1,1730380200000,471903,STOP,52,-1.0,0.0
CYCLE_1730387700000,1730387700000,2024,2023-2024,471930,1730388000000,472794,1730834400000,True,1730472900000.0,1730473200000.0,0.5357823761915773,1.0,1.0,-0.4642176238084227,2.0,2,1,0,0,0,0,0,0,1,1730485200000,472241,STOP,311,0.15103464310623338,-0.6152522669146561
CYCLE_1731293400000,1731293400000,2024,2023-2024,473701,1731293700000,474565,1731563700000,True,1731319200000.0,1731319500000.0,-0.051049326916009344,0.9489506730839906,0.9489506730839906,-1.0,1.9489506730839907,2,1,0,0,0,0,0,0,1,1731328500000,473816,STOP,115,-1.0,0.0
CYCLE_1731336300000,1731336300000,2024,2023-2024,473844,1731336600000,474708,1731606600000,True,1731341400000.0,1731341700000.0,-0.6224350205198342,0.37756497948016576,0.37756497948016576,-1.0,1.3775649794801659,4,1,0,0,0,0,0,0,3,1731392700000,474018,STOP,174,-1.0,0.0
CYCLE_1731397500000,1731397500000,2024,2023-2024,474036,1731397800000,474900,1731667800000,True,1731408300000.0,1731408600000.0,-0.5599159872532319,0.4400840127467681,0.4400840127467681,0.15591963435417633,1.4400840127467682,1,1,0,0,0,0,0,0,0,1731422400000,474117,TARGET,81,-1.0,1.1559196343541762
CYCLE_1731530100000,1731530100000,2024,2023-2024,474466,1731530400000,475330,1731976800000,True,1731531600000.0,1731531900000.0,-0.018602920658568417,0.9813970793414316,0.9813970793414316,-1.0,1.9813970793414315,5,1,0,0,0,0,0,0,4,1731549600000,474517,STOP,51,-1.0,0.0
CYCLE_1731567300000,1731567300000,2024,2023-2024,474578,1731567600000,475442,1732010400000,True,1731569400000.0,1731569700000.0,0.15242109675653115,1.0,1.0,-0.8475789032434689,2.0,1,1,0,0,0,0,0,0,0,1731577200000,474609,STOP,31,-1.0,0.15242109675653115
CYCLE_1732089900000,1732089900000,2024,2023-2024,475696,1732090200000,476560,1732533000000,True,1732097400000.0,1732097700000.0,0.1589719095554601,1.0,1.0,2.307606084608776,2.0,1,1,0,0,0,0,0,0,0,1732109400000,475759,TARGET,63,2.000234312338247,0.3073717722705287
CYCLE_1732545900000,1732545900000,2024,2023-2024,476604,1732546200000,477468,1732816500000,True,1732548300000.0,1732548600000.0,-0.30443490701000653,0.6955650929899935,0.6955650929899935,-1.0,1.6955650929899935,4,1,0,0,0,0,0,0,3,1732578300000,476698,STOP,94,-1.0,0.0
CYCLE_1732727400000,1732727400000,2024,2023-2024,477184,1732727700000,478048,1733191800000,True,1732737000000.0,1732737300000.0,-0.3385430128834805,0.6614569871165195,0.6614569871165195,-1.0,1.6614569871165195,1,1,0,0,0,0,0,0,0,1732756200000,477266,STOP,82,,
CYCLE_1734084600000,1734084600000,2024,2023-2024,480346,1734084900000,481210,1734527700000,True,1734087600000.0,1734087900000.0,-0.16024336096239886,0.8397566390376011,0.8397566390376011,-1.0,1.839756639037601,4,1,0,0,0,0,0,0,3,1734100200000,480396,STOP,50,-1.0,0.0
CYCLE_1734103800000,1734103800000,2024,2023-2024,480410,1734104100000,481274,1734546900000,True,1734113400000.0,1734113700000.0,-0.23660412015899787,0.7633958798410021,0.7633958798410021,-1.0,1.763395879841002,3,1,0,0,0,0,0,0,2,1734123600000,480474,STOP,64,,
CYCLE_1734310800000,1734310800000,2024,2023-2024,480512,1734311100000,481376,1734581100000,True,1734367200000.0,1734367500000.0,0.06506819249857321,1.0,1.0,-0.9349318075014268,2.0,3,1,0,0,0,0,0,0,2,1734426000000,480882,STOP,370,-1.0,0.06506819249857321
CYCLE_1735048200000,1735048200000,2024,2023-2024,482321,1735048500000,483185,1735590000000,True,1735053000000.0,1735053300000.0,-0.22891118543292038,0.7710888145670796,0.7710888145670796,1.116363535221315,1.7710888145670796,1,1,0,0,0,0,0,0,0,1735175400000,482403,TARGET,82,1.7406168710516685,-0.6242533358303535
CYCLE_1735911900000,1735911900000,2025,2025-2026,483934,1735912200000,484798,1736355000000,True,1735918200000.0,1735918500000.0,-0.44670875432872476,0.5532912456712753,0.5532912456712753,-1.0,1.5532912456712753,6,1,0,0,0,0,0,0,5,1736137500000,484096,STOP,162,-1.0,0.0
CYCLE_1736142600000,1736142600000,2025,2025-2026,484115,1736142900000,484979,1736412900000,True,1736145600000.0,1736145900000.0,-0.34455109808115153,0.6554489019188485,0.6554489019188485,-1.0,1.6554489019188485,1,1,0,0,0,0,0,0,0,1736171100000,484208,STOP,93,-1.0,0.0
CYCLE_1736764200000,1736764200000,2025,2025-2026,485550,1736764500000,486414,1737034800000,True,1736768700000.0,1736769000000.0,-0.27791947397132566,0.7220805260286743,0.7220805260286743,-1.0,1.7220805260286745,1,1,0,0,0,0,0,0,0,1736771100000,485571,STOP,21,-1.0,0.0
CYCLE_1736772000000,1736772000000,2025,2025-2026,485576,1736772300000,486440,1737042600000,True,1736776200000.0,1736776500000.0,-0.19585149556589204,0.8041485044341079,0.8041485044341079,-1.0,1.804148504434108,4,1,0,0,0,0,0,0,3,1736795100000,485651,STOP,75,-1.0,0.0
CYCLE_1736796000000,1736796000000,2025,2025-2026,485656,1736796300000,486520,1737070200000,True,1736864100000.0,1736864400000.0,0.555991256320016,1.0,1.0,2.508812408499466,2.0,1,1,0,0,0,0,0,0,0,1736921700000,486049,TARGET,393,,
CYCLE_1737111000000,1737111000000,2025,2025-2026,486657,1737111300000,487521,1737563700000,True,1737124800000.0,1737125100000.0,0.8243605839055435,1.0,1.0,-0.17563941609445655,2.0,3,1,0,0,0,0,0,0,2,1737329100000,486793,STOP,136,-1.0,0.8243605839055435
CYCLE_1737329400000,1737329400000,2025,2025-2026,486796,1737329700000,487660,1737609000000,True,1737334500000.0,1737334800000.0,-0.25371272564662767,0.7462872743533724,0.7462872743533724,1.5462977061771894,1.7462872743533724,2,1,0,0,0,0,0,0,1,1737423900000,487066,TARGET,270,1.298124220386446,0.2481734857907434
CYCLE_1737988800000,1737988800000,2025,2025-2026,488327,1737989100000,489191,1738259100000,True,1737992700000.0,1737993000000.0,-0.6372053907626799,0.3627946092373201,0.3627946092373201,-1.0,1.3627946092373202,1,1,0,0,0,0,0,0,0,1737998100000,488356,STOP,29,-1.0,0.0
CYCLE_1738137000000,1738137000000,2025,2025-2026,488797,1738137300000,489661,1738580700000,True,1738153800000.0,1738154100000.0,-0.35809608540922117,0.6419039145907788,0.6419039145907788,-1.0,1.6419039145907788,2,1,0,0,0,0,0,0,1,1738156800000,488861,STOP,64,-1.0,0.0
CYCLE_1738165200000,1738165200000,2025,2025-2026,488891,1738165500000,489755,1738608900000,True,1738169700000.0,1738170000000.0,-0.23807215256901754,0.7619278474309825,0.7619278474309825,1.0962460751129346,1.7619278474309825,2,1,0,0,0,0,0,0,1,1738220700000,489062,TARGET,171,1.0110458915399139,0.08520018357302073
CYCLE_1738651500000,1738651500000,2025,2025-2026,489885,1738651800000,490749,1738921800000,True,1738654500000.0,1738654800000.0,-0.35378863864320914,0.6462113613567908,0.6462113613567908,1.2608397489251928,1.6462113613567908,1,1,0,0,0,0,0,0,0,1738676100000,489965,TARGET,80,2.7658429834959666,-1.5050032345707738
CYCLE_1739280000000,1739280000000,2025,2025-2026,491344,1739280300000,492208,1739550300000,True,1739357400000.0,1739357700000.0,-0.22138097907456694,0.7786190209254331,0.7786190209254331,-1.0,1.7786190209254331,2,1,0,0,0,0,0,0,1,1739367300000,491621,STOP,277,-1.0,0.0
CYCLE_1739547300000,1739547300000,2025,2025-2026,492199,1739547600000,493063,1740000300000,True,1739550900000.0,1739551200000.0,-0.430573878627973,0.5694261213720271,0.5694261213720271,-1.0,1.569426121372027,3,1,0,0,0,0,0,0,2,1739558400000,492234,STOP,35,-1.0,0.0
CYCLE_1739559600000,1739559600000,2025,2025-2026,492240,1739559900000,493104,1740016200000,True,1739563500000.0,1739563800000.0,-0.3337107749085298,0.6662892250914703,0.6662892250914703,1.6040083735514505,1.6662892250914703,4,1,0,0,0,0,0,0,3,1739886300000,492695,TARGET,455,,
CYCLE_1739981100000,1739981100000,2025,2025-2026,493000,1739981400000,493864,1740424500000,True,1739987400000.0,1739987700000.0,-0.3841272450032579,0.6158727549967421,0.6158727549967421,1.0355582047649596,1.615872754996742,2,1,0,0,0,0,0,0,1,1740036900000,493172,TARGET,172,1.5424804375416832,-0.5069222327767235
CYCLE_1740061800000,1740061800000,2025,2025-2026,493257,1740062100000,494121,1740505200000,True,1740116100000.0,1740116400000.0,-0.2812546550342938,0.7187453449657062,0.7187453449657062,-1.0,1.7187453449657062,7,1,0,0,0,0,0,0,6,1740497100000,494093,STOP,836,-1.0,0.0
CYCLE_1741372200000,1741372200000,2025,2025-2026,496333,1741372500000,497197,1741811700000,True,1741597500000.0,1741597800000.0,-0.2315283377140934,0.7684716622859066,0.7684716622859066,-1.0,1.7684716622859065,3,1,0,0,0,0,0,0,2,1741628400000,496609,STOP,276,-1.0,0.0
CYCLE_1744634700000,1744634700000,2025,2025-2026,503448,1744635000000,504312,1744905300000,True,1744637100000.0,1744637400000.0,-0.28114201552144585,0.7188579844785541,0.7188579844785541,0.914540391566846,1.718857984478554,1,1,0,0,0,0,0,0,0,1744761600000,503845,TARGET,397,1.7238996204611163,-0.8093592288942704
CYCLE_1744875300000,1744875300000,2025,2025-2026,504213,1744875600000,505077,1745405100000,True,1744879200000.0,1744879500000.0,-0.22106493072942685,0.7789350692705732,0.7789350692705732,-1.0,1.7789350692705732,1,1,0,0,0,0,0,0,0,1744900500000,504295,STOP,82,-1.0,0.0
CYCLE_1745388900000,1745388900000,2025,2025-2026,505024,1745389200000,505888,1745833200000,True,1745391600000.0,1745391900000.0,-0.28029314649270815,0.7197068535072919,0.7197068535072919,-1.0,1.719706853507292,1,1,0,0,0,0,0,0,0,1745417700000,505118,STOP,94,-1.0,0.0
CYCLE_1745417700000,1745417700000,2025,2025-2026,505120,1745418000000,505984,1745862000000,True,1745423100000.0,1745423400000.0,0.09199107364244535,1.0,1.0,1.359074562717843,2.0,4,1,0,0,0,0,0,0,3,1745862000000,505984,IDEA_HORIZON_EXIT,864,1.8195512025787284,-0.4604766398608853
CYCLE_1746581700000,1746581700000,2025,2025-2026,507723,1746582000000,508587,1747025100000,True,1746646500000.0,1746646800000.0,0.14722065980289786,1.0,1.0,-0.8527793401971021,2.0,2,1,0,0,0,0,0,0,1,1746684900000,508053,STOP,330,-1.0,0.1472206598028979
CYCLE_1746721500000,1746721500000,2025,2025-2026,508177,1746721800000,509041,1747164900000,True,1746726600000.0,1746726900000.0,-0.2895499072476935,0.7104500927523065,0.7104500927523065,-1.0,1.7104500927523065,2,1,0,0,0,0,0,0,1,1746756900000,508281,STOP,104,-1.0,0.0
CYCLE_1747228800000,1747228800000,2025,2025-2026,509243,1747229100000,510107,1747671900000,True,1747232700000.0,1747233000000.0,-0.16543198654729926,0.8345680134527007,0.8345680134527007,-1.0,1.8345680134527007,3,1,0,0,0,0,0,0,2,1747276200000,509387,STOP,144,-1.0,0.0
CYCLE_1747380300000,1747380300000,2025,2025-2026,509724,1747380600000,510588,1747823400000,True,1747383600000.0,1747383900000.0,-0.4772413793103498,0.5227586206896502,0.5227586206896502,-1.0,1.5227586206896502,1,1,0,0,0,0,0,0,0,1747392900000,509764,STOP,40,-1.0,0.0
CYCLE_1747701600000,1747701600000,2025,2025-2026,510195,1747701900000,511059,1747971900000,True,1747710300000.0,1747710600000.0,-0.6331096196868062,0.36689038031319376,0.36689038031319376,0.13057928156946252,1.3668903803131938,1,1,0,0,0,0,0,0,0,1747744500000,510336,TARGET,141,1.891498881431765,-1.7609195998623024
CYCLE_1747910400000,1747910400000,2025,2025-2026,510867,1747910700000,511731,1748362800000,True,1747912200000.0,1747912500000.0,-0.3350974260283881,0.6649025739716119,0.6649025739716119,0.6738528710657434,1.664902573971612,3,1,0,0,0,0,0,0,2,1747980300000,511086,TARGET,219,-1.0,1.6738528710657434
CYCLE_1748925600000,1748925600000,2025,2025-2026,512972,1748925900000,513836,1749195900000,True,1748929200000.0,1748929500000.0,-0.15261552966134562,0.8473844703386544,0.8473844703386544,-1.0,1.8473844703386544,3,1,0,0,0,0,0,0,2,1748958600000,513080,STOP,108,-1.0,0.0
CYCLE_1749102000000,1749102000000,2025,2025-2026,513536,1749102300000,514400,1749545100000,True,1749103200000.0,1749103500000.0,-0.10079663309784154,0.8992033669021584,0.8992033669021584,1.7815809366320343,1.8992033669021584,1,1,0,0,0,0,0,0,0,1749117600000,513586,TARGET,50,2.22746630592709,-0.44588536929505573
CYCLE_1749139800000,1749139800000,2025,2025-2026,513662,1749140100000,514526,1749582900000,True,1749213900000.0,1749214200000.0,0.30463546265758196,1.0,1.0,-0.695364537342418,2.0,1,1,0,0,0,0,0,0,0,1749219300000,513913,STOP,251,-1.0,0.304635462657582
CYCLE_1749220200000,1749220200000,2025,2025-2026,513918,1749220500000,514782,1749663300000,True,1749238800000.0,1749239100000.0,-0.582238154467162,0.417761845532838,0.417761845532838,-1.0,1.417761845532838,4,1,0,0,0,0,0,0,3,1749430200000,514028,STOP,110,-1.0,0.0
CYCLE_1750082700000,1750082700000,2025,2025-2026,515569,1750083000000,516433,1750353000000,True,1750130700000.0,1750131000000.0,-0.4297031635598081,0.5702968364401919,0.5702968364401919,-1.0,1.570296836440192,4,1,0,0,0,0,0,0,3,1750312500000,516297,STOP,728,-1.0,0.0
CYCLE_1751013600000,1751013600000,2025,2025-2026,517957,1751013900000,518821,1751456700000,True,1751021700000.0,1751022000000.0,-0.1652712769464044,0.8347287230535956,0.8347287230535956,-1.0,1.8347287230535956,3,1,0,0,0,0,0,0,2,1751028600000,518005,STOP,48,-1.0,0.0
CYCLE_1751547000000,1751547000000,2025,2025-2026,519111,1751547300000,519975,1752004800000,True,1751846100000.0,1751846400000.0,0.3755446982701792,1.0,1.0,-0.6244553017298208,2.0,2,1,0,0,0,0,0,0,1,1751850600000,519472,STOP,361,-1.0,0.3755446982701792
CYCLE_1752498600000,1752498600000,2025,2025-2026,520998,1752498900000,521862,1752768900000,True,1752503100000.0,1752503400000.0,-0.09933831336264672,0.9006616866373532,0.9006616866373532,-1.0,1.9006616866373531,2,1,0,0,0,0,0,0,1,1752586800000,521278,STOP,280,-1.0,0.0
CYCLE_1752594000000,1752594000000,2025,2025-2026,521304,1752594300000,522168,1752864300000,True,1752596400000.0,1752596700000.0,-0.5797212841489424,0.4202787158510576,0.4202787158510576,0.48257386477738906,1.4202787158510577,4,1,0,0,0,0,0,0,3,1752679200000,521574,TARGET,270,1.6764071499599462,-1.1938332851825573
CYCLE_1753327800000,1753327800000,2025,2025-2026,523090,1753328100000,523954,1753770900000,True,1753336500000.0,1753336800000.0,-0.21386724304648144,0.7861327569535186,0.7861327569535186,-1.0,1.7861327569535186,2,1,0,0,0,0,0,0,1,1753344000000,523142,STOP,52,-1.0,0.0
CYCLE_1753345200000,1753345200000,2025,2025-2026,523148,1753345500000,524012,1753788300000,True,1753356900000.0,1753357200000.0,-0.5272806027775362,0.4727193972224638,0.4727193972224638,-1.0,1.472719397222464,2,1,0,0,0,0,0,0,1,1753361700000,523201,STOP,53,,
CYCLE_1753362300000,1753362300000,2025,2025-2026,523205,1753362600000,524069,1753805400000,True,1753416000000.0,1753416300000.0,0.20059269557583698,1.0,1.0,-0.799407304424163,2.0,6,1,0,0,0,0,0,0,5,1753431600000,523422,STOP,217,-1.0,0.20059269557583703
CYCLE_1754377500000,1754377500000,2025,2025-2026,525341,1754377800000,526205,1754648400000,True,1754387100000.0,1754387400000.0,-0.5361031998659391,0.46389680013406087,0.46389680013406087,-1.0,1.4638968001340609,1,1,0,0,0,0,0,0,0,1754388900000,525377,STOP,36,-1.0,0.0
CYCLE_1754389200000,1754389200000,2025,2025-2026,525380,1754389500000,526244,1754660100000,True,1754394600000.0,1754394900000.0,-0.4905986600389032,0.5094013399610968,0.5094013399610968,0.5173204659665782,1.5094013399610968,1,1,0,0,0,0,0,0,0,1754400900000,525417,TARGET,37,2.0657013183488906,-1.5483808523823124
CYCLE_1754457300000,1754457300000,2025,2025-2026,525595,1754457600000,526459,1754901000000,True,1754459400000.0,1754459700000.0,0.04103616311877058,1.0,1.0,-0.9589638368812294,2.0,4,1,0,0,0,0,0,0,3,1754472600000,525644,STOP,49,-1.0,0.04103616311877056
CYCLE_1754652600000,1754652600000,2025,2025-2026,526220,1754652900000,527084,1755095700000,True,1754676300000.0,1754676600000.0,0.6742949888415665,1.0,1.0,-0.32570501115843353,2.0,4,1,0,0,0,0,0,0,3,1754896200000,526442,STOP,222,-1.0,0.6742949888415665
CYCLE_1754915700000,1754915700000,2025,2025-2026,526509,1754916000000,527373,1755186000000,True,1754933700000.0,1754934000000.0,0.02343630347521058,1.0,1.0,-0.9765636965247895,2.0,2,1,0,0,0,0,0,0,1,1755008400000,526804,STOP,295,-1.0,0.02343630347521053
CYCLE_1755851100000,1755851100000,2025,2025-2026,528943,1755851400000,529807,1756294200000,True,1755864900000.0,1755865200000.0,-0.01947212540704126,0.9805278745929588,0.9805278745929588,1.2873228158628032,1.9805278745929589,1,1,0,0,0,0,0,0,0,1755871500000,529009,TARGET,66,1.4571695056698384,-0.1698466898070352
CYCLE_1758104100000,1758104100000,2025,2025-2026,533901,1758104400000,534765,1758547200000,True,1758107100000.0,1758107400000.0,-0.36497765442929947,0.6350223455707005,0.6350223455707005,1.153829351572359,1.6350223455707005,1,1,0,0,0,0,0,0,0,1758132300000,533993,TARGET,92,1.3930167540762977,-0.23918740250393866
CYCLE_1758681600000,1758681600000,2025,2025-2026,535190,1758681900000,536054,1759124700000,True,1758726000000.0,1758726300000.0,-0.009262398795879883,0.9907376012041201,0.9907376012041201,-1.0,1.99073760120412,1,1,0,0,0,0,0,0,0,1758729600000,535348,STOP,158,-1.0,0.0
CYCLE_1758733800000,1758733800000,2025,2025-2026,535364,1758734100000,536228,1759176900000,True,1758738600000.0,1758738900000.0,-0.5535747873518717,0.4464252126481283,0.4464252126481283,0.6586273360562409,1.4464252126481283,3,1,0,0,0,0,0,0,2,1758895500000,535877,TARGET,513,-1.0,1.658627336056241
CYCLE_1759821900000,1759821900000,2025,2025-2026,537731,1759822200000,538595,1760092200000,True,1759824900000.0,1759825200000.0,-0.13077370736787966,0.8692262926321204,0.8692262926321204,1.3637122777479012,1.8692262926321204,1,1,0,0,0,0,0,0,0,1759842600000,537798,TARGET,67,1.970931762664961,-0.6072194849170598
CYCLE_1759965000000,1759965000000,2025,2025-2026,538184,1759965300000,539048,1760408100000,True,1759968300000.0,1759968600000.0,-0.2571914723251056,0.7428085276748944,0.7428085276748944,-1.0,1.7428085276748944,1,1,0,0,0,0,0,0,0,1760028300000,538393,STOP,209,-1.0,0.0
CYCLE_1760423100000,1760423100000,2025,2025-2026,539099,1760423400000,539963,1760693400000,True,1760424600000.0,1760424900000.0,-0.12734877703099337,0.8726512229690067,0.8726512229690067,1.1092102837596611,1.8726512229690067,1,1,0,0,0,0,0,0,0,1760485200000,539292,TARGET,193,1.1635744703265973,-0.0543641865669362
CYCLE_1761294600000,1761294600000,2025,2025-2026,541332,1761294900000,542196,1761737700000,True,1761300000000.0,1761300300000.0,0.42037685385995716,1.0,1.0,2.2231296825080245,2.0,2,1,0,0,0,0,0,0,1,1761322200000,541422,TARGET,90,2.252171831938103,-0.029042149430078545
CYCLE_1762217100000,1762217100000,2025,2025-2026,543159,1762217400000,544023,1762487400000,True,1762236600000.0,1762236900000.0,-0.5481660832411999,0.45183391675880014,0.45183391675880014,-1.0,1.4518339167588001,2,1,0,0,0,0,0,0,1,1762266600000,543322,STOP,163,-1.0,0.0
CYCLE_1763128500000,1763128500000,2025,2025-2026,545525,1763128800000,546389,1763571600000,True,1763130000000.0,1763130300000.0,0.07788320425452493,1.0,1.0,-0.9221167957454751,2.0,3,1,0,0,0,0,0,0,2,1763409600000,545872,STOP,347,-1.0,0.07788320425452488
CYCLE_1764674100000,1764674100000,2025,2025-2026,548737,1764674400000,549601,1764944400000,True,1764690000000.0,1764690300000.0,-0.07018507401682231,0.9298149259831777,0.9298149259831777,-1.0,1.9298149259831776,1,1,0,0,0,0,0,0,0,1764691200000,548792,STOP,55,-1.0,0.0
CYCLE_1764691800000,1764691800000,2025,2025-2026,548796,1764692100000,549660,1764962100000,True,1764757500000.0,1764757800000.0,0.8055041185109629,1.0,1.0,2.521852445918657,2.0,1,1,0,0,0,0,0,0,0,1764770400000,549044,TARGET,248,1.741683161994754,0.7801692839239032
CYCLE_1764951900000,1764951900000,2025,2025-2026,549627,1764952200000,550491,1765397700000,True,1764956400000.0,1764956700000.0,-0.10069674007016109,0.899303259929839,0.899303259929839,-1.0,1.899303259929839,1,1,0,0,0,0,0,0,0,1764969900000,549685,STOP,58,-1.0,0.0
CYCLE_1765207200000,1765207200000,2025,2025-2026,549881,1765207500000,550745,1765477500000,True,1765260900000.0,1765261200000.0,-0.6262747028623471,0.3737252971376529,0.3737252971376529,0.17202110363809275,1.373725297137653,1,1,0,0,0,0,0,0,0,1765272300000,550084,TARGET,203,0.9834376538434328,-0.8114165502053401
CYCLE_1766998800000,1766998800000,2025,2025-2026,553627,1766999100000,554491,1767355800000,True,1767009900000.0,1767010200000.0,-0.2921757750141042,0.7078242249858958,0.7078242249858958,-1.0,1.7078242249858957,1,1,0,0,0,0,0,0,0,1767016500000,553684,STOP,57,-1.0,0.0
CYCLE_1767769500000,1767769500000,2026,2025-2026,555259,1767769800000,556123,1768212600000,True,1767788700000.0,1767789000000.0,0.009577160439464352,1.0,1.0,-0.9904228395605357,2.0,2,1,0,0,0,0,0,0,1,1767799200000,555356,STOP,97,-1.0,0.009577160439464327
CYCLE_1767799200000,1767799200000,2026,2025-2026,555358,1767799500000,556222,1768242300000,True,1767849600000.0,1767849900000.0,-0.10600102581637824,0.8939989741836217,0.8939989741836217,2.1069588166649944,1.8939989741836216,2,1,0,0,0,0,0,0,1,1767913500000,555713,TARGET,355,2.48027203130642,-0.37331321464142553
CYCLE_1768268100000,1768268100000,2026,2025-2026,556297,1768268400000,557161,1768538400000,True,1768286700000.0,1768287000000.0,-0.20412788747095628,0.7958721125290438,0.7958721125290438,1.7993854492180141,1.7958721125290438,2,1,0,0,0,0,0,0,1,1768367100000,556613,TARGET,316,0.4906793245274957,1.3087061246905185
CYCLE_1769009400000,1769009400000,2026,2025-2026,558088,1769009700000,558952,1769452500000,True,1769016000000.0,1769016300000.0,-0.2872598052119022,0.7127401947880978,0.7127401947880978,-1.0,1.7127401947880978,2,1,0,0,0,0,0,0,1,1769024400000,558136,STOP,48,-1.0,0.0
CYCLE_1769157600000,1769157600000,2026,2025-2026,558558,1769157900000,559422,1769600700000,True,1769160900000.0,1769161200000.0,-0.30153982496952714,0.6984601750304729,0.6984601750304729,1.1611224903048147,1.6984601750304729,1,1,0,0,0,0,0,0,0,1769185800000,558650,TARGET,92,1.2825966544810226,-0.12147416417620782
CYCLE_1769457600000,1769457600000,2026,2025-2026,558970,1769457900000,559834,1769731500000,True,1769463900000.0,1769464200000.0,-0.44622059352507587,0.5537794064749242,0.5537794064749242,0.48161217966818953,1.5537794064749242,1,1,0,0,0,0,0,0,0,1769544300000,559245,TARGET,275,1.2419232233303077,-0.7603110436621181
CYCLE_1770260700000,1770260700000,2026,2025-2026,560972,1770261000000,561836,1770703800000,True,1770325200000.0,1770325500000.0,-0.19734313472870288,0.8026568652712971,0.8026568652712971,-1.0,1.802656865271297,2,1,0,0,0,0,0,0,1,1770334800000,561205,STOP,233,-1.0,0.0
CYCLE_1772116800000,1772116800000,2026,2025-2026,565216,1772117100000,566080,1772560200000,True,1772120100000.0,1772120400000.0,-0.07828774519965294,0.921712254800347,0.921712254800347,0.4969140531789627,1.921712254800347,1,1,0,0,0,0,0,0,0,1772197800000,565472,TARGET,256,0.8377593591510253,-0.3408453059720626
CYCLE_1772551800000,1772551800000,2026,2025-2026,566053,1772552100000,566917,1772822400000,True,1772649900000.0,1772650200000.0,0.5675901554409825,1.0,1.0,-0.43240984455901754,2.0,1,1,0,0,0,0,0,0,0,1772723400000,566599,STOP,546,0.7514324427050371,-1.1838422872640546
CYCLE_1773274200000,1773274200000,2026,2025-2026,567811,1773274500000,568675,1773717300000,True,1773329700000.0,1773330000000.0,-0.2039142291646587,0.7960857708353413,0.7960857708353413,-1.0,1.7960857708353413,2,1,0,0,0,0,0,0,1,1773342300000,568036,STOP,225,-1.0,0.0
CYCLE_1773348000000,1773348000000,2026,2025-2026,568057,1773348300000,568921,1773794700000,True,1773414300000.0,1773414600000.0,-0.20471869979987342,0.7952813002001266,0.7952813002001266,-1.0,1.7952813002001267,2,1,0,0,0,0,0,0,1,1773431400000,568321,STOP,264,-1.0,0.0
CYCLE_1774466100000,1774466100000,2026,2025-2026,570524,1774466400000,571388,1774912800000,True,1774476000000.0,1774476300000.0,0.1828843474221915,1.0,1.0,-0.8171156525778085,2.0,1,1,0,0,0,0,0,0,0,1774504500000,570638,STOP,114,-1.0,0.1828843474221915
CYCLE_1774544700000,1774544700000,2026,2025-2026,570774,1774545000000,571638,1774987800000,True,1774555800000.0,1774556100000.0,-0.04137983134555261,0.9586201686544474,0.9586201686544474,1.1269618149406493,1.9586201686544475,1,1,0,0,0,0,0,0,0,1774623600000,571023,TARGET,249,1.618125788895492,-0.4911639739548428
CYCLE_1774898700000,1774898700000,2026,2025-2026,571354,1774899000000,572218,1775432400000,True,1774912500000.0,1774912800000.0,0.11680117280016353,1.0,1.0,2.386947778458914,2.0,2,1,0,0,0,0,0,0,1,1774921500000,571416,TARGET,62,2.8229638988238555,-0.43601612036494153
CYCLE_1775094600000,1775094600000,2026,2025-2026,571970,1775094900000,572834,1775624400000,True,1775097600000.0,1775097900000.0,-0.3203737342047471,0.679626265795253,0.679626265795253,-1.0,1.679626265795253,1,1,0,0,0,0,0,0,0,1775109000000,572016,STOP,46,-1.0,0.0
CYCLE_1775110500000,1775110500000,2026,2025-2026,572023,1775110800000,572887,1775640300000,True,1775527200000.0,1775527500000.0,0.46116809188253616,1.0,1.0,2.5724807513265535,2.0,2,1,0,0,0,0,0,0,1,1775589900000,572730,TARGET,707,1.6141008601449447,0.9583798911816088
CYCLE_1776237000000,1776237000000,2026,2025-2026,574241,1776237300000,575105,1776680100000,True,1776240900000.0,1776241200000.0,-0.15034706417841778,0.8496529358215822,0.8496529358215822,-1.0,1.8496529358215823,1,1,0,0,0,0,0,0,0,1776246600000,574271,STOP,30,-1.0,0.0
CYCLE_1776246600000,1776246600000,2026,2025-2026,574273,1776246900000,575137,1776689700000,True,1776348300000.0,1776348600000.0,0.019344985576097273,1.0,1.0,-0.9806550144239027,2.0,2,1,0,0,0,0,0,0,1,1776388500000,574720,STOP,447,-1.0,0.019344985576097318
CYCLE_1776636300000,1776636300000,2026,2025-2026,574960,1776636600000,575824,1776906600000,True,1776642600000.0,1776642900000.0,-0.720508147082136,0.27949185291786405,0.27949185291786405,-1.0,1.279491852917864,8,1,0,0,0,0,0,0,7,1776790500000,575460,STOP,500,-1.0,0.0
CYCLE_1777447800000,1777447800000,2026,2025-2026,577005,1777448100000,577869,1777890900000,True,1777450500000.0,1777450800000.0,-0.39503129763563494,0.6049687023643651,0.6049687023643651,-1.0,1.604968702364365,3,1,0,0,0,0,0,0,2,1777467300000,577068,STOP,63,-1.0,0.0
CYCLE_1777878300000,1777878300000,2026,2025-2026,577828,1777878600000,578692,1778148600000,True,1777882200000.0,1777882500000.0,-0.43706240717729394,0.5629375928227061,0.5629375928227061,-1.0,1.562937592822706,2,1,0,0,0,0,0,0,1,1777889100000,577862,STOP,34,-1.0,0.0
CYCLE_1778459400000,1778459400000,2026,2025-2026,579129,1778459700000,579993,1778729700000,True,1778461800000.0,1778462100000.0,-0.03561427726286676,0.9643857227371332,0.9643857227371332,-1.0,1.9643857227371333,2,1,0,0,0,0,0,0,1,1778479200000,579193,STOP,64,-1.0,0.0
CYCLE_1778567400000,1778567400000,2026,2025-2026,579477,1778567700000,580341,1778837700000,True,1778569800000.0,1778570100000.0,-0.29075605353114564,0.7092439464688544,0.7092439464688544,-1.0,1.7092439464688542,4,1,0,0,0,0,0,0,3,1778598300000,579578,STOP,101,-1.0,0.0
CYCLE_1778665200000,1778665200000,2026,2025-2026,579791,1778665500000,580655,1779108300000,True,1778677200000.0,1778677500000.0,-0.2897655705428251,0.710234429457175,0.710234429457175,-1.0,1.710234429457175,4,1,0,0,0,0,0,0,3,1778787600000,580185,STOP,394,-1.0,0.0
CYCLE_1779771900000,1779771900000,2026,2025-2026,582189,1779772200000,583053,1780042500000,True,1779780000000.0,1779780300000.0,-0.0378505951131144,0.9621494048868856,0.9621494048868856,-1.0,1.9621494048868855,4,1,0,0,0,0,0,0,3,1779795600000,582266,STOP,77,-1.0,0.0
CYCLE_1779797700000,1779797700000,2026,2025-2026,582275,1779798000000,583139,1780068300000,True,1779799200000.0,1779799500000.0,-0.02853459753778201,0.971465402462218,0.971465402462218,-1.0,1.971465402462218,3,1,0,0,0,0,0,0,2,1779819000000,582344,STOP,69,-1.0,0.0
CYCLE_1779819300000,1779819300000,2026,2025-2026,582347,1779819600000,583211,1780266300000,True,1779864000000.0,1779864300000.0,-0.13788901285785532,0.8621109871421446,0.8621109871421446,-1.0,1.8621109871421446,2,1,0,0,0,0,0,0,1,1779878400000,582529,STOP,182,-1.0,0.0
CYCLE_1780284300000,1780284300000,2026,2025-2026,583272,1780284600000,584136,1780554600000,True,1780286100000.0,1780286400000.0,-0.17945176315423617,0.8205482368457638,0.8205482368457638,-1.0,1.820548236845764,6,1,0,0,0,0,0,0,5,1780306500000,583344,STOP,72,-1.0,0.0
CYCLE_1780320900000,1780320900000,2026,2025-2026,583394,1780321200000,584258,1780591200000,True,1780322700000.0,1780323000000.0,-0.4491489408741613,0.5508510591258386,0.5508510591258386,0.5611518165745313,1.5508510591258386,1,1,0,0,0,0,0,0,0,1780376400000,583565,TARGET,171,1.4670888594653373,-0.905937042890806
CYCLE_1780443600000,1780443600000,2026,2025-2026,583779,1780443900000,584643,1780886700000,True,1780466400000.0,1780466700000.0,-0.3389135857789782,0.6610864142210218,0.6610864142210218,-1.0,1.6610864142210218,3,1,0,0,0,0,0,0,2,1780477200000,583889,STOP,110,-1.0,0.0
CYCLE_1780477200000,1780477200000,2026,2025-2026,583891,1780477500000,584755,1780920300000,True,1780480800000.0,1780481100000.0,-0.14208915460122185,0.8579108453987782,0.8579108453987782,1.648871745203265,1.857910845398778,3,1,0,0,0,0,0,0,2,1780573800000,584199,TARGET,308,-1.0,2.648871745203265
CYCLE_1780882800000,1780882800000,2026,2025-2026,584631,1780883100000,585495,1781153100000,True,1780886400000.0,1780886700000.0,-0.2009960235452573,0.7990039764547427,0.7990039764547427,-1.0,1.7990039764547427,1,1,0,0,0,0,0,0,0,1780897200000,584677,STOP,46,-1.0,0.0
CYCLE_1781016600000,1781016600000,2026,2025-2026,585065,1781016900000,585929,1781286900000,True,1781019600000.0,1781019900000.0,-0.5326722729771738,0.4673277270228262,0.4673277270228262,-1.0,1.4673277270228262,2,1,0,0,0,0,0,0,1,1781023200000,585085,STOP,20,-1.0,0.0
CYCLE_1781053800000,1781053800000,2026,2025-2026,585177,1781054100000,586041,1781496900000,True,1781061000000.0,1781061300000.0,-0.5964808820654925,0.40351911793450745,0.40351911793450745,-1.0,1.4035191179345075,5,1,0,0,0,0,0,0,4,1781093700000,585308,STOP,131,-1.0,0.0
CYCLE_1781094600000,1781094600000,2026,2025-2026,585313,1781094900000,586177,1781537700000,True,1781104800000.0,1781105100000.0,-0.5627650754463251,0.43723492455367485,0.43723492455367485,-1.0,1.4372349245536749,3,1,0,0,0,0,0,0,2,1781119500000,585394,STOP,81,,
CYCLE_1781119800000,1781119800000,2026,2025-2026,585397,1781120100000,586261,1781566500000,True,1781122500000.0,1781122800000.0,-0.35019701944450476,0.6498029805554952,0.6498029805554952,-1.0,1.6498029805554952,2,1,0,0,0,0,0,0,1,1781130300000,585418,STOP,21,-1.0,0.0
CYCLE_1781130600000,1781130600000,2026,2025-2026,585421,1781130900000,586285,1781573700000,True,1781133600000.0,1781133900000.0,-0.16914536829964683,0.8308546317003531,0.8308546317003531,1.5146431090820558,1.8308546317003531,1,1,0,0,0,0,0,0,0,1781199300000,585648,TARGET,227,2.333742842074126,-0.8190997329920702
CYCLE_1781560800000,1781560800000,2026,2025-2026,586243,1781561100000,587107,1781831100000,True,1781562900000.0,1781563200000.0,-0.11799024859264351,0.8820097514073565,0.8820097514073565,2.2638569299949833,1.8820097514073564,2,1,0,0,0,0,0,0,1,1781717700000,586752,TARGET,509,2.454493926885292,-0.19063699689030855
CYCLE_1781720100000,1781720100000,2026,2025-2026,586762,1781720400000,587626,1782181500000,True,1781721600000.0,1781721900000.0,0.3407060563120034,1.0,1.0,-0.6592939436879965,2.0,1,1,0,0,0,0,0,0,0,1781724000000,586773,STOP,11,-1.0,0.34070605631200346
CYCLE_1781802000000,1781802000000,2026,2025-2026,587023,1781802300000,587887,1782263400000,True,1781811300000.0,1781811600000.0,-0.4657225488465634,0.5342774511534366,0.5342774511534366,-1.0,1.5342774511534367,5,1,0,0,0,0,0,0,4,1781835000000,587119,STOP,96,-1.0,0.0
CYCLE_1782871800000,1782871800000,2026,2025-2026,589280,1782872100000,590144,1783329600000,True,1782883200000.0,1782883500000.0,-0.1067275747508188,0.8932724252491812,0.8932724252491812,2.2713611710092327,1.8932724252491813,2,1,0,0,0,0,0,0,1,1782906300000,589393,TARGET,113,2.5340531561462054,-0.26269198513697267
CYCLE_1783315500000,1783315500000,2026,2025-2026,590098,1783315800000,590962,1783585800000,True,1783319100000.0,1783319400000.0,0.1384716829071645,1.0,1.0,-0.8615283170928355,2.0,4,1,0,0,0,0,0,0,3,1783387800000,590325,STOP,227,-1.0,0.1384716829071645
CYCLE_1783387800000,1783387800000,2026,2025-2026,590327,1783388100000,591191,1783658100000,True,1783396500000.0,1783396800000.0,-0.32016092745030905,0.679839072549691,0.679839072549691,1.218376829375837,1.679839072549691,3,1,0,0,0,0,0,0,2,1783431900000,590472,TARGET,145,,
CYCLE_1783662900000,1783662900000,2026,2025-2026,591208,1783663200000,592072,1784106000000,True,1783669800000.0,1783670100000.0,-0.4364874694174163,0.5635125305825837,0.5635125305825837,-1.0,1.5635125305825837,1,1,0,0,0,0,0,0,0,1783690200000,591297,STOP,89,-1.0,0.0
CYCLE_1783920900000,1783920900000,2026,2025-2026,591480,1783921200000,592344,1784191200000,True,1783923600000.0,1783923900000.0,-0.2757118695118292,0.7242881304881708,0.7242881304881708,-1.0,1.7242881304881708,1,1,0,0,0,0,0,0,0,1783952400000,591583,STOP,103,-1.0,0.0
CYCLE_1783954200000,1783954200000,2026,2025-2026,591591,1783954500000,592455,1784224500000,True,1783960800000.0,1783961100000.0,-0.32942015330157753,0.6705798466984225,0.6705798466984225,1.1346435086333482,1.6705798466984225,2,1,0,0,0,0,0,0,1,1784032500000,591838,TARGET,247,2.2459446382642603,-1.111301129630912
CYCLE_1784862600000,1784862600000,2026,2025-2026,593935,1784862900000,594799,1785305700000,True,1784871000000.0,1784871300000.0,-0.05073422827251985,0.9492657717274802,0.9492657717274802,1.4521781309171948,1.9492657717274802,2,1,0,0,0,0,0,0,1,1784901600000,594063,TARGET,128,1.891220772672872,-0.4390426417556772
CYCLE_1786638000000,1786638000000,2026,2025-2026,597957,1786638300000,598821,1787081100000,True,1786649100000.0,1786649400000.0,-0.2814489690861279,0.7185510309138721,0.7185510309138721,-1.0,1.718551030913872,1,1,0,0,0,0,0,0,0,1786670100000,598050,STOP,93,-1.0,0.0
CYCLE_1787026800000,1787026800000,2026,2025-2026,598641,1787027100000,599505,1787297100000,True,1787028000000.0,1787028300000.0,0.010157194679566809,1.0,1.0,-0.9898428053204332,2.0,4,1,0,0,0,0,0,0,3,1787065200000,598767,STOP,126,-1.0,0.010157194679566772
CYCLE_1787086200000,1787086200000,2026,2025-2026,598839,1787086500000,599703,1787532900000,True,1787097000000.0,1787097300000.0,-0.04906869617465212,0.9509313038253479,0.9509313038253479,2.2184538211612166,1.9509313038253477,2,1,0,0,0,0,0,0,1,1787143200000,599015,TARGET,176,2.6961746445022587,-0.47772082334104216
CYCLE_1787595900000,1787595900000,2026,2025-2026,599914,1787596200000,600778,1787869800000,True,1787664600000.0,1787664900000.0,-0.514260556640251,0.48573944335974895,0.48573944335974895,-1.0,1.485739443359749,8,1,0,0,0,0,0,0,7,1787757000000,600425,STOP,511,-1.0,0.0
CYCLE_1788315300000,1788315300000,2026,2025-2026,601652,1788315600000,602516,1788758400000,True,1788320700000.0,1788321000000.0,-0.06184916377407236,0.9381508362259277,0.9381508362259277,1.5479411159579772,1.9381508362259277,1,1,0,0,0,0,0,0,0,1788356100000,601786,TARGET,134,1.9398338066688152,-0.391892690710838
CYCLE_1788761700000,1788761700000,2026,2025-2026,602528,1788762000000,603392,1789041300000,True,1788781500000.0,1788781800000.0,-0.1715445250917102,0.8284554749082897,0.8284554749082897,-1.0,1.8284554749082897,2,1,0,0,0,0,0,0,1,1788893400000,602922,STOP,394,-1.0,0.0
CYCLE_1789999800000,1789999800000,2026,2025-2026,605352,1790000100000,606216,1790270400000,True,1790055900000.0,1790056200000.0,-0.3060061739905198,0.6939938260094802,0.6939938260094802,-1.0,1.6939938260094802,2,1,0,0,0,0,0,0,1,1790064000000,605552,STOP,200,-1.0,0.0
