engine,signal_t,year,score,entry_t,exit_t,entry_px,stop_px,target_px,exit_px,entry_rr,pnl_r,exit_kind
swing_filtered,1520260500000,2018,0.5416000882247948,1520260800000,1520276400000,1320.548,1317.7402857142856,1327.378857142857,1317.7402857142856,2.4328889793424873,-1.0,STOP
swing_filtered,1520433000000,2018,0.6168081398834817,1520433300000,1520438400000,1330.319,1326.2497857142857,1338.4108571428574,1326.2497857142857,1.9885551791326055,-1.0,STOP
swing_filtered,1520451900000,2018,0.5594008716969083,1520452200000,1520521800000,1323.231,1319.4047857142857,1333.2408571428573,1319.4047857142857,2.616125599716284,-1.0,STOP
swing_filtered,1520601300000,2018,0.5598891569522474,1520601600000,1520601600000,1316.999,1314.681,1322.821,1314.681,2.5116479723899614,-1.0,STOP
swing_filtered,1520602200000,2018,0.793919141871967,1520602500000,1520607300000,1317.058,1311.201,1319.341,1319.341,0.389789994877909,0.389789994877909,TARGET
swing_filtered,1520843100000,2018,0.5733940877841391,1520843400000,1520847600000,1320.668,1318.7177142857142,1326.374142857143,1318.7177142857142,2.9257984178144265,-1.0,STOP
swing_filtered,1520847900000,2018,0.5483936662332551,1520848200000,1520848800000,1318.958,1316.921,1324.706,1316.921,2.8217967599409537,-1.0,STOP
swing_filtered,1520852400000,2018,0.6746116043209981,1520852700000,1520878500000,1316.459,1313.5725,1321.7549999999999,1321.7549999999999,1.8347479646629812,1.8347479646629812,TARGET
swing_filtered,1521015300000,2018,0.5406408374905253,1521015600000,1521037200000,1323.838,1321.5456428571429,1330.7624285714285,1321.5456428571429,3.0206587106222833,-1.0,STOP
swing_filtered,1521101700000,2018,0.5294147839431882,1521102000000,1521114000000,1323.638,1321.9300714285714,1328.7347142857143,1321.9300714285714,2.9841495545984578,-1.0,STOP
swing_filtered,1521116700000,2018,0.5278788715155524,1521117000000,1521118800000,1320.778,1319.0167142857144,1326.173142857143,1319.0167142857144,3.063184362073424,-1.0,STOP
swing_filtered,1521123000000,2018,0.5952121489882174,1521123300000,1521140100000,1317.818,1315.2790714285713,1323.8837142857144,1315.2790714285713,2.3890842593894934,-1.0,STOP
swing_filtered,1521207900000,2018,0.732584416502036,1521208200000,1521209700000,1314.468,1310.6466428571428,1318.473428571429,1310.6466428571428,1.048169124656563,-1.0,STOP
swing_filtered,1521437700000,2018,0.5639112365045689,1521438000000,1521440100000,1310.158,1307.9089999999999,1316.069,1307.9089999999999,2.6282792352156497,-1.0,STOP
swing_filtered,1521531000000,2018,0.526758148967212,1521531300000,1521539400000,1314.839,1312.9817142857141,1319.768142857143,1312.9817142857141,2.653949696177163,-1.0,STOP
swing_filtered,1521540600000,2018,0.5651380526278637,1521540900000,1521548400000,1312.229,1310.3154285714286,1317.5782857142858,1310.3154285714286,2.7954460619634047,-1.0,STOP
swing_filtered,1521548700000,2018,0.5697310446875405,1521549000000,1521555600000,1310.429,1308.1092857142855,1315.7578571428571,1308.1092857142855,2.2972040891732304,-1.0,STOP
swing_filtered,1521732900000,2018,0.6017849715965685,1521733200000,1521766200000,1327.968,1324.087642857143,1337.8594285714285,1337.8594285714285,2.549102623101704,2.549102623101704,TARGET
swing_filtered,1522140600000,2018,0.5638994880961643,1522140900000,1522144800000,1351.089,1348.3546428571428,1358.7364285714286,1348.3546428571428,2.796792142316112,-1.0,STOP
swing_filtered,1522152600000,2018,0.5769387925671073,1522152900000,1522233300000,1341.539,1337.7912142857142,1349.940142857143,1337.7912142857142,2.241628390097003,-1.0,STOP
swing_filtered,1522236000000,2018,0.5238704328906345,1522236300000,1522240200000,1336.468,1333.8105714285714,1344.7577142857144,1333.8105714285714,3.119449521556718,-1.0,STOP
swing_filtered,1522243500000,2018,0.6502629437814825,1522243800000,1522248900000,1333.779,1329.5242142857142,1341.443142857143,1329.5242142857142,1.8012993771718804,-1.0,STOP
swing_filtered,1522250700000,2018,0.5248704969735225,1522251000000,1522253400000,1329.988,1326.2367142857142,1340.053142857143,1326.2367142857142,2.6831181690086807,-1.0,STOP
swing_filtered,1522305600000,2018,0.5681487719917203,1522305900000,1522654500000,1323.648,1320.8009285714286,1331.8362857142856,1331.8362857142856,2.8760380340702003,2.8760380340702003,TARGET
swing_filtered,1522911600000,2018,0.5354781819480354,1522911900000,1522934700000,1325.219,1322.8374999999999,1332.945,1322.8374999999999,3.244173840016493,-1.0,STOP
swing_filtered,1522935000000,2018,0.5576924053682165,1522935300000,1522971000000,1324.079,1320.4462142857144,1331.900142857143,1331.900142857143,2.1529326176292867,2.1529326176292867,TARGET
swing_filtered,1522999500000,2018,0.6528903852131333,1522999800000,1523017800000,1321.799,1317.5309285714286,1328.131285714286,1328.131285714286,1.4836409887370399,1.4836409887370399,TARGET
swing_filtered,1523257200000,2018,0.6096410605381144,1523257500000,1523291700000,1329.491,1326.7147142857143,1336.0911428571426,1336.0911428571426,2.377328393537039,2.377328393537039,TARGET
swing_filtered,1523337900000,2018,0.5345390076641375,1523338200000,1523365800000,1331.589,1328.9314285714286,1339.5192857142856,1339.5192857142856,2.984034833091484,2.984034833091484,TARGET
swing_filtered,1523529600000,2018,0.550776898253557,1523529900000,1523535900000,1345.288,1341.316857142857,1353.5775714285717,1341.316857142857,2.087452334700363,-1.0,STOP
swing_filtered,1523539500000,2018,0.5692133072618432,1523539800000,1523543400000,1342.088,1337.8166428571428,1352.5884285714287,1337.8166428571428,2.4583354236693364,-1.0,STOP
swing_filtered,1523546400000,2018,0.557123374620037,1523546700000,1523887200000,1336.571,1332.2324285714285,1349.515285714286,1349.515285714286,2.9835363845901384,2.9835363845901384,TARGET
swing_filtered,1523951400000,2018,0.6140759185581677,1523951700000,1523968800000,1342.839,1339.3099285714286,1349.2052857142858,1339.3099285714286,1.803954905175455,-1.0,STOP
swing_filtered,1524129900000,2018,0.7937112312112811,1524130200000,1524152100000,1348.498,1342.703142857143,1352.8924285714286,1342.703142857143,0.7583325115866206,-1.0,STOP
swing_filtered,1524209700000,2018,0.5257383285695557,1524210000000,1524230400000,1340.979,1338.2141428571429,1348.9984285714288,1338.2141428571429,2.9004856877131626,-1.0,STOP
swing_filtered,1524435900000,2018,0.6142646454823175,1524436200000,1524473700000,1333.841,1328.968,1341.9679999999998,1328.968,1.6677611327724713,-1.0,STOP
swing_filtered,1524483600000,2018,0.6535723799373707,1524483900000,1524486600000,1328.608,1324.648642857143,1335.0004285714285,1324.648642857143,1.6145117353106206,-1.0,STOP
swing_filtered,1524487500000,2018,0.5437325252844936,1524487800000,1524593100000,1325.409,1321.8522142857144,1332.5861428571427,1332.5861428571427,2.0178732804497503,2.0178732804497503,TARGET
swing_filtered,1524639900000,2018,0.5609799415469577,1524640200000,1524656100000,1324.128,1321.2876428571428,1330.9394285714288,1321.2876428571428,2.398088771532908,-1.0,STOP
swing_filtered,1524752400000,2018,0.549401670909144,1524752700000,1525086600000,1318.379,1314.4855,1326.0479999999998,1314.4855,1.9696930782072837,-1.0,STOP
swing_filtered,1525094400000,2018,0.5655135830000817,1525094700000,1525108500000,1312.098,1308.863,1319.8379999999997,1319.8379999999997,2.3925811437403466,2.3925811437403466,TARGET
swing_filtered,1525161600000,2018,0.5955980709109141,1525161900000,1525176300000,1310.158,1307.4150714285715,1316.2797142857144,1307.4150714285715,2.2318168797689877,-1.0,STOP
swing_filtered,1525181400000,2018,0.5351936704442466,1525181700000,1525184100000,1306.178,1304.0910714285715,1312.0807142857143,1304.0910714285715,2.828421809220512,-1.0,STOP
swing_filtered,1525186200000,2018,0.6099840775750308,1525186500000,1525225800000,1302.758,1299.8918571428574,1308.8225714285713,1308.8225714285713,2.115934805363194,2.115934805363194,TARGET
swing_filtered,1525269000000,2018,0.5411994263705352,1525269300000,1525284600000,1305.538,1302.127,1312.0819999999999,1312.0819999999999,1.9184989739078737,1.9184989739078737,TARGET
swing_filtered,1525419000000,2018,0.5528344972895265,1525419300000,1525651800000,1309.788,1307.6154999999999,1316.3780000000002,1316.3780000000002,3.033371691599429,3.033371691599429,TARGET
swing_filtered,1525770000000,2018,0.6239795759404468,1525770300000,1525786800000,1310.181,1306.6630714285714,1316.3427142857142,1306.6630714285714,1.7515177356804128,-1.0,STOP
swing_filtered,1525849200000,2018,0.6373063327103813,1525849500000,1525875000000,1307.431,1302.621642857143,1315.4534285714287,1315.4534285714287,1.6680875079829716,1.6680875079829716,TARGET
swing_filtered,1525935900000,2018,0.5724432260720114,1525936200000,1525954200000,1311.509,1308.8090000000002,1318.2540000000001,1318.2540000000001,2.4981481481483603,2.4981481481483603,TARGET
swing_filtered,1526063400000,2018,0.5549297435887381,1526063700000,1526320200000,1319.189,1316.2009999999998,1326.036,1316.2009999999998,2.291499330655733,-1.0,STOP
swing_filtered,1526335200000,2018,0.5264979691941444,1526335500000,1526372400000,1314.138,1310.5184285714286,1320.9712857142856,1310.5184285714286,1.8878714922840405,-1.0,STOP
swing_filtered,1526373300000,2018,0.5289001048253279,1526373600000,1526382600000,1310.121,1308.0324285714287,1316.360285714286,1308.0324285714287,2.987346101231287,-1.0,STOP
swing_filtered,1526383500000,2018,0.553492656953575,1526383800000,1526387400000,1307.169,1305.2180714285714,1312.4177142857143,1305.2180714285714,2.6903672243984427,-1.0,STOP
swing_filtered,1526388600000,2018,0.5262595435795229,1526388900000,1526390100000,1297.698,1295.9200714285714,1303.6597142857145,1295.9200714285714,3.3531798642078052,-1.0,STOP
swing_filtered,1526391300000,2018,0.529658484046858,1526391600000,1526403300000,1293.841,1290.9484285714284,1301.7012857142856,1290.9484285714284,2.717404188067898,-1.0,STOP
swing_filtered,1526403600000,2018,0.6011197261596067,1526403900000,1526470500000,1290.978,1287.2565714285715,1301.7287142857144,1287.2565714285715,2.8888675623800903,-1.0,STOP
swing_filtered,1526470800000,2018,0.5311863018500246,1526471100000,1526883900000,1287.099,1284.5656428571428,1294.9774285714282,1284.5656428571428,3.1098767868722406,-1.0,STOP
swing_filtered,1526972400000,2018,0.5704140074493838,1526972700000,1526976000000,1288.661,1286.1892857142857,1294.7328571428568,1294.7328571428568,2.456536816552754,2.456536816552754,TARGET
swing_filtered,1527576900000,2018,0.5452035907418159,1527577200000,1527582300000,1296.809,1294.351357142857,1303.0845714285715,1303.0845714285715,2.5534920219722728,2.5534920219722728,TARGET
swing_filtered,1527598800000,2018,0.544292016170106,1527599100000,1527726900000,1294.158,1289.7637857142859,1304.6348571428573,1304.6348571428573,2.3842390155888697,2.3842390155888697,TARGET
swing_filtered,1527769800000,2018,0.6753110436214003,1527770100000,1527778500000,1299.718,1296.1773571428573,1305.3305714285714,1305.3305714285714,1.58518428856746,1.58518428856746,TARGET
swing_filtered,1527850200000,2018,0.7603432628090174,1527850500000,1527853200000,1297.842,1294.2713571428571,1301.6045714285715,1294.2713571428571,1.0537518254015483,-1.0,STOP
swing_filtered,1527855300000,2018,0.5279657140825278,1527855600000,1527856200000,1294.878,1292.154142857143,1301.1884285714286,1292.154142857143,2.3167252320765197,-1.0,STOP
swing_filtered,1528095600000,2018,0.5763168800822319,1528095900000,1528113300000,1291.049,1288.7239285714286,1296.6042857142857,1296.6042857142857,2.389296795797385,2.389296795797385,TARGET
swing_filtered,1528275900000,2018,0.531120436397063,1528276200000,1528282800000,1295.812,1294.115,1301.185,1294.115,3.1661756040073064,-1.0,STOP
swing_filtered,1528379400000,2018,0.6313300407156027,1528379700000,1528435500000,1296.249,1293.264642857143,1301.1364285714285,1293.264642857143,1.6376822000430684,-1.0,STOP
swing_filtered,1528700400000,2018,0.5549445623972168,1528700700000,1528709400000,1297.308,1295.3599285714286,1302.3002857142858,1295.3599285714286,2.5626810398562987,-1.0,STOP
swing_filtered,1528713000000,2018,0.5785028900673664,1528713300000,1528723800000,1294.982,1292.672,1299.607,1299.607,2.0021645021645496,2.0021645021645496,TARGET
swing_filtered,1528778400000,2018,0.5349396819801832,1528778700000,1528806000000,1296.848,1294.4727142857143,1303.7991428571427,1294.4727142857143,2.92644493895478,-1.0,STOP
swing_filtered,1528875300000,2018,0.5251024209344646,1528875600000,1528878000000,1294.318,1292.9347857142857,1298.5058571428572,1292.9347857142857,3.0276271624063953,-1.0,STOP
swing_filtered,1529020800000,2018,0.5513440286058229,1529021100000,1529042400000,1302.418,1298.9622142857145,1312.2061428571428,1298.9622142857145,2.8323928815033383,-1.0,STOP
swing_filtered,1529042700000,2018,0.5983247661282954,1529043000000,1529065200000,1298.669,1295.4917142857144,1305.1281428571428,1295.4917142857144,2.032912189200073,-1.0,STOP
swing_filtered,1529065800000,2018,0.5879179128077238,1529066100000,1529067900000,1294.258,1291.3387857142857,1300.1348571428568,1291.3387857142857,2.01316401184255,-1.0,STOP
swing_filtered,1529068200000,2018,0.56700239480974,1529068500000,1529069700000,1288.371,1284.977,1295.9869999999999,1284.977,2.243959929286902,-1.0,STOP
swing_filtered,1529070300000,2018,0.5403335569553865,1529070600000,1529073000000,1285.729,1282.516,1293.5259999999998,1282.516,2.4267040149392725,-1.0,STOP
swing_filtered,1529073900000,2018,0.5787817503449708,1529074200000,1529083500000,1280.671,1275.4867857142858,1289.6428571428569,1275.4867857142858,1.7306107827332553,-1.0,STOP
swing_filtered,1529332200000,2018,0.5963149328077473,1529332500000,1529406600000,1278.658,1276.368,1285.2179999999998,1276.368,2.8646288209607205,-1.0,STOP
swing_filtered,1529407200000,2018,0.5924874239240283,1529407500000,1529517600000,1274.098,1270.1302857142855,1280.123857142857,1270.1302857142855,1.5187225462662253,-1.0,STOP
swing_filtered,1529558100000,2018,0.5293269335016901,1529558400000,1529562000000,1264.488,1262.148357142857,1271.5465714285715,1262.148357142857,3.0169439780184923,-1.0,STOP
swing_filtered,1529583000000,2018,0.594081722937198,1529583300000,1529602800000,1262.378,1259.3802142857144,1269.239142857143,1269.239142857143,2.288736924873297,2.288736924873297,TARGET
swing_filtered,1530000000000,2018,0.5352602742008953,1530000300000,1530013800000,1258.989,1255.8132857142857,1265.2368571428572,1255.8132857142857,1.9673864147548095,-1.0,STOP
swing_filtered,1530170100000,2018,0.5363785395479224,1530170400000,1530209100000,1249.508,1246.9397857142858,1255.6958571428572,1246.9397857142858,2.4094006396885503,-1.0,STOP
swing_filtered,1530508500000,2018,0.5508090336787476,1530508800000,1530518100000,1250.638,1247.7243571428573,1257.4925714285716,1247.7243571428573,2.3525777745094083,-1.0,STOP
swing_filtered,1530537000000,2018,0.5303499887524323,1530537300000,1530545100000,1247.349,1245.3284999999998,1253.131,1245.3284999999998,2.8616679039841193,-1.0,STOP
swing_filtered,1530548400000,2018,0.5263110835262832,1530548700000,1530551100000,1243.549,1240.718357142857,1249.9165714285716,1240.718357142857,2.249514244618841,-1.0,STOP
swing_filtered,1531156200000,2018,0.5394589666419893,1531156500000,1531203300000,1258.648,1256.149357142857,1265.4025714285713,1256.149357142857,2.7032960750121373,-1.0,STOP
swing_filtered,1531208400000,2018,0.5590572511129601,1531208700000,1531212600000,1256.229,1253.9629285714286,1261.6432857142856,1253.9629285714286,2.389282899921153,-1.0,STOP
swing_filtered,1531321200000,2018,0.5348514205097374,1531321500000,1531328400000,1247.992,1244.4497142857144,1255.606142857143,1244.4497142857144,2.14949991934197,-1.0,STOP
swing_filtered,1531457400000,2018,0.5306492935060105,1531457700000,1531466100000,1245.229,1243.429357142857,1250.6775714285711,1243.429357142857,3.027584838261131,-1.0,STOP
swing_filtered,1531467000000,2018,0.5283054626840427,1531467300000,1531473300000,1241.768,1239.9899285714287,1246.7352857142855,1239.9899285714287,2.79363676535569,-1.0,STOP
swing_filtered,1531473600000,2018,0.5443398400977058,1531473900000,1531483200000,1239.769,1237.6322857142857,1245.2108571428569,1237.6322857142857,2.5468342582066708,-1.0,STOP
swing_filtered,1531746900000,2018,0.5257026435259845,1531747200000,1531754700000,1241.078,1238.9362142857142,1247.545142857143,1238.9362142857142,3.019509754877409,-1.0,STOP
swing_filtered,1531755000000,2018,0.535497942165664,1531755300000,1531832700000,1238.879,1236.5933571428573,1245.8715714285715,1236.5933571428573,3.0593456045505136,-1.0,STOP
swing_filtered,1531833600000,2018,0.5864882566877067,1531833900000,1531837800000,1232.128,1228.6489285714285,1237.1092857142855,1228.6489285714285,1.4317859855872725,-1.0,STOP
swing_filtered,1531890900000,2018,0.566387729784791,1531891200000,1531894800000,1226.048,1223.3197142857143,1233.5611428571426,1223.3197142857143,2.7537962090270725,-1.0,STOP
swing_filtered,1531895400000,2018,0.5551052812020045,1531895700000,1531985700000,1222.668,1220.6357857142857,1228.951857142857,1220.6357857142857,3.092123299708438,-1.0,STOP
swing_filtered,1531992600000,2018,0.5294554732480357,1531992900000,1532003100000,1217.009,1214.3736428571428,1223.9954285714286,1214.3736428571428,2.651036725843602,-1.0,STOP
swing_filtered,1532003400000,2018,0.5317042745491392,1532003700000,1532019900000,1212.798,1209.2554285714286,1220.5232857142857,1220.5232857142857,2.1807000564562147,2.1807000564562147,TARGET
swing_filtered,1532329800000,2018,0.5339981047893243,1532330100000,1532350500000,1229.412,1226.5969285714286,1237.1522857142859,1226.5969285714286,2.7495876785669724,-1.0,STOP
swing_filtered,1532354100000,2018,0.539588857649338,1532354400000,1532394900000,1225.219,1221.5422142857144,1234.9211428571432,1221.5422142857144,2.638756677999158,-1.0,STOP
swing_filtered,1532395200000,2018,0.5372058675627918,1532395500000,1532510400000,1221.452,1218.0876428571428,1229.7544285714287,1229.7544285714287,2.46776076941039,2.46776076941039,TARGET
swing_filtered,1532590200000,2018,0.5410453566055492,1532590500000,1532628000000,1227.519,1225.0432857142857,1234.6168571428573,1225.0432857142857,2.8669936526255664,-1.0,STOP
swing_filtered,1532656800000,2018,0.5479080333420281,1532657100000,1532679900000,1222.612,1219.9957142857143,1230.3571428571427,1219.9957142857143,2.960358195915465,-1.0,STOP
swing_filtered,1532680500000,2018,0.5278168351248977,1532680800000,1532687400000,1220.169,1217.8712142857144,1226.3551428571427,1217.8712142857144,2.6922192172587183,-1.0,STOP
swing_filtered,1532687700000,2018,0.5409306895265502,1532688000000,1532700600000,1218.039,1215.5375714285715,1225.5397142857144,1225.5397142857144,2.9985722444318648,2.9985722444318648,TARGET
swing_filtered,1533009600000,2018,0.5493097229249009,1533009900000,1533023100000,1220.839,1218.727142857143,1225.9814285714285,1218.727142857143,2.43502671988119,-1.0,STOP
swing_filtered,1533042900000,2018,0.5288886788650853,1533043200000,1533050700000,1215.738,1212.7234999999998,1223.211,1223.211,2.4790180792832635,2.4790180792832635,TARGET
swing_filtered,1533099600000,2018,0.531082053871143,1533099900000,1533134100000,1221.299,1218.252,1229.587,1218.252,2.72005251066621,-1.0,STOP
swing_filtered,1533135600000,2018,0.5537972289215032,1533135900000,1533210300000,1217.328,1214.4126428571428,1225.1894285714286,1214.4126428571428,2.6965576381232563,-1.0,STOP
swing_filtered,1533278400000,2018,0.5398036701225464,1533278700000,1533295800000,1206.138,1203.5780714285715,1212.4477142857145,1212.4477142857145,2.4648009152044073,2.4648009152044073,TARGET
swing_filtered,1533537300000,2018,0.5428276972623122,1533537600000,1533550200000,1212.942,1210.6184285714287,1219.8662857142858,1210.6184285714287,2.9800184445129494,-1.0,STOP
swing_filtered,1533552600000,2018,0.5462746947834468,1533552900000,1533558000000,1209.818,1207.5527857142856,1215.4338571428568,1207.5527857142856,2.4791725790683006,-1.0,STOP
swing_filtered,1533558300000,2018,0.5270734298907669,1533558600000,1533632400000,1207.699,1205.5517142857143,1214.2831428571426,1214.2831428571426,3.066263056349972,3.066263056349972,TARGET
swing_filtered,1533732300000,2018,0.5614583711835903,1533732600000,1533748500000,1207.768,1204.5807857142859,1213.8318571428572,1213.8318571428572,1.9025570919522985,1.9025570919522985,TARGET
swing_filtered,1534123800000,2018,0.5401282532493719,1534124100000,1534145100000,1209.308,1205.7237142857143,1219.7951428571428,1205.7237142857143,2.925866879234767,-1.0,STOP
swing_filtered,1534145400000,2018,0.5615946891710246,1534145700000,1534154100000,1204.799,1201.4304285714286,1212.3182857142856,1201.4304285714286,2.2321882951653933,-1.0,STOP
swing_filtered,1534160100000,2018,0.553892388704468,1534160400000,1534179000000,1195.809,1192.5580714285713,1203.8127142857143,1192.5580714285713,2.461977896425155,-1.0,STOP
swing_filtered,1534266300000,2018,0.5502372337636198,1534266600000,1534300800000,1193.198,1190.2883571428572,1198.8365714285715,1190.2883571428572,1.9378912483122135,-1.0,STOP
swing_filtered,1534323600000,2018,0.6192411264893596,1534323900000,1534340100000,1186.178,1183.0645,1192.202,1183.0645,1.9348000642362553,-1.0,STOP
swing_filtered,1534380000000,2018,0.5287587765316105,1534380300000,1534394400000,1161.849,1158.4773571428573,1174.2455714285713,1174.2455714285713,3.676715463000441,3.676715463000441,TARGET
swing_filtered,1534449600000,2018,0.526229325616894,1534449900000,1534747200000,1173.978,1169.9888571428571,1186.9845714285711,1186.9845714285711,3.260492766079193,3.260492766079193,TARGET
swing_filtered,1534854600000,2018,0.5612852768442458,1534854900000,1534884300000,1190.439,1187.577357142857,1196.6305714285713,1196.6305714285713,2.163642263434826,2.163642263434826,TARGET
swing_filtered,1535007600000,2018,0.5448915176531512,1535007900000,1535050800000,1187.178,1184.3557142857144,1194.577142857143,1184.3557142857144,2.6216845515286202,-1.0,STOP
swing_filtered,1535361000000,2018,0.5375562666651206,1535361300000,1535379600000,1203.668,1201.2455000000002,1211.0079999999998,1211.0079999999998,3.0299277605782913,3.0299277605782913,TARGET
swing_filtered,1535466600000,2018,0.569959154091391,1535466900000,1535478900000,1208.109,1204.8815,1215.014,1204.8815,2.139426800929528,-1.0,STOP
swing_filtered,1535636400000,2018,0.5529821854693023,1535636700000,1535699100000,1199.171,1195.9520714285716,1207.1317142857142,1207.1317142857142,2.473094419172344,2.473094419172344,TARGET
swing_filtered,1535730000000,2018,0.5620781212518027,1535730300000,1535933700000,1201.549,1197.6038571428571,1210.6745714285717,1197.6038571428571,2.3131155851680822,-1.0,STOP
swing_filtered,1536045000000,2018,0.5630071446428007,1536045300000,1536059400000,1195.009,1192.0937857142856,1201.114857142857,1192.0937857142856,2.094479700095413,-1.0,STOP
swing_filtered,1536060600000,2018,0.5720779503264136,1536060900000,1536069900000,1192.518,1189.7472142857143,1199.406142857143,1189.7472142857143,2.485989018071296,-1.0,STOP
swing_filtered,1536323400000,2018,0.6457716977360076,1536323700000,1536558300000,1196.278,1191.9486428571429,1202.2954285714286,1191.9486428571429,1.3899127221131529,-1.0,STOP
swing_filtered,1536669000000,2018,0.5743977540526298,1536669300000,1536669600000,1191.031,1188.7098571428571,1196.2005714285717,1188.7098571428571,2.227166420482693,-1.0,STOP
swing_filtered,1536849600000,2018,0.6178550539503945,1536849900000,1536861600000,1204.078,1201.0422857142858,1211.470857142857,1201.0422857142858,2.4352941176471004,-1.0,STOP
swing_filtered,1536929700000,2018,0.542194180743584,1536930000000,1536934200000,1201.969,1199.4162857142856,1209.0248571428572,1199.4162857142856,2.764060663719049,-1.0,STOP
swing_filtered,1536934800000,2018,0.5519266688675275,1536935100000,1536940800000,1198.619,1195.6105714285713,1205.7977142857144,1195.6105714285713,2.3862006742960924,-1.0,STOP
swing_filtered,1536943200000,2018,0.5686525105844056,1536943500000,1537193400000,1193.899,1190.4434285714285,1202.6162857142858,1202.6162857142858,2.52267559634555,2.52267559634555,TARGET
swing_filtered,1537426500000,2018,0.6562217688063975,1537426800000,1537446000000,1202.928,1200.3279285714286,1207.1282857142858,1207.1282857142858,1.61545012499651,1.61545012499651,TARGET
swing_filtered,1537524600000,2018,0.5499169534136831,1537524900000,1537530600000,1206.338,1204.5953571428572,1211.7585714285715,1204.5953571428572,3.110546378653348,-1.0,STOP
swing_filtered,1537530900000,2018,0.5304437033416078,1537531200000,1537533600000,1204.529,1202.4777857142856,1210.683857142857,1202.4777857142856,3.00059198384208,-1.0,STOP
swing_filtered,1537533900000,2018,0.6237449223061078,1537534200000,1537535400000,1198.209,1195.0067857142856,1203.212857142857,1195.0067857142856,1.5626240770893656,-1.0,STOP
swing_filtered,1537768500000,2018,0.5313529633271706,1537768800000,1537795800000,1195.409,1193.0104285714285,1203.6482857142857,1203.6482857142857,3.435080405002723,3.435080405002723,TARGET
swing_filtered,1537945200000,2018,0.6128093240894437,1537945500000,1537961400000,1199.928,1197.4397142857142,1204.0811428571428,1197.4397142857142,1.6690779653230499,-1.0,STOP
swing_filtered,1537969200000,2018,0.5428292115997913,1537969500000,1537986900000,1194.569,1192.1577857142856,1200.6138571428571,1192.1577857142856,2.506976330835052,-1.0,STOP
swing_filtered,1537987200000,2018,0.5698233739287775,1537987500000,1538052000000,1191.689,1188.2758571428571,1199.2865714285715,1188.2758571428571,2.225975221831528,-1.0,STOP
swing_filtered,1538055300000,2018,0.5236552677123736,1538055600000,1538118300000,1185.208,1180.7913571428571,1193.1745714285714,1180.7913571428571,1.8037617453462742,-1.0,STOP
swing_filtered,1538377500000,2018,0.5438345527466675,1538377800000,1538460900000,1186.408,1184.3395714285714,1193.1317142857142,1193.1317142857142,3.250638856274715,3.250638856274715,TARGET
swing_filtered,1538565000000,2018,0.541275446056029,1538565300000,1538579700000,1202.299,1199.9950714285715,1208.9597142857142,1199.9950714285715,2.891024647341541,-1.0,STOP
swing_filtered,1538580900000,2018,0.5590374230606757,1538581200000,1538662800000,1198.908,1195.8922142857143,1206.5761428571427,1206.5761428571427,2.5426683403994215,2.5426683403994215,TARGET
swing_filtered,1538991600000,2018,0.5316643013141354,1538991900000,1539000300000,1194.089,1191.6372142857142,1201.241142857143,1191.6372142857142,2.9171158048070116,-1.0,STOP
swing_filtered,1539000900000,2018,0.5294558883999784,1539001200000,1539001500000,1189.738,1187.2647857142856,1196.1858571428572,1187.2647857142856,2.6070758122742097,-1.0,STOP
swing_filtered,1539002400000,2018,0.5454529456968985,1539002700000,1539012300000,1185.308,1182.9647857142857,1191.8858571428573,1182.9647857142857,2.8071940253010172,-1.0,STOP
swing_filtered,1539084000000,2018,0.5514585190526768,1539084300000,1539092700000,1186.159,1183.7825,1192.41,1183.7825,2.6303387334314206,-1.0,STOP
swing_filtered,1539160200000,2018,0.5803777388205925,1539160500000,1539198600000,1187.369,1185.2435,1192.9660000000001,1192.9660000000001,2.633262761703382,2.633262761703382,TARGET
swing_filtered,1539752700000,2018,0.5332035136027488,1539753000000,1539765600000,1221.118,1219.0239285714285,1227.5092857142856,1227.5092857142856,3.0520858205137285,3.0520858205137285,TARGET
swing_filtered,1539932700000,2018,0.5621824185230794,1539933000000,1539951600000,1224.071,1221.8937142857142,1230.365142857143,1230.365142857143,2.8908208122826906,2.8908208122826906,TARGET
swing_filtered,1540194900000,2018,0.53505606358561,1540195200000,1540197000000,1225.568,1223.5847142857144,1231.651142857143,1223.5847142857144,3.067204494706071,-1.0,STOP
swing_filtered,1540200900000,2018,0.5372648751164629,1540201200000,1540215000000,1222.979,1220.5705714285714,1228.9627142857141,1220.5705714285714,2.4844889969747372,-1.0,STOP
swing_filtered,1540218300000,2018,0.5614477188253924,1540218600000,1540276500000,1221.071,1218.0677142857141,1227.7841428571428,1227.7841428571428,2.235266137087921,2.235266137087921,TARGET
swing_filtered,1540370100000,2018,0.5317244302587395,1540370400000,1540382400000,1230.089,1227.223857142857,1238.6595714285716,1227.223857142857,2.991324291982439,-1.0,STOP
swing_filtered,1540473900000,2018,0.5667386381263533,1540474200000,1540565400000,1232.229,1227.5334285714284,1238.7212857142858,1238.7212857142858,1.3826401776749773,1.3826401776749773,TARGET
swing_filtered,1540572300000,2018,0.5535130411320073,1540572600000,1540831500000,1232.147,1227.615642857143,1243.8024285714287,1227.615642857143,2.5721716924921703,-1.0,STOP
swing_filtered,1540972800000,2018,0.5258673026799822,1540973100000,1540992900000,1215.533,1212.3802857142857,1223.5788571428568,1212.3802857142857,2.5520413249354372,-1.0,STOP
swing_filtered,1541162100000,2018,0.6077516596393304,1541162400000,1541422500000,1231.685,1228.255642857143,1238.5524285714284,1228.255642857143,2.0025410843348745,-1.0,STOP
swing_filtered,1541519400000,2018,0.5946143688714784,1541519700000,1541522400000,1229.365,1225.7824999999998,1235.395,1225.7824999999998,1.6831821353802152,-1.0,STOP
swing_filtered,1541553600000,2018,0.5313684472257998,1541553900000,1541581500000,1223.985,1220.4091428571428,1233.0884285714287,1233.0884285714287,2.545803204027105,2.545803204027105,TARGET
swing_filtered,1541619600000,2018,0.5816220957083087,1541619900000,1541650500000,1227.655,1223.5184285714286,1236.101285714286,1223.5184285714286,2.04185661002908,-1.0,STOP
swing_filtered,1541661000000,2018,0.5773055549556063,1541661300000,1541734800000,1222.445,1219.4971428571428,1228.8514285714286,1219.4971428571428,2.1732493336564316,-1.0,STOP
swing_filtered,1541783400000,2018,0.5472344044740683,1541783700000,1542034200000,1208.015,1203.8,1217.9750000000001,1203.8,2.3629893238433435,-1.0,STOP
swing_filtered,1542035700000,2018,0.583873335325597,1542036000000,1542051300000,1204.055,1201.299,1211.624,1201.299,2.746371552975227,-1.0,STOP
swing_filtered,1542101700000,2018,0.5740739054642147,1542102000000,1542104400000,1199.248,1196.7159285714285,1205.0112857142858,1196.7159285714285,2.276114982086896,-1.0,STOP
swing_filtered,1542187500000,2018,0.5316684255564995,1542187800000,1542217800000,1200.088,1197.325,1207.775,1207.775,2.782120883098208,2.782120883098208,TARGET
swing_filtered,1542286800000,2018,0.5932315915364429,1542287100000,1542355500000,1208.388,1205.192857142857,1216.8685714285714,1216.8685714285714,2.6542072789054947,2.6542072789054947,TARGET
swing_filtered,1542726900000,2018,0.5497594554157204,1542727200000,1542813600000,1220.915,1218.3102857142858,1228.4838571428572,1228.4838571428572,2.905830088301597,2.905830088301597,TARGET
swing_filtered,1542957000000,2018,0.5283929152697773,1542957300000,1542958200000,1224.865,1223.0212142857142,1229.4901428571432,1223.0212142857142,2.508503467245245,-1.0,STOP
swing_filtered,1542974400000,2018,0.5361835114583186,1542974700000,1543219200000,1221.378,1219.271857142857,1227.3025714285716,1227.3025714285716,2.812995998100825,2.812995998100825,TARGET
swing_filtered,1543244100000,2018,0.5497677965737099,1543244400000,1543300800000,1223.165,1220.6411428571428,1229.4254285714287,1220.6411428571428,2.480500367917604,-1.0,STOP
swing_filtered,1543304100000,2018,0.6486345866229666,1543304400000,1543331100000,1221.195,1218.1447142857144,1225.6461428571429,1218.1447142857144,1.4592544023980007,-1.0,STOP
swing_filtered,1543414200000,2018,0.5446005659411034,1543414500000,1543424400000,1211.828,1209.6832857142856,1216.9068571428572,1216.9068571428572,2.368080996469686,2.368080996469686,TARGET
swing_filtered,1543515000000,2018,0.6002821368575142,1543515300000,1543586100000,1223.518,1220.0432142857144,1231.5021428571429,1220.0432142857144,2.2977367566345723,-1.0,STOP
swing_filtered,1543586400000,2018,0.593093583329269,1543586700000,1543588200000,1220.575,1218.4147857142857,1224.765857142857,1218.4147857142857,1.9400191779914275,-1.0,STOP
swing_filtered,1543588500000,2018,0.5358609945355333,1543588800000,1543597200000,1218.588,1216.1647857142857,1222.515857142857,1222.515857142857,1.6209285187913913,1.6209285187913913,TARGET
swing_filtered,1543969800000,2018,0.5390564811924913,1543970100000,1544189400000,1235.935,1232.6411428571428,1245.0104285714285,1245.0104285714285,2.755258706683408,2.755258706683408,TARGET
swing_filtered,1544464200000,2018,0.5435091547533735,1544464500000,1544708100000,1243.235,1240.5247857142858,1250.8758571428573,1240.5247857142858,2.8192815539101224,-1.0,STOP
swing_filtered,1544712300000,2018,0.5946106597220369,1544712600000,1544772900000,1241.215,1238.2202857142856,1247.3588571428572,1238.2202857142856,2.0515670467013916,-1.0,STOP
swing_filtered,1544794200000,2018,0.5403671442376232,1544794500000,1544797800000,1234.755,1233.0167142857142,1239.5081428571432,1233.0167142857142,2.7343852728466542,-1.0,STOP
swing_filtered,1545246000000,2018,0.6493083276740554,1545246300000,1545252600000,1246.978,1241.9577142857145,1254.794142857143,1241.9577142857145,1.5569119572022645,-1.0,STOP
swing_filtered,1545382800000,2018,0.5557373989223696,1545383100000,1545415800000,1258.955,1256.1043571428572,1267.1575714285714,1256.1043571428572,2.8774461900826,-1.0,STOP
swing_filtered,1545849000000,2018,0.5328604114001009,1545849300000,1545854400000,1269.075,1265.3193571428571,1281.0975714285714,1265.3193571428571,3.201202000798747,-1.0,STOP
swing_filtered,1546453500000,2019,0.532076743082815,1546453800000,1546455000000,1281.998,1278.6832857142858,1291.991857142857,1278.6832857142858,3.0149980605956306,-1.0,STOP
swing_filtered,1546521300000,2019,0.5453436058113431,1546521600000,1546559100000,1285.245,1281.8264285714286,1295.1192857142858,1295.1192857142858,2.8884245716674806,2.8884245716674806,TARGET
swing_filtered,1546607700000,2019,0.5652102296956455,1546608000000,1546608600000,1290.155,1286.9504285714286,1297.773285714286,1286.9504285714286,2.3773181169758613,-1.0,STOP
swing_filtered,1546610400000,2019,0.5417029952611836,1546610700000,1546611900000,1286.405,1282.9506428571428,1294.9224285714288,1282.9506428571428,2.4657058373483514,-1.0,STOP
swing_filtered,1546877700000,2019,0.580536829615415,1546878000000,1546915800000,1288.035,1285.2322142857142,1295.8961428571429,1285.2322142857142,2.8047605698410747,-1.0,STOP
swing_filtered,1547127900000,2019,0.5787767605699019,1547128200000,1547136600000,1291.605,1288.6907857142855,1298.3768571428573,1288.6907857142855,2.3237334248387245,-1.0,STOP
swing_filtered,1547139000000,2019,0.5284321428072637,1547139300000,1547583900000,1288.405,1285.8572857142856,1297.1958571428574,1289.545,3.450487832230558,0.44745990804084157,864BAR_TIMEOUT
swing_filtered,1547640000000,2019,0.57341259824376,1547640300000,1547690400000,1289.095,1286.4157857142857,1295.011857142857,1295.011857142857,2.208429976805458,2.208429976805458,TARGET
swing_filtered,1547732100000,2019,0.5515005716450532,1547732400000,1547799300000,1290.395,1288.0844285714286,1295.4872857142857,1288.0844285714286,2.203907505873656,-1.0,STOP
swing_filtered,1547803800000,2019,0.5663422505996463,1547804100000,1547818200000,1285.255,1281.8526428571429,1290.3644285714286,1281.8526428571429,1.5017319925261179,-1.0,STOP
swing_filtered,1547822100000,2019,0.5859247865798471,1547822400000,1548060300000,1282.965,1279.7147857142857,1289.815857142857,1279.7147857142857,2.1078170670066005,-1.0,STOP
swing_filtered,1548063300000,2019,0.6134613083619461,1548063600000,1548144000000,1278.625,1276.1087857142857,1283.554857142857,1283.554857142857,1.9592358134384231,1.9592358134384231,TARGET
swing_filtered,1548249600000,2019,0.5348758683635302,1548249900000,1548252600000,1281.695,1279.2107857142857,1286.0818571428572,1279.2107857142857,1.7658932114207984,-1.0,STOP
swing_filtered,1548320100000,2019,0.5245306174874629,1548320400000,1548423000000,1278.875,1276.4917857142857,1285.1728571428573,1285.1728571428573,2.6425895399371115,2.6425895399371115,TARGET
swing_filtered,1548680400000,2019,0.5758032792205604,1548680700000,1548742800000,1299.545,1297.3156428571428,1305.7774285714286,1305.7774285714286,2.7956169299284155,2.7956169299284155,TARGET
swing_filtered,1548857400000,2019,0.525370003373559,1548857700000,1548874800000,1310.075,1307.6754285714285,1316.0732857142857,1316.0732857142857,2.4997320950168045,2.4997320950168045,TARGET
swing_filtered,1549033500000,2019,0.5452766055823638,1549033800000,1549250100000,1317.685,1314.0283571428572,1324.3115714285714,1314.0283571428572,1.8122008868400532,-1.0,STOP
swing_filtered,1549283100000,2019,0.5415821470616068,1549283400000,1549373400000,1310.135,1308.2962142857143,1315.590142857143,1315.590142857143,2.966709396729385,2.966709396729385,TARGET
swing_filtered,1549489800000,2019,0.5398789890088576,1549490100000,1549504500000,1306.378,1303.6643571428572,1312.9175714285716,1303.6643571428572,2.4098865520782975,-1.0,STOP
swing_filtered,1549513500000,2019,0.5267124702197648,1549513800000,1549548300000,1303.555,1301.325357142857,1310.8235714285713,1310.8235714285713,3.259971167707452,3.259971167707452,TARGET
swing_filtered,1549872000000,2019,0.5441462684802695,1549872300000,1549875300000,1310.985,1308.9665714285713,1316.1587142857143,1308.9665714285713,2.563238728855603,-1.0,STOP
swing_filtered,1549892400000,2019,0.5331247907720837,1549892700000,1549953600000,1305.225,1303.0265,1311.1190000000001,1311.1190000000001,2.6809188082785176,2.6809188082785176,TARGET
swing_filtered,1550148300000,2019,0.5489625988321005,1550148600000,1550151000000,1303.248,1300.4313571428572,1309.7145714285716,1309.7145714285716,2.2958435827860684,2.2958435827860684,TARGET
swing_filtered,1550556900000,2019,0.5533419795310585,1550557200000,1550567100000,1323.485,1321.8953571428572,1328.9085714285716,1328.9085714285716,3.411817569086017,3.411817569086017,TARGET
swing_filtered,1550689200000,2019,0.5515161485606177,1550689500000,1550690100000,1340.678,1337.4985,1348.846,1337.4985,2.5689573832361714,-1.0,STOP
swing_filtered,1550784600000,2019,0.5278526916813181,1550784900000,1551240900000,1322.048,1317.6604285714284,1333.6482857142857,1327.915,2.6438967212579922,1.3371862077946783,864BAR_TIMEOUT
swing_filtered,1551279600000,2019,0.6194607042841601,1551279900000,1551285000000,1323.635,1320.1309999999999,1329.3509999999999,1320.1309999999999,1.6312785388126934,-1.0,STOP
swing_filtered,1551365100000,2019,0.607086337245547,1551365400000,1551367800000,1317.908,1313.8617142857142,1325.728142857143,1313.8617142857142,1.93267193899175,-1.0,STOP
swing_filtered,1551423900000,2019,0.5688694911491503,1551424200000,1551432300000,1309.255,1306.2030714285715,1316.5127142857145,1306.2030714285715,2.378074753668695,-1.0,STOP
swing_filtered,1551432900000,2019,0.5676533348261062,1551433200000,1551447600000,1306.375,1304.3205,1313.2930000000001,1304.3205,3.3672426381115836,-1.0,STOP
swing_filtered,1551447900000,2019,0.5757233014472611,1551448200000,1551452400000,1305.325,1302.3925,1311.93,1311.93,2.2523444160271957,2.2523444160271957,TARGET
swing_filtered,1551460500000,2019,0.5568303995214201,1551460800000,1551467100000,1300.155,1295.5245714285713,1309.3417142857145,1295.5245714285713,1.9839879060870849,-1.0,STOP
swing_filtered,1551689100000,2019,0.5321985382351103,1551689400000,1551710700000,1287.565,1283.929357142857,1297.2075714285716,1283.929357142857,2.6522328532976145,-1.0,STOP
swing_filtered,1551711000000,2019,0.5962319418809919,1551711300000,1551985500000,1283.665,1280.2827857142856,1292.6588571428574,1286.035,2.6591624252920276,0.7007243775210926,864BAR_TIMEOUT
swing_filtered,1552303200000,2019,0.5250148368396381,1552303500000,1552314900000,1295.088,1292.9443571428571,1302.7125714285712,1292.9443571428571,3.5568291626403368,-1.0,STOP
swing_filtered,1552554000000,2019,0.544569751454229,1552554300000,1552555800000,1301.908,1299.1278571428572,1309.0135714285714,1299.1278571428572,2.5558296079340073,-1.0,STOP
swing_filtered,1552557000000,2019,0.5350962787485057,1552557300000,1552568400000,1297.028,1293.8408571428572,1303.7265714285713,1293.8408571428572,2.101748095024643,-1.0,STOP
swing_filtered,1552570800000,2019,0.581148820038791,1552571100000,1552634100000,1293.985,1290.305142857143,1302.6544285714288,1302.6544285714288,2.3559144376724905,2.3559144376724905,TARGET
swing_filtered,1553096700000,2019,0.5603412455202984,1553097000000,1553104800000,1299.755,1296.4296428571429,1307.3064285714286,1307.3064285714286,2.2708624207925188,2.2708624207925188,TARGET
swing_filtered,1553177700000,2019,0.5351554915624962,1553178000000,1553184900000,1311.365,1308.384857142857,1320.1855714285714,1308.384857142857,2.9597814102870443,-1.0,STOP
swing_filtered,1553185500000,2019,0.535063464932206,1553185800000,1553247600000,1304.175,1300.6455714285714,1313.4427142857141,1313.4427142857141,2.6258398769529747,2.6258398769529747,TARGET
swing_filtered,1553592300000,2019,0.5268139199444485,1553592600000,1553599800000,1316.415,1313.8299285714286,1322.9552857142855,1313.8299285714286,2.5300212760078384,-1.0,STOP
swing_filtered,1553694000000,2019,0.6523333497294399,1553694300000,1553738100000,1311.555,1307.8222142857144,1318.711142857143,1307.8222142857144,1.9171051876232035,-1.0,STOP
swing_filtered,1553769000000,2019,0.544477198321572,1553769300000,1553774100000,1306.495,1302.8924285714286,1314.6552857142854,1302.8924285714286,2.2651280831152407,-1.0,STOP
swing_filtered,1553787900000,2019,0.535761798430462,1553788200000,1553841600000,1291.965,1287.2607857142857,1303.5318571428572,1287.2607857142857,2.4588287098195365,-1.0,STOP
swing_filtered,1554190500000,2019,0.5468838690514999,1554190800000,1554383100000,1286.735,1282.4279999999999,1296.0130000000001,1282.4279999999999,2.1541676340840983,-1.0,STOP
swing_filtered,1554468000000,2019,0.5391507834619994,1554468300000,1554469200000,1285.045,1282.6200000000001,1291.145,1291.145,2.515463917525783,2.515463917525783,TARGET
swing_filtered,1554899400000,2019,0.5773508614686373,1554899700000,1554906000000,1301.788,1299.3277857142857,1306.9788571428571,1306.9788571428571,2.109920738611594,2.109920738611594,TARGET
swing_filtered,1554966000000,2019,0.6501729422406213,1554966300000,1554981000000,1306.138,1303.537857142857,1310.9885714285715,1303.537857142857,1.865501895500328,-1.0,STOP
swing_filtered,1554981300000,2019,0.5580169414146209,1554981600000,1554984000000,1302.355,1300.702857142857,1306.9635714285712,1300.702857142857,2.7894509295284147,-1.0,STOP
swing_filtered,1554984600000,2019,0.5350123868307615,1554984900000,1554985800000,1298.995,1296.8845000000001,1304.137,1296.8845000000001,2.436389481165886,-1.0,STOP
swing_filtered,1554986100000,2019,0.5285722121144497,1554986400000,1554996000000,1296.605,1294.5625,1301.8149999999998,1294.5625,2.5507955936351348,-1.0,STOP
swing_filtered,1554999300000,2019,0.5390233945190009,1554999600000,1555003500000,1293.305,1289.83,1301.605,1289.83,2.3884892086329867,-1.0,STOP
swing_filtered,1555072500000,2019,0.5402191300599971,1555072800000,1555287900000,1291.635,1288.807857142857,1297.0935714285713,1288.807857142857,1.9307731177361456,-1.0,STOP
swing_filtered,1555331100000,2019,0.5236385796852551,1555331400000,1555334100000,1285.115,1283.0594285714287,1291.202285714286,1283.0594285714287,2.961359371742677,-1.0,STOP
swing_filtered,1555392300000,2019,0.5478517793274826,1555392600000,1555407000000,1284.735,1282.9261428571428,1290.4704285714283,1282.9261428571428,3.1707471173591104,-1.0,STOP
swing_filtered,1555417500000,2019,0.5880231809485149,1555417800000,1555417800000,1281.245,1279.1255714285714,1286.9227142857142,1279.1255714285714,2.6788891884606576,-1.0,STOP
swing_filtered,1555419900000,2019,0.5557025965123952,1555420200000,1555420500000,1278.818,1275.5280714285714,1285.4277142857143,1275.5280714285714,2.009075316441928,-1.0,STOP
swing_filtered,1555509900000,2019,0.5327121030039661,1555510200000,1555551600000,1274.548,1272.0558571428571,1281.5515714285714,1272.0558571428571,2.81026081971907,-1.0,STOP
swing_filtered,1555942500000,2019,0.5289778614675865,1555942800000,1555999200000,1275.148,1272.705642857143,1281.7674285714286,1272.705642857143,2.710262334396169,-1.0,STOP
swing_filtered,1556021100000,2019,0.5445609053247163,1556021400000,1556022900000,1271.718,1269.9937857142859,1276.549857142857,1269.9937857142859,2.802353038651184,-1.0,STOP
swing_filtered,1556023200000,2019,0.5395630119528215,1556023500000,1556030400000,1268.078,1266.203785714286,1272.759857142857,1266.203785714286,2.498037272762195,-1.0,STOP
swing_filtered,1556281800000,2019,0.9067787071858063,1556282100000,1556282100000,1277.755,1272.2892857142856,1279.467857142857,1279.467857142857,0.3133821223208897,0.3133821223208897,TARGET
swing_filtered,1556535900000,2019,0.5800691935644702,1556536200000,1556545500000,1280.365,1278.2632142857144,1285.9221428571432,1278.2632142857144,2.644010195412357,-1.0,STOP
swing_filtered,1556548200000,2019,0.5733695773976764,1556548500000,1556616900000,1278.375,1276.2162142857144,1285.075142857143,1285.075142857143,3.103662773384703,3.103662773384703,TARGET
swing_filtered,1556736000000,2019,0.6174912933467414,1556736300000,1556784300000,1274.908,1270.9369285714286,1281.2522857142858,1270.9369285714286,1.5976256857631839,-1.0,STOP
swing_filtered,1556799600000,2019,0.637494856869177,1556799900000,1556803200000,1270.165,1267.359357142857,1275.9375714285716,1267.359357142857,2.057486188548653,-1.0,STOP
swing_filtered,1556803500000,2019,0.6025024097082821,1556803800000,1556887200000,1267.685,1264.7550714285715,1274.0047142857143,1274.0047142857143,2.1569516565494773,2.1569516565494773,TARGET
swing_filtered,1557143700000,2019,0.5278463152660124,1557144000000,1557146700000,1280.688,1278.1542857142858,1288.8578571428573,1278.1542857142858,3.2244587280108523,-1.0,STOP
swing_filtered,1557148500000,2019,0.5238656666201594,1557148800000,1557245400000,1277.888,1275.3090714285713,1284.6887142857142,1284.6887142857142,2.637030882149266,2.637030882149266,TARGET
swing_filtered,1557324300000,2019,0.5264980519848046,1557324600000,1557330600000,1283.795,1281.110357142857,1291.4335714285712,1281.110357142857,2.845284022881221,-1.0,STOP
swing_filtered,1557831900000,2019,0.5667429535287908,1557832200000,1557848100000,1296.698,1294.5334285714287,1303.0062857142857,1294.5334285714287,2.914334741288219,-1.0,STOP
swing_filtered,1558003800000,2019,0.529698651704443,1558004100000,1558009800000,1294.295,1291.9941428571428,1300.1484285714284,1291.9941428571428,2.5440208617904414,-1.0,STOP
swing_filtered,1558018200000,2019,0.5850576722217853,1558018500000,1558020900000,1287.895,1284.2628571428572,1294.0885714285714,1284.2628571428572,1.7052114060964114,-1.0,STOP
swing_filtered,1558089000000,2019,0.5431524373990966,1558089300000,1558096800000,1284.798,1282.993,1290.0029999999997,1282.993,2.883656509695023,-1.0,STOP
swing_filtered,1558099500000,2019,0.5525708522124329,1558099800000,1558101600000,1282.395,1280.0067857142858,1288.3478571428568,1280.0067857142858,2.492597577388938,-1.0,STOP
swing_filtered,1558102200000,2019,0.5250085958900298,1558102500000,1558104900000,1278.575,1275.9122857142856,1285.8258571428569,1275.9122857142856,2.723107462846484,-1.0,STOP
swing_filtered,1558332300000,2019,0.5336701431514473,1558332600000,1558437600000,1275.255,1272.8117142857143,1282.1781428571428,1272.8117142857143,2.8335379757935293,-1.0,STOP
swing_filtered,1558437900000,2019,0.5542724369206432,1558438200000,1558445700000,1272.805,1270.5288571428573,1276.5745714285715,1270.5288571428573,1.6561225130233674,-1.0,STOP
swing_filtered,1558685100000,2019,0.5413252835301541,1558685400000,1558705200000,1282.488,1280.8981428571428,1287.9974285714286,1280.8981428571428,3.465360769161449,-1.0,STOP
swing_filtered,1559004000000,2019,0.5461064380078162,1559004300000,1559006700000,1284.948,1283.7260714285715,1288.1707142857142,1283.708,2.637399894779642,-1.01478926755125,STOP_GAP
swing_filtered,1559007000000,2019,0.5360042602717472,1559007300000,1559045100000,1283.175,1281.8622857142857,1286.7758571428571,1281.8622857142857,2.7430623571662607,-1.0,STOP
swing_filtered,1559052600000,2019,0.6074003773922625,1559052900000,1559111700000,1277.098,1274.1057857142857,1283.8518571428574,1283.8518571428574,2.2571435391851726,2.2571435391851726,TARGET
swing_filtered,1559650500000,2019,0.6151019982552436,1559650800000,1559715600000,1321.535,1317.423857142857,1329.8295714285714,1329.8295714285714,2.0175828758078005,2.0175828758078005,TARGET
swing_filtered,1560533100000,2019,0.5758911168332196,1560533400000,1560757800000,1340.915,1335.8539285714285,1354.4742857142858,1335.8539285714285,2.6791334415355132,-1.0,STOP
swing_filtered,1560933000000,2019,0.5542451165650661,1560933300000,1560967200000,1342.458,1339.6964285714287,1350.9542857142858,1350.9542857142858,3.076612694635571,3.076612694635571,TARGET
swing_filtered,1561483500000,2019,0.5431638889453476,1561483800000,1561521000000,1415.685,1404.7247142857143,1440.1411428571428,1404.7247142857143,2.2313417272751077,-1.0,STOP
swing_filtered,1561618200000,2019,0.5237274353394469,1561618500000,1561680900000,1402.515,1397.5701428571429,1415.5594285714285,1415.5594285714285,2.6379788524873433,2.6379788524873433,TARGET
swing_filtered,1561728000000,2019,0.5643739668395287,1561728300000,1561932000000,1410.138,1404.1560714285713,1426.4657142857143,1397.165,2.729506728599222,-2.1686985802476237,STOP_GAP
swing_filtered,1562153700000,2019,0.537819135488359,1562154000000,1562226900000,1420.358,1410.7809285714286,1444.8662857142856,1410.7809285714286,2.559058465531531,-1.0,STOP
swing_filtered,1562327400000,2019,0.5504491197331598,1562327700000,1562329800000,1411.368,1406.4885714285713,1423.2407142857144,1406.4885714285713,2.4332181754303646,-1.0,STOP
swing_filtered,1562333700000,2019,0.5489746054024508,1562334000000,1562662500000,1391.945,1385.9447857142857,1408.3958571428573,1385.9447857142857,2.7417116055379385,-1.0,STOP
swing_filtered,1562739600000,2019,0.5508077228028201,1562739900000,1562761800000,1390.955,1387.3432142857143,1399.8171428571427,1399.8171428571427,2.4536734895679446,2.4536734895679446,TARGET
swing_filtered,1562844000000,2019,0.5540137517902215,1562844300000,1562848200000,1418.755,1414.7297857142858,1429.970857142857,1414.7297857142858,2.7864000141961376,-1.0,STOP
swing_filtered,1562852400000,2019,0.5361189962268952,1562852700000,1562855700000,1415.185,1410.821357142857,1428.6895714285713,1410.821357142857,3.0947930137008606,-1.0,STOP
swing_filtered,1562864400000,2019,0.6235365207330276,1562864700000,1562877000000,1408.418,1402.3786428571427,1421.1254285714285,1402.3786428571427,2.1041028491679588,-1.0,STOP
swing_filtered,1562934900000,2019,0.5240374126166816,1562935200000,1562955900000,1404.115,1400.152,1414.632,1414.632,2.6537976280595874,2.6537976280595874,TARGET
swing_filtered,1563280200000,2019,0.5725949555236718,1563280500000,1563292500000,1409.245,1406.3284285714285,1417.3762857142858,1406.3284285714285,2.7879604231976027,-1.0,STOP
swing_filtered,1563448200000,2019,0.5496488330520131,1563448500000,1563453600000,1418.398,1414.8337857142856,1429.954857142857,1414.8337857142856,3.2424697889736627,-1.0,STOP
swing_filtered,1563534900000,2019,0.5539261989143017,1563535200000,1563546000000,1436.905,1431.9180714285715,1451.8527142857145,1431.9180714285715,2.997378861881855,-1.0,STOP
swing_filtered,1563546300000,2019,0.5488445675408548,1563546600000,1563547200000,1432.455,1427.5409285714286,1445.8612857142857,1427.5409285714286,2.728142215503651,-1.0,STOP
swing_filtered,1563547500000,2019,0.5392900346639684,1563547800000,1563559800000,1427.288,1422.4109285714285,1440.7312857142858,1422.4109285714285,2.7564258410345457,-1.0,STOP
swing_filtered,1563560100000,2019,0.525702167009813,1563560400000,1563859800000,1422.848,1415.090857142857,1440.1265714285714,1415.090857142857,2.2274401473296197,-1.0,STOP
swing_filtered,1564144200000,2019,0.664893478319779,1564144500000,1564146000000,1414.955,1411.0470714285714,1421.9517142857146,1421.9517142857146,1.7903895011973099,1.7903895011973099,TARGET
swing_filtered,1564407600000,2019,0.8393994996718561,1564407900000,1564411800000,1417.998,1412.9202142857143,1421.909142857143,1421.909142857143,0.7702457482873823,0.7702457482873823,TARGET
swing_filtered,1564581600000,2019,0.5620417899863502,1564581900000,1564590000000,1427.525,1424.4925,1434.8549999999998,1424.4925,2.41714756801307,-1.0,STOP
swing_filtered,1564596000000,2019,0.7289083228690152,1564596300000,1564596600000,1419.628,1413.33,1426.9699999999998,1426.9699999999998,1.1657669101301793,1.1657669101301793,TARGET
swing_filtered,1564599000000,2019,0.7539967993964771,1564599300000,1564599600000,1415.455,1407.657,1421.2969999999998,1421.2969999999998,0.7491664529366336,0.7491664529366336,TARGET
swing_filtered,1564610400000,2019,0.7036481489957117,1564610700000,1564646100000,1415.998,1404.1612857142857,1427.829857142857,1404.1612857142857,0.9995896544648982,-1.0,STOP
swing_filtered,1564662000000,2019,0.5712671254970974,1564662300000,1564673100000,1402.448,1397.9813571428572,1415.7645714285713,1415.7645714285713,2.981337853613214,2.981337853613214,TARGET
swing_filtered,1565269200000,2019,0.5383469314382351,1565269500000,1565635200000,1492.608,1484.4500714285716,1511.9397142857144,1511.9397142857144,2.369684181033447,2.369684181033447,TARGET
swing_filtered,1565704500000,2019,0.5389910693332347,1565704800000,1565782500000,1486.098,1471.7977142857142,1511.3841428571425,1511.3841428571425,1.7682264090627229,1.7682264090627229,TARGET
swing_filtered,1566212100000,2019,0.5754980781089578,1566212400000,1566214800000,1499.905,1493.4231428571427,1512.4824285714285,1493.4231428571427,1.940405086725538,-1.0,STOP
swing_filtered,1566255000000,2019,0.5541178868910103,1566255300000,1566526500000,1494.508,1488.4357857142857,1510.4968571428572,1494.865,2.6331180670736267,0.058792391572849566,864BAR_TIMEOUT
swing_filtered,1566541200000,2019,0.6005188804182151,1566541500000,1566561900000,1494.485,1491.2962142857143,1502.1901428571427,1502.1901428571427,2.4163250677598764,2.4163250677598764,TARGET
swing_filtered,1566867600000,2019,0.5853907007682585,1566867900000,1566919200000,1527.555,1521.6969285714285,1540.9022857142859,1540.9022857142859,2.27844366137074,2.27844366137074,TARGET
swing_filtered,1567076700000,2019,0.5955674824429321,1567077000000,1567096800000,1536.165,1529.8957142857143,1548.392142857143,1529.8957142857143,1.9503247123163359,-1.0,STOP
swing_filtered,1567097100000,2019,0.5316843596740006,1567097400000,1567102500000,1527.595,1520.297,1544.1019999999999,1520.297,2.2618525623458248,-1.0,STOP
swing_filtered,1567186200000,2019,0.5442830750276374,1567186500000,1567515900000,1519.675,1513.3615714285713,1535.7437142857143,1535.7437142857143,2.5451645019685794,2.5451645019685794,TARGET
swing_filtered,1567577100000,2019,0.5357571799707712,1567577400000,1567596300000,1540.625,1535.1040714285714,1556.3087142857144,1535.1040714285714,2.84077471439845,-1.0,STOP
swing_filtered,1567670100000,2019,0.5261613741438095,1567670400000,1567686900000,1542.13,1536.4521428571427,1558.2964285714286,1536.4521428571427,2.8472763869667572,-1.0,STOP
swing_filtered,1567690500000,2019,0.5491437127698422,1567690800000,1567692000000,1530.775,1525.5355,1546.9330000000002,1525.5355,3.083882049813859,-1.0,STOP
swing_filtered,1567693200000,2019,0.6333503874154593,1567693500000,1567777200000,1511.835,1501.1021428571428,1526.1664285714287,1526.1664285714287,1.3352855051244452,1.3352855051244452,TARGET
swing_filtered,1568039400000,2019,0.5253714973690915,1568039700000,1568040600000,1505.425,1500.3315714285714,1518.598714285714,1500.3315714285714,2.5864138666067875,-1.0,STOP
swing_filtered,1568207400000,2019,0.5381205871292636,1568207700000,1568271000000,1487.715,1483.8607142857145,1498.3821428571428,1498.3821428571428,2.767605633803019,2.767605633803019,TARGET
swing_filtered,1568392800000,2019,0.5375530165240207,1568393100000,1568592900000,1490.095,1482.9251428571429,1509.3744285714286,1509.3744285714286,2.6889557472752887,2.6889557472752887,TARGET
swing_filtered,1568641500000,2019,0.5911811007816328,1568641800000,1568832000000,1498.095,1492.2688571428573,1512.1995714285715,1492.2688571428573,2.420910673565036,-1.0,STOP
swing_filtered,1569330900000,2019,0.5581834715898831,1569331200000,1569339000000,1518.218,1514.6384285714284,1526.3712857142855,1526.3712857142855,2.2777267829346957,2.2777267829346957,TARGET
swing_filtered,1569413400000,2019,0.5402844070638968,1569413700000,1569421800000,1527.295,1523.325357142857,1536.6235714285713,1523.325357142857,2.349977507872059,-1.0,STOP
swing_filtered,1569422400000,2019,0.5332374253313554,1569422700000,1569423000000,1519.495,1516.0937142857142,1530.5501428571426,1516.0937142857142,3.2502835062371425,-1.0,STOP
swing_filtered,1569499500000,2019,0.660162527591224,1569499800000,1569566100000,1504.685,1500.0340714285715,1513.6537142857144,1500.0340714285715,1.928370678666384,-1.0,STOP
swing_filtered,1569566400000,2019,0.5356364814616699,1569566700000,1569577800000,1499.168,1495.0222857142858,1507.700857142857,1495.0222857142858,2.0582356995176725,-1.0,STOP
swing_filtered,1569580800000,2019,0.5265532324576355,1569581100000,1569590400000,1491.385,1487.633857142857,1502.4895714285715,1487.633857142857,2.960316855815357,-1.0,STOP
swing_filtered,1569591000000,2019,0.6000008359596164,1569591300000,1569602100000,1488.545,1483.621642857143,1499.3534285714288,1499.3534285714288,2.1953370957680036,2.1953370957680036,TARGET
swing_filtered,1569831000000,2019,0.5468279247056766,1569831300000,1569843600000,1489.595,1483.5416428571427,1500.2734285714284,1483.5416428571427,1.7640506448605147,-1.0,STOP
swing_filtered,1569856200000,2019,0.5399016206857237,1569856500000,1569857400000,1474.395,1469.231,1489.5510000000002,1469.231,2.9349341595662692,-1.0,STOP
swing_filtered,1569864300000,2019,0.5335643552801169,1569864600000,1569915000000,1467.188,1460.7007142857144,1486.3221428571428,1460.7007142857144,2.9494836052938593,-1.0,STOP
swing_filtered,1569996900000,2019,0.5515002566109083,1569997200000,1570014900000,1475.515,1471.5477857142857,1486.6988571428572,1486.6988571428572,2.819070596496204,2.819070596496204,TARGET
swing_filtered,1570085700000,2019,0.5745154958431399,1570086000000,1570111200000,1496.715,1492.1416428571429,1510.0584285714285,1510.0584285714285,2.9176441188874116,2.9176441188874116,TARGET
swing_filtered,1570191300000,2019,0.5972649866767625,1570191600000,1570192200000,1507.168,1503.9947142857143,1514.5961428571427,1503.9947142857143,2.3408364471256156,-1.0,STOP_BOTH
swing_filtered,1570446300000,2019,0.5987715502487719,1570446600000,1570469400000,1499.188,1494.2711428571429,1508.8554285714285,1494.2711428571429,1.9661804869544421,-1.0,STOP
swing_filtered,1570496400000,2019,0.6763745765474442,1570496700000,1570528800000,1491.105,1483.016142857143,1502.1604285714284,1502.1604285714284,1.3667479071738848,1.3667479071738848,TARGET
swing_filtered,1570614300000,2019,0.5924966694479078,1570614600000,1570659600000,1501.428,1496.5285714285715,1512.7607142857141,1512.7607142857141,2.313068579426084,2.313068579426084,TARGET
swing_filtered,1570739400000,2019,0.5697332633493427,1570739700000,1570793700000,1493.145,1486.2865714285715,1509.9287142857145,1486.2865714285715,2.44716615634575,-1.0,STOP
swing_filtered,1570794300000,2019,0.5236716193968568,1570794600000,1570802700000,1482.645,1477.1423571428572,1496.6055714285715,1477.1423571428572,2.5370666043590058,-1.0,STOP
swing_filtered,1570803900000,2019,0.5275918054995448,1570804200000,1571044800000,1475.785,1468.7859285714285,1494.4812857142856,1494.4812857142856,2.671252308979671,2.671252308979671,TARGET
swing_filtered,1571121000000,2019,0.5355025886109397,1571121300000,1571135400000,1489.485,1486.4792142857143,1497.7731428571428,1497.7731428571428,2.757396449704277,2.757396449704277,TARGET
swing_filtered,1571148900000,2019,0.5363745047084251,1571149200000,1571150400000,1484.545,1478.9637857142857,1494.719857142857,1478.9637857142857,1.823054378847354,-1.0,STOP
swing_filtered,1571151600000,2019,0.5310217267596199,1571151900000,1571272800000,1479.345,1473.4589285714285,1491.6542857142856,1491.6542857142856,2.0912565985073095,2.0912565985073095,TARGET
swing_filtered,1571304900000,2019,0.5850436263578429,1571305200000,1571327400000,1485.725,1480.3137857142856,1495.6698571428572,1495.6698571428572,1.837823567459119,1.837823567459119,TARGET
swing_filtered,1571380200000,2019,0.5430639169185392,1571380500000,1571388300000,1490.035,1486.9112857142857,1497.594857142857,1486.9112857142857,2.420150004573174,-1.0,STOP
swing_filtered,1571396100000,2019,0.5410380376491681,1571396400000,1571637600000,1486.435,1483.8267142857142,1493.833142857143,1493.833142857143,2.8364004819805015,2.8364004819805015,TARGET
swing_filtered,1571643600000,2019,0.541108173369946,1571643900000,1571670600000,1488.685,1486.2337857142857,1496.754857142857,1486.2337857142857,3.2921875455313176,-1.0,STOP
swing_filtered,1571670900000,2019,0.5276031116018479,1571671200000,1571685300000,1485.418,1481.5857142857144,1495.0321428571428,1481.5857142857144,2.5087228807874675,-1.0,STOP
swing_filtered,1571759100000,2019,0.5481425854577651,1571759400000,1571814000000,1483.488,1480.9245,1491.577,1491.577,3.1554515311098172,3.1554515311098172,TARGET
swing_filtered,1571901300000,2019,0.5366167526454055,1571901600000,1571923800000,1489.495,1486.6795,1496.9569999999999,1496.9569999999999,2.650328538447941,2.650328538447941,TARGET
swing_filtered,1572022800000,2019,0.5625155308488691,1572023100000,1572267300000,1502.765,1497.8982857142857,1515.631857142857,1497.8982857142857,2.643848886018625,-1.0,STOP
swing_filtered,1572267600000,2019,0.5474975834920349,1572267900000,1572270000000,1499.045,1494.7095,1507.187,1494.7095,1.8779840848805365,-1.0,STOP
swing_filtered,1572270300000,2019,0.5287067145632295,1572270600000,1572345300000,1491.355,1488.1925,1500.67,1488.1925,2.9454545454546475,-1.0,STOP
swing_filtered,1572356700000,2019,0.6574984373317537,1572357000000,1572432300000,1485.145,1480.950214285714,1493.1891428571428,1493.1891428571428,1.9176528683568728,1.9176528683568728,TARGET
swing_filtered,1572460500000,2019,0.641912933455077,1572460800000,1572462300000,1483.625,1478.4172142857142,1491.5711428571428,1491.5711428571428,1.5258198576307094,1.5258198576307094,TARGET
swing_filtered,1572608100000,2019,0.5912016355038214,1572608400000,1572611400000,1509.995,1506.6944285714285,1516.9622857142858,1506.6944285714285,2.1109331717452364,-1.0,STOP
swing_filtered,1572611700000,2019,0.5553235604138802,1572612000000,1572615900000,1504.715,1501.2275,1511.18,1511.18,1.853763440860281,1.853763440860281,TARGET
swing_filtered,1572883500000,2019,0.5463121480859072,1572883800000,1572934500000,1508.015,1504.3732857142857,1517.481857142857,1504.3732857142857,2.599560646477162,-1.0,STOP
swing_filtered,1572951900000,2019,0.704201173245317,1572952200000,1572957600000,1504.145,1499.6824285714288,1509.8602857142857,1499.6824285714288,1.2807157948653005,-1.0,STOP
swing_filtered,1572958200000,2019,0.535697965752673,1572958500000,1572960300000,1499.725,1496.4572857142857,1507.2958571428571,1496.4572857142857,2.3168663110956578,-1.0,STOP
swing_filtered,1572960900000,2019,0.5355204495940081,1572961200000,1572962100000,1495.738,1491.620642857143,1503.8924285714286,1491.620642857143,1.9805006679041566,-1.0,STOP
swing_filtered,1572966300000,2019,0.5509438083987034,1572966600000,1572970800000,1489.025,1483.3195714285716,1499.4467142857143,1483.3195714285716,1.8266312784816663,-1.0,STOP
swing_filtered,1572979800000,2019,0.5544592607935128,1572980100000,1573140600000,1481.795,1475.0788571428573,1496.0595714285714,1475.0788571428573,2.1239231701869707,-1.0,STOP
swing_filtered,1573213800000,2019,0.541019200124477,1573214100000,1573215300000,1462.925,1459.2628571428572,1473.5735714285713,1459.2628571428572,2.90774331968021,-1.0,STOP
swing_filtered,1573215900000,2019,0.5274669386352586,1573216200000,1573225200000,1457.695,1453.3289285714286,1467.2742857142855,1467.2742857142855,2.1940286298568648,2.1940286298568648,TARGET
swing_filtered,1573484700000,2019,0.526605594619907,1573485000000,1573485000000,1457.745,1454.8957142857143,1465.592142857143,1454.8957142857143,2.7540737026826365,-1.0,STOP
swing_filtered,1573485300000,2019,0.5706352693181246,1573485600000,1573487400000,1453.405,1450.2757142857142,1460.972142857143,1450.2757142857142,2.4181693677242637,-1.0,STOP
swing_filtered,1573573200000,2019,0.5482266505527431,1573573500000,1573586100000,1446.248,1442.584142857143,1457.3884285714287,1457.3884285714287,3.04062853355176,3.04062853355176,TARGET
swing_filtered,1574061300000,2019,0.6208042849155263,1574061600000,1574065500000,1463.095,1459.9381428571428,1468.8374285714287,1459.9381428571428,1.819033396687477,-1.0,STOP
swing_filtered,1574066700000,2019,0.559553678349364,1574067000000,1574081100000,1459.995,1456.8339285714285,1465.8392857142858,1456.8339285714285,1.8488306406056507,-1.0,STOP
swing_filtered,1574150100000,2019,0.5447590599087019,1574150400000,1574157000000,1469.368,1466.8032142857144,1477.1621428571427,1466.8032142857144,3.0389060628848266,-1.0,STOP
swing_filtered,1574256000000,2019,0.5779982139234475,1574256300000,1574263800000,1471.595,1468.5027142857143,1480.314142857143,1468.5027142857143,2.819643352120526,-1.0,STOP
swing_filtered,1574264100000,2019,0.6391934013725885,1574264400000,1574349000000,1467.965,1463.271714285714,1476.103142857143,1463.271714285714,1.7339968952607119,-1.0,STOP
swing_filtered,1574437200000,2019,0.5627890723218605,1574437500000,1574661300000,1461.985,1458.947642857143,1470.7344285714287,1458.947642857143,2.880605789808082,-1.0,STOP
swing_filtered,1574668800000,2019,0.5729698022443805,1574669100000,1574687400000,1457.775,1455.9069285714284,1463.4622857142856,1455.9069285714284,3.044469085763924,-1.0,STOP
swing_filtered,1574689500000,2019,0.5324401015636925,1574689800000,1574732700000,1454.835,1452.4900714285714,1461.1147142857144,1452.4900714285714,2.6779981114257803,-1.0,STOP
swing_filtered,1574779200000,2019,0.7368604817763098,1574779500000,1574782200000,1453.035,1448.0385,1457.846,1457.846,0.962874011808256,0.962874011808256,TARGET
swing_filtered,1574858700000,2019,0.5256143917023266,1574859000000,1574860800000,1457.535,1455.408857142857,1464.4395714285715,1455.408857142857,3.2474635490152575,-1.0,STOP
swing_filtered,1574861400000,2019,0.6062735528244052,1574861700000,1575040500000,1454.648,1452.046142857143,1460.5054285714286,1460.5054285714286,2.2512491077803896,2.2512491077803896,TARGET
swing_filtered,1575451500000,2019,0.5619234375904932,1575451800000,1575465300000,1474.615,1472.1835714285714,1481.2057142857143,1481.2057142857143,2.710634547591072,2.710634547591072,TARGET
swing_filtered,1575470100000,2019,0.5706807651721842,1575470400000,1575639000000,1475.015,1470.8875,1484.2250000000001,1470.8875,2.231374924288289,-1.0,STOP
swing_filtered,1575641700000,2019,0.5279545353836251,1575642000000,1575648900000,1463.565,1458.9162142857142,1472.560142857143,1458.9162142857142,1.9349446091913225,-1.0,STOP
swing_filtered,1575914700000,2019,0.5605514000135426,1575915000000,1575977100000,1460.265,1457.8922857142857,1466.3708571428572,1466.3708571428572,2.573363838882341,2.573363838882341,TARGET
swing_filtered,1576162200000,2019,0.5316906373164415,1576162500000,1576162500000,1471.635,1468.6797857142858,1478.1558571428573,1468.6797857142858,2.206559833708086,-1.0,STOP
swing_filtered,1576162800000,2019,0.5302750342966882,1576163100000,1576255200000,1465.798,1461.4097857142858,1477.1858571428572,1477.1858571428572,2.5951005127371185,2.5951005127371185,TARGET
swing_filtered,1576518000000,2019,0.5360324764274378,1576518300000,1576675500000,1474.385,1471.8420714285714,1482.506714285714,1471.8420714285714,3.1938428695822356,-1.0,STOP
swing_filtered,1576675800000,2019,0.5723231455058841,1576676100000,1576683000000,1472.125,1469.6740714285713,1477.2287142857142,1477.2287142857142,2.0823594555997964,2.0823594555997964,TARGET
swing_filtered,1576859100000,2019,0.5682340687311082,1576859400000,1577082600000,1476.885,1474.738142857143,1482.4724285714287,1482.4724285714287,2.6026084642003946,2.6026084642003946,TARGET
swing_filtered,1578324300000,2020,0.5316879289174479,1578324600000,1578325200000,1566.765,1561.7807142857143,1583.6021428571426,1561.7807142857143,3.3780452851818876,-1.0,STOP
swing_filtered,1578328200000,2020,0.5396548411564583,1578328500000,1578362700000,1561.515,1556.2457142857145,1578.7921428571428,1556.2457142857145,3.2788396367087276,-1.0,STOP
swing_filtered,1578499800000,2020,0.5703931959259274,1578500100000,1578501300000,1568.875,1559.2666428571429,1593.3734285714286,1559.2666428571429,2.5497000379134276,-1.0,STOP
swing_filtered,1578551700000,2020,0.5418897909823512,1578552000000,1578995100000,1544.175,1535.4974285714286,1564.8002857142856,1543.085,2.3768500074082692,-0.1256111815353126,864BAR_TIMEOUT
swing_filtered,1579185300000,2020,0.5612257553684943,1579185600000,1579189200000,1551.355,1548.4881428571427,1559.2724285714287,1548.4881428571427,2.761710185369655,-1.0,STOP
swing_filtered,1579189500000,2020,0.5859627148446271,1579189800000,1579263300000,1549.895,1545.6050714285714,1557.4547142857143,1557.4547142857143,1.7622005028388676,1.7622005028388676,TARGET
swing_filtered,1579596000000,2020,0.6248433866821456,1579596300000,1579596900000,1557.295,1552.6762142857144,1565.7701428571424,1552.6762142857144,1.834928784621729,-1.0,STOP
swing_filtered,1579604400000,2020,0.5343733083450178,1579604700000,1579616700000,1552.975,1548.4817857142857,1564.9628571428568,1548.4817857142857,2.6679914156267364,-1.0,STOP
swing_filtered,1579617000000,2020,0.5391413489173353,1579617300000,1579735800000,1548.385,1542.1310714285717,1562.665714285714,1562.665714285714,2.283478956084806,2.283478956084806,TARGET
swing_filtered,1579764600000,2020,0.5429000433215938,1579764900000,1579780800000,1555.995,1552.6008571428572,1566.1315714285715,1552.6008571428572,2.986489330359226,-1.0,STOP
swing_filtered,1579854600000,2020,0.5542210974799654,1579854900000,1579878600000,1558.385,1555.1217857142858,1568.452857142857,1568.452857142857,3.085257743241836,3.085257743241836,TARGET
swing_filtered,1580224500000,2020,0.5807862502542629,1580224800000,1580225700000,1572.465,1568.0739285714287,1582.6942857142858,1568.0739285714287,2.32956486376592,-1.0,STOP
swing_filtered,1580260500000,2020,0.5789306975333947,1580260800000,1580343900000,1566.235,1560.776642857143,1578.2184285714286,1578.2184285714286,2.195427718963215,2.195427718963215,TARGET
swing_filtered,1580394900000,2020,0.6875791437519247,1580395200000,1580398800000,1574.958,1569.503357142857,1582.7615714285714,1582.7615714285714,1.430629214954447,1.430629214954447,TARGET
swing_filtered,1580719800000,2020,0.5809339733083172,1580720100000,1580804700000,1575.665,1568.8601428571428,1590.6494285714289,1568.8601428571428,2.2020195658563697,-1.0,STOP
swing_filtered,1580822700000,2020,0.5237437590178794,1580823000000,1580824500000,1565.505,1561.0466428571428,1576.8884285714284,1561.0466428571428,2.5532787541854356,-1.0,STOP
swing_filtered,1580836500000,2020,0.5469857566872259,1580836800000,1580986500000,1552.115,1545.8502142857144,1566.7241428571429,1566.7241428571429,2.3319461388487035,2.3319461388487035,TARGET
swing_filtered,1581057000000,2020,0.5449457862149428,1581057300000,1581082200000,1564.125,1560.7312857142858,1571.0498571428573,1560.7312857142858,2.0404950328339164,-1.0,STOP
swing_filtered,1581435600000,2020,0.5951529491010523,1581435900000,1581564300000,1564.075,1560.7472857142857,1572.9358571428572,1572.9358571428572,2.6627457714432397,2.6627457714432397,TARGET
swing_filtered,1582183200000,2020,0.5456564613958491,1582183500000,1582199700000,1604.965,1600.6990714285716,1616.128714285714,1616.128714285714,2.616948244395106,2.616948244395106,TARGET
swing_filtered,1582572300000,2020,0.5531227089711929,1582572600000,1582589100000,1657.588,1647.8572142857142,1685.2611428571427,1647.8572142857142,2.8438754762131753,-1.0,STOP
swing_filtered,1582724700000,2020,0.5731198247046099,1582725000000,1582728000000,1634.485,1626.1785714285716,1653.2107142857142,1626.1785714285716,2.2543640897756223,-1.0,STOP
swing_filtered,1582825800000,2020,0.5401240543926331,1582826100000,1582869000000,1640.005,1631.9719285714286,1662.5372857142856,1631.9719285714286,2.804940291473602,-1.0,STOP
swing_filtered,1582904400000,2020,0.7037155667307609,1582904700000,1583247600000,1586.238,1561.3120000000001,1611.0770000000002,1611.0770000000002,0.9965096686191222,0.9965096686191222,TARGET
swing_filtered,1583508000000,2020,0.6546662378700034,1583508300000,1583508300000,1667.855,1651.671357142857,1695.1545714285714,1651.671357142857,1.6868619549721555,-1.0,STOP
swing_filtered,1583816700000,2020,0.5421289100164441,1583817000000,1583870100000,1657.418,1645.1165714285714,1685.7087142857142,1645.1165714285714,2.2997909650447346,-1.0,STOP
swing_filtered,1583937600000,2020,0.5652229767370995,1583937900000,1583941200000,1655.065,1646.8569285714286,1675.4122857142856,1646.8569285714286,2.4789362387197116,-1.0,STOP
swing_filtered,1583941500000,2020,0.5674530985923818,1583941800000,1583951100000,1647.665,1638.2296428571428,1667.7064285714284,1638.2296428571428,2.124077368560498,-1.0,STOP
swing_filtered,1583954100000,2020,0.5418055377246034,1583954400000,1584014400000,1634.945,1625.7705714285714,1661.5927142857142,1625.7705714285714,2.904563927687227,-1.0,STOP
swing_filtered,1584015900000,2020,0.5400345893513382,1584016200000,1584019800000,1615.405,1604.1499285714285,1642.7402857142854,1604.1499285714285,2.4287083283091113,-1.0,STOP
swing_filtered,1584020100000,2020,0.537685909440014,1584020400000,1584022500000,1593.465,1578.1792142857144,1624.0231428571426,1578.1792142857144,1.9991214994322537,-1.0,STOP
swing_filtered,1584022800000,2020,0.5395413373542397,1584023100000,1584028200000,1578.788,1563.6919285714287,1617.1072857142856,1563.6919285714287,2.5383614469232807,-1.0,STOP
swing_filtered,1584028500000,2020,0.5348208491650054,1584028800000,1584114000000,1566.295,1547.9485,1610.746,1547.9485,2.4228599460387414,-1.0,STOP
swing_filtered,1584363600000,2020,0.5382385840946918,1584363900000,1584456300000,1458.368,1431.174357142857,1531.0425714285714,1531.0425714285714,2.672483852581077,2.672483852581077,TARGET
swing_filtered,1584510600000,2020,0.5526899836217041,1584510900000,1584517200000,1517.178,1497.1322857142857,1569.460857142857,1497.1322857142857,2.608181299885947,-1.0,STOP
swing_filtered,1584521100000,2020,0.54251273349096,1584521400000,1584552300000,1490.245,1476.3062857142859,1537.0648571428571,1476.3062857142859,3.358979614844648,-1.0,STOP
swing_filtered,1584728700000,2020,0.5282293152738731,1584729000000,1584971400000,1481.458,1467.5440714285714,1525.6987142857142,1525.6987142857142,3.1795990656844118,3.1795990656844118,TARGET
swing_filtered,1585124100000,2020,0.6062913431865244,1585124400000,1585568700000,1601.598,1580.3720714285714,1651.9217142857142,1622.328,2.3708604368646173,0.9766357184440886,864BAR_TIMEOUT
swing_filtered,1585644000000,2020,0.7005333638639535,1585644300000,1585651800000,1611.288,1597.786,1626.746,1597.786,1.144867427047855,-1.0,STOP
swing_filtered,1585674900000,2020,0.5273371841453974,1585675200000,1585682700000,1591.528,1580.8142857142857,1618.3328571428572,1580.8142857142857,2.501920102405451,-1.0,STOP
swing_filtered,1585747800000,2020,0.5691448628802773,1585748100000,1585778700000,1574.408,1566.1225714285715,1594.3347142857144,1594.3347142857144,2.405031207972772,2.405031207972772,TARGET
swing_filtered,1585918500000,2020,0.5805509978484908,1585918800000,1586159400000,1609.188,1599.1267857142857,1631.617857142857,1631.617857142857,2.2293389749887678,2.2293389749887678,TARGET
swing_filtered,1586245500000,2020,0.5397966798300916,1586245800000,1586438400000,1648.433,1637.7649285714285,1680.0302857142858,1680.0302857142858,2.961855469926951,2.961855469926951,TARGET
swing_filtered,1586937000000,2020,0.6170642326424015,1586937300000,1587038100000,1710.758,1700.366642857143,1736.1234285714286,1736.1234285714286,2.4410121048398965,2.4410121048398965,TARGET
swing_filtered,1587058800000,2020,0.5492025459831811,1587059100000,1587102900000,1712.848,1699.827857142857,1741.5285714285712,1699.827857142857,2.2027846962398736,-1.0,STOP
swing_filtered,1587108300000,2020,0.5515427995400989,1587108600000,1587151200000,1693.398,1679.3660714285713,1730.5257142857145,1679.3660714285713,2.645945216776043,-1.0,STOP
swing_filtered,1587460800000,2020,0.8379424895448752,1587461100000,1587467700000,1678.445,1663.5617857142859,1687.9428571428573,1663.5617857142859,0.6381589998320488,-1.0,STOP
swing_filtered,1587472800000,2020,0.5827932903892568,1587473100000,1587540000000,1665.818,1655.1620714285714,1691.9917142857144,1691.9917142857144,2.4562584208656486,2.4562584208656486,TARGET
swing_filtered,1587736800000,2020,0.6141490995135502,1587737100000,1587996300000,1719.458,1710.3402857142855,1736.828857142857,1710.3402857142855,1.9051767360239884,-1.0,STOP
swing_filtered,1588082400000,2020,0.612607814422839,1588082700000,1588227900000,1697.458,1684.6975714285716,1719.5997142857143,1719.5997142857143,1.7351857864155944,1.7351857864155944,TARGET
swing_filtered,1588250400000,2020,0.7686125402987724,1588250700000,1588262700000,1700.528,1690.1537857142855,1711.424857142857,1690.1537857142855,1.0503790304256766,-1.0,STOP
swing_filtered,1588263300000,2020,0.5486203632615335,1588263600000,1588312500000,1685.078,1674.344857142857,1709.4105714285715,1674.344857142857,2.267049992014065,-1.0,STOP
swing_filtered,1588662300000,2020,0.5627334000264308,1588662600000,1588665900000,1692.278,1685.935642857143,1705.1974285714284,1705.1974285714284,2.0370074217562206,2.0370074217562206,TARGET
swing_filtered,1588753500000,2020,0.6219738437289177,1588753800000,1588768800000,1703.541,1696.5335714285716,1716.4057142857143,1696.5335714285716,1.8358680583870886,-1.0,STOP
swing_filtered,1588770000000,2020,0.5775241180367272,1588770300000,1588776000000,1690.348,1684.1375714285714,1705.4247142857143,1684.1375714285714,2.427644745014166,-1.0,STOP
swing_filtered,1588781400000,2020,0.5504613995223251,1588781700000,1588866000000,1683.838,1676.461,1704.1960000000001,1704.1960000000001,2.759658397722693,2.759658397722693,TARGET
swing_filtered,1588941600000,2020,0.5594577998802875,1588941900000,1588941900000,1712.368,1706.934,1727.319,1706.934,2.7513801987486395,-1.0,STOP
swing_filtered,1589191800000,2020,0.5264051833772614,1589192100000,1589374800000,1698.138,1691.3555714285715,1716.0177142857142,1716.0177142857142,2.6361817301009345,2.6361817301009345,TARGET
swing_filtered,1589807400000,2020,0.5641842508843173,1589807700000,1589809500000,1743.988,1736.1854285714285,1765.9982857142857,1736.1854285714285,2.820901534292654,-1.0,STOP
swing_filtered,1589810100000,2020,0.5753090848433084,1589810400000,1590069600000,1735.238,1725.344,1757.114,1725.344,2.211036992116431,-1.0,STOP
swing_filtered,1590071700000,2020,0.5483482334374067,1590072000000,1590134700000,1722.055,1714.6417857142858,1738.357857142857,1738.357857142857,2.1991617285734724,2.1991617285734724,TARGET
swing_filtered,1590413700000,2020,0.6151164821455348,1590414000000,1590455700000,1723.318,1718.1547857142857,1733.2208571428569,1733.2208571428569,1.917963616241219,1.917963616241219,TARGET
swing_filtered,1590501600000,2020,0.5361122831608598,1590501900000,1590505800000,1717.206,1709.4474285714286,1733.8502857142857,1709.4474285714286,2.1452771128706214,-1.0,STOP
swing_filtered,1590520200000,2020,0.5815005652410034,1590520500000,1590579000000,1711.828,1703.0630714285714,1730.5377142857144,1703.0630714285714,2.1346111532161722,-1.0,STOP
swing_filtered,1590579600000,2020,0.5477199748859244,1590579900000,1590585000000,1701.825,1696.7346428571427,1715.0514285714282,1696.7346428571427,2.598330176103106,-1.0,STOP
swing_filtered,1590585300000,2020,0.5749909757157753,1590585600000,1590597000000,1695.645,1689.5232142857142,1709.8971428571426,1709.8971428571426,2.3281022110727965,2.3281022110727965,TARGET
swing_filtered,1590690300000,2020,0.57428335998488,1590690600000,1590753600000,1712.665,1706.113357142857,1729.8365714285712,1729.8365714285712,2.6209565757770057,2.6209565757770057,TARGET
swing_filtered,1591017000000,2020,0.5623025669898063,1591017300000,1591115100000,1730.515,1724.2132857142858,1746.3218571428572,1724.2132857142858,2.5083424011606703,-1.0,STOP
swing_filtered,1591142400000,2020,0.5272205154941134,1591142700000,1591173600000,1722.535,1715.1592142857141,1741.6381428571428,1715.1592142857141,2.589980728445303,-1.0,STOP
swing_filtered,1591188300000,2020,0.5686660561201896,1591188600000,1591189800000,1710.655,1703.5910000000001,1726.626,1703.5910000000001,2.2609003397508975,-1.0,STOP
swing_filtered,1591192800000,2020,0.5322644105491857,1591193100000,1591193400000,1702.235,1694.9118571428571,1724.2925714285714,1694.9118571428571,3.012036206156642,-1.0,STOP
swing_filtered,1591194300000,2020,0.5998474584165486,1591194600000,1591274400000,1694.728,1686.1888571428572,1715.5695714285714,1715.5695714285714,2.4407100076956296,2.4407100076956296,TARGET
swing_filtered,1591352100000,2020,0.5240483669180257,1591352400000,1591360200000,1704.218,1697.8097857142857,1717.8858571428573,1697.8097857142857,2.1328651841943667,-1.0,STOP
swing_filtered,1591360800000,2020,0.597193678421655,1591361100000,1591367100000,1684.498,1677.9035000000001,1698.426,1677.9035000000001,2.1120630828720968,-1.0,STOP
swing_filtered,1591367700000,2020,0.5435048464434232,1591368000000,1591599900000,1673.205,1665.0663571428572,1696.2245714285714,1696.2245714285714,2.828428748211847,2.828428748211847,TARGET
swing_filtered,1591801200000,2020,0.5978910201022944,1591801500000,1591812000000,1715.378,1709.3032857142857,1729.376857142857,1709.3032857142857,2.3044470051501773,-1.0,STOP
swing_filtered,1591875000000,2020,0.6023828940710704,1591875300000,1591881900000,1723.585,1717.333,1737.8929999999998,1737.8929999999998,2.2885476647472607,2.2885476647472607,TARGET
swing_filtered,1592172000000,2020,0.5771077893589112,1592172300000,1592200500000,1730.708,1722.4904285714285,1747.478285714286,1722.4904285714285,2.0407836865253737,-1.0,STOP
swing_filtered,1592213400000,2020,0.5286767904238597,1592213700000,1592216400000,1715.565,1709.7240714285713,1732.8937142857144,1709.7240714285713,2.9667738740170013,-1.0,STOP
swing_filtered,1592217300000,2020,0.5486126434489075,1592217600000,1592269200000,1709.985,1702.769857142857,1728.2955714285715,1728.2955714285715,2.537797489407233,2.537797489407233,TARGET
swing_filtered,1592310600000,2020,0.5635195402994361,1592310900000,1592386200000,1721.648,1715.3870714285713,1736.8767142857143,1715.3870714285713,2.4323411634513405,-1.0,STOP
swing_filtered,1592473500000,2020,0.8226979918665728,1592473800000,1592569800000,1727.255,1716.958,1735.9080000000001,1735.9080000000001,0.8403418471399435,0.8403418471399435,TARGET
swing_filtered,1592895600000,2020,0.6117527972228812,1592895900000,1592918400000,1750.185,1742.914642857143,1764.8164285714288,1764.8164285714288,2.0124772805424134,2.0124772805424134,TARGET
swing_filtered,1593002700000,2020,0.6629118904054268,1593003000000,1593036000000,1767.208,1759.9709285714287,1779.0062857142857,1759.038,1.6302569113394194,-1.128909681303616,STOP_GAP
swing_filtered,1593087600000,2020,0.5454175721379029,1593087900000,1593178800000,1757.285,1750.5018571428573,1774.2825714285714,1750.5018571428573,2.505854850259039,-1.0,STOP
swing_filtered,1593179100000,2020,0.5800827914829606,1593179400000,1593184500000,1751.915,1746.5007142857141,1762.4221428571427,1762.4221428571427,1.940633245382527,1.940633245382527,TARGET
swing_filtered,1593434100000,2020,0.551664162026184,1593434400000,1593528600000,1766.818,1761.293357142857,1782.5165714285715,1782.5165714285715,2.841554075893717,2.841554075893717,TARGET
swing_filtered,1593602400000,2020,0.5724899880663177,1593602700000,1593606000000,1779.915,1775.7650714285714,1792.3647142857146,1775.7650714285714,2.999982787999923,-1.0,STOP
swing_filtered,1593608700000,2020,0.5723203277117043,1593609000000,1593610800000,1775.198,1769.797857142857,1789.4985714285717,1769.797857142857,2.648183910478521,-1.0,STOP
swing_filtered,1593611400000,2020,0.6454780868146814,1593611700000,1593616800000,1765.468,1759.937857142857,1779.6385714285716,1759.937857142857,2.5624241171758917,-1.0,STOP
swing_filtered,1593693000000,2020,0.5489587306106413,1593693300000,1593694800000,1763.358,1759.8952857142858,1774.1588571428572,1759.8952857142858,3.119188085317221,-1.0,STOP
swing_filtered,1593695100000,2020,0.6204327057299016,1593695400000,1593697500000,1762.625,1753.9374285714287,1771.4402857142857,1771.4402857142857,1.0147008041043895,1.0147008041043895,TARGET
swing_filtered,1593756000000,2020,0.6025956625742184,1593756300000,1594001100000,1773.658,1769.9802857142856,1783.018857142857,1769.9802857142856,2.5452921068987147,-1.0,STOP
swing_filtered,1594107900000,2020,0.5884728189126371,1594108200000,1594110300000,1781.738,1777.866142857143,1790.9754285714287,1777.866142857143,2.385787551193599,-1.0,STOP
swing_filtered,1594110600000,2020,0.6279813822436434,1594110900000,1594129800000,1776.888,1771.8540714285714,1785.3587142857143,1785.3587142857143,1.6827243703441281,1.6827243703441281,TARGET
swing_filtered,1594297200000,2020,0.5912181867033428,1594297500000,1594306800000,1807.298,1801.5652857142857,1820.6788571428572,1801.5652857142857,2.3341224550823427,-1.0,STOP
swing_filtered,1594307100000,2020,0.5623488097429459,1594307400000,1594721700000,1800.755,1790.5975,1813.8999999999999,1790.5975,1.2941176470587958,-1.0,STOP
swing_filtered,1594810800000,2020,0.5900300407009301,1594811100000,1594918200000,1805.628,1801.3880714285713,1816.4377142857143,1801.3880714285713,2.5495038663049816,-1.0,STOP
swing_filtered,1594919400000,2020,0.5342279264261466,1594919700000,1594998600000,1799.078,1792.5456428571429,1810.5574285714285,1810.5574285714285,1.7573179666058065,1.7573179666058065,TARGET
swing_filtered,1595922600000,2020,0.5477728088657742,1595922900000,1595948100000,1910.758,1895.3107857142857,1951.981857142857,1951.981857142857,2.6686919971700616,2.6686919971700616,TARGET
swing_filtered,1596031800000,2020,0.534111706221043,1596032100000,1596046200000,1941.898,1935.0057857142856,1966.9018571428571,1966.9018571428571,3.6278409385331214,3.6278409385331214,TARGET
swing_filtered,1596100200000,2020,0.5562775384324123,1596100500000,1596178800000,1949.755,1935.6434285714286,1981.3162857142856,1981.3162857142856,2.2365535882406213,2.2365535882406213,TARGET
swing_filtered,1596451800000,2020,0.5252207600465945,1596452100000,1596551700000,1967.768,1960.3206428571427,1988.0074285714286,1988.0074285714286,2.7176659025732417,2.7176659025732417,TARGET
swing_filtered,1596772800000,2020,0.5498401967882686,1596773100000,1596808800000,2051.66,2038.3282857142858,2082.611857142857,2038.3282857142858,2.3216712029318223,-1.0,STOP
swing_filtered,1596809100000,2020,0.6177078063843449,1596809400000,1597123800000,2033.498,2012.5628571428572,2063.688571428572,2012.5628571428572,1.4421000914388795,-1.0,STOP
swing_filtered,1597124700000,2020,0.5460839882268326,1597125000000,1597127100000,2009.105,1997.7527142857143,2034.179142857143,1997.7527142857143,2.2087307779427823,-1.0,STOP
swing_filtered,1597133100000,2020,0.616470286993407,1597133400000,1597146000000,1988.605,1974.768,2017.2030000000002,1974.768,2.0667774806677897,-1.0,STOP
swing_filtered,1597148700000,2020,0.5279470021054938,1597149000000,1597149900000,1975.0,1963.2125714285714,2012.7747142857143,1963.2125714285714,3.2046611401977887,-1.0,STOP
swing_filtered,1597150200000,2020,0.5633044871802717,1597150500000,1597151100000,1958.288,1943.2055714285714,1992.7677142857142,1943.2055714285714,2.286085037460794,-1.0,STOP
swing_filtered,1597151400000,2020,0.5239002227868327,1597151700000,1597168500000,1941.975,1926.364857142857,1985.0305714285712,1926.364857142857,2.75817920582771,-1.0,STOP
swing_filtered,1597176600000,2020,0.549716182114918,1597176900000,1597196700000,1913.355,1892.9284285714284,1972.8612857142857,1892.9284285714284,2.913180311359128,-1.0,STOP
swing_filtered,1597206300000,2020,0.5396098381157963,1597206600000,1597218600000,1867.228,1843.4880714285714,1937.6377142857143,1937.6377142857143,2.965877259228712,2.965877259228712,TARGET
swing_filtered,1597623000000,2020,0.5947882564188821,1597623300000,1597671000000,1936.465,1922.869642857143,1967.5614285714285,1967.5614285714285,2.287282948485589,2.287282948485589,TARGET
swing_filtered,1597760700000,2020,0.5772307757840481,1597761000000,1597848300000,1982.595,1972.5780714285715,2011.3127142857145,1972.5780714285715,2.8669181457105197,-1.0,STOP
swing_filtered,1597861200000,2020,0.6011700886726037,1597861500000,1598009700000,1943.095,1923.8365714285715,1978.378714285714,1923.8365714285715,1.8321180336624285,-1.0,STOP
swing_filtered,1598010000000,2020,0.6034479724325943,1598010300000,1598254200000,1922.328,1909.7831428571428,1946.2574285714284,1946.2574285714284,1.9075090532261207,1.9075090532261207,TARGET
swing_filtered,1598280600000,2020,0.5590217362939455,1598280900000,1598348700000,1932.085,1922.928357142857,1958.6615714285717,1922.928357142857,2.902436170461719,-1.0,STOP
swing_filtered,1598357400000,2020,0.5676718463170561,1598357700000,1598369400000,1921.938,1914.2212142857143,1941.7401428571427,1914.2212142857143,2.5661128338037864,-1.0,STOP
swing_filtered,1598445000000,2020,0.570223104593015,1598445300000,1598448600000,1905.908,1897.444142857143,1923.6134285714286,1923.6134285714286,2.091886509021653,2.091886509021653,TARGET
swing_filtered,1598530800000,2020,0.6769600167969795,1598531100000,1598534100000,1940.345,1930.5451428571428,1959.4594285714286,1959.4594285714286,1.950480327701545,1.950480327701545,TARGET
swing_filtered,1598535900000,2020,0.7501948080074932,1598536200000,1598537100000,1940.415,1925.1694285714286,1956.7622857142858,1925.1694285714286,1.0722645452075206,-1.0,STOP
swing_filtered,1598858700000,2020,0.5263861618454816,1598859000000,1598925600000,1960.468,1954.0247857142856,1981.1258571428568,1981.1258571428568,3.2061415664318615,3.2061415664318615,TARGET
swing_filtered,1598971200000,2020,0.5506156811068821,1598971500000,1599008700000,1967.338,1959.7075714285713,1990.6597142857142,1959.7075714285713,3.0564094883267843,-1.0,STOP
swing_filtered,1599048600000,2020,0.5865509627689097,1599048900000,1599054600000,1957.668,1946.8683571428571,1979.6165714285712,1946.8683571428571,2.0323423393630797,-1.0,STOP
swing_filtered,1599055200000,2020,0.5321843724991143,1599055500000,1599059700000,1950.975,1937.4819285714284,1979.4622857142856,1937.4819285714284,2.1112528652271125,-1.0,STOP
swing_filtered,1599111900000,2020,0.5910629207994383,1599112200000,1599146400000,1935.975,1926.0907857142856,1957.676857142857,1926.0907857142856,2.1956077150434625,-1.0,STOP
swing_filtered,1599223200000,2020,0.5480983208943591,1599223500000,1599224400000,1928.565,1919.496642857143,1947.2034285714283,1919.496642857143,2.055325818978035,-1.0,STOP
swing_filtered,1599471300000,2020,0.5430174297744802,1599471600000,1599557400000,1927.965,1921.408357142857,1947.3915714285713,1921.408357142857,2.9628838800344286,-1.0,STOP
swing_filtered,1599565500000,2020,0.5937557241533082,1599565800000,1599578700000,1911.565,1902.5847142857144,1928.251142857143,1928.251142857143,1.8580859660844549,1.8580859660844549,TARGET
swing_filtered,1599648600000,2020,0.5692306539708215,1599648900000,1599657000000,1922.925,1916.183857142857,1939.9895714285713,1939.9895714285713,2.531406289734641,2.531406289734641,TARGET
swing_filtered,1599721200000,2020,0.5255101050267502,1599721500000,1599741300000,1942.825,1938.6255714285714,1958.0377142857144,1958.0377142857144,3.6225676962852025,3.6225676962852025,TARGET
swing_filtered,1600279800000,2020,0.6361443434416693,1600280100000,1600307400000,1962.735,1949.5312857142856,1976.799857142857,1949.5312857142856,1.0652197433622523,-1.0,STOP
swing_filtered,1600335000000,2020,0.5300695944782754,1600335300000,1600681200000,1938.455,1930.257285714286,1962.9458571428572,1930.257285714286,2.987522654398551,-1.0,STOP
swing_filtered,1600681500000,2020,0.5479201874145565,1600681800000,1600691100000,1929.958,1923.3935714285715,1947.300714285714,1923.3935714285715,2.6419229178907404,-1.0,STOP
swing_filtered,1600694700000,2020,0.5539230927481866,1600695000000,1600698000000,1915.595,1905.5115714285714,1935.4937142857143,1905.5115714285714,1.9734075711209251,-1.0,STOP
swing_filtered,1600699200000,2020,0.6293823272992143,1600699500000,1600710000000,1894.128,1875.7278571428571,1908.9635714285714,1908.9635714285714,0.8062747960031429,0.8062747960031429,TARGET
swing_filtered,1600756500000,2020,0.5724175504973718,1600756800000,1600833900000,1901.295,1891.3310714285712,1926.665714285714,1891.3310714285712,2.546256138212749,-1.0,STOP
swing_filtered,1600846500000,2020,0.5339422932803845,1600846800000,1600870500000,1877.695,1869.906857142857,1900.8625714285715,1869.906857142857,2.9747234807491174,-1.0,STOP
swing_filtered,1601029800000,2020,0.5274905732921792,1601030100000,1601031900000,1862.568,1853.6210714285714,1881.8907142857145,1853.6210714285714,2.1597036492970743,-1.0,STOP
swing_filtered,1601280000000,2020,0.5253604756862013,1601280300000,1601282700000,1856.918,1851.4106428571429,1872.4474285714284,1851.4106428571429,2.819760580003428,-1.0,STOP
swing_filtered,1601446500000,2020,0.5420299754637966,1601446800000,1601470200000,1885.795,1879.5217142857143,1899.8381428571429,1899.8381428571429,2.2385626124382108,2.2385626124382108,TARGET
swing_filtered,1601877600000,2020,0.5248480550109554,1601877900000,1601904600000,1892.148,1886.147714285714,1909.8991428571428,1909.8991428571428,2.9583829341459387,2.9583829341459387,TARGET
swing_filtered,1601972700000,2020,0.5283041636320542,1601973000000,1601991000000,1907.748,1903.9022857142857,1920.7808571428573,1920.7808571428573,3.388930163447174,3.388930163447174,TARGET
swing_filtered,1602006600000,2020,0.5498749934952962,1602006900000,1602010500000,1900.875,1892.9970714285714,1919.5017142857143,1892.9970714285714,2.364417767542233,-1.0,STOP
swing_filtered,1602011100000,2020,0.5429224719651538,1602011400000,1602015000000,1894.075,1883.5719285714285,1915.3372857142858,1883.5719285714285,2.024387424086824,-1.0,STOP
swing_filtered,1602167400000,2020,0.6066558252681999,1602167700000,1602205200000,1886.675,1878.631,1901.1009999999999,1901.1009999999999,1.7933863749378625,1.7933863749378625,TARGET
swing_filtered,1602500400000,2020,0.5472007522747445,1602500700000,1602555900000,1919.588,1913.5109285714284,1936.7462857142855,1913.5109285714284,2.823446443893223,-1.0,STOP
swing_filtered,1602754800000,2020,0.530277252305361,1602755100000,1602810000000,1892.438,1884.6546428571428,1910.0714285714287,1910.0714285714287,2.265529931080002,2.265529931080002,TARGET
swing_filtered,1602858900000,2020,0.5634838951496616,1602859200000,1602861600000,1904.665,1898.0847142857144,1919.901142857143,1898.0847142857144,2.3154226911554865,-1.0,STOP
swing_filtered,1603134000000,2020,0.5401213729087389,1603134300000,1603158900000,1902.645,1896.763857142857,1920.2695714285715,1896.763857142857,2.996793626117305,-1.0,STOP
swing_filtered,1603369800000,2020,0.6839564711463492,1603370100000,1603376400000,1905.505,1898.678,1916.528,1898.678,1.6146184268346147,-1.0,STOP
swing_filtered,1603462800000,2020,0.5374594243758319,1603463100000,1603464300000,1900.098,1896.0845000000002,1914.152,1896.0845000000002,3.501681823844726,-1.0,STOP
swing_filtered,1603464600000,2020,0.5470579589706672,1603464900000,1603764600000,1895.545,1890.5845000000002,1908.652,1908.652,2.6422739643181545,2.6422739643181545,TARGET
swing_filtered,1603788600000,2020,0.5563002476108987,1603788900000,1603812900000,1900.748,1897.189,1911.2340000000002,1911.2340000000002,2.9463332396741206,2.9463332396741206,TARGET
swing_filtered,1603874400000,2020,0.6002346105370799,1603874700000,1603879200000,1903.755,1899.0667857142855,1913.172857142857,1899.0667857142855,2.0088367486857464,-1.0,STOP
swing_filtered,1603881300000,2020,0.534488163580195,1603881600000,1603884000000,1897.728,1893.1195,1909.0970000000002,1893.1195,2.466963220136708,-1.0,STOP
swing_filtered,1603887300000,2020,0.5654127408609548,1603887600000,1603887900000,1888.538,1881.7894999999999,1900.2169999999999,1881.7894999999999,1.730606801511388,-1.0,STOP
swing_filtered,1603889100000,2020,0.5973142619240124,1603889400000,1603896600000,1879.598,1872.7925,1891.22,1872.7925,1.7077363896848397,-1.0,STOP
swing_filtered,1603897200000,2020,0.6038799901011588,1603897500000,1603974300000,1872.778,1863.9651428571428,1890.1794285714288,1863.9651428571428,1.9745501702058876,-1.0,STOP
swing_filtered,1603975500000,2020,0.62725256919597,1603975800000,1603976700000,1865.308,1860.0144285714287,1877.9322857142856,1860.0144285714287,2.3848333558224506,-1.0,STOP
swing_filtered,1604388900000,2020,0.5855446707445042,1604389200000,1604396100000,1888.705,1883.708142857143,1899.3424285714286,1899.3424285714286,2.1288238321231674,2.1288238321231674,TARGET
swing_filtered,1604451600000,2020,0.9130771796179112,1604451900000,1604452200000,1899.065,1874.7199285714287,1904.2952857142857,1904.2952857142857,0.2148396125939218,0.2148396125939218,TARGET
swing_filtered,1604456700000,2020,0.5425828658456208,1604457000000,1604457600000,1895.058,1883.1230714285714,1920.6827142857142,1883.1230714285714,2.1470354122653044,-1.0,STOP
swing_filtered,1604923800000,2020,0.7226813091574492,1604924100000,1604927400000,1909.605,1894.6782857142857,1926.5118571428573,1894.6782857142857,1.1326576511910624,-1.0,STOP
swing_filtered,1604928000000,2020,0.539844953808627,1604928300000,1604928900000,1892.458,1878.8446428571428,1923.2614285714285,1878.8446428571428,2.2627356535335292,-1.0,STOP
swing_filtered,1604929500000,2020,0.6631916803509628,1604929800000,1604933700000,1879.018,1859.5646428571429,1903.9814285714285,1859.5646428571429,1.283245271657109,-1.0,STOP
swing_filtered,1604934000000,2020,0.6055497465762699,1604934300000,1605204300000,1869.215,1846.4897857142855,1910.165857142857,1876.368,1.8020009240836847,0.3147605083088947,864BAR_TIMEOUT
swing_filtered,1605527400000,2020,0.8853174120184701,1605527700000,1605533700000,1873.218,1860.617642857143,1880.0194285714285,1880.0194285714285,0.5397806184631888,0.5397806184631888,TARGET
swing_filtered,1605591000000,2020,0.5964435763948522,1605591300000,1605645600000,1886.518,1880.7107142857144,1900.747142857143,1880.7107142857144,2.4502226267497043,-1.0,STOP
swing_filtered,1605696000000,2020,0.5888673262527013,1605696300000,1605700800000,1873.965,1867.3918571428571,1887.8225714285716,1867.3918571428571,2.108210901504012,-1.0,STOP
swing_filtered,1605764700000,2020,0.5388703229290205,1605765000000,1605792900000,1860.835,1852.9775714285715,1878.3547142857142,1852.9775714285715,2.2297007381549787,-1.0,STOP
swing_filtered,1606122000000,2020,0.5822995952624777,1606122300000,1606127400000,1870.345,1865.0694999999998,1879.347,1865.0694999999998,1.7063785423181923,-1.0,STOP
swing_filtered,1606127700000,2020,0.5477454527059331,1606128000000,1606142700000,1866.435,1861.232142857143,1875.9464285714287,1861.232142857143,1.8281164195497577,-1.0,STOP
swing_filtered,1606147800000,2020,0.5707782876942216,1606148100000,1606185600000,1833.228,1825.2164285714287,1853.9242857142858,1825.2164285714287,2.5832991565771026,-1.0,STOP
swing_filtered,1606213800000,2020,0.5752396178902573,1606214100000,1606216200000,1818.985,1810.9640000000002,1836.319,1810.9640000000002,2.161077172422471,-1.0,STOP
swing_filtered,1606217100000,2020,0.5536078467474748,1606217400000,1606230300000,1809.415,1801.5211428571429,1831.2054285714287,1801.5211428571429,2.760428542990067,-1.0,STOP
swing_filtered,1606231500000,2020,0.5867401260796066,1606231800000,1606482600000,1802.478,1793.7707857142857,1828.786857142857,1793.7707857142857,3.021501054134026,-1.0,STOP
swing_filtered,1606482900000,2020,0.5776939727828306,1606483200000,1606483800000,1796.988,1788.7506428571428,1806.4874285714286,1788.7506428571428,1.1532131491549629,-1.0,STOP
swing_filtered,1606484400000,2020,0.5701200694234929,1606484700000,1606485300000,1781.978,1777.2276428571429,1794.9644285714287,1777.2276428571429,2.7337794150815626,-1.0,STOP
swing_filtered,1607088600000,2020,0.7762636348707452,1607088900000,1607097000000,1839.344,1829.037857142857,1849.2185714285715,1829.037857142857,0.9581248353963603,-1.0,STOP
swing_filtered,1607329800000,2020,0.7047735406695813,1607330100000,1607347800000,1825.605,1818.399642857143,1835.4414285714286,1835.4414285714286,1.3651548946716252,1.3651548946716252,TARGET
swing_filtered,1607425200000,2020,0.5576037033315959,1607425500000,1607486700000,1861.468,1856.7824285714287,1877.660285714286,1856.7824285714287,3.4557760907345276,-1.0,STOP
swing_filtered,1607524500000,2020,0.5572506297238168,1607524800000,1607525700000,1852.978,1843.804285714286,1872.0228571428572,1843.804285714286,2.076024666749754,-1.0,STOP
swing_filtered,1607677800000,2020,0.6072333218439782,1607678100000,1607685900000,1833.795,1827.6625,1845.8899999999999,1827.6625,1.972278842233914,-1.0,STOP
swing_filtered,1607934000000,2020,0.6352130075953868,1607934300000,1607941500000,1829.675,1824.0560714285714,1839.5657142857142,1824.0560714285714,1.7602491578211328,-1.0,STOP
swing_filtered,1608124800000,2020,0.594320417732187,1608125100000,1608146100000,1852.348,1845.0612857142858,1865.8948571428573,1845.0612857142858,1.8591173760464739,-1.0,STOP
swing_filtered,1608279600000,2020,0.550120264136655,1608279900000,1608512400000,1879.105,1873.6957142857143,1891.5921428571432,1891.5921428571432,2.308464280998351,2.308464280998351,TARGET
swing_filtered,1608544800000,2020,0.5723157476210318,1608545100000,1608545100000,1880.625,1870.4315714285713,1903.6137142857144,1870.4315714285713,2.255248479412483,-1.0,STOP
swing_filtered,1608617100000,2020,0.5709899090823142,1608617400000,1608621000000,1874.438,1867.8317857142858,1893.3628571428571,1867.8317857142858,2.8647053099354456,-1.0,STOP
swing_filtered,1608670500000,2020,0.5504560196684871,1608670800000,1608834000000,1861.255,1852.7167142857143,1883.3581428571429,1883.3581428571429,2.5887096774193026,2.5887096774193026,TARGET
swing_filtered,1609152900000,2020,0.5509973088554807,1609153200000,1609156500000,1879.168,1871.1387142857143,1899.6701428571425,1871.1387142857143,2.5534205141891366,-1.0,STOP
swing_filtered,1609254000000,2020,0.5717053217919542,1609254300000,1609365300000,1876.465,1868.8707142857143,1894.457142857143,1894.457142857143,2.3691685477803355,2.3691685477803355,TARGET
swing_filtered,1609936800000,2021,0.6382609741648746,1609937100000,1609947300000,1929.918,1918.6705714285715,1950.2627142857143,1918.6705714285715,1.8088324950465304,-1.0,STOP
swing_filtered,1609947900000,2021,0.5736869189780098,1609948200000,1610092800000,1912.155,1898.3711428571428,1942.3904285714286,1898.3711428571428,2.193539025982774,-1.0,STOP
swing_filtered,1610126700000,2021,0.5388201264203994,1610127000000,1610130300000,1843.818,1830.812142857143,1885.1914285714286,1830.812142857143,3.1811381685175313,-1.0,STOP
swing_filtered,1610328600000,2021,0.5441303347018464,1610328900000,1610598900000,1823.178,1804.5419285714286,1866.2722857142855,1840.295,2.312412563960033,0.9184875721047815,864BAR_TIMEOUT
swing_filtered,1610723400000,2021,0.5688792562581503,1610723700000,1610725800000,1835.948,1826.4725714285714,1853.3947142857144,1826.4725714285714,1.8412585936557524,-1.0,STOP
swing_filtered,1610926500000,2021,0.8829394799829428,1610926800000,1610937000000,1820.538,1796.4590714285714,1828.9037142857146,1828.9037142857146,0.34742884264547924,0.34742884264547924,TARGET
swing_filtered,1611060300000,2021,0.58115452961619,1611060600000,1611117300000,1837.475,1832.1091428571428,1850.5034285714287,1850.5034285714287,2.4280237480366,2.4280237480366,TARGET
swing_filtered,1611148500000,2021,0.6662409144250976,1611148800000,1611150900000,1837.125,1828.1037142857142,1848.9451428571429,1848.9451428571429,1.3102503602590578,1.3102503602590578,TARGET
swing_filtered,1611233700000,2021,0.5321219440379873,1611234000000,1611237000000,1867.103,1861.5535,1883.376,1861.5535,2.932336246508636,-1.0,STOP
swing_filtered,1611237600000,2021,0.6027273808635651,1611237900000,1611311400000,1861.185,1853.1728571428573,1877.9635714285716,1853.1728571428573,2.0941428189356355,-1.0,STOP
swing_filtered,1611318900000,2021,0.54506309523092,1611319200000,1611322200000,1844.545,1837.5002857142858,1859.3238571428572,1837.5002857142858,2.097864660434374,-1.0,STOP
swing_filtered,1611326100000,2021,0.5576164148801509,1611326400000,1611571500000,1840.145,1832.6274285714285,1860.1152857142858,1860.1152857142858,2.6564810064040385,2.6564810064040385,TARGET
swing_filtered,1611591300000,2021,0.5664166586206231,1611591600000,1611747300000,1851.165,1841.7569285714287,1868.0972857142858,1841.7569285714287,1.7997616028790364,-1.0,STOP
swing_filtered,1611758700000,2021,0.5450592315524709,1611759000000,1611763200000,1834.895,1826.6100714285715,1849.6947142857143,1849.6947142857143,1.7863418082749432,1.7863418082749432,TARGET
swing_filtered,1612235400000,2021,0.5238954793675881,1612235700000,1612250700000,1856.235,1847.4076428571427,1879.8594285714285,1847.4076428571427,2.6762742448394867,-1.0,STOP
swing_filtered,1612265700000,2021,0.5330657698511794,1612266000000,1612271700000,1844.215,1837.2137857142857,1863.114857142857,1837.2137857142857,2.6995113092627006,-1.0,STOP
swing_filtered,1612272900000,2021,0.5582471220353488,1612273200000,1612403400000,1833.875,1825.1056428571428,1854.1524285714283,1825.1056428571428,2.312305023173187,-1.0,STOP
swing_filtered,1612417200000,2021,0.5467177937171394,1612417500000,1612429800000,1819.115,1812.9787857142858,1833.5748571428571,1812.9787857142858,2.3564785174665794,-1.0,STOP
swing_filtered,1612446300000,2021,0.529684117514398,1612446600000,1612447200000,1810.172,1802.6795714285715,1828.9217142857144,1802.6795714285715,2.502488226209357,-1.0,STOP
swing_filtered,1612449000000,2021,0.5343221458001495,1612449300000,1612545000000,1792.973,1784.5012857142856,1814.934857142857,1814.934857142857,2.592374624801827,2.592374624801827,TARGET
swing_filtered,1612881600000,2021,0.6069881770981744,1612881900000,1612963800000,1836.735,1827.268357142857,1850.6515714285713,1850.6515714285713,1.470064059517239,1.470064059517239,TARGET
swing_filtered,1613065500000,2021,0.5242875104454348,1613065800000,1613114400000,1825.387,1818.3904285714286,1840.8482857142858,1818.3904285714286,2.209837471414626,-1.0,STOP
swing_filtered,1613117100000,2021,0.5289314786086092,1613117400000,1613136600000,1816.615,1811.6515714285715,1830.6537142857142,1811.6515714285715,2.8284308081971155,-1.0,STOP
swing_filtered,1613136900000,2021,0.5819514593467913,1613137200000,1613145000000,1812.065,1806.4692857142857,1826.097857142857,1826.097857142857,2.5077865713555525,2.5077865713555525,TARGET
swing_filtered,1613479500000,2021,0.6166364694188896,1613479800000,1613481900000,1811.325,1803.8322857142857,1824.095857142857,1803.8322857142857,1.7044366908806416,-1.0,STOP
swing_filtered,1613483100000,2021,0.5377604873778028,1613483400000,1613484900000,1801.895,1792.940857142857,1816.3365714285712,1792.940857142857,1.6128368353036682,-1.0,STOP
swing_filtered,1613485800000,2021,0.5950342591077122,1613486100000,1613488800000,1794.58,1783.6767857142856,1812.2178571428572,1812.2178571428572,1.6176749975433276,1.6176749975433276,TARGET
swing_filtered,1613548800000,2021,0.5335943947522275,1613549100000,1613568000000,1784.995,1780.7901428571429,1800.3894285714287,1780.7901428571429,3.6611062037101574,-1.0,STOP
swing_filtered,1613568600000,2021,0.6512953786821628,1613568900000,1613578200000,1778.865,1769.7974285714286,1792.6852857142858,1769.7974285714286,1.5241441242733151,-1.0,STOP
swing_filtered,1613659200000,2021,0.5484514579890477,1613659500000,1613660700000,1778.965,1772.8742142857143,1796.133142857143,1772.8742142857143,2.8187074151822524,-1.0,STOP
swing_filtered,1613661300000,2021,0.5778516015422437,1613661600000,1613696700000,1771.235,1763.313357142857,1789.7865714285713,1763.313357142857,2.341884349386399,-1.0,STOP
swing_filtered,1614091200000,2021,0.532770280143385,1614091500000,1614174300000,1800.308,1793.2597142857144,1816.3861428571429,1793.2597142857144,2.2811423243747595,-1.0,STOP
swing_filtered,1614237000000,2021,0.5595347257431148,1614237300000,1614253200000,1793.015,1784.1845714285714,1814.4367142857143,1784.1845714285714,2.425897464934519,-1.0,STOP
swing_filtered,1614266100000,2021,0.5763892737119848,1614266400000,1614276000000,1778.505,1766.0152142857141,1800.6641428571427,1766.0152142857141,1.7741811880564666,-1.0,STOP
swing_filtered,1614317400000,2021,0.5966171703238309,1614317700000,1614350700000,1762.285,1750.5446428571427,1787.4964285714286,1750.5446428571427,2.1474158123687603,-1.0,STOP
swing_filtered,1614353100000,2021,0.5328272749132944,1614353400000,1614580500000,1728.175,1716.7340000000002,1755.789,1755.789,2.4136002097719174,2.4136002097719174,TARGET
swing_filtered,1614605400000,2021,0.5450777799466563,1614605700000,1614621600000,1731.985,1725.0199285714284,1753.6452857142856,1725.0199285714284,3.1098440175979833,-1.0,STOP
swing_filtered,1614648300000,2021,0.5241843846425478,1614648600000,1614786000000,1718.995,1706.6961428571428,1741.4454285714287,1706.6961428571428,1.8254077033871055,-1.0,STOP
swing_filtered,1614849600000,2021,0.5555466867354046,1614849900000,1614879300000,1708.727,1700.7154285714287,1728.083285714286,1700.7154285714287,2.4160410834329107,-1.0,STOP
swing_filtered,1614951000000,2021,0.5809228477796746,1614951300000,1614954000000,1689.818,1682.178357142857,1706.9765714285713,1706.9765714285713,2.245991304754308,2.245991304754308,TARGET
swing_filtered,1615192800000,2021,0.5440543499976374,1615193100000,1615204200000,1695.408,1688.1966428571427,1716.8034285714284,1688.1966428571427,2.966907358432601,-1.0,STOP
swing_filtered,1615209000000,2021,0.5408357999715605,1615209300000,1615223700000,1689.385,1678.081,1711.1509999999998,1678.081,1.9255130927105166,-1.0,STOP
swing_filtered,1615356300000,2021,0.5577670239311205,1615356600000,1615403400000,1710.574,1706.3142142857143,1724.433142857143,1724.433142857143,3.2534835756325644,3.2534835756325644,TARGET
swing_filtered,1615473000000,2021,0.57081016274257,1615473300000,1615518000000,1725.748,1716.8892142857144,1742.518142857143,1716.8892142857144,1.8930520951759116,-1.0,STOP
swing_filtered,1615529400000,2021,0.5414376874051186,1615529700000,1615533600000,1714.058,1708.0049285714285,1727.9702857142859,1708.0049285714285,2.2983845273356067,-1.0,STOP
swing_filtered,1615536300000,2021,0.5419619975364856,1615536600000,1615540500000,1708.305,1702.2821428571428,1722.4964285714286,1702.2821428571428,2.356261859582511,-1.0,STOP
swing_filtered,1615542600000,2021,0.5243408717765357,1615542900000,1615567200000,1699.928,1694.9592142857143,1715.5531428571428,1715.5531428571428,3.144660236044945,3.144660236044945,TARGET
swing_filtered,1615878600000,2021,0.6605014553724179,1615878900000,1615904700000,1729.118,1723.088,1738.218,1738.218,1.5091210613598969,1.5091210613598969,TARGET
swing_filtered,1615979700000,2021,0.5365751543803888,1615980000000,1615989600000,1729.494,1725.7087142857142,1739.2851428571428,1725.7087142857142,2.586632448956501,-1.0,STOP
swing_filtered,1616067000000,2021,0.5254464241665889,1616067300000,1616072700000,1731.968,1725.438,1752.268,1725.438,3.108728943338444,-1.0,STOP
swing_filtered,1616393700000,2021,0.5899575562039054,1616394000000,1616508900000,1733.125,1725.6190714285715,1747.3637142857144,1725.6190714285715,1.8969957081545397,-1.0,STOP
swing_filtered,1616547600000,2021,0.5495024342410778,1616547900000,1616678700000,1725.228,1719.7213571428572,1739.2345714285714,1739.2345714285714,2.5435772378814874,2.5435772378814874,TARGET
swing_filtered,1616691600000,2021,0.6758880854112985,1616691900000,1617024900000,1727.305,1716.4990714285714,1741.9487142857142,1716.4990714285714,1.3551555693633524,-1.0,STOP
swing_filtered,1617084000000,2021,0.5611727577725409,1617084300000,1617089400000,1704.748,1700.3985,1715.8809999999996,1700.3985,2.5596045522472686,-1.0,STOP
swing_filtered,1617089700000,2021,0.5531829254227391,1617090000000,1617098400000,1699.018,1694.9652857142858,1711.378857142857,1694.9652857142858,3.0500193873594053,-1.0,STOP
swing_filtered,1617103500000,2021,0.5411026329915326,1617103800000,1617107100000,1689.395,1684.143,1704.853,1684.143,2.9432597105864855,-1.0,STOP
swing_filtered,1617107700000,2021,0.5265632605032958,1617108000000,1617200100000,1681.728,1675.5586428571428,1698.2054285714285,1698.2054285714285,2.670850169617028,2.670850169617028,TARGET
swing_filtered,1617602400000,2021,0.5641954944376323,1617602700000,1617636000000,1722.408,1718.7193571428572,1732.5125714285716,1732.5125714285716,2.7393737534132048,2.7393737534132048,TARGET
swing_filtered,1617797700000,2021,0.6509053502076763,1617798000000,1617808200000,1732.745,1727.508,1742.558,1742.558,1.8737827000191671,1.8737827000191671,TARGET
swing_filtered,1617942600000,2021,0.5262351369476582,1617942900000,1617948900000,1752.105,1748.4485714285713,1764.1457142857143,1748.4485714285713,3.29302598163693,-1.0,STOP
swing_filtered,1617949800000,2021,0.5349557872638829,1617950100000,1617952200000,1748.048,1745.1145,1757.282,1745.1145,3.1477756945626814,-1.0,STOP
swing_filtered,1617953700000,2021,0.5584982319126695,1617954000000,1617970800000,1744.695,1741.5357857142856,1753.6318571428571,1741.5357857142856,2.828822718126061,-1.0,STOP
swing_filtered,1617971400000,2021,0.5337415463742604,1617971700000,1617973200000,1739.445,1734.7140714285715,1749.7837142857143,1734.7140714285715,2.1853456736068915,-1.0,STOP
swing_filtered,1617974100000,2021,0.5786998390231682,1617974400000,1617979500000,1735.045,1727.6157142857141,1745.3771428571426,1745.3771428571426,1.3907316604171898,1.3907316604171898,TARGET
swing_filtered,1618205400000,2021,0.5310963928141668,1618205700000,1618235400000,1735.968,1732.6119285714285,1747.0272857142857,1732.6119285714285,3.295307012876273,-1.0,STOP
swing_filtered,1618253100000,2021,0.5515872233838782,1618253400000,1618320600000,1730.059,1723.2507142857141,1743.587142857143,1743.587142857143,1.9870116244911444,1.9870116244911444,TARGET
swing_filtered,1618405800000,2021,0.5551903857511614,1618406100000,1618406100000,1740.198,1736.0503571428571,1752.7935714285713,1736.0503571428571,3.0368023145675394,-1.0,STOP
swing_filtered,1618410000000,2021,0.5818272960484926,1618410300000,1618478400000,1734.048,1728.5235,1748.431,1748.431,2.6034935288261503,2.6034935288261503,TARGET
swing_filtered,1618886100000,2021,0.5275720448868878,1618886400000,1618974300000,1766.618,1761.1730714285716,1782.9327142857144,1782.9327142857144,2.9963137388659296,2.9963137388659296,TARGET
swing_filtered,1619071800000,2021,0.5252618680135669,1619072100000,1619088900000,1788.688,1785.1174999999998,1800.1200000000001,1785.1174999999998,3.201792466040937,-1.0,STOP
swing_filtered,1619096400000,2021,0.5832847493910354,1619096700000,1619186400000,1782.668,1777.0684999999999,1795.9160000000002,1777.0684999999999,2.3659255290651298,-1.0,STOP
swing_filtered,1619188200000,2021,0.5903193704527461,1619188500000,1619601900000,1773.708,1765.4313571428572,1787.5995714285714,1765.4313571428572,1.6784065312885492,-1.0,STOP
swing_filtered,1619613000000,2021,0.6249899420922588,1619613300000,1619624100000,1765.778,1759.268142857143,1775.4174285714284,1775.4174285714284,1.4807434878974677,1.4807434878974677,TARGET
swing_filtered,1619688600000,2021,0.5748897282007854,1619688900000,1619702100000,1776.458,1770.414857142857,1790.6655714285712,1770.414857142857,2.3510235922650162,-1.0,STOP
swing_filtered,1619702400000,2021,0.575464755688426,1619702700000,1619704200000,1767.585,1760.6362857142858,1780.0448571428572,1760.6362857142858,1.7931169178265354,-1.0,STOP
swing_filtered,1619704800000,2021,0.5366704423131554,1619705100000,1620023400000,1760.698,1750.6075,1777.71,1777.71,1.6859422228829006,1.6859422228829006,TARGET
swing_filtered,1620105900000,2021,0.5410673249184005,1620106200000,1620129000000,1784.418,1781.1632142857143,1794.2871428571427,1781.1632142857143,3.0321943511752756,-1.0,STOP
swing_filtered,1620141000000,2021,0.7008432339586007,1620141300000,1620144000000,1777.468,1772.1104285714284,1793.148285714286,1772.1104285714284,2.926752526464466,-1.0,STOP
swing_filtered,1620198300000,2021,0.5597810101029024,1620198600000,1620217800000,1776.965,1772.3248571428571,1787.2255714285716,1772.3248571428571,2.211261968535534,-1.0,STOP
swing_filtered,1620737400000,2021,0.5373628399065029,1620737700000,1620737700000,1831.598,1827.7605714285714,1844.1327142857144,1827.7605714285714,3.2664358573450425,-1.0,STOP
swing_filtered,1620822600000,2021,0.8378049572054438,1620822900000,1620823200000,1827.248,1817.9315714285715,1834.0087142857142,1834.0087142857142,0.7256766081422827,0.7256766081422827,TARGET
swing_filtered,1620836100000,2021,0.5244853238827926,1620836400000,1620895800000,1822.778,1812.9068571428572,1843.3725714285713,1812.9068571428572,2.086341138672609,-1.0,STOP
swing_filtered,1620901200000,2021,0.5362652559637768,1620901500000,1620924300000,1810.545,1804.0593571428572,1827.0425714285716,1827.0425714285716,2.5437064284848843,2.5437064284848843,TARGET
swing_filtered,1621346100000,2021,0.5363922671614634,1621346400000,1621416300000,1863.885,1859.456857142857,1879.7375714285713,1859.456857142857,3.57995935090476,-1.0,STOP
swing_filtered,1621613700000,2021,0.527705964319739,1621614000000,1621951200000,1873.035,1865.2775,1888.88,1888.88,2.0425394779245494,2.0425394779245494,TARGET
swing_filtered,1622051400000,2021,0.5398427283872941,1622051700000,1622203800000,1892.768,1885.806857142857,1909.7125714285714,1885.806857142857,2.4341651617139752,-1.0,STOP
swing_filtered,1622555400000,2021,0.5343104352183421,1622555700000,1622556300000,1904.605,1898.1603571428573,1918.2985714285714,1898.1603571428573,2.124799113327826,-1.0,STOP
swing_filtered,1622632500000,2021,0.5432192980697029,1622632800000,1622636700000,1895.995,1891.2519285714286,1906.1322857142857,1906.1322857142857,2.1372829540834792,2.1372829540834792,TARGET
swing_filtered,1622700300000,2021,0.5273174680025234,1622700600000,1622702100000,1899.318,1896.7902857142856,1908.3788571428572,1896.7902857142856,3.5846049508306486,-1.0,STOP
swing_filtered,1622702400000,2021,0.6183254742501725,1622702700000,1622706300000,1896.635,1893.0672857142856,1904.6558571428573,1893.0672857142856,2.248178105229418,-1.0,STOP
swing_filtered,1622706600000,2021,0.6430554773164296,1622706900000,1622723100000,1893.138,1888.1074285714285,1900.2102857142859,1888.1074285714285,1.4058613051627693,-1.0,STOP
swing_filtered,1622724000000,2021,0.5837864510826328,1622724300000,1622725200000,1886.518,1880.7904285714285,1898.3282857142858,1880.7904285714285,2.0620058364302727,-1.0,STOP
swing_filtered,1622725800000,2021,0.5250613253162514,1622726100000,1622727300000,1878.648,1872.0372142857143,1893.491142857143,1872.0372142857143,2.2452917850699086,-1.0,STOP
swing_filtered,1622771400000,2021,0.5448665597800298,1622771700000,1622771700000,1864.858,1858.4398571428574,1883.4805714285715,1858.4398571428574,2.9015514056136884,-1.0,STOP
swing_filtered,1623042600000,2021,0.5413196372145298,1623042900000,1623050100000,1884.815,1881.7081428571428,1895.3424285714284,1881.7081428571428,3.388449512598638,-1.0,STOP
swing_filtered,1623050400000,2021,0.5442326942220492,1623050700000,1623075900000,1882.165,1878.8034285714284,1891.8612857142857,1891.8612857142857,2.884450299604682,2.884450299604682,TARGET
swing_filtered,1623137100000,2021,0.5493128517575289,1623137400000,1623139500000,1894.345,1890.6247857142857,1903.840857142857,1890.6247857142857,2.552502736017454,-1.0,STOP
swing_filtered,1623139800000,2021,0.5423911758700494,1623140100000,1623155400000,1890.635,1886.9262142857142,1901.1851428571429,1901.1851428571429,2.8446353253856094,2.8446353253856094,TARGET
swing_filtered,1623160500000,2021,0.5646871365888804,1623160800000,1623310500000,1887.798,1878.5169285714285,1904.0222857142858,1878.5169285714285,1.7481048216415784,-1.0,STOP
swing_filtered,1623326400000,2021,0.5666349223018711,1623326700000,1623328500000,1874.384,1868.640857142857,1887.3765714285714,1887.3765714285714,2.2622755086810673,2.2622755086810673,TARGET
swing_filtered,1623402900000,2021,0.5854023507320744,1623403200000,1623403500000,1893.268,1889.7486428571428,1903.2454285714286,1889.7486428571428,2.8350145115787955,-1.0,STOP
swing_filtered,1623408300000,2021,0.5247341319251168,1623408600000,1623409800000,1890.948,1887.622214285714,1902.8011428571428,1887.622214285714,3.5640128004120424,-1.0,STOP
swing_filtered,1623413700000,2021,0.6256868579538367,1623414000000,1623416100000,1888.648,1883.6040714285714,1899.8237142857142,1883.6040714285714,2.2156765559725553,-1.0,STOP
swing_filtered,1623417000000,2021,0.6338251299779608,1623417300000,1623424800000,1885.123,1877.7055,1896.118,1877.7055,1.4823053589484143,-1.0,STOP
swing_filtered,1623643200000,2021,0.5454651503172555,1623643500000,1623659400000,1860.858,1855.7494285714286,1877.4722857142858,1855.7494285714286,3.2522371364653764,-1.0,STOP
swing_filtered,1623659700000,2021,0.6074670522262449,1623660000000,1623672300000,1856.148,1850.806857142857,1870.8525714285713,1850.806857142857,2.7530758532149524,-1.0,STOP
swing_filtered,1623673200000,2021,0.6541683636354657,1623673500000,1623678600000,1851.538,1842.6699285714285,1865.1602857142855,1865.1602857142855,1.5361046450749847,1.5361046450749847,TARGET
swing_filtered,1623766800000,2021,0.5527468464339979,1623767100000,1623774300000,1859.798,1853.6015714285716,1872.9387142857142,1853.6015714285716,2.120691642651334,-1.0,STOP
swing_filtered,1623866400000,2021,0.602921462878021,1623866700000,1623867000000,1845.838,1840.3082857142856,1860.1568571428572,1840.3082857142856,2.5894388756846,-1.0,STOP
swing_filtered,1623867300000,2021,0.5903261552864267,1623867600000,1623873000000,1835.238,1829.8282857142856,1849.6768571428572,1829.8282857142856,2.6690609485580605,-1.0,STOP
swing_filtered,1623876000000,2021,0.6955693781731257,1623876300000,1623926700000,1810.258,1796.5311428571429,1830.215428571429,1796.5311428571429,1.4538964282741005,-1.0,STOP
swing_filtered,1623932400000,2021,0.5518563016729493,1623932700000,1623943500000,1777.098,1769.1851428571429,1802.5994285714285,1769.1851428571429,3.2227838960101223,-1.0,STOP
swing_filtered,1623943800000,2021,0.6466124401887465,1623944100000,1624386900000,1771.658,1759.2736428571427,1798.5454285714286,1778.728,2.1710798761109933,0.5708814691344603,864BAR_TIMEOUT
swing_filtered,1624473000000,2021,0.5412430290323935,1624473300000,1624844100000,1779.408,1772.5144285714284,1795.8172857142856,1772.5144285714284,2.3803750906641636,-1.0,STOP
swing_filtered,1624844400000,2021,0.5338798111199887,1624844700000,1624857600000,1771.908,1767.3829285714287,1783.0582857142856,1783.0582857142856,2.464112642263064,2.464112642263064,TARGET
swing_filtered,1624949100000,2021,0.5459324977206588,1624949400000,1624953600000,1775.018,1771.2960714285716,1783.4057142857143,1771.2960714285716,2.2535935670832234,-1.0,STOP
swing_filtered,1624970400000,2021,0.6141056919740555,1624970700000,1624971000000,1757.658,1752.4860714285714,1770.795714285714,1752.4860714285714,2.540196389851829,-1.0,STOP
swing_filtered,1625032800000,2021,0.5671141163131137,1625033100000,1625070900000,1757.478,1752.3310000000001,1769.551,1769.551,2.3456382358655565,2.3456382358655565,TARGET
swing_filtered,1626071100000,2021,0.5250586548936526,1626071400000,1626097800000,1800.138,1796.326,1811.286,1796.326,2.9244491080798625,-1.0,STOP
swing_filtered,1626179400000,2021,0.8640214613855071,1626179700000,1626180000000,1810.118,1800.2832142857144,1815.007142857143,1815.007142857143,0.4971275429053126,0.4971275429053126,TARGET
swing_filtered,1626180900000,2021,0.5927239734192686,1626181200000,1626251400000,1800.278,1794.335142857143,1815.1994285714286,1815.1994285714286,2.5108173076923417,2.5108173076923417,TARGET
swing_filtered,1626345000000,2021,0.6074520250788973,1626345300000,1626358200000,1825.198,1820.5290714285713,1834.5737142857142,1820.5290714285713,2.008108314847287,-1.0,STOP
swing_filtered,1626418200000,2021,0.5367084645979473,1626418500000,1626432300000,1824.088,1820.719285714286,1834.4128571428573,1820.719285714286,3.064925151605358,-1.0,STOP
swing_filtered,1626695700000,2021,0.5393790905882082,1626696000000,1626697800000,1800.448,1795.3962142857142,1814.2051428571428,1795.3962142857142,2.7232237539765656,-1.0,STOP
swing_filtered,1626792000000,2021,0.6153161777487703,1626792300000,1626792600000,1812.088,1807.0272857142859,1826.580857142857,1807.0272857142859,2.8637967537051003,-1.0,STOP
swing_filtered,1626860400000,2021,0.5928163125432844,1626860700000,1626868800000,1803.978,1799.479857142857,1814.4555714285714,1799.479857142857,2.32931050909891,-1.0,STOP
swing_filtered,1626871500000,2021,0.6215811087405052,1626871800000,1627026600000,1796.718,1790.960357142857,1809.1985714285713,1809.1985714285713,2.1676529333679517,2.1676529333679517,TARGET
swing_filtered,1627034100000,2021,0.6090712883753985,1627034400000,1627034700000,1802.375,1797.655142857143,1812.4194285714286,1797.655142857143,2.128121311177726,-1.0,STOP
swing_filtered,1627038600000,2021,0.537398420371774,1627038900000,1627039800000,1797.368,1792.8515714285713,1809.1337142857142,1792.8515714285713,2.6050925193736854,-1.0,STOP
swing_filtered,1627308300000,2021,0.6654159744096985,1627308600000,1627495200000,1800.455,1793.4718571428573,1812.3025714285714,1793.4718571428573,1.6965958839655209,-1.0,STOP
swing_filtered,1627622100000,2021,0.5568942273038451,1627622400000,1627649100000,1827.138,1824.0392142857143,1836.868142857143,1824.0392142857143,3.1399857086878806,-1.0,STOP
swing_filtered,1627650300000,2021,0.597056591785194,1627650600000,1627662000000,1823.958,1818.7016428571428,1833.3834285714286,1818.7016428571428,1.793148432510234,-1.0,STOP
swing_filtered,1627668300000,2021,0.5317409418129667,1627668600000,1627868100000,1813.985,1808.9727857142857,1827.8838571428573,1808.9727857142857,2.7729973920851485,-1.0,STOP
swing_filtered,1627906500000,2021,0.6417467368553896,1627906800000,1628078400000,1808.708,1802.1319999999998,1819.6619999999998,1819.6619999999998,1.6657542579074374,1.6657542579074374,TARGET
swing_filtered,1628143200000,2021,0.5715437856338008,1628143500000,1628170800000,1809.215,1806.2305,1816.8679999999997,1806.2305,2.5642486178588464,-1.0,STOP
swing_filtered,1628171100000,2021,0.5444872018230008,1628171400000,1628247300000,1799.028,1794.837142857143,1809.1914285714286,1794.837142857143,2.425143168802846,-1.0,STOP
swing_filtered,1628247600000,2021,0.5455254267999946,1628247900000,1628253000000,1795.618,1792.4675,1803.005,1792.4675,2.3447071893351064,-1.0,STOP
swing_filtered,1628253600000,2021,0.6522063748338984,1628253900000,1628253900000,1779.898,1776.8707857142858,1788.5568571428573,1776.8707857142858,2.860338359170666,-1.0,STOP
swing_filtered,1628254200000,2021,0.5363502284346361,1628254500000,1628254800000,1777.637,1773.0807857142856,1784.7668571428571,1773.0807857142856,1.5648643140451857,-1.0,STOP
swing_filtered,1628256600000,2021,0.6686287231222581,1628256900000,1628257500000,1773.258,1764.5524285714284,1785.0802857142858,1764.5524285714284,1.3580137514563488,-1.0,STOP
swing_filtered,1628260800000,2021,0.562857125461804,1628261100000,1628460900000,1765.278,1757.5074285714286,1782.495285714286,1757.5074285714286,2.215703937934359,-1.0,STOP
swing_filtered,1628521200000,2021,0.5462655353007836,1628521500000,1628604600000,1727.648,1718.4767857142858,1758.2328571428573,1718.4767857142858,3.334875425438384,-1.0,STOP
swing_filtered,1628769600000,2021,0.5635529608926114,1628769900000,1628771100000,1750.188,1745.7372142857141,1760.616142857143,1745.7372142857141,2.342989199338646,-1.0,STOP
swing_filtered,1628771400000,2021,0.6622432385492353,1628771700000,1628818200000,1746.748,1740.872214285714,1755.751142857143,1755.751142857143,1.5322449277299697,1.5322449277299697,TARGET
swing_filtered,1629113700000,2021,0.5814286496072975,1629114000000,1629120900000,1772.998,1768.1659285714286,1783.0762857142856,1783.0762857142856,2.085707105796057,2.085707105796057,TARGET
swing_filtered,1629209400000,2021,0.531412582348732,1629209700000,1629299700000,1782.248,1778.5224285714285,1796.5002857142856,1778.5224285714285,3.825530120019739,-1.0,STOP
swing_filtered,1629468000000,2021,0.5646271269230557,1629468300000,1629721500000,1780.788,1775.5354285714286,1793.4482857142855,1793.4482857142855,2.410302436901619,2.410302436901619,TARGET
swing_filtered,1629895200000,2021,0.5801828046254548,1629895500000,1629898800000,1793.889,1786.8905,1804.208,1786.8905,1.4744588126027438,-1.0,STOP
swing_filtered,1629901500000,2021,0.527781334674191,1629901800000,1630044900000,1786.598,1779.9082857142857,1803.2568571428571,1803.2568571428571,2.4902195267788825,2.4902195267788825,TARGET
swing_filtered,1630069800000,2021,0.5626856762708058,1630070100000,1630072800000,1791.685,1787.2045714285714,1803.8267142857144,1787.2045714285714,2.7099448394605608,-1.0,STOP
swing_filtered,1630309500000,2021,0.5503112139216857,1630309800000,1630337400000,1813.928,1809.4862142857144,1825.9451428571429,1809.4862142857144,2.705475597008882,-1.0,STOP
swing_filtered,1630337700000,2021,0.5944809332211588,1630338000000,1630415100000,1810.348,1805.7349285714286,1822.1502857142857,1805.7349285714286,2.558444172615106,-1.0,STOP
swing_filtered,1630586400000,2021,0.5553124239332897,1630586700000,1630591200000,1811.285,1807.209357142857,1818.1525714285713,1807.209357142857,1.6850277782644565,-1.0,STOP
swing_filtered,1630591500000,2021,0.5589844051795937,1630591800000,1630671600000,1807.865,1803.210142857143,1817.1844285714285,1817.1844285714285,2.0020869138227555,2.0020869138227555,TARGET
swing_filtered,1630915200000,2021,0.6160108823335555,1630915500000,1630931100000,1825.707,1822.4964285714286,1833.0992857142855,1822.4964285714286,2.3024828690930477,-1.0,STOP
swing_filtered,1630933200000,2021,0.6755943100607533,1630933500000,1630992300000,1823.898,1819.5247857142858,1829.835857142857,1819.5247857142858,1.3577786851776952,-1.0,STOP
swing_filtered,1631004600000,2021,0.5237998949545911,1631004900000,1631007000000,1814.318,1810.5057142857142,1823.1171428571429,1810.5057142857142,2.308101626320915,-1.0,STOP
swing_filtered,1631008200000,2021,0.5691629633300876,1631008500000,1631023200000,1811.198,1807.3312857142857,1820.674857142857,1807.3312857142857,2.450881146783813,-1.0,STOP
swing_filtered,1631024400000,2021,0.5282671547385357,1631024700000,1631027700000,1798.567,1792.6024285714286,1810.4802857142859,1792.6024285714286,1.9973414447212465,-1.0,STOP
swing_filtered,1631108100000,2021,0.5913057302150285,1631108400000,1631108700000,1794.618,1790.4274285714287,1805.2102857142859,1790.4274285714287,2.5276470989297155,-1.0,STOP
swing_filtered,1631109000000,2021,0.5957872739416763,1631109300000,1631113800000,1786.897,1779.2974285714286,1794.0802857142858,1794.0802857142858,0.9452224749516163,0.9452224749516163,TARGET
swing_filtered,1631166300000,2021,0.5444189646607349,1631166600000,1631186700000,1787.738,1783.533357142857,1798.4565714285716,1798.4565714285716,2.5492227979274142,2.5492227979274142,TARGET
swing_filtered,1631198100000,2021,0.5925766821457721,1631198400000,1631251800000,1786.628,1780.6222857142857,1799.880857142857,1799.880857142857,2.206707897240715,2.206707897240715,TARGET
swing_filtered,1631279100000,2021,0.5497079573628254,1631279400000,1631303400000,1793.858,1787.4312142857143,1808.4101428571428,1787.4312142857143,2.264295637677153,-1.0,STOP
swing_filtered,1631494800000,2021,0.5744933139788813,1631495100000,1631624100000,1786.005,1779.7607142857144,1798.7971428571427,1798.7971428571427,2.0486158773735466,2.0486158773735466,TARGET
swing_filtered,1631687100000,2021,0.5465271318089872,1631687400000,1631710200000,1801.607,1798.5157857142856,1809.806857142857,1798.5157857142856,2.6526330383343586,-1.0,STOP
swing_filtered,1631711400000,2021,0.5698285623552729,1631711700000,1631719800000,1796.378,1791.3546428571428,1806.4714285714285,1791.3546428571428,2.0092994155872117,-1.0,STOP
swing_filtered,1631771100000,2021,0.586480351545464,1631771400000,1631776500000,1787.528,1783.0872857142858,1796.6208571428574,1783.0872857142858,2.0476113881294196,-1.0,STOP
swing_filtered,1631782200000,2021,0.5295095726998095,1631782500000,1631785500000,1784.478,1781.1500714285714,1795.1197142857143,1781.1500714285714,3.1976991264406527,-1.0,STOP
swing_filtered,1631785800000,2021,0.6037282459264142,1631786100000,1631791800000,1779.158,1774.803857142857,1789.0745714285715,1774.803857142857,2.2775025427343305,-1.0,STOP
swing_filtered,1631792400000,2021,0.5620528662948115,1631792700000,1631793900000,1773.608,1769.0217857142857,1785.7028571428573,1769.0217857142857,2.6372202407837624,-1.0,STOP
swing_filtered,1631794500000,2021,0.5500434413850502,1631794800000,1631795700000,1768.838,1763.4002857142857,1782.6838571428573,1763.4002857142857,2.5462641866330804,-1.0,STOP
swing_filtered,1631796300000,2021,0.5954217179814191,1631796600000,1631798700000,1763.298,1757.2152857142855,1776.498857142857,1757.2152857142855,2.170224758683785,-1.0,STOP
swing_filtered,1631799300000,2021,0.5450593600529493,1631799600000,1631800200000,1753.308,1746.9449285714286,1769.8602857142857,1746.9449285714286,2.601304401513211,-1.0,STOP
swing_filtered,1631883600000,2021,0.5895199951795747,1631883900000,1631888100000,1752.867,1747.5612857142858,1766.6398571428572,1747.5612857142858,2.5958535271944547,-1.0,STOP
swing_filtered,1632104400000,2021,0.5332536008224507,1632104700000,1632140100000,1744.154,1737.4312142857143,1760.165142857143,1760.165142857143,2.381623264165624,2.381623264165624,TARGET
swing_filtered,1632207600000,2021,0.5614560622642276,1632207900000,1632226200000,1761.068,1757.3147142857142,1770.0811428571428,1770.0811428571428,2.4014006775015795,2.4014006775015795,TARGET
swing_filtered,1632312300000,2021,0.565912676029625,1632312600000,1632333600000,1773.537,1768.7842857142857,1783.002857142857,1768.7842857142857,1.9916739306861753,-1.0,STOP_BOTH
swing_filtered,1632336600000,2021,0.5926615083092825,1632336900000,1632358800000,1770.114,1763.7642142857144,1781.2331428571429,1763.7642142857144,1.7511052116494523,-1.0,STOP
swing_filtered,1632402600000,2021,0.5527705310600439,1632402900000,1632405600000,1758.534,1749.6082142857142,1771.4371428571428,1749.6082142857142,1.4456030281447358,-1.0,STOP
swing_filtered,1632428400000,2021,0.583144707929223,1632428700000,1632826800000,1741.264,1731.9271428571428,1761.1314285714286,1731.9271428571428,2.127849689403013,-1.0,STOP
swing_filtered,1632832200000,2021,0.5379674409140579,1632832500000,1632924900000,1735.328,1727.600857142857,1750.7215714285712,1727.600857142857,1.9921427250877546,-1.0,STOP
swing_filtered,1632925200000,2021,0.5320989118135858,1632925500000,1632936900000,1727.558,1721.8272857142858,1741.4308571428571,1721.8272857142858,2.420790228094281,-1.0,STOP
swing_filtered,1633343100000,2021,0.5259049083550769,1633343400000,1633358100000,1750.418,1745.0952857142856,1762.608857142857,1762.608857142857,2.2903459566816147,2.2903459566816147,TARGET
swing_filtered,1633413600000,2021,0.5260701598697994,1633413900000,1633439100000,1756.918,1752.7117142857144,1770.043142857143,1752.7117142857144,3.1203640809674775,-1.0,STOP
swing_filtered,1633439700000,2021,0.5787181578926218,1633440000000,1633504200000,1753.725,1747.651357142857,1766.1845714285714,1747.651357142857,2.0514165422022588,-1.0,STOP
swing_filtered,1633506600000,2021,0.6134221778980267,1633506900000,1633521900000,1748.658,1744.5764285714286,1757.5842857142861,1757.5842857142861,2.186972804592235,2.186972804592235,TARGET
swing_filtered,1633586400000,2021,0.5699852664113668,1633586700000,1633591200000,1757.728,1753.2749285714287,1766.5402857142858,1766.5402857142858,1.978923054713493,1.978923054713493,TARGET
swing_filtered,1633610400000,2021,0.5491075560125992,1633610700000,1633696200000,1755.075,1750.6946428571428,1767.0964285714283,1767.0964285714283,2.744394618833916,2.744394618833916,TARGET
swing_filtered,1633956900000,2021,0.5413874734716679,1633957200000,1634037900000,1750.815,1746.4203571428573,1764.6585714285713,1764.6585714285713,3.150101584721669,3.150101584721669,TARGET
swing_filtered,1634128800000,2021,0.6264642599299268,1634129100000,1634131500000,1760.128,1755.4412857142859,1768.8398571428572,1768.8398571428572,1.8588411009846684,1.8588411009846684,TARGET
swing_filtered,1634278800000,2021,0.5514724304637756,1634279100000,1634283000000,1791.944,1788.9367142857143,1800.723142857143,1788.9367142857143,2.919291245071629,-1.0,STOP
swing_filtered,1634289300000,2021,0.5713604548442636,1634289600000,1634298000000,1783.348,1779.3494285714285,1792.3222857142857,1779.3494285714285,2.2443729903536744,-1.0,STOP
swing_filtered,1634298300000,2021,0.541659687636437,1634298600000,1634300100000,1778.224,1774.510142857143,1789.4994285714286,1774.510142857143,3.0360426203024535,-1.0,STOP
swing_filtered,1634301000000,2021,0.6194958480797288,1634301300000,1634302200000,1772.334,1766.983,1782.838,1766.983,1.9629975705475022,-1.0,STOP
swing_filtered,1634545500000,2021,0.5968986957217979,1634545800000,1634608200000,1761.978,1758.1780714285715,1772.6277142857143,1772.6277142857143,2.802609071599054,2.802609071599054,TARGET
swing_filtered,1634658000000,2021,0.5575404656210482,1634658300000,1634733600000,1770.708,1764.7694285714285,1787.7422857142858,1787.7422857142858,2.868414722155342,2.868414722155342,TARGET
swing_filtered,1634817600000,2021,0.5629872375550944,1634817900000,1634884500000,1778.294,1772.776142857143,1790.7654285714284,1790.7654285714284,2.2601941747572467,2.2601941747572467,TARGET
swing_filtered,1634917200000,2021,0.7068087351863874,1634917500000,1635137700000,1787.774,1778.4672857142857,1800.0708571428572,1800.0708571428572,1.3212887776874196,1.3212887776874196,TARGET
swing_filtered,1635235200000,2021,0.5742492579172904,1635235500000,1635251100000,1801.818,1797.325142857143,1809.859428571429,1797.325142857143,1.7898251192370114,-1.0,STOP
swing_filtered,1635258300000,2021,0.5237691604738972,1635258600000,1635359700000,1785.498,1778.1814285714286,1798.714285714286,1798.714285714286,1.806349578256816,1.806349578256816,TARGET
swing_filtered,1635431700000,2021,0.552043305086296,1635432000000,1635509100000,1794.108,1787.4432857142858,1811.2168571428574,1787.4432857142858,2.5670803592481746,-1.0,STOP
swing_filtered,1635510600000,2021,0.779112281910124,1635510900000,1635511800000,1789.888,1778.6149285714287,1797.0852857142854,1778.6149285714287,0.6384494021783804,-1.0,STOP
swing_filtered,1635516000000,2021,0.5646825408717002,1635516300000,1635775200000,1774.568,1766.447357142857,1793.4505714285713,1793.4505714285713,2.325255741540485,2.325255741540485,TARGET
swing_filtered,1635853500000,2021,0.6004034412592456,1635853800000,1635899100000,1789.474,1785.6612857142857,1798.0448571428572,1785.6612857142857,2.2479673273633662,-1.0,STOP
swing_filtered,1635909000000,2021,0.5722450805976181,1635909300000,1635943200000,1781.278,1775.9324285714285,1792.1102857142855,1775.9324285714285,2.0264036986557037,-1.0,STOP
swing_filtered,1635943800000,2021,0.5512598656790855,1635944100000,1635945000000,1776.574,1771.2893571428572,1786.2325714285716,1771.2893571428572,1.8276677704940327,-1.0,STOP
swing_filtered,1635946200000,2021,0.6070461476087822,1635946500000,1635948300000,1770.028,1762.812,1781.3220000000001,1762.812,1.5651330376940003,-1.0,STOP
swing_filtered,1635950700000,2021,0.6234611420203023,1635951000000,1635983100000,1763.018,1754.181,1776.496,1776.496,1.5251782279054071,1.5251782279054071,TARGET
swing_filtered,1636115400000,2021,0.7103409633781061,1636115700000,1636115700000,1788.308,1781.9526428571428,1796.6594285714286,1796.6594285714286,1.3140769879179535,1.3140769879179535,TARGET
swing_filtered,1636361700000,2021,0.5333341225015781,1636362000000,1636420800000,1813.188,1808.6844285714287,1826.8272857142856,1826.8272857142856,3.028548770816801,3.028548770816801,TARGET
swing_filtered,1636444500000,2021,0.5284051311863378,1636444800000,1636466400000,1819.978,1816.2764285714284,1830.1092857142858,1830.1092857142858,2.7370228860327557,2.7370228860327557,TARGET
swing_filtered,1636712100000,2021,0.5373734175581972,1636712400000,1636713600000,1850.468,1846.2604285714285,1861.5982857142856,1846.2604285714285,2.645299290394734,-1.0,STOP
swing_filtered,1637071500000,2021,0.534480124741833,1637071800000,1637074800000,1863.618,1857.1154285714285,1878.5282857142856,1857.1154285714285,2.2929829957379564,-1.0,STOP
swing_filtered,1637241600000,2021,0.5461105940289922,1637241900000,1637310600000,1859.548,1854.2328571428573,1873.3085714285714,1854.2328571428573,2.5889372681826073,-1.0,STOP
swing_filtered,1637312400000,2021,0.5300265893932383,1637312700000,1637315700000,1852.958,1849.2517142857143,1863.2331428571429,1863.2331428571429,2.772355843354878,2.772355843354878,TARGET
swing_filtered,1637535600000,2021,0.5441252986759366,1637535900000,1637589600000,1842.068,1832.010357142857,1865.1985714285713,1832.010357142857,2.2998004360578155,-1.0,STOP
swing_filtered,1637590500000,2021,0.6865981502469691,1637590800000,1637591400000,1819.464,1811.5507142857143,1832.6871428571428,1811.5507142857143,1.671005361688322,-1.0,STOP
swing_filtered,1637601600000,2021,0.5832806866573065,1637601900000,1637607900000,1812.528,1803.7620000000002,1836.142,1803.7620000000002,2.6938170203057767,-1.0,STOP
swing_filtered,1637657700000,2021,0.599764376112113,1637658000000,1637660400000,1800.778,1794.5456428571429,1815.5074285714286,1794.5456428571429,2.363380055700086,-1.0,STOP
swing_filtered,1637672100000,2021,0.5483101597020128,1637672400000,1637673600000,1791.768,1786.454642857143,1810.6714285714286,1786.454642857143,3.5577184185409267,-1.0,STOP
swing_filtered,1637674500000,2021,0.5347134870475106,1637674800000,1637763000000,1784.998,1779.244642857143,1803.4614285714285,1779.244642857143,3.209157386370694,-1.0,STOP
swing_filtered,1637852400000,2021,0.5440909708293433,1637852700000,1637895900000,1788.435,1785.9642142857142,1796.3831428571427,1796.3831428571427,3.216848313144976,3.216848313144976,TARGET
swing_filtered,1637944800000,2021,0.6286041135436163,1637945100000,1638285000000,1785.418,1773.7897857142857,1806.6308571428572,1806.6308571428572,1.8242575017660505,1.8242575017660505,TARGET
swing_filtered,1638287400000,2021,0.6480711642655391,1638287700000,1638288000000,1788.189,1779.7940714285714,1804.5137142857143,1779.7940714285714,1.9445923984718423,-1.0,STOP
swing_filtered,1638290400000,2021,0.5259231158550945,1638290700000,1638456900000,1772.608,1764.4312142857143,1796.0651428571427,1764.4312142857143,2.868748635073178,-1.0,STOP
swing_filtered,1638781500000,2021,0.540215822146852,1638781800000,1638884100000,1780.235,1775.406,1792.7659999999998,1775.406,2.594947194036048,-1.0,STOP
swing_filtered,1638884400000,2021,0.5457507201782199,1638884700000,1638891300000,1774.068,1769.293357142857,1783.6665714285712,1783.6665714285712,2.0103223876130607,2.0103223876130607,TARGET
swing_filtered,1638963900000,2021,0.7152753323568972,1638964200000,1638974100000,1786.078,1779.7540714285713,1794.4587142857142,1779.7540714285713,1.3252386062008996,-1.0,STOP
swing_filtered,1638978300000,2021,0.5394049339512053,1638978600000,1639052700000,1781.048,1776.1381428571428,1795.7224285714285,1776.1381428571428,2.9887689487619404,-1.0,STOP
swing_filtered,1639053000000,2021,0.5418420992314839,1639053300000,1639117200000,1776.958,1771.8492857142858,1786.5778571428573,1771.8492857142858,1.8830289980705246,-1.0,STOP
swing_filtered,1639121700000,2021,0.5289282164215229,1639122000000,1639144500000,1772.595,1768.4835714285714,1782.8057142857144,1782.8057142857144,2.4834954829742792,2.4834954829742792,TARGET
swing_filtered,1639403700000,2021,0.5615663204870464,1639404000000,1639488300000,1783.028,1778.9808571428573,1793.8165714285715,1778.9808571428573,2.6657253794565063,-1.0,STOP
swing_filtered,1639489200000,2021,0.5270285796844714,1639489500000,1639490400000,1774.755,1771.1952857142858,1783.2588571428569,1771.1952857142858,2.388915643309916,-1.0,STOP
swing_filtered,1639552800000,2021,0.5313657010264579,1639553100000,1639592700000,1767.888,1763.5932142857143,1779.017142857143,1763.5932142857143,2.5913150498113584,-1.0,STOP
swing_filtered,1639593900000,2021,0.584502357162033,1639594200000,1639594800000,1762.068,1756.884,1773.0039999999997,1756.884,2.1095679012345214,-1.0,STOP
swing_filtered,1640001600000,2021,0.5320019667142272,1640001900000,1640012100000,1796.538,1791.8567142857144,1806.5631428571428,1791.8567142857144,2.141536208001478,-1.0,STOP
swing_filtered,1640157000000,2021,0.529451534186384,1640157300000,1640181300000,1786.585,1784.3117142857143,1794.128142857143,1794.128142857143,3.3181675359769045,3.3181675359769045,TARGET
swing_filtered,1640270400000,2021,0.5576700178952664,1640270700000,1640282700000,1800.538,1796.2372857142857,1808.940857142857,1808.940857142857,1.9538282677295875,1.9538282677295875,TARGET
swing_filtered,1640597700000,2021,0.5279634110776587,1640598000000,1640673300000,1805.438,1802.7956428571429,1813.9374285714284,1813.9374285714284,3.216608547562846,3.216608547562846,TARGET
swing_filtered,1640716500000,2021,0.5525440383654662,1640716800000,1640717700000,1809.268,1805.1761428571428,1820.6854285714285,1805.1761428571428,2.790280347728883,-1.0,STOP
swing_filtered,1640764800000,2021,0.5345042749090716,1640765100000,1640772900000,1803.508,1800.4848571428572,1811.6005714285716,1800.4848571428572,2.67687364143282,-1.0,STOP
swing_filtered,1640774100000,2021,0.5464595761134359,1640774400000,1640782200000,1796.675,1793.8065714285715,1803.7137142857143,1793.8065714285715,2.45385726380808,-1.0,STOP
swing_filtered,1640782800000,2021,0.6046192869826826,1640783100000,1640790600000,1792.568,1788.5152142857144,1801.8791428571428,1801.8791428571428,2.2974673504997063,2.2974673504997063,TARGET
swing_filtered,1641193800000,2022,0.5699525852220605,1641194100000,1641215100000,1822.758,1818.015357142857,1832.4785714285715,1818.015357142857,2.049610675181063,-1.0,STOP
swing_filtered,1641216300000,2022,0.5768672348518353,1641216600000,1641216900000,1812.518,1807.5155714285713,1823.0277142857144,1807.5155714285713,2.1009224091155336,-1.0,STOP
swing_filtered,1641217800000,2022,0.5376649841625925,1641218100000,1641221700000,1807.718,1803.0515714285714,1818.5637142857145,1803.0515714285714,2.3242002142966087,-1.0,STOP
swing_filtered,1641222900000,2022,0.5846720304277833,1641223200000,1641363900000,1802.678,1795.3757142857144,1816.8871428571429,1816.8871428571429,1.9458486579544338,1.9458486579544338,TARGET
swing_filtered,1641431100000,2022,0.5469135473430555,1641431400000,1641449700000,1808.948,1802.3807142857142,1825.267142857143,1802.3807142857142,2.4849144025580885,-1.0,STOP
swing_filtered,1641457500000,2022,0.5255983632228464,1641457800000,1641473700000,1797.554,1792.662142857143,1811.9414285714286,1792.662142857143,2.941097450573825,-1.0,STOP
swing_filtered,1641474300000,2022,0.5367556583073002,1641474600000,1641562800000,1789.388,1782.6871428571428,1806.0414285714285,1782.6871428571428,2.4852684091587545,-1.0,STOP
swing_filtered,1641824100000,2022,0.5402058817723336,1641824400000,1641864000000,1791.225,1786.5344285714284,1805.0372857142856,1805.0372857142856,2.9446914783455758,2.9446914783455758,TARGET
swing_filtered,1641974400000,2022,0.6286674509737036,1641974700000,1642008900000,1816.628,1812.7244285714287,1825.5922857142857,1825.5922857142857,2.296431838975425,2.296431838975425,TARGET
swing_filtered,1642057800000,2022,0.5777939120959678,1642058100000,1642063200000,1824.148,1821.109642857143,1832.3514285714282,1821.109642857143,2.6999553330042674,-1.0,STOP
swing_filtered,1642065000000,2022,0.5519883624369512,1642065300000,1642087800000,1819.584,1816.4832857142856,1828.656857142857,1816.4832857142856,2.9260539046300016,-1.0,STOP
swing_filtered,1642164900000,2022,0.6191543382994917,1642165200000,1642180200000,1820.748,1816.5651428571427,1830.7794285714285,1816.5651428571427,2.3982240437157336,-1.0,STOP
swing_filtered,1642477200000,2022,0.5601798950788907,1642477500000,1642489800000,1816.448,1813.5997857142856,1823.8908571428572,1813.5997857142856,2.613166144200451,-1.0,STOP
swing_filtered,1642494300000,2022,0.5329422624622597,1642494600000,1642498200000,1814.238,1810.8875714285714,1823.9897142857144,1810.8875714285714,2.9105871317101646,-1.0,STOP
swing_filtered,1642672200000,2022,0.5711502854891509,1642672500000,1642691100000,1837.768,1834.2780714285714,1847.4777142857142,1847.4777142857142,2.7822100329518658,2.7822100329518658,TARGET
swing_filtered,1642755000000,2022,0.5287553293845318,1642755300000,1642755300000,1831.711,1828.6225714285715,1840.7797142857146,1828.6225714285715,2.936352282714447,-1.0,STOP
swing_filtered,1643037000000,2022,0.537672469969982,1643037300000,1643121900000,1832.618,1827.082,1846.8120000000001,1846.8120000000001,2.5639450867053144,2.5639450867053144,TARGET
swing_filtered,1643180700000,2022,0.5404932221129699,1643181000000,1643197800000,1846.858,1843.5760714285714,1855.5857142857144,1843.5760714285714,2.659324874311752,-1.0,STOP
swing_filtered,1643198700000,2022,0.5557323493353454,1643199000000,1643206500000,1843.188,1840.2505,1851.718,1840.2505,2.903829787234033,-1.0,STOP
swing_filtered,1643206800000,2022,0.5325269688941905,1643207100000,1643217000000,1833.558,1829.8080714285716,1843.2077142857142,1829.8080714285716,2.573306158212628,-1.0,STOP
swing_filtered,1643223600000,2022,0.5289752170168327,1643223900000,1643226000000,1826.198,1820.6864285714285,1841.7442857142855,1820.6864285714285,2.820663020657676,-1.0,STOP
swing_filtered,1643226900000,2022,0.57844340204077,1643227200000,1643265900000,1819.218,1810.0692857142858,1836.9128571428573,1810.0692857142858,1.934135944160785,-1.0,STOP
swing_filtered,1643270400000,2022,0.5758827607744452,1643270700000,1643288400000,1811.718,1804.9007142857142,1829.4571428571426,1804.9007142857142,2.6020829404244483,-1.0,STOP
swing_filtered,1643290200000,2022,0.6081387133351035,1643290500000,1643291700000,1804.538,1797.9782142857143,1819.5771428571427,1797.9782142857143,2.292627154632649,-1.0,STOP
swing_filtered,1643300700000,2022,0.5423814643833694,1643301000000,1643367600000,1795.424,1786.1204285714284,1816.2582857142856,1786.1204285714284,2.2393857965450694,-1.0,STOP
swing_filtered,1643368500000,2022,0.5888154398791099,1643368800000,1643373000000,1781.548,1777.6382857142855,1790.2368571428572,1790.2368571428572,2.2223764980998695,2.2223764980998695,TARGET
swing_filtered,1643787600000,2022,0.5289421592849763,1643787900000,1643796900000,1795.228,1792.294642857143,1803.1614285714286,1803.1614285714286,2.704555969513187,2.704555969513187,TARGET
swing_filtered,1643872500000,2022,0.5245336364215075,1643872800000,1643875800000,1805.058,1802.6496428571427,1812.5964285714285,1802.6496428571427,3.130112406204352,-1.0,STOP
swing_filtered,1643889600000,2022,0.6705192076633493,1643889900000,1643898900000,1803.678,1799.5601428571429,1809.6494285714286,1799.5601428571429,1.4501300954032497,-1.0,STOP
swing_filtered,1643899500000,2022,0.553045540569789,1643899800000,1643901300000,1791.168,1787.4049285714286,1799.6202857142857,1799.6202857142857,2.2461135470646476,2.2461135470646476,TARGET
swing_filtered,1643981700000,2022,0.5601648156406454,1643982000000,1643983200000,1799.748,1794.0017857142857,1805.632857142857,1794.0017857142857,1.0241276865513291,-1.0,STOP
swing_filtered,1644415200000,2022,0.5627150968484343,1644415500000,1644424800000,1825.764,1822.4794285714286,1832.7722857142858,1832.7722857142858,2.1336986778010902,2.1336986778010902,TARGET
swing_filtered,1644499800000,2022,0.7972177583767118,1644500100000,1644500100000,1824.178,1819.8427857142858,1828.298857142857,1828.298857142857,0.9505544296705893,0.9505544296705893,TARGET
swing_filtered,1644564000000,2022,0.5870239220090416,1644564300000,1644592800000,1823.028,1817.2440714285715,1835.2137142857143,1835.2137142857143,2.1068230935474097,2.1068230935474097,TARGET
swing_filtered,1644914700000,2022,0.602559889268896,1644915000000,1644917100000,1859.908,1853.5654285714286,1872.5782857142856,1853.5654285714286,1.9976575521420181,-1.0,STOP
swing_filtered,1644927300000,2022,0.5370901337683661,1644927600000,1644927600000,1850.678,1844.5330000000001,1868.4880000000003,1844.5330000000001,2.8982912937347804,-1.0,STOP
swing_filtered,1644931800000,2022,0.6460958753615837,1644932100000,1645029000000,1849.578,1839.3794285714284,1865.272285714286,1865.272285714286,1.5388709903347944,1.5388709903347944,TARGET
swing_filtered,1645180200000,2022,0.6286212359195997,1645180500000,1645398000000,1888.418,1883.1872857142857,1899.9408571428569,1900.818,2.2029222996040128,2.370613136692688,TARGET_GAP
swing_filtered,1645418100000,2022,0.5396467371309572,1645418400000,1645484400000,1891.548,1883.7022857142858,1911.1808571428571,1911.1808571428571,2.502367079388236,2.502367079388236,TARGET
swing_filtered,1645529100000,2022,0.529826807915625,1645529400000,1645670700000,1894.288,1887.3858571428573,1915.9715714285715,1915.9715714285715,3.141570940701703,3.141570940701703,TARGET
swing_filtered,1645731300000,2022,0.5352071225918893,1645731600000,1646153100000,1884.858,1863.89,1934.13,1934.13,2.3498664631820163,2.3498664631820163,TARGET
swing_filtered,1646216700000,2022,0.717932507251966,1646217000000,1646352900000,1921.676,1906.6268571428573,1942.1825714285715,1942.1825714285715,1.3626404921020896,1.3626404921020896,TARGET
swing_filtered,1646659800000,2022,0.5743448254708337,1646660100000,1646721000000,1968.063,1953.5979285714286,2003.0432857142857,2003.0432857142857,2.4182587612524586,2.4182587612524586,TARGET
swing_filtered,1646819400000,2022,0.5373136225702236,1646819700000,1646830800000,2017.838,2002.3708571428572,2063.8165714285715,2002.3708571428572,2.972660940242006,-1.0,STOP
swing_filtered,1646832300000,2022,0.6253708782883121,1646832600000,1646834700000,1998.088,1978.7710714285715,2036.0057142857145,1978.7710714285715,1.9629266705369712,-1.0,STOP
swing_filtered,1646997900000,2022,0.6264238913962923,1646998200000,1647000600000,1980.818,1969.1352857142856,1999.8688571428572,1969.1352857142856,1.6306875848322866,-1.0,STOP
swing_filtered,1647000900000,2022,0.5504966568219494,1647001200000,1647256800000,1970.558,1957.5987142857143,1993.7951428571428,1957.5987142857143,1.7930882433996578,-1.0,STOP
swing_filtered,1647266100000,2022,0.6358662401991582,1647266400000,1647307500000,1958.772,1942.315857142857,1978.8765714285714,1942.315857142857,1.2217061800630309,-1.0,STOP
swing_filtered,1647347400000,2022,0.5639151379381568,1647347700000,1647353400000,1923.319,1912.1552142857142,1947.644142857143,1912.1552142857142,2.1789331575950377,-1.0,STOP
swing_filtered,1647353700000,2022,0.5632577558336194,1647354000000,1647454500000,1913.468,1901.253,1941.8780000000002,1901.253,2.3258288988947804,-1.0,STOP
swing_filtered,1647454800000,2022,0.5665270813306873,1647455100000,1647458100000,1903.568,1887.898642857143,1923.1454285714285,1923.1454285714285,1.2494085362240268,1.2494085362240268,TARGET
swing_filtered,1647574500000,2022,0.6345683411301729,1647574800000,1647630000000,1932.328,1920.7643571428573,1950.4825714285714,1920.7643571428573,1.569969918031295,-1.0,STOP
swing_filtered,1647869100000,2022,0.6232033170099782,1647869400000,1647871200000,1921.22,1913.7241428571429,1934.3934285714286,1934.3934285714286,1.7574279125612111,1.7574279125612111,TARGET
swing_filtered,1647939600000,2022,0.5447862227271512,1647939900000,1647957600000,1924.693,1918.3746428571428,1942.1164285714285,1918.3746428571428,2.7575884327978395,-1.0,STOP
swing_filtered,1647957900000,2022,0.5465270850776743,1647958200000,1648028400000,1913.828,1905.4541428571429,1930.7234285714287,1930.7234285714287,2.0176399338076276,2.0176399338076276,TARGET
swing_filtered,1648190400000,2022,0.5405035247552837,1648190700000,1648204800000,1956.398,1951.217142857143,1971.8964285714287,1951.217142857143,2.9914796227873723,-1.0,STOP
swing_filtered,1648205100000,2022,0.5683019642900277,1648205400000,1648215000000,1951.358,1945.9034285714285,1965.4262857142858,1945.9034285714285,2.579173432507498,-1.0,STOP
swing_filtered,1648455900000,2022,0.5317263724677334,1648456200000,1648494300000,1930.378,1923.3069285714284,1949.7622857142858,1923.3069285714284,2.7413505732612733,-1.0,STOP
swing_filtered,1648543200000,2022,0.6034765218844866,1648543500000,1648554300000,1913.528,1905.1339285714287,1929.5542857142857,1905.1339285714287,1.9092386633423382,-1.0,STOP
swing_filtered,1648554600000,2022,0.5733644146232112,1648554900000,1648556400000,1906.124,1896.3656428571428,1918.8274285714285,1896.3656428571428,1.3017999224108099,-1.0,STOP
swing_filtered,1648556700000,2022,0.5594719463657608,1648557000000,1648571400000,1897.138,1889.6867142857143,1915.443142857143,1915.443142857143,2.4566421902260838,2.4566421902260838,TARGET
swing_filtered,1648701900000,2022,0.5367651159462442,1648702200000,1648733400000,1921.599,1915.3809285714285,1939.966285714286,1939.966285714286,2.9538556971041174,2.9538556971041174,TARGET
swing_filtered,1648818000000,2022,0.6211916820786585,1648818300000,1649045400000,1926.178,1917.611642857143,1941.4784285714286,1917.611642857143,1.7861067798447163,-1.0,STOP
swing_filtered,1649145300000,2022,0.5665183141548749,1649145600000,1649165100000,1927.498,1923.2433571428571,1938.6665714285714,1938.6665714285714,2.6250314782170103,2.6250314782170103,TARGET
swing_filtered,1649229000000,2022,0.5583177154380894,1649229300000,1649236200000,1916.678,1910.8272857142858,1931.8808571428572,1931.8808571428572,2.5984617262849365,2.5984617262849365,TARGET
swing_filtered,1649916000000,2022,0.5693939587201752,1649916300000,1649932200000,1973.802,1967.5402857142858,1985.8288571428573,1967.5402857142858,1.9206972075197088,-1.0,STOP
swing_filtered,1650306300000,2022,0.5272223488070837,1650306600000,1650372000000,1977.282,1970.39,1999.0499999999997,1970.39,3.1584445734185076,-1.0,STOP
swing_filtered,1650372300000,2022,0.548630753446107,1650372600000,1650373200000,1967.502,1962.4568571428572,1980.4625714285714,1962.4568571428572,2.5689206025598046,-1.0,STOP
swing_filtered,1650374100000,2022,0.6169375130668332,1650374400000,1650378900000,1961.418,1952.5442857142857,1975.8928571428569,1952.5442857142857,1.6312061304655816,-1.0,STOP
swing_filtered,1650418200000,2022,0.5330301706260646,1650418500000,1650622800000,1945.118,1936.1602142857141,1968.4491428571428,1936.1602142857141,2.6045658605043953,-1.0,STOP
swing_filtered,1650630000000,2022,0.5239126010092088,1650630300000,1650852000000,1932.165,1924.7977142857144,1948.049142857143,1924.7977142857144,2.1560373077893136,-1.0,STOP
swing_filtered,1650854400000,2022,0.5467284021197013,1650854700000,1650866100000,1925.178,1914.997,1949.252,1914.997,2.3646007268440967,-1.0,STOP
swing_filtered,1650868500000,2022,0.5664131018116005,1650868800000,1650884400000,1914.603,1906.7152142857142,1933.7791428571427,1906.7152142857142,2.4311186373143916,-1.0,STOP
swing_filtered,1650889500000,2022,0.5266118567819061,1650889800000,1651047000000,1896.768,1888.6547857142855,1917.4208571428571,1888.6547857142855,2.5455826033366207,-1.0,STOP
swing_filtered,1651067100000,2022,0.5394519227304888,1651067400000,1651118400000,1884.148,1876.2325,1902.7599999999998,1876.2325,2.3513359863559136,-1.0,STOP
swing_filtered,1651123800000,2022,0.5433074796854827,1651124100000,1651139100000,1876.033,1871.4902142857143,1890.779142857143,1890.779142857143,3.2460573279455036,3.2460573279455036,TARGET
swing_filtered,1651450800000,2022,0.5320261855141519,1651451100000,1651458300000,1894.843,1886.5312142857144,1917.4651428571428,1886.5312142857144,2.7216946676406284,-1.0,STOP
swing_filtered,1651482000000,2022,0.5438977270658296,1651482300000,1651493700000,1878.518,1871.4622142857143,1897.691142857143,1871.4622142857143,2.7173646753930267,-1.0,STOP
swing_filtered,1651494000000,2022,0.6295879682303095,1651494300000,1651495500000,1875.455,1864.313642857143,1889.1354285714285,1864.313642857143,1.2278960629315625,-1.0,STOP
swing_filtered,1651498200000,2022,0.5954254015662531,1651498500000,1651566300000,1861.333,1852.1472142857144,1881.201142857143,1852.1472142857144,2.162922527818615,-1.0,STOP
swing_filtered,1651567500000,2022,0.6101249527495097,1651567800000,1651584900000,1853.468,1845.750857142857,1868.5365714285715,1868.5365714285715,1.9526101443909263,1.9526101443909263,TARGET
swing_filtered,1651759800000,2022,0.5762220878277963,1651760100000,1651763100000,1890.858,1880.7146428571427,1909.8864285714285,1880.7146428571427,1.875949777123648,-1.0,STOP
swing_filtered,1651763400000,2022,0.569147883407239,1651763700000,1651798500000,1881.018,1871.7412142857145,1904.270142857143,1871.7412142857145,2.506487006737293,-1.0,STOP
swing_filtered,1652088300000,2022,0.5301299138027337,1652088600000,1652091900000,1863.518,1858.0204285714285,1879.0082857142859,1858.0204285714285,2.817659745861787,-1.0,STOP
swing_filtered,1652339100000,2022,0.5535927308478886,1652339400000,1652355600000,1847.658,1842.0575714285712,1863.7597142857142,1842.0575714285712,2.875086090350174,-1.0,STOP
swing_filtered,1652394600000,2022,0.6394950504290903,1652394900000,1652447100000,1817.633,1803.7540714285713,1838.6537142857144,1803.7540714285713,1.5145775970767417,-1.0,STOP
swing_filtered,1652448000000,2022,0.6060883406410409,1652448300000,1652452200000,1802.096,1794.2278571428571,1817.9285714285713,1817.9285714285713,2.012237413076226,2.012237413076226,TARGET
swing_filtered,1652686800000,2022,0.5426158524000905,1652687100000,1652687400000,1794.778,1790.2470714285714,1810.0517142857145,1790.2470714285714,3.370989863320378,-1.0,STOP
swing_filtered,1652796300000,2022,0.5915827222988015,1652796600000,1652812500000,1822.05,1814.4301428571428,1841.3694285714287,1814.4301428571428,2.5354056131536025,-1.0,STOP
swing_filtered,1652943600000,2022,0.5917159897930792,1652943900000,1652951100000,1813.138,1808.8058571428571,1824.2265714285716,1824.2265714285716,2.5596042868920867,2.5596042868920867,TARGET
swing_filtered,1653055800000,2022,0.5522027048449674,1653056100000,1653256800000,1833.918,1827.6899285714287,1850.130285714286,1850.130285714286,2.6030988726160778,2.6030988726160778,TARGET
swing_filtered,1653321300000,2022,0.5286195652697694,1653321600000,1653407700000,1851.878,1845.6514285714286,1869.409285714286,1869.409285714286,2.815560042215482,2.815560042215482,TARGET
swing_filtered,1653458700000,2022,0.5354246578528365,1653459000000,1653473400000,1858.308,1854.566,1870.526,1854.566,3.265098877605612,-1.0,STOP
swing_filtered,1653473700000,2022,0.5694260950443694,1653474000000,1653483600000,1855.028,1849.8198571428572,1865.7205714285715,1849.8198571428572,2.0530487972131928,-1.0,STOP
swing_filtered,1653487200000,2022,0.6007667766105591,1653487500000,1653493800000,1850.228,1842.6708571428571,1863.9115714285715,1842.6708571428571,1.81068052930055,-1.0,STOP
swing_filtered,1653564000000,2022,0.5798900323499214,1653564300000,1653616200000,1842.963,1837.2092142857143,1855.153142857143,1855.153142857143,2.1186299703301406,2.1186299703301406,TARGET
swing_filtered,1653868200000,2022,0.5301792162771164,1653868500000,1654005900000,1849.228,1843.8869285714286,1864.4922857142858,1843.8869285714286,2.8579070544968066,-1.0,STOP
swing_filtered,1654007100000,2022,0.5834525933411528,1654007400000,1654026900000,1842.523,1835.6089285714286,1856.8042857142857,1835.6089285714286,2.065539221256896,-1.0,STOP
swing_filtered,1654047000000,2022,0.5717508076240919,1654047300000,1654074000000,1836.018,1829.2084285714284,1853.2312857142856,1829.2084285714284,2.527807497849565,-1.0,STOP
swing_filtered,1654074900000,2022,0.5312270417987319,1654075200000,1654087800000,1829.118,1824.6295714285714,1843.2717142857143,1843.2717142857143,3.153378528915637,3.153378528915637,TARGET
swing_filtered,1654239300000,2022,0.5262514800476442,1654239600000,1654259100000,1865.778,1862.8109285714286,1875.9762857142857,1862.8109285714286,3.4371554442812564,-1.0,STOP
swing_filtered,1654259400000,2022,0.735665579477409,1654259700000,1654259700000,1863.628,1857.1004285714284,1870.9282857142857,1857.1004285714284,1.1183769942879664,-1.0,STOP
swing_filtered,1654260000000,2022,0.5441173537939696,1654260300000,1654269600000,1858.598,1853.7624285714285,1867.5902857142858,1853.7624285714285,1.8596118053709083,-1.0,STOP
swing_filtered,1654523400000,2022,0.531766478705886,1654523700000,1654526100000,1849.688,1845.9715714285715,1860.8337142857142,1845.9715714285715,2.999039015952227,-1.0,STOP
swing_filtered,1654528200000,2022,0.5302147299698956,1654528500000,1654557600000,1843.303,1839.112,1855.9920000000002,1839.112,3.027678358387016,-1.0,STOP
swing_filtered,1654691100000,2022,0.5585155392557825,1654691400000,1654700400000,1846.048,1841.4338571428573,1856.6545714285714,1856.6545714285714,2.298708938357294,2.298708938357294,TARGET
swing_filtered,1654775100000,2022,0.5916250015463024,1654775400000,1654783800000,1845.59,1841.819857142857,1855.7655714285713,1841.819857142857,2.698988291462961,-1.0,STOP
swing_filtered,1654784100000,2022,0.5291473502008522,1654784400000,1654861200000,1841.548,1836.3300714285715,1854.2297142857142,1836.3300714285715,2.430411630230947,-1.0,STOP
swing_filtered,1654864200000,2022,0.7149841126845775,1654864500000,1654864500000,1828.683,1822.0687857142857,1836.4648571428572,1836.4648571428572,1.176535383751456,1.176535383751456,TARGET
swing_filtered,1654868400000,2022,0.5843154790954055,1654868700000,1654871400000,1831.278,1824.0448571428572,1845.3105714285714,1845.3105714285714,1.9400379206825622,1.9400379206825622,TARGET
swing_filtered,1655105400000,2022,0.5681321058625678,1655105700000,1655109600000,1860.578,1854.2016428571428,1879.1084285714285,1854.2016428571428,2.9061152247700583,-1.0,STOP
swing_filtered,1655109900000,2022,0.5495435039546348,1655110200000,1655122500000,1854.673,1848.3659285714286,1873.1012857142857,1848.3659285714286,2.9218450945084635,-1.0,STOP
swing_filtered,1655122800000,2022,0.5349116471436691,1655123100000,1655124600000,1850.783,1842.6571428571428,1868.8864285714287,1842.6571428571428,2.2278792566938534,-1.0,STOP
swing_filtered,1655125800000,2022,0.5335690968409134,1655126100000,1655127000000,1842.41,1834.7912142857142,1863.775142857143,1834.7912142857142,2.8042713968292152,-1.0,STOP
swing_filtered,1655127900000,2022,0.5375749872376645,1655128200000,1655130600000,1830.613,1823.4362142857142,1852.420142857143,1823.4362142857142,3.0385668076635426,-1.0,STOP
swing_filtered,1655147700000,2022,0.5575530034185909,1655148000000,1655157600000,1821.878,1812.2402857142858,1847.1288571428572,1812.2402857142858,2.620004743270555,-1.0,STOP
swing_filtered,1655208600000,2022,0.5486092841368768,1655208900000,1655221500000,1817.383,1810.8690000000001,1836.314,1810.8690000000001,2.9062020264047193,-1.0,STOP
swing_filtered,1655377200000,2022,0.6203694815889506,1655377500000,1655391300000,1817.758,1810.107785714286,1833.1588571428572,1833.1588571428572,2.013127550115352,2.013127550115352,TARGET
swing_filtered,1655474400000,2022,0.5556096667850908,1655474700000,1655492400000,1842.648,1835.7441428571428,1859.9084285714287,1835.7441428571428,2.500113808016272,-1.0,STOP
swing_filtered,1655857800000,2022,0.5285664631422115,1655858100000,1655901900000,1828.108,1822.0260714285714,1844.9357142857143,1844.9357142857143,2.766838526313347,2.766838526313347,TARGET
swing_filtered,1655960700000,2022,0.5262004008066411,1655961000000,1655978400000,1831.828,1828.1917142857142,1844.2131428571429,1828.1917142857142,3.40598727115574,-1.0,STOP
swing_filtered,1655982300000,2022,0.5981191507669578,1655982600000,1655990400000,1826.778,1822.2109285714284,1837.9462857142858,1837.9462857142858,2.44539326545606,2.44539326545606,TARGET
swing_filtered,1656053700000,2022,0.5464363920105163,1656054000000,1656075900000,1823.113,1817.8915714285715,1834.7237142857143,1817.8915714285715,2.2236662106703275,-1.0,STOP
swing_filtered,1656336600000,2022,0.551875892638314,1656336900000,1656342000000,1828.463,1823.2057142857143,1843.767142857143,1823.2057142857143,2.9110350262221654,-1.0,STOP
swing_filtered,1656343500000,2022,0.538118105495178,1656343800000,1656484200000,1821.968,1816.3314285714287,1838.064285714286,1816.3314285714287,2.855687347931903,-1.0,STOP
swing_filtered,1656489600000,2022,0.5322833158934868,1656489900000,1656495000000,1816.678,1813.3572857142856,1825.7108571428573,1813.3572857142856,2.7201548720153075,-1.0,STOP
swing_filtered,1656575100000,2022,0.585285771179552,1656575400000,1656585900000,1813.576,1810.1452857142858,1821.3338571428574,1810.1452857142858,2.261295023943483,-1.0,STOP
swing_filtered,1656586800000,2022,0.6200974381374097,1656587100000,1656588900000,1810.622,1806.3378571428573,1820.6385714285716,1806.3378571428573,2.3380572876722017,-1.0,STOP
swing_filtered,1656589200000,2022,0.5335039461777618,1656589500000,1656592800000,1804.014,1800.1188571428572,1814.4195714285715,1814.4195714285715,2.6714222841636093,2.6714222841636093,TARGET
swing_filtered,1656659400000,2022,0.589970606150275,1656659700000,1656674100000,1793.983,1788.7291428571427,1806.5434285714284,1788.7291428571427,2.3907061478641034,-1.0,STOP
swing_filtered,1656679500000,2022,0.6299450360167231,1656679800000,1656684900000,1786.294,1780.3377142857144,1800.6341428571427,1800.6341428571427,2.4075646375976834,2.4075646375976834,TARGET
swing_filtered,1656929100000,2022,0.5311574739729045,1656929400000,1657019700000,1804.278,1800.1175,1818.71,1800.1175,3.4688138444898855,-1.0,STOP
swing_filtered,1657086000000,2022,0.5350643925673205,1657086300000,1657115400000,1764.498,1758.2962857142857,1783.134857142857,1758.2962857142857,3.0051137934211054,-1.0,STOP
swing_filtered,1657116000000,2022,0.5542486007262657,1657116300000,1657119000000,1756.818,1749.4805,1775.118,1749.4805,2.494037478705244,-1.0,STOP
swing_filtered,1657266300000,2022,0.5713088499529606,1657266600000,1657282200000,1735.454,1730.3437142857142,1744.115142857143,1744.115142857143,1.6948451302695002,1.6948451302695002,TARGET
swing_filtered,1657283400000,2022,0.8139258739929861,1657283700000,1657291500000,1742.204,1728.776142857143,1749.4904285714288,1749.4904285714288,0.5426352465556932,0.5426352465556932,TARGET
swing_filtered,1657587600000,2022,0.6216699919008994,1657587900000,1657589400000,1729.415,1722.9099285714285,1741.3502857142855,1741.3502857142855,1.8347662812530565,1.8347662812530565,TARGET
swing_filtered,1657673700000,2022,0.5271930722629756,1657674000000,1657715400000,1724.778,1718.5350714285714,1739.1997142857142,1718.5350714285714,2.310087985263303,-1.0,STOP
swing_filtered,1657716000000,2022,0.6049324327236595,1657716300000,1657716600000,1709.098,1703.9003571428573,1719.1385714285716,1719.1385714285716,1.9317547789521028,1.9317547789521028,TARGET
swing_filtered,1657779000000,2022,0.559886974291094,1657779300000,1657782000000,1725.768,1720.0164285714284,1741.9242857142856,1720.0164285714284,2.8090211370804137,-1.0,STOP
swing_filtered,1657782300000,2022,0.5719608361281201,1657782600000,1657796400000,1717.727,1710.6761428571428,1732.2854285714286,1710.6761428571428,2.0647742928924195,-1.0,STOP
swing_filtered,1657796700000,2022,0.5493039470395059,1657797000000,1657803600000,1712.284,1705.145142857143,1728.6594285714286,1705.145142857143,2.293844552949626,-1.0,STOP
swing_filtered,1657804800000,2022,0.5323904379144452,1657805100000,1657806300000,1705.213,1698.4865714285716,1724.5437142857145,1698.4865714285716,2.873845173622275,-1.0,STOP
swing_filtered,1657867500000,2022,0.5326138508297529,1657867800000,1658114700000,1702.588,1696.3637142857144,1717.265142857143,1717.265142857143,2.358044526050131,2.358044526050131,TARGET
swing_filtered,1658157000000,2022,0.5634572854658667,1658157300000,1658335200000,1711.538,1704.9777857142856,1730.7288571428571,1704.9777857142856,2.9253399823611312,-1.0,STOP
swing_filtered,1658371800000,2022,0.5236363140090228,1658372100000,1658387400000,1691.235,1686.665,1707.28,1686.665,3.510940919037264,-1.0,STOP
swing_filtered,1658392800000,2022,0.534836889090353,1658393100000,1658394600000,1687.018,1682.3688571428572,1700.9145714285714,1682.3688571428572,2.9890609636185137,-1.0,STOP
swing_filtered,1658400000000,2022,0.5426141253738579,1658400300000,1658406900000,1682.058,1677.4091428571428,1696.5534285714286,1696.5534285714286,3.118062811136358,3.118062811136358,TARGET
swing_filtered,1658756100000,2022,0.5653986918343258,1658756400000,1658760300000,1721.164,1714.9632142857142,1735.6371428571429,1714.9632142857142,2.3340820863715295,-1.0,STOP
swing_filtered,1658930100000,2022,0.5997720846090043,1658930400000,1658944800000,1714.66,1707.4757857142858,1726.671857142857,1726.671857142857,1.6719792401992422,1.6719792401992422,TARGET
swing_filtered,1659103200000,2022,0.5405109180908555,1659103500000,1659346800000,1753.164,1747.281785714286,1770.5128571428572,1770.5128571428572,2.9493752352735134,2.9493752352735134,TARGET
swing_filtered,1659538200000,2022,0.595500856233203,1659538500000,1659590700000,1756.462,1749.3429285714287,1773.6182857142858,1773.6182857142858,2.40990498359544,2.40990498359544,TARGET
swing_filtered,1659685500000,2022,0.5770332962282517,1659685800000,1659687900000,1789.534,1785.4192142857144,1801.2631428571428,1785.4192142857144,2.850486919992311,-1.0,STOP
swing_filtered,1659693000000,2022,0.5290217585005684,1659693300000,1659702600000,1785.638,1782.007142857143,1798.2614285714285,1782.007142857143,3.4767075857729375,-1.0,STOP
swing_filtered,1660112100000,2022,0.5380518441384718,1660112400000,1660134600000,1788.078,1784.6375714285714,1799.2397142857144,1799.2397142857144,3.2442801976498234,3.2442801976498234,TARGET
swing_filtered,1660195500000,2022,0.5249284702662046,1660195800000,1660220700000,1784.298,1779.769142857143,1797.8134285714284,1797.8134285714284,2.984291211910926,2.984291211910926,TARGET
swing_filtered,1660303200000,2022,0.6041197381042414,1660303500000,1660312200000,1786.978,1781.845642857143,1797.4574285714286,1797.4574285714286,2.041835413970239,2.041835413970239,TARGET
swing_filtered,1660548000000,2022,0.5244660263340745,1660548300000,1660553100000,1788.554,1784.5872857142858,1799.190857142857,1784.5872857142858,2.6815284330320037,-1.0,STOP
swing_filtered,1660553400000,2022,0.6284107917483088,1660553700000,1660557300000,1784.218,1778.6597142857145,1794.001142857143,1778.6597142857145,1.7601007504883601,-1.0,STOP
swing_filtered,1660558200000,2022,0.5320159068709613,1660558500000,1660653000000,1777.19,1772.1131428571427,1789.0174285714284,1772.1131428571427,2.329675277167973,-1.0,STOP
swing_filtered,1660721100000,2022,0.5501466202893674,1660721400000,1660731900000,1775.418,1771.0556428571429,1783.6674285714284,1771.0556428571429,1.8910484174676627,-1.0,STOP
swing_filtered,1660739700000,2022,0.6429402267250062,1660740000000,1660751100000,1770.547,1761.5268571428571,1777.0375714285713,1761.5268571428571,0.7195641500767866,-1.0,STOP
swing_filtered,1660873200000,2022,0.5263324259519662,1660873500000,1660903500000,1754.538,1749.9506428571428,1767.6374285714287,1749.9506428571428,2.8555501922987165,-1.0,STOP
swing_filtered,1660908900000,2022,0.5490707180186751,1660909200000,1660919700000,1750.344,1746.8054285714286,1761.5832857142857,1746.8054285714286,3.1762212353653143,-1.0,STOP
swing_filtered,1661151600000,2022,0.5712722565187746,1661151900000,1661154000000,1741.048,1737.815857142857,1749.4765714285713,1737.815857142857,2.607734806629778,-1.0,STOP
swing_filtered,1661155200000,2022,0.537798048487093,1661155500000,1661158200000,1737.062,1733.420285714286,1746.498857142857,1733.420285714286,2.5913227679274224,-1.0,STOP
swing_filtered,1661160000000,2022,0.5286991832327371,1661160300000,1661170800000,1732.63,1729.1454285714285,1743.4082857142857,1729.1454285714285,3.09314529353869,-1.0,STOP
swing_filtered,1661171700000,2022,0.537483707924405,1661172000000,1661243700000,1729.368,1724.7272857142857,1742.1108571428572,1742.1108571428572,2.745882715099327,2.745882715099327,TARGET
swing_filtered,1661257200000,2022,0.5594455324785452,1661257500000,1661262300000,1733.558,1729.3082857142858,1745.4068571428572,1745.4068571428572,2.7881538254673623,2.7881538254673623,TARGET
swing_filtered,1661337900000,2022,0.5682526111380598,1661338200000,1661354100000,1744.168,1740.5960714285716,1754.1857142857143,1754.1857142857143,2.804567360569758,2.804567360569758,TARGET
swing_filtered,1661511600000,2022,0.526339238755472,1661511900000,1661522400000,1746.708,1742.9824285714285,1757.6602857142857,1742.9824285714285,2.939759960121019,-1.0,STOP
swing_filtered,1661526000000,2022,0.530239755479112,1661526300000,1661529900000,1741.055,1734.1379285714286,1758.6382857142855,1734.1379285714286,2.542013031939553,-1.0,STOP
swing_filtered,1661732700000,2022,0.5579234104706354,1661733000000,1661736000000,1735.204,1728.6533571428572,1754.4765714285713,1728.6533571428572,2.9420885627365236,-1.0,STOP
swing_filtered,1661840100000,2022,0.5334906508919044,1661840400000,1661843700000,1733.895,1730.2199285714285,1745.8102857142858,1730.2199285714285,3.242191599774479,-1.0,STOP
swing_filtered,1661863800000,2022,0.6037081401197717,1661864100000,1661869200000,1730.494,1724.6776428571427,1741.2594285714285,1724.6776428571427,1.8508885040955796,-1.0,STOP
swing_filtered,1661869500000,2022,0.5325077755899454,1661869800000,1661929800000,1725.534,1720.2212142857143,1738.3751428571431,1720.2212142857143,2.417026311189965,-1.0,STOP
swing_filtered,1661930400000,2022,0.5805743316008091,1661930700000,1661934000000,1721.618,1717.1953571428571,1729.3085714285714,1717.1953571428571,1.7389085388504282,-1.0,STOP
swing_filtered,1661934600000,2022,0.5898120339629297,1661934900000,1661937900000,1715.674,1711.5484999999999,1723.396,1711.5484999999999,1.8717731184098387,-1.0,STOP
swing_filtered,1661940000000,2022,0.5458505736973085,1661940300000,1661956200000,1711.012,1707.1008571428572,1722.1065714285717,1722.1065714285717,2.8366571699906573,2.8366571699906573,TARGET
swing_filtered,1661984400000,2022,0.5820773358745157,1661984700000,1662021000000,1709.788,1700.7871428571427,1724.8414285714287,1700.7871428571427,1.6724438942322766,-1.0,STOP
swing_filtered,1662034800000,2022,0.5800795941201697,1662035100000,1662036000000,1701.954,1695.654142857143,1716.1684285714284,1695.654142857143,2.2563096668858926,-1.0,STOP
swing_filtered,1662036300000,2022,0.5710270486749852,1662036600000,1662043200000,1698.864,1690.741142857143,1711.2554285714284,1690.741142857143,1.5255012310938938,-1.0,STOP
swing_filtered,1662043500000,2022,0.5410300321428175,1662043800000,1662112800000,1689.601,1684.0403571428571,1707.178571428571,1707.178571428571,3.161068221813884,3.161068221813884,TARGET
swing_filtered,1662477900000,2022,0.5544908584592045,1662478200000,1662510000000,1703.188,1696.6133571428572,1719.5865714285717,1696.6133571428572,2.49421478624588,-1.0,STOP
swing_filtered,1662510900000,2022,0.5704809398124373,1662511200000,1662560700000,1695.114,1688.5834285714286,1708.0562857142857,1708.0562857142857,1.9817998862492767,1.9817998862492767,TARGET
swing_filtered,1662642900000,2022,0.6111008135548646,1662643200000,1662647100000,1712.435,1705.3479285714286,1726.528285714286,1705.3479285714286,1.98859089488917,-1.0,STOP
swing_filtered,1662731700000,2022,0.5480516374500451,1662732000000,1662982500000,1713.323,1706.797142857143,1729.1014285714286,1729.1014285714286,2.417832359186527,2.417832359186527,TARGET
swing_filtered,1663030800000,2022,0.5672593580643335,1663031100000,1663072200000,1724.368,1718.8002142857142,1740.1391428571428,1718.8002142857142,2.832570013726925,-1.0,STOP
swing_filtered,1663072800000,2022,0.5551002402377742,1663073100000,1663073400000,1709.928,1704.8832857142859,1720.0618571428572,1704.8832857142859,2.0088069549457814,-1.0,STOP
swing_filtered,1663218000000,2022,0.53650167577757,1663218300000,1663244400000,1687.178,1682.7787857142857,1698.5748571428574,1682.7787857142857,2.5906574225916645,-1.0,STOP
swing_filtered,1663245000000,2022,0.5643998446522102,1663245300000,1663253100000,1684.154,1678.5405,1695.678,1678.5405,2.05290816780979,-1.0,STOP
swing_filtered,1663253400000,2022,0.5329970825399687,1663253700000,1663257900000,1670.074,1662.9220714285714,1686.3517142857143,1662.9220714285714,2.275989493343399,-1.0,STOP
swing_filtered,1663258500000,2022,0.5543490438826445,1663258800000,1663701600000,1662.468,1653.4355,1687.458,1664.338,2.766675892610012,0.20703016883475064,864BAR_TIMEOUT
swing_filtered,1663783500000,2022,0.6135425900760823,1663783800000,1663785000000,1659.628,1649.269857142857,1671.1655714285716,1671.1655714285716,1.1138648682196464,1.1138648682196464,TARGET
swing_filtered,1663917300000,2022,0.6088991158149525,1663917600000,1663922700000,1668.594,1663.5999285714286,1679.4502857142857,1663.5999285714286,2.173834689703458,-1.0,STOP
swing_filtered,1663923300000,2022,0.5288221927437975,1663923600000,1663926300000,1661.493,1657.2515,1674.3189999999997,1657.2515,3.0239302133679637,-1.0,STOP
swing_filtered,1663930200000,2022,0.5341117167845928,1663930500000,1663959300000,1646.315,1640.7982857142858,1660.546857142857,1640.7982857142858,2.57977056736672,-1.0,STOP
swing_filtered,1664297400000,2022,0.6117193207628618,1664297700000,1664329800000,1630.395,1623.571642857143,1646.6034285714288,1623.571642857143,2.3754331236195725,-1.0,STOP
swing_filtered,1664345100000,2022,0.53200486070514,1664345400000,1664349000000,1623.448,1618.8842142857143,1636.9531428571431,1618.8842142857143,2.9591974081667516,-1.0,STOP
swing_filtered,1664430300000,2022,0.5296105708271434,1664430600000,1664464200000,1643.828,1638.5382857142858,1659.736857142857,1659.736857142857,3.007507831911042,3.007507831911042,TARGET
swing_filtered,1664945700000,2022,0.5586759753715421,1664946000000,1664957400000,1718.238,1712.9199285714285,1735.3602857142855,1712.9199285714285,3.2196419217491647,-1.0,STOP
swing_filtered,1664957700000,2022,0.542548233974286,1664958000000,1664963400000,1712.672,1707.3457857142857,1728.3868571428573,1707.3457857142857,2.9504740702992094,-1.0,STOP
swing_filtered,1665051900000,2022,0.5324005525355644,1665052200000,1665065700000,1714.462,1709.8972142857144,1729.621142857143,1709.8972142857144,3.320888165615807,-1.0,STOP
swing_filtered,1665066300000,2022,0.5291060879601631,1665066600000,1665145800000,1709.242,1703.4117857142855,1727.1428571428569,1703.4117857142855,3.0703600700781783,-1.0,STOP
swing_filtered,1665147000000,2022,0.58799866023368,1665147300000,1665158700000,1694.888,1686.8237857142856,1705.224857142857,1705.224857142857,1.2818182623406582,1.2818182623406582,TARGET
swing_filtered,1665389700000,2022,0.5315448447550477,1665390000000,1665402000000,1681.254,1675.8823571428572,1697.4105714285715,1675.8823571428572,3.0077523503053207,-1.0,STOP
swing_filtered,1665408000000,2022,0.5818373902361,1665408300000,1665413100000,1675.115,1669.0565714285715,1692.3637142857142,1669.0565714285715,2.847060765403577,-1.0,STOP
swing_filtered,1665413700000,2022,0.5368241273861813,1665414000000,1665664200000,1667.358,1660.0698571428572,1687.4605714285715,1660.0698571428572,2.7582570515711184,-1.0,STOP
swing_filtered,1665665100000,2022,0.8044860986635398,1665665400000,1665674100000,1648.635,1641.5642857142857,1657.1828571428573,1657.1828571428573,1.2089099909081933,1.2089099909081933,TARGET
swing_filtered,1665738600000,2022,0.5490514065010432,1665738900000,1665739800000,1658.168,1652.4350714285713,1676.1847142857143,1652.4350714285713,3.142672032493999,-1.0,STOP
swing_filtered,1665756000000,2022,0.6144113778554976,1665756300000,1666162800000,1649.788,1638.6102142857142,1671.1491428571428,1638.6102142857142,1.9110352804350184,-1.0,STOP
swing_filtered,1666176300000,2022,0.5310232934834497,1666176600000,1666195800000,1634.358,1628.7222857142858,1647.7458571428572,1628.7222857142858,2.3755386565273304,-1.0,STOP
swing_filtered,1666336200000,2022,0.5528418878382368,1666336500000,1666356900000,1618.017,1613.6523571428572,1630.7255714285716,1630.7255714285716,2.9117093527535016,2.9117093527535016,TARGET
swing_filtered,1666597200000,2022,0.5385120058105112,1666597500000,1666688100000,1649.927,1643.4729285714286,1669.5482857142858,1643.4729285714286,3.0401407749262224,-1.0,STOP
swing_filtered,1666854000000,2022,0.5575631717040006,1666854300000,1666873500000,1661.307,1654.704,1675.469,1654.704,2.144782674541859,-1.0,STOP
swing_filtered,1666960200000,2022,0.7532593722282013,1666960500000,1667205000000,1649.727,1635.762857142857,1656.4385714285713,1635.762857142857,0.480628957840979,-1.0,STOP
swing_filtered,1667205600000,2022,0.550788710597818,1667205900000,1667244000000,1636.387,1632.4570714285712,1647.4067142857143,1632.4570714285712,2.8040495101691314,-1.0,STOP
swing_filtered,1667415000000,2022,0.5600579473976954,1667415300000,1667416800000,1647.707,1641.0611428571428,1658.6404285714284,1641.0611428571428,1.645149502375199,-1.0,STOP
swing_filtered,1667471100000,2022,0.5405064956277118,1667471400000,1667531400000,1619.917,1614.9420714285714,1638.5167142857142,1638.5167142857142,3.7386897155738144,3.7386897155738144,TARGET
swing_filtered,1667897100000,2022,0.5443326953865703,1667897400000,1667918700000,1667.747,1664.1519285714287,1678.082285714286,1678.082285714286,2.8748485029108197,2.8748485029108197,TARGET
swing_filtered,1667988300000,2022,0.5458600121551558,1667988600000,1668006300000,1705.727,1701.7035,1718.426,1718.426,3.156207282216926,3.156207282216926,TARGET
swing_filtered,1668419400000,2022,0.5764720406138261,1668419700000,1668496800000,1759.347,1753.0537142857142,1775.5751428571427,1775.5751428571427,2.5786439062038684,2.5786439062038684,TARGET
swing_filtered,1668689100000,2022,0.540045909152151,1668689400000,1668690300000,1762.328,1757.357642857143,1775.7044285714285,1757.357642857143,2.6912409283610708,-1.0,STOP
swing_filtered,1668693900000,2022,0.542224816258175,1668694200000,1668797400000,1755.647,1749.7144285714287,1772.4822857142858,1749.7144285714287,2.837772105567447,-1.0,STOP
swing_filtered,1669017600000,2022,0.5580277533257685,1669017900000,1669023600000,1743.118,1737.993857142857,1755.6645714285717,1737.993857142857,2.448521006997703,-1.0,STOP
swing_filtered,1669024200000,2022,0.5254082840757847,1669024500000,1669047900000,1738.717,1733.398857142857,1750.5445714285715,1733.398857142857,2.224004083057885,-1.0,STOP
swing_filtered,1669138800000,2022,0.5237571510646271,1669139100000,1669176000000,1739.068,1734.8865714285714,1752.5937142857147,1734.8865714285714,3.234711308507101,-1.0,STOP
swing_filtered,1669180800000,2022,0.530397990504759,1669181100000,1669210200000,1735.238,1730.1130714285714,1746.5377142857142,1730.1130714285714,2.2048530293104447,-1.0,STOP
swing_filtered,1669336500000,2022,0.5242698294073742,1669336800000,1669369500000,1752.998,1749.4910714285716,1763.525714285714,1749.4910714285716,3.001975680795137,-1.0,STOP
swing_filtered,1669646400000,2022,0.6081109988208144,1669646700000,1669661700000,1748.127,1740.3818571428571,1763.0075714285715,1740.3818571428571,1.9212778515567643,-1.0,STOP
swing_filtered,1669821600000,2022,0.5247450617277459,1669821900000,1669832700000,1752.198,1746.6395714285713,1766.8767142857143,1746.6395714285713,2.6408028990721033,-1.0,STOP
swing_filtered,1669987800000,2022,0.77858882643274,1669988100000,1669988700000,1786.738,1779.6681428571428,1794.2624285714285,1779.6681428571428,1.064297116530909,-1.0,STOP
swing_filtered,1670236200000,2022,0.5732482632909577,1670236500000,1670250600000,1794.798,1789.313642857143,1808.7354285714287,1789.313642857143,2.5413057917974817,-1.0,STOP
swing_filtered,1670258700000,2022,0.5542240808441815,1670259000000,1670266200000,1773.268,1766.9776428571429,1791.3744285714288,1766.9776428571429,2.8784420598421887,-1.0,STOP
swing_filtered,1670859600000,2022,0.5369559332993366,1670859900000,1670869800000,1784.637,1779.4307142857142,1797.217142857143,1779.4307142857142,2.416337394358497,-1.0,STOP
swing_filtered,1671005100000,2022,0.5816662372889513,1671005400000,1671044400000,1807.255,1803.0749999999998,1819.54,1803.0749999999998,2.9389952153107655,-1.0,STOP
swing_filtered,1671092400000,2022,0.5271314817843339,1671092700000,1671525600000,1781.635,1773.257357142857,1799.2955714285713,1799.2955714285713,2.108059716763109,2.108059716763109,TARGET
swing_filtered,1671605100000,2022,0.5655866708415251,1671605400000,1671716700000,1813.895,1809.080357142857,1825.6685714285713,1809.080357142857,2.44536755433571,-1.0,STOP
swing_filtered,1671728700000,2022,0.5343134665259398,1671729000000,1671732000000,1794.865,1789.7482142857143,1813.0821428571428,1789.7482142857143,3.560270817337892,-1.0,STOP
swing_filtered,1671733500000,2022,0.5445059780951824,1671733800000,1672108200000,1787.625,1781.272,1804.887,1804.887,2.7171415079489636,2.7171415079489636,TARGET
swing_filtered,1672221600000,2022,0.5691547449330311,1672221900000,1672324800000,1800.195,1794.9905714285715,1815.6127142857144,1815.6127142857144,2.962422113035697,2.962422113035697,TARGET
swing_filtered,1672396200000,2022,0.5625770902541094,1672396500000,1672409100000,1814.168,1810.6046428571428,1823.4564285714284,1823.4564285714284,2.6066510313308613,2.6066510313308613,TARGET
swing_filtered,1673285700000,2023,0.5361196022201568,1673286000000,1673429400000,1869.935,1864.6589285714285,1886.1392857142857,1886.1392857142857,3.0712786840858555,3.0712786840858555,TARGET
swing_filtered,1673448600000,2023,0.569217924837041,1673448900000,1673526000000,1873.085,1866.1842142857142,1887.2531428571428,1887.2531428571428,2.0531202451066317,2.0531202451066317,TARGET
swing_filtered,1673928900000,2023,0.5405161436618285,1673929200000,1673982600000,1909.815,1904.0127142857143,1923.884142857143,1904.0127142857143,2.4247587157770245,-1.0,STOP
swing_filtered,1674009600000,2023,0.6195778471939607,1674009900000,1674046800000,1904.545,1895.7864285714286,1919.1292857142857,1919.1292857142857,1.6651443483933945,1.6651443483933945,TARGET
swing_filtered,1674225000000,2023,0.5584641433301668,1674225300000,1674482700000,1922.165,1916.0882857142858,1938.721857142857,1916.0882857142858,2.724639725415569,-1.0,STOP
swing_filtered,1674483000000,2023,0.538501382415719,1674483300000,1674523800000,1917.525,1910.8887142857143,1933.020142857143,1933.020142857143,2.3349119559133378,2.3349119559133378,TARGET
swing_filtered,1674569400000,2023,0.533040398749984,1674569700000,1674571500000,1930.018,1925.3365,1944.629,1925.3365,3.121008223859753,-1.0,STOP
swing_filtered,1674571800000,2023,0.5493349100999567,1674572100000,1674572400000,1925.805,1921.0865,1940.379,1921.0865,3.0886934407119417,-1.0,STOP
swing_filtered,1674572700000,2023,0.6407795944222158,1674573000000,1674575100000,1920.765,1912.5317142857143,1935.1981428571428,1935.1981428571428,1.7530234414310886,1.7530234414310886,TARGET
swing_filtered,1674641700000,2023,0.5442001255322618,1674642000000,1674659100000,1924.185,1918.6782142857144,1938.3121428571428,1938.3121428571428,2.565406316881839,2.565406316881839,TARGET
swing_filtered,1674724500000,2023,0.622903439549393,1674724800000,1674739800000,1938.175,1931.8185714285714,1952.5007142857141,1931.8185714285714,2.2537363748735824,-1.0,STOP
swing_filtered,1674744300000,2023,0.6012938824010664,1674744600000,1674748500000,1931.795,1924.6726428571428,1947.9944285714284,1924.6726428571428,2.2744476647979064,-1.0,STOP
swing_filtered,1674834300000,2023,0.6394404192152734,1674834600000,1675152300000,1920.075,1911.9127142857144,1934.9741428571429,1911.9127142857144,1.8253640436852516,-1.0,STOP
swing_filtered,1675152600000,2023,0.5334827507149149,1675152900000,1675157400000,1907.925,1904.0529285714285,1919.9632857142856,1904.0529285714285,3.109004039919556,-1.0,STOP
swing_filtered,1675159200000,2023,0.5807156859275503,1675159500000,1675172700000,1903.695,1898.2719285714286,1917.5872857142858,1917.5872857142858,2.5617006704161502,2.5617006704161502,TARGET
swing_filtered,1675238400000,2023,0.5449129106999314,1675238700000,1675271400000,1924.065,1920.9725,1933.835,1920.9725,3.1592562651576612,-1.0,STOP
swing_filtered,1675344600000,2023,0.5910450792669963,1675344900000,1675345800000,1952.765,1945.7574285714286,1966.5952857142856,1945.7574285714286,1.9736203698040415,-1.0,STOP
swing_filtered,1675346400000,2023,0.5346207853057438,1675346700000,1675348800000,1945.105,1938.4352142857142,1961.259142857143,1938.4352142857142,2.4219882840527927,-1.0,STOP
swing_filtered,1675349100000,2023,0.5635205146041281,1675349400000,1675349700000,1933.965,1927.5702142857142,1950.394142857143,1927.5702142857142,2.569146737855641,-1.0,STOP
swing_filtered,1675355700000,2023,0.5286391105076377,1675356000000,1675409700000,1919.185,1910.499857142857,1942.3255714285715,1910.499857142857,2.664385814856252,-1.0,STOP
swing_filtered,1675420200000,2023,0.5749998922279224,1675420500000,1675431000000,1910.455,1905.747357142857,1923.9505714285713,1905.747357142857,2.8667364619842655,-1.0,STOP
swing_filtered,1675431600000,2023,0.5777471050774621,1675431900000,1675432200000,1887.927,1882.6781428571428,1901.3124285714284,1882.6781428571428,2.5501605791737063,-1.0,STOP
swing_filtered,1675433100000,2023,0.5684567104314752,1675433400000,1675433700000,1883.845,1875.324357142857,1904.6275714285714,1875.324357142857,2.4390849114335293,-1.0,STOP
swing_filtered,1675436400000,2023,0.5361876949959479,1675436700000,1675440900000,1873.795,1867.3025714285716,1899.724714285714,1867.3025714285716,3.9938389772702325,-1.0,STOP
swing_filtered,1675443900000,2023,0.5526761993001391,1675444200000,1675887300000,1866.255,1857.6610714285714,1896.3807142857142,1874.945,3.5054648215101305,1.011178988488515,864BAR_TIMEOUT
swing_filtered,1675956600000,2023,0.5489450042901803,1675956900000,1675958400000,1875.435,1868.3165714285715,1893.3687142857143,1868.3165714285715,2.519336129563153,-1.0,STOP
swing_filtered,1675958700000,2023,0.5825537385748611,1675959000000,1675971600000,1870.405,1860.1080714285715,1886.7077142857142,1860.1080714285715,1.58325991800608,-1.0,STOP
swing_filtered,1675999800000,2023,0.5256739636528275,1676000100000,1676385000000,1856.585,1847.2363571428573,1879.8945714285712,1847.2363571428573,2.493364201068149,-1.0,STOP
swing_filtered,1676467800000,2023,0.5539948317043979,1676468100000,1676599200000,1832.725,1827.1826428571428,1848.7094285714288,1827.1826428571428,2.884048818836834,-1.0,STOP
swing_filtered,1676964300000,2023,0.5406140104046505,1676964600000,1676968200000,1835.844,1831.1845714285714,1845.0317142857139,1831.1845714285714,1.9718543046356327,-1.0,STOP
swing_filtered,1677078600000,2023,0.5343510738403201,1677078900000,1677093300000,1832.775,1827.0167857142856,1848.107857142857,1827.0167857142856,2.66277987967485,-1.0,STOP
swing_filtered,1677095100000,2023,0.5240086845416226,1677095400000,1677159000000,1827.525,1820.1692142857144,1845.0981428571429,1820.1692142857144,2.3890232178751267,-1.0,STOP
swing_filtered,1677159600000,2023,0.6059576622121148,1677159900000,1677245400000,1819.895,1814.1087142857143,1830.5401428571429,1814.1087142857143,1.8397195338732197,-1.0,STOP
swing_filtered,1677249000000,2023,0.5573551290545893,1677249300000,1677469200000,1813.425,1806.6960714285713,1825.3057142857142,1806.6960714285713,1.7656175362241535,-1.0,STOP
swing_filtered,1677569100000,2023,0.5308214316881906,1677569400000,1677571500000,1812.095,1807.1522857142857,1822.4158571428572,1807.1522857142857,2.0880950316482925,-1.0,STOP
swing_filtered,1677572100000,2023,0.6055659392326453,1677572400000,1677595500000,1806.835,1801.5856428571428,1816.6274285714287,1816.6274285714287,1.8654529126015396,1.8654529126015396,TARGET
swing_filtered,1678099500000,2023,0.5397254313163418,1678099800000,1678128300000,1850.765,1846.8114285714287,1864.1792857142857,1846.8114285714287,3.392953929539271,-1.0,STOP
swing_filtered,1678185000000,2023,0.5259658161715817,1678185300000,1678192200000,1843.278,1839.9969285714285,1853.2372857142857,1839.9969285714285,3.035376074888329,-1.0,STOP
swing_filtered,1678197600000,2023,0.6231033352066379,1678197900000,1678201200000,1834.785,1828.7409285714286,1845.0362857142857,1828.7409285714286,1.6960894382925167,-1.0,STOP
swing_filtered,1678201800000,2023,0.5472077974237537,1678202100000,1678204200000,1822.885,1817.8553571428572,1835.3685714285714,1817.8553571428572,2.4819995739544396,-1.0,STOP
swing_filtered,1678783500000,2023,0.5888783406522287,1678783800000,1678801500000,1902.615,1896.0675,1919.0049999999999,1896.0675,2.503245513554811,-1.0,STOP
swing_filtered,1678868400000,2023,0.5575344910925347,1678868700000,1678874400000,1889.245,1884.555,1901.0549999999998,1901.0549999999998,2.51812366737748,2.51812366737748,TARGET
swing_filtered,1679321400000,2023,0.5483813580265651,1679321700000,1679406000000,1968.305,1955.6279285714286,2006.2282857142857,1955.6279285714286,2.9914863166909686,-1.0,STOP
swing_filtered,1679412900000,2023,0.5497815464915569,1679413200000,1679419500000,1945.275,1936.600857142857,1968.4165714285714,1936.600857142857,2.6678799057954525,-1.0,STOP
swing_filtered,1679423700000,2023,0.5313074225036596,1679424000000,1679510100000,1938.215,1929.7601428571427,1966.9844285714287,1966.9844285714287,3.4027101919437537,3.4027101919437537,TARGET
swing_filtered,1679647200000,2023,0.5647573202229584,1679647500000,1679661000000,1983.468,1975.7432857142858,2002.7018571428573,2002.7018571428573,2.4899117859190425,2.4899117859190425,TARGET
swing_filtered,1679868300000,2023,0.5263142048348262,1679868600000,1679909400000,1972.414,1960.9858571428572,2001.5765714285715,1960.9858571428572,2.5518206932760146,-1.0,STOP
swing_filtered,1679910300000,2023,0.5537647854571972,1679910600000,1679911800000,1958.538,1952.0695714285714,1976.0467142857144,1952.0695714285714,2.706795644780146,-1.0,STOP
swing_filtered,1679921100000,2023,0.5974588886640607,1679921400000,1680015300000,1947.985,1939.095,1968.495,1968.495,2.30708661417326,2.30708661417326,TARGET
swing_filtered,1680069900000,2023,0.5339969511223397,1680070200000,1680073500000,1963.045,1958.9312142857143,1976.4001428571428,1958.9312142857143,3.246436198843531,-1.0,STOP
swing_filtered,1680247800000,2023,0.533569289213083,1680248100000,1680282900000,1977.145,1972.7421428571429,1989.5064285714288,1972.7421428571429,2.8075924724205983,-1.0,STOP
swing_filtered,1680589800000,2023,0.5653882536105864,1680590100000,1680615600000,1977.495,1973.2573571428572,1991.0955714285712,1991.0955714285712,3.2094661789743033,3.2094661789743033,TARGET
swing_filtered,1680703800000,2023,0.7382146165453195,1680704100000,1680705000000,2024.895,2014.477142857143,2036.3114285714287,2014.477142857143,1.095851902639728,-1.0,STOP
swing_filtered,1680789300000,2023,0.5245121672316186,1680789600000,1681077900000,2003.598,1995.9127857142857,2021.3488571428572,1995.9127857142857,2.3097413400500444,-1.0,STOP
swing_filtered,1681131900000,2023,0.5585050819605465,1681132200000,1681137300000,1989.305,1981.8190714285713,2006.2987142857144,1981.8190714285713,2.2700876883294785,-1.0,STOP
swing_filtered,1681307100000,2023,0.5309363035241508,1681307400000,1681371000000,2002.875,1995.6020714285714,2023.716714285714,2023.716714285714,2.8656563970104076,2.8656563970104076,TARGET
swing_filtered,1681458300000,2023,0.5561982207883538,1681458600000,1681460400000,2037.465,2032.9025,2050.865,2032.9025,2.936986301369833,-1.0,STOP
swing_filtered,1681461000000,2023,0.5657181114438175,1681461300000,1681475700000,2033.795,2028.0291428571427,2046.5084285714286,2028.0291428571427,2.2049503233318233,-1.0,STOP
swing_filtered,1681476000000,2023,0.5520341481922156,1681476300000,1681476300000,2022.925,2018.769,2039.094,2018.769,3.8905197305101766,-1.0,STOP
swing_filtered,1681476600000,2023,0.5677694666010618,1681476900000,1681481100000,2021.615,2013.06,2033.385,2013.06,1.3758036236119104,-1.0,STOP
swing_filtered,1681739100000,2023,0.6906181088220389,1681739400000,1681742400000,1997.165,1987.076,2011.2859999999998,1987.076,1.3996431757359449,-1.0,STOP
swing_filtered,1681742700000,2023,0.6188523103869655,1681743000000,1681802700000,1984.805,1975.6729285714284,2002.1782857142857,2002.1782857142857,1.9024474184388904,1.9024474184388904,TARGET
swing_filtered,1681824600000,2023,0.609850803413744,1681824900000,1681826700000,1994.365,1987.392857142857,2006.4035714285715,2006.4035714285715,1.7266673496567915,1.7266673496567915,TARGET
swing_filtered,1681885500000,2023,0.5802977936037788,1681885800000,1681893300000,1990.665,1982.356857142857,2004.9475714285716,1982.356857142857,1.719105180803696,-1.0,STOP
swing_filtered,1681893900000,2023,0.5655911613353336,1681894200000,1681899300000,1979.205,1972.125142857143,1993.7694285714285,1972.125142857143,2.0571641881394336,-1.0,STOP
swing_filtered,1681899600000,2023,0.5557777993613703,1681899900000,1681911900000,1973.445,1965.8293571428571,1992.7075714285713,1992.7075714285713,2.529342800063792,2.529342800063792,TARGET
swing_filtered,1682058600000,2023,0.6090192097967434,1682058900000,1682084700000,1986.525,1980.1625714285713,1998.119714285714,1980.1625714285713,1.8223724094571785,-1.0,STOP
swing_filtered,1682343300000,2023,0.59420953514657,1682343600000,1682355900000,1976.595,1971.2838571428572,1988.7895714285714,1988.7895714285714,2.296035289687453,2.296035289687453,TARGET
swing_filtered,1682412600000,2023,0.5405827819319976,1682412900000,1682420100000,1987.828,1982.346142857143,2004.6054285714285,1982.346142857143,3.060537356995855,-1.0,STOP
swing_filtered,1682420400000,2023,0.5305729208634784,1682420700000,1682445300000,1981.405,1974.7645714285713,1998.9667142857143,1998.9667142857143,2.6446657917948273,2.6446657917948273,TARGET
swing_filtered,1682509200000,2023,0.646987824631962,1682509500000,1682515200000,1993.305,1987.6925,2005.6550000000002,2005.6550000000002,2.200445434298483,2.200445434298483,TARGET
swing_filtered,1682525100000,2023,0.5317078412246655,1682525400000,1682599200000,1990.145,1983.1679285714285,2009.7532857142855,1983.1679285714285,2.810389131747843,-1.0,STOP
swing_filtered,1682602200000,2023,0.5530102292627604,1682602500000,1682944200000,1981.564,1973.0731428571428,1999.7824285714285,1999.7824285714285,2.145652466518547,2.145652466518547,TARGET
swing_filtered,1683014700000,2023,0.6261928963215911,1683015000000,1683025500000,1980.095,1975.784642857143,1989.7514285714285,1989.7514285714285,2.240285027757049,2.240285027757049,TARGET
swing_filtered,1683116100000,2023,0.839526889940876,1683116400000,1683120000000,2012.504,2004.811,2017.826,2017.826,0.6917977382035783,0.6917977382035783,TARGET
swing_filtered,1683274200000,2023,0.5641801038506631,1683274500000,1683289200000,2039.925,2034.6720714285714,2054.9867142857142,2034.6720714285714,2.867298513754226,-1.0,STOP
swing_filtered,1683289800000,2023,0.7994510004049956,1683290100000,1683290100000,2026.805,2016.5697142857143,2035.3961428571426,2016.5697142857143,0.8393652211536835,-1.0,STOP
swing_filtered,1683290400000,2023,0.5471924613991862,1683290700000,1683294300000,2008.345,2003.8397142857143,2022.6661428571426,2003.8397142857143,3.1787424295271625,-1.0,STOP
swing_filtered,1683295500000,2023,0.5548228681442081,1683295800000,1683549600000,2002.954,1992.9189999999999,2025.599,2025.599,2.2566018933731735,2.2566018933731735,TARGET
swing_filtered,1683721500000,2023,0.551859204165214,1683721800000,1683721800000,2029.628,2021.6919285714284,2038.0572857142856,2038.0572857142856,1.0621484181629879,1.0621484181629879,TARGET
swing_filtered,1683789000000,2023,0.5908937080298429,1683789300000,1683804000000,2024.904,2018.2745714285713,2035.4717142857144,2035.4717142857144,1.5940611127871311,1.5940611127871311,TARGET
swing_filtered,1683867600000,2023,0.6673444890796462,1683867900000,1683884100000,2011.125,2004.449285714286,2023.527857142857,2004.449285714286,1.8579071260432742,-1.0,STOP
swing_filtered,1683884400000,2023,0.6479748133388713,1683884700000,1683895200000,2003.104,1997.9502857142857,2013.623857142857,2013.623857142857,2.0412185386405923,2.0412185386405923,TARGET
swing_filtered,1684218300000,2023,0.5255333371502192,1684218600000,1684239300000,2006.454,2002.4215714285715,2015.6887142857142,2002.4215714285715,2.290112303822649,-1.0,STOP
swing_filtered,1684240200000,2023,0.737840197489914,1684240500000,1684240800000,2004.584,1998.049142857143,2013.4234285714285,2013.4234285714285,1.3526582721231004,1.3526582721231004,TARGET
swing_filtered,1684251900000,2023,0.5605777824345689,1684252200000,1684255200000,1996.554,1989.9972142857143,2012.7361428571428,1989.9972142857143,2.467999346369591,-1.0,STOP
swing_filtered,1684311000000,2023,0.6120604391937041,1684311300000,1684317600000,1987.725,1983.822642857143,1997.379428571429,1983.822642857143,2.4739992312340653,-1.0,STOP
swing_filtered,1684326000000,2023,0.5961500752289903,1684326300000,1684331400000,1983.114,1979.2667142857142,1992.653142857143,1979.2667142857142,2.47944747688532,-1.0,STOP
swing_filtered,1684331700000,2023,0.5755062601629675,1684332000000,1684397700000,1977.594,1972.6779999999999,1991.228,1972.6779999999999,2.7733930024409177,-1.0,STOP
swing_filtered,1684413000000,2023,0.5725629885829464,1684413300000,1684415400000,1968.305,1964.173857142857,1979.5745714285713,1964.173857142857,2.7279549069782063,-1.0,STOP
swing_filtered,1684420800000,2023,0.5240903311697105,1684421100000,1684509300000,1955.845,1950.330642857143,1971.4524285714285,1971.4524285714285,2.8303260320462367,2.8303260320462367,TARGET
swing_filtered,1684755600000,2023,0.578620870538203,1684755900000,1684803600000,1971.065,1965.9652142857142,1984.6141428571425,1965.9652142857142,2.656806308388144,-1.0,STOP
swing_filtered,1684821900000,2023,0.5742561692179575,1684822200000,1684826700000,1962.125,1955.3151428571427,1975.8294285714283,1955.3151428571427,2.012439950491854,-1.0,STOP
swing_filtered,1684937100000,2023,0.6057299077490716,1684937400000,1684943400000,1970.645,1962.1862857142858,1985.1948571428572,1962.1862857142858,1.7201026836230024,-1.0,STOP
swing_filtered,1684944900000,2023,0.5261019662685696,1684945200000,1685017800000,1959.855,1952.6712142857143,1979.5401428571429,1952.6712142857143,2.74021854772156,-1.0,STOP
swing_filtered,1685112300000,2023,0.6283597982592634,1685112600000,1685424000000,1941.665,1934.1910714285714,1956.9607142857144,1934.1910714285714,2.0465427438237844,-1.0,STOP
swing_filtered,1685600100000,2023,0.5333687943867949,1685600400000,1685603400000,1962.205,1957.8992857142857,1974.577857142857,1957.8992857142857,2.8735899137359513,-1.0,STOP
swing_filtered,1685709000000,2023,0.8158001371792069,1685709300000,1685710200000,1977.604,1968.7390714285714,1984.5337142857143,1968.7390714285714,0.7816999572955883,-1.0,STOP
swing_filtered,1685713200000,2023,0.5386524836511277,1685713500000,1685713500000,1968.035,1962.9432857142858,1982.451857142857,1962.9432857142858,2.831434824083931,-1.0,STOP
swing_filtered,1685714100000,2023,0.548821340165656,1685714400000,1685722200000,1963.315,1956.8797857142856,1981.105857142857,1956.8797857142856,2.764609903100046,-1.0,STOP
swing_filtered,1685932500000,2023,0.5270645595023499,1685932800000,1685951400000,1945.615,1938.8274999999999,1964.2649999999999,1938.8274999999999,2.747697974217236,-1.0,STOP
swing_filtered,1685968800000,2023,0.5759522691084041,1685969100000,1685973600000,1939.715,1934.1067142857144,1953.798142857143,1953.798142857143,2.5111314891233323,2.5111314891233323,TARGET
swing_filtered,1686037200000,2023,0.5853883793497578,1686037500000,1686145800000,1957.765,1954.0426428571427,1968.3044285714286,1968.3044285714286,2.8313856427376933,2.8313856427376933,TARGET
swing_filtered,1686318000000,2023,0.6011920344334463,1686318300000,1686577500000,1958.145,1953.5514285714285,1968.1692857142857,1953.5514285714285,2.1822422640335453,-1.0,STOP
swing_filtered,1686578100000,2023,0.5236557880004646,1686578400000,1686653700000,1952.005,1944.9313571428572,1965.8995714285713,1965.8995714285713,1.9642738132503597,1.9642738132503597,TARGET
swing_filtered,1686664200000,2023,0.5310043681282356,1686664500000,1686669600000,1955.085,1949.0715714285714,1971.5887142857143,1949.0715714285714,2.744476647503161,-1.0,STOP
swing_filtered,1686765600000,2023,0.6487620315522444,1686765900000,1686790200000,1945.698,1938.7725714285716,1958.7347142857143,1938.7725714285716,1.882441519864692,-1.0,STOP
swing_filtered,1686832200000,2023,0.545695214773988,1686832500000,1686836400000,1930.934,1919.9660714285715,1944.6257142857141,1944.6257142857141,1.2483409420974112,1.2483409420974112,TARGET
swing_filtered,1686925500000,2023,0.5681120513162276,1686925800000,1687171800000,1954.355,1949.3055714285715,1968.602714285714,1949.3055714285715,2.821648842867627,-1.0,STOP
swing_filtered,1687265400000,2023,0.578094726357458,1687265700000,1687266900000,1946.185,1940.6889285714285,1957.7692857142856,1940.6889285714285,2.1077392943011115,-1.0,STOP
swing_filtered,1687267800000,2023,0.5488884888650214,1687268100000,1687268400000,1938.315,1932.3489285714286,1952.0792857142858,1932.3489285714286,2.3070936845255794,-1.0,STOP
swing_filtered,1687350000000,2023,0.5560919119481222,1687350300000,1687354500000,1929.045,1925.2739285714285,1939.2292857142859,1925.2739285714285,2.7006345297849683,-1.0,STOP
swing_filtered,1687354800000,2023,0.6023719496036924,1687355100000,1687357800000,1923.755,1915.8146428571429,1932.1164285714285,1932.1164285714285,1.053029280798779,1.053029280798779,TARGET
swing_filtered,1687416900000,2023,0.5296545841455547,1687417200000,1687423200000,1928.015,1924.8146428571429,1938.4614285714288,1924.8146428571429,3.2641446267157113,-1.0,STOP
swing_filtered,1687435800000,2023,0.5481151185042604,1687436100000,1687438800000,1925.975,1921.1272857142856,1936.665857142857,1921.1272857142856,2.2053397772145593,-1.0,STOP
swing_filtered,1687439100000,2023,0.5735055991258184,1687439400000,1687444200000,1920.885,1915.6630714285714,1932.9727142857143,1915.6630714285714,2.314798856470638,-1.0,STOP
swing_filtered,1687787100000,2023,0.529748876291202,1687787400000,1687874400000,1922.225,1918.147,1934.5369999999998,1918.147,3.0191270230505087,-1.0,STOP
swing_filtered,1687875300000,2023,0.5883947248839732,1687875600000,1687945500000,1913.935,1907.5180714285714,1926.8527142857142,1907.5180714285714,2.0130681122477374,-1.0,STOP
swing_filtered,1687946700000,2023,0.6148405778612595,1687947000000,1687959900000,1908.705,1903.9775714285713,1918.579714285714,1903.9775714285713,2.0888130061645853,-1.0,STOP
swing_filtered,1688019900000,2023,0.5248633741062043,1688020200000,1688042100000,1903.285,1899.5220000000002,1914.487,1899.5220000000002,2.9768801488174956,-1.0,STOP
swing_filtered,1688042400000,2023,0.5716116577801722,1688042700000,1688043600000,1900.055,1895.086,1910.3809999999999,1895.086,2.07808412155357,-1.0,STOP
swing_filtered,1688105400000,2023,0.567629537122691,1688105700000,1688113800000,1904.785,1901.9343571428572,1913.1375714285714,1901.9343571428572,2.930065899922207,-1.0,STOP
swing_filtered,1688114100000,2023,0.5424823881881572,1688114400000,1688128200000,1901.185,1898.1957857142856,1909.541857142857,1909.541857142857,2.7956701474347843,2.7956701474347843,TARGET
swing_filtered,1688365500000,2023,0.5600582087315507,1688365800000,1688372100000,1914.785,1910.4819285714284,1925.2972857142856,1910.4819285714284,2.442972627525007,-1.0,STOP
swing_filtered,1688594400000,2023,0.5297896176966513,1688594700000,1688646000000,1916.168,1910.0019285714286,1931.2122857142854,1910.0019285714286,2.4398494063133693,-1.0,STOP
swing_filtered,1688646300000,2023,0.5939554483735104,1688646600000,1688647200000,1910.315,1904.5974999999999,1918.7350000000001,1904.5974999999999,1.4726716222124667,-1.0,STOP
swing_filtered,1688647800000,2023,0.6121093784246268,1688648100000,1688650500000,1904.765,1899.6775,1913.8150000000003,1913.8150000000003,1.778869778869783,1.778869778869783,TARGET
swing_filtered,1688991600000,2023,0.5449880713696028,1688991900000,1688993100000,1918.475,1914.3654285714288,1928.813285714286,1914.3654285714288,2.515660305211083,-1.0,STOP
swing_filtered,1689251400000,2023,0.5467423420574749,1689251700000,1689343200000,1955.485,1951.7337142857143,1967.240142857143,1951.7337142857143,3.133630374347995,-1.0,STOP
swing_filtered,1689597900000,2023,0.5349595963833947,1689598200000,1689601200000,1949.925,1945.6779999999999,1961.563,1945.6779999999999,2.74028726159641,-1.0,STOP
swing_filtered,1689765900000,2023,0.5506048053966112,1689766200000,1689816600000,1972.335,1968.9565714285716,1983.0937142857144,1983.0937142857144,3.1845321155229973,3.1845321155229973,TARGET
swing_filtered,1689864000000,2023,0.525340804435936,1689864300000,1689927600000,1966.415,1961.5485714285714,1982.2307142857142,1961.5485714285714,3.2499633054454913,-1.0,STOP
swing_filtered,1689945600000,2023,0.5797548648225058,1689945900000,1690222200000,1960.335,1955.1804285714286,1971.103285714286,1955.1804285714286,2.089074884984226,-1.0,STOP
swing_filtered,1690284300000,2023,0.5324548990325954,1690284600000,1690297500000,1953.785,1950.3345714285715,1964.1867142857143,1964.1867142857143,3.0146151616776127,3.0146151616776127,TARGET
swing_filtered,1690461000000,2023,0.6071199231660594,1690461300000,1690461600000,1969.045,1962.9791428571427,1981.3734285714288,1962.9791428571427,2.032429759072992,-1.0,STOP
swing_filtered,1690779900000,2023,0.5414895682986336,1690780200000,1690806600000,1953.595,1950.1572142857144,1964.546142857143,1964.546142857143,3.1855222423072536,3.1855222423072536,TARGET
swing_filtered,1690866000000,2023,0.5985863408330817,1690866300000,1690873800000,1959.895,1955.5854285714286,1970.0832857142855,1955.5854285714286,2.364106473961567,-1.0,STOP
swing_filtered,1690874400000,2023,0.6060707175389202,1690874700000,1690891200000,1956.895,1952.4347142857143,1964.7861428571427,1952.4347142857143,1.7692012042790408,-1.0,STOP
swing_filtered,1690892400000,2023,0.5740586120682599,1690892700000,1690893900000,1951.425,1947.7074285714286,1960.5952857142859,1947.7074285714286,2.4667409599201964,-1.0,STOP
swing_filtered,1690895400000,2023,0.5534413749566169,1690895700000,1690902900000,1947.285,1942.0136428571427,1957.9704285714286,1942.0136428571427,2.0270735375817046,-1.0,STOP
swing_filtered,1690979100000,2023,0.5960881971189164,1690979400000,1690985400000,1948.335,1941.5217857142857,1959.5878571428573,1941.5217857142857,1.651622372490428,-1.0,STOP
swing_filtered,1691045700000,2023,0.5252353286734255,1691046000000,1691065500000,1933.445,1930.0631428571428,1943.2724285714285,1930.0631428571428,2.905926583027064,-1.0,STOP
swing_filtered,1691386800000,2023,0.5297496305653043,1691387100000,1691404800000,1936.945,1933.480642857143,1948.6524285714286,1933.480642857143,3.3793942392942933,-1.0,STOP
swing_filtered,1691405100000,2023,0.6374804771528451,1691405400000,1691481300000,1934.795,1930.5565,1944.1640000000002,1930.5565,2.210451810782067,-1.0,STOP
swing_filtered,1691495400000,2023,0.5411975798696891,1691495700000,1691496300000,1929.255,1925.0723571428573,1939.8855714285717,1925.0723571428573,2.5415919531397355,-1.0,STOP
swing_filtered,1691501400000,2023,0.5872991906335885,1691501700000,1691592600000,1925.295,1919.1209285714285,1936.7912857142858,1919.1209285714285,1.8620266783900028,-1.0,STOP
swing_filtered,1691679000000,2023,0.5336277389056011,1691679300000,1692015000000,1914.185,1909.7599285714284,1928.0852857142856,1909.7599285714284,3.141256799728745,-1.0,STOP
swing_filtered,1692015300000,2023,0.5385325783601363,1692015600000,1692019500000,1909.075,1905.5138571428572,1918.1695714285715,1905.5138571428572,2.553835044929428,-1.0,STOP
swing_filtered,1692019800000,2023,0.5791045575450328,1692020100000,1692102000000,1905.535,1901.3595714285714,1915.7367142857142,1901.3595714285714,2.443273573285779,-1.0,STOP
swing_filtered,1692102600000,2023,0.8376574554058915,1692102900000,1692105000000,1901.255,1893.779,1905.959,1905.959,0.6292134831460513,0.6292134831460513,TARGET
swing_filtered,1692190200000,2023,0.6201730823934248,1692190500000,1692206700000,1901.855,1897.7410714285713,1908.560714285714,1897.7410714285713,1.6300026043926432,-1.0,STOP
swing_filtered,1692362100000,2023,0.6262503299158525,1692362400000,1692581700000,1890.085,1886.3592142857144,1897.3381428571429,1886.3592142857144,1.9467418186001497,-1.0,STOP
swing_filtered,1692711000000,2023,0.5682544480951988,1692711300000,1692712500000,1894.045,1889.7016428571428,1905.9184285714284,1889.7016428571428,2.7336984228788213,-1.0,STOP
swing_filtered,1692879000000,2023,0.5687332672676101,1692879300000,1692880800000,1914.965,1911.7622857142858,1923.425857142857,1911.7622857142858,2.641777064097525,-1.0,STOP
swing_filtered,1692972000000,2023,0.8927134694745326,1692972300000,1692972900000,1920.315,1908.7402142857145,1921.364142857143,1921.364142857143,0.09064036976926916,0.09064036976926916,TARGET
swing_filtered,1692973500000,2023,0.5754378761508999,1692973800000,1692974100000,1910.995,1907.1502142857144,1919.7741428571428,1907.1502142857144,2.283389377078539,-1.0,STOP
swing_filtered,1692974700000,2023,0.5583128110142039,1692975000000,1692996900000,1905.955,1902.180214285714,1914.8041428571428,1914.8041428571428,2.34427687475157,2.34427687475157,TARGET
swing_filtered,1693225800000,2023,0.6474680245362249,1693226100000,1693236000000,1914.505,1911.4952142857144,1920.4941428571428,1920.4941428571428,1.9898901203217552,1.9898901203217552,TARGET
swing_filtered,1693310400000,2023,0.5401070729092451,1693310700000,1693317600000,1916.965,1913.9532142857142,1925.7621428571429,1925.7621428571429,2.920905964662698,2.920905964662698,TARGET
swing_filtered,1693488900000,2023,0.7135644461668096,1693489200000,1693496700000,1942.755,1939.1705,1949.2430000000002,1939.1705,1.810015343841474,-1.0,STOP
swing_filtered,1693576800000,2023,0.6554966441352069,1693577100000,1693901100000,1940.865,1934.3227857142856,1950.7838571428572,1934.3227857142856,1.5161314976362077,-1.0,STOP
swing_filtered,1693902900000,2023,0.565577965293067,1693903200000,1693912200000,1933.215,1930.0242142857144,1940.1231428571427,1930.0242142857144,2.1650287658661056,-1.0,STOP
swing_filtered,1693916400000,2023,0.5333155421252578,1693916700000,1693922400000,1929.145,1926.5169285714285,1937.3572857142856,1926.5169285714285,3.12483352811663,-1.0,STOP
swing_filtered,1693923300000,2023,0.5326542764373826,1693923600000,1694005200000,1926.984,1922.44,1937.765,1922.44,2.37257922535222,-1.0,STOP
swing_filtered,1694005500000,2023,0.525652232845227,1694005800000,1694010300000,1922.445,1918.7721428571429,1930.0514285714287,1918.7721428571429,2.0709840528977876,-1.0,STOP
swing_filtered,1694011200000,2023,0.6129737202083121,1694011500000,1694139000000,1916.655,1912.6115,1926.0790000000002,1926.0790000000002,2.3306541362681386,2.3306541362681386,TARGET
swing_filtered,1694386800000,2023,0.5240787020487943,1694387100000,1694415900000,1917.634,1913.4103571428573,1929.2785714285715,1929.2785714285715,2.7569971757623666,2.7569971757623666,TARGET
swing_filtered,1694445300000,2023,0.555548424126285,1694445600000,1694514900000,1922.945,1918.248,1933.483,1918.248,2.2435597189696104,-1.0,STOP
swing_filtered,1694518200000,2023,0.6224298041069011,1694518500000,1694521500000,1912.818,1908.8235714285713,1919.5757142857142,1908.8235714285713,1.6917849862307581,-1.0,STOP
swing_filtered,1694523600000,2023,0.5859849482068746,1694523900000,1694694600000,1908.545,1904.8960000000002,1917.806,1904.8960000000002,2.537955604275213,-1.0,STOP
swing_filtered,1695045600000,2023,0.5324123978679027,1695045900000,1695057300000,1923.175,1920.219,1932.5140000000001,1932.5140000000001,3.1593369418134216,3.1593369418134216,TARGET
swing_filtered,1695106500000,2023,0.5705306297879675,1695106800000,1695119400000,1930.408,1928.0829285714285,1936.0882857142858,1936.0882857142858,2.4430585849898283,2.4430585849898283,TARGET
swing_filtered,1695147300000,2023,0.5345772765843906,1695147600000,1695217200000,1930.135,1927.157642857143,1939.7444285714284,1939.7444285714284,3.227502818895059,3.227502818895059,TARGET
swing_filtered,1695300600000,2023,0.5289421361718265,1695300900000,1695366900000,1915.155,1910.5377142857142,1927.7741428571428,1927.7741428571428,2.73302187432314,2.73302187432314,TARGET
swing_filtered,1695600600000,2023,0.5577565663961697,1695600900000,1695651300000,1924.215,1920.724,1932.779,1920.724,2.4531652821541434,-1.0,STOP
swing_filtered,1695651900000,2023,0.594423796042469,1695652200000,1695708900000,1916.505,1912.5925714285715,1924.8547142857142,1912.5925714285715,2.1341512396391944,-1.0,STOP
swing_filtered,1695711600000,2023,0.5708995158469149,1695711900000,1695731700000,1910.555,1907.8066428571428,1916.6484285714287,1907.8066428571428,2.2171167190788714,-1.0,STOP
swing_filtered,1695735300000,2023,0.5711631715966244,1695735600000,1695740700000,1905.055,1902.0420000000001,1914.457,1902.0420000000001,3.1204779289745415,-1.0,STOP
swing_filtered,1695744300000,2023,0.5364698601235465,1695744600000,1695789000000,1901.075,1897.3515,1913.7340000000002,1897.3515,3.3997582919296114,-1.0,STOP
swing_filtered,1695809700000,2023,0.5412182478235895,1695810000000,1695816000000,1895.075,1892.0684999999999,1904.1009999999999,1892.0684999999999,3.002161982371288,-1.0,STOP
swing_filtered,1695817200000,2023,0.5852249150739586,1695817500000,1695822000000,1890.965,1887.5765714285715,1899.7187142857144,1887.5765714285715,2.583414140562582,-1.0,STOP
swing_filtered,1695822900000,2023,0.6325642017946975,1695823200000,1695828000000,1887.805,1881.2739285714285,1896.594285714286,1881.2739285714285,1.345764750915949,-1.0,STOP
swing_filtered,1695828300000,2023,0.5294455812092068,1695828600000,1695832500000,1880.275,1876.389,1892.719,1876.389,3.2022645393719342,-1.0,STOP
swing_filtered,1695832800000,2023,0.5406944245219221,1695833100000,1695835800000,1876.885,1872.7602142857143,1889.534142857143,1872.7602142857143,3.0666181792993843,-1.0,STOP
swing_filtered,1695838200000,2023,0.5620049857418824,1695838500000,1695911700000,1873.145,1868.6056428571428,1887.8024285714284,1868.6056428571428,3.2289657125772546,-1.0,STOP
swing_filtered,1695912600000,2023,0.5422460042493059,1695912900000,1695913500000,1867.385,1863.1287857142859,1878.9098571428572,1863.1287857142859,2.707771829425992,-1.0,STOP
swing_filtered,1695914400000,2023,0.5384337660422787,1695914700000,1695972900000,1860.705,1853.736142857143,1872.8804285714286,1872.8804285714286,1.7471198392850618,1.7471198392850618,TARGET
swing_filtered,1695996300000,2023,0.5259614065021385,1695996600000,1695999600000,1863.005,1858.1120714285714,1876.6767142857143,1858.1120714285714,2.794178187179665,-1.0,STOP
swing_filtered,1696219800000,2023,0.560017098551258,1696220100000,1696237200000,1843.935,1838.153857142857,1861.0595714285712,1838.153857142857,2.9621429277453415,-1.0,STOP
swing_filtered,1696237500000,2023,0.5725891541719987,1696237800000,1696239000000,1837.765,1833.2155,1850.463,1833.2155,2.7910759424111755,-1.0,STOP
swing_filtered,1696257600000,2023,0.547835193811405,1696257900000,1696288200000,1827.935,1822.5304285714287,1845.2032857142858,1822.5304285714287,3.1951258194122913,-1.0,STOP
swing_filtered,1696509000000,2023,0.5500963861871314,1696509300000,1696509300000,1819.985,1815.9295714285715,1830.3567142857144,1815.9295714285715,2.557489079893086,-1.0,STOP
swing_filtered,1696596300000,2023,0.6866190589555833,1696596600000,1696597800000,1812.905,1807.8089285714286,1820.2042857142858,1820.2042857142858,1.432335832924564,1.432335832924564,TARGET
swing_filtered,1696936200000,2023,0.5585694215840035,1696936500000,1697010000000,1855.885,1851.8918571428571,1867.3575714285712,1867.3575714285712,2.8730681167715515,2.8730681167715515,TARGET
swing_filtered,1697122800000,2023,0.5780540066228311,1697123100000,1697189100000,1871.995,1866.6833571428572,1885.7915714285716,1885.7915714285716,2.59742076032448,2.59742076032448,TARGET
swing_filtered,1697439600000,2023,0.5876896008151133,1697439900000,1697544900000,1909.658,1903.3672857142858,1926.9558571428572,1926.9558571428572,2.7497445214035356,2.7497445214035356,TARGET
swing_filtered,1698012000000,2023,0.5365472057865265,1698012300000,1698145200000,1972.285,1958.0527857142856,1992.1138571428571,1958.0527857142856,1.393237675093199,-1.0,STOP
swing_filtered,1698246000000,2023,0.6613748176984036,1698246300000,1698248700000,1967.415,1957.8076428571428,1983.0394285714285,1983.0394285714285,1.626298298179219,1.626298298179219,TARGET
swing_filtered,1698323400000,2023,0.6184046180382581,1698323700000,1698324300000,1982.445,1975.8159285714287,1995.276285714286,1975.8159285714287,1.9356083054080875,-1.0,STOP
swing_filtered,1698329400000,2023,0.5493322947841597,1698329700000,1698428100000,1975.265,1969.435,1993.085,1993.085,3.0566037735848135,3.0566037735848135,TARGET
swing_filtered,1698768600000,2023,0.5667719040264745,1698768900000,1698776100000,1988.965,1982.0282142857143,2004.2071428571428,1982.0282142857143,2.197291870462882,-1.0,STOP
swing_filtered,1698856500000,2023,0.5785600803137,1698856800000,1698864000000,1976.575,1970.904,1991.5090000000002,1970.904,2.6333979897725386,-1.0,STOP
swing_filtered,1698932700000,2023,0.6151003281582589,1698933000000,1698939600000,1983.505,1979.2335714285714,1993.7407142857141,1979.2335714285714,2.396321070233976,-1.0,STOP
swing_filtered,1699341600000,2023,0.5265948306853445,1699341900000,1699347600000,1968.025,1964.6432142857143,1977.0021428571429,1964.6432142857143,2.654556975393301,-1.0,STOP
swing_filtered,1699352100000,2023,0.5560521654855112,1699352400000,1699356900000,1966.205,1962.622357142857,1976.4505714285713,1962.622357142857,2.8597802898896862,-1.0,STOP
swing_filtered,1699359000000,2023,0.5458206238736768,1699359300000,1699361100000,1962.315,1958.4524285714288,1972.6152857142858,1958.4524285714288,2.6666913233228398,-1.0,STOP
swing_filtered,1699361400000,2023,0.5240873411266512,1699361700000,1699382700000,1957.735,1954.2824285714287,1968.4452857142858,1968.4452857142858,3.1021185038069214,3.1021185038069214,TARGET
swing_filtered,1699439700000,2023,0.5431292697040534,1699440000000,1699456200000,1960.625,1957.1974285714284,1968.6352857142856,1957.1974285714284,2.3370149626973156,-1.0,STOP
swing_filtered,1699607400000,2023,0.5604227933959383,1699607700000,1699615200000,1954.235,1950.2666428571429,1966.8584285714285,1950.2666428571429,3.1810212934464617,-1.0,STOP
swing_filtered,1699615800000,2023,0.5422801587013452,1699616100000,1699620000000,1948.005,1944.4604285714286,1958.6832857142858,1944.4604285714286,3.012574560696341,-1.0,STOP
swing_filtered,1699622400000,2023,0.5313694338454878,1699622700000,1699631100000,1943.565,1940.0062142857143,1955.1001428571428,1940.0062142857143,3.2413142524536713,-1.0,STOP
swing_filtered,1699634100000,2023,0.5332767159555609,1699634400000,1699640700000,1938.325,1933.206,1952.701,1933.206,2.8083610080092942,-1.0,STOP
swing_filtered,1699884600000,2023,0.5577227877783235,1699884900000,1699896000000,1934.555,1930.5134285714284,1946.5212857142858,1946.5212857142858,2.9608002544977645,2.9608002544977645,TARGET
swing_filtered,1700059200000,2023,0.5963304688432085,1700059500000,1700059800000,1962.015,1957.8462142857145,1973.6901428571427,1957.8462142857145,2.8006099754981983,-1.0,STOP
swing_filtered,1700231700000,2023,0.572003119615888,1700232000000,1700434800000,1982.715,1978.2544285714287,1995.8572857142858,1977.698,2.9463233410198817,-1.1247437868306474,STOP_GAP
swing_filtered,1700666700000,2023,0.5444486820422173,1700667000000,1701047100000,1991.145,1986.1345000000001,2004.887,2004.887,2.742640455044473,2.742640455044473,TARGET
swing_filtered,1701103200000,2023,0.5319035142644924,1701103500000,1701178800000,2007.555,2001.8370714285713,2020.6917142857144,2020.6917142857144,2.297460369014698,2.297460369014698,TARGET
swing_filtered,1701333600000,2023,0.569853463931914,1701333900000,1701339000000,2041.945,2037.5695714285714,2054.4467142857143,2037.5695714285714,2.857254799529883,-1.0,STOP
swing_filtered,1701342900000,2023,0.5262099369572919,1701343200000,1701352800000,2036.975,2032.971142857143,2050.1404285714284,2032.971142857143,3.2881863916938325,-1.0,STOP
swing_filtered,1701355200000,2023,0.5506163761652336,1701355500000,1701423000000,2034.075,2027.1948571428572,2047.5105714285714,2047.5105714285714,1.9528041361267525,1.9528041361267525,TARGET
swing_filtered,1701703200000,2023,0.5534501791198224,1701703500000,1701703500000,2037.085,2025.6959285714286,2074.141285714286,2025.6959285714286,3.2536704986609997,-1.0,STOP
swing_filtered,1701704100000,2023,0.569216094609396,1701704400000,1701791400000,2024.685,2010.2359285714285,2058.681285714286,2010.2359285714285,2.3528353280240624,-1.0,STOP
swing_filtered,1701960300000,2023,0.6069688726157337,1701960600000,1701968700000,2027.065,2021.2834285714287,2040.2912857142858,2021.2834285714287,2.287662770872985,-1.0,STOP
swing_filtered,1702025700000,2023,0.535587781333565,1702026000000,1702042200000,2028.085,2023.5077857142855,2038.0938571428571,2023.5077857142855,2.186669995786475,-1.0,STOP
swing_filtered,1702042500000,2023,0.6362476542337455,1702042800000,1702044600000,2018.945,2011.1665714285714,2026.9087142857145,2011.1665714285714,1.0238204558394475,-1.0,STOP
swing_filtered,1702045500000,2023,0.5842245675640246,1702045800000,1702054800000,2005.985,1998.4532142857142,2018.6621428571427,1998.4532142857142,1.6831523543079407,-1.0,STOP
swing_filtered,1702055700000,2023,0.5350093894826933,1702056000000,1702305000000,1996.825,1988.9429285714286,2017.0032857142858,1988.9429285714286,2.560023199122791,-1.0,STOP
swing_filtered,1702305900000,2023,0.5312989845694367,1702306200000,1702308000000,1988.535,1983.0796428571427,2004.9564285714284,1983.0796428571427,3.0101472995088536,-1.0,STOP
swing_filtered,1702398900000,2023,0.557869016094607,1702399200000,1702448400000,1981.345,1974.9975,1996.25,1974.9975,2.3481685703032342,-1.0,STOP
swing_filtered,1702450500000,2023,0.5827271452743489,1702450800000,1702474200000,1974.345,1970.1756428571427,1983.9724285714285,1983.9724285714285,2.3090918435523515,2.3090918435523515,TARGET
swing_filtered,1702560600000,2023,0.5806018278116536,1702560900000,1702664700000,2029.875,2021.8878571428572,2049.6735714285714,2021.8878571428572,2.4788052226793353,-1.0,STOP
swing_filtered,1703069700000,2023,0.5239358498162106,1703070000000,1703071200000,2035.825,2033.0687142857141,2045.200142857143,2033.0687142857141,3.4013683010259905,-1.0,STOP
swing_filtered,1703079300000,2023,0.5281430352392331,1703079600000,1703107800000,2031.265,2027.940857142857,2041.6615714285715,2027.940857142857,3.1275946538311477,-1.0,STOP
swing_filtered,1703601600000,2023,0.533423945618904,1703601900000,1703622900000,2055.785,2051.542428571429,2066.1552857142856,2066.1552857142856,2.4443396861744295,2.4443396861744295,TARGET
swing_filtered,1703673000000,2023,0.5928001152508934,1703673300000,1703689800000,2063.115,2058.5712142857146,2072.640142857143,2072.640142857143,2.096301070536241,2.096301070536241,TARGET
swing_filtered,1703760300000,2023,0.5673300443567305,1703760600000,1703790600000,2076.215,2071.0472142857143,2088.986142857143,2071.0472142857143,2.4712988431076504,-1.0,STOP
swing_filtered,1703845800000,2023,0.5359082802555067,1703846100000,1703858100000,2063.138,2058.5237857142856,2074.394857142857,2058.5237857142856,2.43960432824032,-1.0,STOP
swing_filtered,1704206400000,2024,0.6259433344723456,1704206700000,1704209700000,2065.715,2057.6547857142855,2079.855857142857,2057.6547857142855,1.7544021339381948,-1.0,STOP
swing_filtered,1704273300000,2024,0.5578877929033036,1704273600000,1704274800000,2058.555,2054.966785714286,2068.8728571428574,2054.966785714286,2.87548521946883,-1.0,STOP
swing_filtered,1704277200000,2024,0.6257482378548385,1704277500000,1704282000000,2054.485,2050.0302142857145,2064.6041428571434,2050.0302142857145,2.2715217983870906,-1.0,STOP
swing_filtered,1704282900000,2024,0.5363393649199957,1704283200000,1704283500000,2047.505,2043.0953571428572,2060.5885714285714,2043.0953571428572,2.967036527091545,-1.0,STOP
swing_filtered,1704284700000,2024,0.595335071256774,1704285000000,1704290700000,2043.425,2038.186357142857,2055.6795714285713,2038.186357142857,2.339264531435339,-1.0,STOP
swing_filtered,1704291300000,2024,0.5546253776307524,1704291600000,1704461400000,2036.345,2030.2329285714284,2052.2582857142856,2030.2329285714284,2.6035830733091485,-1.0,STOP
swing_filtered,1704712500000,2024,0.728908282919694,1704712800000,1704727800000,2021.475,2012.7230714285715,2032.1277142857143,2032.1277142857143,1.2171847837619871,1.2171847837619871,TARGET
swing_filtered,1704979800000,2024,0.8860716964767873,1704980100000,1704990000000,2032.395,2022.1352142857143,2036.3341428571428,2022.1352142857143,0.3839400711515745,-1.0,STOP
swing_filtered,1704990300000,2024,0.553061860837385,1704990600000,1705014900000,2018.225,2011.2365,2034.994,2034.994,2.399513486442036,2.399513486442036,TARGET
swing_filtered,1705385100000,2024,0.5404368292726367,1705385400000,1705394100000,2048.385,2044.7162857142857,2057.5598571428573,2044.7162857142857,2.50083719481312,-1.0,STOP
swing_filtered,1705405500000,2024,0.5614331324259522,1705405800000,1705410600000,2039.225,2034.9515714285715,2050.813714285714,2034.9515714285715,2.711807180584383,-1.0,STOP
swing_filtered,1705424700000,2024,0.5276070277820083,1705425000000,1705468500000,2026.195,2020.3144285714286,2044.8672857142853,2020.3144285714286,3.175250218637646,-1.0,STOP
swing_filtered,1705500600000,2024,0.6230287344672183,1705500900000,1705504500000,2019.745,2010.4280714285715,2036.6127142857142,2010.4280714285715,1.8104372225672476,-1.0,STOP
swing_filtered,1705906800000,2024,0.5793296218153587,1705907100000,1705992600000,2020.635,2015.7323571428572,2031.995571428571,2031.995571428571,2.3172341448489346,2.3172341448489346,TARGET
swing_filtered,1706108400000,2024,0.5601295653308801,1706108700000,1706111400000,2021.365,2014.9018571428571,2035.6675714285714,2014.9018571428571,2.212943724857413,-1.0,STOP
swing_filtered,1706189400000,2024,0.8763257759557852,1706189700000,1706189700000,2018.055,2006.5,2021.2749999999996,2021.2749999999996,0.2786672436174431,0.2786672436174431,TARGET
swing_filtered,1706281500000,2024,0.5474109305010563,1706281800000,1706511600000,2017.415,2012.7314285714285,2029.349285714286,2029.349285714286,2.548116516699772,2.548116516699772,TARGET
swing_filtered,1706628300000,2024,0.6376502601169859,1706628600000,1706710200000,2031.955,2025.1664285714285,2044.0092857142859,2044.0092857142859,1.7756734006734238,1.7756734006734238,TARGET
swing_filtered,1706731200000,2024,0.6296457751574017,1706731500000,1706802900000,2034.675,2026.9921428571429,2052.2064285714287,2052.2064285714287,2.2818891781331727,2.2818891781331727,TARGET
swing_filtered,1706880300000,2024,0.5571094542890503,1706880600000,1706880600000,2052.295,2049.0732857142857,2061.5468571428573,2049.0732857142857,2.8717186945725053,-1.0,STOP
swing_filtered,1706881200000,2024,0.7642954566033794,1706881500000,1706882100000,2038.765,2030.3002857142858,2042.7738571428572,2030.3002857142858,0.4735962736063929,-1.0,STOP
swing_filtered,1706882400000,2024,0.6380427319585656,1706882700000,1707121200000,2030.605,2023.3079285714286,2044.9432857142856,2023.3079285714286,1.9649370099550665,-1.0,STOP
swing_filtered,1707121800000,2024,0.575541539775032,1707122100000,1707139500000,2022.985,2017.5895714285714,2036.5667142857142,2017.5895714285714,2.5172632916755178,-1.0,STOP
swing_filtered,1707210000000,2024,0.573263871052366,1707210300000,1707231900000,2023.975,2020.2486428571428,2032.9804285714285,2032.9804285714285,2.416684237765789,2.416684237765789,TARGET
swing_filtered,1707309300000,2024,0.5563320095327026,1707309600000,1707316800000,2032.045,2028.3977857142859,2038.9338571428573,2038.9338571428573,1.8887996709818289,1.8887996709818289,TARGET
swing_filtered,1707391800000,2024,0.6195958364392762,1707392100000,1707395700000,2029.775,2025.050714285714,2039.3871428571429,2025.050714285714,2.0346235258541085,-1.0,STOP
swing_filtered,1707399000000,2024,0.5893309237418187,1707399300000,1707485400000,2024.135,2017.979857142857,2036.2555714285713,2036.2555714285713,1.969177923223295,1.969177923223295,TARGET
swing_filtered,1707487200000,2024,0.5460494700113814,1707487500000,1707492300000,2025.738,2022.2276428571429,2037.0144285714284,2022.2276428571429,3.2123308576660037,-1.0,STOP
swing_filtered,1707493500000,2024,0.5318824098819851,1707493800000,1707745800000,2022.525,2018.5641428571428,2035.1184285714287,2018.5641428571428,3.179470533073514,-1.0,STOP
swing_filtered,1707747300000,2024,0.5328328061990708,1707747600000,1707748200000,2016.975,2013.6600714285714,2026.4347142857143,2013.6600714285714,2.8536706242324885,-1.0,STOP
swing_filtered,1707752700000,2024,0.5254285288863175,1707753000000,1707810300000,2013.895,2010.0507857142857,2025.0218571428572,2025.0218571428572,2.894442483137934,2.894442483137934,TARGET
swing_filtered,1707831000000,2024,0.696836834760807,1707831300000,1707831600000,2015.615,2011.895142857143,2021.9444285714285,2011.895142857143,1.70152463612273,-1.0,STOP
swing_filtered,1707831900000,2024,0.6769558168364471,1707832200000,1707832500000,2007.295,2004.285142857143,2014.3344285714286,2004.285142857143,2.33879158953917,-1.0,STOP
swing_filtered,1707834600000,2024,0.6234371818865113,1707834900000,1707836700000,1998.325,1991.5467857142858,2011.8878571428572,1991.5467857142858,2.0009484166710636,-1.0,STOP
swing_filtered,1707897900000,2024,0.6338023712365809,1707898200000,1707923400000,1988.165,1985.0192142857143,1998.613142857143,1985.0192142857143,3.321314229922189,-1.0,STOP
swing_filtered,1708090200000,2024,0.55907744487956,1708090500000,1708090500000,1998.665,1996.5197142857141,2006.1461428571426,1996.5197142857141,3.4872477858424613,-1.0,STOP
swing_filtered,1708353900000,2024,0.5288305959410249,1708354200000,1708431900000,2015.985,2012.8417142857143,2027.808142857143,2027.808142857143,3.7613961732492416,3.7613961732492416,TARGET
swing_filtered,1708536300000,2024,0.5359533094731475,1708536600000,1708589100000,2022.765,2018.5175714285715,2032.8547142857142,2032.8547142857142,2.375487690030879,2.375487690030879,TARGET
swing_filtered,1708608600000,2024,0.7164926865349261,1708608900000,1708620300000,2025.405,2019.8232857142857,2032.481857142857,2019.8232857142857,1.2678644553644476,-1.0,STOP
swing_filtered,1708956600000,2024,0.5398903257901515,1708956900000,1708961700000,2028.255,2025.0024285714287,2038.2152857142855,2025.0024285714287,3.0622803935347216,-1.0,STOP
swing_filtered,1709050500000,2024,0.5660178137055574,1709050800000,1709064300000,2032.435,2029.1999285714285,2041.7752857142855,2029.1999285714285,2.887196131681694,-1.0,STOP
swing_filtered,1709203500000,2024,0.549630328029107,1709203800000,1709209200000,2031.145,2028.6979285714285,2038.1332857142856,2028.6979285714285,2.8557751247846697,-1.0,STOP
swing_filtered,1709282400000,2024,0.5506678892160394,1709282700000,1709287800000,2040.455,2037.1067142857144,2048.448142857143,2048.448142857143,2.387234405666186,2.387234405666186,TARGET
swing_filtered,1710162600000,2024,0.53523991643234,1710162900000,1710245700000,2176.695,2169.8019285714286,2194.267285714286,2169.8019285714286,2.549267898407274,-1.0,STOP
swing_filtered,1710246600000,2024,0.848781343779085,1710246900000,1710246900000,2170.538,2157.472214285714,2174.6511428571425,2174.6511428571425,0.31480256504170684,0.31480256504170684,TARGET
swing_filtered,1710248400000,2024,0.540565448591697,1710248700000,1710250800000,2163.395,2156.0834999999997,2179.491,2156.0834999999997,2.201463447992813,-1.0,STOP
swing_filtered,1710270000000,2024,0.5275931712181453,1710270300000,1710350100000,2152.705,2143.302142857143,2179.0664285714283,2179.0664285714283,2.8035551504102045,2.8035551504102045,TARGET
swing_filtered,1710399000000,2024,0.5270797279356146,1710399300000,1710419400000,2168.275,2163.686142857143,2181.880428571428,2163.686142857143,2.964883880206538,-1.0,STOP
swing_filtered,1710420900000,2024,0.6180416201907207,1710421200000,1710429300000,2162.655,2157.1589999999997,2173.089,2157.1589999999997,1.8984716157202872,-1.0,STOP
swing_filtered,1710430800000,2024,0.5385136857132528,1710431100000,1710481800000,2153.935,2148.671214285714,2168.640142857143,2168.640142857143,2.7936439010489105,2.7936439010489105,TARGET
swing_filtered,1710506700000,2024,0.586398341871467,1710507000000,1710712800000,2159.215,2154.4329285714284,2169.6432857142854,2154.4329285714284,2.1807047155295023,-1.0,STOP
swing_filtered,1710835500000,2024,0.5993662891193026,1710835800000,1710836100000,2153.525,2149.830642857143,2162.602428571429,2149.830642857143,2.457106397788333,-1.0,STOP
swing_filtered,1710836400000,2024,0.6280488024453089,1710836700000,1710852000000,2149.415,2144.490642857143,2157.2624285714287,2157.2624285714287,1.5935945228529753,1.5935945228529753,TARGET
swing_filtered,1710928500000,2024,0.5767476219085995,1710928800000,1710938400000,2154.535,2150.638571428571,2162.4207142857144,2150.638571428571,2.0238313473877203,-1.0,STOP
swing_filtered,1710938700000,2024,0.5660156996351068,1710939000000,1710943200000,2151.655,2147.0185714285712,2159.3007142857145,2159.3007142857145,1.64905253427811,1.64905253427811,TARGET
swing_filtered,1711029600000,2024,0.595216989263058,1711029900000,1711031100000,2187.515,2177.0975714285714,2211.284714285714,2177.0975714285714,2.2817256794931713,-1.0,STOP
swing_filtered,1711031700000,2024,0.5742550750367279,1711032000000,1711033500000,2178.775,2169.5275714285713,2203.714714285714,2169.5275714285713,2.6969350553048184,-1.0,STOP
swing_filtered,1711034700000,2024,0.5691045086915483,1711035000000,1711128300000,2167.625,2159.084428571429,2194.982285714286,2159.084428571429,3.203214906998631,-1.0,STOP
swing_filtered,1711979400000,2024,0.5394116012628664,1711979700000,1711980900000,2242.845,2231.7906428571428,2268.8074285714288,2231.7906428571428,2.3486149611336766,-1.0,STOP
swing_filtered,1711982400000,2024,0.5418796515340472,1711982700000,1712045100000,2230.845,2220.504214285714,2259.958142857143,2259.958142857143,2.8153704816572724,2.8153704816572724,TARGET
swing_filtered,1712146800000,2024,0.5582317981446282,1712147100000,1712161200000,2268.455,2260.192285714286,2289.9058571428573,2289.9058571428573,2.5961029755010463,2.5961029755010463,TARGET
swing_filtered,1712218800000,2024,0.5766952100985673,1712219100000,1712232000000,2292.385,2286.7017142857144,2309.618142857142,2286.7017142857144,3.032249956011141,-1.0,STOP
swing_filtered,1712260200000,2024,0.56794315423506,1712260500000,1712279700000,2284.738,2273.3897142857145,2304.881142857143,2273.3897142857145,1.7749943352049005,-1.0,STOP
swing_filtered,1712678100000,2024,0.5330872158706155,1712678400000,1712752200000,2340.218,2329.229642857143,2373.7064285714287,2329.229642857143,3.0476283338859873,-1.0,STOP
swing_filtered,1712755800000,2024,0.7852326277927681,1712756100000,1712758500000,2327.295,2312.768928571428,2345.249285714286,2345.249285714286,1.2360042288495887,1.2360042288495887,TARGET
swing_filtered,1712825400000,2024,0.5464971657676694,1712825700000,1712855100000,2328.005,2318.7607142857146,2353.232142857143,2353.232142857143,2.728944521712327,2.728944521712327,TARGET
swing_filtered,1712935800000,2024,0.7795701354288405,1712936100000,1712939400000,2394.698,2372.590928571429,2419.3612857142857,2372.590928571429,1.1156288065551332,-1.0,STOP
swing_filtered,1712942700000,2024,0.5421946863995153,1712943000000,1712947200000,2357.155,2337.929857142857,2407.6005714285716,2337.929857142857,2.6239374034002796,-1.0,STOP
swing_filtered,1713188400000,2024,0.5544819061206772,1713188700000,1713189900000,2345.195,2334.247,2378.0869999999995,2334.247,3.004384362440483,-1.0,STOP
swing_filtered,1713190200000,2024,0.561562596183291,1713190500000,1713201900000,2332.105,2314.5485714285714,2361.095714285714,2361.095714285714,1.6512876846088047,1.6512876846088047,TARGET
swing_filtered,1713254100000,2024,0.527203196674226,1713254400000,1713490200000,2365.445,2353.0409285714286,2402.0562857142854,2402.0562857142854,2.951553925266403,2.951553925266403,TARGET
swing_filtered,1713768300000,2024,0.6010036295409975,1713768600000,1713784500000,2356.345,2343.6544285714285,2381.7072857142853,2343.6544285714285,1.9985140824459147,-1.0,STOP
swing_filtered,1713785100000,2024,0.5373363079727435,1713785400000,1713792600000,2341.995,2332.1397142857145,2367.916142857143,2332.1397142857145,2.630176699958058,-1.0,STOP
swing_filtered,1713792900000,2024,0.5461453030983134,1713793200000,1713836100000,2335.455,2322.308785714286,2365.589857142857,2322.308785714286,2.292284036142987,-1.0,STOP
swing_filtered,1713837000000,2024,0.6165847819961771,1713837300000,1713880200000,2301.335,2287.1415714285713,2328.473714285714,2328.473714285714,1.912061920003166,1.912061920003166,TARGET
swing_filtered,1713950100000,2024,0.5697924397232094,1713950400000,1713970800000,2314.965,2308.427357142857,2333.0655714285717,2333.0655714285717,2.768669354398096,2.768669354398096,TARGET
swing_filtered,1714352400000,2024,0.5627051235260208,1714352700000,1714461900000,2328.735,2317.288785714286,2351.569857142857,2317.288785714286,1.9949702646539373,-1.0,STOP
swing_filtered,1714465500000,2024,0.551611184507924,1714465800000,1714480200000,2313.198,2306.417214285714,2330.371142857143,2306.417214285714,2.532618428121498,-1.0,STOP
swing_filtered,1714485900000,2024,0.5467989905803945,1714486200000,1714488900000,2302.445,2294.9502142857145,2324.0741428571428,2294.9502142857145,2.885892096409884,-1.0,STOP
swing_filtered,1714506900000,2024,0.5310823147774043,1714507200000,1714536600000,2290.625,2281.8617857142854,2318.5778571428573,2281.8617857142854,3.1897950034640434,-1.0,STOP
swing_filtered,1714654800000,2024,0.5424002168495796,1714655100000,1714655400000,2293.925,2286.541,2315.6109999999994,2286.541,2.936890574214409,-1.0,STOP
swing_filtered,1714655700000,2024,0.550021471570767,1714656000000,1714673400000,2287.795,2280.1310000000003,2309.2009999999996,2309.2009999999996,2.793058455114844,2.793058455114844,TARGET
swing_filtered,1714734600000,2024,0.5291284793146509,1714734900000,1714739400000,2297.025,2292.381857142857,2311.7975714285712,2311.7975714285712,3.1815888253027813,3.1815888253027813,TARGET
swing_filtered,1714743000000,2024,0.5563465920181309,1714743300000,1714744800000,2282.055,2274.487642857143,2302.3744285714283,2302.3744285714283,2.6851420103263606,2.6851420103263606,TARGET
swing_filtered,1715066100000,2024,0.5437591495531822,1715066400000,1715069400000,2318.725,2313.0420714285715,2336.0067142857147,2313.0420714285715,3.040987418458959,-1.0,STOP
swing_filtered,1715083200000,2024,0.5772331620069331,1715083500000,1715154900000,2311.898,2305.3212142857146,2327.805142857143,2305.3212142857146,2.4186804235678183,-1.0,STOP
swing_filtered,1715240700000,2024,0.5616235775599611,1715241000000,1715257800000,2308.818,2304.1019285714283,2321.3672857142856,2321.3672857142856,2.6609617569099075,2.6609617569099075,TARGET
swing_filtered,1715598600000,2024,0.5536995041587429,1715598900000,1715614200000,2340.115,2333.4095714285713,2357.9867142857142,2333.4095714285713,2.665260556478831,-1.0,STOP
swing_filtered,1715781000000,2024,0.5307763112098096,1715781300000,1715785200000,2353.395,2345.9845714285716,2374.7367142857147,2374.7367142857147,2.8799568176123764,2.8799568176123764,TARGET
swing_filtered,1715863200000,2024,0.5277958829207425,1715863500000,1715865300000,2382.075,2374.304,2399.059,2374.304,2.185561703770553,-1.0,STOP
swing_filtered,1715866500000,2024,0.5413977249570848,1715866800000,1715950200000,2373.805,2366.8742142857145,2393.028142857143,2393.028142857143,2.7735878224486887,2.7735878224486887,TARGET
swing_filtered,1716207900000,2024,0.5564779896904777,1716208200000,1716378900000,2418.145,2405.4609285714287,2452.7312857142856,2405.4609285714287,2.7267495227422645,-1.0,STOP
swing_filtered,1716387900000,2024,0.5340115022068226,1716388200000,1716403200000,2386.125,2377.8264285714286,2408.269285714286,2377.8264285714286,2.6684455155793096,-1.0,STOP
swing_filtered,1716444000000,2024,0.5413615121160286,1716444300000,1716474600000,2359.945,2345.697285714286,2391.485857142857,2345.697285714286,2.213748571199394,-1.0,STOP
swing_filtered,1716475800000,2024,0.6000079811402609,1716476100000,1716486900000,2345.415,2332.865642857143,2375.6124285714286,2332.865642857143,2.40629286645308,-1.0,STOP
swing_filtered,1716877200000,2024,0.5321839024896202,1716877500000,1716902100000,2343.385,2337.377785714286,2360.0788571428575,2360.0788571428575,2.7789681454441704,2.7789681454441704,TARGET
swing_filtered,1716964500000,2024,0.5908895536365032,1716964800000,1716972000000,2353.335,2346.127571428571,2370.3647142857144,2346.127571428571,2.36280028541972,-1.0,STOP
swing_filtered,1716973800000,2024,0.5305953676817871,1716974100000,1716987000000,2342.325,2336.217071428571,2358.921714285714,2336.217071428571,2.7172410567061553,-1.0,STOP
swing_filtered,1717047000000,2024,0.5637477768529569,1717047300000,1717072500000,2327.565,2320.377785714286,2344.463857142857,2344.463857142857,2.3512388070084618,2.3512388070084618,TARGET
swing_filtered,1717166400000,2024,0.5423313484180602,1717166700000,1717168800000,2335.945,2328.735142857143,2358.6844285714287,2328.735142857143,3.15393607957351,-1.0,STOP
swing_filtered,1717487100000,2024,0.5725267402795667,1717487400000,1717488600000,2342.518,2335.917571428571,2359.304714285714,2335.917571428571,2.543276410622515,-1.0,STOP
swing_filtered,1717489800000,2024,0.5454311658115539,1717490100000,1717492200000,2335.185,2329.452071428572,2351.8167142857146,2329.452071428572,2.9010852095042767,-1.0,STOP
swing_filtered,1717678800000,2024,0.5518130826413032,1717679100000,1717688700000,2355.695,2348.525785714286,2377.9218571428573,2377.9218571428573,3.100319819864769,3.100319819864769,TARGET
swing_filtered,1717747500000,2024,0.5303457470945537,1717747800000,1717749300000,2357.045,2347.057214285714,2375.9961428571432,2347.057214285714,1.8974318632043157,-1.0,STOP
swing_filtered,1717749600000,2024,0.6737922710371474,1717749900000,1717754400000,2346.985,2336.6362142857142,2365.5751428571434,2336.6362142857142,1.7963598213731184,-1.0,STOP
swing_filtered,1717757400000,2024,0.5253215396230169,1717757700000,1717763400000,2334.075,2323.7012857142854,2364.7348571428574,2323.7012857142854,2.955533215820214,-1.0,STOP
swing_filtered,1718084400000,2024,0.5587014503092873,1718084700000,1718108400000,2299.205,2293.3096428571425,2314.7364285714284,2314.7364285714284,2.6345186890408856,2.6345186890408856,TARGET
swing_filtered,1718586000000,2024,0.5694282238680944,1718586300000,1718606100000,2324.775,2316.5059285714287,2347.101285714286,2316.5059285714287,2.6999749496834586,-1.0,STOP
swing_filtered,1718610300000,2024,0.5413212507381443,1718610600000,1718638800000,2317.575,2311.1564285714285,2332.7992857142863,2311.1564285714285,2.3719118628979885,-1.0,STOP
swing_filtered,1718706300000,2024,0.5999140270597022,1718706600000,1718714700000,2309.965,2304.1522857142854,2322.630857142857,2322.630857142857,2.1789918651230686,2.1789918651230686,TARGET
swing_filtered,1718795100000,2024,0.5328723957383488,1718795400000,1718847300000,2326.215,2322.921642857143,2336.888428571429,2336.888428571429,3.240896176285719,3.240896176285719,TARGET
swing_filtered,1718976300000,2024,0.5422172884979178,1718976600000,1718977500000,2355.165,2348.8352142857143,2372.749142857143,2348.8352142857143,2.7779997066026123,-1.0,STOP
swing_filtered,1718978700000,2024,0.5307792650869096,1718979000000,1718982900000,2335.325,2324.018642857143,2357.500428571429,2324.018642857143,1.9613239075362934,-1.0,STOP
swing_filtered,1718992200000,2024,0.5247250482575944,1718992500000,1719397200000,2318.508,2308.850428571429,2347.5382857142863,2308.850428571429,3.005961273908202,-1.0,STOP
swing_filtered,1719408600000,2024,0.542025642949745,1719408900000,1719489900000,2298.135,2288.401214285714,2319.620142857143,2319.620142857143,2.2072751021844907,2.2072751021844907,TARGET
swing_filtered,1719904800000,2024,0.5511038806410117,1719905100000,1719921000000,2324.395,2319.934142857143,2336.2534285714282,2319.934142857143,2.658329597130553,-1.0,STOP
swing_filtered,1719921900000,2024,0.6191754426726107,1719922200000,1719928200000,2321.635,2314.7942142857146,2335.548142857143,2335.548142857143,2.0338515834647257,2.0338515834647257,TARGET
swing_filtered,1720074600000,2024,0.6105822269273345,1720074900000,1720159500000,2352.805,2346.5685714285714,2365.5457142857144,2365.5457142857144,2.0429504065972877,2.0429504065972877,TARGET
swing_filtered,1720426800000,2024,0.5244613671811162,1720427100000,1720429500000,2377.205,2371.3559285714286,2395.851285714286,2371.3559285714286,3.187905284111166,-1.0,STOP
swing_filtered,1720431300000,2024,0.5285870748292956,1720431600000,1720452900000,2370.785,2365.3042142857144,2390.358142857143,2365.3042142857144,3.571229359711365,-1.0,STOP
swing_filtered,1720525500000,2024,0.5276698488559728,1720525800000,1720537200000,2359.025,2353.9041428571427,2371.6584285714284,2353.9041428571427,2.46705350666724,-1.0,STOP
swing_filtered,1720538400000,2024,0.5892291318719499,1720538700000,1720594200000,2352.695,2343.844714285714,2371.896142857143,2371.896142857143,2.1695506198345753,2.1695506198345753,TARGET
swing_filtered,1720761300000,2024,0.5358826112542187,1720761600000,1720769100000,2407.378,2400.8110714285713,2429.3957142857143,2400.8110714285713,3.352817690374754,-1.0,STOP
swing_filtered,1720779900000,2024,0.5526945579617318,1720780200000,1720787400000,2400.885,2395.3903571428573,2417.528571428572,2395.3903571428573,3.0290542736431663,-1.0,STOP
swing_filtered,1721024700000,2024,0.5529788869984191,1721025000000,1721045400000,2405.135,2399.6962857142853,2420.239857142857,2420.239857142857,2.7772845472928402,2.7772845472928402,TARGET
swing_filtered,1721228100000,2024,0.5322814850921035,1721228400000,1721239200000,2463.588,2451.558071428571,2498.907714285714,2451.558071428571,2.9359870323417976,-1.0,STOP
swing_filtered,1721369400000,2024,0.5288230388029392,1721369700000,1721390400000,2416.315,2407.4152142857142,2442.1641428571425,2407.4152142857142,2.90446800484754,-1.0,STOP
swing_filtered,1721393400000,2024,0.5489376344662756,1721393700000,1721395200000,2405.165,2394.3815714285715,2429.648714285714,2394.3815714285715,2.270494409411277,-1.0,STOP
swing_filtered,1721655900000,2024,0.5255476580157802,1721656200000,1721658600000,2393.655,2385.7518571428573,2413.4675714285713,2385.7518571428573,2.5069231047322296,-1.0,STOP
swing_filtered,1721871600000,2024,0.6376311646892162,1721871900000,1721909400000,2377.735,2363.322,2399.382,2363.322,1.5019079997224671,-1.0,STOP
swing_filtered,1721914800000,2024,0.5558209383207349,1721915100000,1721928300000,2370.215,2354.3415714285716,2404.5087142857146,2354.3415714285716,2.1604478283564745,-1.0,STOP
swing_filtered,1722254400000,2024,0.5392605626304452,1722254700000,1722265800000,2386.955,2379.3761428571424,2409.220428571429,2379.3761428571424,2.937834577395667,-1.0,STOP
swing_filtered,1722505800000,2024,0.5253645918928205,1722506100000,1722520800000,2431.725,2422.330071428571,2461.054714285714,2461.054714285714,3.12186666058424,3.12186666058424,TARGET
swing_filtered,1722609600000,2024,0.5317584372512576,1722609900000,1722611100000,2436.478,2424.846,2470.7909999999997,2424.846,2.949879642365841,-1.0,STOP
swing_filtered,1722924300000,2024,0.5427880476028639,1722924600000,1722954600000,2397.805,2387.6160714285716,2428.4757142857143,2387.6160714285716,3.0102001472187214,-1.0,STOP
swing_filtered,1723641600000,2024,0.5924786652672115,1723641900000,1723650300000,2453.905,2443.075357142857,2474.2235714285716,2443.075357142857,1.8761995844737334,-1.0,STOP
swing_filtered,1723726800000,2024,0.5265227334373765,1723727100000,1723733100000,2436.415,2428.5612142857144,2456.880142857143,2456.880142857143,2.6057679190199967,2.6057679190199967,TARGET
swing_filtered,1724062800000,2024,0.5331394723822542,1724063100000,1724066400000,2494.625,2487.143142857143,2516.5524285714287,2487.143142857143,2.9307467588262495,-1.0,STOP
swing_filtered,1724228400000,2024,0.5607705549252946,1724228700000,1724247000000,2508.995,2502.308071428571,2527.492714285714,2502.308071428571,2.7662497196021114,-1.0,STOP
swing_filtered,1724247900000,2024,0.538826548339249,1724248200000,1724332800000,2502.145,2492.412428571429,2519.4252857142856,2492.412428571429,1.7755108031940177,-1.0,STOP
swing_filtered,1724334300000,2024,0.5557685931000809,1724334600000,1724335800000,2486.045,2477.2607142857146,2505.4471428571433,2477.2607142857146,2.208733127337873,-1.0,STOP
swing_filtered,1724336400000,2024,0.5763225606517441,1724336700000,1724402400000,2475.175,2463.895071428571,2497.9447142857143,2497.9447142857143,2.0186044744456564,2.0186044744456564,TARGET
swing_filtered,1724745600000,2024,0.563665848073763,1724745900000,1724782800000,2509.265,2498.709857142857,2522.2355714285713,2522.2355714285713,1.2288390222775525,1.2288390222775525,TARGET
swing_filtered,1724843100000,2024,0.556042574445608,1724843400000,1724847600000,2503.495,2497.0768571428575,2519.9675714285713,2497.0768571428575,2.566563536403699,-1.0,STOP
swing_filtered,1724935500000,2024,0.5422601381028221,1724935800000,1724943000000,2505.145,2498.937,2521.8269999999998,2521.8269999999998,2.687177835051476,2.687177835051476,TARGET
swing_filtered,1725026700000,2024,0.6247582807043202,1725027000000,1725030300000,2517.585,2505.4809285714286,2534.666285714286,2505.4809285714286,1.4112016617785301,-1.0,STOP
swing_filtered,1725037200000,2024,0.535277086565779,1725037500000,1725363900000,2498.255,2488.1966428571427,2523.9534285714285,2488.1966428571427,2.554932998146447,-1.0,STOP
swing_filtered,1725435600000,2024,0.5735171343712543,1725435900000,1725438900000,2484.075,2478.860214285714,2498.8841428571427,2478.860214285714,2.8398372758775707,-1.0,STOP
swing_filtered,1725439800000,2024,0.5709414768435629,1725440100000,1725446400000,2474.138,2468.427857142857,2488.863571428571,2488.863571428571,2.5788446623802317,2.5788446623802317,TARGET
swing_filtered,1725624900000,2024,0.5554956976420456,1725625200000,1725625800000,2514.155,2509.0417857142857,2524.3078571428573,2509.0417857142857,1.9856115107912569,-1.0,STOP_BOTH
swing_filtered,1725629100000,2024,0.6393535606595117,1725629400000,1725629700000,2508.498,2501.9903571428567,2524.8135714285713,2501.9903571428567,2.507139956314904,-1.0,STOP
swing_filtered,1725633000000,2024,0.633279836322815,1725633300000,1725639300000,2504.725,2494.447714285714,2524.084142857143,2494.447714285714,1.8836824620174766,-1.0,STOP
swing_filtered,1725640800000,2024,0.5554622227690774,1725641100000,1725982500000,2487.505,2477.3767857142857,2515.817857142857,2515.817857142857,2.7954441270848203,2.7954441270848203,TARGET
swing_filtered,1726057800000,2024,0.5818940481253907,1726058100000,1726058100000,2511.134,2505.5309285714284,2525.5162857142855,2505.5309285714284,2.5668574633809094,-1.0,STOP
swing_filtered,1726058700000,2024,0.6553367938802188,1726059000000,1726072800000,2507.384,2498.0309285714284,2518.0162857142855,2518.0162857142855,1.1367694340284924,1.1367694340284924,TARGET
swing_filtered,1726483800000,2024,0.6010775522010938,1726484100000,1726569300000,2577.275,2570.948857142857,2591.779571428571,2570.948857142857,2.292798590881216,-1.0,STOP
swing_filtered,1726587000000,2024,0.5250668064980175,1726587300000,1726683000000,2565.375,2555.9635,2590.071,2590.071,2.62402380066934,2.62402380066934,TARGET
swing_filtered,1726686000000,2024,0.6174093094666435,1726686300000,1726687200000,2571.455,2556.9235714285714,2595.0357142857138,2556.9235714285714,1.622738891073515,-1.0,STOP
swing_filtered,1726688100000,2024,0.583879118443998,1726688400000,1726732500000,2557.634,2544.695571428572,2582.807714285714,2582.807714285714,1.9456546942110917,1.9456546942110917,TARGET
swing_filtered,1727077500000,2024,0.537975638575584,1727077800000,1727099400000,2614.765,2609.118,2631.953,2631.953,3.0437400389587923,3.0437400389587923,TARGET
swing_filtered,1727163600000,2024,0.5652226254937873,1727163900000,1727188800000,2625.185,2617.6207142857143,2641.8921428571425,2641.8921428571425,2.2086874409820285,2.2086874409820285,TARGET
swing_filtered,1727282700000,2024,0.53818596523574,1727283000000,1727347800000,2651.645,2643.2570714285716,2675.546714285714,2675.546714285714,2.8495371750219944,2.8495371750219944,TARGET
swing_filtered,1727358600000,2024,0.6443921494475693,1727358900000,1727449200000,2659.885,2648.5590714285713,2679.1887142857145,2648.5590714285713,1.704382485195106,-1.0,STOP
swing_filtered,1727842800000,2024,0.5416624315756629,1727843100000,1727848200000,2654.765,2644.5442857142853,2684.562857142857,2644.5442857142853,2.915437836326686,-1.0,STOP
swing_filtered,1727871900000,2024,0.5275013623666406,1727872200000,1727964000000,2645.295,2638.726642857143,2663.333428571429,2638.726642857143,2.7462618397729917,-1.0,STOP
swing_filtered,1728045000000,2024,0.698831451617746,1728045300000,1728046500000,2640.945,2633.5978571428573,2652.8335714285713,2633.5978571428573,1.6181217188410948,-1.0,STOP
swing_filtered,1728305400000,2024,0.5459882664261717,1728305700000,1728355500000,2639.975,2633.9949285714288,2658.510285714286,2633.9949285714288,3.099509083742654,-1.0,STOP
swing_filtered,1728398100000,2024,0.5481684648380952,1728398400000,1728400200000,2624.205,2611.2305714285717,2653.617714285714,2611.2305714285717,2.26697569945282,-1.0,STOP
swing_filtered,1728480900000,2024,0.6090698805912617,1728481200000,1728568800000,2609.205,2601.4967142857145,2628.0881428571424,2628.0881428571424,2.449720152711401,2.449720152711401,TARGET
swing_filtered,1729168200000,2024,0.5929394278909232,1729168500000,1729175700000,2676.118,2667.6628571428573,2693.918571428572,2693.918571428572,2.1052951711554506,2.1052951711554506,TARGET
swing_filtered,1729524000000,2024,0.5543203059464149,1729524300000,1729609500000,2719.804,2710.077357142857,2743.5655714285713,2743.5655714285713,2.442936558642278,2.442936558642278,TARGET
swing_filtered,1729689300000,2024,0.5768749943607385,1729689600000,1729692600000,2734.465,2726.1296428571427,2752.721428571429,2726.1296428571427,2.1902395132610177,-1.0,STOP
swing_filtered,1729694100000,2024,0.5548660769351736,1729694400000,1729696200000,2718.915,2711.0687857142857,2741.4998571428578,2711.0687857142857,2.8784400120168043,-1.0,STOP
swing_filtered,1729845600000,2024,0.5277740561227451,1729845900000,1729865400000,2720.965,2714.883357142857,2734.541571428572,2734.541571428572,2.232385516131704,2.232385516131704,TARGET
swing_filtered,1730290500000,2024,0.6517117608536246,1730290800000,1730379900000,2776.385,2768.146,2793.041,2768.146,2.0216045636606244,-1.0,STOP
swing_filtered,1730740200000,2024,0.5466294359208268,1730740500000,1730774700000,2734.555,2724.8422857142855,2758.820857142857,2724.8422857142855,2.4983600288281997,-1.0,STOP
swing_filtered,1730855100000,2024,0.5514327734728527,1730855400000,1730874300000,2735.525,2726.2159285714283,2758.2112857142856,2726.2159285714283,2.4370084479807392,-1.0,STOP
swing_filtered,1730942400000,2024,0.5545456455957979,1730942700000,1730990400000,2649.475,2630.52,2693.59,2693.59,2.3273542600897077,2.3273542600897077,TARGET
swing_filtered,1731050100000,2024,0.5417631860294125,1731050400000,1731287700000,2685.145,2674.9599285714285,2709.985285714286,2674.9599285714285,2.4388916551535558,-1.0,STOP
swing_filtered,1731316800000,2024,0.5542676528835471,1731317100000,1731328200000,2666.315,2658.812857142857,2686.473571428571,2658.812857142857,2.6870417975815157,-1.0,STOP
swing_filtered,1731330000000,2024,0.6385996050782808,1731330300000,1731331800000,2656.495,2645.1073571428574,2679.895571428571,2645.1073571428574,2.0549091433697453,-1.0,STOP
swing_filtered,1731339600000,2024,0.557766868828005,1731339900000,1731391200000,2617.775,2604.755,2650.6549999999997,2604.755,2.5253456221197927,-1.0,STOP
swing_filtered,1731392400000,2024,0.6160768664200985,1731392700000,1731396900000,2605.335,2596.952142857143,2628.666428571429,2596.952142857143,2.7832310838446532,-1.0,STOP
swing_filtered,1731402300000,2024,0.5323894905467279,1731402600000,1731504600000,2591.395,2583.9663571428573,2617.5095714285717,2617.5095714285717,3.5153892751032467,3.5153892751032467,TARGET
swing_filtered,1731510300000,2024,0.6159536578929058,1731510600000,1731516900000,2598.605,2586.6382857142858,2621.2718571428572,2586.6382857142858,1.894158797617211,-1.0,STOP
swing_filtered,1731540600000,2024,0.5622496239210613,1731540900000,1731549300000,2573.564,2561.6074285714285,2604.7452857142857,2561.6074285714285,2.607878512712705,-1.0,STOP
swing_filtered,1731576900000,2024,0.5609689856347692,1731577200000,1731597600000,2544.215,2533.594,2569.5489999999995,2569.5489999999995,2.3852744562658086,2.3852744562658086,TARGET
swing_filtered,1732089600000,2024,0.550727624627542,1732089900000,1732108800000,2620.965,2613.949071428571,2637.728714285714,2637.728714285714,2.3893792696209717,2.3893792696209717,TARGET
swing_filtered,1732505100000,2024,0.6987063647904501,1732505400000,1732544400000,2671.175,2648.360285714286,2700.678857142857,2648.360285714286,1.2931942418113493,-1.0,STOP
swing_filtered,1732545300000,2024,0.5449797493656926,1732545600000,1732558200000,2641.645,2623.5071428571428,2685.1964285714284,2623.5071428571428,2.4011341708344642,-1.0,STOP
swing_filtered,1732578000000,2024,0.5631259837899116,1732578300000,1732697400000,2609.348,2593.6405,2651.578,2651.578,2.6885245901639387,2.6885245901639387,TARGET
swing_filtered,1732726800000,2024,0.5861570577930996,1732727100000,1732755900000,2637.835,2628.0093571428574,2663.7375714285718,2628.0093571428574,2.636221548571981,-1.0,STOP
swing_filtered,1732842000000,2024,0.5815301918204028,1732842300000,1732846200000,2636.835,2629.041928571429,2653.4572857142857,2653.4572857142857,2.1329569306069054,2.1329569306069054,TARGET
swing_filtered,1732908900000,2024,0.5273929509844769,1733094000000,1733099700000,2653.075,2641.9434285714287,2674.851285714286,2641.9434285714287,1.956263394977063,-1.0,STOP
swing_filtered,1733100000000,2024,0.5265487487632293,1733100300000,1733102400000,2632.705,2622.8669999999997,2657.7569999999996,2622.8669999999997,2.5464525310021537,-1.0,STOP
swing_filtered,1733301300000,2024,0.5499805428497568,1733301600000,1733325900000,2638.965,2631.698571428571,2655.780714285714,2655.780714285714,2.3141649464266165,2.3141649464266165,TARGET
swing_filtered,1733893500000,2024,0.5911907319571732,1733893800000,1733925000000,2679.695,2667.7712857142856,2701.6548571428566,2701.6548571428566,1.8416960199361543,1.8416960199361543,TARGET
swing_filtered,1734009300000,2024,0.5926598816492714,1734009600000,1734012600000,2705.288,2694.4426428571433,2727.0994285714287,2694.4426428571433,2.0111305035071783,-1.0,STOP
swing_filtered,1734013500000,2024,0.537662860458444,1734013800000,1734018000000,2685.205,2675.958642857143,2710.8404285714287,2675.958642857143,2.772489551869895,-1.0,STOP
swing_filtered,1734018600000,2024,0.5723750943330044,1734018900000,1734084300000,2679.225,2667.2022857142856,2706.465857142857,2667.2022857142856,2.265782625744137,-1.0,STOP
swing_filtered,1734087300000,2024,0.5520717446056402,1734087600000,1734099900000,2666.518,2658.889857142857,2689.060571428571,2658.889857142857,2.9551847482067934,-1.0,STOP
swing_filtered,1734366900000,2024,0.5539541272810347,1734367200000,1734425700000,2651.255,2643.2295714285715,2669.456714285714,2643.2295714285715,2.2680052689664416,-1.0,STOP
swing_filtered,1734433200000,2024,0.5273056887397822,1734433500000,1734548400000,2637.898,2630.614785714286,2657.5108571428577,2630.614785714286,2.6928848134164745,-1.0,STOP
swing_filtered,1734550500000,2024,0.5890961346751247,1734550800000,1734551400000,2616.455,2609.1825000000003,2634.21,2609.1825000000003,2.441388793399949,-1.0,STOP
swing_filtered,1734557700000,2024,0.5635446872010881,1734558000000,1734593100000,2588.425,2578.230285714286,2619.318857142857,2619.318857142857,3.0303798887377993,3.0303798887377993,TARGET
swing_filtered,1734954300000,2024,0.5466835866218045,1734954600000,1735226100000,2615.895,2607.3325,2635.21,2635.21,2.2557664233576706,2.2557664233576706,TARGET
swing_filtered,1735289100000,2024,0.5441140021259568,1735289400000,1735304700000,2627.525,2622.7960000000003,2642.1910000000003,2622.7960000000003,3.1012899133010663,-1.0,STOP
swing_filtered,1735309800000,2024,0.5467536915931196,1735310100000,1735566900000,2613.648,2606.618285714286,2629.951857142857,2606.618285714286,2.319277353275836,-1.0,STOP
swing_filtered,1735894200000,2025,0.5747007873874647,1735894500000,1735911300000,2653.315,2644.7624285714287,2669.9252857142856,2644.7624285714287,1.9421393732878929,-1.0,STOP
swing_filtered,1735911600000,2025,0.5355820009386724,1735911900000,1735934400000,2645.435,2638.7475714285715,2661.7847142857145,2638.7475714285715,2.4448432025977134,-1.0,STOP
swing_filtered,1736148900000,2025,0.5719109693636703,1736149200000,1736162700000,2627.675,2620.183,2644.4429999999998,2644.4429999999998,2.2381206620393956,2.2381206620393956,TARGET
swing_filtered,1736171100000,2025,0.5909916644698328,1736171400000,1736172900000,2624.898,2615.2715714285714,2647.238714285714,2615.2715714285714,2.32076871707347,-1.0,STOP
swing_filtered,1736515800000,2025,0.6621734225733573,1736516100000,1736516700000,2665.835,2659.3520714285714,2678.6167142857144,2678.6167142857144,1.9715957294432584,1.9715957294432584,TARGET
swing_filtered,1736771400000,2025,0.5923889640561335,1736771700000,1736792700000,2667.685,2658.189,2687.734,2658.189,2.111310025273776,-1.0,STOP
swing_filtered,1736861700000,2025,0.6455346314072278,1736862000000,1736921400000,2665.255,2655.7208571428573,2681.1915714285715,2681.1915714285715,1.6715263938626634,1.6715263938626634,TARGET
swing_filtered,1737100200000,2025,0.5387593683057729,1737100500000,1737107400000,2709.845,2704.6710714285714,2723.9407142857144,2704.6710714285714,2.7243735763099473,-1.0,STOP
swing_filtered,1737107700000,2025,0.5394731879854398,1737108000000,1737144000000,2704.945,2700.057714285714,2718.5641428571425,2700.057714285714,2.7866475694949258,-1.0,STOP
swing_filtered,1737624300000,2025,0.551803561371724,1737624600000,1737638700000,2743.655,2739.0074285714286,2755.295285714286,2739.0074285714286,2.504595333968487,-1.0,STOP
swing_filtered,1737737400000,2025,0.5659464953552049,1737737700000,1737942000000,2771.815,2763.2345714285716,2795.6017142857145,2763.2345714285716,2.77220585052367,-1.0,STOP
swing_filtered,1737988200000,2025,0.5587528116097382,1737988500000,1737996300000,2748.485,2736.9430714285713,2776.802714285714,2736.9430714285713,2.4534646970361917,-1.0,STOP
swing_filtered,1738135500000,2025,0.5516427272020542,1738135800000,1738156500000,2758.145,2754.4567142857145,2768.548142857143,2754.4567142857145,2.820590285847281,-1.0,STOP
swing_filtered,1738156800000,2025,0.5346590363894943,1738157100000,1738164900000,2753.225,2748.755214285714,2765.4541428571424,2748.755214285714,2.7359573006054063,-1.0,STOP
swing_filtered,1738538400000,2025,0.5274390852762537,1738538700000,1738545300000,2791.875,2781.259642857143,2820.0014285714283,2781.259642857143,2.649597954446012,-1.0,STOP
swing_filtered,1738651200000,2025,0.554265240506305,1738651500000,1738681800000,2812.648,2802.388,2843.6880000000006,2843.6880000000006,3.025341130604265,3.025341130604265,TARGET
swing_filtered,1738827900000,2025,0.5403665362145931,1738828200000,1738853400000,2857.375,2847.505857142857,2883.7015714285717,2847.505857142857,2.6675641248335697,-1.0,STOP
swing_filtered,1738935000000,2025,0.7945897071186303,1738935300000,1738938000000,2860.345,2847.1735,2871.731,2871.731,0.8644421667995663,0.8644421667995663,TARGET
swing_filtered,1739367000000,2025,0.5427279547774199,1739367300000,1739369400000,2867.415,2856.2901428571427,2893.2644285714287,2893.2644285714287,2.3235739784780303,2.3235739784780303,TARGET
swing_filtered,1739540400000,2025,0.5312864125207303,1739540700000,1739546100000,2917.725,2911.7830714285715,2941.1427142857146,2911.7830714285715,3.9410965655693064,-1.0,STOP
swing_filtered,1739546700000,2025,0.5628783264288888,1739547000000,1739551500000,2900.055,2889.8892857142855,2926.567857142857,2889.8892857142855,2.6080663293985356,-1.0,STOP
swing_filtered,1739841000000,2025,0.5631371968333978,1739841300000,1739882700000,2896.695,2889.0813571428575,2916.849571428572,2916.849571428572,2.6471653329081453,2.6471653329081453,TARGET
swing_filtered,1739980800000,2025,0.5519367904279943,1739981100000,1740042000000,2927.178,2914.899142857143,2954.678428571429,2954.678428571429,2.239657017870526,2.239657017870526,TARGET
swing_filtered,1740060300000,2025,0.5554693154351106,1740060600000,1740126000000,2928.315,2918.353071428571,2953.1127142857144,2918.353071428571,2.489248352656837,-1.0,STOP
swing_filtered,1740470400000,2025,0.5242049362970205,1740470700000,1740487200000,2931.125,2923.841357142857,2951.4595714285715,2923.841357142857,2.791813358699921,-1.0,STOP
swing_filtered,1740497400000,2025,0.6328896597785488,1740497700000,1740499500000,2907.685,2892.208714285714,2933.5401428571427,2892.208714285714,1.670629719201693,-1.0,STOP
swing_filtered,1740579000000,2025,0.572684260000294,1740579300000,1740643800000,2896.015,2884.2427857142857,2923.5038571428568,2884.2427857142857,2.335062586841893,-1.0,STOP
swing_filtered,1740647100000,2025,0.5373361552117036,1740647400000,1740667500000,2879.575,2869.9500000000003,2903.775,2869.9500000000003,2.5142857142858612,-1.0,STOP
swing_filtered,1741250100000,2025,0.5257016352640284,1741250400000,1741253700000,2905.075,2896.0054285714286,2931.503285714286,2896.0054285714286,2.9139508875834155,-1.0,STOP
swing_filtered,1741254000000,2025,0.5415584503124483,1741254300000,1741273200000,2898.735,2888.5727857142856,2922.533857142857,2922.533857142857,2.3418968025809037,2.3418968025809037,TARGET
swing_filtered,1741371900000,2025,0.5239405609025842,1741372200000,1741626600000,2906.055,2892.5325714285714,2938.994714285714,2892.5325714285714,2.435931838110244,-1.0,STOP
swing_filtered,1741764000000,2025,0.5931647439284318,1741764300000,1741792500000,2911.735,2904.0014285714283,2927.9192857142853,2927.9192857142853,2.09273113512496,2.09273113512496,TARGET
swing_filtered,1741964400000,2025,0.5942569610605122,1741964700000,1742267700000,2982.235,2971.052857142857,3013.5335714285716,3013.5335714285716,2.7989779623123425,2.7989779623123425,TARGET
swing_filtered,1742375100000,2025,0.5596665064136834,1742375400000,1742409300000,3025.845,3016.735142857143,3044.6344285714285,3044.6344285714285,2.062538223901951,2.062538223901951,TARGET
swing_filtered,1742532600000,2025,0.5275560451692404,1742532900000,1742535600000,3029.075,3022.1555000000003,3049.918,3022.1555000000003,3.012211865019403,-1.0,STOP
swing_filtered,1742564100000,2025,0.568718937171451,1742564400000,1742565300000,3016.525,3007.862285714286,3036.140857142857,3007.862285714286,2.264400798166191,-1.0,STOP
swing_filtered,1742827500000,2025,0.5627901009047517,1742827800000,1743049500000,3010.145,3000.517,3036.672,3036.672,2.7551931865392203,2.7551931865392203,TARGET
swing_filtered,1743517200000,2025,0.5797182302912053,1743517500000,1743522900000,3127.195,3114.1628571428573,3160.8735714285717,3114.1628571428573,2.584269662921361,-1.0,STOP
swing_filtered,1743624600000,2025,0.7219928643688194,1743624900000,1743631800000,3117.235,3094.0938571428574,3144.4995714285715,3144.4995714285715,1.1781860384719864,1.1781860384719864,TARGET
swing_filtered,1743754800000,2025,0.5911689148933255,1743755100000,1743764700000,3086.075,3071.2792142857143,3122.8081428571427,3122.8081428571427,2.4826760515784203,2.4826760515784203,TARGET
swing_filtered,1743770100000,2025,0.5385010238653647,1743770400000,1743773700000,3080.075,3063.8771428571426,3133.616428571428,3063.8771428571426,3.3054636856726813,-1.0,STOP
swing_filtered,1743776100000,2025,0.5319703140370137,1743776400000,1743780900000,3047.575,3023.2425,3114.0049999999997,3023.2425,2.7300934963526102,-1.0,STOP
swing_filtered,1743977100000,2025,0.5911266147355846,1743977400000,1743984600000,3014.005,2973.9460714285715,3087.340714285714,2973.9460714285715,1.8306958498640287,-1.0,STOP
swing_filtered,1744045800000,2025,0.5244798797059408,1744046100000,1744182300000,2966.145,2938.074785714286,3044.275857142857,3044.275857142857,2.783407933676552,2.783407933676552,TARGET
swing_filtered,1744634400000,2025,0.5450516335699304,1744634700000,1744761600000,3206.325,3186.4964285714286,3255.189285714286,3255.189285714286,2.464337175792567,2.464337175792567,TARGET
swing_filtered,1744874100000,2025,0.5323897425566951,1744874400000,1744899900000,3318.255,3301.9685714285715,3364.750714285714,3301.9685714285715,2.8548747861935557,-1.0,STOP
swing_filtered,1744900500000,2025,0.5634671421318183,1744900800000,1745187300000,3292.115,3268.9542857142856,3340.9078571428568,3340.9078571428568,2.1067077872012323,2.1067077872012323,TARGET
swing_filtered,1745329500000,2025,0.5295906050048083,1745329800000,1745339100000,3421.445,3385.071142857143,3500.040428571429,3385.071142857143,2.1607669558592004,-1.0,STOP
swing_filtered,1745339400000,2025,0.5336843693759908,1745339700000,1745359200000,3389.615,3354.724714285714,3474.126142857143,3349.515,2.4221969275115542,-1.1493170428117503,STOP_GAP
swing_filtered,1745415600000,2025,0.5329741309211863,1745415900000,1745859900000,3291.695,3256.3685714285716,3379.550714285714,3336.895,2.48696847766746,1.27949531916614,864BAR_TIMEOUT
swing_filtered,1745929200000,2025,0.6168819796177294,1745929500000,1746000600000,3308.325,3288.220714285714,3348.4421428571427,3288.220714285714,1.9954522845164573,-1.0,STOP
swing_filtered,1746001500000,2025,0.5345185203470183,1746001800000,1746010800000,3285.375,3269.773571428572,3320.930714285714,3269.773571428572,2.2790037542350112,-1.0,STOP
swing_filtered,1746058800000,2025,0.6931996030270603,1746059100000,1746072000000,3261.515,3227.395357142857,3305.0135714285716,3227.395357142857,1.2748835505312246,-1.0,STOP
swing_filtered,1746202200000,2025,0.5459352787536393,1746202500000,1746435000000,3228.565,3210.0235714285714,3281.2307142857144,3281.2307142857144,2.840434548116171,2.840434548116171,TARGET
swing_filtered,1746581400000,2025,0.5717283036495608,1746581700000,1746684900000,3364.785,3340.367142857143,3437.2064285714287,3340.367142857143,2.965920725464415,-1.0,STOP
swing_filtered,1746755400000,2025,0.5265325452810155,1746755700000,1747002000000,3291.235,3270.902857142857,3348.4635714285714,3270.902857142857,2.814684700509367,-1.0,STOP
swing_filtered,1747003500000,2025,0.6612084023433877,1747003800000,1747033200000,3276.615,3256.433571428571,3307.2407142857137,3256.433571428571,1.5175196432363376,-1.0,STOP
swing_filtered,1747034700000,2025,0.6105965277634328,1747035000000,1747226100000,3230.705,3204.078571428571,3278.1607142857147,3204.078571428571,1.7822786168414906,-1.0,STOP
swing_filtered,1747240800000,2025,0.5691597167958925,1747241100000,1747276500000,3179.195,3159.4904285714288,3229.3632857142857,3159.4904285714288,2.5460226778412482,-1.0,STOP
swing_filtered,1747282200000,2025,0.5482693999903026,1747282500000,1747287600000,3149.465,3132.901785714286,3197.8678571428572,3132.901785714286,2.9223106281130566,-1.0,STOP
swing_filtered,1747288500000,2025,0.5801160246988518,1747288800000,1747303500000,3128.545,3110.0575,3174.445,3174.445,2.4827586206896357,2.4827586206896357,TARGET
swing_filtered,1747380000000,2025,0.5525304706653819,1747380300000,1747392300000,3208.065,3191.96,3257.035,3191.96,3.0406705991927816,-1.0,STOP
swing_filtered,1747709100000,2025,0.5407080878370975,1747709400000,1747744200000,3210.405,3196.187857142857,3246.8235714285715,3246.8235714285715,2.561595659163911,2.561595659163911,TARGET
swing_filtered,1747902900000,2025,0.5322025716609863,1747903200000,1747909500000,3315.025,3301.028142857143,3349.4624285714285,3301.028142857143,2.4603686541876626,-1.0,STOP
swing_filtered,1747909800000,2025,0.5442083915011448,1747910100000,1747922400000,3295.385,3279.639857142857,3332.1155714285715,3279.639857142857,2.3328191914059278,-1.0,STOP
swing_filtered,1748248800000,2025,0.5480794915532334,1748249100000,1748324700000,3334.048,3321.5794285714287,3367.457285714286,3321.5794285714287,2.6794798350138813,-1.0,STOP
swing_filtered,1748328300000,2025,0.6375925266686896,1748328600000,1748332200000,3313.075,3297.4595,3337.402,3297.4595,1.5578751881143995,-1.0,STOP
swing_filtered,1748340900000,2025,0.5726600660235186,1748341200000,1748465400000,3294.975,3278.7934285714286,3335.701285714286,3278.7934285714286,2.516831316047396,-1.0,STOP
swing_filtered,1748474100000,2025,0.5632301579718072,1748474400000,1748475600000,3270.025,3252.128357142857,3305.976571428572,3252.128357142857,2.008844436107332,-1.0,STOP
swing_filtered,1748480700000,2025,0.5513003840646379,1748481000000,1748518200000,3255.315,3235.531071428571,3303.2507142857144,3303.2507142857144,2.4229623612238878,2.4229623612238878,TARGET
swing_filtered,1748581500000,2025,0.5463455186654591,1748581800000,1748613000000,3292.125,3280.5018571428573,3327.482571428571,3280.5018571428573,3.041997492687014,-1.0,STOP
swing_filtered,1748928900000,2025,0.5568507152697257,1748929200000,1748958300000,3359.248,3346.764142857143,3393.133428571429,3346.764142857143,2.7143396615057105,-1.0,STOP
swing_filtered,1749138300000,2025,0.5935697908558009,1749138600000,1749219300000,3348.928,3330.028357142857,3390.5265714285715,3330.028357142857,2.20102420680666,-1.0,STOP
swing_filtered,1749423000000,2025,0.5454372631931323,1749423300000,1749434100000,3312.855,3297.184928571429,3356.3502857142857,3297.184928571429,2.7756916050159743,-1.0,STOP
swing_filtered,1749597600000,2025,0.6050147066001451,1749597900000,1749645000000,3320.545,3306.1492857142857,3351.627857142857,3351.627857142857,2.1591743574476294,2.1591743574476294,TARGET
swing_filtered,1749661800000,2025,0.5300193410562655,1749662100000,1749682800000,3327.005,3313.1434285714286,3369.6012857142855,3369.6012857142855,3.072976677556606,3.072976677556606,TARGET
swing_filtered,1750079700000,2025,0.6461178593900265,1750080000000,1750081800000,3415.775,3395.7072857142853,3445.8608571428576,3395.7072857142853,1.4992169369420472,-1.0,STOP
swing_filtered,1750129800000,2025,0.5660996229317216,1750130100000,1750170900000,3384.585,3368.9877142857144,3424.6741428571427,3368.9877142857144,2.570264056932989,-1.0,STOP
swing_filtered,1750275000000,2025,0.5517194523966913,1750275300000,1750313400000,3373.245,3352.884857142857,3401.9855714285713,3352.884857142857,1.4116095171939613,-1.0,STOP
swing_filtered,1750315200000,2025,0.5344163201468747,1750315500000,1750629600000,3351.435,3337.6479285714286,3385.7332857142856,3390.698,2.4877136447707233,2.847812909609939,TARGET_GAP
swing_filtered,1750719900000,2025,0.5288281952677821,1750720200000,1750723200000,3355.098,3336.908428571429,3402.0912857142857,3336.908428571429,2.58352902369495,-1.0,STOP
swing_filtered,1750855200000,2025,0.5362645794473097,1750855500000,1750858200000,3319.498,3312.9675714285713,3343.374714285714,3312.9675714285713,3.656224706319751,-1.0,STOP
swing_filtered,1750941900000,2025,0.5559078006456801,1750942200000,1750942800000,3331.195,3320.7574285714286,3359.1452857142854,3320.7574285714286,2.6778533594294474,-1.0,STOP
swing_filtered,1750992300000,2025,0.5282319024549897,1750992600000,1750994400000,3310.865,3299.2097142857147,3346.401142857143,3299.2097142857147,3.0489293637468586,-1.0,STOP
swing_filtered,1751001000000,2025,0.5980137232645362,1751001300000,1751021400000,3293.645,3280.7795,3321.8720000000003,3280.7795,2.1940072286347654,-1.0,STOP
swing_filtered,1751024100000,2025,0.5405816652735308,1751024400000,1751029200000,3282.255,3269.209928571429,3317.985285714286,3269.209928571429,2.738987357020501,-1.0,STOP
swing_filtered,1751414400000,2025,0.5907759345996081,1751414700000,1751440800000,3336.725,3327.535642857143,3361.6324285714286,3327.535642857143,2.71046474570749,-1.0,STOP
swing_filtered,1751441100000,2025,0.5300328905174818,1751441400000,1751482500000,3329.905,3320.727142857143,3353.466428571429,3353.466428571429,2.5672036734376196,2.5672036734376196,TARGET
swing_filtered,1751847000000,2025,0.5413869214835333,1751847300000,1751850300000,3325.075,3316.9492857142855,3346.192857142857,3316.9492857142855,2.5988924050632782,-1.0,STOP
swing_filtered,1751851200000,2025,0.6358785726134518,1751851500000,1751884800000,3311.698,3300.3657857142857,3330.911857142857,3300.3657857142857,1.6955077497148134,-1.0,STOP
swing_filtered,1751885100000,2025,0.52705913800201,1751885400000,1751908200000,3302.798,3287.181,3332.251,3332.251,1.8859576102965314,1.8859576102965314,TARGET
swing_filtered,1751961900000,2025,0.5728745660373794,1751962200000,1751980500000,3328.675,3319.3020714285713,3351.916714285714,3319.3020714285713,2.4796640781580854,-1.0,STOP
swing_filtered,1751984100000,2025,0.5418295308921817,1751984400000,1751985300000,3307.105,3297.3064999999997,3333.349,3297.3064999999997,2.678369138133312,-1.0,STOP
swing_filtered,1751985600000,2025,0.5737659104602494,1751985900000,1751987400000,3297.505,3287.6364999999996,3323.679,3287.6364999999996,2.652277448446944,-1.0,STOP
swing_filtered,1752029400000,2025,0.5555463433301734,1752029700000,1752099600000,3292.115,3277.8767142857146,3320.0681428571424,3320.0681428571424,1.9632379499940358,1.9632379499940358,TARGET
swing_filtered,1752156000000,2025,0.5603643342959344,1752156300000,1752214800000,3314.165,3301.641642857143,3342.9584285714286,3342.9584285714286,2.299178107194001,2.299178107194001,TARGET
swing_filtered,1752498000000,2025,0.5475631259776275,1752498300000,1752586200000,3352.515,3338.3322857142857,3381.5958571428573,3338.3322857142857,2.0504436990703367,-1.0,STOP
swing_filtered,1752586500000,2025,0.5399444467529535,1752586800000,1752593400000,3336.439,3327.667357142857,3360.1755714285714,3327.667357142857,2.706057669600882,-1.0,STOP
swing_filtered,1752746100000,2025,0.544174382121034,1752746400000,1752755400000,3325.415,3317.560214285714,3352.234142857143,3317.560214285714,3.4143697654751115,-1.0,STOP
swing_filtered,1752756300000,2025,0.5554592131342245,1752756600000,1752771900000,3314.365,3303.777857142857,3340.0635714285713,3340.0635714285713,2.427337741195571,2.427337741195571,TARGET
swing_filtered,1752818700000,2025,0.528093060767238,1752819000000,1752829500000,3333.255,3326.7552857142855,3351.203857142857,3351.203857142857,2.7614840212754856,2.7614840212754856,TARGET
swing_filtered,1753163100000,2025,0.5457236612856788,1753163400000,1753189200000,3386.695,3378.5499285714286,3410.425285714286,3410.425285714286,2.9134533591742318,2.9134533591742318,TARGET
swing_filtered,1753249500000,2025,0.5316178206382521,1753249800000,1753276800000,3418.835,3408.684357142857,3446.087571428571,3408.684357142857,2.6848123623415505,-1.0,STOP
swing_filtered,1753326300000,2025,0.5372359159474948,1753326600000,1753348500000,3377.705,3365.274,3410.644,3365.274,2.649746601238818,-1.0,STOP
swing_filtered,1753349400000,2025,0.5340453752752975,1753349700000,1753361100000,3363.885,3354.412714285714,3391.424142857143,3354.412714285714,2.907338702379779,-1.0,STOP
swing_filtered,1753362000000,2025,0.5680442579547659,1753362300000,1753434600000,3355.415,3343.1332857142856,3383.3068571428576,3343.1332857142856,2.2710068394361262,-1.0,STOP
swing_filtered,1753440900000,2025,0.5651306753587845,1753441200000,1753452900000,3342.715,3334.5969999999998,3365.4570000000003,3334.5969999999998,2.8014289233800307,-1.0,STOP
swing_filtered,1753707000000,2025,0.5237039307804912,1753707300000,1753710300000,3328.875,3317.707571428571,3355.894714285714,3317.707571428571,2.4195108222892268,-1.0,STOP
swing_filtered,1753879500000,2025,0.5273375795573756,1753879800000,1753880100000,3320.265,3313.210642857143,3342.647428571429,3313.210642857143,3.1728516317170854,-1.0,STOP
swing_filtered,1753882200000,2025,0.5540634077406201,1753882500000,1753888800000,3306.955,3294.211,3330.031,3294.211,1.8107344632768176,-1.0,STOP
swing_filtered,1753999200000,2025,0.5341794684767748,1753999500000,1754051400000,3291.455,3279.979642857143,3323.321428571429,3323.321428571429,2.7769443839283956,2.7769443839283956,TARGET
swing_filtered,1754370000000,2025,0.5310725697023,1754370300000,1754384400000,3370.415,3364.3435714285715,3390.1157142857146,3364.3435714285715,3.2448235294118923,-1.0,STOP
swing_filtered,1754388900000,2025,0.5257795896047489,1754389200000,1754400900000,3356.095,3348.561,3376.9310000000005,3376.9310000000005,2.765595964959074,2.765595964959074,TARGET
swing_filtered,1754468400000,2025,0.564889304120042,1754468700000,1754473500000,3367.515,3361.4889285714285,3385.1692857142857,3361.4889285714285,2.9296509215907345,-1.0,STOP
swing_filtered,1754473800000,2025,0.6073119653175421,1754474100000,1754492100000,3360.485,3352.8407857142856,3378.711857142857,3378.711857142857,2.3843990319474764,2.3843990319474764,TARGET
swing_filtered,1754675700000,2025,0.5424122690631056,1754676000000,1754895600000,3383.489,3362.700142857143,3422.194428571429,3362.700142857143,1.861835323868579,-1.0,STOP
swing_filtered,1754915400000,2025,0.5818519094703237,1754915700000,1755008100000,3350.075,3334.360642857143,3383.4324285714288,3334.360642857143,2.122735805746395,-1.0,STOP
swing_filtered,1755174600000,2025,0.62852823555115,1755174900000,1755188100000,3347.805,3332.4819999999995,3373.7720000000004,3332.4819999999995,1.6946420413757104,-1.0,STOP
swing_filtered,1755525600000,2025,0.6194015317329256,1755525900000,1755614700000,3336.665,3324.528142857143,3363.1624285714283,3324.528142857143,2.1832199439723206,-1.0,STOP
swing_filtered,1755750300000,2025,0.5533141160089539,1755750600000,1755772800000,3339.798,3333.083,3359.9429999999998,3333.083,3.0000000000001354,-1.0,STOP
swing_filtered,1755773100000,2025,0.5632178119160061,1755773400000,1755783000000,3331.355,3324.1712857142857,3346.054857142857,3346.054857142857,2.0462753052539244,2.0462753052539244,TARGET
swing_filtered,1755848700000,2025,0.532671813203817,1755849000000,1755865800000,3326.598,3321.5012857142856,3341.619857142857,3321.5012857142856,2.947361044930879,-1.0,STOP
swing_filtered,1756166400000,2025,0.6076897913724477,1756166700000,1756167300000,3356.615,3345.7285714285717,3372.9607142857144,3372.9607142857144,1.5014762810840223,1.5014762810840223,TARGET
swing_filtered,1756463400000,2025,0.5497697254004091,1756463700000,1756474500000,3406.435,3400.6917857142857,3423.6078571428575,3423.6078571428575,2.990112555189466,2.990112555189466,TARGET
swing_filtered,1756799400000,2025,0.5294894688690084,1756799700000,1756824000000,3474.335,3463.180714285714,3506.8521428571426,3506.8521428571426,2.9152151639343646,2.9152151639343646,TARGET
swing_filtered,1756955400000,2025,0.5469567465286103,1756955700000,1756992900000,3514.748,3498.870428571429,3556.6432857142863,3556.6432857142863,2.638645708681686,2.638645708681686,TARGET
swing_filtered,1757428500000,2025,0.6087477293103182,1757428800000,1757451300000,3641.385,3624.856857142857,3678.962571428571,3624.856857142857,2.2735507402956725,-1.0,STOP
swing_filtered,1757558700000,2025,0.5579086539222483,1757559000000,1757568600000,3637.965,3625.4047142857144,3668.356142857143,3625.4047142857144,2.4196219376265122,-1.0,STOP
swing_filtered,1757582100000,2025,0.5403732311232438,1757582400000,1757640600000,3617.755,3606.0031428571433,3645.7124285714285,3645.7124285714285,2.378979614164381,2.378979614164381,TARGET
swing_filtered,1757898000000,2025,0.5260773199689475,1757898300000,1757943000000,3630.695,3622.0555,3653.953,3653.953,2.6920539383065227,2.6920539383065227,TARGET
swing_filtered,1758072900000,2025,0.5666354931532406,1758073200000,1758093900000,3680.735,3668.8250000000003,3705.4750000000004,3668.8250000000003,2.0772460117548732,-1.0,STOP
swing_filtered,1758094200000,2025,0.5265810958445684,1758094500000,1758106200000,3670.045,3660.2762857142857,3691.069857142857,3660.2762857142857,2.1522645179216005,-1.0,STOP
swing_filtered,1758106800000,2025,0.5245218892329577,1758107100000,1758132000000,3661.535,3652.672,3688.3869999999997,3688.3869999999997,3.0296739253075007,3.0296739253075007,TARGET
swing_filtered,1758203100000,2025,0.5414654927484706,1758203400000,1758294900000,3635.838,3616.0594285714287,3673.087285714286,3673.087285714286,1.883315276273015,1.883315276273015,TARGET
swing_filtered,1758807900000,2025,0.5288652590640494,1758808200000,1758895200000,3724.748,3710.311714285714,3768.328142857143,3768.328142857143,3.018791933025865,3.018791933025865,TARGET
swing_filtered,1759220400000,2025,0.6354443393913068,1759220700000,1759221300000,3829.645,3810.0205714285717,3862.2777142857144,3810.0205714285717,1.6628618849684713,-1.0,STOP
swing_filtered,1759225500000,2025,0.5663311547904483,1759225800000,1759241400000,3798.095,3780.215928571429,3843.511285714286,3843.511285714286,2.540192643433937,2.540192643433937,TARGET
swing_filtered,1759821600000,2025,0.5247091903959222,1759821900000,1759850100000,3947.198,3932.2350714285712,3989.4847142857143,3989.4847142857143,2.8260987870021625,2.8260987870021625,TARGET
swing_filtered,1759961100000,2025,0.5609849422363301,1759961400000,1760027400000,4019.668,4000.5871428571427,4071.391428571429,4000.5871428571427,2.7107497417007096,-1.0,STOP
swing_filtered,1760028000000,2025,0.575317421383639,1760028300000,1760029500000,3986.345,3960.2237857142854,4040.6298571428574,3960.2237857142854,2.0781904144688212,-1.0,STOP
swing_filtered,1760030100000,2025,0.5326723203494415,1760030400000,1760109900000,3963.185,3924.8965714285714,4019.353714285715,4019.353714285715,1.4669892806107212,1.4669892806107212,TARGET
swing_filtered,1760422800000,2025,0.5852731451221549,1760423100000,1760484900000,4099.248,4071.108357142857,4164.991571428572,4164.991571428572,2.3363328298917945,2.3363328298917945,TARGET
swing_filtered,1760708100000,2025,0.587744016364784,1760708400000,1760710200000,4280.995,4222.9039999999995,4398.959,4222.9039999999995,2.030676008331742,-1.0,STOP
swing_filtered,1761048600000,2025,0.5739950616770146,1761048900000,1761054300000,4224.869,4188.042214285714,4317.856142857143,4188.042214285714,2.5249866653736364,-1.0,STOP
swing_filtered,1761055200000,2025,0.5313605891281881,1761055500000,1761056700000,4174.899,4134.046785714286,4289.737857142858,4134.046785714286,2.8110803575955776,-1.0,STOP
swing_filtered,1761057000000,2025,0.5503694158249001,1761057300000,1761057900000,4133.848,4089.7097857142858,4245.400857142858,4089.7097857142858,2.527353200579366,-1.0,STOP
swing_filtered,1761091800000,2025,0.6182703531909848,1761092100000,1761114900000,4035.485,3966.793857142857,4149.31457142857,4149.31457142857,1.6571215253369933,1.6571215253369933,TARGET
swing_filtered,1761291300000,2025,0.5289277004617042,1761291600000,1761293100000,4088.075,4063.371071428571,4156.090714285715,4063.371071428571,2.7532347371008394,-1.0,STOP
swing_filtered,1761555300000,2025,0.5742540033519276,1761555600000,1761573900000,4043.135,4002.8797857142854,4110.8558571428575,4002.8797857142854,1.6822878313900587,-1.0,STOP
swing_filtered,1761634800000,2025,0.5339440721743971,1761635100000,1761639300000,3942.448,3914.187785714286,4023.173857142857,3914.187785714286,2.8565196401806876,-1.0,STOP
swing_filtered,1761763200000,2025,0.566211897939377,1761763500000,1761775200000,3954.098,3924.6879999999996,4011.188,3921.725,1.9411764705882197,-1.100748044882683,STOP_GAP
swing_filtered,1761775500000,2025,0.5428827690840939,1761775800000,1761815700000,3929.635,3892.6879999999996,4010.9880000000003,4010.9880000000003,2.2018837794678543,2.2018837794678543,TARGET
swing_filtered,1762211400000,2025,0.5455957051777485,1762211700000,1762265100000,3987.545,3965.0087857142858,4043.089857142857,3965.0087857142858,2.4646933348546805,-1.0,STOP
swing_filtered,1762449300000,2025,0.561951972407456,1762449600000,1762533300000,3977.319,3961.225214285714,4021.724142857143,4021.724142857143,2.7591483846915077,2.7591483846915077,TARGET
swing_filtered,1762873500000,2025,0.5619056327963313,1762873800000,1762874400000,4122.385,4106.462785714286,4163.773857142858,4106.462785714286,2.5994410325197514,-1.0,STOP
swing_filtered,1762874700000,2025,0.5588403792331582,1762875000000,1762904400000,4101.265,4085.4427857142855,4142.753857142858,4142.753857142858,2.622190320119464,2.622190320119464,TARGET
swing_filtered,1763118900000,2025,0.5427053033860586,1763119200000,1763122200000,4148.345,4125.113928571429,4207.434285714285,4125.113928571429,2.5435454363767276,-1.0,STOP
swing_filtered,1763122800000,2025,0.5303748433064431,1763123100000,1763125800000,4119.895,4093.8459285714293,4186.341285714285,4093.8459285714293,2.5508120662376044,-1.0,STOP
swing_filtered,1763127300000,2025,0.5651551247463343,1763127600000,1763408400000,4055.415,4026.5845000000004,4123.686999999999,4026.5845000000004,2.368047727233313,-1.0,STOP
swing_filtered,1763571900000,2025,0.5257723171695032,1763572200000,1763706300000,4060.455,4036.5405,4130.763,4036.5405,2.9399736561500514,-1.0,STOP
swing_filtered,1763712000000,2025,0.5802143634252003,1763712300000,1763743800000,4032.515,4004.4199999999996,4092.6949999999997,4092.6949999999997,2.142018152696184,2.142018152696184,TARGET
swing_filtered,1763961600000,2025,0.5372437939195396,1763961900000,1764010200000,4046.035,4019.982785714286,4119.793857142858,4119.793857142858,2.8311934000675083,2.8311934000675083,TARGET
swing_filtered,1764169200000,2025,0.5670816247369952,1764169500000,1764294000000,4142.625,4121.717285714286,4191.505857142858,4191.505857142858,2.3379340503164254,2.3379340503164254,TARGET
swing_filtered,1764319200000,2025,0.579870112514734,1764319500000,1764339000000,4157.459,4140.4325,4189.715,4189.715,1.8944586380054869,1.8944586380054869,TARGET
swing_filtered,1764637500000,2025,0.5579731818806171,1764637800000,1764668100000,4205.765,4183.031928571429,4257.347285714287,4183.031928571429,2.26904164166115,-1.0,STOP
swing_filtered,1764689700000,2025,0.5522848278482222,1764690000000,1764690900000,4188.445,4164.716928571429,4240.957285714286,4164.716928571429,2.2130869705262475,-1.0,STOP
swing_filtered,1764817200000,2025,0.5294732536801744,1764817500000,1764948600000,4193.895,4170.9256428571425,4251.922428571428,4251.922428571428,2.5262974584149687,2.5262974584149687,TARGET
swing_filtered,1764951600000,2025,0.6765332996516008,1764951900000,1765206000000,4209.215,4187.5305,4240.953,4187.5305,1.463626092370119,-1.0,STOP
swing_filtered,1765206900000,2025,0.5476784090357687,1765207200000,1765298700000,4186.135,4164.717,4221.121999999999,4221.121999999999,1.6335325427209932,1.6335325427209932,TARGET
swing_filtered,1765354200000,2025,0.5305019017589183,1765354500000,1765361100000,4202.165,4191.397785714285,4234.5338571428565,4191.397785714285,3.0062424954058993,-1.0,STOP
swing_filtered,1765362600000,2025,0.5739874417094553,1765362900000,1765396800000,4191.655,4179.3035,4220.410999999999,4220.410999999999,2.328138282799657,2.328138282799657,TARGET
swing_filtered,1765557600000,2025,0.6256477099779285,1765557900000,1765764300000,4273.875,4239.455714285715,4326.402142857143,4326.402142857143,1.5260962500259707,1.5260962500259707,TARGET
swing_filtered,1765810800000,2025,0.5711805324021896,1765811100000,1765815300000,4317.879,4300.566285714285,4358.709857142857,4300.566285714285,2.358431870879302,-1.0,STOP
swing_filtered,1765815600000,2025,0.5481086608665052,1765815900000,1765854600000,4295.035,4281.439857142857,4338.165571428571,4281.439857142857,3.172498581426184,-1.0,STOP
swing_filtered,1766048100000,2025,0.5975912974520807,1766048400000,1766068800000,4326.355,4312.1195,4359.847,4312.1195,2.3527097748586785,-1.0,STOP
swing_filtered,1766069100000,2025,0.5596063818376513,1766069400000,1766073600000,4314.425,4299.180714285714,4344.7021428571425,4344.7021428571425,1.9861306344296905,1.9861306344296905,TARGET
swing_filtered,1766498700000,2025,0.7033062217289363,1766499000000,1766501700000,4468.915,4441.334,4506.6539999999995,4441.334,1.3682970160617598,-1.0,STOP
swing_filtered,1766590500000,2025,0.5271348402367102,1766590800000,1766711100000,4461.055,4438.674357142857,4529.377571428571,4529.377571428571,3.0527528572202733,3.0527528572202733,TARGET
swing_filtered,1766968200000,2025,0.6840757514759647,1766968500000,1766991600000,4495.848,4454.061142857143,4541.245428571428,4454.061142857143,1.0864044744075356,-1.0,STOP
swing_filtered,1767008400000,2025,0.5864909873453569,1767008700000,1767016200000,4452.665,4409.974214285714,4529.278142857143,4409.974214285714,1.794606062532733,-1.0,STOP
swing_filtered,1767018600000,2025,0.536380728234317,1767018900000,1767020700000,4380.895,4337.3525714285715,4480.014714285714,4337.3525714285715,2.2763937965268357,-1.0,STOP
swing_filtered,1767366300000,2026,0.5250105033601845,1767366600000,1767369900000,4347.065,4324.031928571429,4398.097285714285,4324.031928571429,2.2156092326871923,-1.0,STOP
swing_filtered,1767370800000,2026,0.5299657533637171,1767371100000,1767571800000,4318.058,4298.9205,4378.543,4378.543,3.1605486610058913,3.1605486610058913,TARGET
swing_filtered,1767873900000,2026,0.5419882937466417,1767874200000,1767891600000,4418.255,4398.6960714285715,4464.705714285714,4464.705714285714,2.374910983292214,2.374910983292214,TARGET
swing_filtered,1768403100000,2026,0.5265059990484898,1768403400000,1768440600000,4604.705,4584.41,4658.1849999999995,4584.41,2.635131805863482,-1.0,STOP
swing_filtered,1768454100000,2026,0.5275541136838205,1768454400000,1768577400000,4586.825,4560.615714285714,4661.612142857143,4560.615714285714,2.8534597879704338,-1.0,STOP
swing_filtered,1769014200000,2026,0.5737618579739892,1769014500000,1769024100000,4829.385,4793.2814285714285,4924.949285714286,4793.2814285714285,2.646948263923213,-1.0,STOP
swing_filtered,1769025000000,2026,0.572600557621939,1769025300000,1769096700000,4769.185,4727.734285714286,4865.787857142858,4865.787857142858,2.330547466009543,2.330547466009543,TARGET
swing_filtered,1769156700000,2026,0.5804593374894076,1769157000000,1769185500000,4913.285,4880.4,4983.425000000001,4983.425000000001,2.1328873346510804,2.1328873346510804,TARGET
swing_filtered,1769454000000,2026,0.5610108810287336,1769454300000,1769456700000,5045.655,5008.242214285714,5145.806142857143,5008.242214285714,2.676922900689032,-1.0,STOP
swing_filtered,1769463300000,2026,0.5475533053756405,1769463600000,1769544000000,5000.798,4960.3174285714285,5107.755285714286,5107.755285714286,2.642188139636686,2.642188139636686,TARGET
swing_filtered,1769698800000,2026,0.5736413935236239,1769699100000,1769699400000,5458.225,5390.3575,5637.61,5390.3575,2.6431649906066754,-1.0,STOP
swing_filtered,1769699700000,2026,0.6842833212552405,1769700000000,1769700300000,5332.148,5227.7345000000005,5474.987,5227.7345000000005,1.3680127569710852,-1.0,STOP
swing_filtered,1769762100000,2026,0.5291150982662636,1769762400000,1769766300000,5091.175,4968.949928571428,5383.125285714285,4968.949928571428,2.3886284728816896,-1.0,STOP
swing_filtered,1769766600000,2026,0.5543807948320981,1769766900000,1769794800000,4987.115,4856.811357142858,5277.229571428572,4856.811357142858,2.22645019791686,-1.0,STOP
swing_filtered,1769994600000,2026,0.546725941311972,1769994900000,1770013200000,4641.795,4459.868785714286,5074.514857142856,4459.868785714286,2.378545933261008,-1.0,STOP
swing_filtered,1770215700000,2026,0.5490176752797532,1770216000000,1770219000000,4981.575,4931.733142857143,5113.9424285714285,4931.733142857143,2.6557483239847546,-1.0,STOP
swing_filtered,1770219300000,2026,0.6194590350551686,1770219600000,1770223500000,4912.125,4848.7720714285715,5038.901714285714,4848.7720714285715,2.0011184509454347,-1.0,STOP
swing_filtered,1770259500000,2026,0.5490254775230605,1770259800000,1770327000000,4851.098,4769.731071428572,5055.100714285714,4769.731071428572,2.5071944814364127,-1.0,STOP
swing_filtered,1770737700000,2026,0.5316228001183069,1770738000000,1770809100000,5007.645,4972.0145,5105.367,5105.367,2.7426502575040814,2.7426502575040814,TARGET
swing_filtered,1770816600000,2026,0.7083406365552922,1770816900000,1770912600000,5048.929,4991.602785714285,5123.563857142857,4991.602785714285,1.3019324243334085,-1.0,STOP
swing_filtered,1770912900000,2026,0.5559103310386652,1770913200000,1770913500000,4934.285,4891.370285714286,5000.593857142857,4891.370285714286,1.545131040635433,-1.0,STOP
swing_filtered,1771218000000,2026,0.5363961200347241,1771218300000,1771289700000,4977.115,4934.043571428571,5088.165714285715,4934.043571428571,2.5782918739635403,-1.0,STOP
swing_filtered,1771305900000,2026,0.5405872444593495,1771306200000,1771306200000,4900.375,4868.240428571428,4967.363285714286,4868.240428571428,2.08461736803263,-1.0,STOP
swing_filtered,1771336800000,2026,0.6231584808253313,1771337100000,1771425000000,4871.645,4807.471428571429,4970.589285714286,4970.589285714286,1.5418229578264313,1.5418229578264313,TARGET
swing_filtered,1772116200000,2026,0.7383888345300798,1772116500000,1772198100000,5165.618,5120.109214285714,5216.9881428571425,5216.9881428571425,1.128796166517269,1.128796166517269,TARGET
swing_filtered,1772467200000,2026,0.5795927384449995,1772467500000,1772529900000,5272.558,5228.614785714286,5386.015857142857,5228.614785714286,2.5819198478556142,-1.0,STOP
swing_filtered,1772535900000,2026,0.5492903553253821,1772536200000,1772537100000,5170.485,5123.351142857143,5302.470428571429,5123.351142857143,2.800225497595023,-1.0,STOP
swing_filtered,1772537400000,2026,0.6991109345408236,1772537700000,1772542500000,5115.905,5035.821142857143,5214.940428571429,5214.940428571429,1.2366465865244984,1.2366465865244984,TARGET
swing_filtered,1772549400000,2026,0.5824631529255045,1772549700000,1772820000000,5047.265,4957.424,5248.929,5140.375,2.244676706626139,1.036386505047799,864BAR_TIMEOUT
swing_filtered,1773013200000,2026,0.6179666302279366,1773013500000,1773107700000,5072.415,5008.392285714285,5183.7708571428575,5183.7708571428575,1.7393179652757103,1.7393179652757103,TARGET
swing_filtered,1773232500000,2026,0.5330459581391225,1773232800000,1773237000000,5177.145,5154.620857142857,5245.4065714285725,5154.620857142857,3.0305957417120126,-1.0,STOP
swing_filtered,1773328200000,2026,0.6017876987125357,1773328500000,1773342000000,5124.605,5089.23,5189.905,5089.23,1.8459363957597223,-1.0,STOP
swing_filtered,1773347400000,2026,0.5850381363500602,1773347700000,1773417300000,5071.155,5032.875928571429,5142.471285714286,5032.875928571429,1.8630620611412307,-1.0,STOP
swing_filtered,1773417900000,2026,0.5479634257623276,1773418200000,1773616800000,5037.025,4994.782571428571,5115.194714285714,4994.782571428571,1.8505023723608995,-1.0,STOP
swing_filtered,1773744000000,2026,0.5553669727506253,1773744300000,1773762000000,4999.035,4974.7871428571425,5059.526428571428,4974.7871428571425,2.4947123457153557,-1.0,STOP
swing_filtered,1773823500000,2026,0.6090158202778794,1773823800000,1773830100000,4987.709,4961.361357142857,5031.699571428571,4961.361357142857,1.6696207576172362,-1.0,STOP
swing_filtered,1773839700000,2026,0.5905758393476355,1773840000000,1773865500000,4850.885,4810.823357142857,4926.031571428572,4810.823357142857,1.8757735846365289,-1.0,STOP
swing_filtered,1773872400000,2026,0.564362681443796,1773872700000,1773902700000,4821.525,4770.186,4938.481000000001,4770.186,2.278112156450285,-1.0,STOP
swing_filtered,1773907800000,2026,0.5525885235840371,1773908100000,1773917400000,4714.545,4668.9145,4829.967,4668.9145,2.529492335170534,-1.0,STOP
swing_filtered,1773917700000,2026,0.6016662342059251,1773918000000,1773921600000,4678.955,4630.185,4811.1849999999995,4630.185,2.7112979290547643,-1.0,STOP
swing_filtered,1773922200000,2026,0.5468650357812708,1773922500000,1773924000000,4619.275,4573.201928571429,4756.567285714285,4573.201928571429,2.979881337564737,-1.0,STOP
swing_filtered,1773924300000,2026,0.6444007101871452,1773924600000,1773968700000,4557.265,4494.271928571428,4677.637285714285,4677.637285714285,1.9108813554324824,1.9108813554324824,TARGET
swing_filtered,1774013700000,2026,0.5449005362019298,1774014000000,1774015500000,4654.055,4600.891642857142,4778.008428571429,4600.891642857142,2.331557584641364,-1.0,STOP
swing_filtered,1774020300000,2026,0.6050625842096365,1774020600000,1774032900000,4562.785,4497.577785714286,4711.963857142858,4497.577785714286,2.287766143316761,-1.0,STOP
swing_filtered,1774216800000,2026,0.5393833864995878,1774217100000,1774225800000,4475.375,4400.161142857143,4643.530428571428,4400.161142857143,2.235697449368189,-1.0,STOP
swing_filtered,1774248300000,2026,0.5333569424020488,1774248600000,1774264200000,4205.225,4094.434714285714,4434.486142857142,4434.486142857142,2.06932531475166,2.06932531475166,TARGET
swing_filtered,1774465800000,2026,0.5747217904104083,1774466100000,1774504500000,4508.825,4454.081857142857,4616.212571428571,4454.081857142857,1.9616625174190188,-1.0,STOP
swing_filtered,1774542600000,2026,0.534836409499773,1774542900000,1774624200000,4392.675,4340.181357142857,4518.414571428572,4518.414571428572,2.395329502483994,2.395329502483994,TARGET
swing_filtered,1774916400000,2026,0.5475884776756073,1774916700000,1774921200000,4493.805,4453.141857142857,4598.00757142857,4598.00757142857,2.562580364106411,2.562580364106411,TARGET
swing_filtered,1775093100000,2026,0.5340217238963488,1775093400000,1775093400000,4695.265,4658.194928571428,4797.995285714285,4658.194928571428,2.7712459608347118,-1.0,STOP
swing_filtered,1775107800000,2026,0.5491634962530721,1775108100000,1775108700000,4651.515,4598.787428571429,4785.290285714285,4598.787428571429,2.5371031149330743,-1.0,STOP
swing_filtered,1775523600000,2026,0.7937509219738137,1775523900000,1775589600000,4661.365,4605.559785714286,4700.400857142858,4700.400857142858,0.699501966662116,0.699501966662116,TARGET
swing_filtered,1775656500000,2026,0.536234658315227,1775656800000,1775660100000,4777.168,4738.938571428571,4883.970714285713,4738.938571428571,2.7937303348952964,-1.0,STOP
swing_filtered,1775671200000,2026,0.5340480559334669,1775671500000,1776031200000,4739.805,4696.485428571428,4848.233285714286,4634.998,2.502986113172157,-2.4193914331034594,STOP_GAP
swing_filtered,1776092700000,2026,0.5291021954431931,1776093000000,1776128700000,4705.275,4680.9905,4776.163,4776.163,2.919063600238862,2.919063600238862,TARGET
swing_filtered,1776236400000,2026,0.5274425495341393,1776236700000,1776246300000,4808.695,4786.084714285715,4874.236142857143,4786.084714285715,2.8987312980187054,-1.0,STOP
swing_filtered,1776347700000,2026,0.5320007386367019,1776348000000,1776388200000,4794.358,4769.261071428571,4846.680714285714,4769.261071428571,2.084825405499197,-1.0,STOP
swing_filtered,1776750600000,2026,0.5562560214118141,1776750900000,1776774600000,4787.545,4768.847928571428,4838.533285714285,4768.847928571428,2.727073376655537,-1.0,STOP
swing_filtered,1776781800000,2026,0.536068313049524,1776782100000,1776782400000,4768.035,4744.534,4830.989,4744.534,2.6787796263988417,-1.0,STOP
swing_filtered,1776795900000,2026,0.5291140514375449,1776796200000,1776966300000,4696.265,4667.882714285714,4788.909142857143,4667.882714285714,3.2641536974772647,-1.0,STOP
swing_filtered,1777352700000,2026,0.5551452270906898,1777353000000,1777354800000,4653.855,4637.0142857142855,4694.517857142858,4637.0142857142855,2.4145565593587945,-1.0,STOP
swing_filtered,1777362900000,2026,0.6307433553443366,1777363200000,1777370100000,4632.925,4606.358071428571,4676.3427142857145,4606.358071428571,1.6342767726791965,-1.0,STOP
swing_filtered,1777375200000,2026,0.5296353581224359,1777375500000,1777376100000,4601.675,4577.868785714286,4658.199857142858,4577.868785714286,2.3743740379912897,-1.0,STOP
swing_filtered,1777377600000,2026,0.5910628977459532,1777377900000,1777468800000,4569.035,4535.170928571429,4632.691285714286,4535.170928571429,1.8797587835401082,-1.0,STOP
swing_filtered,1777614900000,2026,0.5280806220626899,1777615200000,1777619100000,4604.655,4590.015,4653.3150000000005,4590.015,3.323770491803463,-1.0,STOP
swing_filtered,1777620000000,2026,0.5999126338358028,1777620300000,1777623300000,4590.905,4572.0545,4636.357,4572.0545,2.4111827272486828,-1.0,STOP
swing_filtered,1777624500000,2026,0.5377635705429658,1777624800000,1777643400000,4570.315,4552.320214285714,4620.144142857143,4620.144142857143,2.7690878706928355,2.7690878706928355,TARGET
swing_filtered,1777874700000,2026,0.5681331995974893,1777875000000,1777888800000,4596.835,4569.351928571429,4660.167285714286,4569.351928571429,2.304410767147618,-1.0,STOP
swing_filtered,1777890000000,2026,0.6030660500063759,1777890300000,1777910700000,4536.305,4509.509285714285,4591.237857142856,4509.509285714285,2.0500613104440095,-1.0,STOP
swing_filtered,1777911000000,2026,0.5321805530740151,1777911300000,1778024700000,4509.175,4477.5812857142855,4592.999857142857,4592.999857142857,2.653213116533079,2.653213116533079,TARGET
swing_filtered,1778174700000,2026,0.572882343600491,1778175000000,1778478000000,4698.945,4666.021857142857,4773.737571428571,4666.021857142857,2.271732433112604,-1.0,STOP
swing_filtered,1778569500000,2026,0.5606997188325843,1778569800000,1778598000000,4694.585,4669.0650000000005,4758.415,4669.0650000000005,2.5011755485893854,-1.0,STOP
swing_filtered,1778599500000,2026,0.5347921557701911,1778599800000,1778616000000,4656.015,4618.419285714286,4717.447857142857,4717.447857142857,1.6340388342136234,1.6340388342136234,TARGET
swing_filtered,1778675400000,2026,0.5667890651167488,1778675700000,1778787300000,4682.295,4660.862214285714,4733.026142857143,4660.862214285714,2.366987825727558,-1.0,STOP
swing_filtered,1778803200000,2026,0.5359910896623954,1778803500000,1778805000000,4649.195,4625.222214285714,4711.136142857143,4625.222214285714,2.583810809280719,-1.0,STOP
swing_filtered,1778833800000,2026,0.5239167834296148,1778834100000,1778852100000,4555.005,4528.763357142858,4634.171571428572,4528.763357142858,3.016829847870011,-1.0,STOP
swing_filtered,1778852700000,2026,0.5758684971689778,1778853000000,1779064800000,4528.855,4486.448071428572,4610.282714285715,4486.448071428572,1.9201511882324485,-1.0,STOP
swing_filtered,1779197400000,2026,0.6131181724437974,1779197700000,1779288900000,4481.385,4447.176642857143,4534.368428571428,4534.368428571428,1.548844580584906,1.548844580584906,TARGET
swing_filtered,1779347700000,2026,0.5279609248586853,1779348000000,1779368400000,4521.055,4500.768142857143,4582.502428571427,4500.768142857143,3.028927947721173,-1.0,STOP
swing_filtered,1779369900000,2026,0.5257766537607718,1779370200000,1779663900000,4501.035,4476.015928571429,4572.261285714286,4572.261285714286,2.846879666083372,2.846879666083372,TARGET
swing_filtered,1779754500000,2026,0.5584065828838868,1779754800000,1779759300000,4545.755,4528.594,4590.049,4528.594,2.5810850183555574,-1.0,STOP
swing_filtered,1779798600000,2026,0.5250226349907083,1779798900000,1779818700000,4510.235,4482.670214285715,4571.694142857144,4482.670214285715,2.229625272410297,-1.0,STOP
swing_filtered,1779863400000,2026,0.5266739987064364,1779863700000,1779878100000,4483.298,4463.964357142858,4541.117571428572,4463.964357142858,2.990619608306935,-1.0,STOP
swing_filtered,1780283700000,2026,0.5278619690580553,1780284000000,1780299900000,4519.135,4493.530428571429,4593.653285714286,4493.530428571429,2.910350830208924,-1.0,STOP
swing_filtered,1780319400000,2026,0.6544865449870096,1780319700000,1780321800000,4483.995,4457.7777857142855,4529.513857142857,4457.7777857142855,1.7362202042823482,-1.0,STOP
swing_filtered,1780442700000,2026,0.5263970572941378,1780443000000,1780476600000,4467.375,4449.372642857143,4512.034428571428,4449.372642857143,2.4807545043704073,-1.0,STOP
swing_filtered,1780479300000,2026,0.5370048638062271,1780479600000,1780573500000,4446.735,4423.219714285714,4500.7961428571425,4500.7961428571425,2.298978779760277,2.298978779760277,TARGET
swing_filtered,1780622700000,2026,0.5338857327879866,1780623000000,1780640100000,4458.695,4431.820928571429,4517.791285714286,4431.820928571429,2.1990075404599536,-1.0,STOP
swing_filtered,1780673700000,2026,0.5455744809810184,1780674000000,1780689600000,4339.875,4313.074,4427.279,4313.074,3.2612215962090665,-1.0,STOP
swing_filtered,1780869600000,2026,0.5553439351808822,1780869900000,1780896900000,4320.515,4285.7777857142855,4410.713857142859,4285.7777857142855,2.596605945455774,-1.0,STOP
swing_filtered,1781014500000,2026,0.5313008115266545,1781014800000,1781016000000,4311.225,4289.686642857143,4368.2284285714295,4289.686642857143,2.646600583013022,-1.0,STOP
swing_filtered,1781019000000,2026,0.5325468690416367,1781019300000,1781022900000,4274.345,4244.081428571429,4339.949285714286,4244.081428571429,2.1677641671977015,-1.0,STOP
swing_filtered,1781058300000,2026,0.5570902093305193,1781058600000,1781092500000,4187.755,4150.310428571428,4288.348285714285,4150.310428571428,2.6864584605053725,-1.0,STOP
swing_filtered,1781094300000,2026,0.559934983600869,1781094600000,1781112900000,4141.098,4104.938071428572,4231.972714285715,4104.938071428572,2.513133124867928,-1.0,STOP
swing_filtered,1781719800000,2026,0.5575161302344318,1781720100000,1781723400000,4284.285,4260.9007142857145,4340.872142857143,4260.9007142857145,2.4198790396481793,-1.0,STOP
swing_filtered,1781781000000,2026,0.5497378134091601,1781781300000,1781800500000,4247.225,4218.974357142857,4326.042571428571,4218.974357142857,2.789939040578029,-1.0,STOP
swing_filtered,1781801400000,2026,0.5409094694723499,1781801700000,1781826300000,4217.325,4193.326142857143,4298.820428571428,4193.326142857143,3.3958045621220694,-1.0,STOP
swing_filtered,1781834700000,2026,0.552354080478415,1781835000000,1781840400000,4184.145,4159.988285714286,4254.321857142856,4159.988285714286,2.9050663228796463,-1.0,STOP
swing_filtered,1781841300000,2026,0.553802439195753,1781841600000,1781844600000,4153.265,4126.373071428572,4221.232714285714,4126.373071428572,2.52743919444762,-1.0,STOP
swing_filtered,1781845500000,2026,0.5278983977324188,1781845800000,1782089700000,4124.155,4102.575357142858,4196.888571428571,4196.888571428571,3.3704715091936204,3.3704715091936204,TARGET
swing_filtered,1782195000000,2026,0.5294423381479463,1782195300000,1782201600000,4122.405,4092.2759285714283,4185.021285714285,4092.2759285714283,2.0782680230531825,-1.0,STOP
swing_filtered,1782262800000,2026,0.5642997128462878,1782263100000,1782270900000,4073.285,4051.719,4138.198999999999,4051.719,3.010015765556869,-1.0,STOP
swing_filtered,1782709200000,2026,0.5513488698585345,1782709500000,1782726900000,4054.395,4028.2871428571425,4122.326428571429,4028.2871428571425,2.6019534349265068,-1.0,STOP
swing_filtered,1782742500000,2026,0.5705356784458238,1782742800000,1782780900000,4017.175,3981.8920000000003,4072.022,3981.8920000000003,1.5544879970524021,-1.0,STOP
swing_filtered,1782781500000,2026,0.7064042896285626,1782781800000,1782800700000,3963.395,3925.263214285714,4006.5871428571427,4006.5871428571427,1.132707059165107,1.132707059165107,TARGET
swing_filtered,1782868200000,2026,0.5388515980921045,1782868500000,1782889500000,3984.135,3962.7752142857144,4042.174142857143,3962.7752142857144,2.717215595394533,-1.0,STOP
swing_filtered,1782890100000,2026,0.5700792952110944,1782890400000,1782904200000,3969.995,3946.982142857143,4011.596428571429,4011.596428571429,1.8077472220498376,1.8077472220498376,TARGET
swing_filtered,1783315800000,2026,0.5864445616140477,1783316100000,1783341600000,4156.365,4132.726428571428,4215.4692857142845,4132.726428571428,2.500332386535265,-1.0,STOP
swing_filtered,1783387500000,2026,0.5727969118594048,1783387800000,1783429200000,4132.395,4112.558571428571,4177.190714285714,4177.190714285714,2.2582550142233293,2.2582550142233293,TARGET
swing_filtered,1783498500000,2026,0.5850153320024727,1783498800000,1783500000000,4088.595,4064.0862857142856,4147.189857142857,4064.0862857142856,2.390776458519155,-1.0,STOP
swing_filtered,1783662300000,2026,0.5406936636036843,1783662600000,1783673100000,4111.465,4095.800714285714,4156.572142857142,4095.800714285714,2.879616963064192,-1.0,STOP
swing_filtered,1783693800000,2026,0.7135432578644072,1783694100000,1783911900000,4089.855,4058.937857142857,4127.173571428571,4058.937857142857,1.2070511043341572,-1.0,STOP
swing_filtered,1783920600000,2026,0.532690535046848,1783920900000,1783951500000,4061.755,4032.6457142857143,4129.492142857142,4032.6457142857143,2.326994331705619,-1.0,STOP
swing_filtered,1783952100000,2026,0.5971701350906733,1783952400000,1783961700000,4021.255,3988.4577142857142,4079.5041428571426,3988.4577142857142,1.7760354733187658,-1.0,STOP
swing_filtered,1783987500000,2026,0.6133834196842642,1783987800000,1784032200000,3994.775,3966.061428571428,4052.1792857142855,4052.1792857142855,1.9992039602974776,1.9992039602974776,TARGET
swing_filtered,1784096400000,2026,0.5792781352024511,1784096700000,1784140200000,4026.285,4006.7157142857145,4078.462142857143,4078.462142857143,2.666277329634704,2.666277329634704,TARGET
swing_filtered,1784183700000,2026,0.5501100048610236,1784184000000,1784205600000,4026.465,4007.457857142857,4083.8935714285712,4007.457857142857,3.0214205186019565,-1.0,STOP
swing_filtered,1784230500000,2026,0.5495001949372402,1784230800000,1784604300000,3974.885,3950.1014285714286,4044.8192857142863,4044.8192857142863,2.821800155633048,2.821800155633048,TARGET
swing_filtered,1784806800000,2026,0.5242195189272235,1784807100000,1784811600000,4078.585,4058.2220714285713,4130.886714285714,4058.2220714285713,2.5684770293355053,-1.0,STOP
swing_filtered,1784815500000,2026,0.5685641884329029,1784815800000,1784861700000,4045.435,4023.282857142857,4105.293571428571,4023.282857142857,2.7021571599007004,-1.0,STOP
swing_filtered,1784870100000,2026,0.5589673247260056,1784870400000,1784901300000,4024.145,4011.5485714285714,4064.0307142857146,4064.0307142857146,3.16643039410267,3.16643039410267,TARGET
swing_filtered,1785157800000,2026,0.5418494680862332,1785158100000,1785162300000,4084.765,4067.068571428571,4134.800714285714,4067.068571428571,2.8274470232088245,-1.0,STOP
swing_filtered,1785163200000,2026,0.5323423455228417,1785163500000,1785201600000,4068.735,4051.2428571428572,4120.353571428572,4051.2428571428572,2.950957572787789,-1.0,STOP
swing_filtered,1785231300000,2026,0.52878354958093,1785231600000,1785234000000,4032.175,4018.5750000000003,4071.975,4018.5750000000003,2.9264705882352935,-1.0,STOP
swing_filtered,1785248400000,2026,0.5660654027903615,1785248700000,1785334200000,4017.245,3998.3142857142857,4063.417857142857,3998.3142857142857,2.439044636456258,-1.0,STOP
swing_filtered,1785485700000,2026,0.5311069002005164,1785486000000,1785500700000,4066.015,4047.8142857142857,4112.917857142857,4047.8142857142857,2.5769789254739197,-1.0,STOP
swing_filtered,1785506700000,2026,0.5700724527627894,1785507000000,1785708000000,4026.915,4006.738642857143,4075.7704285714285,4081.935,2.4214196956126455,2.72695410823846,TARGET_GAP
swing_filtered,1785764100000,2026,0.5722780501566648,1785764400000,1785843900000,4026.445,4004.3864285714285,4077.029285714286,4077.029285714286,2.2931804934913274,2.2931804934913274,TARGET
swing_filtered,1786631400000,2026,0.6334137565438529,1786631700000,1786668300000,4374.485,4333.737857142857,4428.823571428572,4333.737857142857,1.3335553763629677,-1.0,STOP
swing_filtered,1787059800000,2026,0.740362404632934,1787060100000,1787065800000,4396.705,4361.736428571429,4427.279285714285,4361.736428571429,0.8743361385734127,-1.0,STOP
swing_filtered,1787082900000,2026,0.5674645877808919,1787083200000,1787142900000,4345.455,4322.386428571428,4401.479285714286,4401.479285714286,2.4285979687886567,2.4285979687886567,TARGET
swing_filtered,1787226300000,2026,0.5606032039871254,1787226600000,1787227500000,4470.835,4450.891428571428,4524.259285714285,4450.891428571428,2.6787722502774898,-1.0,STOP
swing_filtered,1787594700000,2026,0.5395727611602364,1787595000000,1787750100000,4631.785,4603.499285714286,4710.3778571428575,4603.499285714286,2.778535353535421,-1.0,STOP
swing_filtered,1787756700000,2026,0.5754705529982103,1787757000000,1787824800000,4597.475,4570.559285714286,4657.3378571428575,4570.559285714286,2.224085770394311,-1.0,STOP
swing_filtered,1787838300000,2026,0.5901479367724987,1787838600000,1787926200000,4576.865,4545.319285714286,4639.847857142858,4545.319285714286,1.9965582827642867,-1.0,STOP
swing_filtered,1787927100000,2026,0.7399954980525444,1787927400000,1787933100000,4551.855,4512.082142857143,4598.996428571429,4512.082142857143,1.1852663338242329,-1.0,STOP
swing_filtered,1787942400000,2026,0.52617607607776,1787942700000,1788143400000,4450.985,4414.823571428571,4566.730714285714,4414.823571428571,3.2008059100067263,-1.0,STOP
swing_filtered,1788240600000,2026,0.6014207404230366,1788240900000,1788249900000,4434.635,4408.456428571429,4483.649285714286,4408.456428571429,1.8723055934515516,-1.0,STOP
swing_filtered,1788250200000,2026,0.5296107386381976,1788250500000,1788251400000,4405.285,4373.571428571428,4451.689285714286,4373.571428571428,1.463231153854821,-1.0,STOP
swing_filtered,1788252300000,2026,0.5617660367052768,1788252600000,1788266100000,4376.845,4353.461428571429,4431.579285714286,4353.461428571429,2.340715398478782,-1.0,STOP
swing_filtered,1788307200000,2026,0.6131894752293056,1788307500000,1788313800000,4329.285,4297.175714285714,4388.522142857143,4297.175714285714,1.8448601873067514,-1.0,STOP
swing_filtered,1788314400000,2026,0.5255117320485369,1788314700000,1788355800000,4295.515,4266.961428571429,4366.779285714287,4366.779285714287,2.495809881175748,2.495809881175748,TARGET
swing_filtered,1788504900000,2026,0.5306692414684729,1788505200000,1788525000000,4462.445,4448.487857142857,4505.673571428571,4448.487857142857,3.0972364380758277,-1.0,STOP
swing_filtered,1788526800000,2026,0.5482933458352719,1788527100000,1788534900000,4379.215,4345.3435714285715,4445.1507142857145,4445.1507142857145,1.946646984394768,1.946646984394768,TARGET
swing_filtered,1788760800000,2026,0.5277296403920785,1788761100000,1788893100000,4387.375,4368.068571428572,4452.4007142857145,4368.068571428572,3.3680861297126197,-1.0,STOP
swing_filtered,1788893400000,2026,0.5685029371811328,1788893700000,1788960300000,4375.735,4340.602142857143,4427.966428571429,4427.966428571429,1.4866832025373455,1.4866832025373455,TARGET
swing_filtered,1789033200000,2026,0.52841854223409,1789033500000,1789041600000,4392.905,4372.632857142858,4450.3435714285715,4372.632857142858,2.8333744406470247,-1.0,STOP
swing_filtered,1789129800000,2026,0.8682848523487819,1789130100000,1789130700000,4329.365,4274.274714285714,4362.656142857143,4362.656142857143,0.6043015102481225,0.6043015102481225,TARGET
swing_filtered,1789369200000,2026,0.5372180367589243,1789369500000,1789377300000,4321.325,4301.238928571429,4381.969285714285,4301.238928571429,3.01922085311435,-1.0,STOP
swing_filtered,1789377900000,2026,0.561045028183792,1789378200000,1789391100000,4287.645,4264.304428571429,4344.307285714286,4264.304428571429,2.427630612544636,-1.0,STOP
swing_filtered,1789581600000,2026,0.6536134816395294,1789581900000,1789583400000,4324.175,4297.704285714286,4375.857857142857,4297.704285714286,1.9524541946625626,-1.0,STOP
swing_filtered,1789583700000,2026,0.7825347198291299,1789584000000,1789585800000,4290.795,4245.304285714286,4323.457857142857,4245.304285714286,0.7180115251150289,-1.0,STOP
swing_filtered,1789701900000,2026,0.5353325913625824,1789702200000,1790055300000,4340.605,4317.083571428571,4402.1907142857135,4317.083571428571,2.618281202550886,-1.0,STOP
swing_filtered,1790060700000,2026,0.555279162635296,1790061000000,1790063700000,4319.925,4299.650928571429,4375.171285714286,4299.650928571429,2.724972431360298,-1.0,STOP
swing_filtered,1790170800000,2026,0.5901579432171317,1790171100000,1790215200000,4287.715,4273.890714285714,4336.962142857143,4273.890714285714,3.562364369122589,-1.0,STOP
swing_filtered,1790555400000,2026,0.5690408660560813,1790555700000,1790559900000,4235.625,4205.498714285714,4292.530142857142,4205.498714285714,1.888886781358451,-1.0,STOP
swing_filtered,1790582100000,2026,0.5282229708465247,1790582400000,1790606100000,4155.445,4132.695857142857,4222.6915714285715,4132.695857142857,2.9560046218381895,-1.0,STOP
swing_filtered,1790607300000,2026,0.5676407521857226,1790607600000,1790751000000,4118.375,4090.987857142857,4188.973571428572,4188.973571428572,2.5777998017839514,2.5777998017839514,TARGET
