engine,signal_t,year,score,entry_t,exit_t,entry_px,stop_px,target_px,exit_px,entry_rr,pnl_r,exit_kind
swing_baseline,1519917600000,2018,0.46560737500181565,1519917900000,1519922700000,1302.911,1300.3252857142857,1312.4888571428573,1312.4888571428573,3.7041436464087267,3.7041436464087267,TARGET
swing_baseline,1520256600000,2018,0.4976634299024066,1520256900000,1520260200000,1322.591,1320.2219285714286,1330.5672857142856,1320.2219285714286,3.36684053426623,-1.0,STOP
swing_baseline,1520260500000,2018,0.5416000882247948,1520260800000,1520276400000,1320.548,1317.7402857142856,1327.378857142857,1317.7402857142856,2.4328889793424873,-1.0,STOP
swing_baseline,1520276700000,2018,0.49773662946642244,1520277000000,1520336400000,1318.099,1315.3629285714287,1326.0882857142858,1326.0882857142858,2.919984336248809,2.919984336248809,TARGET
swing_baseline,1520409600000,2018,0.5037164963090807,1520409900000,1520436300000,1331.649,1328.3780714285715,1342.6777142857145,1328.3780714285715,3.3717380385651383,-1.0,STOP
swing_baseline,1520436600000,2018,0.5285919819449943,1520436900000,1520439600000,1328.411,1325.216357142857,1337.0745714285715,1325.216357142857,2.7119060927891723,-1.0,STOP
swing_baseline,1520439900000,2018,0.4811210866774856,1520440200000,1520521500000,1323.678,1320.1507857142858,1332.8018571428572,1320.1507857142858,2.5867033879427037,-1.0,STOP
swing_baseline,1520521800000,2018,0.5422237728149271,1520522100000,1520559000000,1320.889,1317.4196428571427,1327.2614285714285,1317.4196428571427,1.836775030367875,-1.0,STOP
swing_baseline,1520559300000,2018,0.44512890559985385,1520559600000,1520601600000,1317.101,1314.3156428571428,1326.8824285714286,1314.3156428571428,3.511732273368193,-1.0,STOP
swing_baseline,1520602200000,2018,0.793919141871967,1520602500000,1520607300000,1317.058,1311.201,1319.341,1319.341,0.389789994877909,0.389789994877909,TARGET
swing_baseline,1520843100000,2018,0.5733940877841391,1520843400000,1520847600000,1320.668,1318.7177142857142,1326.374142857143,1318.7177142857142,2.9257984178144265,-1.0,STOP
swing_baseline,1520847900000,2018,0.5483936662332551,1520848200000,1520848800000,1318.958,1316.921,1324.706,1316.921,2.8217967599409537,-1.0,STOP
swing_baseline,1520849100000,2018,0.5034931910539393,1520849400000,1520854200000,1317.352,1315.1626428571428,1323.4394285714284,1315.1626428571428,2.780463932660972,-1.0,STOP
swing_baseline,1520926800000,2018,0.4492804751109389,1520927100000,1520944200000,1318.019,1315.9479285714285,1325.7482857142857,1315.9479285714285,3.7320227625451334,-1.0,STOP
swing_baseline,1521015300000,2018,0.5406408374905253,1521015600000,1521037200000,1323.838,1321.5456428571429,1330.7624285714285,1321.5456428571429,3.0206587106222833,-1.0,STOP
swing_baseline,1521101700000,2018,0.5294147839431882,1521102000000,1521114000000,1323.638,1321.9300714285714,1328.7347142857143,1321.9300714285714,2.9841495545984578,-1.0,STOP
swing_baseline,1521116700000,2018,0.5278788715155524,1521117000000,1521118800000,1320.778,1319.0167142857144,1326.173142857143,1319.0167142857144,3.063184362073424,-1.0,STOP
swing_baseline,1521119100000,2018,0.4881168346844375,1521119400000,1521129300000,1319.072,1316.151357142857,1324.4345714285714,1316.151357142857,1.8360928367042764,-1.0,STOP
swing_baseline,1521132300000,2018,0.5663593778614973,1521132600000,1521162900000,1316.432,1313.6704285714286,1323.2582857142856,1313.6704285714286,2.471884537789026,-1.0,STOP
swing_baseline,1521207900000,2018,0.732584416502036,1521208200000,1521209700000,1314.468,1310.6466428571428,1318.473428571429,1310.6466428571428,1.048169124656563,-1.0,STOP
swing_baseline,1521210000000,2018,0.4558070980272417,1521210300000,1521440100000,1310.739,1308.4464285714284,1318.204285714286,1308.4464285714284,3.2562936191424585,-1.0,STOP
swing_baseline,1521531000000,2018,0.526758148967212,1521531300000,1521539400000,1314.839,1312.9817142857141,1319.768142857143,1312.9817142857141,2.653949696177163,-1.0,STOP
swing_baseline,1521539700000,2018,0.5130363665648378,1521540000000,1521547200000,1313.169,1311.3154285714286,1318.5782857142858,1311.3154285714286,2.918304431599097,-1.0,STOP
swing_baseline,1521547800000,2018,0.5156403847138646,1521548100000,1521553500000,1311.238,1309.5482857142856,1317.1968571428572,1309.5482857142856,3.5265471761917544,-1.0,STOP
swing_baseline,1521553800000,2018,0.6025875290463333,1521554100000,1521615000000,1309.759,1306.4625714285714,1314.7547142857145,1314.7547142857145,1.5154929577465361,1.5154929577465361,TARGET
swing_baseline,1521732900000,2018,0.6017849715965685,1521733200000,1521766200000,1327.968,1324.087642857143,1337.8594285714285,1337.8594285714285,2.549102623101704,2.549102623101704,TARGET
swing_baseline,1522043400000,2018,0.4267621334931801,1522043700000,1522132800000,1345.352,1342.5407857142857,1356.2268571428574,1356.2268571428574,3.8683842772567876,3.8683842772567876,TARGET
swing_baseline,1522140600000,2018,0.5638994880961643,1522140900000,1522144800000,1351.089,1348.3546428571428,1358.7364285714286,1348.3546428571428,2.796792142316112,-1.0,STOP
swing_baseline,1522146300000,2018,0.46714664316988547,1522146600000,1522149000000,1348.311,1345.7187142857144,1357.630142857143,1345.7187142857144,3.594952055549852,-1.0,STOP
swing_baseline,1522152000000,2018,0.4396012931154902,1522152300000,1522152600000,1344.538,1341.9292142857141,1354.078142857143,1341.9292142857141,3.656928510801181,-1.0,STOP
swing_baseline,1522157400000,2018,0.502198778689493,1522157700000,1522233300000,1341.909,1338.5480714285713,1351.9677142857142,1338.5480714285713,2.992837863685419,-1.0,STOP
swing_baseline,1522234500000,2018,0.5208899757459754,1522234800000,1522239600000,1337.081,1334.3985714285714,1345.3457142857144,1334.3985714285714,3.08105661181243,-1.0,STOP
swing_baseline,1522239900000,2018,0.448561281985206,1522240200000,1522244700000,1334.151,1331.9064285714285,1342.7692857142858,1331.9064285714285,3.83961303462297,-1.0,STOP
swing_baseline,1522245000000,2018,0.5161020451786188,1522245300000,1522248900000,1332.338,1329.3052142857143,1341.224142857143,1329.3052142857143,2.9300266139100484,-1.0,STOP
swing_baseline,1522250700000,2018,0.5248704969735225,1522251000000,1522253400000,1329.988,1326.2367142857142,1340.053142857143,1326.2367142857142,2.6831181690086807,-1.0,STOP
swing_baseline,1522253700000,2018,0.48239726399761584,1522254000000,1522306500000,1326.259,1322.9108571428571,1337.1115714285716,1322.9108571428571,3.24137048257031,-1.0,STOP
swing_baseline,1522326600000,2018,0.74153673789869,1522326900000,1522632600000,1323.921,1319.4524285714288,1329.3852857142858,1329.3852857142858,1.2228260869565728,1.2228260869565728,TARGET
swing_baseline,1522742700000,2018,0.50103920053554,1522743000000,1522761300000,1337.212,1334.5029285714286,1346.8932857142856,1334.5029285714286,3.5736546523584845,-1.0,STOP
swing_baseline,1522761600000,2018,0.5097062097058038,1522761900000,1522766400000,1334.628,1331.7175714285715,1343.129714285714,1331.7175714285715,2.9211210916410275,-1.0,STOP
swing_baseline,1522766700000,2018,0.4122121085998431,1522767000000,1522828800000,1330.548,1328.0240000000001,1340.6439999999998,1340.6439999999998,4.00000000000009,4.00000000000009,TARGET
swing_baseline,1522866300000,2018,0.45886055238102763,1522866600000,1522901700000,1332.958,1328.5200714285713,1347.8147142857142,1328.5200714285713,3.347668635624555,-1.0,STOP
swing_baseline,1522902000000,2018,0.4328330880465713,1522902300000,1522911600000,1328.279,1325.3759285714286,1339.3862857142858,1325.3759285714286,3.826046305637002,-1.0,STOP
swing_baseline,1522911900000,2018,0.49059992510567046,1522912200000,1522935000000,1324.848,1322.7565,1332.864,1322.7565,3.8326559885250253,-1.0,STOP
swing_baseline,1522939200000,2018,0.5053857418382948,1522939500000,1522999500000,1324.142,1321.2232142857144,1334.702142857143,1321.2232142857144,3.617991826346711,-1.0,STOP
swing_baseline,1523257200000,2018,0.6096410605381144,1523257500000,1523291700000,1329.491,1326.7147142857143,1336.0911428571426,1336.0911428571426,2.377328393537039,2.377328393537039,TARGET
swing_baseline,1523337000000,2018,0.4796402463043295,1523337300000,1523367000000,1332.118,1329.7904285714285,1340.3782857142855,1340.3782857142855,3.5488860246730978,3.5488860246730978,TARGET
swing_baseline,1523523300000,2018,0.49708028889299377,1523523600000,1523535600000,1346.808,1343.7149285714286,1358.3302857142858,1343.7149285714286,3.725192249959616,-1.0,STOP
swing_baseline,1523535900000,2018,0.6527251066858877,1523536200000,1523542800000,1342.932,1338.3545,1351.2870000000003,1338.3545,1.8252321135991398,-1.0,STOP
swing_baseline,1523543400000,2018,0.4893300453172723,1523543700000,1523561400000,1338.052,1334.3588571428572,1350.9595714285717,1334.3588571428572,3.495010057249236,-1.0,STOP
swing_baseline,1523561700000,2018,0.44817367702429955,1523562000000,1523842200000,1333.902,1330.233857142857,1347.9245714285714,1347.9245714285714,3.822798613544994,3.822798613544994,TARGET
swing_baseline,1523936400000,2018,0.501097566338968,1523936700000,1523951400000,1344.309,1341.547,1352.6070000000002,1341.547,3.0043446777698763,-1.0,STOP
swing_baseline,1523953800000,2018,0.5696669485850293,1523954100000,1523969100000,1342.339,1338.3258571428573,1349.9515714285715,1338.3258571428573,1.8969101523566836,-1.0,STOP
swing_baseline,1523969700000,2018,0.49778830814289005,1523970000000,1524048600000,1338.779,1334.7886428571428,1349.0854285714283,1349.0854285714283,2.582833616754587,2.582833616754587,TARGET
swing_baseline,1524129900000,2018,0.7937112312112811,1524130200000,1524152100000,1348.498,1342.703142857143,1352.8924285714286,1342.703142857143,0.7583325115866206,-1.0,STOP
swing_baseline,1524152400000,2018,0.4292692025106423,1524152700000,1524230400000,1341.279,1337.9160000000002,1352.881,1337.9160000000002,3.4498959262565205,-1.0,STOP
swing_baseline,1524230700000,2018,0.45741332119351236,1524231000000,1524435900000,1336.199,1333.7141428571429,1345.7834285714284,1333.7141428571429,3.857134644129973,-1.0,STOP
swing_baseline,1524470100000,2018,0.5064388388014971,1524470400000,1524473400000,1331.878,1329.2125,1339.24,1329.2125,2.7619583567812893,-1.0,STOP
swing_baseline,1524473700000,2018,0.42605572381730805,1524474000000,1524483600000,1329.008,1326.8632142857143,1337.1871428571428,1326.8632142857143,3.813501182269249,-1.0,STOP
swing_baseline,1524485400000,2018,0.5150184972223205,1524485700000,1524487200000,1326.738,1324.1612142857143,1334.8951428571427,1324.1612142857143,3.1656271656270483,-1.0,STOP
swing_baseline,1524487500000,2018,0.5437325252844936,1524487800000,1524593100000,1325.409,1321.8522142857144,1332.5861428571427,1332.5861428571427,2.0178732804497503,2.0178732804497503,TARGET
swing_baseline,1524633000000,2018,0.5169100516053182,1524633300000,1524639600000,1327.029,1324.4555,1335.823,1324.4555,3.417136195842319,-1.0,STOP
swing_baseline,1524639900000,2018,0.5609799415469577,1524640200000,1524656100000,1324.128,1321.2876428571428,1330.9394285714288,1321.2876428571428,2.398088771532908,-1.0,STOP
swing_baseline,1524656400000,2018,0.4952468162092065,1524656700000,1524659700000,1321.398,1319.067142857143,1327.4764285714286,1319.067142857143,2.6078082863449374,-1.0,STOP
swing_baseline,1524751200000,2018,0.48012194841552247,1524751500000,1524752100000,1321.219,1318.6265,1330.1889999999999,1318.6265,3.4599807135968734,-1.0,STOP
swing_baseline,1524752400000,2018,0.549401670909144,1524752700000,1525086600000,1318.379,1314.4855,1326.0479999999998,1314.4855,1.9696930782072837,-1.0,STOP
swing_baseline,1525086900000,2018,0.49071304836420276,1525087200000,1525094400000,1314.292,1311.7195714285715,1321.4667142857143,1311.7195714285715,2.789082023657656,-1.0,STOP
swing_baseline,1525095600000,2018,0.4714303296644234,1525095900000,1525108500000,1311.318,1308.813,1319.7879999999998,1319.7879999999998,3.3812375249501794,3.3812375249501794,TARGET
swing_baseline,1525151100000,2018,0.47415632173800876,1525151400000,1525162800000,1311.571,1309.1180714285715,1320.7177142857142,1309.1180714285715,3.72889548935702,-1.0,STOP
swing_baseline,1525163400000,2018,0.5064861535347818,1525163700000,1525176300000,1309.089,1307.1860714285715,1316.0507142857143,1307.1860714285715,3.6584212304345813,-1.0,STOP
swing_baseline,1525177200000,2018,0.5026531339241155,1525177500000,1525183800000,1306.968,1305.2857142857144,1312.4971428571428,1305.2857142857144,3.2866847826087664,-1.0,STOP
swing_baseline,1525184100000,2018,0.5448413925865313,1525184400000,1525186200000,1304.899,1301.9118571428573,1310.8425714285713,1301.9118571428573,1.9897178383550636,-1.0,STOP
swing_baseline,1525268400000,2018,0.47228513987617426,1525268700000,1525284600000,1305.389,1303.227,1313.182,1313.182,3.6045328399633743,3.6045328399633743,TARGET
swing_baseline,1525289700000,2018,0.4680108555718466,1525290000000,1525347900000,1304.399,1301.328857142857,1314.7245714285716,1314.7245714285716,3.363221813782611,3.363221813782611,TARGET
swing_baseline,1525417200000,2018,0.5094114931631818,1525417500000,1525651800000,1309.838,1307.9465,1316.7090000000003,1316.7090000000003,3.6325667459690725,3.6325667459690725,TARGET
swing_baseline,1525693500000,2018,0.4812434767418888,1525693800000,1525770000000,1310.968,1308.9661428571428,1318.2404285714283,1308.9661428571428,3.6328409334185854,-1.0,STOP
swing_baseline,1525775100000,2018,0.4593548980090862,1525775400000,1525786800000,1309.229,1306.8681428571426,1317.0224285714285,1306.8681428571426,3.3011012949287624,-1.0,STOP
swing_baseline,1525788000000,2018,0.5112410454752963,1525788300000,1525803000000,1306.682,1303.6246428571428,1315.8564285714285,1315.8564285714285,3.000770973997073,3.000770973997073,TARGET
swing_baseline,1525845900000,2018,0.4671581479292218,1525846200000,1525849200000,1309.551,1306.7753571428573,1320.2435714285714,1306.7753571428573,3.852286471602748,-1.0,STOP
swing_baseline,1525850100000,2018,0.3962406847577003,1525850400000,1525874400000,1304.839,1302.2726428571427,1315.1044285714286,1315.1044285714286,3.999999999999911,3.999999999999911,TARGET
swing_baseline,1525935900000,2018,0.5724432260720114,1525936200000,1525954200000,1311.509,1308.8090000000002,1318.2540000000001,1318.2540000000001,2.4981481481483603,2.4981481481483603,TARGET
swing_baseline,1526063400000,2018,0.5549297435887381,1526063700000,1526320200000,1319.189,1316.2009999999998,1326.036,1316.2009999999998,2.291499330655733,-1.0,STOP
swing_baseline,1526320500000,2018,0.37165824058459146,1526320800000,1526321700000,1315.418,1313.3101428571429,1323.4494285714286,1313.3101428571429,3.810233819044662,-1.0,STOP
swing_baseline,1526322000000,2018,0.4126628299255127,1526322300000,1526360400000,1313.189,1310.920142857143,1321.0594285714287,1310.920142857143,3.4688956050876394,-1.0,STOP
swing_baseline,1526364600000,2018,0.4583138119647981,1526364900000,1526380500000,1310.899,1309.0838571428571,1317.5545714285715,1309.0838571428571,3.6666929009920026,-1.0,STOP
swing_baseline,1526381700000,2018,0.5666750375649733,1526382000000,1526382600000,1309.058,1307.2880714285716,1314.4877142857144,1307.2880714285716,3.067758989467264,-1.0,STOP
swing_baseline,1526383200000,2018,0.46559031771011034,1526383500000,1526387400000,1307.0,1305.5600714285715,1312.7597142857144,1305.5600714285715,4.000000000000316,-1.0,STOP
swing_baseline,1526388600000,2018,0.5262595435795229,1526388900000,1526390100000,1297.698,1295.9200714285714,1303.6597142857145,1295.9200714285714,3.3531798642078052,-1.0,STOP
swing_baseline,1526390400000,2018,0.5158738395813499,1526390700000,1526392200000,1295.249,1292.3684285714285,1303.1212857142857,1292.3684285714285,2.7328902995436084,-1.0,STOP
swing_baseline,1526400300000,2018,0.5744212114130329,1526400600000,1526470200000,1291.868,1288.5574285714285,1302.2152857142858,1288.5574285714285,3.125528609648809,-1.0,STOP
swing_baseline,1526470500000,2018,0.4732882243146178,1526470800000,1526552400000,1287.378,1285.129642857143,1295.5414285714282,1285.129642857143,3.6308415668584515,-1.0,STOP
swing_baseline,1526634900000,2018,0.48438420492465106,1526635200000,1526647500000,1287.739,1286.1642857142858,1293.4528571428573,1286.1642857142858,3.6285040370137644,-1.0,STOP
swing_baseline,1526647800000,2018,0.5475031977776337,1526648100000,1526655000000,1286.958,1284.3819285714285,1292.6622857142856,1292.6622857142856,2.2143352280602437,2.2143352280602437,TARGET
swing_baseline,1526879400000,2018,0.44551210145682224,1526879700000,1526883300000,1287.619,1285.557857142857,1295.9585714285713,1285.557857142857,4.046090934294441,-1.0,STOP
swing_baseline,1526883900000,2018,0.4973948621285008,1526884200000,1526922600000,1284.379,1281.876142857143,1291.4854285714284,1291.4854285714284,2.839326484018396,2.839326484018396,TARGET
swing_baseline,1526972400000,2018,0.5704140074493838,1526972700000,1526976000000,1288.661,1286.1892857142857,1294.7328571428568,1294.7328571428568,2.456536816552754,2.456536816552754,TARGET
swing_baseline,1527026400000,2018,0.47221896565355254,1527026700000,1527080400000,1291.239,1288.6394285714284,1299.8372857142856,1288.6394285714284,3.3075781722259063,-1.0,STOP
swing_baseline,1527081600000,2018,0.5073247285050982,1527081900000,1527152400000,1288.878,1285.4037142857142,1297.780142857143,1297.780142857143,2.562294407894726,2.562294407894726,TARGET
swing_baseline,1527276300000,2018,0.44887013944126447,1527276600000,1527458700000,1301.279,1298.607857142857,1309.6735714285714,1298.607857142857,3.142689057653104,-1.0,STOP
swing_baseline,1527487200000,2018,0.4396888502827124,1527487500000,1527582300000,1295.878,1293.8242857142857,1303.607857142857,1303.607857142857,3.763842515303328,3.763842515303328,TARGET
swing_baseline,1527598800000,2018,0.544292016170106,1527599100000,1527726900000,1294.158,1289.7637857142859,1304.6348571428573,1304.6348571428573,2.3842390155888697,2.3842390155888697,TARGET
swing_baseline,1527769800000,2018,0.6753110436214003,1527770100000,1527778500000,1299.718,1296.1773571428573,1305.3305714285714,1305.3305714285714,1.58518428856746,1.58518428856746,TARGET
swing_baseline,1527797700000,2018,0.49653007732642057,1527798000000,1527852900000,1298.549,1294.6017857142858,1308.5478571428573,1294.6017857142858,2.533142722715972,-1.0,STOP
swing_baseline,1527853200000,2018,0.5113659660817104,1527853500000,1527856200000,1294.968,1292.6056428571428,1300.8674285714285,1292.6056428571428,2.497263628941844,-1.0,STOP
swing_baseline,1528087500000,2018,0.4229681510251397,1528087800000,1528215600000,1291.621,1289.6927142857141,1299.3241428571428,1299.3241428571428,3.994814046524827,3.994814046524827,TARGET
swing_baseline,1528275900000,2018,0.531120436397063,1528276200000,1528282800000,1295.812,1294.115,1301.185,1294.115,3.1661756040073064,-1.0,STOP
swing_baseline,1528379400000,2018,0.6313300407156027,1528379700000,1528435500000,1296.249,1293.264642857143,1301.1364285714285,1293.264642857143,1.6376822000430684,-1.0,STOP
swing_baseline,1528440300000,2018,0.4721435668947085,1528440600000,1528446000000,1294.228,1292.7467857142856,1299.8028571428572,1299.8028571428572,3.763707382938188,3.763707382938188,TARGET
swing_baseline,1528699500000,2018,0.48180051803535917,1528699800000,1528705200000,1297.039,1295.3999285714285,1302.1902857142857,1295.3999285714285,3.1428073386498316,-1.0,STOP
swing_baseline,1528709400000,2018,0.4576053421409275,1528709700000,1528724400000,1294.969,1293.5109285714284,1300.3962857142856,1300.3962857142856,3.7222358301075467,3.7222358301075467,TARGET
swing_baseline,1528778400000,2018,0.5349396819801832,1528778700000,1528806000000,1296.848,1294.4727142857143,1303.7991428571427,1294.4727142857143,2.92644493895478,-1.0,STOP
swing_baseline,1528806300000,2018,0.4366086496314412,1528806600000,1528878000000,1293.862,1291.5613571428573,1299.8445714285715,1291.5613571428573,2.6003911950077256,-1.0,STOP
swing_baseline,1529020800000,2018,0.5513440286058229,1529021100000,1529042400000,1302.418,1298.9622142857145,1312.2061428571428,1298.9622142857145,2.8323928815033383,-1.0,STOP
swing_baseline,1529042700000,2018,0.5983247661282954,1529043000000,1529065200000,1298.669,1295.4917142857144,1305.1281428571428,1295.4917142857144,2.032912189200073,-1.0,STOP
swing_baseline,1529065500000,2018,0.48445060127748546,1529065800000,1529067300000,1294.621,1292.3087857142857,1301.1048571428569,1292.3087857142857,2.804176577800834,-1.0,STOP
swing_baseline,1529067900000,2018,0.4718306819668334,1529068200000,1529068200000,1291.398,1288.617,1299.6269999999997,1288.617,2.9590075512405485,-1.0,STOP
swing_baseline,1529069700000,2018,0.6116736903177052,1529070000000,1529073000000,1286.222,1282.589,1293.5989999999997,1282.589,2.0305532617670377,-1.0,STOP
swing_baseline,1529073300000,2018,0.48325334638137,1529073600000,1529077200000,1281.178,1278.0277857142858,1292.1838571428568,1278.0277857142858,3.4936852368317477,-1.0,STOP
swing_baseline,1529079000000,2018,0.5330016681957835,1529079300000,1529407200000,1276.041,1272.2617142857143,1289.3081428571427,1272.2617142857143,3.5104895104895806,-1.0,STOP
swing_baseline,1529409600000,2018,0.3889067729523384,1529409900000,1529526300000,1270.999,1268.1729285714284,1280.148285714286,1268.1729285714284,3.2374573486666445,-1.0,STOP
swing_baseline,1529526900000,2018,0.42520635811164625,1529527200000,1529551200000,1268.171,1266.1031428571428,1275.8274285714288,1266.1031428571428,3.7025906735749268,-1.0,STOP
swing_baseline,1529551500000,2018,0.405764228201797,1529551800000,1529561400000,1265.488,1263.4272142857144,1273.736142857143,1263.4272142857144,4.002426259055309,-1.0,STOP
swing_baseline,1529561700000,2018,0.45907863038441593,1529562000000,1529649300000,1262.592,1260.5274285714286,1270.130285714286,1270.130285714286,3.651259341267538,3.651259341267538,TARGET
swing_baseline,1529898300000,2018,0.49866383986625695,1529898600000,1529905500000,1267.178,1265.0732857142857,1273.811857142857,1265.0732857142857,3.1519038892279494,-1.0,STOP
swing_baseline,1529906400000,2018,0.45293065017153455,1529906700000,1529989500000,1264.988,1262.7619285714286,1271.3572857142856,1262.7619285714286,2.8612225252686074,-1.0,STOP
swing_baseline,1529989800000,2018,0.4712026650164781,1529990100000,1529999700000,1263.459,1260.7297142857142,1270.0211428571429,1260.7297142857142,2.404344412457312,-1.0,STOP
swing_baseline,1530000000000,2018,0.5352602742008953,1530000300000,1530013800000,1258.989,1255.8132857142857,1265.2368571428572,1255.8132857142857,1.9673864147548095,-1.0,STOP
swing_baseline,1530015000000,2018,0.46261946354001693,1530015300000,1530112800000,1255.388,1253.1275714285716,1263.4297142857142,1253.1275714285716,3.557606016558623,-1.0,STOP
swing_baseline,1530126600000,2018,0.4243466506746567,1530126900000,1530168300000,1252.218,1249.7682142857143,1261.922142857143,1249.7682142857143,3.9612210980551206,-1.0,STOP
swing_baseline,1530169800000,2018,0.4911526799137538,1530170100000,1530209100000,1249.379,1247.1867857142859,1255.9428571428573,1247.1867857142859,2.9941676713047323,-1.0,STOP
swing_baseline,1530210600000,2018,0.41794126958272493,1530210900000,1530291300000,1246.398,1244.1310714285714,1255.415714285714,1255.415714285714,3.977943724989879,3.977943724989879,TARGET
swing_baseline,1530507900000,2018,0.491634816108912,1530508200000,1530511800000,1250.499,1248.3573571428572,1258.1255714285714,1248.3573571428572,3.5610846146149258,-1.0,STOP
swing_baseline,1530512100000,2018,0.4165562556828571,1530512400000,1530544800000,1247.948,1246.0727857142856,1254.998857142857,1246.0727857142856,3.76002742543661,-1.0,STOP
swing_baseline,1530545100000,2018,0.49489293856707456,1530545400000,1530548400000,1244.748,1242.845142857143,1251.1144285714288,1242.845142857143,3.3457207207208834,-1.0,STOP
swing_baseline,1530549600000,2018,0.44388122742267394,1530549900000,1530551100000,1242.579,1240.668357142857,1249.8665714285717,1240.668357142857,3.8141986616323216,-1.0,STOP
swing_baseline,1530551400000,2018,0.4910583409355359,1530551700000,1530612300000,1240.128,1237.8547857142858,1247.5208571428573,1247.5208571428573,3.2521602513749492,3.2521602513749492,TARGET
swing_baseline,1530767400000,2018,0.48937913195723814,1530767700000,1530784200000,1253.718,1251.6547142857144,1260.0711428571428,1251.6547142857144,3.079138683099034,-1.0,STOP
swing_baseline,1530785100000,2018,0.45299928609932194,1530785400000,1530803700000,1251.558,1249.5289285714287,1258.544285714286,1258.544285714286,3.4430950117931265,3.4430950117931265,TARGET
swing_baseline,1530846900000,2018,0.4256778669050575,1530847200000,1531116600000,1253.079,1250.8466428571428,1261.6134285714286,1261.6134285714286,3.823056986529302,3.823056986529302,TARGET
swing_baseline,1531155600000,2018,0.47239554755126856,1531155900000,1531203300000,1258.398,1256.448357142857,1265.7015714285712,1256.448357142857,3.7461073456676446,-1.0,STOP
swing_baseline,1531203600000,2018,0.5001549368123771,1531203900000,1531212600000,1256.179,1253.517857142857,1261.0735714285713,1253.517857142857,1.839274210865205,-1.0,STOP
swing_baseline,1531212900000,2018,0.43331538529895597,1531213200000,1531220100000,1252.549,1250.7450714285715,1259.3647142857142,1250.7450714285715,3.7782617303504944,-1.0,STOP
swing_baseline,1531220400000,2018,0.46976047159835566,1531220700000,1531321200000,1249.478,1247.240357142857,1256.8785714285711,1247.240357142857,3.3073067960540077,-1.0,STOP
swing_baseline,1531321800000,2018,0.41472150088946186,1531322100000,1531329600000,1246.189,1243.7767142857142,1254.933142857143,1243.7767142857142,3.6248371431952995,-1.0,STOP
swing_baseline,1531331400000,2018,0.4782517818496766,1531331700000,1531473300000,1242.898,1240.2117857142857,1251.4428571428573,1240.2117857142857,3.1810035365758442,-1.0,STOP
swing_baseline,1531473600000,2018,0.5443398400977058,1531473900000,1531483200000,1239.769,1237.6322857142857,1245.2108571428569,1237.6322857142857,2.5468342582066708,-1.0,STOP
swing_baseline,1531746600000,2018,0.5087822845386393,1531746900000,1531754400000,1241.009,1238.9672142857144,1247.5761428571432,1238.9672142857144,3.216372223194226,-1.0,STOP
swing_baseline,1531754700000,2018,0.5630322981157286,1531755000000,1531832700000,1239.149,1236.6653571428571,1245.9435714285714,1236.6653571428571,2.7357280492366076,-1.0,STOP
swing_baseline,1531833000000,2018,0.49368070079191606,1531833300000,1531833300000,1236.629,1234.3769285714286,1242.8372857142856,1234.3769285714286,2.756700180786093,-1.0,STOP
swing_baseline,1531833600000,2018,0.5864882566877067,1531833900000,1531837800000,1232.128,1228.6489285714285,1237.1092857142855,1228.6489285714285,1.4317859855872725,-1.0,STOP
swing_baseline,1531839000000,2018,0.401425016786782,1531839300000,1531891800000,1227.192,1224.5922142857141,1236.1261428571427,1224.5922142857141,3.4364920185726753,-1.0,STOP
swing_baseline,1531893600000,2018,0.6193388936215363,1531893900000,1531901400000,1224.718,1222.1747857142857,1230.490857142857,1222.1747857142857,2.269905912090851,-1.0,STOP
swing_baseline,1531902600000,2018,0.5866466571938767,1531902900000,1531934700000,1221.778,1220.0547857142858,1228.2208571428573,1228.2208571428573,3.7388601036271707,3.7388601036271707,TARGET
swing_baseline,1531978200000,2018,0.4632664923475793,1531978500000,1531984200000,1223.289,1221.5175714285715,1229.6847142857143,1221.5175714285715,3.610483870967949,-1.0,STOP
swing_baseline,1531985100000,2018,0.47968272688043984,1531985400000,1531985700000,1221.129,1219.3169285714284,1227.0772857142856,1219.3169285714284,3.2825889865583147,-1.0,STOP
swing_baseline,1531986600000,2018,0.411229166038543,1531986900000,1531991700000,1218.889,1217.3359285714284,1225.0962857142856,1217.3359285714284,3.9967805730579253,-1.0,STOP
swing_baseline,1531992000000,2018,0.4546041946341778,1531992300000,1532000700000,1217.462,1215.044642857143,1224.6664285714287,1215.044642857143,2.9802913453300155,-1.0,STOP
swing_baseline,1532002800000,2018,0.4226690678902932,1532003100000,1532003400000,1214.5,1212.2464285714286,1223.5142857142857,1212.2464285714286,4.000000000000101,-1.0,STOP
swing_baseline,1532329500000,2018,0.5083390579739614,1532329800000,1532350500000,1228.928,1226.6379285714286,1237.1932857142858,1226.6379285714286,3.609182495867081,-1.0,STOP
swing_baseline,1532351400000,2018,0.4780016345971615,1532351700000,1532363100000,1226.588,1223.4503571428572,1236.1435714285717,1223.4503571428572,3.045461788877216,-1.0,STOP
swing_baseline,1532363400000,2018,0.4219555285479673,1532363700000,1532407500000,1222.319,1219.8635714285713,1232.0457142857144,1219.8635714285713,3.9613102164299656,-1.0,STOP
swing_baseline,1532407800000,2018,0.4307166008203309,1532408100000,1532433300000,1219.471,1217.3690714285715,1227.8787142857143,1227.8787142857143,4.000000000000108,4.000000000000108,TARGET
swing_baseline,1532488200000,2018,0.495519243224901,1532488500000,1532511900000,1223.788,1221.476357142857,1231.8345714285713,1231.8345714285713,3.480888669159028,3.480888669159028,TARGET
swing_baseline,1532589900000,2018,0.5047334306202662,1532590200000,1532611800000,1228.718,1226.6432857142856,1236.2168571428572,1226.6432857142856,3.6144047373129484,-1.0,STOP
swing_baseline,1532614800000,2018,0.4837302174159326,1532615100000,1532629200000,1226.139,1223.4977142857144,1234.3641428571427,1223.4977142857144,3.1140678241119235,-1.0,STOP
swing_baseline,1532629500000,2018,0.508866898458273,1532629800000,1532679900000,1223.228,1220.3139285714287,1231.0842857142857,1220.3139285714287,2.695982547736404,-1.0,STOP
swing_baseline,1532680200000,2018,0.45868846820112125,1532680500000,1532687400000,1220.118,1217.9912142857145,1226.4751428571428,1217.9912142857145,2.9890848026871892,-1.0,STOP
swing_baseline,1532687700000,2018,0.5409306895265502,1532688000000,1532700600000,1218.039,1215.5375714285715,1225.5397142857144,1225.5397142857144,2.9985722444318648,2.9985722444318648,TARGET
swing_baseline,1532932200000,2018,0.4713124618258719,1532932500000,1533042300000,1219.288,1216.978142857143,1227.1274285714287,1216.978142857143,3.393901911064608,-1.0,STOP
swing_baseline,1533042600000,2018,0.4743171573925722,1533042900000,1533051300000,1215.889,1213.2714999999998,1223.759,1223.759,3.0066857688633912,3.0066857688633912,TARGET
swing_baseline,1533099300000,2018,0.475244192994359,1533099600000,1533133800000,1220.799,1218.411,1229.746,1218.411,3.7466499162480806,-1.0,STOP
swing_baseline,1533134100000,2018,0.5290660098334343,1533134400000,1533152400000,1218.499,1216.1167857142857,1226.6228571428574,1216.1167857142857,3.410212587328737,-1.0,STOP
swing_baseline,1533156600000,2018,0.45361088281095485,1533160800000,1533210600000,1215.678,1213.5580714285716,1225.6077142857143,1213.5580714285716,4.683985309478112,-1.0,STOP
swing_baseline,1533224400000,2018,0.48188760523750546,1533224700000,1533234300000,1213.399,1210.7283571428572,1222.3765714285714,1210.7283571428572,3.361576934392784,-1.0,STOP
swing_baseline,1533234600000,2018,0.4761358038305576,1533234900000,1533241800000,1210.688,1207.9896428571428,1219.2814285714285,1207.9896428571428,3.1846890965399934,-1.0,STOP
swing_baseline,1533243000000,2018,0.4733677243512593,1533247200000,1533282900000,1207.828,1204.7197142857144,1216.3611428571428,1204.7197142857144,2.7452890890708135,-1.0,STOP
swing_baseline,1533283200000,2018,0.5095627361989361,1533283500000,1533295500000,1205.318,1202.6228571428571,1212.0085714285715,1212.0085714285715,2.4824552104314934,2.4824552104314934,TARGET
swing_baseline,1533535200000,2018,0.51007469550206,1533535500000,1533548100000,1213.418,1211.2584285714286,1220.5062857142857,1211.2584285714286,3.282264999669444,-1.0,STOP
swing_baseline,1533550200000,2018,0.4965428395571256,1533550500000,1533554100000,1210.689,1209.0117857142857,1216.8928571428569,1209.0117857142857,3.6989054980618117,-1.0,STOP
swing_baseline,1533555000000,2018,0.5044025465045006,1533555300000,1533585600000,1208.628,1206.690642857143,1215.3824285714286,1206.690642857143,3.4864137447928094,-1.0,STOP
swing_baseline,1533664200000,2018,0.4415867876349479,1533664500000,1533732000000,1209.409,1207.2279285714285,1217.9282857142855,1207.2279285714285,3.9060094972977026,-1.0,STOP
swing_baseline,1533732300000,2018,0.5614583711835903,1533732600000,1533748500000,1207.768,1204.5807857142859,1213.8318571428572,1213.8318571428572,1.9025570919522985,1.9025570919522985,TARGET
swing_baseline,1533876900000,2018,0.43429821399641194,1533877200000,1533877800000,1211.088,1209.5997857142856,1217.1408571428572,1209.5997857142856,4.067194624429983,-1.0,STOP
swing_baseline,1533878100000,2018,0.5104644858435556,1533878400000,1533881100000,1209.408,1207.1727857142857,1214.7138571428573,1207.1727857142857,2.373757709392098,-1.0,STOP
swing_baseline,1533881400000,2018,0.4391060466760687,1533881700000,1533901800000,1206.728,1204.7939999999999,1212.8639999999998,1212.8639999999998,3.172699069285996,3.172699069285996,TARGET
swing_baseline,1534123800000,2018,0.5401282532493719,1534124100000,1534145100000,1209.308,1205.7237142857143,1219.7951428571428,1205.7237142857143,2.925866879234767,-1.0,STOP
swing_baseline,1534145400000,2018,0.5615946891710246,1534145700000,1534154100000,1204.799,1201.4304285714286,1212.3182857142856,1201.4304285714286,2.2321882951653933,-1.0,STOP
swing_baseline,1534157700000,2018,0.4835660816771577,1534158000000,1534160100000,1201.158,1198.7870714285714,1210.0417142857143,1198.7870714285714,3.746934594643578,-1.0,STOP
swing_baseline,1534174500000,2018,0.6141981841798827,1534174800000,1534181100000,1196.709,1191.8347142857142,1206.266142857143,1191.8347142857142,1.9607268464243415,-1.0,STOP
swing_baseline,1534265400000,2018,0.4427966126307168,1534265700000,1534294500000,1193.279,1191.6297142857143,1199.7861428571427,1191.6297142857143,3.945430922477175,-1.0,STOP
swing_baseline,1534300200000,2018,0.44540501247493564,1534300500000,1534302000000,1190.788,1188.9169285714286,1197.9272857142857,1188.9169285714286,3.8156136667302785,-1.0,STOP
swing_baseline,1534302600000,2018,0.3837433727490613,1534302900000,1534323300000,1188.399,1186.3137857142858,1196.134857142857,1186.3137857142858,3.7098619532083585,-1.0,STOP
swing_baseline,1534323600000,2018,0.6192411264893596,1534323900000,1534340100000,1186.178,1183.0645,1192.202,1183.0645,1.9348000642362553,-1.0,STOP
swing_baseline,1534340400000,2018,0.45027090247390555,1534340700000,1534344900000,1181.199,1178.8345,1190.3569999999997,1178.8345,3.873123281877417,-1.0,STOP
swing_baseline,1534347000000,2018,0.49406713709955397,1534347300000,1534361700000,1177.301,1174.1350714285716,1187.8197142857143,1174.1350714285716,3.3224736592742152,-1.0,STOP
swing_baseline,1534362000000,2018,0.43988940964166573,1534362300000,1534378800000,1173.5,1170.4940000000001,1185.5239999999997,1170.4940000000001,4.0000000000000755,-1.0,STOP
swing_baseline,1534380000000,2018,0.5287587765316105,1534380300000,1534394400000,1161.849,1158.4773571428573,1174.2455714285713,1174.2455714285713,3.676715463000441,3.676715463000441,TARGET
swing_baseline,1534446900000,2018,0.46495347384872937,1534447200000,1534751100000,1173.778,1170.0787142857143,1188.0251428571426,1188.0251428571426,3.8513226491600188,3.8513226491600188,TARGET
swing_baseline,1534854000000,2018,0.5081395629693479,1534854300000,1534863900000,1190.309,1188.178357142857,1197.2315714285714,1188.178357142857,3.2490529350631454,-1.0,STOP
swing_baseline,1534864500000,2018,0.49120784159983744,1534864800000,1534884300000,1188.248,1185.6496428571427,1195.5914285714287,1195.5914285714287,2.8261813783432275,2.8261813783432275,TARGET
swing_baseline,1534982700000,2018,0.4262899242705669,1534983000000,1534986000000,1194.442,1191.9572142857141,1203.7261428571428,1191.9572142857141,3.736395780032523,-1.0,STOP
swing_baseline,1534991100000,2018,0.36932349530994985,1534991400000,1535007600000,1191.462,1188.9102142857143,1201.164142857143,1188.9102142857143,3.8020993701890733,-1.0,STOP
swing_baseline,1535049900000,2018,0.43990475090270464,1535050200000,1535050800000,1186.408,1183.9835714285714,1196.055714285714,1183.9835714285714,3.979376583583779,-1.0,STOP
swing_baseline,1535051100000,2018,0.4700366541526667,1535051400000,1535115300000,1185.628,1181.3295714285714,1193.976714285714,1193.976714285714,1.942271261922936,1.942271261922936,TARGET
swing_baseline,1535361000000,2018,0.5375562666651206,1535361300000,1535379600000,1203.668,1201.2455000000002,1211.0079999999998,1211.0079999999998,3.0299277605782913,3.0299277605782913,TARGET
swing_baseline,1535466000000,2018,0.4956732171684974,1535466300000,1535478900000,1207.869,1205.2025,1215.335,1205.2025,2.7999249953124474,-1.0,STOP
swing_baseline,1535479200000,2018,0.3745328163060544,1535479500000,1535480700000,1204.159,1201.5556428571429,1214.0674285714283,1201.5556428571429,3.806019699837825,-1.0,STOP
swing_baseline,1535481000000,2018,0.4636134130412813,1535481300000,1535637000000,1201.128,1197.8056428571429,1210.3174285714283,1197.8056428571429,2.765936404876057,-1.0,STOP
swing_baseline,1535637300000,2018,0.3979208306815302,1535637600000,1535699100000,1197.528,1193.4577142857142,1207.4591428571428,1207.4591428571428,2.439912958023238,2.439912958023238,TARGET
swing_baseline,1535730000000,2018,0.5620781212518027,1535730300000,1535933700000,1201.549,1197.6038571428571,1210.6745714285717,1197.6038571428571,2.3131155851680822,-1.0,STOP
swing_baseline,1535934900000,2018,0.42707381373876685,1535935200000,1536059400000,1195.849,1192.9547142857143,1206.776142857143,1192.9547142857143,3.7754195459034543,-1.0,STOP
swing_baseline,1536059700000,2018,0.49595203125893256,1536060000000,1536069600000,1192.708,1189.9462142857142,1199.605142857143,1189.9462142857142,2.4973490236646376,-1.0,STOP
swing_baseline,1536069900000,2018,0.5906773129206231,1536070200000,1536192900000,1190.968,1187.0964285714285,1199.4592857142857,1199.4592857142857,2.1932401018411656,2.1932401018411656,TARGET
swing_baseline,1536323400000,2018,0.6457716977360076,1536323700000,1536558300000,1196.278,1191.9486428571429,1202.2954285714286,1191.9486428571429,1.3899127221131529,-1.0,STOP
swing_baseline,1536581400000,2018,0.48056450360556563,1536581700000,1536669300000,1191.839,1189.5086428571428,1199.4554285714287,1189.5086428571428,3.2683524904215746,-1.0,STOP
swing_baseline,1536669600000,2018,0.5640003004823503,1536669900000,1536679500000,1188.628,1186.259857142857,1193.7505714285717,1193.7505714285717,2.163117572540401,2.163117572540401,TARGET
swing_baseline,1536849600000,2018,0.6178550539503945,1536849900000,1536861600000,1204.078,1201.0422857142858,1211.470857142857,1201.0422857142858,2.4352941176471004,-1.0,STOP
swing_baseline,1536866100000,2018,0.4223452613605477,1536866400000,1536935400000,1200.668,1197.6439285714287,1211.7142857142858,1197.6439285714287,3.652785979167452,-1.0,STOP
swing_baseline,1536936300000,2018,0.567318367982202,1536936600000,1536940800000,1198.348,1195.1715714285715,1205.3587142857145,1195.1715714285715,2.2071059140995644,-1.0,STOP
swing_baseline,1536943200000,2018,0.5686525105844056,1536943500000,1537193400000,1193.899,1190.4434285714285,1202.6162857142858,1202.6162857142858,2.52267559634555,2.52267559634555,TARGET
swing_baseline,1537254300000,2018,0.4562629265899822,1537254600000,1537335000000,1196.938,1194.8339285714285,1203.5542857142857,1203.5542857142857,3.1445157347995427,3.1445157347995427,TARGET
swing_baseline,1537426500000,2018,0.6562217688063975,1537426800000,1537446000000,1202.928,1200.3279285714286,1207.1282857142858,1207.1282857142858,1.61545012499651,1.61545012499651,TARGET
swing_baseline,1537524600000,2018,0.5499169534136831,1537524900000,1537530600000,1206.338,1204.5953571428572,1211.7585714285715,1204.5953571428572,3.110546378653348,-1.0,STOP
swing_baseline,1537530900000,2018,0.5304437033416078,1537531200000,1537533600000,1204.529,1202.4777857142856,1210.683857142857,1202.4777857142856,3.00059198384208,-1.0,STOP
swing_baseline,1537533900000,2018,0.6237449223061078,1537534200000,1537535400000,1198.209,1195.0067857142856,1203.212857142857,1195.0067857142856,1.5626240770893656,-1.0,STOP
swing_baseline,1537535700000,2018,0.46831452127891127,1537536000000,1537795200000,1193.268,1189.7147142857143,1201.141142857143,1201.141142857143,2.2157359385679514,2.2157359385679514,TARGET
swing_baseline,1537840800000,2018,0.4601680095947528,1537841100000,1537964700000,1197.688,1195.5607857142857,1205.746857142857,1195.5607857142857,3.7884557268052483,-1.0,STOP
swing_baseline,1537965000000,2018,0.4165766850899679,1537965300000,1537986900000,1194.519,1192.8789285714286,1200.3742857142856,1192.8789285714286,3.5701406733155325,-1.0,STOP
swing_baseline,1537987200000,2018,0.5698233739287775,1537987500000,1538052000000,1191.689,1188.2758571428571,1199.2865714285715,1188.2758571428571,2.225975221831528,-1.0,STOP
swing_baseline,1538052900000,2018,0.4010277802895506,1538053200000,1538053800000,1187.028,1184.171357142857,1196.5545714285713,1184.171357142857,3.3348836046305768,-1.0,STOP
swing_baseline,1538054100000,2018,0.47271138077875846,1538054400000,1538118300000,1184.788,1181.228357142857,1193.6115714285713,1181.228357142857,2.4787799739137912,-1.0,STOP
swing_baseline,1538375400000,2018,0.48426020822193383,1538375700000,1538383800000,1187.491,1185.4941428571428,1195.0134285714284,1185.4941428571428,3.7671340678207894,-1.0,STOP
swing_baseline,1538384400000,2018,0.5043020198094867,1538384700000,1538397600000,1184.689,1182.8222142857142,1191.4161428571426,1191.4161428571426,3.6035967093929644,3.6035967093929644,TARGET
swing_baseline,1538564700000,2018,0.5136304579778348,1538565000000,1538579700000,1202.069,1200.0650714285714,1209.0297142857141,1200.0650714285714,3.473534129388666,-1.0,STOP
swing_baseline,1538580000000,2018,0.5196060318910257,1538580300000,1538621100000,1199.419,1196.6642142857143,1207.3481428571426,1196.6642142857143,2.878315658464243,-1.0,STOP
swing_baseline,1538622600000,2018,0.41562266983111373,1538622900000,1538662500000,1196.288,1193.925714285714,1204.8871428571429,1204.8871428571429,3.640179003386235,3.640179003386235,TARGET
swing_baseline,1538960700000,2018,0.40943586283129113,1538961000000,1538964000000,1199.238,1196.7799285714286,1209.025285714286,1196.7799285714286,3.9816929648679906,-1.0,STOP
swing_baseline,1538964900000,2018,0.4628349326891499,1538965200000,1539000000000,1195.759,1192.7157142857143,1205.382142857143,1192.7157142857143,3.1620898465005123,-1.0,STOP
swing_baseline,1539000300000,2018,0.4778806556663719,1539000600000,1539001200000,1191.088,1188.9167857142857,1197.8378571428573,1188.9167857142857,3.1087936309504594,-1.0,STOP
swing_baseline,1539001500000,2018,0.5667773864804196,1539001800000,1539002400000,1187.479,1184.8447857142855,1193.7658571428572,1184.8447857142855,2.386615689145374,-1.0,STOP
swing_baseline,1539002700000,2018,0.5966089479082626,1539003000000,1539012300000,1185.188,1182.5847857142855,1191.5058571428572,1182.5847857142855,2.4269447112083875,-1.0,STOP
swing_baseline,1539080100000,2018,0.480890067284121,1539080400000,1539092700000,1186.528,1184.6666428571427,1193.3234285714284,1184.6666428571427,3.6507924325565018,-1.0,STOP
swing_baseline,1539159000000,2018,0.45734460255559717,1539159300000,1539174600000,1187.139,1185.5845,1193.307,1185.5845,3.967835316822304,-1.0,STOP
swing_baseline,1539174900000,2018,0.5526870385907645,1539175200000,1539197400000,1186.398,1183.431,1192.816,1192.816,2.1631277384564878,2.1631277384564878,TARGET
swing_baseline,1539325800000,2018,0.467021208871102,1539326100000,1539592800000,1217.198,1214.014,1229.6339999999998,1229.6339999999998,3.9057788944720246,3.9057788944720246,TARGET
swing_baseline,1539718800000,2018,0.4436084743866532,1539719100000,1539744000000,1224.659,1222.0842142857143,1234.068142857143,1222.0842142857143,3.654340167004071,-1.0,STOP
swing_baseline,1539745500000,2018,0.43999189804430716,1539745800000,1539843300000,1221.771,1219.5014285714285,1230.1842857142856,1219.5014285714285,3.7069931390444206,-1.0,STOP
swing_baseline,1539844800000,2018,0.487955816016295,1539845100000,1539865500000,1218.968,1217.0111428571427,1225.1954285714285,1225.1954285714285,3.1823623886693424,3.1823623886693424,TARGET
swing_baseline,1539932700000,2018,0.5621824185230794,1539933000000,1539951600000,1224.071,1221.8937142857142,1230.365142857143,1230.365142857143,2.8908208122826906,2.8908208122826906,TARGET
swing_baseline,1540194900000,2018,0.53505606358561,1540195200000,1540197000000,1225.568,1223.5847142857144,1231.651142857143,1223.5847142857144,3.067204494706071,-1.0,STOP
swing_baseline,1540200900000,2018,0.5372648751164629,1540201200000,1540215000000,1222.979,1220.5705714285714,1228.9627142857141,1220.5705714285714,2.4844889969747372,-1.0,STOP
swing_baseline,1540218300000,2018,0.5614477188253924,1540218600000,1540276500000,1221.071,1218.0677142857141,1227.7841428571428,1227.7841428571428,2.235266137087921,2.235266137087921,TARGET
swing_baseline,1540370100000,2018,0.5317244302587395,1540370400000,1540382400000,1230.089,1227.223857142857,1238.6595714285716,1227.223857142857,2.991324291982439,-1.0,STOP
swing_baseline,1540382700000,2018,0.49107743163242235,1540383000000,1540414200000,1226.319,1223.5721428571428,1233.6064285714285,1233.6064285714285,2.653006032868721,2.653006032868721,TARGET
swing_baseline,1540473900000,2018,0.5667386381263533,1540474200000,1540565400000,1232.229,1227.5334285714284,1238.7212857142858,1238.7212857142858,1.3826401776749773,1.3826401776749773,TARGET
swing_baseline,1540572300000,2018,0.5535130411320073,1540572600000,1540831500000,1232.147,1227.615642857143,1243.8024285714287,1227.615642857143,2.5721716924921703,-1.0,STOP
swing_baseline,1540832400000,2018,0.4916015085970395,1540832700000,1540894500000,1224.833,1221.765357142857,1234.0535714285716,1221.765357142857,3.0057512748269604,-1.0,STOP
swing_baseline,1540894800000,2018,0.38558026970815124,1540895100000,1540957200000,1220.72,1218.8291428571429,1228.0834285714286,1218.8291428571429,3.8942278634028176,-1.0,STOP
swing_baseline,1540957500000,2018,0.3992072368999523,1540957800000,1540972800000,1217.453,1215.1752142857142,1226.414142857143,1215.1752142857142,3.9341465709178327,-1.0,STOP
swing_baseline,1540979400000,2018,0.4813782971565242,1540979700000,1540992900000,1215.89,1213.0687857142857,1224.4398571428571,1213.0687857142857,3.030559282983352,-1.0,STOP
swing_baseline,1541162100000,2018,0.6077516596393304,1541162400000,1541422500000,1231.685,1228.255642857143,1238.5524285714284,1228.255642857143,2.0025410843348745,-1.0,STOP
swing_baseline,1541423400000,2018,0.45025607088582603,1541423700000,1541494800000,1228.158,1225.978142857143,1235.0274285714283,1235.0274285714283,3.1513205321452307,3.1513205321452307,TARGET
swing_baseline,1541519100000,2018,0.47929036560897254,1541519400000,1541522100000,1228.365,1226.3024999999998,1235.915,1226.3024999999998,3.660606060605635,-1.0,STOP
swing_baseline,1541522400000,2018,0.44143534021170155,1541522700000,1541529000000,1225.735,1223.592642857143,1234.0694285714287,1223.592642857143,3.8903077384726683,-1.0,STOP
swing_baseline,1541529300000,2018,0.4750456237053684,1541529600000,1541581200000,1224.615,1221.0914285714284,1232.7242857142858,1232.7242857142858,2.3014392864381836,2.3014392864381836,TARGET
swing_baseline,1541614200000,2018,0.48178567268617895,1541614500000,1541650500000,1226.155,1223.3743571428572,1235.6275714285716,1223.3743571428572,3.406612037298865,-1.0,STOP
swing_baseline,1541651100000,2018,0.4709678724242051,1541651400000,1541684700000,1223.155,1220.4440714285715,1231.8137142857145,1220.4440714285715,3.1940031091088668,-1.0,STOP
swing_baseline,1541728800000,2018,0.4403424031805407,1541729100000,1541769000000,1219.805,1216.9759285714285,1230.1362857142856,1216.9759285714285,3.6518292221070094,-1.0,STOP
swing_baseline,1541769300000,2018,0.5036976003053465,1541769600000,1541769900000,1217.055,1214.7071428571428,1223.946428571429,1214.7071428571428,2.9351992698508864,-1.0,STOP
swing_baseline,1541770200000,2018,0.5221591903446846,1541770500000,1541773200000,1212.795,1210.1371428571426,1219.3764285714287,1210.1371428571426,2.476216070948428,-1.0,STOP
swing_baseline,1541773500000,2018,0.5183313301918603,1541773800000,1541783400000,1211.135,1206.9792857142857,1217.9578571428572,1206.9792857142857,1.6418013062908081,-1.0,STOP
swing_baseline,1542004800000,2018,0.4364660393661547,1542005100000,1542035700000,1206.418,1203.546,1217.141,1203.546,3.7336350974933037,-1.0,STOP
swing_baseline,1542036600000,2018,0.5050430110329633,1542036900000,1542056100000,1202.845,1200.663,1210.988,1200.663,3.7318973418881614,-1.0,STOP
swing_baseline,1542057000000,2018,0.4163120963702055,1542057300000,1542101700000,1200.555,1198.5655000000002,1208.5130000000001,1198.5655000000002,4.000000000000228,-1.0,STOP
swing_baseline,1542103200000,2018,0.42622341953391163,1542103500000,1542104400000,1198.198,1196.3687142857143,1205.465142857143,1196.3687142857143,3.9726669269815496,-1.0,STOP
swing_baseline,1542187500000,2018,0.5316684255564995,1542187800000,1542217800000,1200.088,1197.325,1207.775,1207.775,2.782120883098208,2.782120883098208,TARGET
swing_baseline,1542286800000,2018,0.5932315915364429,1542287100000,1542355500000,1208.388,1205.192857142857,1216.8685714285714,1216.8685714285714,2.6542072789054947,2.6542072789054947,TARGET
swing_baseline,1542606900000,2018,0.4764941610196259,1542607200000,1542720000000,1218.255,1215.634357142857,1227.2375714285715,1227.2375714285715,3.427621357899816,3.427621357899816,TARGET
swing_baseline,1542726900000,2018,0.5497594554157204,1542727200000,1542813600000,1220.915,1218.3102857142858,1228.4838571428572,1228.4838571428572,2.905830088301597,2.905830088301597,TARGET
swing_baseline,1542955800000,2018,0.52308662403834,1542956100000,1542957000000,1226.478,1224.9652857142855,1231.1138571428573,1224.9652857142855,3.064595334780955,-1.0,STOP
swing_baseline,1542957600000,2018,0.4417049579941386,1542957900000,1542961800000,1223.935,1222.5012142857142,1228.9701428571432,1222.5012142857142,3.51178199571592,-1.0,STOP
swing_baseline,1542962100000,2018,0.3889805502161924,1542962400000,1542978900000,1221.765,1220.363142857143,1227.3224285714289,1220.363142857143,3.9643330276166213,-1.0,STOP
swing_baseline,1542979800000,2018,0.4412709325502123,1542980100000,1543218600000,1220.498,1218.5775714285714,1227.1297142857145,1227.1297142857145,3.4532470430707756,3.4532470430707756,TARGET
swing_baseline,1543244100000,2018,0.5497677965737099,1543244400000,1543300800000,1223.165,1220.6411428571428,1229.4254285714287,1220.6411428571428,2.480500367917604,-1.0,STOP
swing_baseline,1543304100000,2018,0.6486345866229666,1543304400000,1543331100000,1221.195,1218.1447142857144,1225.6461428571429,1218.1447142857144,1.4592544023980007,-1.0,STOP
swing_baseline,1543331400000,2018,0.4255078484488509,1543331700000,1543334700000,1216.765,1214.5262142857143,1224.720142857143,1214.5262142857143,3.553329292026837,-1.0,STOP
swing_baseline,1543335000000,2018,0.3718627262241436,1543335300000,1543424700000,1213.085,1210.7289285714287,1222.5592857142858,1222.5592857142858,4.021221767470236,4.021221767470236,TARGET
swing_baseline,1543515000000,2018,0.6002821368575142,1543515300000,1543586100000,1223.518,1220.0432142857144,1231.5021428571429,1220.0432142857144,2.2977367566345723,-1.0,STOP
swing_baseline,1543586400000,2018,0.593093583329269,1543586700000,1543588200000,1220.575,1218.4147857142857,1224.765857142857,1218.4147857142857,1.9400191779914275,-1.0,STOP
swing_baseline,1543588500000,2018,0.5358609945355333,1543588800000,1543597200000,1218.588,1216.1647857142857,1222.515857142857,1222.515857142857,1.6209285187913913,1.6209285187913913,TARGET
swing_baseline,1543969800000,2018,0.5390564811924913,1543970100000,1544189400000,1235.935,1232.6411428571428,1245.0104285714285,1245.0104285714285,2.755258706683408,2.755258706683408,TARGET
swing_baseline,1544442900000,2018,0.5190547684933035,1544443200000,1544448000000,1245.625,1243.7437142857143,1252.315142857143,1243.7437142857143,3.556154605513044,-1.0,STOP
swing_baseline,1544448300000,2018,0.4942985523375111,1544448600000,1544469300000,1244.205,1241.6442857142856,1250.1478571428572,1241.6442857142856,2.320781032078138,-1.0,STOP
swing_baseline,1544541900000,2018,0.5876970011773326,1544542200000,1544552700000,1243.855,1241.3041428571428,1250.6584285714287,1241.3041428571428,2.6671146953404277,-1.0,STOP
swing_baseline,1544556300000,2018,0.49855734252883666,1544556600000,1544772900000,1241.495,1238.9282857142857,1249.8118571428572,1238.9282857142857,3.2402738353650493,-1.0,STOP
swing_baseline,1544773200000,2018,0.4822156626003067,1544773500000,1544794200000,1237.648,1236.047,1242.5020000000002,1236.047,3.0318550905687798,-1.0,STOP
swing_baseline,1544794800000,2018,0.4954108220766946,1544795100000,1544797800000,1234.675,1232.896714285714,1239.388142857143,1232.896714285714,2.65038560411304,-1.0,STOP
swing_baseline,1545246000000,2018,0.6493083276740554,1545246300000,1545252600000,1246.978,1241.9577142857145,1254.794142857143,1241.9577142857145,1.5569119572022645,-1.0,STOP
swing_baseline,1545253200000,2018,0.4545726994001604,1545253500000,1545299100000,1241.815,1238.3196428571428,1254.7464285714286,1254.7464285714286,3.699601512209906,3.699601512209906,TARGET
swing_baseline,1545382800000,2018,0.5557373989223696,1545383100000,1545415800000,1258.955,1256.1043571428572,1267.1575714285714,1256.1043571428572,2.8774461900826,-1.0,STOP
swing_baseline,1545416400000,2018,0.4433519965053382,1545416700000,1545619800000,1254.428,1251.6262857142858,1263.494857142857,1263.494857142857,3.2361819294308467,3.2361819294308467,TARGET
swing_baseline,1545846900000,2018,0.4808130645806214,1545847200000,1545852000000,1269.738,1266.3223571428573,1282.1005714285716,1266.3223571428573,3.6193981471801266,-1.0,STOP
swing_baseline,1545852600000,2018,0.4779792652120724,1545852900000,1545934800000,1266.308,1263.0203571428572,1278.4585714285713,1278.4585714285713,3.695830708062656,3.695830708062656,TARGET
swing_baseline,1546452600000,2019,0.49949992379211156,1546452900000,1546455000000,1282.315,1279.0862857142859,1292.394857142857,1279.0862857142859,3.121941507013001,-1.0,STOP
swing_baseline,1546521300000,2019,0.5453436058113431,1546521600000,1546559100000,1285.245,1281.8264285714286,1295.1192857142858,1295.1192857142858,2.8884245716674806,2.8884245716674806,TARGET
swing_baseline,1546607700000,2019,0.5652102296956455,1546608000000,1546608600000,1290.155,1286.9504285714286,1297.773285714286,1286.9504285714286,2.3773181169758613,-1.0,STOP
swing_baseline,1546610400000,2019,0.5417029952611836,1546610700000,1546611900000,1286.405,1282.9506428571428,1294.9224285714288,1282.9506428571428,2.4657058373483514,-1.0,STOP
swing_baseline,1546612200000,2019,0.49281866250294826,1546612500000,1546613100000,1282.155,1279.2006428571428,1291.1724285714288,1279.2006428571428,3.0522472860908514,-1.0,STOP
swing_baseline,1546613400000,2019,0.4876454808381829,1546613700000,1546815600000,1277.465,1274.1706428571429,1286.1424285714288,1286.1424285714288,2.6340278831770303,2.6340278831770303,TARGET
swing_baseline,1546875600000,2019,0.5096359329690054,1546875900000,1546915800000,1287.898,1285.4093571428573,1296.2875714285715,1285.4093571428573,3.3711431933645155,-1.0,STOP
swing_baseline,1546917000000,2019,0.4402500017760256,1546917300000,1546920000000,1284.815,1282.6653571428571,1293.4135714285715,1282.6653571428571,3.9999999999998943,-1.0,STOP
swing_baseline,1546924500000,2019,0.44822069538374093,1546924800000,1546953300000,1282.428,1280.1807142857142,1291.2671428571427,1280.1807142857142,3.9332528129167303,-1.0,STOP
swing_baseline,1546953600000,2019,0.4993616209003609,1546953900000,1546968900000,1280.088,1277.5082142857143,1286.542142857143,1286.542142857143,2.5018135504057692,2.5018135504057692,TARGET
swing_baseline,1547026500000,2019,0.4400442087615747,1547026800000,1547044800000,1280.615,1278.692,1288.0570000000002,1288.0570000000002,3.86999479979211,3.86999479979211,TARGET
swing_baseline,1547127000000,2019,0.49482012165015454,1547127300000,1547128800000,1291.685,1289.5377857142855,1299.2238571428572,1289.5377857142855,3.5109943115663227,-1.0,STOP
swing_baseline,1547135100000,2019,0.46254337596304174,1547135400000,1547143200000,1289.545,1287.2251428571428,1298.3244285714288,1287.2251428571428,3.7844694870372906,-1.0,STOP
swing_baseline,1547144700000,2019,0.5139946511943643,1547145000000,1547463000000,1286.918,1284.2009999999998,1295.1360000000002,1295.1360000000002,3.0246595509753424,3.0246595509753424,TARGET
swing_baseline,1547538900000,2019,0.49230019920324997,1547539200000,1547539200000,1289.585,1287.8947857142857,1294.9958571428572,1287.8947857142857,3.2012847060811587,-1.0,STOP
swing_baseline,1547544600000,2019,0.560266680953712,1547544900000,1547562300000,1288.035,1286.0185714285712,1293.300714285714,1293.300714285714,2.6114063053484453,2.6114063053484453,TARGET
swing_baseline,1547571600000,2019,0.5634202979031198,1547571900000,1547803500000,1288.068,1284.4624285714285,1295.4752857142855,1284.4624285714285,2.0543999366059755,-1.0,STOP
swing_baseline,1547803800000,2019,0.5663422505996463,1547804100000,1547818200000,1285.255,1281.8526428571429,1290.3644285714286,1281.8526428571429,1.5017319925261179,-1.0,STOP
swing_baseline,1547822100000,2019,0.5859247865798471,1547822400000,1548060300000,1282.965,1279.7147857142857,1289.815857142857,1279.7147857142857,2.1078170670066005,-1.0,STOP
swing_baseline,1548062400000,2019,0.4480700639984176,1548062700000,1548144000000,1277.695,1276.1957857142856,1283.641857142857,1283.641857142857,3.9666491971984112,3.9666491971984112,TARGET
swing_baseline,1548249300000,2019,0.5051333131563271,1548249600000,1548252300000,1281.375,1279.9307857142858,1286.8018571428572,1279.9307857142858,3.7576536920720236,-1.0,STOP
swing_baseline,1548252600000,2019,0.4451054449880653,1548252900000,1548262500000,1279.195,1277.3974285714285,1285.3852857142856,1285.3852857142856,3.4436938726852566,3.4436938726852566,TARGET
swing_baseline,1548317700000,2019,0.4785960339807478,1548318000000,1548336000000,1279.945,1277.6087857142857,1286.489857142857,1277.6087857142857,2.8014798055462284,-1.0,STOP
swing_baseline,1548336600000,2019,0.7076013779202668,1548336900000,1548339900000,1278.188,1275.2495000000001,1281.927,1281.927,1.2724179002892073,1.2724179002892073,TARGET
swing_baseline,1548676800000,2019,0.4660674390893485,1548677100000,1548746100000,1299.375,1297.4871428571428,1306.8264285714288,1306.8264285714288,3.9470298902761316,3.9470298902761316,TARGET
swing_baseline,1548856800000,2019,0.5187065306573089,1548857100000,1548874800000,1310.375,1308.3204285714285,1316.7182857142857,1316.7182857142857,3.08740091781376,3.08740091781376,TARGET
swing_baseline,1548985500000,2019,0.4900506065997954,1548985800000,1549033500000,1319.398,1316.4361428571428,1327.4954285714284,1316.4361428571428,2.733902474316353,-1.0,STOP
swing_baseline,1549039800000,2019,0.4209135863450284,1549040100000,1549249800000,1316.525,1314.335,1325.285,1314.335,3.999999999999896,-1.0,STOP
swing_baseline,1549250100000,2019,0.36203466345544955,1549250400000,1549268400000,1314.0,1311.717642857143,1323.1294285714287,1311.717642857143,4.0000000000000995,-1.0,STOP
swing_baseline,1549268700000,2019,0.4208389900923263,1549269000000,1549289100000,1311.055,1308.861,1318.8310000000001,1308.861,3.5442114858706515,-1.0,STOP
swing_baseline,1549289400000,2019,0.5504107309737788,1549289700000,1549296900000,1310.265,1307.0217142857143,1314.5881428571429,1314.5881428571429,1.3329515923005293,1.3329515923005293,TARGET
swing_baseline,1549358700000,2019,0.4552526045382555,1549359000000,1549373400000,1311.065,1309.7207142857144,1316.442142857143,1316.442142857143,4.000000000000169,4.000000000000169,TARGET
swing_baseline,1549451100000,2019,0.5219850519275631,1549451400000,1549476600000,1312.498,1310.7192857142857,1317.5128571428572,1310.7192857142857,2.8193719379968103,-1.0,STOP
swing_baseline,1549476900000,2019,0.40080977341792795,1549477200000,1549480500000,1309.165,1307.6617857142855,1315.1778571428572,1307.6617857142855,3.9999999999996976,-1.0,STOP
swing_baseline,1549480800000,2019,0.44802977849968717,1549481100000,1549503900000,1307.215,1305.2203571428572,1313.5435714285716,1305.2203571428572,3.1727842435097484,-1.0,STOP
swing_baseline,1549504500000,2019,0.4959616269931597,1549504800000,1549548300000,1303.845,1301.5992857142855,1310.692857142857,1310.692857142857,3.0493002544526093,3.0493002544526093,TARGET
swing_baseline,1549854000000,2019,0.47791851481136244,1549854300000,1549875000000,1311.535,1309.4792142857143,1318.1081428571429,1309.4792142857143,3.19738716514354,-1.0,STOP
swing_baseline,1549875300000,2019,0.47546492045457933,1549875600000,1549877400000,1309.525,1307.4587142857142,1314.8401428571428,1307.4587142857142,2.5723174778758606,-1.0,STOP
swing_baseline,1549877700000,2019,0.41195298776261235,1549878000000,1549889100000,1307.325,1305.8487142857143,1313.230142857143,1305.8487142857143,4.0,-1.0,STOP
swing_baseline,1549889400000,2019,0.5022137525031809,1549889700000,1549894500000,1306.128,1303.8712857142857,1311.6898571428571,1303.8712857142857,2.464581882636039,-1.0,STOP
swing_baseline,1549894800000,2019,0.5540224254194872,1549895100000,1549953300000,1304.555,1301.8657857142857,1310.5118571428573,1310.5118571428573,2.2150920343169505,2.2150920343169505,TARGET
swing_baseline,1550062200000,2019,0.4961128152987583,1550062500000,1550070000000,1309.155,1307.6280714285713,1314.312714285714,1314.312714285714,3.3778359919535443,3.3778359919535443,TARGET
swing_baseline,1550086200000,2019,0.4720699634970947,1550086500000,1550147400000,1307.615,1304.9297142857145,1316.6211428571428,1304.9297142857145,3.353886258445665,-1.0,STOP
swing_baseline,1550147700000,2019,0.44971928926686205,1550148000000,1550148300000,1304.555,1302.5683571428572,1311.8515714285716,1302.5683571428572,3.6728148707438577,-1.0,STOP
swing_baseline,1550556900000,2019,0.5533419795310585,1550557200000,1550567100000,1323.485,1321.8953571428572,1328.9085714285716,1328.9085714285716,3.411817569086017,3.411817569086017,TARGET
swing_baseline,1550689200000,2019,0.5515161485606177,1550689500000,1550690100000,1340.678,1337.4985,1348.846,1337.4985,2.5689573832361714,-1.0,STOP
swing_baseline,1550695200000,2019,0.469105776341695,1550695500000,1550737800000,1339.625,1336.9778571428571,1350.1135714285715,1336.9778571428571,3.9622234214787175,-1.0,STOP
swing_baseline,1550739600000,2019,0.40281659175831336,1550739900000,1550742600000,1335.385,1332.5912857142857,1346.2098571428573,1332.5912857142857,3.874718756392013,-1.0,STOP
swing_baseline,1550760900000,2019,0.5190890027424142,1550761200000,1550770500000,1331.375,1327.4010714285714,1341.5207142857143,1327.4010714285714,2.5530691111710313,-1.0,STOP
swing_baseline,1550772000000,2019,0.4318224843195646,1550772300000,1550782200000,1326.708,1323.7549999999999,1338.12,1323.7549999999999,3.864544530985109,-1.0,STOP
swing_baseline,1550782800000,2019,0.44233734195019125,1550783100000,1551239100000,1323.025,1319.5074285714286,1335.4952857142857,1328.247,3.5451407220890094,1.484546968281652,864BAR_TIMEOUT
swing_baseline,1551276000000,2019,0.48970568077338905,1551276300000,1551278700000,1324.995,1322.9379285714285,1331.4232857142858,1322.9379285714285,3.1249696170008052,-1.0,STOP
swing_baseline,1551279600000,2019,0.6194607042841601,1551279900000,1551285000000,1323.635,1320.1309999999999,1329.3509999999999,1320.1309999999999,1.6312785388126934,-1.0,STOP
swing_baseline,1551288000000,2019,0.5100917827813777,1551288300000,1551288900000,1319.835,1317.4107857142856,1327.5818571428572,1317.4107857142856,3.195615663395854,-1.0,STOP
swing_baseline,1551365100000,2019,0.607086337245547,1551365400000,1551367800000,1317.908,1313.8617142857142,1325.728142857143,1313.8617142857142,1.93267193899175,-1.0,STOP
swing_baseline,1551387300000,2019,0.4633251009675529,1551387600000,1551423600000,1312.618,1309.4544285714285,1324.772285714286,1309.4544285714285,3.8419507789569485,-1.0,STOP
swing_baseline,1551423900000,2019,0.5688694911491503,1551424200000,1551432300000,1309.255,1306.2030714285715,1316.5127142857145,1306.2030714285715,2.378074753668695,-1.0,STOP
swing_baseline,1551432900000,2019,0.5676533348261062,1551433200000,1551447600000,1306.375,1304.3205,1313.2930000000001,1304.3205,3.3672426381115836,-1.0,STOP
swing_baseline,1551447900000,2019,0.5757233014472611,1551448200000,1551452400000,1305.325,1302.3925,1311.93,1311.93,2.2523444160271957,2.2523444160271957,TARGET
swing_baseline,1551456000000,2019,0.4405326431196273,1551456300000,1551459300000,1304.018,1301.4574285714286,1314.3602857142857,1301.4574285714286,4.039053782637858,-1.0,STOP
swing_baseline,1551459600000,2019,0.45245064550312775,1551459900000,1551463200000,1300.815,1297.9515714285712,1311.7687142857144,1297.9515714285712,3.8253841548590066,-1.0,STOP
swing_baseline,1551463500000,2019,0.4507967577007128,1551463800000,1551467400000,1297.178,1294.163357142857,1308.9865714285716,1294.163357142857,3.9170714370331576,-1.0,STOP
swing_baseline,1551467700000,2019,0.4235620880965788,1551468000000,1551688800000,1292.458,1289.3037142857142,1305.225142857143,1289.3037142857142,4.04755434782597,-1.0,STOP
swing_baseline,1551689100000,2019,0.5321985382351103,1551689400000,1551710700000,1287.565,1283.929357142857,1297.2075714285716,1283.929357142857,2.6522328532976145,-1.0,STOP
swing_baseline,1551711000000,2019,0.5962319418809919,1551711300000,1551985500000,1283.665,1280.2827857142856,1292.6588571428574,1286.035,2.6591624252920276,0.7007243775210926,864BAR_TIMEOUT
swing_baseline,1552303200000,2019,0.5250148368396381,1552303500000,1552314900000,1295.088,1292.9443571428571,1302.7125714285712,1292.9443571428571,3.5568291626403368,-1.0,STOP
swing_baseline,1552315200000,2019,0.4669674840970727,1552315500000,1552394700000,1291.775,1289.4840714285715,1299.5037142857143,1299.5037142857143,3.3736164375018793,3.3736164375018793,TARGET
swing_baseline,1552533300000,2019,0.48034562158769817,1552533600000,1552546800000,1304.635,1302.1250714285713,1312.9897142857142,1302.1250714285713,3.328666154415182,-1.0,STOP
swing_baseline,1552547100000,2019,0.45739778704751144,1552547400000,1552555800000,1302.455,1299.4328571428573,1310.1935714285714,1299.4328571428573,2.5606239659657137,-1.0,STOP
swing_baseline,1552556700000,2019,0.43003550457341794,1552557000000,1552568400000,1297.275,1295.0908571428572,1304.9765714285713,1295.0908571428572,3.526129897311658,-1.0,STOP
swing_baseline,1552568700000,2019,0.4249468699644304,1552569000000,1552634700000,1293.145,1290.575142857143,1302.9244285714287,1302.9244285714287,3.8054366557343156,3.8054366557343156,TARGET
swing_baseline,1552868100000,2019,0.4601188652598921,1552868400000,1552991700000,1299.665,1297.3717142857142,1308.6381428571428,1308.6381428571428,3.9127888868124145,3.9127888868124145,TARGET
swing_baseline,1553053500000,2019,0.44353900600657736,1553054400000,1553067000000,1304.785,1302.4522857142856,1312.5158571428572,1302.4522857142856,3.3141037418087556,-1.0,STOP
swing_baseline,1553070900000,2019,0.45822894763312605,1553071200000,1553096700000,1302.245,1300.1895714285713,1310.0317142857143,1300.1895714285713,3.788365304420379,-1.0,STOP
swing_baseline,1553176200000,2019,0.4240880969438683,1553176500000,1553180100000,1313.028,1309.9984285714286,1325.2812857142858,1309.9984285714286,4.0445607582402,-1.0,STOP
swing_baseline,1553180400000,2019,0.5999273899446527,1553180700000,1553185200000,1309.755,1306.1195714285714,1318.6467142857143,1306.1195714285714,2.4458503615213965,-1.0,STOP
swing_baseline,1553185500000,2019,0.535063464932206,1553185800000,1553247600000,1304.175,1300.6455714285714,1313.4427142857141,1313.4427142857141,2.6258398769529747,2.6258398769529747,TARGET
swing_baseline,1553576700000,2019,0.44285260205504834,1553577000000,1553584500000,1318.828,1316.8587142857143,1326.7051428571428,1316.8587142857143,4.0000000000001155,-1.0,STOP
swing_baseline,1553584800000,2019,0.43882189862922727,1553585100000,1553593800000,1316.778,1314.7725,1323.8,1314.7725,3.501371229119916,-1.0,STOP
swing_baseline,1553594100000,2019,0.46057154357339786,1553594400000,1553600400000,1314.775,1312.8211428571428,1321.6904285714286,1312.8211428571428,3.539372669444802,-1.0,STOP
swing_baseline,1553600700000,2019,0.4852494199598535,1553601000000,1553694000000,1312.965,1310.8795,1319.607,1310.8795,3.1848477583314967,-1.0,STOP
swing_baseline,1553694300000,2019,0.6082827774947426,1553694600000,1553766300000,1310.845,1306.767214285714,1317.6561428571429,1306.767214285714,1.6703042617666197,-1.0,STOP
swing_baseline,1553769000000,2019,0.544477198321572,1553769300000,1553774100000,1306.495,1302.8924285714286,1314.6552857142854,1302.8924285714286,2.2651280831152407,-1.0,STOP
swing_baseline,1553775300000,2019,0.5038609823213094,1553775600000,1553777700000,1303.765,1299.9100714285714,1311.9347142857143,1299.9100714285714,2.1192907039225535,-1.0,STOP
swing_baseline,1553778000000,2019,0.4644095582389697,1553778300000,1553778600000,1299.065,1296.0747142857144,1309.141142857143,1296.0747142857144,3.369625453850699,-1.0,STOP
swing_baseline,1553778900000,2019,0.4666610573031101,1553779200000,1553787600000,1293.875,1290.7717142857143,1303.8381428571429,1290.7717142857143,3.2105142015375896,-1.0,STOP
swing_baseline,1553787900000,2019,0.535761798430462,1553788200000,1553841600000,1291.965,1287.2607857142857,1303.5318571428572,1287.2607857142857,2.4588287098195365,-1.0,STOP
swing_baseline,1554099600000,2019,0.46347912428439664,1554099900000,1554143400000,1289.815,1287.7669999999998,1297.5569999999998,1287.7669999999998,3.780273437499447,-1.0,STOP
swing_baseline,1554143700000,2019,0.4911522184176676,1554144000000,1554381000000,1288.118,1284.9806428571428,1298.3674285714285,1284.9806428571428,3.2668988912415013,-1.0,STOP
swing_baseline,1554381300000,2019,0.6002847223088151,1554381600000,1554383400000,1284.975,1281.635142857143,1289.4344285714285,1281.635142857143,1.3352153642158118,-1.0,STOP
swing_baseline,1554384900000,2019,0.4328857080802251,1554385200000,1554388800000,1281.265,1279.1353571428572,1288.3835714285713,1288.3835714285713,3.342612778802381,3.342612778802381,TARGET
swing_baseline,1554465000000,2019,0.4907834938997949,1554465300000,1554468000000,1287.175,1285.3398571428572,1293.6405714285713,1285.3398571428572,3.523197882609587,-1.0,STOP
swing_baseline,1554899400000,2019,0.5773508614686373,1554899700000,1554906000000,1301.788,1299.3277857142857,1306.9788571428571,1306.9788571428571,2.109920738611594,2.109920738611594,TARGET
swing_baseline,1554966000000,2019,0.6501729422406213,1554966300000,1554981000000,1306.138,1303.537857142857,1310.9885714285715,1303.537857142857,1.865501895500328,-1.0,STOP
swing_baseline,1554981300000,2019,0.5580169414146209,1554981600000,1554984000000,1302.355,1300.702857142857,1306.9635714285712,1300.702857142857,2.7894509295284147,-1.0,STOP
swing_baseline,1554984300000,2019,0.4644089973245645,1554984600000,1554985800000,1298.625,1297.1745,1304.427,1297.1745,4.000000000000156,-1.0,STOP
swing_baseline,1554986100000,2019,0.5285722121144497,1554986400000,1554996000000,1296.605,1294.5625,1301.8149999999998,1294.5625,2.5507955936351348,-1.0,STOP
swing_baseline,1554996900000,2019,0.5018689403720081,1554997200000,1555003200000,1293.618,1290.9785714285713,1302.1607142857142,1290.9785714285713,3.236577181207953,-1.0,STOP
swing_baseline,1555003500000,2019,0.47853430328481433,1555003800000,1555311300000,1290.148,1287.0542142857144,1299.5231428571428,1287.0542142857144,3.03031422436699,-1.0,STOP
swing_baseline,1555311600000,2019,0.5231913154530036,1555311900000,1555329000000,1287.265,1285.1959285714283,1292.641285714286,1285.1959285714283,2.5984050816442616,-1.0,STOP
swing_baseline,1555331100000,2019,0.5236385796852551,1555331400000,1555334100000,1285.115,1283.0594285714287,1291.202285714286,1283.0594285714287,2.961359371742677,-1.0,STOP
swing_baseline,1555335000000,2019,0.5212223518124887,1555335300000,1555347000000,1282.845,1280.5644285714286,1289.982285714286,1289.982285714286,3.1296041092459435,3.1296041092459435,TARGET
swing_baseline,1555390800000,2019,0.5124110996366283,1555391100000,1555407000000,1284.748,1283.009142857143,1290.5534285714284,1283.009142857143,3.338646072954258,-1.0,STOP
swing_baseline,1555407300000,2019,0.48689489105864453,1555407600000,1555417500000,1282.728,1281.0921428571428,1288.1314285714286,1281.0921428571428,3.3031176316476087,-1.0,STOP
swing_baseline,1555417800000,2019,0.42997965148637607,1555418100000,1555420200000,1278.715,1277.0255714285715,1284.8227142857143,1277.0255714285715,3.615254523930764,-1.0,STOP
swing_baseline,1555420500000,2019,0.40491968360482355,1555420800000,1555433100000,1275.248,1273.0250714285717,1282.9247142857143,1273.0250714285717,3.4534237331708253,-1.0,STOP
swing_baseline,1555433400000,2019,0.517026541773995,1555433700000,1555973100000,1273.958,1270.3472142857142,1283.1361428571427,1275.118,2.5418686079403296,0.3212597179085953,864BAR_TIMEOUT
swing_baseline,1555978500000,2019,0.44462002120965083,1555978800000,1556017500000,1273.665,1271.8814285714286,1280.2642857142855,1271.8814285714286,3.7000400480577373,-1.0,STOP
swing_baseline,1556021100000,2019,0.5445609053247163,1556021400000,1556022900000,1271.718,1269.9937857142859,1276.549857142857,1269.9937857142859,2.802353038651184,-1.0,STOP
swing_baseline,1556023200000,2019,0.5395630119528215,1556023500000,1556030400000,1268.078,1266.203785714286,1272.759857142857,1266.203785714286,2.498037272762195,-1.0,STOP
swing_baseline,1556281800000,2019,0.9067787071858063,1556282100000,1556282100000,1277.755,1272.2892857142856,1279.467857142857,1279.467857142857,0.3133821223208897,0.3133821223208897,TARGET
swing_baseline,1556524500000,2019,0.44020929151906396,1556524800000,1556545500000,1281.318,1278.6729999999998,1291.1830000000002,1278.6729999999998,3.729678638941193,-1.0,STOP
swing_baseline,1556547900000,2019,0.4894713342261263,1556548200000,1556616900000,1278.285,1276.4332142857143,1285.2921428571428,1285.2921428571428,3.783992285438484,3.783992285438484,TARGET
swing_baseline,1556678400000,2019,0.43169601736218716,1556678700000,1556735700000,1279.528,1277.2212857142858,1287.739857142857,1277.2212857142858,3.5599801820772994,-1.0,STOP
swing_baseline,1556736000000,2019,0.6174912933467414,1556736300000,1556784300000,1274.908,1270.9369285714286,1281.2522857142858,1270.9369285714286,1.5976256857631839,-1.0,STOP
swing_baseline,1556785500000,2019,0.4128238244612264,1556785800000,1556802900000,1270.545,1267.7261428571428,1281.5954285714286,1267.7261428571428,3.9201804175955774,-1.0,STOP
swing_baseline,1556803200000,2019,0.5463953341934537,1556803500000,1556887200000,1267.468,1265.1780714285715,1274.4277142857143,1274.4277142857143,3.039271343460395,3.039271343460395,TARGET
swing_baseline,1557143700000,2019,0.5278463152660124,1557144000000,1557146700000,1280.688,1278.1542857142858,1288.8578571428573,1278.1542857142858,3.2244587280108523,-1.0,STOP
swing_baseline,1557148200000,2019,0.47886907441673177,1557148500000,1557245400000,1277.615,1275.4590714285714,1284.8387142857143,1284.8387142857143,3.350627836861777,3.350627836861777,TARGET
swing_baseline,1557324000000,2019,0.45284640583983915,1557324300000,1557327600000,1284.285,1282.2003571428572,1292.5235714285714,1282.2003571428572,3.9520301524755213,-1.0,STOP
swing_baseline,1557329100000,2019,0.5162756478098359,1557329400000,1557335100000,1281.955,1279.4,1290.3899999999999,1279.4,3.301369863013889,-1.0,STOP
swing_baseline,1557713400000,2019,0.4200758271013572,1557713700000,1557752400000,1284.108,1281.7586428571428,1293.0054285714289,1293.0054285714289,3.787175823173704,3.787175823173704,TARGET
swing_baseline,1557823500000,2019,0.49652109450606186,1557823800000,1557847800000,1297.098,1294.8968571428572,1304.8375714285714,1294.8968571428572,3.516160436137325,-1.0,STOP
swing_baseline,1557848100000,2019,0.572043875259377,1557848400000,1557921900000,1294.275,1291.8977857142856,1300.733857142857,1300.733857142857,2.716985667497694,2.716985667497694,TARGET
swing_baseline,1557998100000,2019,0.44775503418478935,1557998400000,1558009800000,1294.545,1292.8469285714286,1300.9522857142858,1292.8469285714286,3.7732721995541225,-1.0,STOP
swing_baseline,1558010100000,2019,0.4120802801925781,1558010400000,1558017900000,1290.295,1288.6186428571427,1296.4004285714286,1288.6186428571427,3.642081043077657,-1.0,STOP
swing_baseline,1558018200000,2019,0.5850576722217853,1558018500000,1558020900000,1287.895,1284.2628571428572,1294.0885714285714,1284.2628571428572,1.7052114060964114,-1.0,STOP
swing_baseline,1558088400000,2019,0.5162465864029171,1558088700000,1558096800000,1284.615,1283.0629999999999,1290.0729999999996,1283.0629999999999,3.5167525773190436,-1.0,STOP
swing_baseline,1558099200000,2019,0.4842872253089002,1558099500000,1558100100000,1282.895,1281.039785714286,1289.380857142857,1281.039785714286,3.496015092596492,-1.0,STOP
swing_baseline,1558100400000,2019,0.5175069630357545,1558100700000,1558101900000,1281.035,1279.0267857142858,1287.3678571428568,1279.0267857142858,3.153476791747935,-1.0,STOP
swing_baseline,1558102200000,2019,0.5250085958900298,1558102500000,1558104900000,1278.575,1275.9122857142856,1285.8258571428569,1275.9122857142856,2.723107462846484,-1.0,STOP
swing_baseline,1558113300000,2019,0.5104154705966147,1558113600000,1558437600000,1275.225,1272.3310714285715,1284.4157142857143,1272.3310714285715,3.1758607922993476,-1.0,STOP
swing_baseline,1558437900000,2019,0.5542724369206432,1558438200000,1558445700000,1272.805,1270.5288571428573,1276.5745714285715,1270.5288571428573,1.6561225130233674,-1.0,STOP
swing_baseline,1558446000000,2019,0.5093605740187792,1558446300000,1558483500000,1270.318,1268.039857142857,1275.1155714285715,1275.1155714285715,2.1059133379318435,2.1059133379318435,TARGET
swing_baseline,1558581900000,2019,0.413125052490953,1558582200000,1558613400000,1273.095,1271.7274285714286,1278.4652857142858,1278.4652857142858,3.926877676799397,3.926877676799397,TARGET
swing_baseline,1558685100000,2019,0.5413252835301541,1558685400000,1558705200000,1282.488,1280.8981428571428,1287.9974285714286,1280.8981428571428,3.465360769161449,-1.0,STOP
swing_baseline,1559003400000,2019,0.4960237036100841,1559003700000,1559006400000,1284.828,1283.7790714285713,1288.223714285714,1283.7790714285713,3.237316990125633,-1.0,STOP
swing_baseline,1559006700000,2019,0.43847634924949125,1559007000000,1559018700000,1283.575,1282.5752857142857,1287.4888571428571,1282.5752857142857,3.9149757073444733,-1.0,STOP
swing_baseline,1559044800000,2019,0.47964681087537747,1559045100000,1559045400000,1282.478,1280.7195714285715,1287.6467142857146,1280.7195714285715,2.9393939393940607,-1.0,STOP
swing_baseline,1559045700000,2019,0.44164739232955064,1559046000000,1559052600000,1277.768,1276.1825714285715,1283.1097142857145,1276.1825714285715,3.369255721751808,-1.0,STOP
swing_baseline,1559158800000,2019,0.5202647872570675,1559159100000,1559195400000,1280.038,1276.7841428571428,1288.5384285714285,1276.7841428571428,2.612416033718154,-1.0,STOP
swing_baseline,1559196000000,2019,0.39848423295473534,1559196300000,1559228400000,1276.495,1274.5402857142858,1284.1288571428572,1284.1288571428572,3.905357012351576,3.905357012351576,TARGET
swing_baseline,1559650200000,2019,0.5198459609275947,1559650500000,1559715900000,1321.548,1318.4968571428572,1330.9025714285715,1330.9025714285715,3.06592377563445,3.06592377563445,TARGET
swing_baseline,1559868300000,2019,0.4921355048083091,1559868600000,1559910600000,1332.498,1329.1374285714285,1343.890285714286,1343.890285714286,3.389984696480095,3.389984696480095,TARGET
swing_baseline,1560128700000,2019,0.4550877079487917,1560129000000,1560144900000,1332.405,1327.6415000000002,1349.2740000000001,1327.6415000000002,3.5413036632729864,-1.0,STOP
swing_baseline,1560145200000,2019,0.47201644577644186,1560145500000,1560238800000,1328.035,1323.5788571428573,1343.3745714285712,1323.5788571428573,3.4423428333279573,-1.0,STOP
swing_baseline,1560239400000,2019,0.49595687764868873,1560239700000,1560254100000,1322.585,1320.146642857143,1329.2534285714287,1320.146642857143,2.7348038784897426,-1.0,STOP
swing_baseline,1560531600000,2019,0.5105938728706104,1560531900000,1560534300000,1342.575,1338.3109285714286,1356.9312857142859,1338.3109285714286,3.366802351876974,-1.0,STOP
swing_baseline,1560733200000,2019,0.562849477363676,1560733500000,1560860700000,1337.828,1332.216357142857,1351.6095714285714,1351.6095714285714,2.4558889044460903,2.4558889044460903,TARGET
swing_baseline,1560933000000,2019,0.5542451165650661,1560933300000,1560967200000,1342.458,1339.6964285714287,1350.9542857142858,1350.9542857142858,3.076612694635571,3.076612694635571,TARGET
swing_baseline,1561103400000,2019,0.5184674801401274,1561103700000,1561327800000,1384.558,1377.0442142857144,1404.323142857143,1404.323142857143,2.630517239740337,2.630517239740337,TARGET
swing_baseline,1561482000000,2019,0.5086117581893457,1561482300000,1561483500000,1419.958,1412.0617142857143,1447.4781428571428,1412.0617142857143,3.485200998661156,-1.0,STOP
swing_baseline,1561515000000,2019,0.4364621320242373,1561515300000,1561521000000,1411.468,1404.4935714285714,1436.465714285714,1404.4935714285714,3.584195325781834,-1.0,STOP
swing_baseline,1561521300000,2019,0.45938160243427895,1561521600000,1561932000000,1405.115,1396.3111428571428,1431.2954285714286,1396.3111428571428,2.9737452739870447,-1.0,STOP
swing_baseline,1561938300000,2019,0.47401326708531955,1561938600000,1561960200000,1392.988,1386.6667857142859,1411.9228571428573,1386.6667857142859,2.9954461733166786,-1.0,STOP
swing_baseline,1561964100000,2019,0.4517600964138477,1561964400000,1562082600000,1382.855,1377.0064285714284,1404.0992857142858,1404.0992857142858,3.6323888617487814,3.6323888617487814,TARGET
swing_baseline,1562153700000,2019,0.537819135488359,1562154000000,1562226900000,1420.358,1410.7809285714286,1444.8662857142856,1410.7809285714286,2.559058465531531,-1.0,STOP
swing_baseline,1562307000000,2019,0.522613124620318,1562307300000,1562329800000,1413.355,1408.8780714285713,1425.1777142857143,1408.8780714285713,2.640809228265444,-1.0,STOP
swing_baseline,1562331900000,2019,0.48116030471726634,1562332200000,1562334300000,1396.565,1389.8847857142857,1412.3358571428573,1389.8847857142857,2.360831025523137,-1.0,STOP
swing_baseline,1562334600000,2019,0.3888006887907473,1562334900000,1562569200000,1388.275,1383.5947857142858,1406.0458571428574,1406.0458571428574,3.7970178410634357,3.7970178410634357,TARGET
swing_baseline,1562597700000,2019,0.5553571963712988,1562598000000,1562615700000,1396.528,1392.3012857142858,1408.2348571428572,1392.3012857142858,2.7697299489641054,-1.0,STOP
swing_baseline,1562633100000,2019,0.414044152991916,1562633400000,1562662200000,1391.495,1387.8627857142858,1405.0738571428572,1387.8627857142858,3.738451554541925,-1.0,STOP
swing_baseline,1562662500000,2019,0.5329976842292755,1562662800000,1562684400000,1387.495,1382.3400714285713,1398.9297142857142,1398.9297142857142,2.2182100347794615,2.2182100347794615,TARGET
swing_baseline,1562739000000,2019,0.4818430179546482,1562739300000,1562761800000,1390.718,1388.0402142857145,1400.5141428571428,1400.5141428571428,3.658299767932013,3.658299767932013,TARGET
swing_baseline,1562844000000,2019,0.5540137517902215,1562844300000,1562848200000,1418.755,1414.7297857142858,1429.970857142857,1414.7297857142858,2.7864000141961376,-1.0,STOP
swing_baseline,1562852400000,2019,0.5361189962268952,1562852700000,1562855700000,1415.185,1410.821357142857,1428.6895714285713,1410.821357142857,3.0947930137008606,-1.0,STOP
swing_baseline,1562856000000,2019,0.5204800575865718,1562856300000,1562865900000,1409.888,1405.1515,1423.3839999999998,1405.1515,2.849361342763629,-1.0,STOP
swing_baseline,1562866200000,2019,0.5129005799473338,1562866500000,1563142500000,1404.238,1399.8656428571428,1418.6124285714286,1418.6124285714286,3.2875696339012075,3.2875696339012075,TARGET
swing_baseline,1563200400000,2019,0.4967474558156471,1563200700000,1563292500000,1409.148,1405.9812142857143,1420.4501428571427,1405.9812142857143,3.5689635727980757,-1.0,STOP
swing_baseline,1563292800000,2019,0.5149276202736646,1563293100000,1563372900000,1404.225,1399.4975714285713,1415.0497142857143,1415.0497142857143,2.2897679197389187,2.2897679197389187,TARGET
swing_baseline,1563432000000,2019,0.5140686578120012,1563432300000,1563453000000,1421.068,1416.9731428571429,1434.1324285714286,1416.9731428571429,3.1904479486464212,-1.0,STOP
swing_baseline,1563453600000,2019,0.5817172846720597,1563453900000,1563464700000,1416.245,1411.2868571428571,1427.7425714285714,1427.7425714285714,2.318927017604574,2.318927017604574,TARGET
swing_baseline,1563534900000,2019,0.5539261989143017,1563535200000,1563546000000,1436.905,1431.9180714285715,1451.8527142857145,1431.9180714285715,2.997378861881855,-1.0,STOP
swing_baseline,1563546300000,2019,0.5488445675408548,1563546600000,1563547200000,1432.455,1427.5409285714286,1445.8612857142857,1427.5409285714286,2.728142215503651,-1.0,STOP
swing_baseline,1563547500000,2019,0.5392900346639684,1563547800000,1563559800000,1427.288,1422.4109285714285,1440.7312857142858,1422.4109285714285,2.7564258410345457,-1.0,STOP
swing_baseline,1563560100000,2019,0.525702167009813,1563560400000,1563859800000,1422.848,1415.090857142857,1440.1265714285714,1415.090857142857,2.2274401473296197,-1.0,STOP
swing_baseline,1563911700000,2019,0.4853453269675384,1563912000000,1564054800000,1417.115,1412.1438571428573,1431.5495714285717,1431.5495714285717,2.9036726248636358,2.9036726248636358,TARGET
swing_baseline,1564059600000,2019,0.4445818581976145,1564059900000,1564061700000,1421.385,1418.2350714285715,1433.6347142857142,1418.2350714285715,3.8888863693054536,-1.0,STOP
swing_baseline,1564073100000,2019,0.47825843558517167,1564073400000,1564478400000,1413.618,1409.136,1429.0459999999998,1429.0459999999998,3.442213297634981,3.442213297634981,TARGET
swing_baseline,1564581600000,2019,0.5620417899863502,1564581900000,1564590000000,1427.525,1424.4925,1434.8549999999998,1424.4925,2.41714756801307,-1.0,STOP
swing_baseline,1564590600000,2019,0.4603783538609992,1564590900000,1564596000000,1422.565,1419.8162142857143,1430.9751428571426,1419.8162142857143,3.059584751708383,-1.0,STOP
swing_baseline,1564598700000,2019,0.42803856045240546,1564599000000,1564599000000,1415.528,1412.59,1426.2299999999998,1412.59,3.6426140231447923,-1.0,STOP
swing_baseline,1564610400000,2019,0.7036481489957117,1564610700000,1564646100000,1415.998,1404.1612857142857,1427.829857142857,1404.1612857142857,0.9995896544648982,-1.0,STOP
swing_baseline,1564646400000,2019,0.4280859015780539,1564646700000,1564680600000,1403.285,1397.475,1425.0249999999999,1425.0249999999999,3.7418244406194723,3.7418244406194723,TARGET
swing_baseline,1565269200000,2019,0.5383469314382351,1565269500000,1565635200000,1492.608,1484.4500714285716,1511.9397142857144,1511.9397142857144,2.369684181033447,2.369684181033447,TARGET
swing_baseline,1565703600000,2019,0.49624711744056743,1565703900000,1565703900000,1512.395,1504.3627142857142,1529.7241428571426,1504.3627142857142,2.1574360616084687,-1.0,STOP
swing_baseline,1565704200000,2019,0.39096380993297214,1565704500000,1565704500000,1494.885,1489.4277142857143,1514.7891428571427,1489.4277142857143,3.6472605429176914,-1.0,STOP
swing_baseline,1565850900000,2019,0.4751050153622735,1565851200000,1566202200000,1508.675,1502.6902857142857,1528.4788571428571,1502.6902857142857,3.30907311484019,-1.0,STOP
swing_baseline,1566202500000,2019,0.4301365375935074,1566202800000,1566207900000,1502.035,1497.7510000000002,1516.521,1497.7510000000002,3.3814192343604783,-1.0,STOP
swing_baseline,1566212100000,2019,0.5754980781089578,1566212400000,1566214800000,1499.905,1493.4231428571427,1512.4824285714285,1493.4231428571427,1.940405086725538,-1.0,STOP
swing_baseline,1566255000000,2019,0.5541178868910103,1566255300000,1566526500000,1494.508,1488.4357857142857,1510.4968571428572,1494.865,2.6331180670736267,0.058792391572849566,864BAR_TIMEOUT
swing_baseline,1566531900000,2019,0.4361126435889543,1566532200000,1566567300000,1494.865,1491.8697857142859,1506.345857142857,1506.345857142857,3.833067035509171,3.833067035509171,TARGET
swing_baseline,1566808800000,2019,0.5056627063659228,1566809100000,1567079700000,1525.725,1518.3880714285713,1551.2227142857143,1536.998,3.475257260239285,1.536474001382443,864BAR_TIMEOUT
swing_baseline,1567095600000,2019,0.4376286614448013,1567095900000,1567097100000,1532.335,1527.284,1551.089,1527.284,3.7129281330429937,-1.0,STOP
swing_baseline,1567102200000,2019,0.44705220304696214,1567102500000,1567519200000,1521.615,1515.5915,1543.624,1543.624,3.6538557317174347,3.6538557317174347,TARGET
swing_baseline,1567576800000,2019,0.4990001622805453,1567577100000,1567582500000,1540.265,1535.5270714285714,1556.7317142857144,1535.5270714285714,3.4755091887653267,-1.0,STOP
swing_baseline,1567596300000,2019,0.5164796528565041,1567596600000,1567617000000,1535.175,1530.3163571428572,1549.9745714285714,1549.9745714285714,3.0460299025301736,3.0460299025301736,TARGET
swing_baseline,1567670100000,2019,0.5261613741438095,1567670400000,1567686900000,1542.13,1536.4521428571427,1558.2964285714286,1536.4521428571427,2.8472763869667572,-1.0,STOP
swing_baseline,1567687200000,2019,0.43242414260917306,1567687500000,1567690500000,1535.195,1531.2632142857142,1549.947142857143,1531.2632142857142,3.7520210736670254,-1.0,STOP
swing_baseline,1567691100000,2019,0.4439461531098978,1567691400000,1567692600000,1527.828,1522.9985,1544.3960000000002,1522.9985,3.430582876074134,-1.0,STOP
swing_baseline,1567692900000,2019,0.4650410687444762,1567693200000,1567693200000,1516.565,1510.4951428571428,1535.5594285714287,1510.4951428571428,3.1293040551671836,-1.0,STOP
swing_baseline,1567751700000,2019,0.5177543583952966,1567752000000,1567752300000,1512.365,1508.4912142857142,1526.3601428571428,1508.4912142857142,3.6127818855677734,-1.0,STOP
swing_baseline,1567752600000,2019,0.5014163027583792,1567752900000,1567775100000,1505.948,1501.7012142857143,1519.5701428571429,1519.5701428571429,3.207636027247406,3.207636027247406,TARGET
swing_baseline,1568039400000,2019,0.5253714973690915,1568039700000,1568040600000,1505.425,1500.3315714285714,1518.598714285714,1500.3315714285714,2.5864138666067875,-1.0,STOP
swing_baseline,1568041200000,2019,0.49326948299907386,1568041500000,1568076900000,1499.785,1493.1878571428572,1514.9885714285715,1493.1878571428572,2.3045690775227214,-1.0,STOP
swing_baseline,1568077200000,2019,0.4354530214300343,1568077500000,1568145900000,1491.635,1486.1540714285716,1509.2737142857143,1486.1540714285716,3.2181981676724063,-1.0,STOP
swing_baseline,1568148000000,2019,0.4452360326177796,1568148300000,1568276100000,1485.155,1479.4577142857142,1504.2591428571425,1504.2591428571425,3.3532007722975163,3.3532007722975163,TARGET
swing_baseline,1568326500000,2019,0.4497202830898488,1568327100000,1568389500000,1497.388,1490.332142857143,1522.4964285714289,1490.332142857143,3.5585228077991684,-1.0,STOP
swing_baseline,1568389800000,2019,0.5001227722845024,1568390100000,1568592900000,1490.415,1484.1245714285715,1509.291714285714,1509.291714285714,3.0008629891218055,3.0008629891218055,TARGET
swing_baseline,1568641500000,2019,0.5911811007816328,1568641800000,1568832000000,1498.095,1492.2688571428573,1512.1995714285715,1492.2688571428573,2.420910673565036,-1.0,STOP
swing_baseline,1569301800000,2019,0.4585070490083862,1569302100000,1569332400000,1519.455,1516.677642857143,1529.9144285714287,1516.677642857143,3.7659645603479923,-1.0,STOP
swing_baseline,1569332700000,2019,0.578876126347025,1569333000000,1569337800000,1517.348,1513.1784285714286,1524.9112857142857,1524.9112857142857,1.8139240072635558,1.8139240072635558,TARGET
swing_baseline,1569412800000,2019,0.5213587743814188,1569413100000,1569421800000,1527.895,1524.795357142857,1538.0935714285713,1524.795357142857,3.2902408111532195,-1.0,STOP
swing_baseline,1569422400000,2019,0.5332374253313554,1569422700000,1569423000000,1519.495,1516.0937142857142,1530.5501428571426,1516.0937142857142,3.2502835062371425,-1.0,STOP
swing_baseline,1569424800000,2019,0.48892170119063866,1569425100000,1569426900000,1514.285,1509.6972142857144,1528.6011428571428,1509.6972142857144,3.120490744056403,-1.0,STOP
swing_baseline,1569427200000,2019,0.45027491247000123,1569427500000,1569427500000,1506.135,1500.8400714285715,1521.9797142857142,1500.8400714285715,2.992432111589279,-1.0,STOP
swing_baseline,1569499500000,2019,0.660162527591224,1569499800000,1569566100000,1504.685,1500.0340714285715,1513.6537142857144,1500.0340714285715,1.928370678666384,-1.0,STOP
swing_baseline,1569566400000,2019,0.5356364814616699,1569566700000,1569577800000,1499.168,1495.0222857142858,1507.700857142857,1495.0222857142858,2.0582356995176725,-1.0,STOP
swing_baseline,1569578100000,2019,0.49810544637613857,1569578400000,1569589800000,1494.025,1490.473857142857,1505.3295714285714,1490.473857142857,3.18336149328161,-1.0,STOP
swing_baseline,1569590100000,2019,0.5405241639162335,1569590400000,1569602700000,1489.325,1485.2186428571429,1500.9504285714288,1500.9504285714288,2.8310807284872097,2.8310807284872097,TARGET
swing_baseline,1569823800000,2019,0.4536007190157795,1569824100000,1569834600000,1490.775,1486.4425714285715,1505.6697142857142,1486.4425714285715,3.4379595739769004,-1.0,STOP
swing_baseline,1569834900000,2019,0.47030467836909545,1569835200000,1569843600000,1486.055,1482.3588571428572,1498.7895714285714,1482.3588571428572,3.4453677578943385,-1.0,STOP
swing_baseline,1569855300000,2019,0.5200360299565627,1569855600000,1569856200000,1480.765,1475.524,1495.844,1475.524,2.8771226865100816,-1.0,STOP
swing_baseline,1569856500000,2019,0.5434331196216152,1569856800000,1569857400000,1473.785,1467.934,1488.2540000000001,1467.934,2.4729106135702907,-1.0,STOP
swing_baseline,1569864300000,2019,0.5335643552801169,1569864600000,1569915000000,1467.188,1460.7007142857144,1486.3221428571428,1460.7007142857144,2.9494836052938593,-1.0,STOP
swing_baseline,1569915300000,2019,0.41065762635632846,1569915600000,1569940800000,1459.825,1454.0931428571428,1481.8024285714287,1481.8024285714287,3.8342596515713345,3.8342596515713345,TARGET
swing_baseline,1569992400000,2019,0.4821087766653534,1569992700000,1570021200000,1476.325,1471.4914285714285,1492.5092857142856,1492.5092857142856,3.348307965124772,3.348307965124772,TARGET
swing_baseline,1570085700000,2019,0.5745154958431399,1570086000000,1570111200000,1496.715,1492.1416428571429,1510.0584285714285,1510.0584285714285,2.9176441188874116,2.9176441188874116,TARGET
swing_baseline,1570191300000,2019,0.5972649866767625,1570191600000,1570192200000,1507.168,1503.9947142857143,1514.5961428571427,1503.9947142857143,2.3408364471256156,-1.0,STOP_BOTH
swing_baseline,1570193700000,2019,0.4721489265095355,1570194000000,1570208100000,1496.465,1492.5587857142857,1509.399857142857,1509.399857142857,3.3113537038053233,3.3113537038053233,TARGET
swing_baseline,1570432800000,2019,0.4944072045581502,1570433100000,1570446300000,1500.995,1497.336857142857,1513.1525714285715,1497.336857142857,3.3234271878783948,-1.0,STOP
swing_baseline,1570452000000,2019,0.45130238320072513,1570452300000,1570469400000,1497.745,1494.7442857142858,1509.697857142857,1494.7442857142858,3.98333730064287,-1.0,STOP
swing_baseline,1570469700000,2019,0.5235385699551145,1570470000000,1570527900000,1490.068,1484.6644285714287,1501.1322857142857,1501.1322857142857,2.0475875743556515,2.0475875743556515,TARGET
swing_baseline,1570613400000,2019,0.5069639439825271,1570613700000,1570659600000,1502.635,1498.9485714285715,1515.180714285714,1515.180714285714,3.403216430924269,3.403216430924269,TARGET
swing_baseline,1570710900000,2019,0.5143642505532394,1570711200000,1570714500000,1502.675,1497.5779285714286,1518.5132857142858,1497.5779285714286,3.1073305399459876,-1.0,STOP
swing_baseline,1570714800000,2019,0.43273427994398045,1570715100000,1570716900000,1495.915,1491.8645714285715,1512.1167142857144,1491.8645714285715,4.000000000000112,-1.0,STOP
swing_baseline,1570717200000,2019,0.4540621954131986,1570717500000,1570793400000,1493.315,1487.1602857142857,1509.5838571428571,1487.1602857142857,2.6433163892950393,-1.0,STOP
swing_baseline,1570793700000,2019,0.3710418793967696,1570794000000,1570794300000,1484.995,1481.092357142857,1500.5555714285713,1481.092357142857,3.987188169189389,-1.0,STOP
swing_baseline,1570794600000,2019,0.4427669438007861,1570794900000,1570803000000,1480.365,1476.0223571428571,1495.4855714285713,1476.0223571428571,3.481882329720168,-1.0,STOP
swing_baseline,1570803300000,2019,0.48167243080250105,1570803600000,1571052000000,1476.925,1470.5559285714285,1496.2512857142856,1496.2512857142856,3.034396133098527,3.034396133098527,TARGET
swing_baseline,1571121000000,2019,0.5355025886109397,1571121300000,1571135400000,1489.485,1486.4792142857143,1497.7731428571428,1497.7731428571428,2.757396449704277,2.757396449704277,TARGET
swing_baseline,1571145000000,2019,0.4960130721934653,1571145300000,1571148300000,1488.425,1484.8252142857143,1498.7741428571428,1484.8252142857143,2.874933031728133,-1.0,STOP
swing_baseline,1571148600000,2019,0.46602211370464913,1571148900000,1571150100000,1483.455,1479.5367857142858,1495.2928571428572,1479.5367857142858,3.021237808768704,-1.0,STOP
swing_baseline,1571150400000,2019,0.41176252090100596,1571150700000,1571230800000,1478.865,1475.6537857142857,1491.4098571428572,1491.4098571428572,3.9065773961785846,3.9065773961785846,TARGET
swing_baseline,1571304600000,2019,0.4949095093659534,1571304900000,1571328000000,1484.935,1481.2967857142858,1496.652857142857,1496.652857142857,3.2207715716109697,3.2207715716109697,TARGET
swing_baseline,1571379000000,2019,0.48552814056703314,1571379300000,1571384400000,1490.235,1487.8712857142857,1498.5548571428571,1487.8712857142857,3.5198235223016403,-1.0,STOP
swing_baseline,1571384700000,2019,0.49717945869347596,1571385000000,1571396400000,1487.655,1485.4670714285714,1495.0567142857144,1485.4670714285714,3.382978028794492,-1.0,STOP
swing_baseline,1571396700000,2019,0.526222138595176,1571397000000,1571403600000,1485.725,1482.8237142857142,1492.830142857143,1492.830142857143,2.4489635137132693,2.4489635137132693,TARGET
swing_baseline,1571643600000,2019,0.541108173369946,1571643900000,1571670600000,1488.685,1486.2337857142857,1496.754857142857,1486.2337857142857,3.2921875455313176,-1.0,STOP
swing_baseline,1571670900000,2019,0.5276031116018479,1571671200000,1571685300000,1485.418,1481.5857142857144,1495.0321428571428,1481.5857142857144,2.5087228807874675,-1.0,STOP
swing_baseline,1571703600000,2019,0.5042368751234573,1571703900000,1571816100000,1481.855,1477.7283571428572,1492.9265714285714,1492.9265714285714,2.6829487823031926,2.6829487823031926,TARGET
swing_baseline,1571898900000,2019,0.49013264346389424,1571899200000,1571901600000,1490.735,1488.3284999999998,1498.676,1488.3284999999998,3.299813006440832,-1.0,STOP
swing_baseline,1572022800000,2019,0.5625155308488691,1572023100000,1572267300000,1502.765,1497.8982857142857,1515.631857142857,1497.8982857142857,2.643848886018625,-1.0,STOP
swing_baseline,1572267600000,2019,0.5474975834920349,1572267900000,1572270000000,1499.045,1494.7095,1507.187,1494.7095,1.8779840848805365,-1.0,STOP
swing_baseline,1572270300000,2019,0.5287067145632295,1572270600000,1572345300000,1491.355,1488.1925,1500.67,1488.1925,2.9454545454546475,-1.0,STOP
swing_baseline,1572356700000,2019,0.6574984373317537,1572357000000,1572432300000,1485.145,1480.950214285714,1493.1891428571428,1493.1891428571428,1.9176528683568728,1.9176528683568728,TARGET
swing_baseline,1572460200000,2019,0.46897891312334006,1572460500000,1572460500000,1484.785,1481.9472142857144,1495.1011428571428,1481.9472142857144,3.6352790153288224,-1.0,STOP
swing_baseline,1572608100000,2019,0.5912016355038214,1572608400000,1572611400000,1509.995,1506.6944285714285,1516.9622857142858,1506.6944285714285,2.1109331717452364,-1.0,STOP
swing_baseline,1572611700000,2019,0.5553235604138802,1572612000000,1572615900000,1504.715,1501.2275,1511.18,1511.18,1.853763440860281,1.853763440860281,TARGET
swing_baseline,1572882000000,2019,0.5014893806977446,1572882300000,1572884700000,1508.475,1505.6173571428571,1518.1055714285715,1505.6173571428571,3.3701102307097806,-1.0,STOP
swing_baseline,1572885000000,2019,0.4958319029937141,1572885300000,1572934500000,1505.415,1502.4632857142858,1515.5718571428572,1502.4632857142858,3.4410028070856473,-1.0,STOP
swing_baseline,1572951900000,2019,0.704201173245317,1572952200000,1572957600000,1504.145,1499.6824285714288,1509.8602857142857,1499.6824285714288,1.2807157948653005,-1.0,STOP
swing_baseline,1572957900000,2019,0.4938643262619004,1572958200000,1572960300000,1499.445,1496.5972857142858,1507.4358571428572,1496.5972857142858,2.8060599979935956,-1.0,STOP
swing_baseline,1572960600000,2019,0.43574172655038235,1572960900000,1572961800000,1494.998,1492.340642857143,1504.6124285714286,1492.340642857143,3.6180415557885546,-1.0,STOP
swing_baseline,1572962100000,2019,0.5169724247832413,1572962400000,1572966300000,1491.595,1487.2356428571427,1502.1824285714283,1487.2356428571427,2.4286673985349996,-1.0,STOP
swing_baseline,1572967800000,2019,0.533846379516866,1572968100000,1572971400000,1486.515,1482.5295714285717,1498.6567142857143,1482.5295714285717,3.0465266327336207,-1.0,STOP
swing_baseline,1572971700000,2019,0.5129569550501194,1572972000000,1573140600000,1482.965,1476.9050000000002,1495.87,1476.9050000000002,2.129537953795474,-1.0,STOP
swing_baseline,1573140900000,2019,0.34351190862247194,1573141200000,1573141800000,1473.775,1470.8925000000002,1485.355,1470.8925000000002,4.0173460537728305,-1.0,STOP
swing_baseline,1573142100000,2019,0.4408988402822717,1573142400000,1573144500000,1469.665,1464.0191428571427,1483.6484285714284,1464.0191428571427,2.476759191315938,-1.0,STOP
swing_baseline,1573144800000,2019,0.4018989122070123,1573145100000,1573215600000,1462.115,1457.6191428571428,1477.2484285714286,1457.6191428571428,3.366083060595443,-1.0,STOP
swing_baseline,1573215900000,2019,0.5274669386352586,1573216200000,1573225200000,1457.695,1453.3289285714286,1467.2742857142855,1467.2742857142855,2.1940286298568648,2.1940286298568648,TARGET
swing_baseline,1573484400000,2019,0.48580808469835374,1573484700000,1573485000000,1458.285,1456.0257142857142,1466.722142857143,1456.0257142857142,3.734429339234658,-1.0,STOP
swing_baseline,1573485300000,2019,0.5706352693181246,1573485600000,1573487400000,1453.405,1450.2757142857142,1460.972142857143,1450.2757142857142,2.4181693677242637,-1.0,STOP
swing_baseline,1573487700000,2019,0.47590242258171356,1573488000000,1573586700000,1448.965,1445.3857142857141,1459.232142857143,1459.232142857143,2.868489323488298,2.868489323488298,TARGET
swing_baseline,1573795800000,2019,0.467024915456147,1573796100000,1574064600000,1464.448,1461.2257857142856,1475.8718571428574,1461.2257857142856,3.5453437077429624,-1.0,STOP
swing_baseline,1574065200000,2019,0.47156320816419695,1574065500000,1574070900000,1460.155,1458.2439285714286,1467.2492857142859,1458.2439285714286,3.7122033264811707,-1.0,STOP
swing_baseline,1574071200000,2019,0.5062599488956205,1574071500000,1574085900000,1458.445,1455.9882142857143,1466.572142857143,1466.572142857143,3.3080389591512707,3.3080389591512707,TARGET
swing_baseline,1574150100000,2019,0.5447590599087019,1574150400000,1574157000000,1469.368,1466.8032142857144,1477.1621428571427,1466.8032142857144,3.0389060628848266,-1.0,STOP
swing_baseline,1574157600000,2019,0.4874914351007207,1574157900000,1574185200000,1466.168,1463.5970714285716,1474.7867142857142,1474.7867142857142,3.352374072736675,3.352374072736675,TARGET
swing_baseline,1574256000000,2019,0.5779982139234475,1574256300000,1574263800000,1471.595,1468.5027142857143,1480.314142857143,1468.5027142857143,2.819643352120526,-1.0,STOP
swing_baseline,1574264100000,2019,0.6391934013725885,1574264400000,1574349000000,1467.965,1463.271714285714,1476.103142857143,1463.271714285714,1.7339968952607119,-1.0,STOP
swing_baseline,1574361000000,2019,0.47573263850145975,1574361300000,1574661300000,1462.945,1458.9847857142859,1475.4358571428572,1458.9847857142859,3.1540861785980465,-1.0,STOP
swing_baseline,1574661600000,2019,0.4333491577432296,1574661900000,1574687400000,1457.845,1455.6520714285714,1466.0167142857142,1455.6520714285714,3.726393277091794,-1.0,STOP
swing_baseline,1574689500000,2019,0.5324401015636925,1574689800000,1574732700000,1454.835,1452.4900714285714,1461.1147142857144,1452.4900714285714,2.6779981114257803,-1.0,STOP
swing_baseline,1574779200000,2019,0.7368604817763098,1574779500000,1574782200000,1453.035,1448.0385,1457.846,1457.846,0.962874011808256,0.962874011808256,TARGET
swing_baseline,1574854500000,2019,0.4752684540704625,1574854800000,1574860800000,1457.468,1455.6018571428572,1464.3825714285713,1455.6018571428572,3.7052744392557018,-1.0,STOP
swing_baseline,1574861400000,2019,0.6062735528244052,1574861700000,1575040500000,1454.648,1452.046142857143,1460.5054285714286,1460.5054285714286,2.2512491077803896,2.2512491077803896,TARGET
swing_baseline,1575450600000,2019,0.5020457714029929,1575451200000,1575451800000,1475.495,1473.3735714285715,1482.3957142857143,1473.3735714285715,3.2528619528623026,-1.0,STOP
swing_baseline,1575459600000,2019,0.5180105379075335,1575459900000,1575471600000,1475.865,1473.4498571428571,1484.7255714285714,1473.4498571428571,3.668756654442138,-1.0,STOP
swing_baseline,1575473400000,2019,0.5704507595834558,1575473700000,1575639000000,1472.698,1468.6865714285714,1483.1287142857145,1468.6865714285714,2.600249287749225,-1.0,STOP
swing_baseline,1575641400000,2019,0.49066163861110446,1575641700000,1575644400000,1463.025,1459.5792142857142,1473.223142857143,1459.5792142857142,2.9595986816192754,-1.0,STOP
swing_baseline,1575648300000,2019,0.4934197816082125,1575648600000,1576081200000,1460.275,1456.6836428571428,1472.6904285714288,1472.6904285714288,3.457029773861736,3.457029773861736,TARGET
swing_baseline,1576161900000,2019,0.5180769775945753,1576162200000,1576162500000,1471.355,1468.7797857142857,1478.2558571428572,1468.7797857142857,2.679721521093922,-1.0,STOP
swing_baseline,1576162800000,2019,0.5302750342966882,1576163100000,1576255200000,1465.798,1461.4097857142858,1477.1858571428572,1477.1858571428572,2.5951005127371185,2.5951005127371185,TARGET
swing_baseline,1576512600000,2019,0.47753537187123063,1576512900000,1576675500000,1474.065,1471.8688571428572,1482.5495714285714,1471.8688571428572,3.8633968646328167,-1.0,STOP
swing_baseline,1576675800000,2019,0.5723231455058841,1576676100000,1576683000000,1472.125,1469.6740714285713,1477.2287142857142,1477.2287142857142,2.0823594555997964,2.0823594555997964,TARGET
swing_baseline,1576858800000,2019,0.47416252019298494,1576859100000,1577082600000,1476.675,1475.038142857143,1482.7724285714287,1482.7724285714287,3.7250829115032493,3.7250829115032493,TARGET
swing_baseline,1578324300000,2020,0.5316879289174479,1578324600000,1578325200000,1566.765,1561.7807142857143,1583.6021428571426,1561.7807142857143,3.3780452851818876,-1.0,STOP
swing_baseline,1578328200000,2020,0.5396548411564583,1578328500000,1578362700000,1561.515,1556.2457142857145,1578.7921428571428,1556.2457142857145,3.2788396367087276,-1.0,STOP
swing_baseline,1578363000000,2020,0.42280550527478017,1578363300000,1578432600000,1556.608,1550.6155,1573.778,1573.778,2.865248226950445,2.865248226950445,TARGET
swing_baseline,1578488100000,2020,0.5053551893929401,1578488400000,1578500700000,1575.395,1563.9881428571427,1611.1224285714286,1563.9881428571427,3.1321009918845597,-1.0,STOP
swing_baseline,1578501300000,2020,0.48044353916087656,1578501600000,1578551100000,1558.518,1551.5066428571429,1585.6134285714286,1551.5066428571429,3.864505547122519,-1.0,STOP
swing_baseline,1578551700000,2020,0.5418897909823512,1578552000000,1578995100000,1544.175,1535.4974285714286,1564.8002857142856,1543.085,2.3768500074082692,-0.1256111815353126,864BAR_TIMEOUT
swing_baseline,1579185300000,2020,0.5612257553684943,1579185600000,1579189200000,1551.355,1548.4881428571427,1559.2724285714287,1548.4881428571427,2.761710185369655,-1.0,STOP
swing_baseline,1579189500000,2020,0.5859627148446271,1579189800000,1579263300000,1549.895,1545.6050714285714,1557.4547142857143,1557.4547142857143,1.7622005028388676,1.7622005028388676,TARGET
swing_baseline,1579596000000,2020,0.6248433866821456,1579596300000,1579596900000,1557.295,1552.6762142857144,1565.7701428571424,1552.6762142857144,1.834928784621729,-1.0,STOP
swing_baseline,1579604400000,2020,0.5343733083450178,1579604700000,1579616700000,1552.975,1548.4817857142857,1564.9628571428568,1548.4817857142857,2.6679914156267364,-1.0,STOP
swing_baseline,1579617000000,2020,0.5391413489173353,1579617300000,1579735800000,1548.385,1542.1310714285717,1562.665714285714,1562.665714285714,2.283478956084806,2.283478956084806,TARGET
swing_baseline,1579764600000,2020,0.5429000433215938,1579764900000,1579780800000,1555.995,1552.6008571428572,1566.1315714285715,1552.6008571428572,2.986489330359226,-1.0,STOP
swing_baseline,1579853100000,2020,0.4468418085049944,1579853400000,1579878900000,1558.648,1555.9687857142858,1569.299857142857,1569.299857142857,3.9757391559361417,3.9757391559361417,TARGET
swing_baseline,1580197500000,2020,0.5232979468338594,1580197800000,1580213700000,1577.525,1574.4917142857144,1586.7231428571429,1574.4917142857144,3.032402392502188,-1.0,STOP
swing_baseline,1580214900000,2020,0.4456407997048647,1580215200000,1580225100000,1572.895,1570.2412857142858,1582.059857142857,1570.2412857142858,3.4535960378984916,-1.0,STOP
swing_baseline,1580225400000,2020,0.4333272347935309,1580225700000,1580260500000,1568.425,1565.3409285714288,1579.9612857142859,1565.3409285714288,3.7406026356628677,-1.0,STOP
swing_baseline,1580262300000,2020,0.4851743814348546,1580262600000,1580328900000,1564.115,1559.8796428571427,1577.3214285714284,1577.3214285714284,3.1181381229444427,3.1181381229444427,TARGET
swing_baseline,1580394600000,2020,0.509881045099775,1580394900000,1580394900000,1576.405,1573.7233571428571,1586.9815714285714,1573.7233571428571,3.9440641397864287,-1.0,STOP
swing_baseline,1580432400000,2020,0.43484673839012955,1580432700000,1580486100000,1571.255,1566.5730714285712,1588.5827142857142,1588.5827142857142,3.70097792423728,3.70097792423728,TARGET
swing_baseline,1580711400000,2020,0.47253142593379605,1580711700000,1580715600000,1579.355,1574.1594285714284,1598.0872857142856,1574.1594285714284,3.6054331986030537,-1.0,STOP
swing_baseline,1580719800000,2020,0.5809339733083172,1580720100000,1580804700000,1575.665,1568.8601428571428,1590.6494285714289,1568.8601428571428,2.2020195658563697,-1.0,STOP
swing_baseline,1580806200000,2020,0.4516586562957654,1580806500000,1580822700000,1568.065,1564.3644285714286,1581.1322857142857,1564.3644285714286,3.5311534898084362,-1.0,STOP
swing_baseline,1580823600000,2020,0.5049626850085538,1580823900000,1580824800000,1563.315,1559.0466428571428,1574.8884285714284,1559.0466428571428,2.7114480311929126,-1.0,STOP
swing_baseline,1580825400000,2020,0.4985272908004067,1580825700000,1580829900000,1560.165,1554.501142857143,1572.8204285714285,1554.501142857143,2.234418745428423,-1.0,STOP
swing_baseline,1580830200000,2020,0.4797173691177454,1580830500000,1580896200000,1553.495,1548.4332857142858,1567.591857142857,1548.4332857142858,2.7849966132310855,-1.0,STOP
swing_baseline,1580965500000,2020,0.5405583144048103,1580965800000,1580981100000,1553.015,1549.8552857142856,1562.5038571428572,1562.5038571428572,3.0030744190250425,3.0030744190250425,TARGET
swing_baseline,1581057000000,2020,0.5449457862149428,1581057300000,1581082200000,1564.125,1560.7312857142858,1571.0498571428573,1560.7312857142858,2.0404950328339164,-1.0,STOP
swing_baseline,1581379500000,2020,0.4599854211392724,1581379800000,1581387000000,1571.205,1568.9047142857144,1580.0061428571428,1568.9047142857144,3.8261085579433582,-1.0,STOP
swing_baseline,1581387600000,2020,0.47644421714171253,1581387900000,1581408300000,1568.108,1565.6997142857144,1576.226142857143,1565.6997142857144,3.3709218175350792,-1.0,STOP
swing_baseline,1581435600000,2020,0.5951529491010523,1581435900000,1581564300000,1564.075,1560.7472857142857,1572.9358571428572,1572.9358571428572,2.6627457714432397,2.6627457714432397,TARGET
swing_baseline,1581926100000,2020,0.5196693032444131,1581926400000,1581987600000,1580.075,1577.7671428571427,1587.0214285714285,1587.0214285714285,3.0099040544720363,3.0099040544720363,TARGET
swing_baseline,1582182900000,2020,0.49131564291114166,1582183200000,1582199700000,1604.688,1601.5320714285715,1616.961714285714,1616.961714285714,3.8890976167302305,3.8890976167302305,TARGET
swing_baseline,1582572300000,2020,0.5531227089711929,1582572600000,1582589100000,1657.588,1647.8572142857142,1685.2611428571427,1647.8572142857142,2.8438754762131753,-1.0,STOP
swing_baseline,1582589400000,2020,0.4880038562459028,1582589700000,1582611900000,1643.848,1634.2057142857145,1676.952142857143,1634.2057142857145,3.4332256726325623,-1.0,STOP
swing_baseline,1582664100000,2020,0.5031258644194289,1582664400000,1582900800000,1629.525,1614.6971428571428,1665.7014285714283,1614.6971428571428,2.439761067488754,-1.0,STOP
swing_baseline,1582902000000,2020,0.4154877234976896,1582902300000,1582903800000,1609.428,1599.065,1648.8300000000002,1599.065,3.8021808356653315,-1.0,STOP
swing_baseline,1582904100000,2020,0.4714066020388228,1582904400000,1582904400000,1587.848,1574.585,1624.3500000000001,1574.585,2.7521676845359573,-1.0,STOP
swing_baseline,1582914300000,2020,0.533701908912318,1582914600000,1583247600000,1567.645,1549.389,1616.6840000000002,1616.6840000000002,2.6861853637160378,2.6861853637160378,TARGET
swing_baseline,1583508000000,2020,0.6546662378700034,1583508300000,1583508300000,1667.855,1651.671357142857,1695.1545714285714,1651.671357142857,1.6868619549721555,-1.0,STOP
swing_baseline,1583802000000,2020,0.46538735095561995,1583802300000,1583820000000,1663.228,1651.1637142857141,1702.7701428571427,1651.1637142857141,3.2776198934279885,-1.0,STOP
swing_baseline,1583867400000,2020,0.46962706922032077,1583867700000,1583951400000,1648.095,1637.059142857143,1682.2534285714287,1637.059142857143,3.095222068322749,-1.0,STOP
swing_baseline,1583953200000,2020,0.5181237335989912,1583953500000,1584014400000,1636.028,1627.1735714285714,1662.9957142857143,1627.1735714285714,3.045675287588127,-1.0,STOP
swing_baseline,1584015900000,2020,0.5400345893513382,1584016200000,1584019800000,1615.405,1604.1499285714285,1642.7402857142854,1604.1499285714285,2.4287083283091113,-1.0,STOP
swing_baseline,1584020100000,2020,0.537685909440014,1584020400000,1584022500000,1593.465,1578.1792142857144,1624.0231428571426,1578.1792142857144,1.9991214994322537,-1.0,STOP
swing_baseline,1584022800000,2020,0.5395413373542397,1584023100000,1584028200000,1578.788,1563.6919285714287,1617.1072857142856,1563.6919285714287,2.5383614469232807,-1.0,STOP
swing_baseline,1584028500000,2020,0.5348208491650054,1584028800000,1584114000000,1566.295,1547.9485,1610.746,1547.9485,2.4228599460387414,-1.0,STOP
swing_baseline,1584114300000,2020,0.5174515460465974,1584114600000,1584117600000,1529.615,1506.0115,1584.729,1506.0115,2.3349926917618222,-1.0,STOP
swing_baseline,1584354000000,2020,0.47447372381654096,1584354300000,1584356100000,1511.718,1488.6669285714286,1580.3322857142857,1488.6669285714286,2.976620237670997,-1.0,STOP
swing_baseline,1584356400000,2020,0.4036434428390956,1584356700000,1584457500000,1469.105,1444.0829285714285,1548.5932857142857,1548.5932857142857,3.176726832596353,3.176726832596353,TARGET
swing_baseline,1584510600000,2020,0.5526899836217041,1584510900000,1584517200000,1517.178,1497.1322857142857,1569.460857142857,1497.1322857142857,2.608181299885947,-1.0,STOP
swing_baseline,1584517800000,2020,0.5111240493103972,1584518100000,1584548100000,1499.788,1483.1189285714286,1540.9142857142858,1483.1189285714286,2.467221158090051,-1.0,STOP
swing_baseline,1584552300000,2020,0.44579559932594,1584552600000,1584655500000,1476.668,1456.8864285714285,1542.9792857142857,1456.8864285714285,3.352174823609283,-1.0,STOP
swing_baseline,1584725400000,2020,0.4659125574689735,1584725700000,1584971400000,1480.655,1468.348,1526.098,1526.098,3.6924514503940786,3.6924514503940786,TARGET
swing_baseline,1585124100000,2020,0.6062913431865244,1585124400000,1585568700000,1601.598,1580.3720714285714,1651.9217142857142,1622.328,2.3708604368646173,0.9766357184440886,864BAR_TIMEOUT
swing_baseline,1585596000000,2020,0.459465317070299,1585596300000,1585644000000,1612.848,1606.3432142857143,1638.717142857143,1606.3432142857143,3.9769400551243397,-1.0,STOP
swing_baseline,1585646700000,2020,0.5362665942921307,1585647000000,1585651800000,1605.338,1595.2596428571428,1625.4864285714286,1595.2596428571428,1.9991778705429664,-1.0,STOP
swing_baseline,1585674000000,2020,0.45212141539162337,1585674300000,1585675500000,1593.638,1585.3812857142857,1622.8998571428572,1585.3812857142857,3.544007474436429,-1.0,STOP
swing_baseline,1585680300000,2020,0.4220769534400752,1585680600000,1585684500000,1585.258,1576.6207142857143,1618.6571428571428,1576.6207142857143,3.866856320603328,-1.0,STOP
swing_baseline,1585684800000,2020,0.48293112980274805,1585685100000,1585836000000,1577.838,1565.6925714285715,1611.9197142857145,1611.9197142857145,2.8061351713755047,2.8061351713755047,TARGET
swing_baseline,1585918500000,2020,0.5805509978484908,1585918800000,1586159400000,1609.188,1599.1267857142857,1631.617857142857,1631.617857142857,2.2293389749887678,2.2293389749887678,TARGET
swing_baseline,1586245500000,2020,0.5397966798300916,1586245800000,1586438400000,1648.433,1637.7649285714285,1680.0302857142858,1680.0302857142858,2.961855469926951,2.961855469926951,TARGET
swing_baseline,1586917800000,2020,0.46092377401609813,1586918100000,1586933400000,1720.278,1710.7078571428572,1755.3935714285712,1710.7078571428572,3.6692839336627108,-1.0,STOP
swing_baseline,1586935500000,2020,0.5137989374683546,1586935800000,1587038100000,1710.048,1701.106642857143,1736.8634285714286,1736.8634285714286,2.999033384193888,2.999033384193888,TARGET
swing_baseline,1587054600000,2020,0.5088898515126796,1587054900000,1587102900000,1709.048,1700.1982857142857,1736.6968571428572,1700.1982857142857,3.1242655130109136,-1.0,STOP
swing_baseline,1587103200000,2020,0.3983724485816682,1587103500000,1587336300000,1689.198,1677.9017857142858,1724.3828571428573,1677.9017857142858,3.1147476714702167,-1.0,STOP
swing_baseline,1587336600000,2020,0.43732716712613096,1587336900000,1587467700000,1675.378,1666.7744285714286,1708.792285714286,1666.7744285714286,3.8837691988377956,-1.0,STOP
swing_baseline,1587472800000,2020,0.5827932903892568,1587473100000,1587540000000,1665.818,1655.1620714285714,1691.9917142857144,1691.9917142857144,2.4562584208656486,2.4562584208656486,TARGET
swing_baseline,1587704700000,2020,0.49693451449800247,1587705000000,1587741300000,1721.918,1714.2282857142857,1746.9268571428572,1714.2282857142857,3.252247900720867,-1.0,STOP
swing_baseline,1587742500000,2020,0.41674854327290994,1587742800000,1587996600000,1712.528,1706.5938571428571,1736.2645714285713,1706.5938571428571,3.999999999999962,-1.0,STOP
swing_baseline,1588033200000,2020,0.49292552955784685,1588033500000,1588044300000,1706.698,1699.6044285714286,1728.097285714286,1699.6044285714286,3.016715335817132,-1.0,STOP
swing_baseline,1588044600000,2020,0.41935426835394485,1588044900000,1588227600000,1696.058,1690.231142857143,1719.3154285714288,1719.3154285714288,3.9914190448171887,3.9914190448171887,TARGET
swing_baseline,1588250100000,2020,0.517084350138402,1588250400000,1588250400000,1708.938,1703.5337857142856,1724.8048571428571,1703.5337857142856,2.9360155434249764,-1.0,STOP
swing_baseline,1588262100000,2020,0.46717105546863197,1588262400000,1588263300000,1694.138,1685.394857142857,1720.4605714285715,1685.394857142857,3.010653246625943,-1.0,STOP
swing_baseline,1588267500000,2020,0.43770511054802974,1588267800000,1588311900000,1685.005,1676.8299285714286,1715.705285714286,1676.8299285714286,3.7553538195384677,-1.0,STOP
swing_baseline,1588312200000,2020,0.3943980991647013,1588312500000,1588359300000,1676.008,1669.2223571428572,1703.3505714285716,1703.3505714285716,4.029473994463106,4.029473994463106,TARGET
swing_baseline,1588662300000,2020,0.5627334000264308,1588662600000,1588665900000,1692.278,1685.935642857143,1705.1974285714284,1705.1974285714284,2.0370074217562206,2.0370074217562206,TARGET
swing_baseline,1588753500000,2020,0.6219738437289177,1588753800000,1588768800000,1703.541,1696.5335714285716,1716.4057142857143,1696.5335714285716,1.8358680583870886,-1.0,STOP
swing_baseline,1588770000000,2020,0.5775241180367272,1588770300000,1588776000000,1690.348,1684.1375714285714,1705.4247142857143,1684.1375714285714,2.427644745014166,-1.0,STOP
swing_baseline,1588781400000,2020,0.5504613995223251,1588781700000,1588866000000,1683.838,1676.461,1704.1960000000001,1704.1960000000001,2.759658397722693,2.759658397722693,TARGET
swing_baseline,1588941600000,2020,0.5594577998802875,1588941900000,1588941900000,1712.368,1706.934,1727.319,1706.934,2.7513801987486395,-1.0,STOP
swing_baseline,1588961400000,2020,0.4366677081053279,1588961700000,1589191800000,1704.235,1697.4749285714286,1729.1252857142858,1697.4749285714286,3.6819560232880875,-1.0,STOP
swing_baseline,1589192400000,2020,0.40668660166076714,1589192700000,1589374800000,1695.618,1690.6155714285715,1715.2777142857142,1715.2777142857142,3.930033983493794,3.930033983493794,TARGET
swing_baseline,1589806500000,2020,0.47544181082615194,1589806800000,1589807400000,1748.728,1742.3454285714286,1772.1582857142857,1742.3454285714286,3.6709790053269535,-1.0,STOP
swing_baseline,1589807700000,2020,0.6069641489545962,1589808000000,1589809500000,1746.278,1735.1454285714285,1764.9582857142857,1735.1454285714285,1.6779848064880245,-1.0,STOP
swing_baseline,1589810100000,2020,0.5753090848433084,1589810400000,1590069600000,1735.238,1725.344,1757.114,1725.344,2.211036992116431,-1.0,STOP
swing_baseline,1590070800000,2020,0.5175230014370301,1590071100000,1590072300000,1727.838,1719.261785714286,1742.9778571428571,1719.261785714286,1.7653310235119237,-1.0,STOP
swing_baseline,1590366300000,2020,0.48588000783318175,1590366600000,1590413700000,1728.295,1722.811642857143,1745.8284285714285,1722.811642857143,3.19757187333097,-1.0,STOP
swing_baseline,1590483300000,2020,0.45085606204655715,1590483600000,1590487200000,1725.438,1720.7019285714287,1740.8822857142857,1720.7019285714287,3.2609908754995405,-1.0,STOP
swing_baseline,1590501000000,2020,0.45563719468242553,1590501300000,1590504300000,1718.488,1713.8229285714285,1735.3482857142858,1713.8229285714285,3.6141538178866477,-1.0,STOP
swing_baseline,1590504600000,2020,0.4541141290194153,1590504900000,1590551100000,1713.445,1708.0974285714287,1732.5002857142858,1708.0974285714287,3.5633531910348357,-1.0,STOP
swing_baseline,1590552000000,2020,0.4595750504075204,1590552300000,1590579300000,1706.675,1701.4578571428572,1725.2585714285715,1701.4578571428572,3.562020810514852,-1.0,STOP
swing_baseline,1590579600000,2020,0.5477199748859244,1590579900000,1590585000000,1701.825,1696.7346428571427,1715.0514285714282,1696.7346428571427,2.598330176103106,-1.0,STOP
swing_baseline,1590585300000,2020,0.5749909757157753,1590585600000,1590597000000,1695.645,1689.5232142857142,1709.8971428571426,1709.8971428571426,2.3281022110727965,2.3281022110727965,TARGET
swing_baseline,1590687600000,2020,0.4913290943326603,1590687900000,1590754800000,1713.895,1709.4605000000001,1730.898,1730.898,3.834254143646528,3.834254143646528,TARGET
swing_baseline,1591016700000,2020,0.5028767923094032,1591017000000,1591114800000,1729.868,1724.9262857142858,1747.0348571428572,1724.9262857142858,3.4738667900093487,-1.0,STOP
swing_baseline,1591115100000,2020,0.5145549832086286,1591115400000,1591171200000,1724.518,1718.4375,1741.255,1718.4375,2.7525696899925993,-1.0,STOP
swing_baseline,1591171500000,2020,0.4708835331594186,1591171800000,1591188000000,1717.608,1712.5351428571428,1733.3844285714285,1712.5351428571428,3.1099690228104615,-1.0,STOP
swing_baseline,1591188300000,2020,0.5686660561201896,1591188600000,1591189800000,1710.655,1703.5910000000001,1726.626,1703.5910000000001,2.2609003397508975,-1.0,STOP
swing_baseline,1591190100000,2020,0.507362119013463,1591190400000,1591193400000,1705.175,1697.0306428571428,1725.5524285714284,1697.0306428571428,2.5020303277466183,-1.0,STOP
swing_baseline,1591194000000,2020,0.4961408643360608,1591194300000,1591275000000,1694.525,1687.808857142857,1717.1895714285713,1717.1895714285713,3.3746410567288647,3.3746410567288647,TARGET
swing_baseline,1591350000000,2020,0.5225291737479766,1591350300000,1591351800000,1707.065,1702.5892142857142,1722.283142857143,1702.5892142857142,3.400105328673266,-1.0,STOP
swing_baseline,1591352100000,2020,0.5240483669180257,1591352400000,1591360200000,1704.218,1697.8097857142857,1717.8858571428573,1697.8097857142857,2.1328651841943667,-1.0,STOP
swing_baseline,1591360500000,2020,0.40511227719059884,1591360800000,1591360800000,1690.005,1685.3905,1705.9129999999998,1685.3905,3.447394083865903,-1.0,STOP
swing_baseline,1591362600000,2020,0.5161096434257534,1591362900000,1591367100000,1684.275,1675.9792857142857,1704.0078571428571,1675.9792857142857,2.378680902359164,-1.0,STOP
swing_baseline,1591367400000,2020,0.4635049446032821,1591367700000,1591636800000,1673.638,1667.4963571428573,1698.6545714285714,1698.6545714285714,4.073270297617129,4.073270297617129,TARGET
swing_baseline,1591801200000,2020,0.5978910201022944,1591801500000,1591812000000,1715.378,1709.3032857142857,1729.376857142857,1709.3032857142857,2.3044470051501773,-1.0,STOP
swing_baseline,1591874400000,2020,0.48576559578305234,1591874700000,1591875000000,1727.488,1722.388,1742.9479999999999,1722.388,3.031372549019489,-1.0,STOP
swing_baseline,1592172000000,2020,0.5771077893589112,1592172300000,1592200500000,1730.708,1722.4904285714285,1747.478285714286,1722.4904285714285,2.0407836865253737,-1.0,STOP
swing_baseline,1592201100000,2020,0.4063920671105321,1592201400000,1592205900000,1721.368,1715.653857142857,1738.5595714285714,1715.653857142857,3.008600215005382,-1.0,STOP
swing_baseline,1592213400000,2020,0.5286767904238597,1592213700000,1592216400000,1715.565,1709.7240714285713,1732.8937142857144,1709.7240714285713,2.9667738740170013,-1.0,STOP
swing_baseline,1592217300000,2020,0.5486126434489075,1592217600000,1592269200000,1709.985,1702.769857142857,1728.2955714285715,1728.2955714285715,2.537797489407233,2.537797489407233,TARGET
swing_baseline,1592310600000,2020,0.5635195402994361,1592310900000,1592386200000,1721.648,1715.3870714285713,1736.8767142857143,1715.3870714285713,2.4323411634513405,-1.0,STOP
swing_baseline,1592473500000,2020,0.8226979918665728,1592473800000,1592569800000,1727.255,1716.958,1735.9080000000001,1735.9080000000001,0.8403418471399435,0.8403418471399435,TARGET
swing_baseline,1592895600000,2020,0.6117527972228812,1592895900000,1592918400000,1750.185,1742.914642857143,1764.8164285714288,1764.8164285714288,2.0124772805424134,2.0124772805424134,TARGET
swing_baseline,1593002700000,2020,0.6629118904054268,1593003000000,1593036000000,1767.208,1759.9709285714287,1779.0062857142857,1759.038,1.6302569113394194,-1.128909681303616,STOP_GAP
swing_baseline,1593086400000,2020,0.48646920016880607,1593086700000,1593177900000,1758.505,1753.4288571428572,1777.2095714285713,1753.4288571428572,3.684800045028454,-1.0,STOP
swing_baseline,1593178800000,2020,0.5863450196872175,1593179100000,1593184500000,1750.625,1746.5437142857143,1762.4651428571428,1762.4651428571428,2.9010815919352906,2.9010815919352906,TARGET
swing_baseline,1593434100000,2020,0.551664162026184,1593434400000,1593528600000,1766.818,1761.293357142857,1782.5165714285715,1782.5165714285715,2.841554075893717,2.841554075893717,TARGET
swing_baseline,1593602400000,2020,0.5724899880663177,1593602700000,1593606000000,1779.915,1775.7650714285714,1792.3647142857146,1775.7650714285714,2.999982787999923,-1.0,STOP
swing_baseline,1593608700000,2020,0.5723203277117043,1593609000000,1593610800000,1775.198,1769.797857142857,1789.4985714285717,1769.797857142857,2.648183910478521,-1.0,STOP
swing_baseline,1593611400000,2020,0.6454780868146814,1593611700000,1593616800000,1765.468,1759.937857142857,1779.6385714285716,1759.937857142857,2.5624241171758917,-1.0,STOP
swing_baseline,1593693000000,2020,0.5489587306106413,1593693300000,1593694800000,1763.358,1759.8952857142858,1774.1588571428572,1759.8952857142858,3.119188085317221,-1.0,STOP
swing_baseline,1593695100000,2020,0.6204327057299016,1593695400000,1593697500000,1762.625,1753.9374285714287,1771.4402857142857,1771.4402857142857,1.0147008041043895,1.0147008041043895,TARGET
swing_baseline,1593754800000,2020,0.47836917441424737,1593755100000,1594038900000,1772.655,1769.761,1784.146,1784.146,3.970628887353132,3.970628887353132,TARGET
swing_baseline,1594106100000,2020,0.48681240367162987,1594106400000,1594109400000,1782.028,1779.0531428571428,1792.1624285714286,1779.0531428571428,3.4066941990010573,-1.0,STOP
swing_baseline,1594109700000,2020,0.4543953300283258,1594110000000,1594110600000,1778.408,1775.5170714285714,1789.0217142857143,1775.5170714285714,3.6713858621798585,-1.0,STOP
swing_baseline,1594114500000,2020,0.596053508267426,1594114800000,1594130100000,1775.128,1770.3454285714286,1785.6082857142856,1785.6082857142856,2.1913495429834593,2.1913495429834593,TARGET
swing_baseline,1594297200000,2020,0.5912181867033428,1594297500000,1594306800000,1807.298,1801.5652857142857,1820.6788571428572,1801.5652857142857,2.3341224550823427,-1.0,STOP
swing_baseline,1594307100000,2020,0.5623488097429459,1594307400000,1594721700000,1800.755,1790.5975,1813.8999999999999,1790.5975,1.2941176470587958,-1.0,STOP
swing_baseline,1594788900000,2020,0.4577413710266027,1594789200000,1594820100000,1805.708,1802.7005714285715,1817.7377142857142,1802.7005714285715,3.9999999999999245,-1.0,STOP
swing_baseline,1594886700000,2020,0.4888191034513132,1594887000000,1594918200000,1804.878,1801.7659285714285,1815.6262857142856,1801.7659285714285,3.453740044527057,-1.0,STOP
swing_baseline,1594918800000,2020,0.40928668131079354,1594919100000,1594919400000,1800.155,1796.2126428571428,1814.2244285714287,1796.2126428571428,3.568785896762264,-1.0,STOP
swing_baseline,1594922400000,2020,0.4337199375917462,1594922700000,1595000700000,1795.845,1791.6759285714286,1811.171285714286,1811.171285714286,3.6761868864255716,3.6761868864255716,TARGET
swing_baseline,1595921400000,2020,0.4533673212959456,1595921700000,1595921700000,1925.368,1913.9607857142857,1970.6318571428571,1913.9607857142857,3.9680027050551105,-1.0,STOP
swing_baseline,1595922600000,2020,0.5477728088657742,1595922900000,1595948100000,1910.758,1895.3107857142857,1951.981857142857,1951.981857142857,2.6686919971700616,2.6686919971700616,TARGET
swing_baseline,1596031800000,2020,0.534111706221043,1596032100000,1596046200000,1941.898,1935.0057857142856,1966.9018571428571,1966.9018571428571,3.6278409385331214,3.6278409385331214,TARGET
swing_baseline,1596093000000,2020,0.5013153013886232,1596093300000,1596120000000,1953.908,1942.6547142857144,1984.6211428571428,1942.6547142857144,2.7292600256433492,-1.0,STOP
swing_baseline,1596120300000,2020,0.5203908729698649,1596120600000,1596165300000,1942.508,1932.1002857142857,1970.173857142857,1970.173857142857,2.658206824608107,2.658206824608107,TARGET
swing_baseline,1596449400000,2020,0.42780877795102706,1596449700000,1596462000000,1968.278,1962.7406428571428,1990.4274285714287,1962.7406428571428,3.999999999999959,-1.0,STOP
swing_baseline,1596462600000,2020,0.4783333981852848,1596462900000,1596550500000,1962.388,1956.461857142857,1982.3275714285714,1982.3275714285714,3.364679507268058,3.364679507268058,TARGET
swing_baseline,1596772800000,2020,0.5498401967882686,1596773100000,1596808800000,2051.66,2038.3282857142858,2082.611857142857,2038.3282857142858,2.3216712029318223,-1.0,STOP
swing_baseline,1596809100000,2020,0.6177078063843449,1596809400000,1597123800000,2033.498,2012.5628571428572,2063.688571428572,2012.5628571428572,1.4421000914388795,-1.0,STOP
swing_baseline,1597124100000,2020,0.4211060028570926,1597124400000,1597126200000,2011.768,2004.4827142857143,2040.909142857143,2004.4827142857143,4.000000000000031,-1.0,STOP
swing_baseline,1597126500000,2020,0.5080096412385154,1597126800000,1597127100000,2004.368,1994.1112857142857,2030.494857142857,1994.1112857142857,2.547293062384227,-1.0,STOP
swing_baseline,1597131900000,2020,0.5118161158754806,1597132200000,1597133100000,1995.348,1985.7043571428571,2026.6725714285712,1985.7043571428571,3.2482094051595767,-1.0,STOP
swing_baseline,1597144200000,2020,0.5252434980439369,1597144500000,1597149000000,1983.508,1972.8428571428572,2018.5035714285711,1972.8428571428572,3.2813035790826888,-1.0,STOP
swing_baseline,1597149300000,2020,0.5569906869107193,1597149600000,1597150200000,1969.028,1955.7255714285714,2005.2877142857142,1955.7255714285714,2.72579657849799,-1.0,STOP
swing_baseline,1597151100000,2020,0.5027524489314283,1597151400000,1597168200000,1946.918,1931.414857142857,1990.0805714285711,1931.414857142857,2.7841175061277803,-1.0,STOP
swing_baseline,1597168500000,2020,0.49572262820316354,1597168800000,1597176900000,1925.225,1907.0417857142857,1983.8228571428572,1907.0417857142857,3.2226346905505587,-1.0,STOP
swing_baseline,1597196400000,2020,0.4477881433102852,1597196700000,1597197600000,1900.298,1882.6817857142858,1969.2728571428572,1882.6817857142858,3.9154188308660567,-1.0,STOP
swing_baseline,1597197900000,2020,0.521215205091553,1597198200000,1597329300000,1880.305,1853.1007142857143,1949.987142857143,1949.987142857143,2.561439899175546,2.561439899175546,TARGET
swing_baseline,1597422900000,2020,0.505073496097286,1597423200000,1597671600000,1936.365,1925.126142857143,1968.6704285714286,1968.6704285714286,2.874440715883678,2.874440715883678,TARGET
swing_baseline,1597760700000,2020,0.5772307757840481,1597761000000,1597848300000,1982.595,1972.5780714285715,2011.3127142857145,1972.5780714285715,2.8669181457105197,-1.0,STOP
swing_baseline,1597848600000,2020,0.47500407705273695,1597848900000,1597849800000,1970.118,1959.5370714285716,2004.6267142857141,1959.5370714285716,3.261406978863653,-1.0,STOP
swing_baseline,1597850400000,2020,0.4962940665764771,1597850700000,1597860900000,1960.735,1945.9729285714288,1996.9982857142857,1945.9729285714288,2.4565174264162173,-1.0,STOP
swing_baseline,1597861200000,2020,0.6011700886726037,1597861500000,1598009700000,1943.095,1923.8365714285715,1978.378714285714,1923.8365714285715,1.8321180336624285,-1.0,STOP
swing_baseline,1598010000000,2020,0.6034479724325943,1598010300000,1598254200000,1922.328,1909.7831428571428,1946.2574285714284,1946.2574285714284,1.9075090532261207,1.9075090532261207,TARGET
swing_baseline,1598280600000,2020,0.5590217362939455,1598280900000,1598348700000,1932.085,1922.928357142857,1958.6615714285717,1922.928357142857,2.902436170461719,-1.0,STOP
swing_baseline,1598352600000,2020,0.4754255204179523,1598352900000,1598364000000,1922.355,1917.0219285714286,1942.487285714286,1917.0219285714286,3.7749889503502745,-1.0,STOP
swing_baseline,1598364600000,2020,0.57248561187418,1598364900000,1598444100000,1919.885,1908.8392857142858,1939.7828571428572,1908.8392857142858,1.8014097258148147,-1.0,STOP
swing_baseline,1598445000000,2020,0.570223104593015,1598445300000,1598448600000,1905.908,1897.444142857143,1923.6134285714286,1923.6134285714286,2.091886509021653,2.091886509021653,TARGET
swing_baseline,1598508900000,2020,0.5163074230359842,1598509200000,1598534100000,1937.788,1930.9442142857142,1960.163142857143,1960.163142857143,3.269410205295707,3.269410205295707,TARGET
swing_baseline,1598535900000,2020,0.7501948080074932,1598536200000,1598537100000,1940.415,1925.1694285714286,1956.7622857142858,1925.1694285714286,1.0722645452075206,-1.0,STOP
swing_baseline,1598858400000,2020,0.5074038441884055,1598858700000,1598859900000,1960.438,1954.3177857142857,1981.418857142857,1954.3177857142857,3.4281245988117974,-1.0,STOP
swing_baseline,1598971200000,2020,0.5506156811068821,1598971500000,1599008700000,1967.338,1959.7075714285713,1990.6597142857142,1959.7075714285713,3.0564094883267843,-1.0,STOP
swing_baseline,1599031500000,2020,0.5026275745428634,1599031800000,1599053400000,1959.335,1952.459,1980.704,1952.459,3.1077661431064554,-1.0,STOP
swing_baseline,1599053700000,2020,0.5530554797131356,1599054000000,1599056100000,1953.045,1941.188357142857,1977.7865714285715,1941.188357142857,2.086726548709858,-1.0,STOP
swing_baseline,1599056700000,2020,0.4902145298496555,1599057000000,1599112800000,1942.428,1931.4889285714285,1973.4692857142857,1931.4889285714285,2.8376527127530338,-1.0,STOP
swing_baseline,1599114900000,2020,0.5530716554074352,1599115200000,1599146400000,1932.348,1924.843285714286,1954.501857142857,1924.843285714286,2.951992081168114,-1.0,STOP
swing_baseline,1599223200000,2020,0.5480983208943591,1599223500000,1599224400000,1928.565,1919.496642857143,1947.2034285714283,1919.496642857143,2.055325818978035,-1.0,STOP
swing_baseline,1599224700000,2020,0.48129078591245034,1599225000000,1599565500000,1918.225,1909.3102142857144,1943.7491428571427,1909.3102142857144,2.863124664482032,-1.0,STOP
swing_baseline,1599572700000,2020,0.4784531692616829,1599573000000,1599581100000,1907.908,1901.2314285714285,1931.9492857142857,1931.9492857142857,3.600843033207842,3.600843033207842,TARGET
swing_baseline,1599648600000,2020,0.5692306539708215,1599648900000,1599657000000,1922.925,1916.183857142857,1939.9895714285713,1939.9895714285713,2.531406289734641,2.531406289734641,TARGET
swing_baseline,1599720000000,2020,0.4960589540643503,1599720300000,1599741300000,1942.998,1938.8511428571428,1957.6204285714286,1957.6204285714286,3.5261471682512653,3.5261471682512653,TARGET
swing_baseline,1599765900000,2020,0.49718172261530014,1599766200000,1600167300000,1943.068,1934.5477857142855,1970.533857142857,1970.533857142857,3.223611076180086,3.223611076180086,TARGET
swing_baseline,1600177800000,2020,0.47986026525623704,1600178100000,1600180800000,1954.795,1949.6174285714287,1971.8552857142859,1949.6174285714287,3.2950362828684763,-1.0,STOP
swing_baseline,1600181100000,2020,0.5061928896308787,1600181400000,1600259400000,1949.248,1942.784,1970.254,1970.254,3.2496905940594134,3.2496905940594134,TARGET
swing_baseline,1600279800000,2020,0.6361443434416693,1600280100000,1600307400000,1962.735,1949.5312857142856,1976.799857142857,1949.5312857142856,1.0652197433622523,-1.0,STOP
swing_baseline,1600307700000,2020,0.37917413309898396,1600308000000,1600312800000,1946.458,1939.4365714285714,1974.8437142857144,1939.4365714285714,4.042726347914475,-1.0,STOP
swing_baseline,1600335000000,2020,0.5300695944782754,1600335300000,1600681200000,1938.455,1930.257285714286,1962.9458571428572,1930.257285714286,2.987522654398551,-1.0,STOP
swing_baseline,1600681500000,2020,0.5479201874145565,1600681800000,1600691100000,1929.958,1923.3935714285715,1947.300714285714,1923.3935714285715,2.6419229178907404,-1.0,STOP
swing_baseline,1600691400000,2020,0.4538886765357154,1600691700000,1600694400000,1921.945,1915.6412142857143,1943.4101428571428,1915.6412142857143,3.4051193727126035,-1.0,STOP
swing_baseline,1600694700000,2020,0.5539230927481866,1600695000000,1600698000000,1915.595,1905.5115714285714,1935.4937142857143,1905.5115714285714,1.9734075711209251,-1.0,STOP
swing_baseline,1600698300000,2020,0.505829565000151,1600698600000,1600699200000,1892.138,1883.7908571428572,1917.0265714285715,1883.7908571428572,2.981687489303526,-1.0,STOP
swing_baseline,1600756500000,2020,0.5724175504973718,1600756800000,1600833900000,1901.295,1891.3310714285712,1926.665714285714,1891.3310714285712,2.546256138212749,-1.0,STOP
swing_baseline,1600834200000,2020,0.4153209943358813,1600834500000,1600841400000,1888.058,1880.3304285714287,1914.668285714286,1880.3304285714287,3.443550921561101,-1.0,STOP
swing_baseline,1600841700000,2020,0.44838505124498645,1600842000000,1600870500000,1875.095,1868.4068571428572,1898.8125714285716,1868.4068571428572,3.5462118461243226,-1.0,STOP
swing_baseline,1600870800000,2020,0.505561404985346,1600871100000,1600887600000,1869.465,1858.0121428571429,1899.8764285714285,1858.0121428571429,2.6553573655981255,-1.0,STOP
swing_baseline,1600900800000,2020,0.4189464058301456,1600901100000,1601343900000,1855.048,1846.5687142857143,1888.7151428571428,1884.908,3.9705163844663733,3.521523039339581,864BAR_TIMEOUT
swing_baseline,1601445900000,2020,0.458095712609662,1601446200000,1601457000000,1886.178,1882.0347142857142,1902.3511428571428,1882.0347142857142,3.9034582629381336,-1.0,STOP
swing_baseline,1601457900000,2020,0.46363895400173016,1601458200000,1601469900000,1881.468,1877.236642857143,1897.2434285714285,1897.2434285714285,3.728219585070573,3.728219585070573,TARGET
swing_baseline,1601604600000,2020,0.461346440210422,1601604900000,1601614800000,1896.558,1889.911214285714,1919.0301428571427,1889.911214285714,3.38090376658953,-1.0,STOP
swing_baseline,1601672100000,2020,0.47724351425158756,1601848800000,1601873100000,1903.828,1891.6559285714286,1922.4662857142857,1891.6559285714286,1.5312336789723655,-1.0,STOP
swing_baseline,1601877600000,2020,0.5248480550109554,1601877900000,1601904600000,1892.148,1886.147714285714,1909.8991428571428,1909.8991428571428,2.9583829341459387,2.9583829341459387,TARGET
swing_baseline,1601972700000,2020,0.5283041636320542,1601973000000,1601991000000,1907.748,1903.9022857142857,1920.7808571428573,1920.7808571428573,3.388930163447174,3.388930163447174,TARGET
swing_baseline,1601999400000,2020,0.5096570968059971,1601999700000,1602000000000,1906.398,1900.6102857142855,1923.7838571428572,1900.6102857142855,3.003924569284655,-1.0,STOP
swing_baseline,1602006300000,2020,0.42084732244441286,1602006600000,1602010500000,1901.135,1895.6870714285715,1922.1917142857144,1895.6870714285715,3.8650863368777713,-1.0,STOP
swing_baseline,1602010800000,2020,0.47484369449102676,1602011100000,1602014700000,1893.678,1885.2349285714286,1917.0002857142858,1885.2349285714286,2.7622987572227036,-1.0,STOP
swing_baseline,1602015000000,2020,0.4834793519086073,1602015300000,1602017700000,1886.045,1876.3599285714286,1911.1502857142857,1876.3599285714286,2.5921631966723124,-1.0,STOP
swing_baseline,1602033900000,2020,0.4495896823258463,1602034200000,1602207300000,1873.898,1865.2922857142858,1904.1708571428574,1904.1708571428574,3.517762284196635,3.517762284196635,TARGET
swing_baseline,1602494100000,2020,0.4752335291693627,1602494400000,1602554400000,1920.968,1915.822642857143,1938.8494285714287,1915.822642857143,3.4752550843339978,-1.0,STOP
swing_baseline,1602554700000,2020,0.41392226872305543,1602555000000,1602561000000,1915.228,1910.5746428571429,1932.1414285714286,1910.5746428571429,3.6346723563632475,-1.0,STOP
swing_baseline,1602561900000,2020,0.4538779621966194,1602562200000,1602594000000,1910.368,1906.168,1926.168,1906.168,3.7619047619047103,-1.0,STOP
swing_baseline,1602594900000,2020,0.4255629143574945,1602595200000,1602596100000,1903.448,1897.487142857143,1923.5914285714287,1897.487142857143,3.3792838997268144,-1.0,STOP
swing_baseline,1602597600000,2020,0.39586825285641647,1602597900000,1602638400000,1891.695,1884.4128571428573,1915.7385714285715,1884.4128571428573,3.3017165277097895,-1.0,STOP
swing_baseline,1602723600000,2020,0.4808185375642301,1602723900000,1602850800000,1892.598,1886.2760714285714,1913.7857142857142,1913.7857142857142,3.3514637260329807,3.3514637260329807,TARGET
swing_baseline,1602858900000,2020,0.5634838951496616,1602859200000,1602861600000,1904.665,1898.0847142857144,1919.901142857143,1898.0847142857144,2.3154226911554865,-1.0,STOP
swing_baseline,1603069800000,2020,0.49061918492150475,1603070100000,1603109400000,1898.165,1892.1942142857142,1915.6131428571427,1915.6131428571427,2.9222523955928024,2.9222523955928024,TARGET
swing_baseline,1603134000000,2020,0.5401213729087389,1603134300000,1603158900000,1902.645,1896.763857142857,1920.2695714285715,1896.763857142857,2.996793626117305,-1.0,STOP
swing_baseline,1603159200000,2020,0.5054558777251187,1603159500000,1603215600000,1896.055,1890.0881428571429,1912.7374285714286,1912.7374285714286,2.7958484964565957,2.7958484964565957,TARGET
swing_baseline,1603332000000,2020,0.45947536479622475,1603332300000,1603332600000,1915.898,1910.637642857143,1934.4744285714285,1910.637642857143,3.5314006381968825,-1.0,STOP
swing_baseline,1603368600000,2020,0.5113869507843322,1603368900000,1603374900000,1904.948,1900.8680000000002,1918.718,1900.8680000000002,3.3750000000000555,-1.0,STOP
swing_baseline,1603375200000,2020,0.552499762478255,1603375500000,1603376400000,1901.548,1895.249642857143,1917.7414285714285,1895.249642857143,2.5710559442939296,-1.0,STOP
swing_baseline,1603462800000,2020,0.5374594243758319,1603463100000,1603464300000,1900.098,1896.0845000000002,1914.152,1896.0845000000002,3.501681823844726,-1.0,STOP
swing_baseline,1603464600000,2020,0.5470579589706672,1603464900000,1603764600000,1895.545,1890.5845000000002,1908.652,1908.652,2.6422739643181545,2.6422739643181545,TARGET
swing_baseline,1603788600000,2020,0.5563002476108987,1603788900000,1603812900000,1900.748,1897.189,1911.2340000000002,1911.2340000000002,2.9463332396741206,2.9463332396741206,TARGET
swing_baseline,1603873200000,2020,0.46163722385199946,1603873500000,1603878600000,1902.758,1899.5167857142856,1913.6228571428571,1899.5167857142856,3.352094673512799,-1.0,STOP
swing_baseline,1603878900000,2020,0.4935152541758952,1603879200000,1603882200000,1899.835,1896.0494999999999,1912.027,1896.0494999999999,3.2207106062605773,-1.0,STOP
swing_baseline,1603882800000,2020,0.4825451130136722,1603883100000,1603884000000,1896.408,1892.090714285714,1909.0121428571429,1892.090714285714,2.919459978160817,-1.0,STOP
swing_baseline,1603885200000,2020,0.447276168697551,1603885500000,1603886700000,1892.008,1888.2907142857143,1905.212142857143,1888.2907142857143,3.552092540640261,-1.0,STOP
swing_baseline,1603887300000,2020,0.5654127408609548,1603887600000,1603887900000,1888.538,1881.7894999999999,1900.2169999999999,1881.7894999999999,1.730606801511388,-1.0,STOP
swing_baseline,1603888200000,2020,0.4466897562807045,1603888500000,1603888800000,1881.915,1877.5825,1896.01,1877.5825,3.2533179457588197,-1.0,STOP
swing_baseline,1603889100000,2020,0.5973142619240124,1603889400000,1603896600000,1879.598,1872.7925,1891.22,1872.7925,1.7077363896848397,-1.0,STOP
swing_baseline,1603897200000,2020,0.6038799901011588,1603897500000,1603974300000,1872.778,1863.9651428571428,1890.1794285714288,1863.9651428571428,1.9745501702058876,-1.0,STOP
swing_baseline,1603975500000,2020,0.62725256919597,1603975800000,1603976700000,1865.308,1860.0144285714287,1877.9322857142856,1860.0144285714287,2.3848333558224506,-1.0,STOP
swing_baseline,1604388300000,2020,0.5098318335646361,1604388600000,1604404800000,1888.858,1885.231142857143,1900.8654285714285,1900.8654285714285,3.310697967543826,3.310697967543826,TARGET
swing_baseline,1604451600000,2020,0.9130771796179112,1604451900000,1604452200000,1899.065,1874.7199285714287,1904.2952857142857,1904.2952857142857,0.2148396125939218,0.2148396125939218,TARGET
swing_baseline,1604456400000,2020,0.4844554261598336,1604456700000,1604457600000,1893.128,1885.2360714285714,1922.7957142857142,1885.2360714285714,3.75924769429892,-1.0,STOP
swing_baseline,1604922300000,2020,0.47803053261849543,1604922600000,1604922900000,1944.368,1939.4289285714285,1963.6742857142858,1939.4289285714285,3.908889756605529,-1.0,STOP
swing_baseline,1604923200000,2020,0.45955583125607163,1604923500000,1604923800000,1924.098,1915.8142857142857,1947.6478571428572,1915.8142857142857,2.842910357672562,-1.0,STOP
swing_baseline,1604927400000,2020,0.5156566786412273,1604927700000,1604928900000,1895.738,1884.0646428571429,1928.4814285714285,1884.0646428571429,2.804971026819295,-1.0,STOP
swing_baseline,1604929200000,2020,0.49344020481119594,1604929500000,1604933700000,1877.668,1865.8516428571427,1910.2684285714283,1865.8516428571427,2.758923767900401,-1.0,STOP
swing_baseline,1604934000000,2020,0.6055497465762699,1604934300000,1605204300000,1869.215,1846.4897857142855,1910.165857142857,1876.368,1.8020009240836847,0.3147605083088947,864BAR_TIMEOUT
swing_baseline,1605527400000,2020,0.8853174120184701,1605527700000,1605533700000,1873.218,1860.617642857143,1880.0194285714285,1880.0194285714285,0.5397806184631888,0.5397806184631888,TARGET
swing_baseline,1605591000000,2020,0.5964435763948522,1605591300000,1605645600000,1886.518,1880.7107142857144,1900.747142857143,1880.7107142857144,2.4502226267497043,-1.0,STOP
swing_baseline,1605645900000,2020,0.4975875302360999,1605646200000,1605696000000,1881.075,1872.3446428571428,1894.2964285714284,1872.3446428571428,1.514420126815259,-1.0,STOP
swing_baseline,1605699900000,2020,0.6033972228266662,1605700200000,1605700800000,1871.488,1863.8410714285715,1886.6107142857143,1863.8410714285715,1.977619399011727,-1.0,STOP
swing_baseline,1605762000000,2020,0.49366292213762647,1605762300000,1605764700000,1868.018,1860.9245714285714,1886.301714285714,1860.9245714285714,2.5775566923107447,-1.0,STOP
swing_baseline,1605773400000,2020,0.46077448242034685,1605773700000,1605881400000,1858.198,1852.5129285714286,1876.9882857142854,1876.9882857142854,3.3051978238744417,3.3051978238744417,TARGET
swing_baseline,1606121700000,2020,0.5110609391559535,1606122000000,1606127400000,1868.938,1865.6595,1879.9370000000001,1865.6595,3.3548879060544805,-1.0,STOP
swing_baseline,1606127700000,2020,0.5477454527059331,1606128000000,1606142700000,1866.435,1861.232142857143,1875.9464285714287,1861.232142857143,1.8281164195497577,-1.0,STOP
swing_baseline,1606143000000,2020,0.44353666356648663,1606143300000,1606143600000,1846.028,1840.9064285714287,1858.764285714286,1840.9064285714287,2.48679255808774,-1.0,STOP
swing_baseline,1606144200000,2020,0.4283396974558563,1606144500000,1606180500000,1837.238,1830.3527142857142,1857.164142857143,1830.3527142857142,2.8940182998941353,-1.0,STOP
swing_baseline,1606180800000,2020,0.496108087549997,1606181100000,1606186200000,1831.548,1822.9454285714285,1854.8582857142858,1822.9454285714285,2.709688133116318,-1.0,STOP
swing_baseline,1606186500000,2020,0.47435804895542133,1606186800000,1606215000000,1822.365,1814.3413571428573,1849.1045714285715,1814.3413571428573,3.332597413002714,-1.0,STOP
swing_baseline,1606215300000,2020,0.5012588295930746,1606215600000,1606217700000,1812.778,1805.7291428571427,1835.4134285714285,1805.7291428571427,3.211219650601848,-1.0,STOP
swing_baseline,1606223700000,2020,0.5157828776474814,1606224000000,1606482600000,1805.158,1797.7532142857142,1830.5271428571427,1797.7532142857142,3.4260468615856534,-1.0,STOP
swing_baseline,1606482900000,2020,0.5776939727828306,1606483200000,1606483800000,1796.988,1788.7506428571428,1806.4874285714286,1788.7506428571428,1.1532131491549629,-1.0,STOP
swing_baseline,1606484400000,2020,0.5701200694234929,1606484700000,1606485300000,1781.978,1777.2276428571429,1794.9644285714287,1777.2276428571429,2.7337794150815626,-1.0,STOP
swing_baseline,1606486500000,2020,0.3956954258940799,1606486800000,1606704900000,1778.488,1768.5542142857144,1796.873142857143,1768.5542142857144,1.8507690205863179,-1.0,STOP
swing_baseline,1607011200000,2020,0.4752027376687613,1607011500000,1607352600000,1827.445,1821.0750714285714,1852.6897142857142,1852.6897142857142,3.963107906569948,3.963107906569948,TARGET
swing_baseline,1607425200000,2020,0.5576037033315959,1607425500000,1607486700000,1861.468,1856.7824285714287,1877.660285714286,1856.7824285714287,3.4557760907345276,-1.0,STOP
swing_baseline,1607487000000,2020,0.4158878899207655,1607487300000,1607524500000,1856.378,1850.4375714285713,1875.9397142857142,1850.4375714285713,3.292980304451332,-1.0,STOP
swing_baseline,1607525400000,2020,0.49649951493902067,1607525700000,1607525700000,1851.745,1843.4242857142858,1871.642857142857,1843.4242857142858,2.3913640655850985,-1.0,STOP
swing_baseline,1607526000000,2020,0.48810169042097284,1607526300000,1607539800000,1843.288,1830.462142857143,1864.5414285714287,1830.462142857143,1.6570766643276558,-1.0,STOP
swing_baseline,1607540100000,2020,0.39071610170963905,1607540400000,1607987100000,1825.558,1816.999142857143,1858.8184285714287,1828.268,3.8860829216184363,0.31663105888637433,864BAR_TIMEOUT
swing_baseline,1608124800000,2020,0.594320417732187,1608125100000,1608146100000,1852.348,1845.0612857142858,1865.8948571428573,1845.0612857142858,1.8591173760464739,-1.0,STOP
swing_baseline,1608279000000,2020,0.49775961972010135,1608279300000,1608512400000,1878.295,1874.5587142857141,1892.455142857143,1892.455142857143,3.7898982947157216,3.7898982947157216,TARGET
swing_baseline,1608544800000,2020,0.5723157476210318,1608545100000,1608545100000,1880.625,1870.4315714285713,1903.6137142857144,1870.4315714285713,2.255248479412483,-1.0,STOP
swing_baseline,1608617100000,2020,0.5709899090823142,1608617400000,1608621000000,1874.438,1867.8317857142858,1893.3628571428571,1867.8317857142858,2.8647053099354456,-1.0,STOP
swing_baseline,1608652200000,2020,0.4902300217400406,1608652500000,1608725400000,1864.968,1858.4064285714285,1885.9142857142856,1858.4064285714285,3.1922666608607457,-1.0,STOP
swing_baseline,1608819300000,2020,0.48949685281903493,1608819600000,1609110300000,1871.008,1866.9427857142857,1885.8188571428573,1887.718,3.643315235534931,4.110484423593882,TARGET_GAP
swing_baseline,1609152900000,2020,0.5509973088554807,1609153200000,1609156500000,1879.168,1871.1387142857143,1899.6701428571425,1871.1387142857143,2.5534205141891366,-1.0,STOP
swing_baseline,1609254000000,2020,0.5717053217919542,1609254300000,1609365300000,1876.465,1868.8707142857143,1894.457142857143,1894.457142857143,2.3691685477803355,2.3691685477803355,TARGET
swing_baseline,1609936800000,2021,0.6382609741648746,1609937100000,1609947300000,1929.918,1918.6705714285715,1950.2627142857143,1918.6705714285715,1.8088324950465304,-1.0,STOP
swing_baseline,1609947600000,2021,0.5209265338138845,1609947900000,1609948500000,1915.175,1903.9741428571429,1947.9934285714287,1903.9741428571429,2.9299926026069687,-1.0,STOP
swing_baseline,1609949100000,2021,0.4445263551144116,1609949400000,1610092800000,1906.625,1893.3347142857142,1944.8861428571429,1893.3347142857142,2.8788803852437703,-1.0,STOP
swing_baseline,1610112900000,2021,0.4904226514131426,1610113200000,1610117100000,1876.968,1869.9822857142858,1901.0108571428573,1869.9822857142858,3.441717791411061,-1.0,STOP
swing_baseline,1610117400000,2021,0.4118834072391665,1610117700000,1610118900000,1861.498,1854.1864285714287,1889.1942857142858,1854.1864285714287,3.7880072683222648,-1.0,STOP
swing_baseline,1610119200000,2021,0.500810007072169,1610119500000,1610127000000,1853.075,1840.5084285714286,1886.5412857142856,1840.5084285714286,2.663119841757015,-1.0,STOP
swing_baseline,1610129100000,2021,0.5252720757395118,1610129400000,1610327700000,1839.758,1825.2657142857142,1884.6771428571426,1825.2657142857142,3.0995209273899027,-1.0,STOP
swing_baseline,1610328600000,2021,0.5441303347018464,1610328900000,1610598900000,1823.178,1804.5419285714286,1866.2722857142855,1840.295,2.312412563960033,0.9184875721047815,864BAR_TIMEOUT
swing_baseline,1610718000000,2021,0.4977935392289081,1610718300000,1610718300000,1842.815,1837.8727857142856,1860.1488571428572,1837.8727857142856,3.5073058634792025,-1.0,STOP
swing_baseline,1610718600000,2021,0.3732234881831056,1610718900000,1610723400000,1836.568,1832.0567857142855,1854.3328571428572,1832.0567857142855,3.937932454042956,-1.0,STOP
swing_baseline,1610724000000,2021,0.4306668818342069,1610724300000,1610727000000,1830.498,1824.4005714285715,1851.3227142857145,1824.4005714285715,3.415327304250095,-1.0,STOP
swing_baseline,1610727300000,2021,0.4672795698942589,1610727600000,1610926500000,1824.847,1817.018857142857,1848.0995714285714,1817.018857142857,2.970381590233025,-1.0,STOP
swing_baseline,1611060300000,2021,0.58115452961619,1611060600000,1611117300000,1837.475,1832.1091428571428,1850.5034285714287,1850.5034285714287,2.4280237480366,2.4280237480366,TARGET
swing_baseline,1611147600000,2021,0.49289575925840484,1611147900000,1611151800000,1836.855,1832.0267142857142,1852.8681428571429,1852.8681428571429,3.316527605183668,3.316527605183668,TARGET
swing_baseline,1611233700000,2021,0.5321219440379873,1611234000000,1611237000000,1867.103,1861.5535,1883.376,1861.5535,2.932336246508636,-1.0,STOP
swing_baseline,1611237300000,2021,0.496326231278428,1611237600000,1611311400000,1860.845,1854.7128571428573,1879.5035714285716,1854.7128571428573,3.0427489807805066,-1.0,STOP
swing_baseline,1611312000000,2021,0.5119996199673766,1611312300000,1611314400000,1850.615,1846.2920714285715,1864.5067142857142,1846.2920714285715,3.213496141835088,-1.0,STOP
swing_baseline,1611318600000,2021,0.4302646931947029,1611318900000,1611320400000,1844.305,1839.900285714286,1861.7238571428572,1839.900285714286,3.9545941037201833,-1.0,STOP
swing_baseline,1611321000000,2021,0.5312408237001776,1611321300000,1611531600000,1840.608,1833.5606428571427,1858.8974285714285,1858.8974285714285,2.595218065536187,2.595218065536187,TARGET
swing_baseline,1611555600000,2021,0.48789967983261806,1611555900000,1611580800000,1851.095,1846.9947857142859,1867.195857142857,1867.195857142857,3.9268330923471546,3.9268330923471546,TARGET
swing_baseline,1611591000000,2021,0.492780033537592,1611591300000,1611747300000,1847.615,1841.8769285714286,1868.2172857142857,1841.8769285714286,3.5904547321773257,-1.0,STOP
swing_baseline,1611747600000,2021,0.517478458610195,1611747900000,1611758100000,1840.565,1835.4199285714285,1853.9452857142855,1835.4199285714285,2.6006025183600436,-1.0,STOP
swing_baseline,1611758400000,2021,0.4670641890639501,1611758700000,1611763500000,1832.395,1827.2480714285714,1850.3327142857142,1850.3327142857142,3.4851298277752174,3.4851298277752174,TARGET
swing_baseline,1611953700000,2021,0.3876635503650525,1611954000000,1612272300000,1841.665,1832.7574285714286,1877.2452857142857,1832.7574285714286,3.9943867977483345,-1.0,STOP
swing_baseline,1612272600000,2021,0.4845389859672772,1612272900000,1612403100000,1834.307,1826.6056428571428,1855.6524285714283,1826.6056428571428,2.7716450718332966,-1.0,STOP
swing_baseline,1612403400000,2021,0.47369382102964,1612403700000,1612415100000,1825.535,1819.7255714285714,1840.0877142857144,1819.7255714285714,2.5050164756798607,-1.0,STOP
swing_baseline,1612417200000,2021,0.5467177937171394,1612417500000,1612429800000,1819.115,1812.9787857142858,1833.5748571428571,1812.9787857142858,2.3564785174665794,-1.0,STOP
swing_baseline,1612430100000,2021,0.49011828269818586,1612430400000,1612447200000,1811.192,1806.046,1826.996,1806.046,3.071123202487411,-1.0,STOP
swing_baseline,1612447500000,2021,0.39236143884618074,1612447800000,1612449000000,1798.738,1792.0412857142856,1822.474857142857,1792.0412857142856,3.5445527657485134,-1.0,STOP
swing_baseline,1612449600000,2021,0.5123738632569007,1612449900000,1612513800000,1788.179,1780.7012857142856,1811.134857142857,1811.134857142857,3.0699029497171644,3.0699029497171644,TARGET
swing_baseline,1612774200000,2021,0.5192711406692458,1612774500000,1612783800000,1808.135,1804.068,1822.803,1822.803,3.6065896238013506,3.6065896238013506,TARGET
swing_baseline,1612881600000,2021,0.6069881770981744,1612881900000,1612963800000,1836.735,1827.268357142857,1850.6515714285713,1850.6515714285713,1.470064059517239,1.470064059517239,TARGET
swing_baseline,1612970400000,2021,0.5111988029381295,1612970700000,1613062500000,1838.065,1831.546285714286,1860.094857142857,1831.546285714286,3.379478863053673,-1.0,STOP
swing_baseline,1613063100000,2021,0.37564631932208586,1613063400000,1613072100000,1826.022,1821.4634285714285,1843.9212857142857,1821.4634285714285,3.9265120651833203,-1.0,STOP
swing_baseline,1613097000000,2021,0.4377869982595648,1613097300000,1613117100000,1820.728,1815.8812142857143,1838.7151428571428,1815.8812142857143,3.7111487731191324,-1.0,STOP
swing_baseline,1613117400000,2021,0.46308209469638767,1613117700000,1613136600000,1814.905,1811.0445714285715,1830.0467142857142,1811.0445714285715,3.922288420974852,-1.0,STOP
swing_baseline,1613136900000,2021,0.5819514593467913,1613137200000,1613145000000,1812.065,1806.4692857142857,1826.097857142857,1826.097857142857,2.5077865713555525,2.5077865713555525,TARGET
swing_baseline,1613372700000,2021,0.4802162651700334,1613373000000,1613479500000,1818.121,1812.4612857142856,1835.7298571428573,1812.4612857142856,3.111262557423307,-1.0,STOP
swing_baseline,1613480100000,2021,0.36242785966186025,1613480400000,1613482200000,1807.215,1801.9258571428572,1825.3215714285714,1801.9258571428572,3.423347018150507,-1.0,STOP
swing_baseline,1613482500000,2021,0.42498916841416207,1613482800000,1613484000000,1801.615,1795.1558571428573,1818.5515714285714,1795.1558571428573,2.6221081965763156,-1.0,STOP
swing_baseline,1613484600000,2021,0.4844711886203438,1613484900000,1613516700000,1795.375,1787.4367857142856,1815.9778571428571,1787.4367857142856,2.595401988572431,-1.0,STOP
swing_baseline,1613522400000,2021,0.46884791422539984,1613522700000,1613568300000,1787.595,1778.0375714285715,1820.1247142857142,1778.0375714285715,3.4036052733849447,-1.0,STOP
swing_baseline,1613568600000,2021,0.6512953786821628,1613568900000,1613578200000,1778.865,1769.7974285714286,1792.6852857142858,1769.7974285714286,1.5241441242733151,-1.0,STOP
swing_baseline,1613578500000,2021,0.5083712935354392,1613578800000,1613696700000,1772.585,1763.0537857142856,1794.874857142857,1763.0537857142856,2.3386167254958785,-1.0,STOP
swing_baseline,1613697000000,2021,0.409620845013469,1613697300000,1613743200000,1761.375,1755.2954285714286,1784.3582857142856,1784.3582857142856,3.780412153112289,3.780412153112289,TARGET
swing_baseline,1614072000000,2021,0.48669141386347287,1614072300000,1614090900000,1805.395,1801.1995714285715,1820.3267142857144,1801.1995714285715,3.5590438572597214,-1.0,STOP
swing_baseline,1614091200000,2021,0.532770280143385,1614091500000,1614174300000,1800.308,1793.2597142857144,1816.3861428571429,1793.2597142857144,2.2811423243747595,-1.0,STOP
swing_baseline,1614174600000,2021,0.43605535899488623,1614174900000,1614177300000,1790.955,1785.154142857143,1805.1584285714284,1785.154142857143,2.448505147022651,-1.0,STOP
swing_baseline,1614178500000,2021,0.5229760811939745,1614178800000,1614265200000,1785.478,1777.6412857142857,1806.659857142857,1777.6412857142857,2.702900267969381,-1.0,STOP
swing_baseline,1614265500000,2021,0.4835769482936143,1614265800000,1614276000000,1775.405,1767.0282142857143,1801.6771428571428,1767.0282142857143,3.1363035600085363,-1.0,STOP
swing_baseline,1614298500000,2021,0.4440843294224034,1614298800000,1614323700000,1765.335,1756.6415,1798.4389999999999,1756.6415,3.807902455857766,-1.0,STOP
swing_baseline,1614324600000,2021,0.4638618315375932,1614324900000,1614351000000,1756.495,1748.2043571428571,1783.2075714285713,1748.2043571428571,3.2220144913801674,-1.0,STOP
swing_baseline,1614351300000,2021,0.4042932551818913,1614351600000,1614352500000,1744.835,1737.0240000000001,1776.079,1737.0240000000001,4.000000000000029,-1.0,STOP
swing_baseline,1614352800000,2021,0.5191904980722999,1614353100000,1614356400000,1731.335,1719.7440000000001,1758.799,1719.7440000000001,2.36942455353293,-1.0,STOP
swing_baseline,1614356700000,2021,0.5028617370059787,1614357000000,1614579600000,1722.545,1710.2750714285714,1754.9097142857142,1754.9097142857142,2.637726380989504,2.637726380989504,TARGET
swing_baseline,1614604800000,2021,0.5197540029675758,1614605100000,1614619800000,1733.945,1727.7499285714284,1756.3752857142856,1727.7499285714284,3.620666197783899,-1.0,STOP
swing_baseline,1614620100000,2021,0.5152258991742578,1614620400000,1614629100000,1727.345,1719.651357142857,1754.2845714285713,1719.651357142857,3.501536519018401,-1.0,STOP
swing_baseline,1614648000000,2021,0.42580905273869574,1614648300000,1614655200000,1714.678,1707.5981428571429,1742.3474285714287,1707.5981428571429,3.9081902378982187,-1.0,STOP
swing_baseline,1614759000000,2021,0.4950528062805033,1614759300000,1614768000000,1728.675,1723.9012142857143,1746.0701428571426,1723.9012142857143,3.64388849819703,-1.0,STOP
swing_baseline,1614770700000,2021,0.4886662345400843,1614771000000,1614776700000,1722.715,1717.7703571428572,1739.7835714285713,1717.7703571428572,3.4519321054533054,-1.0,STOP
swing_baseline,1614777300000,2021,0.45292321760253373,1614777600000,1614786000000,1708.835,1703.9240714285716,1724.9787142857142,1703.9240714285716,3.2873038267421397,-1.0,STOP
swing_baseline,1614849600000,2021,0.5555466867354046,1614849900000,1614879300000,1708.727,1700.7154285714287,1728.083285714286,1700.7154285714287,2.4160410834329107,-1.0,STOP
swing_baseline,1614879900000,2021,0.45577487972953135,1614880200000,1614884100000,1699.768,1691.8385714285714,1726.7357142857143,1691.8385714285714,3.400965661369917,-1.0,STOP
swing_baseline,1614903000000,2021,0.5167224433788296,1614903300000,1615218000000,1692.405,1680.0687142857141,1723.0651428571427,1680.0687142857141,2.4853625772980643,-1.0,STOP
swing_baseline,1615218300000,2021,0.4246721256302422,1615218600000,1615288800000,1679.648,1672.4623571428572,1706.7705714285714,1706.7705714285714,3.7745504428474193,3.7745504428474193,TARGET
swing_baseline,1615356000000,2021,0.5179180039637665,1615356300000,1615403400000,1710.598,1706.8402142857142,1724.9591428571428,1724.9591428571428,3.8217035108060586,3.8217035108060586,TARGET
swing_baseline,1615472700000,2021,0.49156092895055525,1615473000000,1615518000000,1723.268,1717.3862142857142,1743.0151428571428,1717.3862142857142,3.357338029024164,-1.0,STOP
swing_baseline,1615528200000,2021,0.4729299531134503,1615528500000,1615531200000,1717.024,1711.4975714285713,1734.5947142857142,1711.4975714285713,3.1793976993666684,-1.0,STOP
swing_baseline,1615531800000,2021,0.4736779307081038,1615532100000,1615539600000,1710.454,1705.5909285714285,1725.5562857142859,1705.5909285714285,3.105503576516959,-1.0,STOP
swing_baseline,1615539900000,2021,0.5529678688191433,1615540200000,1615542600000,1706.455,1700.6292142857144,1721.2231428571429,1700.6292142857144,2.53496156251159,-1.0,STOP
swing_baseline,1615878600000,2021,0.6605014553724179,1615878900000,1615904700000,1729.118,1723.088,1738.218,1738.218,1.5091210613598969,1.5091210613598969,TARGET
swing_baseline,1615979700000,2021,0.5365751543803888,1615980000000,1615989600000,1729.494,1725.7087142857142,1739.2851428571428,1725.7087142857142,2.586632448956501,-1.0,STOP
swing_baseline,1616066400000,2021,0.48658536615868814,1616066700000,1616070600000,1732.595,1727.029,1753.859,1727.029,3.820337765001757,-1.0,STOP
swing_baseline,1616072700000,2021,0.5308775056152997,1616073000000,1616186400000,1723.458,1715.678,1745.408,1745.408,2.8213367609254365,2.8213367609254365,TARGET
swing_baseline,1616376300000,2021,0.4596703749880446,1616376600000,1616399100000,1732.805,1727.756142857143,1751.1654285714287,1727.756142857143,3.6365514119179085,-1.0,STOP
swing_baseline,1616507700000,2021,0.6181895664243425,1616508000000,1616679300000,1730.908,1723.1375,1743.44,1743.44,1.6127662312592992,1.6127662312592992,TARGET
swing_baseline,1616691600000,2021,0.6758880854112985,1616691900000,1617024900000,1727.305,1716.4990714285714,1741.9487142857142,1716.4990714285714,1.3551555693633524,-1.0,STOP
swing_baseline,1617025200000,2021,0.4649961009387749,1617025500000,1617025800000,1711.055,1707.8468571428573,1723.9875714285713,1707.8468571428573,4.0311706817473825,-1.0,STOP
swing_baseline,1617026400000,2021,0.42775083130141056,1617026700000,1617089100000,1707.558,1701.0945714285713,1723.9617142857142,1701.0945714285713,2.537927681018399,-1.0,STOP
swing_baseline,1617089400000,2021,0.5795186928241449,1617089700000,1617090300000,1702.018,1696.8852857142856,1713.2988571428568,1696.8852857142856,2.197834618274804,-1.0,STOP
swing_baseline,1617098400000,2021,0.5805602951557637,1617098700000,1617102900000,1696.098,1690.5839285714285,1710.5042857142855,1690.5839285714285,2.6126403875797806,-1.0,STOP
swing_baseline,1617103200000,2021,0.4946264060220992,1617103500000,1617107100000,1689.025,1684.306,1705.016,1684.306,3.3886416613688946,-1.0,STOP
swing_baseline,1617107400000,2021,0.4901481047637354,1617107700000,1617200100000,1681.458,1676.1286428571427,1698.7754285714284,1698.7754285714284,3.2494404310354557,3.2494404310354557,TARGET
swing_baseline,1617601500000,2021,0.5024862756381081,1617601800000,1617687000000,1724.338,1721.1236428571428,1736.5454285714288,1736.5454285714288,3.7977822715051897,3.7977822715051897,TARGET
swing_baseline,1617793800000,2021,0.516083412731458,1617794100000,1617796800000,1735.568,1732.2675714285715,1746.369714285714,1732.2675714285715,3.272821711466065,-1.0,STOP
swing_baseline,1617797700000,2021,0.6509053502076763,1617798000000,1617808200000,1732.745,1727.508,1742.558,1742.558,1.8737827000191671,1.8737827000191671,TARGET
swing_baseline,1617942300000,2021,0.4767912484969836,1617942600000,1617948900000,1751.968,1748.6885714285713,1764.3857142857144,1748.6885714285713,3.7865481791250732,-1.0,STOP
swing_baseline,1617949200000,2021,0.5139200490306569,1617949500000,1617952200000,1748.208,1745.4115,1757.579,1745.4115,3.3509744323258936,-1.0,STOP
swing_baseline,1617953700000,2021,0.5584982319126695,1617954000000,1617970800000,1744.695,1741.5357857142856,1753.6318571428571,1741.5357857142856,2.828822718126061,-1.0,STOP
swing_baseline,1617971100000,2021,0.4388414457026897,1617971400000,1617972300000,1739.058,1735.7740714285715,1750.8437142857142,1735.7740714285715,3.588907014681915,-1.0,STOP
swing_baseline,1617972900000,2021,0.48831035950538487,1617973200000,1617973500000,1738.188,1732.0757142857142,1749.8371428571427,1732.0757142857142,1.9058570560462613,-1.0,STOP
swing_baseline,1617973800000,2021,0.46536108135887294,1617974100000,1617979500000,1732.768,1728.0257142857142,1745.7871428571427,1745.7871428571427,2.745330762742416,2.745330762742416,TARGET
swing_baseline,1618205100000,2021,0.5008773261001689,1618205400000,1618235400000,1736.258,1733.1559285714286,1747.5712857142858,1733.1559285714286,3.647010062400692,-1.0,STOP
swing_baseline,1618236300000,2021,0.4977354427595039,1618236600000,1618251900000,1733.078,1727.997,1747.237,1727.997,2.7866561700453403,-1.0,STOP
swing_baseline,1618253100000,2021,0.5515872233838782,1618253400000,1618320600000,1730.059,1723.2507142857141,1743.587142857143,1743.587142857143,1.9870116244911444,1.9870116244911444,TARGET
swing_baseline,1618378200000,2021,0.45506241201728226,1618378500000,1618406100000,1740.898,1737.7102142857143,1753.249142857143,1737.7102142857143,3.8745210513345154,-1.0,STOP
swing_baseline,1618410000000,2021,0.5818272960484926,1618410300000,1618478400000,1734.048,1728.5235,1748.431,1748.431,2.6034935288261503,2.6034935288261503,TARGET
swing_baseline,1618837800000,2021,0.4466763927080806,1618838100000,1618885800000,1772.008,1766.449,1793.1790000000003,1766.449,3.80841878035625,-1.0,STOP
swing_baseline,1618886100000,2021,0.5275720448868878,1618886400000,1618974300000,1766.618,1761.1730714285716,1782.9327142857144,1782.9327142857144,2.9963137388659296,2.9963137388659296,TARGET
swing_baseline,1619071200000,2021,0.5227214370316363,1619071500000,1619083800000,1790.015,1786.6174999999998,1801.6200000000001,1786.6174999999998,3.415746872700255,-1.0,STOP
swing_baseline,1619088000000,2021,0.5539483367576942,1619088300000,1619093100000,1787.015,1783.3367857142857,1798.2428571428572,1783.3367857142857,3.052529371783595,-1.0,STOP
swing_baseline,1619093400000,2021,0.4856280639110604,1619093700000,1619107200000,1782.545,1778.6664285714285,1796.0592857142858,1778.6664285714285,3.484346224677564,-1.0,STOP
swing_baseline,1619186100000,2021,0.4292483283171646,1619186400000,1619187300000,1781.375,1776.4643571428571,1798.6325714285713,1776.4643571428571,3.514320208293896,-1.0,STOP
swing_baseline,1619187600000,2021,0.4868674216073419,1619187900000,1619573100000,1773.698,1767.2543571428573,1789.4225714285715,1767.2543571428573,2.4403232421766976,-1.0,STOP
swing_baseline,1619573400000,2021,0.4615117899129008,1619573700000,1619601900000,1768.695,1763.4742142857144,1780.9931428571429,1763.4742142857144,2.3556114979957528,-1.0,STOP
swing_baseline,1619606700000,2021,0.5213722078286733,1619607000000,1619634000000,1764.818,1761.2765,1776.484,1776.484,3.294084427502415,3.294084427502415,TARGET
swing_baseline,1619688600000,2021,0.5748897282007854,1619688900000,1619702100000,1776.458,1770.414857142857,1790.6655714285712,1770.414857142857,2.3510235922650162,-1.0,STOP
swing_baseline,1619702400000,2021,0.575464755688426,1619702700000,1619704200000,1767.585,1760.6362857142858,1780.0448571428572,1760.6362857142858,1.7931169178265354,-1.0,STOP
swing_baseline,1619704500000,2021,0.42727939447895735,1619704800000,1620023400000,1757.698,1751.6975,1778.8,1778.8,3.51670694108816,3.51670694108816,TARGET
swing_baseline,1620102300000,2021,0.48840058966136973,1620102600000,1620105600000,1788.515,1785.1910714285714,1800.8257142857142,1785.1910714285714,3.703663908885555,-1.0,STOP
swing_baseline,1620105900000,2021,0.5410673249184005,1620106200000,1620129000000,1784.418,1781.1632142857143,1794.2871428571427,1781.1632142857143,3.0321943511752756,-1.0,STOP
swing_baseline,1620141000000,2021,0.7008432339586007,1620141300000,1620144000000,1777.468,1772.1104285714284,1793.148285714286,1772.1104285714284,2.926752526464466,-1.0,STOP
swing_baseline,1620198300000,2021,0.5597810101029024,1620198600000,1620217800000,1776.965,1772.3248571428571,1787.2255714285716,1772.3248571428571,2.211261968535534,-1.0,STOP
swing_baseline,1620693000000,2021,0.4069139601701392,1620693300000,1620737700000,1833.438,1829.0175,1850.27,1829.0175,3.8077140594953547,-1.0,STOP
swing_baseline,1620738000000,2021,0.4444383396626556,1620738300000,1620739200000,1826.978,1820.6764285714287,1842.1342857142859,1820.6764285714287,2.4051597107297806,-1.0,STOP
swing_baseline,1620739500000,2021,0.4817170886804994,1620739800000,1620748800000,1821.208,1813.5834285714286,1835.0412857142858,1835.0412857142858,1.8143033800494512,1.8143033800494512,TARGET
swing_baseline,1620822600000,2021,0.8378049572054438,1620822900000,1620823200000,1827.248,1817.9315714285715,1834.0087142857142,1834.0087142857142,0.7256766081422827,0.7256766081422827,TARGET
swing_baseline,1620833400000,2021,0.4771331897990854,1620833700000,1620851100000,1820.956,1814.757142857143,1844.9014285714286,1814.757142857143,3.8628779498526638,-1.0,STOP
swing_baseline,1620852000000,2021,0.4603903714688655,1620852300000,1620994500000,1814.176,1806.8875,1838.175,1838.175,3.292721410441161,3.292721410441161,TARGET
swing_baseline,1621346100000,2021,0.5363922671614634,1621346400000,1621416300000,1863.885,1859.456857142857,1879.7375714285713,1859.456857142857,3.57995935090476,-1.0,STOP
swing_baseline,1621416600000,2021,0.4580443097638776,1621416900000,1621419300000,1860.788,1855.5577857142857,1874.4088571428572,1855.5577857142857,2.6042636876391376,-1.0,STOP
swing_baseline,1621419600000,2021,0.5231617633280703,1621419900000,1621428900000,1856.895,1850.893857142857,1871.4245714285717,1871.4245714285717,2.4211340697010346,2.4211340697010346,TARGET
swing_baseline,1621608300000,2021,0.5153779709456829,1621608600000,1621951200000,1870.928,1865.9377857142858,1887.4388571428574,1887.4388571428574,3.3086469232641376,3.3086469232641376,TARGET
swing_baseline,1622050800000,2021,0.5115023788696755,1622051100000,1622183700000,1892.968,1887.9868571428572,1911.8925714285715,1887.9868571428572,3.7992428587816476,-1.0,STOP
swing_baseline,1622203800000,2021,0.6635136221463277,1622204100000,1622205900000,1884.618,1879.3945714285715,1893.0967142857144,1893.0967142857144,1.623208620501094,1.623208620501094,TARGET
swing_baseline,1622459100000,2021,0.5223807014164226,1622459400000,1622512200000,1902.225,1899.2038571428573,1913.2095714285717,1913.508,3.635899375827883,3.734679402307846,TARGET_GAP
swing_baseline,1622544000000,2021,0.47339562649657374,1622544300000,1622556000000,1904.738,1900.975142857143,1918.6744285714285,1900.975142857143,3.70368261199707,-1.0,STOP
swing_baseline,1622556300000,2021,0.550686328828638,1622556600000,1622559000000,1900.318,1892.4668571428572,1915.6075714285712,1892.4668571428572,1.9474325848829865,-1.0,STOP
swing_baseline,1622632200000,2021,0.4755328740610837,1622632500000,1622637000000,1894.745,1891.6119285714285,1906.4922857142856,1906.4922857142856,3.7494471422383757,3.7494471422383757,TARGET
swing_baseline,1622698800000,2021,0.4952893172732335,1622699100000,1622700600000,1900.828,1898.1574285714285,1910.3602857142857,1898.1574285714285,3.5693805499089573,-1.0,STOP
swing_baseline,1622701800000,2021,0.4959842561419901,1622702100000,1622706300000,1897.188,1894.6302857142857,1906.2188571428574,1894.6302857142857,3.5308310991956215,-1.0,STOP
swing_baseline,1622706600000,2021,0.6430554773164296,1622706900000,1622723100000,1893.138,1888.1074285714285,1900.2102857142859,1888.1074285714285,1.4058613051627693,-1.0,STOP
swing_baseline,1622723400000,2021,0.5220544823352372,1622723700000,1622725200000,1885.598,1880.8374285714285,1898.3752857142858,1880.8374285714285,2.6839815148241803,-1.0,STOP
swing_baseline,1622725800000,2021,0.5250613253162514,1622726100000,1622727300000,1878.648,1872.0372142857143,1893.491142857143,1872.0372142857143,2.2452917850699086,-1.0,STOP
swing_baseline,1622727900000,2021,0.47092557223472103,1622728200000,1622771700000,1866.478,1861.1072142857142,1882.5611428571428,1861.1072142857142,2.994560519210996,-1.0,STOP
swing_baseline,1623042600000,2021,0.5413196372145298,1623042900000,1623050100000,1884.815,1881.7081428571428,1895.3424285714284,1881.7081428571428,3.388449512598638,-1.0,STOP
swing_baseline,1623050400000,2021,0.5442326942220492,1623050700000,1623075900000,1882.165,1878.8034285714284,1891.8612857142857,1891.8612857142857,2.884450299604682,2.884450299604682,TARGET
swing_baseline,1623136800000,2021,0.4779476925889517,1623137100000,1623139200000,1894.118,1891.2647857142856,1904.4808571428568,1891.2647857142856,3.631993991738503,-1.0,STOP
swing_baseline,1623139500000,2021,0.5188747427071314,1623139800000,1623155400000,1890.658,1886.9562142857144,1901.2151428571428,1901.2151428571428,2.8519054510373256,2.8519054510373256,TARGET
swing_baseline,1623160200000,2021,0.47541901861928193,1623160500000,1623309000000,1886.498,1882.1646428571428,1903.8164285714286,1882.1646428571428,3.996538480557671,-1.0,STOP
swing_baseline,1623309600000,2021,0.5351771726692842,1623309900000,1623310500000,1881.575,1878.0345,1891.5020000000002,1878.0345,2.8038412653579865,-1.0,STOP
swing_baseline,1623311700000,2021,0.506731619074767,1623312000000,1623326400000,1877.428,1873.2454285714286,1889.3582857142858,1873.2454285714286,2.8523806270919807,-1.0,STOP
swing_baseline,1623328200000,2021,0.8741536928172668,1623328500000,1623328500000,1882.488,1865.9208571428571,1884.6565714285714,1884.6565714285714,0.13089592135896627,0.13089592135896627,TARGET
swing_baseline,1623402900000,2021,0.5854023507320744,1623403200000,1623403500000,1893.268,1889.7486428571428,1903.2454285714286,1889.7486428571428,2.8350145115787955,-1.0,STOP
swing_baseline,1623408300000,2021,0.5247341319251168,1623408600000,1623409800000,1890.948,1887.622214285714,1902.8011428571428,1887.622214285714,3.5640128004120424,-1.0,STOP
swing_baseline,1623413700000,2021,0.6256868579538367,1623414000000,1623416100000,1888.648,1883.6040714285714,1899.8237142857142,1883.6040714285714,2.2156765559725553,-1.0,STOP
swing_baseline,1623416400000,2021,0.48942320420746643,1623416700000,1623422400000,1883.568,1879.6255,1898.038,1879.6255,3.670259987317809,-1.0,STOP
swing_baseline,1623424800000,2021,0.4989751902091099,1623425100000,1623631800000,1875.968,1870.9325,1891.86,1870.9325,3.1559924535794353,-1.0,STOP
swing_baseline,1623632100000,2021,0.45612170988353673,1623632400000,1623634500000,1870.728,1865.952,1888.562,1865.952,3.7340871021774666,-1.0,STOP
swing_baseline,1623635700000,2021,0.49096142266692994,1623636000000,1623653700000,1864.748,1859.0349285714287,1882.8852857142858,1859.0349285714287,3.174699623670107,-1.0,STOP
swing_baseline,1623654300000,2021,0.5824418881700436,1623654600000,1623666600000,1859.078,1854.063,1873.7479999999998,1854.063,2.9252243270189866,-1.0,STOP
swing_baseline,1623667800000,2021,0.6244810982330581,1623668100000,1623673200000,1855.154,1848.5306428571428,1869.1174285714283,1848.5306428571428,2.10821012218656,-1.0,STOP
swing_baseline,1623674700000,2021,0.6159529616064929,1623675000000,1623678000000,1846.958,1839.9799285714287,1862.4702857142856,1862.4702857142856,2.2230047188641797,2.2230047188641797,TARGET
swing_baseline,1623766500000,2021,0.519693826924091,1623766800000,1623774300000,1858.458,1853.8605714285716,1873.1977142857143,1853.8605714285716,3.206077931763116,-1.0,STOP
swing_baseline,1623774600000,2021,0.48525562617505646,1623774900000,1623866400000,1853.858,1848.5884999999998,1868.7859999999998,1848.5884999999998,2.83290634785076,-1.0,STOP
swing_baseline,1623866700000,2021,0.42472139799631625,1623867000000,1623867300000,1844.045,1837.9682857142857,1857.8168571428573,1837.9682857142857,2.2663328396454636,-1.0,STOP
swing_baseline,1623869100000,2021,0.5497963503183503,1623869400000,1623873300000,1831.588,1827.4182857142855,1847.2668571428571,1827.4182857142855,3.760175414553773,-1.0,STOP
swing_baseline,1623874800000,2021,0.42336652577049716,1623875100000,1623875700000,1826.468,1819.721142857143,1853.405428571429,1819.721142857143,3.992589142034427,-1.0,STOP
swing_baseline,1623876000000,2021,0.6955693781731257,1623876300000,1623926700000,1810.258,1796.5311428571429,1830.215428571429,1796.5311428571429,1.4538964282741005,-1.0,STOP
swing_baseline,1623927000000,2021,0.4780458244222475,1623927300000,1623930300000,1796.698,1787.460857142857,1826.1965714285716,1787.460857142857,3.1934735539745946,-1.0,STOP
swing_baseline,1623930600000,2021,0.5157420532527123,1623930900000,1623932400000,1787.488,1778.0901428571428,1816.1294285714287,1778.0901428571428,3.0476552405563364,-1.0,STOP
swing_baseline,1623938700000,2021,0.6325414445887577,1623939000000,1623943800000,1777.828,1767.4126428571428,1805.3494285714285,1767.4126428571428,2.642389328944201,-1.0,STOP
swing_baseline,1624021200000,2021,0.5960655694630996,1624021500000,1624046100000,1778.308,1768.246642857143,1797.3534285714286,1768.246642857143,1.8929283893823001,-1.0,STOP
swing_baseline,1624046700000,2021,0.4036889278281514,1624047000000,1624332300000,1761.318,1753.4735714285716,1789.9407142857142,1789.9407142857142,3.648795323341499,3.648795323341499,TARGET
swing_baseline,1624339500000,2021,0.5896173352500572,1624339800000,1624349100000,1781.658,1776.639,1793.984,1776.639,2.455867702729629,-1.0,STOP
swing_baseline,1624349700000,2021,0.48276265832710086,1624350000000,1624365300000,1776.968,1772.6697142857142,1790.9611428571427,1772.6697142857142,3.2555171496940827,-1.0,STOP
swing_baseline,1624473000000,2021,0.5412430290323935,1624473300000,1624844100000,1779.408,1772.5144285714284,1795.8172857142856,1772.5144285714284,2.3803750906641636,-1.0,STOP
swing_baseline,1624844400000,2021,0.5338798111199887,1624844700000,1624857600000,1771.908,1767.3829285714287,1783.0582857142856,1783.0582857142856,2.464112642263064,2.464112642263064,TARGET
swing_baseline,1624936500000,2021,0.43235162162846896,1624936800000,1624953600000,1774.078,1770.9599285714287,1786.1002857142857,1770.9599285714287,3.8556800219918133,-1.0,STOP
swing_baseline,1624953900000,2021,0.48703559237365857,1624954200000,1624965300000,1769.598,1765.274642857143,1778.2914285714285,1765.274642857143,2.0108050952467798,-1.0,STOP
swing_baseline,1624969800000,2021,0.4557677114938743,1624970100000,1624970400000,1765.908,1761.4960714285714,1779.805714285714,1761.4960714285714,3.1500315702559925,-1.0,STOP
swing_baseline,1624970700000,2021,0.5077637156931218,1624971000000,1624971000000,1757.278,1752.1730714285716,1770.482714285714,1752.1730714285716,2.5866599504680607,-1.0,STOP
swing_baseline,1624971300000,2021,0.4987642420810187,1624971600000,1625071500000,1754.678,1745.1008571428572,1772.0365714285713,1772.0365714285713,1.8124999999999614,1.8124999999999614,TARGET
swing_baseline,1625152500000,2021,0.44709067260210517,1625152800000,1625222400000,1768.468,1763.7210714285713,1786.7057142857143,1786.7057142857143,3.8420030997485712,3.8420030997485712,TARGET
swing_baseline,1625586900000,2021,0.48778622362458707,1625587200000,1625588100000,1796.505,1790.7098571428571,1815.4005714285715,1790.7098571428571,3.260587684267538,-1.0,STOP
swing_baseline,1625588400000,2021,0.5004574980268974,1625588700000,1625730900000,1792.238,1784.9998571428573,1809.6905714285717,1809.6905714285717,2.4111946631930756,2.4111946631930756,TARGET
swing_baseline,1625757300000,2021,0.4837655873831806,1625757600000,1626200400000,1795.558,1787.7084285714284,1820.0512857142858,1807.198,3.1203341401713747,1.4828835059238692,864BAR_TIMEOUT
swing_baseline,1626345000000,2021,0.6074520250788973,1626345300000,1626358200000,1825.198,1820.5290714285713,1834.5737142857142,1820.5290714285713,2.008108314847287,-1.0,STOP
swing_baseline,1626361200000,2021,0.5156728963530044,1626361500000,1626434100000,1821.598,1816.1190714285715,1836.1737142857146,1816.1190714285715,2.6603220129067044,-1.0,STOP
swing_baseline,1626445200000,2021,0.4949395270247986,1626445500000,1626449400000,1815.198,1809.9370714285715,1829.3267142857144,1809.9370714285715,2.685593254857212,-1.0,STOP
swing_baseline,1626463200000,2021,0.4634280504838007,1626463500000,1626677400000,1809.738,1803.7929285714285,1829.1682857142857,1803.7929285714285,3.268301474210279,-1.0,STOP
swing_baseline,1626677700000,2021,0.4248486274817983,1626678000000,1626695700000,1803.438,1799.7807857142857,1817.2668571428571,1799.7807857142857,3.7812542723773266,-1.0,STOP
swing_baseline,1626696000000,2021,0.4838873474361837,1626696300000,1626700200000,1797.188,1792.9062142857142,1811.7151428571428,1811.7151428571428,3.3927767119858205,3.3927767119858205,TARGET
swing_baseline,1626792000000,2021,0.6153161777487703,1626792300000,1626792600000,1812.088,1807.0272857142859,1826.580857142857,1807.0272857142859,2.8637967537051003,-1.0,STOP
swing_baseline,1626793500000,2021,0.45709525855222227,1626793800000,1626868500000,1805.908,1799.9530000000002,1824.9279999999999,1799.9530000000002,3.19395465994978,-1.0,STOP
swing_baseline,1626868800000,2021,0.4723122971262152,1626869100000,1626871500000,1798.448,1794.677357142857,1812.9155714285714,1794.677357142857,3.8368978385646755,-1.0,STOP
swing_baseline,1626929100000,2021,0.44967690510584396,1626929400000,1626941700000,1797.138,1794.0777142857141,1809.4291428571428,1794.0777142857141,4.0163383437586635,-1.0,STOP
swing_baseline,1626942000000,2021,0.47903148962906544,1626942300000,1626957300000,1793.638,1790.3818571428571,1802.1125714285715,1802.1125714285715,2.602641161760309,2.602641161760309,TARGET
swing_baseline,1627019700000,2021,0.5124033319824244,1627020000000,1627034400000,1802.258,1799.745357142857,1811.2585714285715,1799.745357142857,3.582113312675751,-1.0,STOP
swing_baseline,1627034700000,2021,0.4510701604529527,1627035000000,1627039500000,1797.828,1794.655142857143,1809.4194285714286,1794.655142857143,3.653309320126163,-1.0,STOP
swing_baseline,1627039800000,2021,0.6485890026894677,1627040100000,1627044000000,1792.518,1786.1505714285713,1802.4327142857142,1802.4327142857142,1.5570986269406193,1.5570986269406193,TARGET
swing_baseline,1627308300000,2021,0.6654159744096985,1627308600000,1627495200000,1800.455,1793.4718571428573,1812.3025714285714,1793.4718571428573,1.6965958839655209,-1.0,STOP
swing_baseline,1627622100000,2021,0.5568942273038451,1627622400000,1627649100000,1827.138,1824.0392142857143,1836.868142857143,1824.0392142857143,3.1399857086878806,-1.0,STOP
swing_baseline,1627649400000,2021,0.4564452949095045,1627649700000,1627662000000,1822.628,1819.6286428571427,1832.2254285714287,1819.6286428571427,3.1998285346859907,-1.0,STOP
swing_baseline,1627662300000,2021,0.42886615988946464,1627662600000,1627664100000,1817.958,1814.6585714285713,1830.6557142857143,1814.6585714285713,3.8484586075508918,-1.0,STOP
swing_baseline,1627664400000,2021,0.5166319185824111,1627664700000,1627868100000,1815.148,1808.6750714285713,1826.9897142857144,1808.6750714285713,1.8294214365323913,-1.0,STOP
swing_baseline,1627885500000,2021,0.47982253869961383,1627885800000,1628079300000,1808.178,1803.8871428571426,1822.7914285714285,1822.7914285714285,3.4057131442266133,3.4057131442266133,TARGET
swing_baseline,1628089500000,2021,0.48259478144162726,1628089800000,1628170800000,1809.048,1803.8535714285715,1828.0257142857145,1803.8535714285715,3.653474876928668,-1.0,STOP
swing_baseline,1628171100000,2021,0.5444872018230008,1628171400000,1628247300000,1799.028,1794.837142857143,1809.1914285714286,1794.837142857143,2.425143168802846,-1.0,STOP
swing_baseline,1628247600000,2021,0.5455254267999946,1628247900000,1628253000000,1795.618,1792.4675,1803.005,1792.4675,2.3447071893351064,-1.0,STOP
swing_baseline,1628253600000,2021,0.6522063748338984,1628253900000,1628253900000,1779.898,1776.8707857142858,1788.5568571428573,1776.8707857142858,2.860338359170666,-1.0,STOP
swing_baseline,1628254200000,2021,0.5363502284346361,1628254500000,1628254800000,1777.637,1773.0807857142856,1784.7668571428571,1773.0807857142856,1.5648643140451857,-1.0,STOP
swing_baseline,1628255100000,2021,0.4607812428499195,1628255400000,1628257500000,1773.118,1766.6994285714286,1787.227285714286,1766.6994285714286,2.1981971956377317,-1.0,STOP
swing_baseline,1628258100000,2021,0.49003045663230094,1628258400000,1628460900000,1763.517,1758.0604285714285,1783.0482857142858,1758.0604285714285,3.579406220546569,-1.0,STOP
swing_baseline,1628461200000,2021,0.4434242520955956,1628461500000,1628462700000,1754.848,1747.5195714285715,1779.9467142857145,1747.5195714285715,3.4248425895242303,-1.0,STOP
swing_baseline,1628463900000,2021,0.27748736284149467,1628464200000,1628466000000,1687.748,1678.3925714285713,1710.8197142857143,1710.8197142857143,2.4661311996090345,2.4661311996090345,TARGET
swing_baseline,1628520900000,2021,0.5229772981860422,1628521200000,1628602800000,1729.608,1721.4977857142858,1761.2538571428572,1721.4977857142858,3.901975463040508,-1.0,STOP
swing_baseline,1628604000000,2021,0.4124568084857954,1628604300000,1628679300000,1720.638,1716.1964285714287,1738.0892857142858,1738.0892857142858,3.929079154739503,3.929079154739503,TARGET
swing_baseline,1628769600000,2021,0.5635529608926114,1628769900000,1628771100000,1750.188,1745.7372142857141,1760.616142857143,1745.7372142857141,2.342989199338646,-1.0,STOP
swing_baseline,1628771400000,2021,0.6622432385492353,1628771700000,1628818200000,1746.748,1740.872214285714,1755.751142857143,1755.751142857143,1.5322449277299697,1.5322449277299697,TARGET
swing_baseline,1629093900000,2021,0.512111842412825,1629094200000,1629120900000,1772.098,1768.8212142857142,1783.655142857143,1783.655142857143,3.526975476839191,3.526975476839191,TARGET
swing_baseline,1629209400000,2021,0.531412582348732,1629209700000,1629299700000,1782.248,1778.5224285714285,1796.5002857142856,1778.5224285714285,3.825530120019739,-1.0,STOP
swing_baseline,1629342600000,2021,0.46634890632720805,1629342900000,1629378300000,1775.498,1770.1207857142856,1791.306857142857,1791.306857142857,2.9399715731724094,2.9399715731724094,TARGET
swing_baseline,1629468000000,2021,0.5646271269230557,1629468300000,1629721500000,1780.788,1775.5354285714286,1793.4482857142855,1793.4482857142855,2.410302436901619,2.410302436901619,TARGET
swing_baseline,1629848700000,2021,0.3848966467589575,1629849000000,1629851700000,1801.208,1797.953,1813.713,1797.953,3.8417818740397736,-1.0,STOP
swing_baseline,1629852000000,2021,0.386761477607971,1629852300000,1629890700000,1794.435,1791.283,1807.043,1791.283,3.999999999999928,-1.0,STOP
swing_baseline,1629894900000,2021,0.4325124126594453,1629895200000,1629898800000,1791.088,1787.6145,1804.932,1787.6145,3.98560529725056,-1.0,STOP
swing_baseline,1629899700000,2021,0.46980681121473855,1629900000000,1629982200000,1789.208,1780.8152857142857,1804.163857142857,1780.8152857142857,1.7820048000816564,-1.0,STOP
swing_baseline,1629983100000,2021,0.6306374543202377,1629983400000,1629988200000,1782.508,1776.774142857143,1792.5434285714286,1792.5434285714286,1.7502055460049821,1.7502055460049821,TARGET
swing_baseline,1630069800000,2021,0.5626856762708058,1630070100000,1630072800000,1791.685,1787.2045714285714,1803.8267142857144,1787.2045714285714,2.7099448394605608,-1.0,STOP
swing_baseline,1630309500000,2021,0.5503112139216857,1630309800000,1630337400000,1813.928,1809.4862142857144,1825.9451428571429,1809.4862142857144,2.705475597008882,-1.0,STOP
swing_baseline,1630337700000,2021,0.5944809332211588,1630338000000,1630415100000,1810.348,1805.7349285714286,1822.1502857142857,1805.7349285714286,2.558444172615106,-1.0,STOP
swing_baseline,1630421400000,2021,0.48398441648466145,1630421700000,1630672200000,1807.855,1803.600642857143,1822.4224285714288,1822.4224285714288,3.4241198099428365,3.4241198099428365,TARGET
swing_baseline,1630915200000,2021,0.6160108823335555,1630915500000,1630931100000,1825.707,1822.4964285714286,1833.0992857142855,1822.4964285714286,2.3024828690930477,-1.0,STOP
swing_baseline,1630932900000,2021,0.5166069347648787,1630933200000,1630992300000,1822.478,1820.2057857142859,1830.5168571428571,1820.2057857142859,3.5378956964573027,-1.0,STOP
swing_baseline,1630992600000,2021,0.4188202069465045,1630992900000,1630995000000,1818.728,1816.3312142857144,1826.865142857143,1816.3312142857144,3.395023096408946,-1.0,STOP
swing_baseline,1630995300000,2021,0.44131089320343647,1630995600000,1631002500000,1817.268,1813.6990714285714,1825.2437142857143,1813.6990714285714,2.2347643350344946,-1.0,STOP
swing_baseline,1631002800000,2021,0.5106680644386836,1631003100000,1631007000000,1814.768,1810.6027142857142,1823.2141428571429,1810.6027142857142,2.0277463387865207,-1.0,STOP
swing_baseline,1631008200000,2021,0.5691629633300876,1631008500000,1631023200000,1811.198,1807.3312857142857,1820.674857142857,1807.3312857142857,2.450881146783813,-1.0,STOP
swing_baseline,1631023500000,2021,0.4482005026742398,1631023800000,1631025000000,1801.222,1795.3024285714284,1813.1802857142857,1795.3024285714284,2.0201269396915373,-1.0,STOP
swing_baseline,1631027400000,2021,0.4514653734978216,1631027700000,1631108700000,1793.137,1788.0715,1810.849,1788.0715,3.4965946106011723,-1.0,STOP
swing_baseline,1631109000000,2021,0.5957872739416763,1631109300000,1631113800000,1786.897,1779.2974285714286,1794.0802857142858,1794.0802857142858,0.9452224749516163,0.9452224749516163,TARGET
swing_baseline,1631165400000,2021,0.4999390670333626,1631165700000,1631186700000,1787.184,1783.779357142857,1798.7025714285714,1798.7025714285714,3.383195216615821,3.383195216615821,TARGET
swing_baseline,1631197800000,2021,0.5112986575650214,1631198100000,1631252100000,1787.078,1782.4322857142859,1801.690857142857,1801.690857142857,3.1454489544896553,3.1454489544896553,TARGET
swing_baseline,1631277900000,2021,0.47719807818517657,1631278200000,1631297100000,1793.378,1788.6628571428573,1807.9385714285713,1788.6628571428573,3.088044597952042,-1.0,STOP
swing_baseline,1631297400000,2021,0.39596085546377563,1631297700000,1631494800000,1788.458,1783.6787142857142,1806.8751428571427,1783.6787142857142,3.8535345987145426,-1.0,STOP
swing_baseline,1631606400000,2021,0.47020502387330526,1631606700000,1631613600000,1789.148,1787.1066428571428,1796.9134285714285,1787.1066428571428,3.8040519262396115,-1.0,STOP
swing_baseline,1631613900000,2021,0.47465362622931917,1631614200000,1631620200000,1786.754,1784.6201428571428,1794.3594285714285,1784.6201428571428,3.564169511950258,-1.0,STOP
swing_baseline,1631686800000,2021,0.45588313635178146,1631687100000,1631710200000,1801.158,1798.8097857142857,1810.1008571428572,1798.8097857142857,3.8083650190115756,-1.0,STOP
swing_baseline,1631711100000,2021,0.4738600787998469,1631711400000,1631719800000,1794.688,1791.474642857143,1806.5914285714287,1791.474642857143,3.7043590370551356,-1.0,STOP
swing_baseline,1631723700000,2021,0.4526274554323488,1631724000000,1631770800000,1791.788,1787.9259285714286,1806.7662857142857,1787.9259285714286,3.878303649041033,-1.0,STOP
swing_baseline,1631771100000,2021,0.586480351545464,1631771400000,1631776500000,1787.528,1783.0872857142858,1796.6208571428574,1783.0872857142858,2.0476113881294196,-1.0,STOP
swing_baseline,1631782200000,2021,0.5295095726998095,1631782500000,1631785500000,1784.478,1781.1500714285714,1795.1197142857143,1781.1500714285714,3.1976991264406527,-1.0,STOP
swing_baseline,1631785800000,2021,0.6037282459264142,1631786100000,1631791800000,1779.158,1774.803857142857,1789.0745714285715,1774.803857142857,2.2775025427343305,-1.0,STOP
swing_baseline,1631792400000,2021,0.5620528662948115,1631792700000,1631793900000,1773.608,1769.0217857142857,1785.7028571428573,1769.0217857142857,2.6372202407837624,-1.0,STOP
swing_baseline,1631794500000,2021,0.5500434413850502,1631794800000,1631795700000,1768.838,1763.4002857142857,1782.6838571428573,1763.4002857142857,2.5462641866330804,-1.0,STOP
swing_baseline,1631796000000,2021,0.510573480273945,1631796300000,1631798700000,1763.058,1758.0302857142856,1777.3138571428572,1758.0302857142856,2.83545490708637,-1.0,STOP
swing_baseline,1631799000000,2021,0.4550267448794535,1631799300000,1631799900000,1755.838,1751.1039285714285,1774.0192857142856,1751.1039285714285,3.8405178266969755,-1.0,STOP
swing_baseline,1631800200000,2021,0.6254700870723475,1631800500000,1631859600000,1750.254,1740.6349285714286,1763.5502857142858,1763.5502857142858,1.3822837072185885,1.3822837072185885,TARGET
swing_baseline,1631883300000,2021,0.506529281107193,1631883600000,1631886000000,1752.978,1748.8422857142857,1767.9208571428571,1748.8422857142857,3.6131260794472415,-1.0,STOP
swing_baseline,1631886600000,2021,0.7290868733943238,1631886900000,1632104400000,1752.738,1744.651285714286,1763.7298571428573,1744.651285714286,1.3592488561485712,-1.0,STOP
swing_baseline,1632207600000,2021,0.5614560622642276,1632207900000,1632226200000,1761.068,1757.3147142857142,1770.0811428571428,1770.0811428571428,2.4014006775015795,2.4014006775015795,TARGET
swing_baseline,1632311700000,2021,0.5077970213340602,1632312000000,1632333600000,1772.457,1769.1632857142858,1783.3818571428571,1769.1632857142858,3.3168806384455185,-1.0,STOP
swing_baseline,1632336300000,2021,0.43753567482599826,1632336600000,1632337500000,1768.684,1764.5242142857144,1781.9931428571429,1764.5242142857144,3.1994779950891354,-1.0,STOP
swing_baseline,1632357600000,2021,0.4847651398475692,1632357900000,1632402300000,1764.958,1759.1586428571427,1784.5854285714286,1759.1586428571427,3.3844145287037612,-1.0,STOP
swing_baseline,1632402600000,2021,0.5527705310600439,1632402900000,1632405600000,1758.534,1749.6082142857142,1771.4371428571428,1749.6082142857142,1.4456030281447358,-1.0,STOP
swing_baseline,1632408600000,2021,0.4992267754672336,1632408900000,1632428400000,1749.814,1743.464642857143,1769.8314285714287,1743.464642857143,3.152670124084568,-1.0,STOP
swing_baseline,1632488400000,2021,0.4710749160817811,1632488700000,1632705300000,1742.198,1738.4123571428572,1756.3355714285715,1756.3355714285715,3.734523292892291,3.734523292892291,TARGET
swing_baseline,1632737100000,2021,0.5649729755327699,1632737400000,1632812100000,1746.334,1741.0493571428572,1759.6225714285713,1741.0493571428572,2.51456376292486,-1.0,STOP
swing_baseline,1632812400000,2021,0.4286723919420629,1632812700000,1632826200000,1736.254,1733.2674285714286,1747.7502857142858,1733.2674285714286,3.849325552473182,-1.0,STOP
swing_baseline,1632826500000,2021,0.4986504914726161,1632826800000,1632924900000,1733.488,1727.9938571428572,1749.7145714285714,1727.9938571428572,2.9534309264411407,-1.0,STOP
swing_baseline,1632925200000,2021,0.5320989118135858,1632925500000,1632936900000,1727.558,1721.8272857142858,1741.4308571428571,1721.8272857142858,2.420790228094281,-1.0,STOP
swing_baseline,1632998100000,2021,0.453644396927741,1632998400000,1633006500000,1724.926,1721.9599285714285,1736.7902857142856,1736.7902857142856,3.999999999999923,3.999999999999923,TARGET
swing_baseline,1633090200000,2021,0.4981791336560256,1633090500000,1633098600000,1749.965,1746.2312857142856,1764.1148571428573,1764.1148571428573,3.7897535965718188,3.7897535965718188,TARGET
swing_baseline,1633330200000,2021,0.4637882428824494,1633330500000,1633332600000,1757.105,1753.7765,1769.134,1753.7765,3.6139402133092142,-1.0,STOP
swing_baseline,1633335300000,2021,0.4728930045068033,1633335600000,1633336500000,1752.928,1749.4805,1765.2679999999998,1749.4805,3.57940536620708,-1.0,STOP
swing_baseline,1633336800000,2021,0.42745839739547176,1633337100000,1633357200000,1748.808,1745.6005,1761.388,1761.388,3.922057677318784,3.922057677318784,TARGET
swing_baseline,1633412100000,2021,0.43869137875525677,1633412400000,1633439100000,1757.655,1752.9702142857143,1775.394142857143,1752.9702142857143,3.786543064936696,-1.0,STOP
swing_baseline,1633439700000,2021,0.5787181578926218,1633440000000,1633504200000,1753.725,1747.651357142857,1766.1845714285714,1747.651357142857,2.0514165422022588,-1.0,STOP
swing_baseline,1633506600000,2021,0.6134221778980267,1633506900000,1633521900000,1748.658,1744.5764285714286,1757.5842857142861,1757.5842857142861,2.186972804592235,2.186972804592235,TARGET
swing_baseline,1633586100000,2021,0.461957922226933,1633586400000,1633611600000,1756.305,1753.7019285714287,1766.9672857142857,1753.7019285714287,4.0960403918448,-1.0,STOP
swing_baseline,1633611900000,2021,0.5410240168093264,1633612200000,1633696200000,1754.498,1749.1924285714285,1768.2702857142856,1768.2702857142856,2.5958157193246265,2.5958157193246265,TARGET
swing_baseline,1633904700000,2021,0.4837214850495188,1633905000000,1634125800000,1752.537,1745.4978571428571,1773.7335714285714,1773.7335714285714,3.0112432520192898,3.0112432520192898,TARGET
swing_baseline,1634128800000,2021,0.6264642599299268,1634129100000,1634131500000,1760.128,1755.4412857142859,1768.8398571428572,1768.8398571428572,1.8588411009846684,1.8588411009846684,TARGET
swing_baseline,1634273700000,2021,0.5184186274735846,1634274000000,1634279100000,1794.108,1791.1349285714286,1803.8502857142857,1791.1349285714286,3.2768421305529873,-1.0,STOP
swing_baseline,1634279400000,2021,0.5183996714567295,1634279700000,1634283300000,1790.878,1787.9407142857142,1799.727142857143,1787.9407142857142,3.0126939351199407,-1.0,STOP
swing_baseline,1634283600000,2021,0.4525233573187378,1634283900000,1634288700000,1787.378,1784.8532857142857,1796.0268571428571,1784.8532857142857,3.4256775872800964,-1.0,STOP
swing_baseline,1634289000000,2021,0.44342956444451104,1634289300000,1634290500000,1783.488,1780.8634285714286,1793.8362857142859,1780.8634285714286,3.9428478118876216,-1.0,STOP
swing_baseline,1634295600000,2021,0.5147687604226565,1634295900000,1634298300000,1781.298,1777.680142857143,1792.6694285714286,1777.680142857143,3.14313919052332,-1.0,STOP
swing_baseline,1634299200000,2021,0.5620550467726783,1634299500000,1634300100000,1778.604,1774.317,1790.172,1774.317,2.698390482855118,-1.0,STOP
swing_baseline,1634300400000,2021,0.5153385838369873,1634300700000,1634302200000,1773.714,1769.197,1785.052,1769.197,2.510073057338905,-1.0,STOP
swing_baseline,1634302500000,2021,0.48165043500856,1634302800000,1634551800000,1767.418,1760.6770000000001,1781.032,1760.6770000000001,2.0195816644415547,-1.0,STOP
swing_baseline,1634552100000,2021,0.5870306383608727,1634552400000,1634611800000,1761.728,1756.8767857142857,1773.4128571428573,1773.4128571428573,2.408645847136924,2.408645847136924,TARGET
swing_baseline,1634657700000,2021,0.470673829543952,1634658000000,1634733600000,1769.908,1765.2794285714285,1788.2522857142858,1788.2522857142858,3.963271604938354,3.963271604938354,TARGET
swing_baseline,1634799900000,2021,0.4532209450975862,1634800200000,1634817300000,1781.044,1777.4537142857143,1793.875142857143,1777.4537142857143,3.573850071621786,-1.0,STOP
swing_baseline,1634817600000,2021,0.5629872375550944,1634817900000,1634884500000,1778.294,1772.776142857143,1790.7654285714284,1790.7654285714284,2.2601941747572467,2.2601941747572467,TARGET
swing_baseline,1634917200000,2021,0.7068087351863874,1634917500000,1635137700000,1787.774,1778.4672857142857,1800.0708571428572,1800.0708571428572,1.3212887776874196,1.3212887776874196,TARGET
swing_baseline,1635233100000,2021,0.47612237818593633,1635233400000,1635251100000,1801.504,1798.8797142857143,1810.871142857143,1798.8797142857143,3.569406641263134,-1.0,STOP
swing_baseline,1635255000000,2021,0.5099176598833484,1635255300000,1635257100000,1790.314,1785.8792857142857,1802.4728571428575,1785.8792857142857,2.7417453210063765,-1.0,STOP
swing_baseline,1635257400000,2021,0.39553515292901836,1635257700000,1635388200000,1784.414,1780.2914285714285,1800.824285714286,1800.824285714286,3.9805946358028597,3.9805946358028597,TARGET
swing_baseline,1635431700000,2021,0.552043305086296,1635432000000,1635509100000,1794.108,1787.4432857142858,1811.2168571428574,1787.4432857142858,2.5670803592481746,-1.0,STOP
swing_baseline,1635509400000,2021,0.46957277941207,1635509700000,1635511200000,1786.548,1782.0539285714287,1800.5242857142855,1782.0539285714287,3.109938490392172,-1.0,STOP
swing_baseline,1635511800000,2021,0.5793111951122916,1635512100000,1635515400000,1778.408,1772.2239285714286,1790.6942857142853,1772.2239285714286,1.9867632281090744,-1.0,STOP
swing_baseline,1635516000000,2021,0.5646825408717002,1635516300000,1635775200000,1774.568,1766.447357142857,1793.4505714285713,1793.4505714285713,2.325255741540485,2.325255741540485,TARGET
swing_baseline,1635853500000,2021,0.6004034412592456,1635853800000,1635899100000,1789.474,1785.6612857142857,1798.0448571428572,1785.6612857142857,2.2479673273633662,-1.0,STOP
swing_baseline,1635899400000,2021,0.4750606942401896,1635899700000,1635909000000,1784.648,1779.1864285714287,1795.1242857142856,1779.1864285714287,1.9181815803929452,-1.0,STOP
swing_baseline,1635920100000,2021,0.5477703100898562,1635920400000,1635943200000,1779.404,1775.3629285714285,1789.2382857142857,1775.3629285714285,2.4335837384002916,-1.0,STOP
swing_baseline,1635943500000,2021,0.4658518091443876,1635943800000,1635945000000,1774.878,1771.5093571428572,1786.4525714285717,1771.5093571428572,3.4359746400629856,-1.0,STOP
swing_baseline,1635945300000,2021,0.4992778975054589,1635945600000,1635946200000,1771.958,1766.886,1785.3960000000002,1766.886,2.649447949526773,-1.0,STOP
swing_baseline,1635947100000,2021,0.4821824199194679,1635947400000,1635948300000,1766.848,1762.536,1781.0460000000003,1762.536,3.2926716141003376,-1.0,STOP
swing_baseline,1635948600000,2021,0.45756022306223904,1635948900000,1636023000000,1763.794,1757.375,1779.69,1779.69,2.4763981928648886,2.4763981928648886,TARGET
swing_baseline,1636115400000,2021,0.7103409633781061,1636115700000,1636115700000,1788.308,1781.9526428571428,1796.6594285714286,1796.6594285714286,1.3140769879179535,1.3140769879179535,TARGET
swing_baseline,1636361700000,2021,0.5333341225015781,1636362000000,1636420800000,1813.188,1808.6844285714287,1826.8272857142856,1826.8272857142856,3.028548770816801,3.028548770816801,TARGET
swing_baseline,1636443300000,2021,0.4758075719672859,1636443600000,1636488000000,1820.983,1818.2907142857143,1831.6271428571429,1831.6271428571429,3.9535710495597556,3.9535710495597556,TARGET
swing_baseline,1636529700000,2021,0.4670565732960559,1636530000000,1636551000000,1823.223,1820.1642142857143,1835.208142857143,1835.208142857143,3.918268220348952,3.918268220348952,TARGET
swing_baseline,1636686900000,2021,0.48257723164406907,1636687200000,1636707600000,1856.278,1851.6684285714286,1870.5462857142857,1851.6684285714286,3.0953605851179447,-1.0,STOP
swing_baseline,1636712100000,2021,0.5373734175581972,1636712400000,1636713600000,1850.468,1846.2604285714285,1861.5982857142856,1846.2604285714285,2.645299290394734,-1.0,STOP
swing_baseline,1636714800000,2021,0.4439071780527665,1636715100000,1636728600000,1845.758,1841.7174285714286,1859.1702857142857,1859.1702857142857,3.3194031961532993,3.3194031961532993,TARGET
swing_baseline,1636960500000,2021,0.5108669054091959,1636960800000,1637052900000,1857.044,1852.4775714285713,1871.6797142857145,1871.6797142857145,3.205068043172084,3.205068043172084,TARGET
swing_baseline,1637071500000,2021,0.534480124741833,1637071800000,1637074800000,1863.618,1857.1154285714285,1878.5282857142856,1857.1154285714285,2.2929829957379564,-1.0,STOP
swing_baseline,1637079600000,2021,0.4423139214465574,1637079900000,1637085600000,1856.868,1851.4174285714287,1876.8702857142857,1851.4174285714287,3.6697593961315906,-1.0,STOP
swing_baseline,1637087400000,2021,0.44767546170458944,1637087700000,1637343600000,1851.258,1845.277,1873.182,1845.277,3.6656077579000166,-1.0,STOP
swing_baseline,1637343900000,2021,0.4868581026092777,1637344200000,1637577600000,1846.648,1837.3821428571428,1864.8164285714286,1837.3821428571428,1.9607930805877236,-1.0,STOP
swing_baseline,1637587800000,2021,0.45987878542649385,1637588100000,1637589600000,1836.278,1831.88,1853.42,1831.88,3.89768076398372,-1.0,STOP
swing_baseline,1637590500000,2021,0.6865981502469691,1637590800000,1637591400000,1819.464,1811.5507142857143,1832.6871428571428,1811.5507142857143,1.671005361688322,-1.0,STOP
swing_baseline,1637601600000,2021,0.5832806866573065,1637601900000,1637607900000,1812.528,1803.7620000000002,1836.142,1803.7620000000002,2.6938170203057767,-1.0,STOP
swing_baseline,1637608200000,2021,0.449837261232065,1637608500000,1637660100000,1802.498,1795.369142857143,1830.7634285714284,1795.369142857143,3.9649312652800117,-1.0,STOP
swing_baseline,1637660400000,2021,0.5650821452213063,1637660700000,1637672700000,1793.668,1788.4056428571428,1809.3674285714285,1788.4056428571428,2.9833453232527662,-1.0,STOP
swing_baseline,1637673000000,2021,0.5676026828215415,1637673300000,1637683800000,1790.668,1783.034642857143,1807.2514285714285,1783.034642857143,2.172494783235284,-1.0,STOP
swing_baseline,1637684100000,2021,0.5597105434857002,1637684400000,1637912700000,1783.668,1776.290785714286,1804.4768571428572,1804.4768571428572,2.8206930606792495,2.8206930606792495,TARGET
swing_baseline,1637944500000,2021,0.4898447346110742,1637944800000,1637944800000,1791.268,1783.3497857142856,1816.190857142857,1783.3497857142856,3.1475350683324597,-1.0,STOP
swing_baseline,1638140400000,2021,0.6909332932733379,1638140700000,1638288000000,1788.415,1772.232642857143,1811.2444285714287,1772.232642857143,1.4107603960221462,-1.0,STOP
swing_baseline,1638290400000,2021,0.5259231158550945,1638290700000,1638456900000,1772.608,1764.4312142857143,1796.0651428571427,1764.4312142857143,2.868748635073178,-1.0,STOP
swing_baseline,1638466200000,2021,0.4844399039180019,1638466500000,1638556200000,1763.305,1756.9932142857142,1783.6171428571429,1783.6171428571429,3.218129349855631,3.218129349855631,TARGET
swing_baseline,1638780000000,2021,0.5056585008379432,1638780300000,1638801600000,1779.635,1775.7365000000002,1792.9940000000001,1775.7365000000002,3.42670257791481,-1.0,STOP
swing_baseline,1638883800000,2021,0.561029152640411,1638884100000,1638884400000,1776.988,1772.6333571428572,1787.0065714285713,1772.6333571428572,2.3006643155908835,-1.0,STOP
swing_baseline,1638963900000,2021,0.7152753323568972,1638964200000,1638974100000,1786.078,1779.7540714285713,1794.4587142857142,1779.7540714285713,1.3252386062008996,-1.0,STOP
swing_baseline,1638974400000,2021,0.467017911645513,1638974700000,1639052700000,1780.458,1775.720642857143,1794.5074285714286,1775.720642857143,2.9656680186361224,-1.0,STOP
swing_baseline,1639053000000,2021,0.5418420992314839,1639053300000,1639117200000,1776.958,1771.8492857142858,1786.5778571428573,1771.8492857142858,1.8830289980705246,-1.0,STOP
swing_baseline,1639117800000,2021,0.4904313737303435,1639118100000,1639144500000,1772.008,1768.45,1782.5400000000002,1782.5400000000002,2.9600899381675587,2.9600899381675587,TARGET
swing_baseline,1639403700000,2021,0.5615663204870464,1639404000000,1639488300000,1783.028,1778.9808571428573,1793.8165714285715,1778.9808571428573,2.6657253794565063,-1.0,STOP
swing_baseline,1639488600000,2021,0.47002470597071866,1639488900000,1639489200000,1778.218,1774.9122857142859,1786.975857142857,1774.9122857142859,2.6493085566119183,-1.0,STOP
swing_baseline,1639489500000,2021,0.5130068332260761,1639489800000,1639490400000,1773.158,1769.5622857142857,1781.6258571428568,1769.5622857142857,2.354986094557031,-1.0,STOP
swing_baseline,1639490700000,2021,0.32561803765182024,1639491000000,1639592700000,1767.415,1763.874142857143,1780.0934285714284,1763.874142857143,3.5806100217865704,-1.0,STOP
swing_baseline,1639593000000,2021,0.42277193663028073,1639593300000,1639594800000,1763.258,1759.804,1775.9239999999998,1759.804,3.6670526925303686,-1.0,STOP
swing_baseline,1639766100000,2021,0.5050311837973999,1639766400000,1639773900000,1801.468,1796.7735000000002,1816.296,1796.7735000000002,3.1585898391736067,-1.0,STOP
swing_baseline,1639774200000,2021,0.45709728239403646,1639774500000,1640012100000,1797.268,1792.492642857143,1812.8544285714286,1792.492642857143,3.263929399446623,-1.0,STOP
swing_baseline,1640028000000,2021,0.4670009099344797,1640028300000,1640101200000,1791.928,1787.611142857143,1807.1954285714285,1787.611142857143,3.536699980144279,-1.0,STOP
swing_baseline,1640101500000,2021,0.40323418416435064,1640101800000,1640188800000,1785.028,1781.718,1798.268,1798.268,4.000000000000068,4.000000000000068,TARGET
swing_baseline,1640269800000,2021,0.51246715803281,1640270100000,1640270100000,1802.868,1799.8372857142856,1812.540857142857,1799.8372857142856,3.191609710110695,-1.0,STOP
swing_baseline,1640270400000,2021,0.5576700178952664,1640270700000,1640282700000,1800.538,1796.2372857142857,1808.940857142857,1808.940857142857,1.9538282677295875,1.9538282677295875,TARGET
swing_baseline,1640595600000,2021,0.4657474305153346,1640595900000,1640611800000,1805.874,1803.419642857143,1814.5614285714285,1803.419642857143,3.5395943074997356,-1.0,STOP
swing_baseline,1640716500000,2021,0.5525440383654662,1640716800000,1640717700000,1809.268,1805.1761428571428,1820.6854285714285,1805.1761428571428,2.790280347728883,-1.0,STOP
swing_baseline,1640736600000,2021,0.442449438115965,1640736900000,1640772900000,1804.768,1801.1142857142856,1817.032857142857,1801.1142857142856,3.3568188927117735,-1.0,STOP
swing_baseline,1640773200000,2021,0.45667082822672445,1640773500000,1640773800000,1800.115,1798.0185714285715,1807.9257142857143,1798.0185714285715,3.7257240204430118,-1.0,STOP
swing_baseline,1640774100000,2021,0.5464595761134359,1640774400000,1640782200000,1796.675,1793.8065714285715,1803.7137142857143,1793.8065714285715,2.45385726380808,-1.0,STOP
swing_baseline,1640782500000,2021,0.508041001119408,1640782800000,1640783400000,1793.505,1790.5652142857143,1803.9291428571428,1790.5652142857143,3.5458852686054283,-1.0,STOP
swing_baseline,1640783700000,2021,0.6083182747726879,1640784000000,1640790300000,1791.398,1786.6752142857142,1800.0391428571427,1800.0391428571427,1.8296707451715744,1.8296707451715744,TARGET
swing_baseline,1640844000000,2021,0.48035898720562203,1640844300000,1640880600000,1797.795,1795.0347142857142,1808.701142857143,1808.701142857143,3.951092019459524,3.951092019459524,TARGET
swing_baseline,1641193200000,2022,0.49242490369662306,1641193500000,1641214800000,1823.188,1820.265357142857,1834.7285714285715,1820.265357142857,3.948676589192495,-1.0,STOP
swing_baseline,1641215100000,2022,0.42671269155302793,1641215400000,1641215400000,1817.588,1814.3055714285713,1829.8177142857144,1814.3055714285713,3.7258127692909424,-1.0,STOP
swing_baseline,1641215700000,2022,0.4247168180074116,1641216000000,1641216600000,1813.558,1809.9355714285714,1825.4477142857145,1809.9355714285714,3.2822494774618756,-1.0,STOP
swing_baseline,1641216900000,2022,0.6079432813035257,1641217200000,1641221700000,1809.898,1804.1755714285714,1819.6877142857145,1804.1755714285714,1.7107621639164894,-1.0,STOP
swing_baseline,1641222000000,2022,0.4411771444638804,1641222300000,1641375000000,1801.978,1797.3557142857142,1818.8671428571427,1818.8671428571427,3.6538509086411533,3.6538509086411533,TARGET
swing_baseline,1641412800000,2022,0.5077822637560807,1641413100000,1641431100000,1813.888,1807.1672142857144,1831.2711428571429,1807.1672142857144,2.5864747956766188,-1.0,STOP
swing_baseline,1641440400000,2022,0.4502226673054678,1641440700000,1641449700000,1807.384,1802.2071428571428,1825.5614285714287,1802.2071428571428,3.511286494839639,-1.0,STOP
swing_baseline,1641450000000,2022,0.44974452869184584,1641450300000,1641457500000,1801.538,1797.3947142857144,1816.961142857143,1797.3947142857144,3.7224425059477433,-1.0,STOP
swing_baseline,1641458700000,2022,0.4633069945632208,1641459000000,1641473700000,1796.588,1792.572142857143,1811.8514285714286,1792.572142857143,3.8007897264418338,-1.0,STOP
swing_baseline,1641474000000,2022,0.4943157109385723,1641474300000,1641562500000,1790.108,1784.577142857143,1807.9314285714286,1784.577142857143,3.2225436512037113,-1.0,STOP
swing_baseline,1641562800000,2022,0.6387293552533154,1641563100000,1641564600000,1790.205,1779.758857142857,1793.4395714285715,1793.4395714285715,0.30964265689319703,0.30964265689319703,TARGET
swing_baseline,1641798600000,2022,0.5056735407690689,1641798900000,1641859800000,1791.668,1788.2717857142857,1803.2528571428572,1803.2528571428572,3.4111090079291193,3.4111090079291193,TARGET
swing_baseline,1641910200000,2022,0.5088832681818034,1641910500000,1641917400000,1802.408,1798.7070714285715,1813.361714285714,1813.361714285714,2.959720533456906,2.959720533456906,TARGET
swing_baseline,1641974400000,2022,0.6286674509737036,1641974700000,1642008900000,1816.628,1812.7244285714287,1825.5922857142857,1825.5922857142857,2.296431838975425,2.296431838975425,TARGET
swing_baseline,1642057800000,2022,0.5777939120959678,1642058100000,1642063200000,1824.148,1821.109642857143,1832.3514285714282,1821.109642857143,2.6999553330042674,-1.0,STOP
swing_baseline,1642064100000,2022,0.49576490783410676,1642064400000,1642085100000,1821.024,1818.2502857142856,1830.423857142857,1818.2502857142856,3.3889060568603426,-1.0,STOP
swing_baseline,1642086000000,2022,0.5609296211575081,1642086300000,1642089000000,1819.974,1814.3037142857142,1830.5251428571428,1814.3037142857142,1.8607779905270674,-1.0,STOP
swing_baseline,1642089600000,2022,0.40138351898035707,1642089900000,1642130100000,1812.818,1808.7023571428572,1826.3305714285714,1826.3305714285714,3.283222548117843,3.283222548117843,TARGET
swing_baseline,1642164900000,2022,0.6191543382994917,1642165200000,1642180200000,1820.748,1816.5651428571427,1830.7794285714285,1816.5651428571427,2.3982240437157336,-1.0,STOP
swing_baseline,1642180500000,2022,0.5186936267237459,1642180800000,1642496100000,1816.624,1811.9945,1830.8620000000003,1811.9945,3.075494113835244,-1.0,STOP
swing_baseline,1642496400000,2022,0.45241646641381256,1642496700000,1642511400000,1812.228,1808.6794285714286,1822.9222857142859,1808.6794285714286,3.013687600644128,-1.0,STOP
swing_baseline,1642511700000,2022,0.45993636148851524,1642512000000,1642512900000,1806.268,1802.3862142857142,1819.145142857143,1819.145142857143,3.317324500873978,3.317324500873978,TARGET
swing_baseline,1642671900000,2022,0.4993412833230862,1642672200000,1642752900000,1837.904,1835.1280714285715,1848.3277142857144,1835.1280714285715,3.755036924581355,-1.0,STOP
swing_baseline,1642755000000,2022,0.5287553293845318,1642755300000,1642755300000,1831.711,1828.6225714285715,1840.7797142857146,1828.6225714285715,2.936352282714447,-1.0,STOP
swing_baseline,1643036400000,2022,0.4964013402048408,1643036700000,1643121900000,1831.568,1827.3120000000001,1847.0420000000001,1847.0420000000001,3.6358082706768506,3.6358082706768506,TARGET
swing_baseline,1643180100000,2022,0.5090323961185902,1643180400000,1643183700000,1846.418,1843.7160714285712,1855.7257142857143,1843.7160714285712,3.444840986596808,-1.0,STOP
swing_baseline,1643197800000,2022,0.5366858491327099,1643198100000,1643206200000,1843.258,1840.4105,1852.0480000000002,1840.4105,3.086918349429302,-1.0,STOP
swing_baseline,1643206500000,2022,0.48705214118189033,1643206800000,1643206800000,1838.758,1835.8380714285715,1849.2377142857142,1835.8380714285715,3.589031042833781,-1.0,STOP
swing_baseline,1643207100000,2022,0.5955821528224152,1643207400000,1643217000000,1835.268,1829.3240714285714,1842.723714285714,1829.3240714285714,1.254341164453478,-1.0,STOP
swing_baseline,1643217600000,2022,0.4634291530849405,1643217900000,1643223600000,1829.098,1825.0205,1844.608,1825.0205,3.8038013488658433,-1.0,STOP
swing_baseline,1643223900000,2022,0.5758741441488678,1643224200000,1643226000000,1829.028,1820.5564285714286,1841.6142857142856,1820.5564285714286,1.4857085040724292,-1.0,STOP
swing_baseline,1643226300000,2022,0.517953462657389,1643226600000,1643248800000,1819.678,1813.8464285714285,1834.9042857142856,1813.8464285714285,2.6110090394648764,-1.0,STOP
swing_baseline,1643249100000,2022,0.46896187149517177,1643249400000,1643287500000,1813.448,1807.0097142857142,1836.5011428571427,1807.0097142857142,3.580633709061693,-1.0,STOP
swing_baseline,1643288100000,2022,0.5155108749558223,1643288400000,1643291400000,1806.998,1802.0682142857142,1823.6671428571426,1802.0682142857142,3.3813118507033315,-1.0,STOP
swing_baseline,1643291700000,2022,0.5670546725112229,1643292000000,1643300400000,1799.848,1792.9800714285714,1817.599714285714,1792.9800714285714,2.584726107892761,-1.0,STOP
swing_baseline,1643300700000,2022,0.5423814643833694,1643301000000,1643367600000,1795.424,1786.1204285714284,1816.2582857142856,1786.1204285714284,2.2393857965450694,-1.0,STOP
swing_baseline,1643367900000,2022,0.5119958071390822,1643368200000,1643375700000,1782.128,1779.4382857142857,1792.0368571428573,1792.0368571428573,3.6839813044403904,3.6839813044403904,TARGET
swing_baseline,1643771700000,2022,0.4467513183642571,1643772000000,1643899500000,1797.765,1793.8624285714286,1811.5602857142858,1793.8624285714286,3.5349220294310797,-1.0,STOP
swing_baseline,1643899800000,2022,0.4982617028008098,1643900100000,1643901000000,1790.018,1786.0949285714287,1798.3102857142858,1798.3102857142858,2.113722848351382,2.113722848351382,TARGET
swing_baseline,1643981400000,2022,0.5036067024947284,1643981700000,1643981700000,1801.0,1798.6737857142857,1810.304857142857,1798.6737857142857,3.9999999999999023,-1.0,STOP
swing_baseline,1643982600000,2022,0.6581795526617973,1643982900000,1643983200000,1796.978,1793.6737857142857,1805.304857142857,1793.6737857142857,2.5200717698176267,-1.0,STOP
swing_baseline,1644304800000,2022,0.5054700033611772,1644305100000,1644333900000,1816.718,1814.3410714285715,1825.2757142857145,1825.2757142857145,3.6003245484869297,3.6003245484869297,TARGET
swing_baseline,1644415200000,2022,0.5627150968484343,1644415500000,1644424800000,1825.764,1822.4794285714286,1832.7722857142858,1832.7722857142858,2.1336986778010902,2.1336986778010902,TARGET
swing_baseline,1644481800000,2022,0.4695252729402792,1644482100000,1644499800000,1830.418,1828.7367857142858,1836.692857142857,1828.7367857142858,3.7323363215367853,-1.0,STOP
swing_baseline,1644552900000,2022,0.4401722075499172,1644553200000,1644604200000,1823.828,1817.9837142857143,1846.0551428571428,1846.0551428571428,3.803226594964578,3.803226594964578,TARGET
swing_baseline,1644914700000,2022,0.602559889268896,1644915000000,1644917100000,1859.908,1853.5654285714286,1872.5782857142856,1853.5654285714286,1.9976575521420181,-1.0,STOP
swing_baseline,1644925500000,2022,0.4491766977350033,1644925800000,1644927600000,1850.318,1845.5154285714286,1869.228285714286,1845.5154285714286,3.937533464215702,-1.0,STOP
swing_baseline,1644931800000,2022,0.6460958753615837,1644932100000,1645029000000,1849.578,1839.3794285714284,1865.272285714286,1865.272285714286,1.5388709903347944,1.5388709903347944,TARGET
swing_baseline,1645180200000,2022,0.6286212359195997,1645180500000,1645398000000,1888.418,1883.1872857142857,1899.9408571428569,1900.818,2.2029222996040128,2.370613136692688,TARGET_GAP
swing_baseline,1645418100000,2022,0.5396467371309572,1645418400000,1645484400000,1891.548,1883.7022857142858,1911.1808571428571,1911.1808571428571,2.502367079388236,2.502367079388236,TARGET
swing_baseline,1645525200000,2022,0.49387003518350164,1645525500000,1645670700000,1895.968,1889.4744285714287,1916.1422857142857,1916.1422857142857,3.106808931910682,3.106808931910682,TARGET
swing_baseline,1645720500000,2022,0.4682074559208362,1645720800000,1645729800000,1920.708,1905.7132142857145,1979.287142857143,1905.7132142857145,3.906634210940017,-1.0,STOP
swing_baseline,1645730100000,2022,0.4087551273363254,1645730400000,1645730700000,1900.897,1886.59,1956.83,1886.59,3.9094848675473495,-1.0,STOP
swing_baseline,1645731000000,2022,0.42633171187769286,1645731300000,1646158800000,1884.038,1869.71,1939.95,1939.95,3.9022892238972733,3.9022892238972733,TARGET
swing_baseline,1646216700000,2022,0.717932507251966,1646217000000,1646352900000,1921.676,1906.6268571428573,1942.1825714285715,1942.1825714285715,1.3626404921020896,1.3626404921020896,TARGET
swing_baseline,1646658900000,2022,0.4537427833333812,1646659200000,1646660100000,1972.828,1963.2359285714285,2012.6812857142857,1963.2359285714285,4.1548153609007334,-1.0,STOP
swing_baseline,1646660400000,2022,0.5467233745119519,1646660700000,1646721000000,1964.539,1950.9889285714285,2000.4342857142856,2000.4342857142856,2.649084612100066,2.649084612100066,TARGET
swing_baseline,1646817600000,2022,0.45330408720647564,1646817900000,1646820000000,2027.62,2014.548857142857,2075.9945714285714,2014.548857142857,3.700867778530689,-1.0,STOP
swing_baseline,1646820300000,2022,0.5493757376272214,1646820600000,1646832300000,2008.518,1992.0244285714284,2052.2922857142858,1992.0244285714284,2.6540210471612027,-1.0,STOP
swing_baseline,1646833800000,2022,0.464703845603285,1646834100000,1646874300000,1986.268,1974.6810714285714,2031.9157142857143,1974.6810714285714,3.9395870962969126,-1.0,STOP
swing_baseline,1646874900000,2022,0.4329544281649006,1646875200000,1647256800000,1971.95,1958.4070000000002,2022.362,1958.4070000000002,3.722365797829169,-1.0,STOP
swing_baseline,1647257100000,2022,0.4823826775037658,1647257400000,1647302400000,1958.981,1947.4127857142855,1983.4888571428571,1947.4127857142855,2.1185514494766697,-1.0,STOP
swing_baseline,1647306900000,2022,0.44037405552429487,1647307200000,1647320100000,1943.778,1936.1045000000001,1971.5220000000002,1936.1045000000001,3.6155600443084106,-1.0,STOP
swing_baseline,1647320400000,2022,0.47018319765471533,1647320700000,1647323400000,1934.373,1927.7849999999999,1957.05,1927.7849999999999,3.442167577413364,-1.0,STOP
swing_baseline,1647323700000,2022,0.44837564698810495,1647324000000,1647347400000,1925.948,1919.5667142857142,1949.9231428571427,1919.5667142857142,3.7571022409275496,-1.0,STOP
swing_baseline,1647349800000,2022,0.5328698413114602,1647350100000,1647354600000,1918.743,1908.460142857143,1946.0494285714287,1908.460142857143,2.6555293136983127,-1.0,STOP
swing_baseline,1647412500000,2022,0.4072512464103255,1647412800000,1647440100000,1912.588,1906.8927857142855,1935.768857142857,1906.8927857142855,4.0702344073343735,-1.0,STOP
swing_baseline,1647453600000,2022,0.6388361393859457,1647453900000,1647454800000,1913.058,1896.407642857143,1931.6544285714285,1896.407642857143,1.1168786598314107,-1.0,STOP
swing_baseline,1647569700000,2022,0.4536732377374302,1647570000000,1647574500000,1935.048,1928.8665714285714,1958.5237142857143,1928.8665714285714,3.797781372775595,-1.0,STOP
swing_baseline,1647609600000,2022,0.4654873171947516,1647609900000,1647957600000,1922.543,1916.4520714285713,1942.331714285714,1916.4520714285713,3.248882999308094,-1.0,STOP
swing_baseline,1647957900000,2022,0.5465270850776743,1647958200000,1648028400000,1913.828,1905.4541428571429,1930.7234285714287,1930.7234285714287,2.0176399338076276,2.0176399338076276,TARGET
swing_baseline,1648190100000,2022,0.5234364187158297,1648190400000,1648204800000,1956.199,1951.585142857143,1972.2644285714287,1951.585142857143,3.481995231755296,-1.0,STOP
swing_baseline,1648205100000,2022,0.5683019642900277,1648205400000,1648215000000,1951.358,1945.9034285714285,1965.4262857142858,1945.9034285714285,2.579173432507498,-1.0,STOP
swing_baseline,1648215300000,2022,0.4542996906646427,1648215600000,1648222200000,1943.318,1938.8902857142857,1961.078857142857,1961.078857142857,4.011292508227388,4.011292508227388,TARGET
swing_baseline,1648439400000,2022,0.41176460301188633,1648439700000,1648446300000,1942.858,1936.5357142857142,1966.747142857143,1936.5357142857142,3.7785610990600365,-1.0,STOP
swing_baseline,1648446600000,2022,0.4553135918904563,1648446900000,1648456500000,1934.398,1927.6805,1954.1680000000003,1927.6805,2.9430591737998535,-1.0,STOP
swing_baseline,1648458000000,2022,0.4076872197102397,1648458300000,1648495800000,1926.268,1920.7447857142856,1947.8608571428572,1920.7447857142856,3.909473003556337,-1.0,STOP
swing_baseline,1648496400000,2022,0.44593924784419,1648496700000,1648554300000,1917.693,1909.4423571428572,1947.4705714285712,1909.4423571428572,3.609121367166203,-1.0,STOP
swing_baseline,1648554600000,2022,0.5733644146232112,1648554900000,1648556400000,1906.124,1896.3656428571428,1918.8274285714285,1896.3656428571428,1.3017999224108099,-1.0,STOP
swing_baseline,1648556700000,2022,0.5594719463657608,1648557000000,1648571400000,1897.138,1889.6867142857143,1915.443142857143,1915.443142857143,2.4566421902260838,2.4566421902260838,TARGET
swing_baseline,1648699500000,2022,0.49972314086681313,1648699800000,1648740300000,1924.888,1918.6809285714285,1943.266285714286,1943.266285714286,2.9608626106169567,2.9608626106169567,TARGET
swing_baseline,1648796100000,2022,0.4920536216429919,1648796400000,1648811100000,1932.245,1927.0397857142857,1949.2308571428573,1927.0397857142857,3.263238785284098,-1.0,STOP
swing_baseline,1648811400000,2022,0.49823678794415094,1648811700000,1648823400000,1925.918,1920.8681428571429,1941.3674285714287,1920.8681428571429,3.059379331805824,-1.0,STOP
swing_baseline,1648834200000,2022,0.5845053355608856,1648834500000,1649166000000,1920.358,1911.6430714285714,1942.967714285714,1942.967714285714,2.5943659893941993,2.5943659893941993,TARGET
swing_baseline,1649174100000,2022,0.468794456056628,1649174400000,1649427000000,1920.768,1912.2087857142858,1945.8048571428571,1945.8048571428571,2.9251349840189085,2.9251349840189085,TARGET
swing_baseline,1649908800000,2022,0.476073337906451,1649909100000,1649927700000,1972.938,1968.2325714285714,1989.0097142857142,1968.2325714285714,3.4155686441191233,-1.0,STOP
swing_baseline,1649928000000,2022,0.5226980658762008,1649928300000,1649944500000,1968.778,1963.8109285714286,1982.8212857142858,1963.8109285714286,2.827276779936433,-1.0,STOP
swing_baseline,1649944800000,2022,0.4253907177694037,1649945100000,1650239400000,1962.932,1954.4661428571428,1984.1954285714287,1984.1954285714287,2.5116687197313525,2.5116687197313525,TARGET
swing_baseline,1650302700000,2022,0.4835258763059549,1650303000000,1650304800000,1982.838,1977.2924285714287,2003.3902857142855,1977.2924285714287,3.706071768979163,-1.0,STOP
swing_baseline,1650306300000,2022,0.5272223488070837,1650306600000,1650372000000,1977.282,1970.39,1999.0499999999997,1970.39,3.1584445734185076,-1.0,STOP
swing_baseline,1650372300000,2022,0.548630753446107,1650372600000,1650373200000,1967.502,1962.4568571428572,1980.4625714285714,1962.4568571428572,2.5689206025598046,-1.0,STOP
swing_baseline,1650374100000,2022,0.6169375130668332,1650374400000,1650378900000,1961.418,1952.5442857142857,1975.8928571428569,1952.5442857142857,1.6312061304655816,-1.0,STOP
swing_baseline,1650379200000,2022,0.47271142380279807,1650379500000,1650396000000,1952.028,1945.9348571428573,1972.3005714285714,1945.9348571428573,3.3271124449029776,-1.0,STOP
swing_baseline,1650396600000,2022,0.4196719988861102,1650396900000,1650541200000,1944.138,1937.8963571428571,1969.0545714285713,1937.8963571428571,3.991989288534427,-1.0,STOP
swing_baseline,1650617700000,2022,0.4588282116211176,1650618000000,1650622800000,1943.692,1939.0661428571427,1960.4754285714284,1939.0661428571427,3.628177017386597,-1.0,STOP
swing_baseline,1650629700000,2022,0.48538180168247747,1650630000000,1650851100000,1930.122,1924.8977142857143,1948.1491428571428,1924.8977142857143,3.4506426032266284,-1.0,STOP
swing_baseline,1650852000000,2022,0.40122990552872373,1650852300000,1650861600000,1925.128,1917.928,1952.183,1917.928,3.7576388888889927,-1.0,STOP
swing_baseline,1650863100000,2022,0.47249988657116276,1650863400000,1650884100000,1916.183,1909.4788571428571,1938.6245714285712,1909.4788571428571,3.347418440623036,-1.0,STOP
swing_baseline,1650884400000,2022,0.4313308015303868,1650884700000,1650889200000,1906.453,1900.7827142857143,1928.874142857143,1900.7827142857143,3.9541469313716027,-1.0,STOP
swing_baseline,1650889500000,2022,0.5266118567819061,1650889800000,1651047000000,1896.768,1888.6547857142855,1917.4208571428571,1888.6547857142855,2.5455826033366207,-1.0,STOP
swing_baseline,1651066800000,2022,0.5071892597495293,1651067100000,1651115700000,1884.598,1878.8845000000001,1905.4119999999998,1878.8845000000001,3.6429509057496166,-1.0,STOP
swing_baseline,1651116000000,2022,0.4593257326445288,1651116300000,1651124400000,1878.548,1872.361642857143,1898.0434285714286,1872.361642857143,3.151358403861062,-1.0,STOP
swing_baseline,1651260300000,2022,0.4635430265888572,1651260600000,1651450800000,1900.453,1894.0494285714285,1924.4922857142856,1894.0494285714285,3.754043502509719,-1.0,STOP
swing_baseline,1651452300000,2022,0.5349516819431759,1651452600000,1651468200000,1891.448,1882.6762142857144,1913.6101428571428,1882.6762142857144,2.5265257929237386,-1.0,STOP
swing_baseline,1651479600000,2022,0.47994092495925134,1651479900000,1651482000000,1882.553,1877.3557857142857,1902.9668571428572,1877.3557857142857,3.927845961435298,-1.0,STOP
swing_baseline,1651486200000,2022,0.5173740246508493,1651486500000,1651493700000,1878.723,1872.6765,1899.109,1872.6765,3.371537252956293,-1.0,STOP
swing_baseline,1651494000000,2022,0.6295879682303095,1651494300000,1651495500000,1875.455,1864.313642857143,1889.1354285714285,1864.313642857143,1.2278960629315625,-1.0,STOP
swing_baseline,1651495800000,2022,0.5216682582504346,1651496100000,1651498800000,1862.348,1856.6436428571428,1881.4654285714284,1856.6436428571428,3.351373010605919,-1.0,STOP
swing_baseline,1651499100000,2022,0.46860136039596956,1651499400000,1651689900000,1855.975,1849.7072142857144,1878.7611428571429,1878.7611428571429,3.635437440882639,3.635437440882639,TARGET
swing_baseline,1651759500000,2022,0.49434568409411844,1651759800000,1651763100000,1888.648,1881.8336428571429,1911.0054285714284,1881.8336428571429,3.2809299692875755,-1.0,STOP
swing_baseline,1651763400000,2022,0.569147883407239,1651763700000,1651798500000,1881.018,1871.7412142857145,1904.270142857143,1871.7412142857145,2.506487006737293,-1.0,STOP
swing_baseline,1651798800000,2022,0.5020009582210972,1651799100000,1652088300000,1870.878,1862.7513571428572,1897.0845714285713,1862.7513571428572,3.22477213398612,-1.0,STOP
swing_baseline,1652091000000,2022,0.4831128739254699,1652091300000,1652091900000,1862.438,1857.5397142857144,1879.531142857143,1857.5397142857144,3.4896173588427475,-1.0,STOP
swing_baseline,1652118600000,2022,0.45190556596770237,1652118900000,1652193900000,1855.058,1848.6755,1879.288,1848.6755,3.796318057187663,-1.0,STOP
swing_baseline,1652194200000,2022,0.49772783643695295,1652194500000,1652203200000,1847.908,1839.8198571428572,1866.6105714285716,1839.8198571428572,2.312344348870568,-1.0,STOP
swing_baseline,1652208600000,2022,0.4500345873446636,1652208900000,1652226000000,1841.698,1834.6480000000001,1867.028,1834.6480000000001,3.592907801418453,-1.0,STOP
swing_baseline,1652226300000,2022,0.40310632899166654,1652226600000,1652374200000,1834.748,1827.5413571428574,1862.1745714285714,1827.5413571428574,3.8057347883402004,-1.0,STOP
swing_baseline,1652374500000,2022,0.4278379631472867,1652374800000,1652394600000,1825.308,1816.6729285714284,1852.8482857142858,1816.6729285714284,3.189352391824,-1.0,STOP
swing_baseline,1652442900000,2022,0.5027710922308843,1652443200000,1652446800000,1813.888,1807.7362857142857,1833.094857142857,1807.7362857142857,3.122195903580931,-1.0,STOP
swing_baseline,1652447100000,2022,0.46270212777384495,1652447400000,1652686800000,1801.978,1797.157857142857,1820.8585714285712,1797.157857142857,3.917014907678834,-1.0,STOP
swing_baseline,1652687400000,2022,0.6726790477299085,1652687700000,1652693100000,1790.138,1782.6770714285713,1802.4817142857144,1802.4817142857144,1.654447454836146,1.654447454836146,TARGET
swing_baseline,1652796300000,2022,0.5915827222988015,1652796600000,1652812500000,1822.05,1814.4301428571428,1841.3694285714287,1814.4301428571428,2.5354056131536025,-1.0,STOP
swing_baseline,1652819100000,2022,0.4279793845160131,1652819400000,1652963700000,1813.038,1806.9205714285713,1836.2077142857145,1836.2077142857145,3.787492410443168,3.787492410443168,TARGET
swing_baseline,1653054900000,2022,0.428790250799592,1653055200000,1653256800000,1836.264,1831.7199285714287,1854.160285714286,1854.160285714286,3.9383812502949858,3.9383812502949858,TARGET
swing_baseline,1653321300000,2022,0.5286195652697694,1653321600000,1653407700000,1851.878,1845.6514285714286,1869.409285714286,1869.409285714286,2.815560042215482,2.815560042215482,TARGET
swing_baseline,1653456900000,2022,0.4588208951611401,1653457200000,1653467100000,1858.898,1855.245642857143,1872.6574285714287,1855.245642857143,3.767273580662397,-1.0,STOP
swing_baseline,1653473400000,2022,0.4508937889501621,1653473700000,1653483000000,1854.258,1850.9528571428573,1866.8535714285715,1850.9528571428573,3.810900760719357,-1.0,STOP
swing_baseline,1653483600000,2022,0.5078839310177514,1653483900000,1653493800000,1848.888,1844.0112142857142,1863.6201428571428,1844.0112142857142,3.020871475649968,-1.0,STOP
swing_baseline,1653564000000,2022,0.5798900323499214,1653564300000,1653616200000,1842.963,1837.2092142857143,1855.153142857143,1855.153142857143,2.1186299703301406,2.1186299703301406,TARGET
swing_baseline,1653865500000,2022,0.49371530581343614,1653865800000,1654005900000,1849.168,1843.9669285714285,1864.5722857142857,1843.9669285714285,2.961752386184223,-1.0,STOP
swing_baseline,1654006800000,2022,0.43342307277455283,1654007100000,1654026300000,1842.648,1837.9089285714285,1859.1042857142857,1837.9089285714285,3.4724704960284987,-1.0,STOP
swing_baseline,1654026600000,2022,0.4615206190996845,1654026900000,1654060500000,1836.848,1830.8852857142858,1856.2488571428573,1830.8852857142858,3.2536955844654933,-1.0,STOP
swing_baseline,1654060800000,2022,0.4992653251930722,1654061100000,1654088400000,1830.663,1825.7134285714285,1846.5862857142856,1846.5862857142856,3.2171039339624583,3.2171039339624583,TARGET
swing_baseline,1654238700000,2022,0.4811219740654048,1654239000000,1654248300000,1865.968,1863.2269999999999,1876.682,1863.2269999999999,3.9087924115283146,-1.0,STOP
swing_baseline,1654259100000,2022,0.5730908409987725,1654259400000,1654259700000,1863.346,1859.5774285714285,1873.4052857142858,1859.5774285714285,2.6692570128885422,-1.0,STOP
swing_baseline,1654260000000,2022,0.5441173537939696,1654260300000,1654269600000,1858.598,1853.7624285714285,1867.5902857142858,1853.7624285714285,1.8596118053709083,-1.0,STOP
swing_baseline,1654269900000,2022,0.5149319329826328,1654270200000,1654277100000,1852.893,1847.753,1867.358,1847.753,2.8142023346302794,-1.0,STOP
swing_baseline,1654277400000,2022,0.4422451220335463,1654277700000,1654528200000,1847.673,1843.0157142857142,1864.3021428571428,1843.0157142857142,3.570565320082162,-1.0,STOP
swing_baseline,1654528500000,2022,0.48242600359135945,1654528800000,1654558800000,1842.438,1838.262,1855.142,1838.262,3.0421455938696047,-1.0,STOP
swing_baseline,1654561800000,2022,0.4485256841116511,1654562100000,1654599300000,1837.998,1834.207642857143,1851.6594285714286,1851.6594285714286,3.6042589277301427,3.6042589277301427,TARGET
swing_baseline,1654660800000,2022,0.47945972714497204,1654661100000,1654783800000,1846.343,1842.3096428571428,1860.1314285714288,1842.3096428571428,3.418598473444572,-1.0,STOP
swing_baseline,1654784100000,2022,0.5291473502008522,1654784400000,1654861200000,1841.548,1836.3300714285715,1854.2297142857142,1836.3300714285715,2.430411630230947,-1.0,STOP
swing_baseline,1654861500000,2022,0.48657313477585545,1654861800000,1654862400000,1835.128,1832.3957142857143,1843.7821428571428,1832.3957142857143,3.1673637979715235,-1.0,STOP
swing_baseline,1654863600000,2022,0.4618630794581834,1654863900000,1654864200000,1832.168,1828.8687857142857,1843.2648571428572,1828.8687857142857,3.363484812401309,-1.0,STOP
swing_baseline,1654868400000,2022,0.5843154790954055,1654868700000,1654871400000,1831.278,1824.0448571428572,1845.3105714285714,1845.3105714285714,1.9400379206825622,1.9400379206825622,TARGET
swing_baseline,1655105100000,2022,0.5117086891037954,1655105400000,1655108700000,1860.043,1854.6716428571428,1879.5784285714285,1854.6716428571428,3.636963257490196,-1.0,STOP
swing_baseline,1655109600000,2022,0.48897609616649856,1655109900000,1655122500000,1853.913,1848.8959285714286,1873.6312857142857,1848.8959285714286,3.9302381867623577,-1.0,STOP
swing_baseline,1655122800000,2022,0.5349116471436691,1655123100000,1655124600000,1850.783,1842.6571428571428,1868.8864285714287,1842.6571428571428,2.2278792566938534,-1.0,STOP
swing_baseline,1655125800000,2022,0.5335690968409134,1655126100000,1655127000000,1842.41,1834.7912142857142,1863.775142857143,1834.7912142857142,2.8042713968292152,-1.0,STOP
swing_baseline,1655127300000,2022,0.521346865272801,1655127600000,1655128800000,1834.178,1827.2972142857143,1856.281142857143,1827.2972142857143,3.2122992598436326,-1.0,STOP
swing_baseline,1655129400000,2022,0.4458895587207562,1655129700000,1655147700000,1826.371,1819.3672857142858,1853.4708571428573,1819.3672857142858,3.8693550361032973,-1.0,STOP
swing_baseline,1655148600000,2022,0.49594474830307356,1655148900000,1655157600000,1820.003,1812.2102857142859,1847.0988571428572,1812.2102857142859,3.4770756567491024,-1.0,STOP
swing_baseline,1655163900000,2022,0.5036107662056309,1655164200000,1655221500000,1819.718,1810.1649285714286,1847.4052857142858,1810.1649285714286,2.898260095855478,-1.0,STOP
swing_baseline,1655221800000,2022,0.5050031857034345,1655222100000,1655291700000,1810.358,1804.659,1828.904,1828.904,3.2542551324794813,3.2542551324794813,TARGET
swing_baseline,1655316000000,2022,0.47980545922520573,1655316300000,1655318400000,1813.288,1806.826,1837.536,1837.536,3.7523986381925236,3.7523986381925236,TARGET
swing_baseline,1655373900000,2022,0.5127460714745518,1655374200000,1655377200000,1823.888,1818.936357142857,1841.7445714285714,1818.936357142857,3.606191307358342,-1.0,STOP
swing_baseline,1655474100000,2022,0.5088579796875544,1655474400000,1655492400000,1842.024,1836.2151428571428,1860.3794285714287,1836.2151428571428,3.1599035954946504,-1.0,STOP
swing_baseline,1655492700000,2022,0.4778371200774176,1655493000000,1655840100000,1834.478,1828.5565714285713,1854.3437142857142,1828.5565714285713,3.354885404101171,-1.0,STOP
swing_baseline,1655856600000,2022,0.431803321184932,1655856900000,1655901900000,1827.948,1823.0960714285716,1846.0057142857145,1846.0057142857145,3.721760124839964,3.721760124839964,TARGET
swing_baseline,1655949300000,2022,0.4447108351819627,1655949600000,1655978400000,1832.968,1827.595142857143,1853.6594285714286,1827.595142857143,3.851103429938854,-1.0,STOP
swing_baseline,1655982300000,2022,0.5981191507669578,1655982600000,1655990400000,1826.778,1822.2109285714284,1837.9462857142858,1837.9462857142858,2.44539326545606,2.44539326545606,TARGET
swing_baseline,1656008100000,2022,0.4579927991337098,1656008400000,1656075900000,1823.828,1817.6536428571428,1845.0754285714283,1817.6536428571428,3.441237375782283,-1.0,STOP
swing_baseline,1656336600000,2022,0.551875892638314,1656336900000,1656342000000,1828.463,1823.2057142857143,1843.767142857143,1823.2057142857143,2.9110350262221654,-1.0,STOP
swing_baseline,1656342900000,2022,0.46992689524475234,1656343200000,1656484200000,1821.213,1816.4404285714286,1838.1732857142858,1816.4404285714286,3.553699712643746,-1.0,STOP
swing_baseline,1656484800000,2022,0.48448759593290547,1656485100000,1656495000000,1816.558,1813.606357142857,1825.0645714285715,1813.606357142857,2.8819785591557725,-1.0,STOP
swing_baseline,1656574500000,2022,0.4930064491756515,1656574800000,1656575100000,1814.923,1812.5602857142858,1823.7488571428573,1812.5602857142858,3.7354737287625044,-1.0,STOP
swing_baseline,1656578100000,2022,0.6076266981463883,1656578400000,1656586800000,1813.468,1809.893857142857,1821.8645714285715,1809.893857142857,2.3492545665293454,-1.0,STOP
swing_baseline,1656588600000,2022,0.5739670605615687,1656588900000,1656588900000,1809.828,1805.9878571428571,1820.2885714285715,1805.9878571428571,2.7240058033555585,-1.0,STOP
swing_baseline,1656589200000,2022,0.5335039461777618,1656589500000,1656592800000,1804.014,1800.1188571428572,1814.4195714285715,1814.4195714285715,2.6714222841636093,2.6714222841636093,TARGET
swing_baseline,1656645900000,2022,0.41648576561967643,1656646200000,1656653700000,1802.9,1796.4852142857144,1828.029142857143,1796.4852142857144,3.9173783780774367,-1.0,STOP
swing_baseline,1656659400000,2022,0.589970606150275,1656659700000,1656674100000,1793.983,1788.7291428571427,1806.5434285714284,1788.7291428571427,2.3907061478641034,-1.0,STOP
swing_baseline,1656675000000,2022,0.48705849854692873,1656675300000,1656684900000,1787.528,1783.7759999999998,1802.456,1802.456,3.978678038379309,3.978678038379309,TARGET
swing_baseline,1656929100000,2022,0.5311574739729045,1656929400000,1657019700000,1804.278,1800.1175,1818.71,1800.1175,3.4688138444898855,-1.0,STOP
swing_baseline,1657021200000,2022,0.4300209795117031,1657021500000,1657026600000,1798.364,1794.9125714285715,1810.1397142857145,1794.9125714285715,3.4118377483444413,-1.0,STOP
swing_baseline,1657026900000,2022,0.4980107365846027,1657027200000,1657028400000,1795.741,1789.4734285714285,1808.3312857142857,1789.4734285714285,2.008798121851692,-1.0,STOP
swing_baseline,1657028700000,2022,0.42963415349999673,1657029000000,1657029600000,1787.609,1783.4964285714286,1802.3542857142859,1783.4964285714286,3.5854175350842334,-1.0,STOP
swing_baseline,1657029900000,2022,0.4989915940086582,1657030200000,1657102200000,1770.168,1761.469285714286,1785.1628571428573,1761.469285714286,1.7238015470267427,-1.0,STOP
swing_baseline,1657102800000,2022,0.48784634214797873,1657103100000,1657115400000,1760.234,1756.0875714285714,1776.3697142857143,1756.0875714285714,3.891472868217151,-1.0,STOP
swing_baseline,1657116000000,2022,0.5542486007262657,1657116300000,1657119000000,1756.818,1749.4805,1775.118,1749.4805,2.494037478705244,-1.0,STOP
swing_baseline,1657119300000,2022,0.4661500377157198,1657119600000,1657120500000,1743.636,1737.3076428571428,1768.1394285714284,1737.3076428571428,3.872004695418554,-1.0,STOP
swing_baseline,1657121700000,2022,0.49294569215597167,1657122000000,1657564800000,1736.804,1729.9976428571429,1760.8294285714285,1734.274,3.5298512944830307,-0.371711320299325,864BAR_TIMEOUT
swing_baseline,1657568400000,2022,0.41450915670434896,1657568700000,1657587600000,1731.378,1727.3915,1747.474,1727.3915,4.037626991094968,-1.0,STOP
swing_baseline,1657588200000,2022,0.40221548018691505,1657588500000,1657589400000,1724.538,1720.6299285714285,1739.0702857142855,1739.0702857142855,3.71853124485945,3.71853124485945,TARGET
swing_baseline,1657647300000,2022,0.4415568839044905,1657647600000,1657715400000,1725.844,1720.1400714285714,1745.9797142857144,1720.1400714285714,3.5301483939640517,-1.0,STOP
swing_baseline,1657715700000,2022,0.5048191644759366,1657716000000,1657716000000,1714.0,1707.6403571428573,1722.8785714285716,1707.6403571428573,1.3960801931825146,-1.0,STOP
swing_baseline,1657779000000,2022,0.559886974291094,1657779300000,1657782000000,1725.768,1720.0164285714284,1741.9242857142856,1720.0164285714284,2.8090211370804137,-1.0,STOP
swing_baseline,1657782300000,2022,0.5719608361281201,1657782600000,1657796400000,1717.727,1710.6761428571428,1732.2854285714286,1710.6761428571428,2.0647742928924195,-1.0,STOP
swing_baseline,1657796700000,2022,0.5493039470395059,1657797000000,1657803600000,1712.284,1705.145142857143,1728.6594285714286,1705.145142857143,2.293844552949626,-1.0,STOP
swing_baseline,1657804800000,2022,0.5323904379144452,1657805100000,1657806300000,1705.213,1698.4865714285716,1724.5437142857145,1698.4865714285716,2.873845173622275,-1.0,STOP
swing_baseline,1657866300000,2022,0.45308665153746924,1657866600000,1657888200000,1704.554,1700.3277142857144,1721.229142857143,1700.3277142857144,3.9455786911844197,-1.0,STOP
swing_baseline,1657894500000,2022,0.47006229516257864,1657894800000,1658136000000,1699.901,1693.4934285714287,1720.766285714286,1720.766285714286,3.25634851626429,3.25634851626429,TARGET
swing_baseline,1658157000000,2022,0.5634572854658667,1658157300000,1658335200000,1711.538,1704.9777857142856,1730.7288571428571,1704.9777857142856,2.9253399823611312,-1.0,STOP
swing_baseline,1658335500000,2022,0.4274261092381254,1658335800000,1658346600000,1701.844,1697.5833571428573,1716.9565714285716,1697.5833571428573,3.547016714446261,-1.0,STOP
swing_baseline,1658346900000,2022,0.35131534878484155,1658347200000,1658365200000,1695.608,1691.0119285714286,1713.622285714286,1691.0119285714286,3.9194964643718673,-1.0,STOP
swing_baseline,1658365500000,2022,0.4218154352296429,1658365800000,1658387400000,1690.234,1685.5496428571428,1706.8414285714287,1685.5496428571428,3.54529513121181,-1.0,STOP
swing_baseline,1658391900000,2022,0.4899537702304618,1658392200000,1658394000000,1688.064,1683.8788571428572,1702.4245714285714,1683.8788571428572,3.4313216821408816,-1.0,STOP
swing_baseline,1658394300000,2022,0.4724890734276156,1658394600000,1658406900000,1683.388,1678.6452857142856,1697.358857142857,1697.358857142857,2.9457513780535174,2.9457513780535174,TARGET
swing_baseline,1658710800000,2022,0.5058678501933396,1658711100000,1658838000000,1721.938,1714.1987142857142,1742.045142857143,1714.1987142857142,2.598061836640469,-1.0,STOP
swing_baseline,1658897100000,2022,0.4567783131171808,1658897400000,1658944800000,1714.174,1710.8008571428572,1725.8365714285715,1725.8365714285715,3.4574792478402188,3.4574792478402188,TARGET
swing_baseline,1659103200000,2022,0.5405109180908555,1659103500000,1659346800000,1753.164,1747.281785714286,1770.5128571428572,1770.5128571428572,2.9493752352735134,2.9493752352735134,TARGET
swing_baseline,1659463200000,2022,0.45155948799541457,1659463500000,1659470100000,1767.458,1761.2469285714285,1790.4022857142857,1761.2469285714285,3.6940946466562,-1.0,STOP
swing_baseline,1659473700000,2022,0.431909682834502,1659477600000,1659614100000,1760.598,1753.5487857142857,1784.894857142857,1784.894857142857,3.4467468512195034,3.4467468512195034,TARGET
swing_baseline,1659685500000,2022,0.5770332962282517,1659685800000,1659687900000,1789.534,1785.4192142857144,1801.2631428571428,1785.4192142857144,2.850486919992311,-1.0,STOP
swing_baseline,1659692100000,2022,0.5081106172162625,1659692400000,1659702600000,1785.688,1782.362142857143,1798.6164285714285,1782.362142857143,3.8872471113783758,-1.0,STOP
swing_baseline,1659703500000,2022,0.4940513747191383,1659703800000,1659704100000,1771.068,1767.4650000000001,1783.93,1767.4650000000001,3.5698029419929664,-1.0,STOP
swing_baseline,1659704400000,2022,0.5093052127670161,1659704700000,1659960000000,1767.867,1760.972785714286,1784.6438571428573,1784.6438571428573,2.4334690579058136,2.4334690579058136,TARGET
swing_baseline,1660106100000,2022,0.43065899049079254,1660106400000,1660134600000,1789.868,1786.1876428571427,1804.3894285714287,1804.3894285714287,3.9456574478407815,3.9456574478407815,TARGET
swing_baseline,1660181400000,2022,0.43195774850424196,1660181700000,1660553400000,1787.368,1781.7764285714286,1808.4842857142855,1781.7764285714286,3.776449247592076,-1.0,STOP
swing_baseline,1660555500000,2022,0.4936470828157577,1660555800000,1660557300000,1782.454,1778.5345714285713,1794.3817142857142,1778.5345714285713,3.043227875783597,-1.0,STOP
swing_baseline,1660558200000,2022,0.5320159068709613,1660558500000,1660653000000,1777.19,1772.1131428571427,1789.0174285714284,1772.1131428571427,2.329675277167973,-1.0,STOP
swing_baseline,1660721100000,2022,0.5501466202893674,1660721400000,1660731900000,1775.418,1771.0556428571429,1783.6674285714284,1771.0556428571429,1.8910484174676627,-1.0,STOP
swing_baseline,1660734600000,2022,0.4902890424515929,1660734900000,1660734900000,1771.274,1767.809142857143,1781.7534285714285,1767.809142857143,3.024490805640432,-1.0,STOP
swing_baseline,1660738800000,2022,0.43724031636419786,1660739100000,1660749000000,1766.034,1762.5558571428571,1778.0665714285713,1762.5558571428571,3.4594816609847183,-1.0,STOP
swing_baseline,1660749300000,2022,0.4970596776232051,1660749600000,1660839000000,1763.592,1757.5081428571427,1779.4074285714285,1757.5081428571427,2.5995726395377554,-1.0,STOP
swing_baseline,1660839300000,2022,0.44950648735130744,1660839600000,1660882200000,1756.734,1752.7205000000001,1770.838,1752.7205000000001,3.514139778248602,-1.0,STOP
swing_baseline,1660882500000,2022,0.4896133023157799,1660882800000,1660919400000,1752.455,1748.0876428571428,1765.9194285714286,1748.0876428571428,3.082969432314438,-1.0,STOP
swing_baseline,1660919700000,2022,0.5220072378520496,1660920000000,1661151600000,1746.928,1741.6710714285714,1761.2207142857142,1741.6710714285714,2.718833648110538,-1.0,STOP
swing_baseline,1661152200000,2022,0.5339991227226304,1661152500000,1661154900000,1739.718,1736.691857142857,1748.3525714285713,1736.691857142857,2.8533257801065037,-1.0,STOP
swing_baseline,1661155200000,2022,0.537798048487093,1661155500000,1661158200000,1737.062,1733.420285714286,1746.498857142857,1733.420285714286,2.5913227679274224,-1.0,STOP
swing_baseline,1661160000000,2022,0.5286991832327371,1661160300000,1661170800000,1732.63,1729.1454285714285,1743.4082857142857,1729.1454285714285,3.09314529353869,-1.0,STOP
swing_baseline,1661171700000,2022,0.537483707924405,1661172000000,1661243700000,1729.368,1724.7272857142857,1742.1108571428572,1742.1108571428572,2.745882715099327,2.745882715099327,TARGET
swing_baseline,1661257200000,2022,0.5594455324785452,1661257500000,1661262300000,1733.558,1729.3082857142858,1745.4068571428572,1745.4068571428572,2.7881538254673623,2.7881538254673623,TARGET
swing_baseline,1661337900000,2022,0.5682526111380598,1661338200000,1661354100000,1744.168,1740.5960714285716,1754.1857142857143,1754.1857142857143,2.804567360569758,2.804567360569758,TARGET
swing_baseline,1661478900000,2022,0.42827633242974544,1661479200000,1661508000000,1752.504,1748.6132857142857,1766.6868571428572,1748.6132857142857,3.645309344593439,-1.0,STOP
swing_baseline,1661508300000,2022,0.47131210921158606,1661508600000,1661513400000,1747.862,1744.663857142857,1759.2345714285714,1744.663857142857,3.5559923169694554,-1.0,STOP
swing_baseline,1661514300000,2022,0.4736268561127679,1661514600000,1661523000000,1744.134,1740.6584285714287,1755.3362857142859,1755.3362857142859,3.2231493279626156,3.2231493279626156,TARGET
swing_baseline,1661525400000,2022,0.461437902313493,1661525700000,1661526600000,1740.678,1736.745,1755.96,1736.745,3.8855835240272234,-1.0,STOP
swing_baseline,1661526900000,2022,0.45686179817080397,1661527200000,1661735700000,1736.014,1729.9079285714286,1754.4082857142855,1729.9079285714286,3.0124583260221365,-1.0,STOP
swing_baseline,1661736000000,2022,0.45278831232367445,1661736300000,1661758800000,1727.098,1720.8233571428573,1746.4465714285714,1720.8233571428573,3.083613182309833,-1.0,STOP
swing_baseline,1661760600000,2022,0.5208126526179234,1661760900000,1661777400000,1720.598,1716.2757857142858,1735.936857142857,1735.936857142857,3.5488423592405494,3.5488423592405494,TARGET
swing_baseline,1661836500000,2022,0.5222478130774791,1661836800000,1661843700000,1734.108,1730.1333571428572,1747.2865714285715,1730.1333571428572,3.315661784527054,-1.0,STOP
swing_baseline,1661844000000,2022,0.48944340407754605,1661844300000,1661868900000,1729.351,1726.1220714285714,1740.1017142857143,1726.1220714285714,3.329498949231106,-1.0,STOP
swing_baseline,1661869200000,2022,0.4219191852536682,1661869500000,1661909700000,1725.004,1721.0312142857142,1739.185142857143,1721.0312142857142,3.569571549290813,-1.0,STOP
swing_baseline,1661910300000,2022,0.43735417181664604,1661910600000,1661934000000,1720.526,1717.1289285714286,1733.9042857142858,1717.1289285714286,3.9381820475618996,-1.0,STOP
swing_baseline,1661934600000,2022,0.5898120339629297,1661934900000,1661937900000,1715.674,1711.5484999999999,1723.396,1711.5484999999999,1.8717731184098387,-1.0,STOP
swing_baseline,1661939100000,2022,0.4696191670338823,1661939400000,1661956200000,1711.084,1708.169642857143,1722.2614285714287,1722.2614285714287,3.8352981544569937,3.8352981544569937,TARGET
swing_baseline,1661976000000,2022,0.40171856719546534,1661976300000,1661995800000,1709.814,1704.5344285714284,1729.4322857142856,1704.5344285714284,3.7158860297100014,-1.0,STOP
swing_baseline,1661996400000,2022,0.40722654902294436,1661996700000,1662036000000,1703.934,1699.2174285714286,1722.2502857142858,1699.2174285714286,3.883389871577521,-1.0,STOP
swing_baseline,1662036300000,2022,0.5710270486749852,1662036600000,1662043200000,1698.864,1690.741142857143,1711.2554285714284,1690.741142857143,1.5255012310938938,-1.0,STOP
swing_baseline,1662043500000,2022,0.5410300321428175,1662043800000,1662112800000,1689.601,1684.0403571428571,1707.178571428571,1707.178571428571,3.161068221813884,3.161068221813884,TARGET
swing_baseline,1662468300000,2022,0.5012645150247871,1662468600000,1662469500000,1711.698,1705.9364285714287,1728.394285714286,1705.9364285714287,2.8978701247180116,-1.0,STOP
swing_baseline,1662472800000,2022,0.4759391315839113,1662473100000,1662510000000,1703.069,1697.1889285714287,1722.284285714286,1697.1889285714287,3.2678660366129293,-1.0,STOP
swing_baseline,1662510300000,2022,0.4250558564606894,1662510600000,1662561000000,1694.824,1690.8164285714286,1710.2892857142856,1710.2892857142856,3.8590168609416646,3.8590168609416646,TARGET
swing_baseline,1662642300000,2022,0.4574029499600927,1662642600000,1662645600000,1712.885,1708.2929285714285,1729.473285714286,1708.2929285714285,3.6123753674812744,-1.0,STOP
swing_baseline,1662645900000,2022,0.48698310899586145,1662646200000,1662707400000,1707.6,1702.5295714285712,1725.5217142857143,1725.5217142857143,3.5345561096553664,3.5345561096553664,TARGET
swing_baseline,1662731700000,2022,0.5480516374500451,1662732000000,1662982500000,1713.323,1706.797142857143,1729.1014285714286,1729.1014285714286,2.417832359186527,2.417832359186527,TARGET
swing_baseline,1663030800000,2022,0.5672593580643335,1663031100000,1663072200000,1724.368,1718.8002142857142,1740.1391428571428,1718.8002142857142,2.832570013726925,-1.0,STOP
swing_baseline,1663072500000,2022,0.41633684421836176,1663072800000,1663073400000,1710.558,1705.0892857142858,1720.267857142857,1705.0892857142858,1.7755283299809492,-1.0,STOP
swing_baseline,1663073700000,2022,0.3647154700343625,1663074000000,1663074300000,1703.729,1697.9692857142857,1722.9928571428572,1697.9692857142857,3.3445855449178583,-1.0,STOP
swing_baseline,1663074600000,2022,0.36378195540521285,1663074900000,1663210800000,1697.854,1692.5482857142858,1717.5718571428574,1692.5482857142858,3.7163435648897103,-1.0,STOP
swing_baseline,1663216200000,2022,0.4285227721187277,1663216500000,1663217700000,1690.488,1687.4953571428573,1702.4585714285715,1687.4953571428573,4.000000000000152,-1.0,STOP
swing_baseline,1663218000000,2022,0.53650167577757,1663218300000,1663244400000,1687.178,1682.7787857142857,1698.5748571428574,1682.7787857142857,2.5906574225916645,-1.0,STOP
swing_baseline,1663245000000,2022,0.5643998446522102,1663245300000,1663253100000,1684.154,1678.5405,1695.678,1678.5405,2.05290816780979,-1.0,STOP
swing_baseline,1663253400000,2022,0.5329970825399687,1663253700000,1663257900000,1670.074,1662.9220714285714,1686.3517142857143,1662.9220714285714,2.275989493343399,-1.0,STOP
swing_baseline,1663258200000,2022,0.4932968925363297,1663258500000,1663314900000,1661.904,1654.6735,1688.6960000000001,1654.6735,3.7054145633082833,-1.0,STOP
swing_baseline,1663316100000,2022,0.5447894076545444,1663316400000,1663337100000,1654.898,1650.4658571428572,1668.3765714285717,1668.3765714285717,3.041095890411132,3.041095890411132,TARGET
swing_baseline,1663566600000,2022,0.4508375644552077,1663566900000,1663571400000,1667.298,1662.5287142857144,1686.0251428571428,1662.5287142857144,3.9266137486895967,-1.0,STOP
swing_baseline,1663571700000,2022,0.47283672460663695,1663572000000,1663632000000,1662.378,1658.6838571428573,1676.6045714285715,1676.6045714285715,3.8511156657259162,3.8511156657259162,TARGET
swing_baseline,1663661400000,2022,0.4892000559976604,1663661700000,1663668600000,1669.208,1666.1870714285715,1680.8817142857142,1666.1870714285715,3.864280140921565,-1.0,STOP
swing_baseline,1663668900000,2022,0.5256939044187641,1663669200000,1663680600000,1666.505,1662.8359285714287,1678.6962857142858,1662.8359285714287,3.322716919422944,-1.0,STOP
swing_baseline,1663680900000,2022,0.45013408313211667,1663681200000,1663741800000,1660.705,1656.9530714285713,1674.6077142857143,1674.6077142857143,3.7054847982942087,3.7054847982942087,TARGET
swing_baseline,1663783200000,2022,0.45893573918566455,1663783500000,1663783500000,1658.466,1653.9588571428571,1675.8545714285717,1653.9588571428571,3.8580031695722843,-1.0,STOP
swing_baseline,1663917300000,2022,0.6088991158149525,1663917600000,1663922700000,1668.594,1663.5999285714286,1679.4502857142857,1663.5999285714286,2.173834689703458,-1.0,STOP
swing_baseline,1663923000000,2022,0.521061278783283,1663923300000,1663925700000,1662.816,1659.4032857142856,1674.811857142857,1659.4032857142856,3.5150487672148607,-1.0,STOP
swing_baseline,1663926000000,2022,0.48631942257019417,1663926300000,1663926600000,1657.895,1654.2445,1671.3119999999997,1654.2445,3.675386933296758,-1.0,STOP
swing_baseline,1663929900000,2022,0.49895690412545907,1663930200000,1663930500000,1648.468,1644.1582857142857,1663.906857142857,1644.1582857142857,3.5823389021478813,-1.0,STOP
swing_baseline,1663959300000,2022,0.4447014826884467,1663959600000,1664153700000,1640.178,1632.2529285714286,1669.0732857142857,1632.2529285714286,3.6460599724201965,-1.0,STOP
swing_baseline,1664207100000,2022,0.5059479665005824,1664207400000,1664211900000,1635.265,1627.5685714285714,1660.2657142857142,1627.5685714285714,3.2483526682133967,-1.0,STOP
swing_baseline,1664212200000,2022,0.43605127606847677,1664212500000,1664349000000,1625.875,1619.1983571428573,1650.7465714285713,1619.1983571428573,3.72516127651841,-1.0,STOP
swing_baseline,1664349300000,2022,0.42781719025505915,1664349600000,1664367300000,1617.928,1614.219,1631.6640000000002,1631.6640000000002,3.7034241035319173,3.7034241035319173,TARGET
swing_baseline,1664428200000,2022,0.4848969261877652,1664428500000,1664430000000,1649.855,1645.2452857142857,1666.4438571428568,1645.2452857142857,3.5986736085284945,-1.0,STOP
swing_baseline,1664430300000,2022,0.5296105708271434,1664430600000,1664464200000,1643.828,1638.5382857142858,1659.736857142857,1659.736857142857,3.007507831911042,3.007507831911042,TARGET
swing_baseline,1664559900000,2022,0.45409664053929666,1664560200000,1664806800000,1660.965,1655.7225714285714,1681.8847142857144,1681.8847142857144,3.9904624356215357,3.9904624356215357,TARGET
swing_baseline,1664945700000,2022,0.5586759753715421,1664946000000,1664957400000,1718.238,1712.9199285714285,1735.3602857142855,1712.9199285714285,3.2196419217491647,-1.0,STOP
swing_baseline,1664957700000,2022,0.542548233974286,1664958000000,1664963400000,1712.672,1707.3457857142857,1728.3868571428573,1707.3457857142857,2.9504740702992094,-1.0,STOP
swing_baseline,1664963700000,2022,0.4632544184193401,1664964000000,1664978400000,1706.374,1701.1540714285716,1725.2737142857143,1701.1540714285716,3.6206844647573924,-1.0,STOP
swing_baseline,1665046500000,2022,0.4538878199164745,1665046800000,1665065700000,1714.004,1709.9130714285716,1729.9527142857144,1709.9130714285716,3.898556038622319,-1.0,STOP
swing_baseline,1665066300000,2022,0.5291060879601631,1665066600000,1665145800000,1709.242,1703.4117857142855,1727.1428571428569,1703.4117857142855,3.0703600700781783,-1.0,STOP
swing_baseline,1665146400000,2022,0.47690029198859746,1665146700000,1665146700000,1701.104,1697.2977857142857,1715.6988571428572,1697.2977857142857,3.8344812055472914,-1.0,STOP
swing_baseline,1665147000000,2022,0.58799866023368,1665147300000,1665158700000,1694.888,1686.8237857142856,1705.224857142857,1705.224857142857,1.2818182623406582,1.2818182623406582,TARGET
swing_baseline,1665371100000,2022,0.4271476456711853,1665371400000,1665388200000,1690.124,1683.6228571428571,1714.5985714285714,1683.6228571428571,3.764656763645923,-1.0,STOP
swing_baseline,1665388500000,2022,0.513432760589464,1665388800000,1665399000000,1682.714,1677.7723571428571,1699.3005714285714,1677.7723571428571,3.3564893109579232,-1.0,STOP
swing_baseline,1665399300000,2022,0.5602825069945242,1665399600000,1665408600000,1679.148,1673.211,1694.331,1673.211,2.557352198079881,-1.0,STOP
swing_baseline,1665408900000,2022,0.4743825330981466,1665409200000,1665413400000,1672.155,1667.3405714285714,1690.647714285714,1667.3405714285714,3.841102637903853,-1.0,STOP
swing_baseline,1665413700000,2022,0.5368241273861813,1665414000000,1665664200000,1667.358,1660.0698571428572,1687.4605714285715,1660.0698571428572,2.7582570515711184,-1.0,STOP
swing_baseline,1665665100000,2022,0.8044860986635398,1665665400000,1665674100000,1648.635,1641.5642857142857,1657.1828571428573,1657.1828571428573,1.2089099909081933,1.2089099909081933,TARGET
swing_baseline,1665738000000,2022,0.5108860096800599,1665738300000,1665739800000,1658.668,1653.3350714285714,1677.0847142857144,1653.3350714285714,3.4533960166620647,-1.0,STOP
swing_baseline,1665740100000,2022,0.5119378758873261,1665740400000,1665756000000,1651.625,1645.3680714285713,1669.1177142857143,1645.3680714285713,2.7957350137561208,-1.0,STOP
swing_baseline,1665760500000,2022,0.44194069812763426,1665760800000,1666163100000,1645.018,1637.9837857142857,1672.0048571428572,1637.9837857142857,3.8365133683322914,-1.0,STOP
swing_baseline,1666163700000,2022,0.4473644053829713,1666164000000,1666175400000,1638.477,1634.0565714285715,1651.6087142857143,1634.0565714285715,2.97068803929803,-1.0,STOP
swing_baseline,1666176000000,2022,0.5060180909985761,1666176300000,1666195800000,1633.488,1628.8622857142857,1647.885857142857,1628.8622857142857,3.112569487337776,-1.0,STOP
swing_baseline,1666196700000,2022,0.44021198801045097,1666197000000,1666233000000,1628.577,1622.9322142857145,1649.356142857143,1622.9322142857145,3.681121641970622,-1.0,STOP
swing_baseline,1666233300000,2022,0.433234124489839,1666233600000,1666264200000,1622.417,1618.101,1638.881,1638.881,3.814643188137377,3.814643188137377,TARGET
swing_baseline,1666293600000,2022,0.4427904224853901,1666293900000,1666335900000,1625.538,1619.4662857142857,1648.7248571428572,1619.4662857142857,3.8188320549621344,-1.0,STOP
swing_baseline,1666336200000,2022,0.5528418878382368,1666336500000,1666356900000,1618.017,1613.6523571428572,1630.7255714285716,1630.7255714285716,2.9117093527535016,2.9117093527535016,TARGET
swing_baseline,1666595700000,2022,0.5092999651435398,1666596000000,1666600800000,1651.067,1644.9829285714286,1671.0582857142858,1644.9829285714286,3.285840074198464,-1.0,STOP
swing_baseline,1666621200000,2022,0.5397707598357003,1666621500000,1666692900000,1644.587,1638.5076428571429,1664.7044285714285,1638.5076428571429,3.30913747929174,-1.0,STOP
swing_baseline,1666852800000,2022,0.4664035322230993,1666853100000,1666873200000,1661.787,1657.6585714285713,1677.3557142857142,1657.6585714285713,3.771099345997988,-1.0,STOP
swing_baseline,1666873500000,2022,0.5813490040326456,1666873800000,1666944300000,1660.675,1650.8264285714286,1670.0342857142857,1650.8264285714286,0.9503191180736944,-1.0,STOP
swing_baseline,1666945800000,2022,0.4918178658020228,1666946100000,1666959900000,1649.298,1644.062642857143,1662.7394285714286,1644.062642857143,2.5674329763285626,-1.0,STOP
swing_baseline,1666960200000,2022,0.7532593722282013,1666960500000,1667205000000,1649.727,1635.762857142857,1656.4385714285713,1635.762857142857,0.480628957840979,-1.0,STOP
swing_baseline,1667205600000,2022,0.550788710597818,1667205900000,1667244000000,1636.387,1632.4570714285712,1647.4067142857143,1632.4570714285712,2.8040495101691314,-1.0,STOP
swing_baseline,1667245500000,2022,0.3857601272835948,1667245800000,1667286300000,1632.417,1628.171214285714,1649.155142857143,1649.155142857143,3.9422957218080996,3.9422957218080996,TARGET
swing_baseline,1667401800000,2022,0.48552748874838897,1667402100000,1667412000000,1647.288,1643.307,1660.8120000000001,1660.8120000000001,3.397136397890011,3.397136397890011,TARGET
swing_baseline,1667415000000,2022,0.5600579473976954,1667415300000,1667416800000,1647.707,1641.0611428571428,1658.6404285714284,1641.0611428571428,1.645149502375199,-1.0,STOP
swing_baseline,1667417100000,2022,0.5120327774808052,1667417400000,1667459100000,1639.357,1631.3128571428572,1656.8885714285714,1631.3128571428572,2.1794206965138936,-1.0,STOP
swing_baseline,1667459400000,2022,0.4560133612903756,1667459700000,1667466600000,1630.238,1624.0094285714285,1651.8472857142856,1624.0094285714285,3.469380733944878,-1.0,STOP
swing_baseline,1667466900000,2022,0.4403578173595183,1667467200000,1667537700000,1622.307,1616.209357142857,1645.6625714285713,1645.6625714285713,3.8302622793349848,3.8302622793349848,TARGET
swing_baseline,1667805600000,2022,0.484882547806134,1667805900000,1667919900000,1667.377,1662.9447857142857,1684.205857142857,1684.205857142857,3.7969412257658814,3.7969412257658814,TARGET
swing_baseline,1667988300000,2022,0.5458600121551558,1667988600000,1668006300000,1705.727,1701.7035,1718.426,1718.426,3.156207282216926,3.156207282216926,TARGET
swing_baseline,1668022500000,2022,0.46052046599497676,1668022800000,1668087000000,1702.398,1696.8982142857142,1722.942142857143,1722.942142857143,3.7354442380872124,3.7354442380872124,TARGET
swing_baseline,1668405000000,2022,0.45575906224099166,1668405300000,1668497400000,1757.998,1752.8322857142857,1777.8108571428572,1777.8108571428572,3.835453539822984,3.835453539822984,TARGET
swing_baseline,1668531600000,2022,0.47343009212505116,1668531900000,1668661200000,1768.317,1761.7822142857144,1792.611142857143,1761.7822142857144,3.7176648048357546,-1.0,STOP
swing_baseline,1668661800000,2022,0.4784739114941292,1668662100000,1668690300000,1761.827,1757.215357142857,1777.2735714285716,1757.215357142857,3.3494726081501844,-1.0,STOP
swing_baseline,1668693300000,2022,0.4445620009057738,1668693600000,1668782700000,1756.417,1751.5534285714286,1774.3212857142858,1751.5534285714286,3.6813041562639084,-1.0,STOP
swing_baseline,1668783000000,2022,0.5537036076686209,1668783300000,1668993300000,1751.825,1746.1569285714286,1765.3722857142857,1746.1569285714286,2.3901049739770097,-1.0,STOP
swing_baseline,1668993600000,2022,0.39935623926688163,1668993900000,1669021800000,1745.108,1739.9612857142856,1764.7448571428572,1739.9612857142856,3.8154162156160583,-1.0,STOP
swing_baseline,1669022100000,2022,0.5290496476269758,1669022400000,1669046400000,1740.698,1735.568857142857,1752.7145714285716,1735.568857142857,2.34280303030296,-1.0,STOP
swing_baseline,1669046700000,2022,0.4683540956050217,1669047000000,1669210200000,1734.118,1730.1356428571428,1749.9974285714286,1730.1356428571428,3.987444621814084,-1.0,STOP
swing_baseline,1669336500000,2022,0.5242698294073742,1669336800000,1669369500000,1752.998,1749.4910714285716,1763.525714285714,1749.4910714285716,3.001975680795137,-1.0,STOP
swing_baseline,1669369800000,2022,0.48856023832929124,1669370100000,1669383900000,1749.837,1746.144857142857,1761.1605714285713,1746.144857142857,3.0669375120912252,-1.0,STOP
swing_baseline,1669646400000,2022,0.6081109988208144,1669646700000,1669661700000,1748.127,1740.3818571428571,1763.0075714285715,1740.3818571428571,1.9212778515567643,-1.0,STOP
swing_baseline,1669662000000,2022,0.4714296416411339,1669662300000,1669798800000,1740.298,1734.3749285714287,1760.0902857142858,1760.0902857142858,3.341557830758708,3.341557830758708,TARGET
swing_baseline,1669821300000,2022,0.47536425611296246,1669821600000,1669832700000,1750.908,1746.6805714285715,1766.9177142857145,1746.6805714285715,3.7871046228712846,-1.0,STOP
swing_baseline,1669987800000,2022,0.77858882643274,1669988100000,1669988700000,1786.738,1779.6681428571428,1794.2624285714285,1779.6681428571428,1.064297116530909,-1.0,STOP
swing_baseline,1670235600000,2022,0.4977201792912787,1670235900000,1670250300000,1794.288,1789.9136428571428,1809.3354285714286,1789.9136428571428,3.439917702192921,-1.0,STOP
swing_baseline,1670250600000,2022,0.5288583292328025,1670250900000,1670251800000,1790.837,1784.8912857142857,1805.7748571428572,1784.8912857142857,2.512373858721768,-1.0,STOP
swing_baseline,1670252100000,2022,0.4417311249219297,1670252400000,1670252400000,1783.937,1778.9620714285713,1802.4417142857144,1778.9620714285713,3.7195939640196327,-1.0,STOP
swing_baseline,1670252700000,2022,0.44468369300051097,1670253000000,1670260200000,1776.048,1770.3110714285715,1793.7907142857146,1770.3110714285715,3.0927200966172363,-1.0,STOP
swing_baseline,1670263500000,2022,0.5132277337414367,1670263800000,1670438700000,1768.757,1762.696357142857,1789.4045714285717,1789.4045714285717,3.406828601397746,3.406828601397746,TARGET
swing_baseline,1670809800000,2022,0.44568223064930557,1670810100000,1670859300000,1790.097,1784.1179285714286,1811.4632857142856,1784.1179285714286,3.573512370530546,-1.0,STOP
swing_baseline,1670859600000,2022,0.5369559332993366,1670859900000,1670869800000,1784.637,1779.4307142857142,1797.217142857143,1779.4307142857142,2.416337394358497,-1.0,STOP
swing_baseline,1670870100000,2022,0.4839123922160259,1670870400000,1670938200000,1779.235,1775.1470714285715,1794.7867142857144,1794.7867142857144,3.8043018643744277,3.8043018643744277,TARGET
swing_baseline,1671005100000,2022,0.5816662372889513,1671005400000,1671044400000,1807.255,1803.0749999999998,1819.54,1803.0749999999998,2.9389952153107655,-1.0,STOP
swing_baseline,1671072900000,2022,0.38774665939400826,1671073200000,1671090600000,1793.815,1788.8107857142859,1813.8318571428572,1788.8107857142859,4.000000000000091,-1.0,STOP
swing_baseline,1671091500000,2022,0.4551584898612102,1671091800000,1671092400000,1786.195,1779.9993571428572,1806.0375714285715,1779.9993571428572,3.2026654676674546,-1.0,STOP
swing_baseline,1671093000000,2022,0.5858928133791256,1671093300000,1671410700000,1777.805,1768.400357142857,1794.4385714285713,1794.4385714285713,1.7686552994341218,1.7686552994341218,TARGET
swing_baseline,1671460500000,2022,0.5095971112268365,1671460800000,1671465300000,1789.595,1785.8303571428573,1801.6135714285715,1785.8303571428573,3.1924864813586598,-1.0,STOP
swing_baseline,1671465600000,2022,0.508086755019296,1671465900000,1671525600000,1784.815,1780.455,1798.655,1798.655,3.174311926605393,3.174311926605393,TARGET
swing_baseline,1671605100000,2022,0.5655866708415251,1671605400000,1671716700000,1813.895,1809.080357142857,1825.6685714285713,1809.080357142857,2.44536755433571,-1.0,STOP
swing_baseline,1671717000000,2022,0.408715359027047,1671717300000,1671719100000,1807.885,1804.6465714285714,1819.5387142857141,1804.6465714285714,3.598570735365423,-1.0,STOP
swing_baseline,1671719400000,2022,0.41023337876993454,1671719700000,1671722400000,1800.195,1796.1056428571428,1814.8024285714287,1796.1056428571428,3.5720598766834306,-1.0,STOP
swing_baseline,1671723900000,2022,0.48852809582583573,1671724200000,1671732000000,1795.745,1790.245857142857,1811.4915714285714,1790.245857142857,2.863459240401078,-1.0,STOP
swing_baseline,1671733200000,2022,0.5058838929336951,1671733500000,1672108200000,1787.445,1781.452,1805.067,1805.067,2.94043050225267,2.94043050225267,TARGET
swing_baseline,1672210800000,2022,0.45740565674582373,1672211100000,1672218000000,1807.767,1801.4044999999999,1831.172,1801.4044999999999,3.6785854616894778,-1.0,STOP
swing_baseline,1672221300000,2022,0.48828607860517864,1672221600000,1672324800000,1799.998,1795.6005714285714,1816.2227142857143,1816.2227142857143,3.689591319602268,3.689591319602268,TARGET
swing_baseline,1672396200000,2022,0.5625770902541094,1672396500000,1672409100000,1814.168,1810.6046428571428,1823.4564285714284,1823.4564285714284,2.6066510313308613,2.6066510313308613,TARGET
swing_baseline,1672760100000,2023,0.5035521870056381,1672760400000,1672817400000,1829.315,1820.7365714285716,1854.6787142857145,1854.6787142857145,2.95668537361159,2.95668537361159,TARGET
swing_baseline,1672905900000,2023,0.44941692081361384,1672906200000,1672926300000,1845.625,1840.8389285714286,1863.9292857142857,1840.8389285714286,3.82449070964855,-1.0,STOP
swing_baseline,1672926600000,2023,0.45778577347922506,1672926900000,1672931700000,1835.385,1830.4162142857144,1852.5601428571429,1830.4162142857144,3.456607679369891,-1.0,STOP
swing_baseline,1672932000000,2023,0.45344688313082704,1672932300000,1673012700000,1828.908,1822.4316428571428,1850.3584285714287,1850.3584285714287,3.312113291202138,3.312113291202138,TARGET
swing_baseline,1673284500000,2023,0.4570290392219294,1673284800000,1673526000000,1870.105,1865.8189285714286,1887.2992857142858,1887.2992857142858,4.011665694525499,4.011665694525499,TARGET
swing_baseline,1673856600000,2023,0.4633342260541129,1673856900000,1673928900000,1913.395,1908.3684285714285,1932.2512857142858,1908.3684285714285,3.75132154834305,-1.0,STOP
swing_baseline,1673933700000,2023,0.42962990680165636,1673934000000,1673950200000,1909.175,1905.3375,1924.2749999999999,1905.3375,3.934853420195556,-1.0,STOP
swing_baseline,1673950500000,2023,0.4835011194154769,1673950800000,1674009600000,1905.605,1900.984357142857,1920.3875714285712,1900.984357142857,3.1992456213574734,-1.0,STOP
swing_baseline,1674012600000,2023,0.38291142429935776,1674012900000,1674048600000,1900.125,1894.9185714285716,1920.4507142857144,1920.4507142857144,3.903964878584296,3.903964878584296,TARGET
swing_baseline,1674093000000,2023,0.47793579342881093,1674093300000,1674141300000,1901.455,1896.384785714286,1920.835857142857,1920.835857142857,3.8224927095222383,3.8224927095222383,TARGET
swing_baseline,1674225000000,2023,0.5584641433301668,1674225300000,1674482700000,1922.165,1916.0882857142858,1938.721857142857,1916.0882857142858,2.724639725415569,-1.0,STOP
swing_baseline,1674483000000,2023,0.538501382415719,1674483300000,1674523800000,1917.525,1910.8887142857143,1933.020142857143,1933.020142857143,2.3349119559133378,2.3349119559133378,TARGET
swing_baseline,1674568200000,2023,0.4788776988069838,1674568500000,1674571500000,1930.665,1926.7500000000002,1944.275,1926.7500000000002,3.4763729246490533,-1.0,STOP
swing_baseline,1674571800000,2023,0.5493349100999567,1674572100000,1674572400000,1925.805,1921.0865,1940.379,1921.0865,3.0886934407119417,-1.0,STOP
swing_baseline,1674572700000,2023,0.6407795944222158,1674573000000,1674575100000,1920.765,1912.5317142857143,1935.1981428571428,1935.1981428571428,1.7530234414310886,1.7530234414310886,TARGET
swing_baseline,1674641400000,2023,0.4731512812832843,1674641700000,1674654900000,1923.745,1919.7082142857143,1939.3421428571428,1919.7082142857143,3.863752985933113,-1.0,STOP
swing_baseline,1674724500000,2023,0.622903439549393,1674724800000,1674739800000,1938.175,1931.8185714285714,1952.5007142857141,1931.8185714285714,2.2537363748735824,-1.0,STOP
swing_baseline,1674744300000,2023,0.6012938824010664,1674744600000,1674748500000,1931.795,1924.6726428571428,1947.9944285714284,1924.6726428571428,2.2744476647979064,-1.0,STOP
swing_baseline,1674750000000,2023,0.4957189446160688,1674750300000,1675145100000,1918.935,1912.821357142857,1941.8495714285712,1912.821357142857,3.7481043567664507,-1.0,STOP
swing_baseline,1675145400000,2023,0.5089653776420442,1675145700000,1675152600000,1913.485,1908.7239285714286,1924.7292857142857,1908.7239285714286,2.361713299827535,-1.0,STOP
swing_baseline,1675153800000,2023,0.5855443418693885,1675154100000,1675159200000,1906.725,1902.2629285714286,1918.1732857142856,1902.2629285714286,2.5656885815364934,-1.0,STOP
swing_baseline,1675164600000,2023,0.47367450761843755,1675164900000,1675171800000,1901.375,1897.2192857142857,1916.547857142857,1916.547857142857,3.6510828463388867,3.6510828463388867,TARGET
swing_baseline,1675236600000,2023,0.47320066306191133,1675236900000,1675271400000,1924.805,1921.977357142857,1934.1755714285714,1921.977357142857,3.3139161846058363,-1.0,STOP
swing_baseline,1675344600000,2023,0.5910450792669963,1675344900000,1675345800000,1952.765,1945.7574285714286,1966.5952857142856,1945.7574285714286,1.9736203698040415,-1.0,STOP
swing_baseline,1675346100000,2023,0.5218178277064643,1675346400000,1675348800000,1944.225,1938.6722142857143,1961.496142857143,1938.6722142857143,3.110356449144028,-1.0,STOP
swing_baseline,1675349100000,2023,0.5635205146041281,1675349400000,1675349700000,1933.965,1927.5702142857142,1950.394142857143,1927.5702142857142,2.569146737855641,-1.0,STOP
swing_baseline,1675350000000,2023,0.4617809191142927,1675350300000,1675359900000,1921.905,1914.011642857143,1944.2784285714285,1914.011642857143,2.8344629751961987,-1.0,STOP
swing_baseline,1675360200000,2023,0.4822801058112136,1675360500000,1675431000000,1912.455,1905.114142857143,1940.0684285714285,1905.114142857143,3.761608220137868,-1.0,STOP
swing_baseline,1675431300000,2023,0.44343367361210945,1675431600000,1675431600000,1892.607,1887.2001428571427,1905.8344285714284,1887.2001428571427,2.44641724793905,-1.0,STOP
swing_baseline,1675431900000,2023,0.5863089007596637,1675432200000,1675433700000,1884.485,1879.9281428571428,1898.5624285714284,1879.9281428571428,3.089284594645453,-1.0,STOP
swing_baseline,1675436400000,2023,0.5361876949959479,1675436700000,1675440900000,1873.795,1867.3025714285716,1899.724714285714,1867.3025714285716,3.9938389772702325,-1.0,STOP
swing_baseline,1675441500000,2023,0.5199024324794034,1675441800000,1675884900000,1866.048,1858.4828571428573,1894.8085714285714,1876.995,3.8017221844550764,1.447031497847276,864BAR_TIMEOUT
swing_baseline,1675956300000,2023,0.46158011986830133,1675956600000,1675958400000,1874.815,1869.4945714285716,1894.5467142857144,1869.4945714285716,3.708670085653768,-1.0,STOP
swing_baseline,1675958700000,2023,0.5825537385748611,1675959000000,1675971600000,1870.405,1860.1080714285715,1886.7077142857142,1860.1080714285715,1.58325991800608,-1.0,STOP
swing_baseline,1675973100000,2023,0.5067529946954702,1675973400000,1676304600000,1861.495,1852.3245000000002,1888.292,1852.3245000000002,2.9220871272014444,-1.0,STOP
swing_baseline,1676306400000,2023,0.4523469672395323,1676306700000,1676381400000,1852.595,1847.3797857142856,1870.3058571428571,1870.3058571428571,3.3959979729636287,3.3959979729636287,TARGET
swing_baseline,1676384700000,2023,0.5533760229442986,1676385000000,1676442600000,1849.205,1842.7486428571426,1867.6804285714288,1842.7486428571426,2.8615871400280746,-1.0,STOP
swing_baseline,1676443200000,2023,0.3892478865984274,1676443500000,1676448000000,1842.385,1834.9907857142855,1870.0118571428573,1834.9907857142855,3.736280296370624,-1.0,STOP
swing_baseline,1676448300000,2023,0.45873879793802597,1676448600000,1676599200000,1834.635,1826.8425,1853.1050000000002,1826.8425,2.3702277831248266,-1.0,STOP
swing_baseline,1676603700000,2023,0.4098981615473814,1676604000000,1676620800000,1828.325,1821.429285714286,1852.0078571428571,1821.429285714286,3.4344313238036768,-1.0,STOP
swing_baseline,1676621100000,2023,0.4779350263637371,1676621400000,1676647200000,1820.495,1815.621,1836.491,1836.491,3.2819039803038086,3.2819039803038086,TARGET
swing_baseline,1676914800000,2023,0.5162421207585599,1676915100000,1676950500000,1841.205,1837.7211428571427,1852.7904285714283,1837.7211428571427,3.325460286217915,-1.0,STOP
swing_baseline,1676950800000,2023,0.5060053053054971,1676951100000,1676964300000,1837.865,1834.3726428571429,1848.8794285714284,1834.3726428571429,3.153866606671668,-1.0,STOP
swing_baseline,1676965500000,2023,0.5378644742476403,1676965800000,1676982000000,1834.555,1830.7055714285714,1844.5527142857138,1830.7055714285714,2.597194388777338,-1.0,STOP
swing_baseline,1676982300000,2023,0.4743445469599457,1676982600000,1676990100000,1830.835,1826.9935,1843.1509999999996,1843.1509999999996,3.206039307562043,3.206039307562043,TARGET
swing_baseline,1677061500000,2023,0.5164951420192966,1677061800000,1677069000000,1833.004,1829.1125714285715,1843.6747142857146,1843.6747142857146,2.742107195301262,2.742107195301262,TARGET
swing_baseline,1677078600000,2023,0.5343510738403201,1677078900000,1677093300000,1832.775,1827.0167857142856,1848.107857142857,1827.0167857142856,2.66277987967485,-1.0,STOP
swing_baseline,1677094200000,2023,0.48935725893320137,1677094500000,1677159000000,1826.985,1820.4092142857144,1845.3381428571429,1820.4092142857144,2.791018998272982,-1.0,STOP
swing_baseline,1677159600000,2023,0.6059576622121148,1677159900000,1677245400000,1819.895,1814.1087142857143,1830.5401428571429,1814.1087142857143,1.8397195338732197,-1.0,STOP
swing_baseline,1677246000000,2023,0.5155311342664078,1677246300000,1677469200000,1814.545,1808.108642857143,1825.0554285714286,1808.108642857143,1.6329778379518156,-1.0,STOP
swing_baseline,1677562500000,2023,0.5049093073544267,1677562800000,1677571500000,1812.674,1808.7327142857143,1825.389142857143,1808.7327142857143,3.226140853238722,-1.0,STOP
swing_baseline,1677571800000,2023,0.49961880830130284,1677572100000,1677596400000,1807.765,1803.9666428571427,1819.0084285714286,1819.0084285714286,2.960076724899625,2.960076724899625,TARGET
swing_baseline,1677741300000,2023,0.4540685534077629,1677741600000,1677834300000,1830.524,1826.215357142857,1845.6635714285712,1845.6635714285712,3.5137680078248423,3.5137680078248423,TARGET
swing_baseline,1678096500000,2023,0.5121841741340486,1678096800000,1678128300000,1851.355,1847.0314285714287,1864.3992857142857,1847.0314285714287,3.0170163555262643,-1.0,STOP
swing_baseline,1678129200000,2023,0.4491563782244452,1678129500000,1678189200000,1846.215,1842.0737142857142,1860.9301428571428,1842.0737142857142,3.553278829901016,-1.0,STOP
swing_baseline,1678189500000,2023,0.47164678486415973,1678189800000,1678194300000,1841.515,1838.5935000000002,1851.666,1838.5935000000002,3.474584973472567,-1.0,STOP
swing_baseline,1678194600000,2023,0.486217647708577,1678194900000,1678195500000,1838.095,1834.479,1848.809,1834.479,2.962942477876102,-1.0,STOP
swing_baseline,1678195800000,2023,0.4617274081167359,1678196100000,1678200000000,1834.115,1830.459,1844.789,1830.459,2.919584245076621,-1.0,STOP
swing_baseline,1678200300000,2023,0.4717143324559954,1678200600000,1678201200000,1830.445,1826.5559285714287,1842.8512857142857,1826.5559285714287,3.1900380186237873,-1.0,STOP
swing_baseline,1678201500000,2023,0.4438941923026951,1678201800000,1678203000000,1824.745,1820.5153571428573,1838.0285714285715,1820.5153571428573,3.1405893776916836,-1.0,STOP
swing_baseline,1678203600000,2023,0.5254816344004986,1678203900000,1678204200000,1820.025,1816.3223571428573,1833.8355714285715,1816.3223571428573,3.7299226421282663,-1.0,STOP
swing_baseline,1678212600000,2023,0.5193320001299556,1678212900000,1678245300000,1815.495,1809.8735000000001,1833.531,1809.8735000000001,3.2083963354978007,-1.0,STOP
swing_baseline,1678245600000,2023,0.4815785961513619,1678245900000,1678371600000,1809.795,1804.9412857142859,1827.4748571428572,1827.4748571428572,3.6425417942077374,3.6425417942077374,TARGET
swing_baseline,1678771500000,2023,0.44818047601910643,1678771800000,1678801500000,1901.535,1895.671,1924.2909999999997,1895.671,3.880627557980816,-1.0,STOP
swing_baseline,1678857300000,2023,0.4369721180237777,1678857600000,1678867200000,1899.915,1895.9472857142857,1914.850857142857,1895.9472857142857,3.7643479513213904,-1.0,STOP
swing_baseline,1678867500000,2023,0.41066306755973825,1678867800000,1678869000000,1889.715,1885.835,1902.3349999999998,1885.835,3.2525773195877,-1.0,STOP
swing_baseline,1679321400000,2023,0.5483813580265651,1679321700000,1679406000000,1968.305,1955.6279285714286,2006.2282857142857,1955.6279285714286,2.9914863166909686,-1.0,STOP
swing_baseline,1679406300000,2023,0.4589797144191209,1679406600000,1679407800000,1953.345,1947.0870714285713,1974.0267142857142,1947.0870714285713,3.3048818070789387,-1.0,STOP
swing_baseline,1679408100000,2023,0.4243504546562328,1679408400000,1679419500000,1946.965,1938.949,1969.8790000000001,1938.949,2.858532934131817,-1.0,STOP
swing_baseline,1679423700000,2023,0.5313074225036596,1679424000000,1679510100000,1938.215,1929.7601428571427,1966.9844285714287,1966.9844285714287,3.4027101919437537,3.4027101919437537,TARGET
swing_baseline,1679646900000,2023,0.5042424307702554,1679647200000,1679679300000,1983.778,1977.4062857142858,2004.3648571428573,1977.4062857142858,3.2309761894085973,-1.0,STOP
swing_baseline,1679679600000,2023,0.49792865806992387,1679679900000,1679897400000,1977.525,1968.025285714286,2005.5738571428572,1968.025285714286,2.95260007819787,-1.0,STOP
swing_baseline,1679898000000,2023,0.46581064074441014,1679898300000,1679909400000,1967.285,1960.9990714285716,1988.6287142857143,1960.9990714285716,3.39547515425614,-1.0,STOP
swing_baseline,1679910300000,2023,0.5537647854571972,1679910600000,1679911800000,1958.538,1952.0695714285714,1976.0467142857144,1952.0695714285714,2.706795644780146,-1.0,STOP
swing_baseline,1679913300000,2023,0.4753765856628676,1679913600000,1679921700000,1950.108,1944.3287857142857,1971.2098571428571,1944.3287857142857,3.651336686895174,-1.0,STOP
swing_baseline,1679924700000,2023,0.6273337377894351,1679925000000,1680015300000,1946.455,1937.7938571428572,1968.2995714285714,1968.2995714285714,2.5221349871346965,2.5221349871346965,TARGET
swing_baseline,1680066600000,2023,0.5169691023429831,1680066900000,1680070500000,1966.055,1961.618642857143,1981.3504285714287,1961.618642857143,3.447745093303744,-1.0,STOP
swing_baseline,1680070800000,2023,0.5370151436987651,1680071100000,1680140400000,1961.794,1956.9212142857143,1974.3901428571428,1956.9212142857143,2.584998314252558,-1.0,STOP
swing_baseline,1680144600000,2023,0.4529188103350522,1680144900000,1680192000000,1958.325,1952.941,1977.526,1977.526,3.5663075780089097,3.5663075780089097,TARGET
swing_baseline,1680247500000,2023,0.48000739757096006,1680247800000,1680251700000,1977.675,1974.1421428571427,1990.9064285714287,1974.1421428571427,3.7452486858066916,-1.0,STOP
swing_baseline,1680252000000,2023,0.561221819591677,1680252300000,1680265800000,1974.365,1969.7619285714286,1986.427285714286,1986.427285714286,2.6204863212451954,2.6204863212451954,TARGET
swing_baseline,1680282900000,2023,0.4486302268560245,1680283200000,1680472800000,1971.414,1965.9424285714285,1992.9202857142857,1965.9424285714285,3.9305501161849365,-1.0,STOP
swing_baseline,1680473100000,2023,0.5208487245277631,1680473400000,1680479700000,1966.185,1957.4770714285714,1987.7167142857143,1957.4770714285714,2.472656282041838,-1.0,STOP
swing_baseline,1680480000000,2023,0.46485533491148373,1680480300000,1680491700000,1958.845,1950.4489285714285,1981.8242857142857,1950.4489285714285,2.736909268790635,-1.0,STOP
swing_baseline,1680589800000,2023,0.5653882536105864,1680590100000,1680615600000,1977.495,1973.2573571428572,1991.0955714285712,1991.0955714285712,3.2094661789743033,3.2094661789743033,TARGET
swing_baseline,1680703800000,2023,0.7382146165453195,1680704100000,1680705000000,2024.895,2014.477142857143,2036.3114285714287,2014.477142857143,1.095851902639728,-1.0,STOP
swing_baseline,1680748200000,2023,0.41426362956507834,1680748500000,1680788700000,2010.045,2003.9435,2031.901,2003.9435,3.5820699827911233,-1.0,STOP
swing_baseline,1680789300000,2023,0.5245121672316186,1680789600000,1681077900000,2003.598,1995.9127857142857,2021.3488571428572,1995.9127857142857,2.3097413400500444,-1.0,STOP
swing_baseline,1681086900000,2023,0.4577702117401942,1681087200000,1681092600000,2000.395,1994.3625714285715,2020.9397142857142,1994.3625714285715,3.4057119852227826,-1.0,STOP
swing_baseline,1681093200000,2023,0.4879792547703979,1681093500000,1681131600000,1994.935,1988.06,2015.78,1988.06,3.032000000000004,-1.0,STOP
swing_baseline,1681131900000,2023,0.5585050819605465,1681132200000,1681137300000,1989.305,1981.8190714285713,2006.2987142857144,1981.8190714285713,2.2700876883294785,-1.0,STOP
swing_baseline,1681307100000,2023,0.5309363035241508,1681307400000,1681371000000,2002.875,1995.6020714285714,2023.716714285714,2023.716714285714,2.8656563970104076,2.8656563970104076,TARGET
swing_baseline,1681458300000,2023,0.5561982207883538,1681458600000,1681460400000,2037.465,2032.9025,2050.865,2032.9025,2.936986301369833,-1.0,STOP
swing_baseline,1681460700000,2023,0.5165851960694068,1681461000000,1681475700000,2032.005,2028.0321428571428,2046.5114285714287,2028.0321428571428,3.651384394102739,-1.0,STOP
swing_baseline,1681476000000,2023,0.5520341481922156,1681476300000,1681476300000,2022.925,2018.769,2039.094,2018.769,3.8905197305101766,-1.0,STOP
swing_baseline,1681476600000,2023,0.5677694666010618,1681476900000,1681481100000,2021.615,2013.06,2033.385,2013.06,1.3758036236119104,-1.0,STOP
swing_baseline,1681481700000,2023,0.4768939501605384,1681482000000,1681483200000,2011.685,2005.0050714285715,2035.5547142857145,2005.0050714285715,3.5733487312739354,-1.0,STOP
swing_baseline,1681483500000,2023,0.48617454161221335,1681483800000,1681484400000,2002.175,1995.7850714285714,2026.3347142857144,1995.7850714285714,3.780905219150728,-1.0,STOP
swing_baseline,1681488600000,2023,0.46246080696922287,1681488900000,1681742700000,1992.735,1984.717642857143,2023.3544285714286,1984.717642857143,3.8191423964078703,-1.0,STOP
swing_baseline,1681824300000,2023,0.5028427554289442,1681824600000,1681826700000,1993.335,1988.8318571428572,2007.8425714285715,2007.8425714285715,3.2216547173402947,3.2216547173402947,TARGET
swing_baseline,1681884300000,2023,0.4325986000445308,1681884600000,1681884900000,1996.755,1992.076857142857,2014.6675714285716,1992.076857142857,3.8289919687298304,-1.0,STOP
swing_baseline,1681885500000,2023,0.5802977936037788,1681885800000,1681893300000,1990.665,1982.356857142857,2004.9475714285716,1982.356857142857,1.719105180803696,-1.0,STOP
swing_baseline,1681893600000,2023,0.519241669617287,1681893900000,1681896900000,1977.505,1972.919142857143,1994.5634285714286,1972.919142857143,3.7197906607271087,-1.0,STOP
swing_baseline,1681899300000,2023,0.5214324017122023,1681899600000,1681911900000,1972.295,1965.8393571428571,1992.7175714285713,1992.7175714285713,3.163522499695653,3.163522499695653,TARGET
swing_baseline,1682055000000,2023,0.45452258803019435,1682055300000,1682058300000,1996.115,1992.1078571428573,2011.5935714285715,1992.1078571428573,3.862745098039337,-1.0,STOP
swing_baseline,1682058600000,2023,0.6090192097967434,1682058900000,1682084700000,1986.525,1980.1625714285713,1998.119714285714,1980.1625714285713,1.8223724094571785,-1.0,STOP
swing_baseline,1682085000000,2023,0.34917446442329814,1682085300000,1682379600000,1973.815,1967.4414285714286,1994.8592857142858,1994.8592857142858,3.3018043258993255,3.3018043258993255,TARGET
swing_baseline,1682412600000,2023,0.5405827819319976,1682412900000,1682420100000,1987.828,1982.346142857143,2004.6054285714285,1982.346142857143,3.060537356995855,-1.0,STOP
swing_baseline,1682420400000,2023,0.5305729208634784,1682420700000,1682445300000,1981.405,1974.7645714285713,1998.9667142857143,1998.9667142857143,2.6446657917948273,2.6446657917948273,TARGET
swing_baseline,1682509200000,2023,0.646987824631962,1682509500000,1682515200000,1993.305,1987.6925,2005.6550000000002,2005.6550000000002,2.200445434298483,2.200445434298483,TARGET
swing_baseline,1682524800000,2023,0.4518662044551148,1682525100000,1682530200000,1989.675,1984.0379285714287,2010.6232857142857,1984.0379285714287,3.716164675173369,-1.0,STOP
swing_baseline,1682598900000,2023,0.5785868786878394,1682599200000,1682599200000,1989.245,1982.4533571428572,2002.3115714285711,1982.4533571428572,1.9239191022580362,-1.0,STOP
swing_baseline,1682601300000,2023,0.44873415821260926,1682601600000,1682602800000,1980.148,1974.5431428571428,2001.2524285714285,1974.5431428571428,3.7653820665749387,-1.0,STOP
swing_baseline,1682665500000,2023,0.5797384605600238,1682665800000,1682685000000,1983.705,1978.4672142857141,1996.106142857143,1978.4672142857141,2.367630814548122,-1.0,STOP
swing_baseline,1682911800000,2023,0.4862991330316518,1682912100000,1682944500000,1981.895,1975.5415,2000.4089999999999,2000.4089999999999,2.9139844180373133,2.9139844180373133,TARGET
swing_baseline,1683014700000,2023,0.6261928963215911,1683015000000,1683025500000,1980.095,1975.784642857143,1989.7514285714285,1989.7514285714285,2.240285027757049,2.240285027757049,TARGET
swing_baseline,1683116100000,2023,0.839526889940876,1683116400000,1683120000000,2012.504,2004.811,2017.826,2017.826,0.6917977382035783,0.6917977382035783,TARGET
swing_baseline,1683271200000,2023,0.5199039065615528,1683271500000,1683279900000,2042.255,2037.3877142857143,2057.2741428571426,2037.3877142857143,3.08573273458353,-1.0,STOP
swing_baseline,1683280800000,2023,0.5012250654546885,1683281100000,1683289500000,2037.415,2033.530642857143,2051.5024285714285,2033.530642857143,3.6267078575239147,-1.0,STOP
swing_baseline,1683289800000,2023,0.7994510004049956,1683290100000,1683290100000,2026.805,2016.5697142857143,2035.3961428571426,2016.5697142857143,0.8393652211536835,-1.0,STOP
swing_baseline,1683290400000,2023,0.5471924613991862,1683290700000,1683294300000,2008.345,2003.8397142857143,2022.6661428571426,2003.8397142857143,3.1787424295271625,-1.0,STOP
swing_baseline,1683294600000,2023,0.5034153541064222,1683294900000,1683519300000,2003.825,1995.0932142857143,2023.9521428571427,2023.9521428571427,2.3050431510491003,2.3050431510491003,TARGET
swing_baseline,1683707400000,2023,0.48065856574170446,1683707700000,1683721800000,2026.695,2023.3540714285716,2038.8237142857142,2038.8237142857142,3.6303422914932297,3.6303422914932297,TARGET
swing_baseline,1683731400000,2023,0.48749313310469977,1683731700000,1683813000000,2022.794,2015.2707857142857,2046.086857142857,2015.2707857142857,3.096131023023903,-1.0,STOP
swing_baseline,1683813300000,2023,0.4196271904237766,1683813600000,1683884100000,2012.704,2004.353142857143,2037.8074285714288,2004.353142857143,3.0060900506364696,-1.0,STOP
swing_baseline,1683884400000,2023,0.6479748133388713,1683884700000,1683895200000,2003.104,1997.9502857142857,2013.623857142857,2013.623857142857,2.0412185386405923,2.0412185386405923,TARGET
swing_baseline,1684215300000,2023,0.4416365524609243,1684215600000,1684217400000,2013.025,2009.8035,2024.006,2009.8035,3.4086605618499566,-1.0,STOP
swing_baseline,1684217700000,2023,0.4693273286402409,1684218000000,1684218900000,2008.044,2004.9615714285715,2018.2287142857142,2004.9615714285715,3.3041201279138557,-1.0,STOP
swing_baseline,1684239300000,2023,0.5706807950934122,1684239600000,1684241100000,2004.014,1999.299142857143,2014.6734285714285,2014.6734285714285,2.2608168706824237,2.2608168706824237,TARGET
swing_baseline,1684249500000,2023,0.5229330780200098,1684249800000,1684253400000,1999.094,1993.3662142857142,2016.1051428571427,1993.3662142857142,2.969933532030498,-1.0,STOP
swing_baseline,1684254300000,2023,0.4659789041999488,1684254600000,1684256100000,1993.864,1987.9923571428571,2012.9055714285712,1987.9923571428571,3.2429716677006297,-1.0,STOP
swing_baseline,1684256400000,2023,0.453715469067414,1684256700000,1684330800000,1988.208,1981.5367142857142,2008.8281428571427,1981.5367142857142,3.090879890361557,-1.0,STOP
swing_baseline,1684331400000,2023,0.62784379899743,1684331700000,1684332000000,1980.484,1975.843,1990.6480000000004,1975.843,2.1900452488689446,-1.0,STOP
swing_baseline,1684385700000,2023,0.45655519357453717,1684386000000,1684394400000,1979.755,1976.0035,1993.1609999999998,1976.0035,3.5735039317604804,-1.0,STOP
swing_baseline,1684396500000,2023,0.5466710902316546,1684396800000,1684413000000,1974.474,1970.3424285714286,1985.4702857142856,1970.3424285714286,2.6615262266174136,-1.0,STOP
swing_baseline,1684413900000,2023,0.4597760353972657,1684414200000,1684415700000,1966.904,1963.5648571428571,1978.9655714285714,1963.5648571428571,3.6121759219645546,-1.0,STOP
swing_baseline,1684416000000,2023,0.381142926323706,1684416300000,1684416900000,1960.905,1957.2475,1974.6349999999998,1957.2475,3.7539302802459846,-1.0,STOP
swing_baseline,1684420800000,2023,0.5240903311697105,1684421100000,1684509300000,1955.845,1950.330642857143,1971.4524285714285,1971.4524285714285,2.8303260320462367,2.8303260320462367,TARGET
swing_baseline,1684735500000,2023,0.47820328597742817,1684735800000,1684803600000,1971.525,1965.7830714285715,1993.3927142857142,1965.7830714285715,3.8084267356661528,-1.0,STOP
swing_baseline,1684803900000,2023,0.3878240866182176,1684804200000,1684806300000,1966.475,1960.8470714285716,1983.0867142857142,1960.8470714285716,2.951656915130006,-1.0,STOP
swing_baseline,1684806900000,2023,0.3336260482133627,1684807200000,1684826700000,1960.295,1955.4692142857145,1979.4481428571426,1955.4692142857145,3.9689169787304066,-1.0,STOP
swing_baseline,1684828800000,2023,0.47263249182873657,1684829100000,1684849500000,1955.075,1950.754642857143,1970.7564285714286,1970.7564285714286,3.6296602463420875,3.6296602463420875,TARGET
swing_baseline,1684936800000,2023,0.460149408686298,1684937100000,1684943400000,1969.615,1964.5932857142857,1987.6018571428572,1964.5932857142857,3.5818161128811776,-1.0,STOP
swing_baseline,1684943700000,2023,0.48261473632835294,1684944000000,1684978800000,1962.945,1955.0012142857142,1981.8701428571428,1955.0012142857142,2.3823833544639643,-1.0,STOP
swing_baseline,1684994100000,2023,0.499281732445731,1684994400000,1685018100000,1955.865,1950.4444285714285,1972.3972857142858,1950.4444285714285,3.049915665190765,-1.0,STOP
swing_baseline,1685018400000,2023,0.5097432604743771,1685018700000,1685020800000,1940.125,1935.4967857142858,1953.2328571428573,1953.2328571428573,2.8321629755383166,2.8321629755383166,TARGET
swing_baseline,1685043300000,2023,0.4338510927895669,1685043600000,1685425500000,1938.855,1932.8436428571429,1961.9154285714285,1932.8436428571429,3.836143490298105,-1.0,STOP
swing_baseline,1685425800000,2023,0.4187092857426813,1685426100000,1685433600000,1932.234,1929.1809285714285,1942.8012857142858,1942.8012857142858,3.4611983248719196,3.4611983248719196,TARGET
swing_baseline,1685599200000,2023,0.49827861974864485,1685599500000,1685603100000,1962.145,1958.429285714286,1975.1078571428573,1958.429285714286,3.4886582083816418,-1.0,STOP
swing_baseline,1685603400000,2023,0.5445627724586062,1685603700000,1685608500000,1958.535,1954.072642857143,1969.9844285714287,1954.072642857143,2.5657804171401937,-1.0,STOP
swing_baseline,1685608800000,2023,0.49025473026128535,1685609100000,1685616300000,1954.335,1949.9921428571429,1966.3064285714288,1966.3064285714288,2.7565789473684563,2.7565789473684563,TARGET
swing_baseline,1685709000000,2023,0.8158001371792069,1685709300000,1685710200000,1977.604,1968.7390714285714,1984.5337142857143,1968.7390714285714,0.7816999572955883,-1.0,STOP
swing_baseline,1685713200000,2023,0.5386524836511277,1685713500000,1685713500000,1968.035,1962.9432857142858,1982.451857142857,1962.9432857142858,2.831434824083931,-1.0,STOP
swing_baseline,1685713800000,2023,0.47744302540804134,1685714100000,1685721900000,1963.245,1958.5232857142857,1978.031857142857,1958.5232857142857,3.1316713058212198,-1.0,STOP
swing_baseline,1685722200000,2023,0.5054919446370215,1685722500000,1685729100000,1956.815,1950.389642857143,1975.9664285714287,1950.389642857143,2.980601411817026,-1.0,STOP
swing_baseline,1685729400000,2023,0.43777962570838447,1685729700000,1685932500000,1950.025,1944.5628571428572,1972.0885714285714,1944.5628571428572,4.039361841244876,-1.0,STOP
swing_baseline,1685941800000,2023,0.49916527297243046,1685942100000,1685950800000,1943.685,1939.9301428571428,1958.4544285714285,1939.9301428571428,3.933419570841517,-1.0,STOP
swing_baseline,1685951100000,2023,0.5330179172983195,1685951400000,1685973600000,1939.605,1935.8390714285715,1953.1837142857144,1953.1837142857144,3.605674942624741,3.605674942624741,TARGET
swing_baseline,1686036300000,2023,0.47127619352798084,1686036600000,1686145800000,1957.164,1954.1526428571428,1968.4144285714287,1968.4144285714287,3.7359994307265874,3.7359994307265874,TARGET
swing_baseline,1686151200000,2023,0.46339114908521606,1686151500000,1686152700000,1954.888,1949.6,1973.4750000000001,1949.6,3.5149394856278704,-1.0,STOP
swing_baseline,1686153000000,2023,0.4282085357116177,1686153300000,1686154800000,1947.835,1942.5829999999999,1966.458,1942.5829999999999,3.545887281035683,-1.0,STOP
swing_baseline,1686155100000,2023,0.36637756924909787,1686155400000,1686231300000,1942.335,1936.7622857142856,1964.1258571428573,1964.1258571428573,3.910277115537321,3.910277115537321,TARGET
swing_baseline,1686317700000,2023,0.4706903843296489,1686318000000,1686318000000,1959.904,1956.6614285714286,1971.2792857142858,1956.6614285714286,3.5081064410961904,-1.0,STOP
swing_baseline,1686533100000,2023,0.4242495009076769,1686533400000,1686577500000,1956.125,1951.930214285714,1972.0541428571428,1951.930214285714,3.7973674800345507,-1.0,STOP
swing_baseline,1686577800000,2023,0.5130017031381274,1686578100000,1686639900000,1951.625,1946.7512857142858,1963.369857142857,1963.369857142857,2.4098370266150924,2.4098370266150924,TARGET
swing_baseline,1686663600000,2023,0.4770756425880708,1686663900000,1686669000000,1955.035,1950.2415714285712,1972.7587142857142,1950.2415714285712,3.6975025332297426,-1.0,STOP
swing_baseline,1686669600000,2023,0.44702153169484754,1686669900000,1686681000000,1946.775,1940.749857142857,1967.3255714285715,1940.749857142857,3.4108023520484676,-1.0,STOP
swing_baseline,1686681600000,2023,0.42380021504870347,1686681900000,1686792600000,1941.045,1934.5684285714285,1964.801285714286,1934.5684285714285,3.668034233280353,-1.0,STOP
swing_baseline,1686794100000,2023,0.41799541946550806,1686794400000,1686831900000,1933.245,1926.8285,1956.7110000000002,1926.8285,3.6571339515313688,-1.0,STOP
swing_baseline,1686832200000,2023,0.545695214773988,1686832500000,1686836400000,1930.934,1919.9660714285715,1944.6257142857141,1944.6257142857141,1.2483409420974112,1.2483409420974112,TARGET
swing_baseline,1686925500000,2023,0.5681120513162276,1686925800000,1687171800000,1954.355,1949.3055714285715,1968.602714285714,1949.3055714285715,2.821648842867627,-1.0,STOP
swing_baseline,1687174500000,2023,0.502153666923164,1687174800000,1687225800000,1949.545,1946.024142857143,1959.9784285714286,1946.024142857143,2.9633206199789743,-1.0,STOP
swing_baseline,1687265400000,2023,0.578094726357458,1687265700000,1687266900000,1946.185,1940.6889285714285,1957.7692857142856,1940.6889285714285,2.1077392943011115,-1.0,STOP
swing_baseline,1687267200000,2023,0.41014256212660716,1687267500000,1687268400000,1938.555,1934.4489285714285,1954.1792857142857,1934.4489285714285,3.805166565190771,-1.0,STOP
swing_baseline,1687269000000,2023,0.4554369128655564,1687269300000,1687350000000,1932.565,1928.1589285714285,1947.8892857142857,1928.1589285714285,3.477993029099375,-1.0,STOP
swing_baseline,1687350300000,2023,0.6014041289235197,1687350600000,1687354500000,1929.645,1924.5139285714286,1938.469285714286,1924.5139285714286,1.7197744831906818,-1.0,STOP
swing_baseline,1687354800000,2023,0.6023719496036924,1687355100000,1687357800000,1923.755,1915.8146428571429,1932.1164285714285,1932.1164285714285,1.053029280798779,1.053029280798779,TARGET
swing_baseline,1687410000000,2023,0.427398105736025,1687410300000,1687423200000,1928.858,1925.4571428571428,1941.7464285714286,1925.4571428571428,3.789758884314903,-1.0,STOP
swing_baseline,1687435800000,2023,0.5481151185042604,1687436100000,1687438800000,1925.975,1921.1272857142856,1936.665857142857,1921.1272857142856,2.2053397772145593,-1.0,STOP
swing_baseline,1687439100000,2023,0.5735055991258184,1687439400000,1687444200000,1920.885,1915.6630714285714,1932.9727142857143,1915.6630714285714,2.314798856470638,-1.0,STOP
swing_baseline,1687445700000,2023,0.44104162303501143,1687446000000,1687488900000,1915.125,1910.5591428571427,1932.2534285714287,1910.5591428571427,3.751415787991478,-1.0,STOP
swing_baseline,1687787100000,2023,0.529748876291202,1687787400000,1687874400000,1922.225,1918.147,1934.5369999999998,1918.147,3.0191270230505087,-1.0,STOP
swing_baseline,1687874700000,2023,0.5037511942791139,1687875000000,1687875300000,1917.815,1911.8080714285713,1931.1427142857142,1911.8080714285713,2.2187236167757876,-1.0,STOP
swing_baseline,1687879800000,2023,0.4080284440441066,1687880100000,1687938000000,1913.975,1909.2387857142858,1931.969857142857,1909.2387857142858,3.799417859351328,-1.0,STOP
swing_baseline,1687939800000,2023,0.4919253815476766,1687940100000,1687952100000,1909.435,1905.7799285714286,1920.6202857142855,1905.7799285714286,3.0602098845049444,-1.0,STOP
swing_baseline,1687955400000,2023,0.5750544272269019,1687955700000,1688008800000,1906.768,1902.6754285714287,1916.7882857142856,1902.6754285714287,2.4484082658475645,-1.0,STOP
swing_baseline,1688019900000,2023,0.5248633741062043,1688020200000,1688042100000,1903.285,1899.5220000000002,1914.487,1899.5220000000002,2.9768801488174956,-1.0,STOP
swing_baseline,1688042400000,2023,0.5716116577801722,1688042700000,1688043600000,1900.055,1895.086,1910.3809999999999,1895.086,2.07808412155357,-1.0,STOP
swing_baseline,1688044200000,2023,0.35445875161209817,1688044500000,1688049900000,1895.025,1890.9007857142856,1910.971857142857,1910.971857142857,3.8666412650026003,3.8666412650026003,TARGET
swing_baseline,1688104800000,2023,0.48766349389851743,1688105100000,1688113200000,1904.988,1902.7043571428571,1913.9075714285714,1902.7043571428571,3.9058521785366382,-1.0,STOP
swing_baseline,1688113500000,2023,0.4714626522101054,1688113800000,1688128800000,1902.155,1899.9087857142858,1911.2548571428572,1911.2548571428572,4.051197252520424,4.051197252520424,TARGET
swing_baseline,1688365200000,2023,0.46249247051709846,1688365500000,1688371200000,1914.505,1911.4319285714287,1926.2472857142857,1911.4319285714287,3.821025962857018,-1.0,STOP
swing_baseline,1688371500000,2023,0.5075681687648304,1688371800000,1688390100000,1911.475,1907.9577857142858,1922.8588571428572,1922.8588571428572,3.2366117666174814,3.2366117666174814,TARGET
swing_baseline,1688521800000,2023,0.44958273548327377,1688522100000,1688538900000,1924.095,1921.5501428571429,1933.1744285714285,1921.5501428571429,3.5677556977657505,-1.0,STOP
swing_baseline,1688539200000,2023,0.5069475626222242,1688539500000,1688551200000,1921.595,1918.6454999999999,1929.1429999999998,1929.1429999999998,2.559077809798046,2.559077809798046,TARGET
swing_baseline,1688567700000,2023,0.5233162808886349,1688568000000,1688583900000,1920.115,1915.6822142857143,1932.8961428571429,1915.6822142857143,2.8833207109363603,-1.0,STOP
swing_baseline,1688589300000,2023,0.4138072225847063,1688589600000,1688646000000,1915.578,1911.0759285714287,1933.2862857142857,1911.0759285714287,3.9333640070444855,-1.0,STOP
swing_baseline,1688646300000,2023,0.5939554483735104,1688646600000,1688647200000,1910.315,1904.5974999999999,1918.7350000000001,1904.5974999999999,1.4726716222124667,-1.0,STOP
swing_baseline,1688647800000,2023,0.6121093784246268,1688648100000,1688650500000,1904.765,1899.6775,1913.8150000000003,1913.8150000000003,1.778869778869783,1.778869778869783,TARGET
swing_baseline,1688965200000,2023,0.5114553699812424,1688965500000,1688992200000,1921.195,1916.4205,1938.308,1916.4205,3.5842496596502453,-1.0,STOP
swing_baseline,1688992500000,2023,0.5672639680797915,1688992800000,1689035100000,1916.725,1912.4854285714287,1926.9332857142858,1926.9332857142858,2.407857937123173,2.407857937123173,TARGET
swing_baseline,1689227700000,2023,0.4987407061338246,1689228000000,1689252000000,1955.325,1952.2496428571428,1966.8264285714286,1952.2496428571428,3.7398676111948572,-1.0,STOP
swing_baseline,1689320100000,2023,0.41881730287483676,1689320400000,1689343200000,1954.485,1951.4529285714284,1966.4632857142856,1951.4529285714284,3.9505288699379393,-1.0,STOP
swing_baseline,1689564300000,2023,0.47494818322865984,1689564600000,1689600900000,1951.725,1947.0384285714285,1966.0212857142858,1947.0384285714285,3.0504785709931865,-1.0,STOP
swing_baseline,1689601200000,2023,0.48766267558418647,1689601500000,1689652800000,1946.915,1941.854857142857,1960.7705714285714,1960.7705714285714,2.738177917054858,2.738177917054858,TARGET
swing_baseline,1689748500000,2023,0.49169944023134715,1689748800000,1689777900000,1974.365,1970.4042857142856,1988.0078571428571,1970.4042857142856,3.4445446348060216,-1.0,STOP
swing_baseline,1689856200000,2023,0.5148375767695688,1689856500000,1689862200000,1975.845,1971.483857142857,1987.7895714285712,1971.483857142857,2.7388626834379943,-1.0,STOP
swing_baseline,1689863400000,2023,0.48654565515537496,1689863700000,1689864000000,1969.935,1965.7085714285715,1986.3907142857142,1965.7085714285715,3.893527125232528,-1.0,STOP
swing_baseline,1689868200000,2023,0.5080169099843783,1689868500000,1689927600000,1969.105,1962.1935714285714,1986.3007142857143,1962.1935714285714,2.4880115750310012,-1.0,STOP
swing_baseline,1689929700000,2023,0.482299984137834,1689930000000,1689948600000,1961.375,1958.3001428571429,1971.9744285714287,1958.3001428571429,3.4471287864709725,-1.0,STOP
swing_baseline,1689949200000,2023,0.5588973671447837,1689949500000,1690222500000,1959.245,1954.452357142857,1971.9155714285714,1954.452357142857,2.6437545642874993,-1.0,STOP
swing_baseline,1690225800000,2023,0.39653795417249144,1690226100000,1690354200000,1953.505,1949.1759285714286,1970.3712857142857,1970.3712857142857,3.8960516111999133,3.8960516111999133,TARGET
swing_baseline,1690461000000,2023,0.6071199231660594,1690461300000,1690461600000,1969.045,1962.9791428571427,1981.3734285714288,1962.9791428571427,2.032429759072992,-1.0,STOP
swing_baseline,1690461900000,2023,0.4612853766636044,1690462200000,1690462800000,1961.505,1957.596142857143,1975.990428571429,1957.596142857143,3.705796359915249,-1.0,STOP
swing_baseline,1690463700000,2023,0.47347410852248056,1690464000000,1690464900000,1957.765,1950.6989999999998,1975.3290000000002,1950.6989999999998,2.4857061986979105,-1.0,STOP
swing_baseline,1690465200000,2023,0.5224380733523788,1690465500000,1690806600000,1947.075,1939.6689999999999,1964.2990000000002,1964.2990000000002,2.325681879557082,2.325681879557082,TARGET
swing_baseline,1690865100000,2023,0.46168575959912733,1690865400000,1690873800000,1959.268,1955.4727857142857,1972.1838571428573,1955.4727857142857,3.4031957540511364,-1.0,STOP
swing_baseline,1690874100000,2023,0.49578222576703823,1690874400000,1690891200000,1955.425,1952.7577142857144,1965.1091428571428,1952.7577142857144,3.6307107278670125,-1.0,STOP
swing_baseline,1690892400000,2023,0.5740586120682599,1690892700000,1690893900000,1951.425,1947.7074285714286,1960.5952857142859,1947.7074285714286,2.4667409599201964,-1.0,STOP
swing_baseline,1690894200000,2023,0.4598624631949067,1690894500000,1690900200000,1946.565,1943.4974285714286,1956.3852857142858,1943.4974285714286,3.201322591160985,-1.0,STOP
swing_baseline,1690902300000,2023,0.47264445266259536,1690902600000,1690985700000,1943.098,1939.117,1959.007,1939.117,3.9962321024868444,-1.0,STOP
swing_baseline,1690986300000,2023,0.4602024472104361,1690986600000,1691046300000,1935.255,1930.9972857142857,1949.635857142857,1930.9972857142857,3.377600322104255,-1.0,STOP
swing_baseline,1691065200000,2023,0.4366523672223795,1691065500000,1691152200000,1931.265,1927.3973571428571,1944.3855714285717,1927.3973571428571,3.3923947771805634,-1.0,STOP
swing_baseline,1691382600000,2023,0.4804786000054476,1691382900000,1691403600000,1938.045,1933.9168571428572,1951.3075714285715,1933.9168571428572,3.2127210437069573,-1.0,STOP
swing_baseline,1691403900000,2023,0.5640270410846822,1691404200000,1691481000000,1934.445,1931.0034999999998,1944.611,1931.0034999999998,2.9539445009442904,-1.0,STOP
swing_baseline,1691481300000,2023,0.4177008709628472,1691481600000,1691496000000,1930.435,1927.5857142857142,1940.482142857143,1927.5857142857142,3.5261970418650903,-1.0,STOP
swing_baseline,1691496300000,2023,0.40593718461111344,1691496600000,1691589300000,1925.135,1921.6644999999999,1937.767,1921.6644999999999,3.639821351390172,-1.0,STOP
swing_baseline,1691591400000,2023,0.7084036502248481,1691591700000,1691592900000,1922.695,1916.2524285714287,1930.9302857142857,1916.2524285714287,1.2782606767484581,-1.0,STOP
swing_baseline,1691594700000,2023,0.45937266326651954,1691595000000,1691700900000,1916.835,1911.8165714285715,1930.0087142857142,1911.8165714285715,2.625067607959214,-1.0,STOP
swing_baseline,1691708400000,2023,0.5220835288860273,1691708700000,1692015900000,1911.945,1906.2232142857142,1928.577142857143,1906.2232142857142,2.9068098121216113,-1.0,STOP
swing_baseline,1692019500000,2023,0.47547035771038015,1692019800000,1692095100000,1905.595,1902.5595714285714,1916.9367142857143,1902.5595714285714,3.7364457831324738,-1.0,STOP
swing_baseline,1692097200000,2023,0.48370287442161375,1692097500000,1692102600000,1902.655,1899.9661428571428,1912.3104285714287,1899.9661428571428,3.5909042609712403,-1.0,STOP
swing_baseline,1692190200000,2023,0.6201730823934248,1692190500000,1692206700000,1901.855,1897.7410714285713,1908.560714285714,1897.7410714285713,1.6300026043926432,-1.0,STOP
swing_baseline,1692207300000,2023,0.43605025385647656,1692207600000,1692213000000,1897.085,1893.9742142857144,1908.4281428571426,1893.9742142857144,3.6463915868751755,-1.0,STOP
swing_baseline,1692213300000,2023,0.39102323637312353,1692213600000,1692235800000,1893.125,1889.8047142857145,1905.806142857143,1889.8047142857145,3.8192926598401686,-1.0,STOP
swing_baseline,1692287100000,2023,0.46508273188638327,1692287400000,1692290700000,1891.805,1888.1656428571428,1904.4624285714285,1888.1656428571428,3.4779297756666283,-1.0,STOP
swing_baseline,1692291600000,2023,0.509557648721584,1692291900000,1692690000000,1887.385,1882.5860714285714,1900.8757142857144,1900.8757142857144,2.8111929746222946,2.8111929746222946,TARGET
swing_baseline,1692711000000,2023,0.5682544480951988,1692711300000,1692712500000,1894.045,1889.7016428571428,1905.9184285714284,1889.7016428571428,2.7336984228788213,-1.0,STOP
swing_baseline,1692878400000,2023,0.5119212825108849,1692878700000,1692880500000,1915.775,1913.1352857142858,1924.798857142857,1913.1352857142858,3.418497672908287,-1.0,STOP
swing_baseline,1692880800000,2023,0.5598144394738024,1692881100000,1692888000000,1913.055,1909.3222857142857,1920.985857142857,1920.985857142857,2.124689042825883,2.124689042825883,TARGET
swing_baseline,1692946500000,2023,0.45670654152040724,1692946800000,1692973500000,1912.975,1909.9295,1923.7569999999998,1909.9295,3.5403053685766253,-1.0,STOP
swing_baseline,1692973800000,2023,0.44018000326282675,1692974100000,1692974400000,1908.025,1905.3202142857144,1917.9441428571429,1905.3202142857144,3.667256450207349,-1.0,STOP
swing_baseline,1692974700000,2023,0.5583128110142039,1692975000000,1692996900000,1905.955,1902.180214285714,1914.8041428571428,1914.8041428571428,2.34427687475157,2.34427687475157,TARGET
swing_baseline,1693225800000,2023,0.6474680245362249,1693226100000,1693236000000,1914.505,1911.4952142857144,1920.4941428571428,1920.4941428571428,1.9898901203217552,1.9898901203217552,TARGET
swing_baseline,1693308000000,2023,0.48963273162967946,1693308300000,1693310400000,1918.955,1916.4289285714287,1928.3092857142858,1916.4289285714287,3.7030962816348056,-1.0,STOP
swing_baseline,1693311000000,2023,0.49049270915617216,1693311300000,1693317600000,1916.255,1913.5032142857142,1925.3121428571428,1925.3121428571428,3.291369240752463,3.291369240752463,TARGET
swing_baseline,1693488900000,2023,0.7135644461668096,1693489200000,1693496700000,1942.755,1939.1705,1949.2430000000002,1939.1705,1.810015343841474,-1.0,STOP
swing_baseline,1693527300000,2023,0.4152857202301385,1693527600000,1693571400000,1938.875,1936.0368571428571,1949.8275714285717,1949.8275714285717,3.8590627674032807,3.8590627674032807,TARGET
swing_baseline,1693576800000,2023,0.6554966441352069,1693577100000,1693901100000,1940.865,1934.3227857142856,1950.7838571428572,1934.3227857142856,1.5161314976362077,-1.0,STOP
swing_baseline,1693901700000,2023,0.4589439931581283,1693902000000,1693902900000,1934.228,1932.0482142857143,1942.1471428571426,1932.0482142857143,3.632991447389702,-1.0,STOP
swing_baseline,1693905600000,2023,0.4549016467808756,1693905900000,1693916100000,1931.895,1929.6037142857142,1940.2101428571425,1929.6037142857142,3.6290292412242673,-1.0,STOP
swing_baseline,1693916400000,2023,0.5333155421252578,1693916700000,1693922400000,1929.145,1926.5169285714285,1937.3572857142856,1926.5169285714285,3.12483352811663,-1.0,STOP
swing_baseline,1693923000000,2023,0.4801620864731819,1693923300000,1693987200000,1926.005,1922.6299999999999,1937.955,1922.6299999999999,3.540740740740448,-1.0,STOP
swing_baseline,1694005200000,2023,0.4705653706366919,1694005500000,1694008800000,1921.855,1919.259142857143,1930.5384285714288,1919.259142857143,3.3451103406528313,-1.0,STOP
swing_baseline,1694010300000,2023,0.5156126393659798,1694010600000,1694011200000,1918.794,1915.8645,1929.332,1915.8645,3.5972008875232397,-1.0,STOP
swing_baseline,1694011500000,2023,0.5990703023990884,1694011800000,1694137800000,1916.715,1912.4814999999999,1925.949,1925.949,2.181173969528769,2.181173969528769,TARGET
swing_baseline,1694187600000,2023,0.4705088533591247,1694187900000,1694386800000,1920.175,1917.025357142857,1931.7235714285712,1917.025357142857,3.6666288694862117,-1.0,STOP
swing_baseline,1694444400000,2023,0.5224641534010861,1694444700000,1694514900000,1921.955,1918.288,1933.523,1918.288,3.154622307063062,-1.0,STOP
swing_baseline,1694516400000,2023,0.4355098238815084,1694516700000,1694518200000,1914.465,1912.1645714285714,1922.9167142857143,1912.1645714285714,3.673973793703222,-1.0,STOP
swing_baseline,1694520300000,2023,0.527533733517928,1694520600000,1694523600000,1911.005,1907.8830714285716,1919.7427142857143,1907.8830714285716,2.7988194110783615,-1.0,STOP
swing_baseline,1694608200000,2023,0.69919575166165,1694608500000,1694609400000,1907.825,1903.4754285714287,1913.8732857142859,1913.8732857142859,1.390547508785803,1.390547508785803,TARGET
swing_baseline,1694671800000,2023,0.4878298332626043,1694672100000,1694694600000,1907.955,1904.4235714285714,1919.1807142857144,1904.4235714285714,3.1788025889969096,-1.0,STOP
swing_baseline,1694694900000,2023,0.417697856981997,1694695200000,1694703000000,1901.865,1898.8604285714287,1909.7332857142858,1909.7332857142858,2.618771395968135,2.618771395968135,TARGET
swing_baseline,1695045600000,2023,0.5324123978679027,1695045900000,1695057300000,1923.175,1920.219,1932.5140000000001,1932.5140000000001,3.1593369418134216,3.1593369418134216,TARGET
swing_baseline,1695106500000,2023,0.5705306297879675,1695106800000,1695119400000,1930.408,1928.0829285714285,1936.0882857142858,1936.0882857142858,2.4430585849898283,2.4430585849898283,TARGET
swing_baseline,1695147300000,2023,0.5345772765843906,1695147600000,1695217200000,1930.135,1927.157642857143,1939.7444285714284,1939.7444285714284,3.227502818895059,3.227502818895059,TARGET
swing_baseline,1695254400000,2023,0.4796669867149582,1695254700000,1695257700000,1929.225,1924.4995714285715,1945.9267142857143,1924.4995714285715,3.534433762621804,-1.0,STOP
swing_baseline,1695258000000,2023,0.4312253974823919,1695258300000,1695297600000,1924.965,1919.6245714285715,1941.9267142857143,1919.6245714285715,3.176096086456502,-1.0,STOP
swing_baseline,1695297900000,2023,0.46507409446636666,1695298200000,1695300600000,1918.405,1914.4777142857142,1931.7141428571429,1914.4777142857142,3.388890909752264,-1.0,STOP
swing_baseline,1695301800000,2023,0.5672896448370047,1695302100000,1695366900000,1915.245,1910.4792857142857,1927.1228571428571,1927.1228571428571,2.492356115107958,2.492356115107958,TARGET
swing_baseline,1695600000000,2023,0.5018874721826642,1695600300000,1695621600000,1924.025,1921.384,1933.439,1921.384,3.5645588792123117,-1.0,STOP
swing_baseline,1695621900000,2023,0.4015549978888496,1695622200000,1695651300000,1920.985,1918.8907142857142,1929.3621428571425,1918.8907142857142,4.0,-1.0,STOP
swing_baseline,1695651600000,2023,0.5057788770077222,1695651900000,1695694200000,1917.595,1914.2125714285714,1926.474714285714,1914.2125714285714,2.6252481310976035,-1.0,STOP
swing_baseline,1695694500000,2023,0.4232360624591416,1695694800000,1695710700000,1914.105,1911.2365,1924.5439999999999,1911.2365,3.639184242635421,-1.0,STOP
swing_baseline,1695711300000,2023,0.44158841086159345,1695711600000,1695731700000,1910.355,1908.5866428571428,1917.4284285714286,1908.5866428571428,3.999999999999871,-1.0,STOP
swing_baseline,1695735000000,2023,0.5206861218586688,1695735300000,1695740700000,1904.845,1902.342,1914.757,1902.342,3.960047942469163,-1.0,STOP
swing_baseline,1695744300000,2023,0.5364698601235465,1695744600000,1695789000000,1901.075,1897.3515,1913.7340000000002,1897.3515,3.3997582919296114,-1.0,STOP
swing_baseline,1695791400000,2023,0.42039321423616594,1695791700000,1695812400000,1896.375,1893.4561428571428,1907.8504285714287,1893.4561428571428,3.9314800313233995,-1.0,STOP
swing_baseline,1695812700000,2023,0.528324389892482,1695813000000,1695816600000,1893.925,1890.9075,1903.045,1890.9075,3.0223695111848676,-1.0,STOP
swing_baseline,1695817200000,2023,0.5852249150739586,1695817500000,1695822000000,1890.965,1887.5765714285715,1899.7187142857144,1887.5765714285715,2.583414140562582,-1.0,STOP
swing_baseline,1695822300000,2023,0.448866660448529,1695822600000,1695827700000,1885.245,1882.6039999999998,1895.709,1882.6039999999998,3.962135554714073,-1.0,STOP
swing_baseline,1695828000000,2023,0.47202678806483306,1695828300000,1695832200000,1879.935,1876.6689999999999,1892.999,1876.6689999999999,3.9999999999999303,-1.0,STOP
swing_baseline,1695832500000,2023,0.49302104180071354,1695832800000,1695835800000,1876.415,1872.8902142857141,1889.664142857143,1872.8902142857141,3.758850588688173,-1.0,STOP
swing_baseline,1695838200000,2023,0.5620049857418824,1695838500000,1695911700000,1873.145,1868.6056428571428,1887.8024285714284,1868.6056428571428,3.2289657125772546,-1.0,STOP
swing_baseline,1695912000000,2023,0.44807465582048994,1695912300000,1695913500000,1866.648,1863.4987857142858,1879.279857142857,1863.4987857142858,4.011113883281715,-1.0,STOP
swing_baseline,1695913800000,2023,0.44040703228073635,1695914100000,1695992400000,1859.905,1855.876142857143,1875.0204285714285,1875.0204285714285,3.7517906531452194,3.7517906531452194,TARGET
swing_baseline,1695996300000,2023,0.5259614065021385,1695996600000,1695999600000,1863.005,1858.1120714285714,1876.6767142857143,1858.1120714285714,2.794178187179665,-1.0,STOP
swing_baseline,1695999900000,2023,0.46422783404501133,1696000200000,1696007100000,1856.475,1851.8620714285714,1873.9267142857143,1851.8620714285714,3.783217974326909,-1.0,STOP
swing_baseline,1696007400000,2023,0.5053794027147279,1696007700000,1696200300000,1851.225,1845.9127857142857,1870.873857142857,1845.9127857142857,3.698807330814526,-1.0,STOP
swing_baseline,1696207800000,2023,0.45589422570627736,1696208100000,1696225500000,1845.545,1840.2078571428572,1864.4935714285714,1840.2078571428572,3.5503211991434136,-1.0,STOP
swing_baseline,1696225800000,2023,0.4919697223789761,1696226100000,1696238700000,1839.705,1835.1124285714286,1855.2752857142857,1835.1124285714286,3.390319771058947,-1.0,STOP
swing_baseline,1696239000000,2023,0.5200908600369065,1696239300000,1696257600000,1831.418,1827.5645,1844.812,1827.5645,3.475801219670485,-1.0,STOP
swing_baseline,1696287600000,2023,0.42808362377397996,1696287900000,1696288800000,1826.725,1821.7057857142856,1846.8668571428573,1821.7057857142856,4.012950234100442,-1.0,STOP
swing_baseline,1696289100000,2023,0.4667454429846002,1696289400000,1696300200000,1822.205,1815.3727857142856,1840.5338571428572,1815.3727857142856,2.6827111059999207,-1.0,STOP
swing_baseline,1696399500000,2023,0.4569496384629963,1696399800000,1696509300000,1819.565,1815.2417142857144,1835.7081428571428,1815.2417142857144,3.7339986121666504,-1.0,STOP
swing_baseline,1696595400000,2023,0.5196851397731904,1696595700000,1696598400000,1811.075,1808.4259285714286,1820.8212857142858,1820.8212857142858,3.6791328497855913,3.6791328497855913,TARGET
swing_baseline,1696855200000,2023,0.44921373142357823,1696855500000,1696896300000,1845.605,1840.2060714285715,1864.8507142857143,1864.8507142857143,3.5647284514123316,3.5647284514123316,TARGET
swing_baseline,1696936200000,2023,0.5585694215840035,1696936500000,1697010000000,1855.885,1851.8918571428571,1867.3575714285712,1867.3575714285712,2.8730681167715515,2.8730681167715515,TARGET
swing_baseline,1697118000000,2023,0.48560409861937454,1697118300000,1697130000000,1873.635,1870.3534285714286,1886.2112857142859,1870.3534285714286,3.832397370597792,-1.0,STOP
swing_baseline,1697130300000,2023,0.44956006944232285,1697130600000,1697184300000,1868.455,1864.4197857142856,1883.0958571428573,1883.0958571428573,3.628272529339924,3.628272529339924,TARGET
swing_baseline,1697435400000,2023,0.4644365877717199,1697435700000,1697439300000,1914.565,1909.6434285714288,1933.9512857142856,1909.6434285714288,3.939043859394602,-1.0,STOP
swing_baseline,1697439600000,2023,0.5876896008151133,1697439900000,1697544900000,1909.658,1903.3672857142858,1926.9558571428572,1926.9558571428572,2.7497445214035356,2.7497445214035356,TARGET
swing_baseline,1698012000000,2023,0.5365472057865265,1698012300000,1698145200000,1972.285,1958.0527857142856,1992.1138571428571,1958.0527857142856,1.393237675093199,-1.0,STOP
swing_baseline,1698218700000,2023,0.5092644536567418,1698219000000,1698241800000,1968.568,1964.0475714285712,1984.7847142857142,1984.7847142857142,3.587428499193997,3.587428499193997,TARGET
swing_baseline,1698246000000,2023,0.6613748176984036,1698246300000,1698248700000,1967.415,1957.8076428571428,1983.0394285714285,1983.0394285714285,1.626298298179219,1.626298298179219,TARGET
swing_baseline,1698323400000,2023,0.6184046180382581,1698323700000,1698324300000,1982.445,1975.8159285714287,1995.276285714286,1975.8159285714287,1.9356083054080875,-1.0,STOP
swing_baseline,1698325800000,2023,0.5017637427190513,1698326100000,1698428100000,1975.325,1970.1628571428573,1992.0735714285715,1992.0735714285715,3.2444997924450933,3.2444997924450933,TARGET
swing_baseline,1698652500000,2023,0.46628036636859677,1698652800000,1698768600000,1993.665,1987.8718571428572,2014.8875714285714,1987.8718571428572,3.6633951469718182,-1.0,STOP
swing_baseline,1698772500000,2023,0.5221753709881509,1698772800000,1698776400000,1987.385,1980.8062857142857,2004.8998571428572,1980.8062857142857,2.6623526090638476,-1.0,STOP
swing_baseline,1698777000000,2023,0.4813290413707314,1698777300000,1698864000000,1980.125,1973.5865,1999.329,1973.5865,2.9370650760877295,-1.0,STOP
swing_baseline,1698864300000,2023,0.5179895615007398,1698864600000,1698888600000,1971.975,1965.4261428571428,1987.3704285714286,1987.3704285714286,2.3508572924393034,2.3508572924393034,TARGET
swing_baseline,1698932700000,2023,0.6151003281582589,1698933000000,1698939600000,1983.505,1979.2335714285714,1993.7407142857141,1979.2335714285714,2.396321070233976,-1.0,STOP
swing_baseline,1699240800000,2023,0.4084105571570316,1699241100000,1699303200000,1984.375,1978.2802142857142,2008.8041428571428,1978.2802142857142,4.008203733870828,-1.0,STOP
swing_baseline,1699304100000,2023,0.4194076891322259,1699304400000,1699324200000,1977.555,1974.0339999999999,1990.739,1974.0339999999999,3.7443907980685243,-1.0,STOP
swing_baseline,1699324500000,2023,0.4528598454964885,1699324800000,1699340400000,1973.805,1970.7102142857143,1985.7841428571428,1970.7102142857143,3.8707503404342702,-1.0,STOP
swing_baseline,1699340700000,2023,0.42221490962720803,1699341000000,1699347300000,1969.225,1966.7632142857142,1979.1221428571428,1966.7632142857142,4.020310459886823,-1.0,STOP
swing_baseline,1699347600000,2023,0.462456934115787,1699347900000,1699358700000,1964.725,1961.8717857142858,1975.1378571428572,1961.8717857142858,3.64951808737043,-1.0,STOP
swing_baseline,1699359000000,2023,0.5458206238736768,1699359300000,1699361100000,1962.315,1958.4524285714288,1972.6152857142858,1958.4524285714288,2.6666913233228398,-1.0,STOP
swing_baseline,1699361400000,2023,0.5240873411266512,1699361700000,1699382700000,1957.735,1954.2824285714287,1968.4452857142858,1968.4452857142858,3.1021185038069214,3.1021185038069214,TARGET
swing_baseline,1699437600000,2023,0.5183745376748033,1699437900000,1699439100000,1964.095,1961.3704285714284,1972.8082857142856,1961.3704285714284,3.198039010066853,-1.0,STOP
swing_baseline,1699439400000,2023,0.52215310634825,1699439700000,1699456200000,1960.085,1957.2874285714286,1968.7252857142857,1957.2874285714286,3.0884951233211977,-1.0,STOP
swing_baseline,1699456800000,2023,0.4369004822850313,1699457100000,1699458000000,1955.525,1952.2857142857142,1968.2821428571428,1952.2857142857142,3.938257993384563,-1.0,STOP
swing_baseline,1699468200000,2023,0.45703409310473175,1699468500000,1699517400000,1950.985,1946.7837857142856,1967.2898571428573,1946.7837857142856,3.8809867895336922,-1.0,STOP
swing_baseline,1699517700000,2023,0.48397262328645235,1699518000000,1699540800000,1945.205,1941.741,1955.911,1955.911,3.0906466512702977,3.0906466512702977,TARGET
swing_baseline,1699599900000,2023,0.4456342253022254,1699600200000,1699611000000,1955.425,1951.5495,1970.777,1951.5495,3.961295316733476,-1.0,STOP
swing_baseline,1699614900000,2023,0.4725279732155781,1699615200000,1699615500000,1951.555,1948.6604285714286,1962.8832857142859,1948.6604285714286,3.9136314282894094,-1.0,STOP
swing_baseline,1699615800000,2023,0.5422801587013452,1699616100000,1699620000000,1948.005,1944.4604285714286,1958.6832857142858,1944.4604285714286,3.012574560696341,-1.0,STOP
swing_baseline,1699622400000,2023,0.5313694338454878,1699622700000,1699631100000,1943.565,1940.0062142857143,1955.1001428571428,1940.0062142857143,3.2413142524536713,-1.0,STOP
swing_baseline,1699631400000,2023,0.5173377029878738,1699631700000,1699639500000,1940.245,1936.1147857142857,1953.7658571428572,1936.1147857142857,3.273645435207584,-1.0,STOP
swing_baseline,1699640100000,2023,0.5269260164399714,1699640400000,1699968600000,1936.375,1931.3352857142856,1952.0338571428572,1952.0338571428572,3.107092238789014,3.107092238789014,TARGET
swing_baseline,1700059200000,2023,0.5963304688432085,1700059500000,1700059800000,1962.015,1957.8462142857145,1973.6901428571427,1957.8462142857145,2.8006099754981983,-1.0,STOP
swing_baseline,1700231700000,2023,0.572003119615888,1700232000000,1700434800000,1982.715,1978.2544285714287,1995.8572857142858,1977.698,2.9463233410198817,-1.1247437868306474,STOP_GAP
swing_baseline,1700438100000,2023,0.3930970800896221,1700438400000,1700486700000,1974.505,1970.1121428571428,1990.2764285714286,1970.1121428571428,3.590243902438846,-1.0,STOP
swing_baseline,1700487000000,2023,0.4571775323102942,1700487300000,1700524800000,1966.305,1961.7615714285716,1981.8787142857143,1981.8787142857143,3.4277449377437814,3.4277449377437814,TARGET
swing_baseline,1700665500000,2023,0.43711215815355203,1700665800000,1700666700000,1995.195,1990.8045000000002,2009.557,1990.8045000000002,3.271153627149734,-1.0,STOP
swing_baseline,1700671500000,2023,0.42471564625489816,1700671800000,1700679000000,1991.345,1986.8294999999998,2008.7069999999999,1986.8294999999998,3.8449784077065834,-1.0,STOP
swing_baseline,1700754000000,2023,0.4971411315370999,1700754300000,1700836500000,1992.045,1988.9214285714286,2002.9392857142857,2002.9392857142857,3.4877658358105506,3.4877658358105506,TARGET
swing_baseline,1701102900000,2023,0.5055164950830917,1701103200000,1701178800000,2006.065,2002.1940714285713,2021.0487142857144,2021.0487142857144,3.870832026276286,3.870832026276286,TARGET
swing_baseline,1701250200000,2023,0.488396701232214,1701250500000,1701355200000,2035.438,2031.5332142857142,2049.892142857143,2031.5332142857142,3.7016481606817404,-1.0,STOP
swing_baseline,1701434700000,2023,0.47863318086295065,1701435000000,1701442800000,2034.085,2030.2492142857143,2048.343142857143,2048.343142857143,3.717137483473299,3.717137483473299,TARGET
swing_baseline,1701697800000,2023,0.501056389339098,1701698100000,1701699600000,2058.255,2044.6354285714285,2100.5832857142855,2044.6354285714285,3.1079014443499795,-1.0,STOP
swing_baseline,1701699900000,2023,0.48012443173854763,1701700200000,1701703500000,2045.225,2030.3547142857142,2090.8561428571425,2030.3547142857142,3.0686123813549315,-1.0,STOP
swing_baseline,1701703800000,2023,0.5160069752605674,1701704100000,1701790500000,2025.855,2012.9059285714286,2061.351285714286,2012.9059285714286,2.7412224814796624,-1.0,STOP
swing_baseline,1701790800000,2023,0.4945781470289291,1701791100000,1701849000000,2011.455,2005.5112142857142,2033.530142857143,2033.530142857143,3.713986997224021,3.713986997224021,TARGET
swing_baseline,1701960300000,2023,0.6069688726157337,1701960600000,1701968700000,2027.065,2021.2834285714287,2040.2912857142858,2021.2834285714287,2.287662770872985,-1.0,STOP
swing_baseline,1701969000000,2023,0.4079386221230881,1701969300000,1702042500000,2020.185,2015.3299285714286,2039.055285714286,2015.3299285714286,3.886716393756262,-1.0,STOP
swing_baseline,1702044000000,2023,0.4559939746059696,1702044300000,1702044600000,2014.775,2009.6932142857142,2029.9021428571427,2009.6932142857142,2.9767376484642862,-1.0,STOP
swing_baseline,1702044900000,2023,0.4933398376550055,1702045200000,1702045500000,2008.675,2003.3732142857143,2023.5821428571428,2003.3732142857143,2.811721118221659,-1.0,STOP
swing_baseline,1702053900000,2023,0.5512270510864549,1702054200000,1702055100000,2003.165,1997.1777142857143,2022.864142857143,1997.1777142857143,3.2901624871752397,-1.0,STOP
swing_baseline,1702055400000,2023,0.4547752400740047,1702055700000,1702305000000,1995.515,1989.8729285714285,2017.9332857142856,1989.8729285714285,3.973414019673449,-1.0,STOP
swing_baseline,1702305900000,2023,0.5312989845694367,1702306200000,1702308000000,1988.535,1983.0796428571427,2004.9564285714284,1983.0796428571427,3.0101472995088536,-1.0,STOP
swing_baseline,1702308300000,2023,0.48898513813414385,1702308600000,1702317000000,1982.628,1977.2889285714286,2000.8692857142858,1977.2889285714286,3.416565213319709,-1.0,STOP
swing_baseline,1702317300000,2023,0.4586636492362796,1702317600000,1702387800000,1976.675,1971.0190714285716,1996.0487142857144,1996.0487142857144,3.4253817107208766,3.4253817107208766,TARGET
swing_baseline,1702391400000,2023,0.45906267128242995,1702391700000,1702448100000,1980.515,1976.4702857142856,1996.593857142857,1976.4702857142856,3.9752763748099005,-1.0,STOP
swing_baseline,1702448400000,2023,0.5159892010815159,1702448700000,1702474200000,1974.585,1970.9472142857144,1984.1011428571428,1984.1011428571428,2.6159162755993814,2.6159162755993814,TARGET
swing_baseline,1702560600000,2023,0.5806018278116536,1702560900000,1702664700000,2029.875,2021.8878571428572,2049.6735714285714,2021.8878571428572,2.4788052226793353,-1.0,STOP
swing_baseline,1702665000000,2023,0.5048410540257644,1702665300000,1702668600000,2020.885,2015.5909285714285,2037.9612857142859,2015.5909285714285,3.225548794473622,-1.0,STOP
swing_baseline,1703067900000,2023,0.47808270355631866,1703068200000,1703070600000,2036.175,2033.8474999999999,2045.785,2033.8474999999999,4.128893662728126,-1.0,STOP
swing_baseline,1703071200000,2023,0.6558989381339585,1703071500000,1703106000000,2033.535,2029.2687142857142,2041.400142857143,2029.2687142857142,1.8435574604874738,-1.0,STOP
swing_baseline,1703107800000,2023,0.4353345241918939,1703108100000,1703166000000,2027.725,2022.8853571428572,2044.7485714285715,2044.7485714285715,3.5175263818169613,3.5175263818169613,TARGET
swing_baseline,1703601600000,2023,0.533423945618904,1703601900000,1703622900000,2055.785,2051.542428571429,2066.1552857142856,2066.1552857142856,2.4443396861744295,2.4443396861744295,TARGET
swing_baseline,1703673000000,2023,0.5928001152508934,1703673300000,1703689800000,2063.115,2058.5712142857146,2072.640142857143,2072.640142857143,2.096301070536241,2.096301070536241,TARGET
swing_baseline,1703754300000,2023,0.46602675774831503,1703754600000,1703790900000,2074.265,2070.423714285714,2089.630142857143,2070.423714285714,4.0,-1.0,STOP
swing_baseline,1703791200000,2023,0.3972869945241063,1703791500000,1703844900000,2068.908,2063.579857142857,2088.4205714285713,2063.579857142857,3.6621712202051904,-1.0,STOP
swing_baseline,1703845200000,2023,0.4973818907658425,1703845500000,1703858100000,2063.395,2058.9507857142858,2074.821857142857,2058.9507857142858,2.5711760073289516,-1.0,STOP
swing_baseline,1704206400000,2024,0.6259433344723456,1704206700000,1704209700000,2065.715,2057.6547857142855,2079.855857142857,2057.6547857142855,1.7544021339381948,-1.0,STOP
swing_baseline,1704273000000,2024,0.5187448468642527,1704273300000,1704274800000,2058.185,2055.103785714286,2069.0098571428575,2055.103785714286,3.513178941512463,-1.0,STOP
swing_baseline,1704277200000,2024,0.6257482378548385,1704277500000,1704282000000,2054.485,2050.0302142857145,2064.6041428571434,2050.0302142857145,2.2715217983870906,-1.0,STOP
swing_baseline,1704282900000,2024,0.5363393649199957,1704283200000,1704283500000,2047.505,2043.0953571428572,2060.5885714285714,2043.0953571428572,2.967036527091545,-1.0,STOP
swing_baseline,1704284700000,2024,0.595335071256774,1704285000000,1704290700000,2043.425,2038.186357142857,2055.6795714285713,2038.186357142857,2.339264531435339,-1.0,STOP
swing_baseline,1704291000000,2024,0.5170053213414217,1704291300000,1704292500000,2037.195,2031.9089285714285,2053.934285714286,2031.9089285714285,3.1666779271671706,-1.0,STOP
swing_baseline,1704296700000,2024,0.5229327096811451,1704297000000,1704461400000,2032.925,2026.8364285714285,2051.579285714286,2026.8364285714285,3.063819802909497,-1.0,STOP
swing_baseline,1704686100000,2024,0.45674030964820467,1704686400000,1704692100000,2036.075,2027.8842857142856,2063.337857142857,2027.8842857142856,3.3285078922123637,-1.0,STOP
swing_baseline,1704705300000,2024,0.5011782500604157,1704705600000,1704712500000,2027.075,2022.1826428571428,2043.5944285714286,2022.1826428571428,3.376578628472911,-1.0,STOP
swing_baseline,1704717000000,2024,0.5213575841607978,1704717300000,1704730200000,2019.895,2014.3911428571428,2036.7604285714285,2036.7604285714285,3.06429257403894,3.06429257403894,TARGET
swing_baseline,1704815700000,2024,0.4748465050816239,1704816000000,1704869400000,2028.755,2024.1557142857143,2046.7021428571427,2024.1557142857143,3.9021587202980754,-1.0,STOP
swing_baseline,1704869700000,2024,0.517677251114986,1704870000000,1704880800000,2024.435,2020.5,2036.975,2036.975,3.186785260482881,3.186785260482881,TARGET
swing_baseline,1704909000000,2024,0.4803323046546674,1704909300000,1704979800000,2023.035,2017.7909285714286,2039.5112857142858,2039.5112857142858,3.141888118555614,3.141888118555614,TARGET
swing_baseline,1704981900000,2024,0.5526696305473644,1704982200000,1704990000000,2026.565,2020.9743571428571,2040.2275714285713,2020.9743571428571,2.4438283356117334,-1.0,STOP
swing_baseline,1704990300000,2024,0.553061860837385,1704990600000,1705014900000,2018.225,2011.2365,2034.994,2034.994,2.399513486442036,2.399513486442036,TARGET
swing_baseline,1705331700000,2024,0.47955222944319753,1705332000000,1705393800000,2049.845,2045.9062857142856,2062.824857142857,2045.9062857142856,3.2954553697726716,-1.0,STOP
swing_baseline,1705394100000,2024,0.4184984547977134,1705394400000,1705396200000,2043.155,2040.1134285714288,2053.471285714286,2040.1134285714288,3.3917617772771336,-1.0,STOP
swing_baseline,1705396800000,2024,0.4860907462164963,1705397100000,1705410600000,2040.115,2035.4964285714286,2050.9542857142856,2035.4964285714286,2.346891432106389,-1.0,STOP
swing_baseline,1705424700000,2024,0.5276070277820083,1705425000000,1705468500000,2026.195,2020.3144285714286,2044.8672857142853,2020.3144285714286,3.175250218637646,-1.0,STOP
swing_baseline,1705468800000,2024,0.4435353800777821,1705469100000,1705503300000,2019.665,2014.547,2037.8020000000001,2014.547,3.543767096522155,-1.0,STOP
swing_baseline,1705503600000,2024,0.4599449180838543,1705503900000,1705509900000,2012.735,2005.0080714285714,2034.1927142857144,2005.0080714285714,2.777004353975473,-1.0,STOP
swing_baseline,1705510200000,2024,0.4666365650115747,1705510500000,1705650300000,2005.415,1998.1030714285714,2028.6627142857142,2028.6627142857142,3.1794230562583623,3.1794230562583623,TARGET
swing_baseline,1705900500000,2024,0.42937650308052466,1705900800000,1705934400000,2022.735,2018.5207142857141,2038.4371428571426,2018.5207142857141,3.7259322033897333,-1.0,STOP
swing_baseline,1706108400000,2024,0.5601295653308801,1706108700000,1706111400000,2021.365,2014.9018571428571,2035.6675714285714,2014.9018571428571,2.212943724857413,-1.0,STOP
swing_baseline,1706111700000,2024,0.3909439360532059,1706112000000,1706189400000,2015.215,2010.0975714285714,2033.6847142857143,2010.0975714285714,3.6091787169896423,-1.0,STOP
swing_baseline,1706281200000,2024,0.5141105327937304,1706281500000,1706512200000,2018.035,2014.1314285714284,2030.7492857142859,2030.7492857142859,3.257090576395037,3.257090576395037,TARGET
swing_baseline,1706541900000,2024,0.517519915275026,1706542200000,1706600100000,2021.515,2015.882357142857,2038.8955714285712,2038.8955714285712,3.0856867494323357,3.0856867494323357,TARGET
swing_baseline,1706628300000,2024,0.6376502601169859,1706628600000,1706710200000,2031.955,2025.1664285714285,2044.0092857142859,2044.0092857142859,1.7756734006734238,1.7756734006734238,TARGET
swing_baseline,1706731200000,2024,0.6296457751574017,1706731500000,1706802900000,2034.675,2026.9921428571429,2052.2064285714287,2052.2064285714287,2.2818891781331727,2.2818891781331727,TARGET
swing_baseline,1706880300000,2024,0.5571094542890503,1706880600000,1706880600000,2052.295,2049.0732857142857,2061.5468571428573,2049.0732857142857,2.8717186945725053,-1.0,STOP
swing_baseline,1706880900000,2024,0.43601538341084295,1706881200000,1706881200000,2036.865,2033.1802857142857,2045.653857142857,2033.1802857142857,2.38522079634004,-1.0,STOP
swing_baseline,1706881800000,2024,0.4867597835294033,1706882100000,1706882100000,2032.425,2029.5902857142858,2042.0638571428572,2029.5902857142858,3.4002922945120444,-1.0,STOP
swing_baseline,1706882400000,2024,0.6380427319585656,1706882700000,1707121200000,2030.605,2023.3079285714286,2044.9432857142856,2023.3079285714286,1.9649370099550665,-1.0,STOP
swing_baseline,1707121500000,2024,0.4690570183100386,1707121800000,1707139200000,2023.075,2019.1395714285713,2038.1167142857141,2019.1395714285713,3.822128648177547,-1.0,STOP
swing_baseline,1707139500000,2024,0.49091042443485833,1707139800000,1707231900000,2017.245,2012.058642857143,2033.3904285714284,2033.3904285714284,3.1130576099383096,3.1130576099383096,TARGET
swing_baseline,1707294600000,2024,0.4454807028728922,1707294900000,1707316800000,2031.975,2029.4432857142856,2041.7018571428573,2041.7018571428573,3.8420042884550836,3.8420042884550836,TARGET
swing_baseline,1707364500000,2024,0.5137712396836445,1707364800000,1707391800000,2032.725,2027.9713571428572,2046.4895714285713,2027.9713571428572,2.895583837958923,-1.0,STOP
swing_baseline,1707393300000,2024,0.476004530400484,1707393600000,1707395700000,2028.975,2024.419142857143,2041.2484285714286,2024.419142857143,2.6939888996897356,-1.0,STOP
swing_baseline,1707396900000,2024,0.486841739368854,1707397200000,1707745500000,2024.945,2019.8998571428572,2038.1755714285714,2019.8998571428572,2.6224374221316675,-1.0,STOP
swing_baseline,1707745800000,2024,0.595900050108219,1707746100000,1707747300000,2019.655,2016.3047857142856,2027.105857142857,2016.3047857142856,2.223994200797302,-1.0,STOP
swing_baseline,1707747600000,2024,0.5822368575549679,1707747900000,1707807600000,2015.215,2011.4400714285714,2024.2147142857143,2024.2147142857143,2.3840753845863354,2.3840753845863354,TARGET
swing_baseline,1707831000000,2024,0.696836834760807,1707831300000,1707831600000,2015.615,2011.895142857143,2021.9444285714285,2011.895142857143,1.70152463612273,-1.0,STOP
swing_baseline,1707831900000,2024,0.6769558168364471,1707832200000,1707832500000,2007.295,2004.285142857143,2014.3344285714286,2004.285142857143,2.33879158953917,-1.0,STOP
swing_baseline,1707832800000,2024,0.4379952182531659,1707833100000,1707834600000,2002.515,1997.7367857142858,2018.0778571428573,1997.7367857142858,3.2570446221690803,-1.0,STOP
swing_baseline,1707835500000,2024,0.4871808673709191,1707835800000,1707836700000,1995.555,1990.8797857142858,2011.2208571428573,1990.8797857142858,3.3508318946420275,-1.0,STOP
swing_baseline,1707873300000,2024,0.4625248132880136,1707873600000,1708104900000,1989.375,1983.0780714285713,2011.3627142857144,2011.3627142857144,3.4918157378313346,3.4918157378313346,TARGET
swing_baseline,1708353900000,2024,0.5288305959410249,1708354200000,1708431900000,2015.985,2012.8417142857143,2027.808142857143,2027.808142857143,3.7613961732492416,3.7613961732492416,TARGET
swing_baseline,1708473600000,2024,0.4866956930009943,1708473900000,1708542000000,2023.185,2020.0480714285713,2034.2327142857143,2020.0480714285713,3.5218252612883436,-1.0,STOP
swing_baseline,1708608000000,2024,0.5010166653764927,1708608300000,1708612800000,2025.305,2022.3232857142857,2034.981857142857,2022.3232857142857,3.2454005366039294,-1.0,STOP
swing_baseline,1708614300000,2024,0.5121593163902554,1708614600000,1708669800000,2022.165,2018.7149285714286,2034.1152857142856,2018.7149285714286,3.463779217821598,-1.0,STOP
swing_baseline,1708679700000,2024,0.42056033405360244,1708680000000,1708703700000,2017.904,2014.8787142857143,2030.005142857143,2030.005142857143,4.0000000000000755,4.0000000000000755,TARGET
swing_baseline,1708956600000,2024,0.5398903257901515,1708956900000,1708961700000,2028.255,2025.0024285714287,2038.2152857142855,2025.0024285714287,3.0622803935347216,-1.0,STOP
swing_baseline,1709050500000,2024,0.5660178137055574,1709050800000,1709064300000,2032.435,2029.1999285714285,2041.7752857142855,2029.1999285714285,2.887196131681694,-1.0,STOP
swing_baseline,1709065500000,2024,0.47982394488999325,1709065800000,1709111100000,2029.115,2025.6759285714286,2040.9212857142857,2025.6759285714286,3.432986478908329,-1.0,STOP
swing_baseline,1709112000000,2024,0.4125292825054025,1709112300000,1709127000000,2025.525,2022.8032857142857,2035.1118571428574,2035.1118571428574,3.5223598572327846,3.5223598572327846,TARGET
swing_baseline,1709202900000,2024,0.48688632830212747,1709203200000,1709206800000,2031.665,2029.5879285714284,2039.0232857142855,2029.5879285714284,3.542625262216401,-1.0,STOP
swing_baseline,1709207100000,2024,0.5726192056088014,1709207400000,1709213400000,2029.525,2026.6698571428574,2037.0955714285715,2037.0955714285715,2.651556089262605,2.651556089262605,TARGET
swing_baseline,1709280900000,2024,0.49757242090593806,1709281200000,1709282100000,2042.845,2040.3667142857144,2051.708142857143,2040.3667142857144,3.5763200368918726,-1.0,STOP
swing_baseline,1709282400000,2024,0.5506678892160394,1709282700000,1709287800000,2040.455,2037.1067142857144,2048.448142857143,2048.448142857143,2.387234405666186,2.387234405666186,TARGET
swing_baseline,1710162600000,2024,0.53523991643234,1710162900000,1710245700000,2176.695,2169.8019285714286,2194.267285714286,2169.8019285714286,2.549267898407274,-1.0,STOP
swing_baseline,1710246600000,2024,0.848781343779085,1710246900000,1710246900000,2170.538,2157.472214285714,2174.6511428571425,2174.6511428571425,0.31480256504170684,0.31480256504170684,TARGET
swing_baseline,1710248400000,2024,0.540565448591697,1710248700000,1710250800000,2163.395,2156.0834999999997,2179.491,2156.0834999999997,2.201463447992813,-1.0,STOP
swing_baseline,1710252300000,2024,0.48408930879568185,1710252600000,1710349200000,2153.375,2147.7970714285716,2174.6867142857145,2174.6867142857145,3.8207219782050723,3.8207219782050723,TARGET
swing_baseline,1710396300000,2024,0.5016354706995036,1710396600000,1710419400000,2168.075,2164.056142857143,2182.2504285714285,2164.056142857143,3.527228778615583,-1.0,STOP
swing_baseline,1710420900000,2024,0.6180416201907207,1710421200000,1710429300000,2162.655,2157.1589999999997,2173.089,2157.1589999999997,1.8984716157202872,-1.0,STOP
swing_baseline,1710429600000,2024,0.503579894534039,1710429900000,1710430800000,2159.325,2152.9912142857142,2172.960142857143,2152.9912142857142,2.1527635244100405,-1.0,STOP
swing_baseline,1710506100000,2024,0.4909998128803131,1710506400000,1710509400000,2159.815,2156.6029285714285,2171.8132857142855,2156.6029285714285,3.7353732571324474,-1.0,STOP
swing_baseline,1710523800000,2024,0.5276692101889605,1710524100000,1710724800000,2157.165,2150.777642857143,2175.314428571429,2150.777642857143,2.8414613689990813,-1.0,STOP
swing_baseline,1710725100000,2024,0.48151194986100343,1710725400000,1710957600000,2151.525,2145.249071428571,2169.5787142857143,2169.5787142857143,2.8766602551696976,2.8766602551696976,TARGET
swing_baseline,1711029300000,2024,0.46745114695684786,1711029600000,1711029600000,2191.785,2184.6975714285713,2218.884714285714,2184.6975714285713,3.823631379504957,-1.0,STOP
swing_baseline,1711029900000,2024,0.5247874005038059,1711030200000,1711033200000,2183.845,2175.0975714285714,2209.284714285714,2175.0975714285714,2.908250587927939,-1.0,STOP
swing_baseline,1711033500000,2024,0.5677564972608357,1711033800000,1711128000000,2171.825,2161.4054285714287,2197.3032857142857,2161.4054285714287,2.4452335577279998,-1.0,STOP
swing_baseline,1711128300000,2024,0.46822191177534855,1711128600000,1711374000000,2158.345,2151.419571428571,2179.4967142857145,2179.4967142857145,3.054210157184695,3.054210157184695,TARGET
swing_baseline,1711417500000,2024,0.4305770207801294,1711417800000,1711444200000,2167.735,2164.1387857142854,2181.419857142857,2181.419857142857,3.805350864996363,3.805350864996363,TARGET
swing_baseline,1711979100000,2024,0.47478172985771283,1711979400000,1711980300000,2242.058,2234.331642857143,2271.348428571429,2234.331642857143,3.790975233199985,-1.0,STOP
swing_baseline,1711980900000,2024,0.473338689153737,1711981200000,1712050200000,2231.865,2223.854214285714,2263.3081428571427,2263.3081428571427,3.925100979928857,3.925100979928857,TARGET
swing_baseline,1712146800000,2024,0.5582317981446282,1712147100000,1712161200000,2268.455,2260.192285714286,2289.9058571428573,2289.9058571428573,2.5961029755010463,2.5961029755010463,TARGET
swing_baseline,1712217300000,2024,0.5214639967443271,1712217600000,1712232000000,2292.904,2287.1717142857146,2310.0881428571424,2287.1717142857146,2.9977819867418782,-1.0,STOP
swing_baseline,1712232300000,2024,0.4642826180684471,1712232600000,1712254800000,2285.345,2280.2990714285716,2302.0787142857143,2302.0787142857143,3.3162804524159304,3.3162804524159304,TARGET
swing_baseline,1712259900000,2024,0.5143158363384359,1712260200000,1712279700000,2280.635,2273.7167142857143,2305.208142857143,2273.7167142857143,3.551912116956964,-1.0,STOP
swing_baseline,1712280000000,2024,0.46944386268005056,1712280300000,1712325000000,2270.835,2259.942857142857,2300.553571428571,2300.553571428571,2.728441209259562,2.728441209259562,TARGET
swing_baseline,1712678100000,2024,0.5330872158706155,1712678400000,1712752200000,2340.218,2329.229642857143,2373.7064285714287,2329.229642857143,3.0476283338859873,-1.0,STOP
swing_baseline,1712754600000,2024,0.48394336264598725,1712754900000,1712758500000,2322.225,2315.328928571428,2347.809285714286,2347.809285714286,3.7099798021646757,3.7099798021646757,TARGET
swing_baseline,1712825400000,2024,0.5464971657676694,1712825700000,1712855100000,2328.005,2318.7607142857146,2353.232142857143,2353.232142857143,2.728944521712327,2.728944521712327,TARGET
swing_baseline,1712935800000,2024,0.7795701354288405,1712936100000,1712939400000,2394.698,2372.590928571429,2419.3612857142857,2372.590928571429,1.1156288065551332,-1.0,STOP
swing_baseline,1712940300000,2024,0.519336915093662,1712940600000,1712943600000,2362.075,2348.694214285714,2408.5931428571425,2348.694214285714,3.47648814131139,-1.0,STOP
swing_baseline,1712943900000,2024,0.5150123545413922,1712944200000,1713189900000,2348.678,2332.330857142857,2402.0015714285714,2332.330857142857,3.2619505374464723,-1.0,STOP
swing_baseline,1713190200000,2024,0.561562596183291,1713190500000,1713201900000,2332.105,2314.5485714285714,2361.095714285714,2361.095714285714,1.6512876846088047,1.6512876846088047,TARGET
swing_baseline,1713254100000,2024,0.527203196674226,1713254400000,1713490200000,2365.445,2353.0409285714286,2402.0562857142854,2402.0562857142854,2.951553925266403,2.951553925266403,TARGET
swing_baseline,1713525000000,2024,0.4433113052423668,1713525300000,1713755700000,2373.995,2362.0955,2415.643,2362.0955,3.4999789907139105,-1.0,STOP
swing_baseline,1713764400000,2024,0.46326976018063426,1713764700000,1713768300000,2361.455,2352.887785714286,2392.223857142857,2352.887785714286,3.5914658040205,-1.0,STOP
swing_baseline,1713783900000,2024,0.5836425353525464,1713784200000,1713785100000,2351.075,2340.1397142857145,2375.916142857143,2340.1397142857145,2.271650097325923,-1.0,STOP
swing_baseline,1713787200000,2024,0.5586314629066714,1713787500000,1713804900000,2341.345,2329.188714285714,2369.5151428571426,2329.188714285714,2.317331421721839,-1.0,STOP
swing_baseline,1713809100000,2024,0.466876791755812,1713809400000,1713836100000,2325.275,2315.7435,2362.546,2315.7435,3.9102974348213326,-1.0,STOP
swing_baseline,1713836400000,2024,0.4601826313478028,1713836700000,1713837000000,2305.485,2296.8885714285716,2338.220714285714,2296.8885714285716,3.808059825508921,-1.0,STOP
swing_baseline,1713863700000,2024,0.5244546669653005,1713864000000,1713880500000,2295.035,2281.490857142857,2330.3615714285716,2330.3615714285716,2.608254490607421,2.608254490607421,TARGET
swing_baseline,1713950100000,2024,0.5697924397232094,1713950400000,1713970800000,2314.965,2308.427357142857,2333.0655714285717,2333.0655714285717,2.768669354398096,2.768669354398096,TARGET
swing_baseline,1714014600000,2024,0.5157591939939037,1714014900000,1714049400000,2306.715,2297.8953571428574,2332.9085714285716,2332.9085714285716,2.9699129378417037,2.9699129378417037,TARGET
swing_baseline,1714352400000,2024,0.5627051235260208,1714352700000,1714461900000,2328.735,2317.288785714286,2351.569857142857,2317.288785714286,1.9949702646539373,-1.0,STOP
swing_baseline,1714462200000,2024,0.4505389280839168,1714462500000,1714465500000,2316.818,2311.3507857142854,2335.986857142857,2311.3507857142854,3.5061470323090633,-1.0,STOP
swing_baseline,1714467300000,2024,0.5515306483266375,1714467600000,1714480200000,2312.745,2305.6854285714285,2329.9832857142856,2305.6854285714285,2.4418317583017966,-1.0,STOP
swing_baseline,1714482300000,2024,0.49579757128621776,1714482600000,1714487700000,2303.868,2297.756642857143,2323.8984285714287,2297.756642857143,3.2775745392070554,-1.0,STOP
swing_baseline,1714488000000,2024,0.5636830745752872,1714488300000,1714503300000,2298.085,2290.0102142857145,2319.1341428571427,2290.0102142857145,2.606774173573852,-1.0,STOP
swing_baseline,1714503600000,2024,0.5101219467247491,1714503900000,1714536300000,2292.385,2282.340357142857,2318.9135714285717,2282.340357142857,2.6410666666666023,-1.0,STOP
swing_baseline,1714536600000,2024,0.4885857709899042,1714536900000,1714572300000,2282.298,2275.0139285714286,2308.969285714286,2308.969285714286,3.661590358610433,3.661590358610433,TARGET
swing_baseline,1714640100000,2024,0.47602216566532674,1714640400000,1714654500000,2303.865,2294.234071428572,2337.633714285714,2294.234071428572,3.506278136658221,-1.0,STOP
swing_baseline,1714654800000,2024,0.5424002168495796,1714655100000,1714655400000,2293.925,2286.541,2315.6109999999994,2286.541,2.936890574214409,-1.0,STOP
swing_baseline,1714655700000,2024,0.550021471570767,1714656000000,1714673400000,2287.795,2280.1310000000003,2309.2009999999996,2309.2009999999996,2.793058455114844,2.793058455114844,TARGET
swing_baseline,1714719300000,2024,0.455474848945139,1714719600000,1714739400000,2298.385,2293.586357142857,2316.779571428571,2316.779571428571,3.8332861969899987,3.8332861969899987,TARGET
swing_baseline,1714743000000,2024,0.5563465920181309,1714743300000,1714744800000,2282.055,2274.487642857143,2302.3744285714283,2302.3744285714283,2.6851420103263606,2.6851420103263606,TARGET
swing_baseline,1715066100000,2024,0.5437591495531822,1715066400000,1715069400000,2318.725,2313.0420714285715,2336.0067142857147,2313.0420714285715,3.040987418458959,-1.0,STOP
swing_baseline,1715074200000,2024,0.503514175293033,1715074500000,1715083200000,2315.315,2309.878214285714,2331.9121428571425,2309.878214285714,3.0527491296062306,-1.0,STOP
swing_baseline,1715131800000,2024,0.43974826930035377,1715132100000,1715155200000,2308.905,2303.8935714285712,2328.8007142857145,2303.8935714285712,3.9700684150510233,-1.0,STOP
swing_baseline,1715240700000,2024,0.5616235775599611,1715241000000,1715257800000,2308.818,2304.1019285714283,2321.3672857142856,2321.3672857142856,2.6609617569099075,2.6609617569099075,TARGET
swing_baseline,1715563500000,2024,0.4642749551203363,1715563800000,1715582700000,2356.445,2348.0237857142856,2383.794857142857,2348.0237857142856,3.247733190835925,-1.0,STOP
swing_baseline,1715586000000,2024,0.452574981199658,1715586300000,1715590200000,2346.755,2341.711928571429,2365.377285714286,2341.711928571429,3.6926476212060306,-1.0,STOP
swing_baseline,1715592000000,2024,0.47367606147798047,1715592300000,1715612400000,2341.975,2336.3945,2360.792,2336.3945,3.371920078845965,-1.0,STOP
swing_baseline,1715613900000,2024,0.4691719263025078,1715614200000,1715695200000,2333.835,2327.829785714286,2356.6208571428574,2356.6208571428574,3.7943453903158284,3.7943453903158284,TARGET
swing_baseline,1715781000000,2024,0.5307763112098096,1715781300000,1715785200000,2353.395,2345.9845714285716,2374.7367142857147,2374.7367142857147,2.8799568176123764,2.8799568176123764,TARGET
swing_baseline,1715851500000,2024,0.5128288349229614,1715851800000,1715864100000,2384.195,2378.776785714286,2403.082857142857,2378.776785714286,3.485993012985169,-1.0,STOP
swing_baseline,1715864400000,2024,0.5781507441152952,1715864700000,1715871300000,2378.638,2371.474214285714,2397.628142857143,2371.474214285714,2.650853000707848,-1.0,STOP
swing_baseline,1716207600000,2024,0.5225578899527201,1716207900000,1716378000000,2417.485,2405.9609285714287,2453.2312857142856,2405.9609285714287,3.1018799159522943,-1.0,STOP
swing_baseline,1716378900000,2024,0.6200749367605178,1716379200000,1716387000000,2408.645,2399.2025,2426.4300000000007,2399.2025,1.883505427588092,-1.0,STOP
swing_baseline,1716387300000,2024,0.42157932603545806,1716387600000,1716388200000,2389.345,2382.4664285714284,2412.909285714286,2382.4664285714284,3.425752855659486,-1.0,STOP
swing_baseline,1716402000000,2024,0.5591513152583484,1716402300000,1716427500000,2383.655,2372.1667857142857,2412.1228571428574,2372.1667857142857,2.478005409270315,-1.0,STOP
swing_baseline,1716427800000,2024,0.4139363182802701,1716428100000,1716443700000,2366.915,2358.3334285714286,2399.806285714286,2358.3334285714286,3.832781208902856,-1.0,STOP
swing_baseline,1716444000000,2024,0.5413615121160286,1716444300000,1716474600000,2359.945,2345.697285714286,2391.485857142857,2345.697285714286,2.213748571199394,-1.0,STOP
swing_baseline,1716475800000,2024,0.6000079811402609,1716476100000,1716486900000,2345.415,2332.865642857143,2375.6124285714286,2332.865642857143,2.40629286645308,-1.0,STOP
swing_baseline,1716487200000,2024,0.4393140166092916,1716487500000,1716943200000,2332.295,2321.657857142857,2371.7435714285716,2358.028,3.7085683588503984,2.419164652162207,864BAR_TIMEOUT
swing_baseline,1716963600000,2024,0.4631888223319517,1716963900000,1716971400000,2352.185,2347.0275714285713,2371.2647142857145,2347.0275714285713,3.6994626336490763,-1.0,STOP
swing_baseline,1716972000000,2024,0.49458001775095844,1716972300000,1716973800000,2346.315,2341.287857142857,2363.973571428571,2341.287857142857,3.5126456379650377,-1.0,STOP
swing_baseline,1716983400000,2024,0.5501785273271262,1716983700000,1717033200000,2340.605,2333.8902857142857,2356.613857142857,2333.8902857142857,2.3841456928280684,-1.0,STOP
swing_baseline,1717033500000,2024,0.4694759344448366,1717033800000,1717047000000,2334.585,2327.5855,2354.783,2327.5855,2.8856346881920363,-1.0,STOP
swing_baseline,1717047900000,2024,0.48503681920902736,1717048200000,1717072500000,2323.905,2318.1377857142857,2342.2238571428566,2342.2238571428566,3.176378791443969,3.176378791443969,TARGET
swing_baseline,1717124400000,2024,0.518446142383682,1717124700000,1717167900000,2339.265,2332.4884285714284,2360.2212857142854,2332.4884285714284,3.0924614217049653,-1.0,STOP
swing_baseline,1717168200000,2024,0.5097981689076344,1717168500000,1717181400000,2331.555,2322.6590714285717,2356.1537142857146,2322.6590714285717,2.7651654448666156,-1.0,STOP
swing_baseline,1717182000000,2024,0.4205476237416672,1717182300000,1717434000000,2321.508,2314.006642857143,2350.663428571429,2350.663428571429,3.8866871708931945,3.8866871708931945,TARGET
swing_baseline,1717485000000,2024,0.5183156357988961,1717485300000,1717488000000,2343.625,2338.107571428571,2361.494714285714,2338.107571428571,3.2387758272485367,-1.0,STOP
swing_baseline,1717488300000,2024,0.4226365459743393,1717488600000,1717491600000,2335.948,2331.5820714285715,2353.9467142857143,2331.5820714285715,4.122539796803347,-1.0,STOP
swing_baseline,1717491900000,2024,0.4582443890637917,1717492200000,1717500000000,2330.845,2326.3384285714287,2348.286285714286,2326.3384285714287,3.870189564445957,-1.0,STOP
swing_baseline,1717500300000,2024,0.4571802810073185,1717500600000,1717510500000,2325.4,2320.5843571428572,2344.6625714285715,2320.5843571428572,4.0,-1.0,STOP
swing_baseline,1717510800000,2024,0.4603657743116167,1717511100000,1717564200000,2317.135,2309.126714285714,2341.033142857143,2341.033142857143,2.9841771022867687,2.9841771022867687,TARGET
swing_baseline,1717678800000,2024,0.5518130826413032,1717679100000,1717688700000,2355.695,2348.525785714286,2377.9218571428573,2377.9218571428573,3.100319819864769,3.100319819864769,TARGET
swing_baseline,1717747200000,2024,0.5200805309551583,1717747500000,1717747800000,2358.215,2352.267214285714,2381.2061428571433,2352.267214285714,3.8654961630376894,-1.0,STOP
swing_baseline,1717748100000,2024,0.5800470996006573,1717748400000,1717749600000,2355.845,2344.9872142857143,2373.9261428571435,2344.9872142857143,1.6652698195502784,-1.0,STOP
swing_baseline,1717751400000,2024,0.5470068287464898,1717751700000,1717757400000,2344.245,2332.9989285714287,2371.944285714286,2332.9989285714287,2.4630188319731343,-1.0,STOP
swing_baseline,1717758000000,2024,0.5358763530407816,1717758300000,1717763400000,2332.495,2322.5385,2364.6710000000003,2322.5385,3.231657711043148,-1.0,STOP
swing_baseline,1717767900000,2024,0.43550977176398575,1717768200000,1717785300000,2312.208,2301.0952857142856,2353.308857142857,2301.0952857142856,3.6985434958669554,-1.0,STOP
swing_baseline,1717785900000,2024,0.4089686332677226,1717786200000,1717791000000,2300.085,2286.977857142857,2352.4635714285714,2286.977857142857,3.9961852861034592,-1.0,STOP
swing_baseline,1718071800000,2024,0.4594203355894663,1718072100000,1718109600000,2299.598,2294.5079285714287,2319.293285714286,2319.293285714286,3.8693535033189677,3.8693535033189677,TARGET
swing_baseline,1718241900000,2024,0.46799587495277567,1718242200000,1718293500000,2311.614,2301.4685714285715,2344.950714285714,2301.4685714285715,3.2858852685234794,-1.0,STOP
swing_baseline,1718293800000,2024,0.4165200706547549,1718294100000,1718362200000,2299.608,2291.041,2331.611,2331.611,3.7356134002567614,3.7356134002567614,TARGET
swing_baseline,1718586000000,2024,0.5694282238680944,1718586300000,1718606100000,2324.775,2316.5059285714287,2347.101285714286,2316.5059285714287,2.6999749496834586,-1.0,STOP
swing_baseline,1718610300000,2024,0.5413212507381443,1718610600000,1718638800000,2317.575,2311.1564285714285,2332.7992857142863,2311.1564285714285,2.3719118628979885,-1.0,STOP
swing_baseline,1718639100000,2024,0.44935125755671407,1718639400000,1718729700000,2310.105,2305.166571428572,2330.2087142857144,2330.2087142857144,4.07087274725946,4.07087274725946,TARGET
swing_baseline,1718795100000,2024,0.5328723957383488,1718795400000,1718847300000,2326.215,2322.921642857143,2336.888428571429,2336.888428571429,3.240896176285719,3.240896176285719,TARGET
swing_baseline,1718976300000,2024,0.5422172884979178,1718976600000,1718977500000,2355.165,2348.8352142857143,2372.749142857143,2348.8352142857143,2.7779997066026123,-1.0,STOP
swing_baseline,1718977800000,2024,0.5211544819943653,1718978100000,1718979900000,2335.645,2330.502214285714,2354.416142857143,2330.502214285714,3.6499951388213407,-1.0,STOP
swing_baseline,1718982900000,2024,0.4615246358175119,1718983200000,1718992200000,2325.018,2316.7350714285712,2353.0597142857146,2316.7350714285712,3.385483050335832,-1.0,STOP
swing_baseline,1719280200000,2024,0.4838723090627682,1719280500000,1719329400000,2323.905,2319.084714285714,2338.836142857143,2319.084714285714,3.0975638669904835,-1.0,STOP
swing_baseline,1719333300000,2024,0.5098700838007895,1719333600000,1719366000000,2319.435,2310.858,2341.558,2310.858,2.579340095604598,-1.0,STOP
swing_baseline,1719366600000,2024,0.46086382631358086,1719366900000,1719401100000,2311.665,2304.8960714285713,2332.690714285714,2304.8960714285713,3.1062100986650365,-1.0,STOP
swing_baseline,1719407400000,2024,0.5000307266479684,1719407700000,1719408600000,2304.255,2296.4312142857143,2327.6501428571432,2296.4312142857143,2.990258643513827,-1.0,STOP
swing_baseline,1719409500000,2024,0.5403177506405267,1719409800000,1719489600000,2296.495,2287.220214285714,2318.439142857143,2318.439142857143,2.365999984597255,2.365999984597255,TARGET
swing_baseline,1719604800000,2024,0.49370678830970355,1719605100000,1719993300000,2324.165,2316.8133571428575,2346.421571428571,2346.421571428571,3.0274282716206513,3.0274282716206513,TARGET
swing_baseline,1720074300000,2024,0.4647906747499641,1720074600000,1720182600000,2353.475,2349.6225714285715,2368.5997142857145,2349.6225714285715,3.9260206919571066,-1.0,STOP_BOTH
swing_baseline,1720420500000,2024,0.47762506799585397,1720420800000,1720427400000,2380.305,2375.2677857142858,2400.3688571428575,2375.2677857142858,3.983125593795019,-1.0,STOP
swing_baseline,1720427700000,2024,0.4635323929141331,1720428000000,1720432200000,2373.355,2368.2759285714287,2392.771285714286,2368.2759285714287,3.822802255755567,-1.0,STOP
swing_baseline,1720452600000,2024,0.4909661448822385,1720452900000,1720453500000,2367.038,2360.1955714285714,2387.5877142857144,2360.1955714285714,3.003277867089781,-1.0,STOP
swing_baseline,1720453800000,2024,0.5044037964639536,1720454100000,1720594800000,2354.345,2345.4665714285716,2372.8587142857145,2372.8587142857145,2.0852467457241173,2.0852467457241173,TARGET
swing_baseline,1720761300000,2024,0.5358826112542187,1720761600000,1720769100000,2407.378,2400.8110714285713,2429.3957142857143,2400.8110714285713,3.352817690374754,-1.0,STOP
swing_baseline,1720779900000,2024,0.5526945579617318,1720780200000,1720787400000,2400.885,2395.3903571428573,2417.528571428572,2395.3903571428573,3.0290542736431663,-1.0,STOP
swing_baseline,1720788000000,2024,0.48688282922069087,1720788300000,1720793400000,2392.345,2386.6978571428567,2409.8335714285713,2409.8335714285713,3.0968884391600224,3.0968884391600224,TARGET
swing_baseline,1721024700000,2024,0.5529788869984191,1721025000000,1721045400000,2405.135,2399.6962857142853,2420.239857142857,2420.239857142857,2.7772845472928402,2.7772845472928402,TARGET
swing_baseline,1721228100000,2024,0.5322814850921035,1721228400000,1721239200000,2463.588,2451.558071428571,2498.907714285714,2451.558071428571,2.9359870323417976,-1.0,STOP
swing_baseline,1721318400000,2024,0.5167784194608921,1721318700000,1721329200000,2457.825,2450.233214285714,2479.5421428571426,2450.233214285714,2.860610622383161,-1.0,STOP
swing_baseline,1721329500000,2024,0.42706891337209185,1721329800000,1721347200000,2443.835,2437.0049285714285,2468.020285714286,2437.0049285714285,3.541000407860171,-1.0,STOP
swing_baseline,1721347500000,2024,0.4509185093058862,1721347800000,1721351400000,2433.735,2424.2704285714285,2454.2082857142855,2424.2704285714285,2.1631497917043188,-1.0,STOP
swing_baseline,1721352000000,2024,0.4527390289051924,1721352300000,1721369400000,2423.515,2415.7230714285715,2449.982714285714,2415.7230714285715,3.3968117190866645,-1.0,STOP
swing_baseline,1721369700000,2024,0.4742798556534488,1721370000000,1721390400000,2415.175,2407.2652142857146,2442.014142857143,2407.2652142857146,3.393156758806928,-1.0,STOP
swing_baseline,1721390700000,2024,0.5025953901776634,1721391000000,1721394300000,2406.555,2398.2815714285716,2433.548714285714,2398.2815714285716,3.2626998653176837,-1.0,STOP
swing_baseline,1721394600000,2024,0.4571556381778563,1721394900000,1721651400000,2396.755,2388.7915714285714,2426.358714285714,2388.7915714285714,3.717458381170959,-1.0,STOP
swing_baseline,1721655900000,2024,0.5255476580157802,1721656200000,1721658600000,2393.655,2385.7518571428573,2413.4675714285713,2385.7518571428573,2.5069231047322296,-1.0,STOP
swing_baseline,1721658900000,2024,0.47764469376632535,1721659200000,1721726100000,2386.875,2377.745428571429,2407.5932857142857,2407.5932857142857,2.2693601639883676,2.2693601639883676,TARGET
swing_baseline,1721843700000,2024,0.4772750789720045,1721844000000,1721850900000,2409.055,2400.8365714285715,2436.128714285714,2400.8365714285715,3.2942689773853906,-1.0,STOP
swing_baseline,1721851800000,2024,0.42655696176067637,1721852100000,1721870400000,2398.805,2389.8225,2427.285,2389.8225,3.170609518508347,-1.0,STOP
swing_baseline,1721870700000,2024,0.48643890953264307,1721871000000,1721871600000,2387.875,2378.326,2414.386,2378.326,2.776311655670754,-1.0,STOP
swing_baseline,1721875200000,2024,0.4894662641040779,1721875500000,1721916900000,2373.445,2360.7672142857145,2405.8061428571427,2360.7672142857145,2.5525863574644028,-1.0,STOP
swing_baseline,1721923500000,2024,0.53398199874983,1721923800000,1722204600000,2359.425,2348.093,2396.198,2396.198,3.245058242146011,3.245058242146011,TARGET
swing_baseline,1722254100000,2024,0.5107862961720973,1722254400000,1722264000000,2387.655,2380.7691428571425,2410.613428571429,2380.7691428571425,3.3341424451772075,-1.0,STOP
swing_baseline,1722264300000,2024,0.4426348982893606,1722264600000,1722266100000,2380.285,2374.3568571428573,2402.397571428572,2374.3568571428573,3.7301009711548505,-1.0,STOP
swing_baseline,1722505800000,2024,0.5253645918928205,1722506100000,1722520800000,2431.725,2422.330071428571,2461.054714285714,2461.054714285714,3.12186666058424,3.12186666058424,TARGET
swing_baseline,1722609600000,2024,0.5317584372512576,1722609900000,1722611100000,2436.478,2424.846,2470.7909999999997,2424.846,2.949879642365841,-1.0,STOP
swing_baseline,1722611400000,2024,0.4764981882251395,1722611700000,1722856800000,2413.315,2399.510285714286,2458.8838571428573,2399.510285714286,3.3009634389908986,-1.0,STOP
swing_baseline,1722857100000,2024,0.4829159870538915,1722857400000,1722860400000,2397.545,2380.0932857142857,2451.546857142857,2380.0932857142857,3.094358311095066,-1.0,STOP
swing_baseline,1722861000000,2024,0.43647233840175426,1722861300000,1723131300000,2367.515,2348.6585714285716,2426.1857142857143,2417.285,3.1114436152885117,2.639418159778817,864BAR_TIMEOUT
swing_baseline,1723602600000,2024,0.49199323532746286,1723602900000,1723638600000,2456.794,2449.1806428571426,2479.4024285714286,2479.4024285714286,2.969574150693779,2.969574150693779,TARGET
swing_baseline,1723641600000,2024,0.5924786652672115,1723641900000,1723650300000,2453.905,2443.075357142857,2474.2235714285716,2443.075357142857,1.8761995844737334,-1.0,STOP
swing_baseline,1723652400000,2024,0.4416016135497042,1723652700000,1723809300000,2439.865,2431.0034285714287,2471.9612857142865,2471.9612857142865,3.6219632119426683,3.6219632119426683,TARGET
swing_baseline,1724062800000,2024,0.5331394723822542,1724063100000,1724066400000,2494.625,2487.143142857143,2516.5524285714287,2487.143142857143,2.9307467588262495,-1.0,STOP
swing_baseline,1724071800000,2024,0.494823940027204,1724072100000,1724140500000,2489.785,2482.2255,2514.388,2514.388,3.25458032938694,3.25458032938694,TARGET
swing_baseline,1724228400000,2024,0.5607705549252946,1724228700000,1724247000000,2508.995,2502.308071428571,2527.492714285714,2502.308071428571,2.7662497196021114,-1.0,STOP
swing_baseline,1724247600000,2024,0.48511050140339596,1724247900000,1724332800000,2498.555,2492.6954285714287,2519.7082857142855,2492.6954285714287,3.6100397396203188,-1.0,STOP
swing_baseline,1724333400000,2024,0.5201557481385384,1724333700000,1724335800000,2486.094,2478.1107142857145,2506.297142857143,2478.1107142857145,2.5306801710717863,-1.0,STOP
swing_baseline,1724336100000,2024,0.4515316793150332,1724336400000,1724404500000,2475.065,2466.568071428572,2500.6177142857146,2500.6177142857146,3.007288347890546,3.007288347890546,TARGET
swing_baseline,1724721000000,2024,0.47095354143709733,1724721300000,1724745600000,2510.725,2504.4302857142857,2529.6538571428573,2504.4302857142857,3.0071034654926545,-1.0,STOP
swing_baseline,1724765100000,2024,0.5952403666799562,1724765400000,1724784600000,2506.575,2497.869714285714,2525.146142857143,2525.146142857143,2.133318016968355,2.133318016968355,TARGET
swing_baseline,1724821500000,2024,0.50174316262629,1724821800000,1724841900000,2509.725,2503.265928571429,2529.3612857142857,2503.265928571429,3.0401097017486105,-1.0,STOP
swing_baseline,1724843100000,2024,0.556042574445608,1724843400000,1724847600000,2503.495,2497.0768571428575,2519.9675714285713,2497.0768571428575,2.566563536403699,-1.0,STOP
swing_baseline,1724847900000,2024,0.42679522327865854,1724848200000,1724890800000,2496.055,2491.231142857143,2515.0504285714283,2515.0504285714283,3.937809103562798,3.937809103562798,TARGET
swing_baseline,1724935200000,2024,0.4955856393588061,1724935500000,1724943600000,2505.045,2499.927,2522.817,2522.817,3.4724501758499704,3.4724501758499704,TARGET
swing_baseline,1724990400000,2024,0.44763845076729547,1724990700000,1725028500000,2512.125,2506.8945714285715,2532.5967142857144,2506.8945714285715,3.913964985114611,-1.0,STOP
swing_baseline,1725030300000,2024,0.4709609912174634,1725030600000,1725036000000,2505.058,2496.8384285714287,2529.221285714286,2496.8384285714287,2.93972574169672,-1.0,STOP
swing_baseline,1725036900000,2024,0.46981108274127537,1725037200000,1725363900000,2497.595,2489.333642857143,2525.0904285714287,2489.333642857143,3.3281975462351783,-1.0,STOP
swing_baseline,1725364200000,2024,0.441711003831323,1725364500000,1725370800000,2485.855,2480.8215,2502.8389999999995,2480.8215,3.3741929075195105,-1.0,STOP
swing_baseline,1725371100000,2024,0.49264828551323014,1725371400000,1725515400000,2477.235,2469.1032142857143,2500.4621428571427,2500.4621428571427,2.8563397602002056,2.8563397602002056,TARGET
swing_baseline,1725624600000,2024,0.4972493395933671,1725624900000,1725625800000,2513.005,2509.5417857142857,2524.8078571428573,2509.5417857142857,3.408064349798752,-1.0,STOP_BOTH
swing_baseline,1725629100000,2024,0.6393535606595117,1725629400000,1725629700000,2508.498,2501.9903571428567,2524.8135714285713,2501.9903571428567,2.507139956314904,-1.0,STOP
swing_baseline,1725633000000,2024,0.633279836322815,1725633300000,1725639300000,2504.725,2494.447714285714,2524.084142857143,2494.447714285714,1.8836824620174766,-1.0,STOP
swing_baseline,1725639600000,2024,0.5003981190866459,1725639900000,1726018200000,2491.705,2481.649785714286,2520.090857142857,2520.090857142857,2.822998728449413,2.822998728449413,TARGET
swing_baseline,1726057800000,2024,0.5818940481253907,1726058100000,1726058100000,2511.134,2505.5309285714284,2525.5162857142855,2505.5309285714284,2.5668574633809094,-1.0,STOP
swing_baseline,1726058400000,2024,0.4740212798041448,1726058700000,1726073100000,2504.344,2499.8909285714285,2519.8762857142856,2519.8762857142856,3.4879938405272717,3.4879938405272717,TARGET
swing_baseline,1726483800000,2024,0.6010775522010938,1726484100000,1726569300000,2577.275,2570.948857142857,2591.779571428571,2570.948857142857,2.292798590881216,-1.0,STOP
swing_baseline,1726569600000,2024,0.47687014152247426,1726569900000,1726587000000,2571.365,2565.1739285714284,2587.529285714286,2565.1739285714284,2.6109027978079795,-1.0,STOP
swing_baseline,1726587600000,2024,0.5605528643794221,1726587900000,1726682700000,2565.655,2554.8035,2588.911,2588.911,2.1431138552273326,2.1431138552273326,TARGET
swing_baseline,1726686000000,2024,0.6174093094666435,1726686300000,1726687200000,2571.455,2556.9235714285714,2595.0357142857138,2556.9235714285714,1.622738891073515,-1.0,STOP
swing_baseline,1726688100000,2024,0.583879118443998,1726688400000,1726732500000,2557.634,2544.695571428572,2582.807714285714,2582.807714285714,1.9456546942110917,1.9456546942110917,TARGET
swing_baseline,1727076900000,2024,0.515387651793737,1727077200000,1727099400000,2615.345,2609.961,2632.796,2632.796,3.2412704309063844,3.2412704309063844,TARGET
swing_baseline,1727163300000,2024,0.4977603413915161,1727163600000,1727188800000,2624.095,2618.3107142857143,2642.5821428571426,2642.5821428571426,3.196097801926512,3.196097801926512,TARGET
swing_baseline,1727282700000,2024,0.53818596523574,1727283000000,1727347800000,2651.645,2643.2570714285716,2675.546714285714,2675.546714285714,2.8495371750219944,2.8495371750219944,TARGET
swing_baseline,1727358600000,2024,0.6443921494475693,1727358900000,1727449200000,2659.885,2648.5590714285713,2679.1887142857145,2648.5590714285713,1.704382485195106,-1.0,STOP
swing_baseline,1727458500000,2024,0.4147123670609645,1727458800000,1727693400000,2643.355,2635.7225714285714,2673.9347142857137,2635.7225714285714,4.00655099481526,-1.0,STOP
swing_baseline,1727694000000,2024,0.5047628375695589,1727694300000,1727720100000,2636.918,2627.2644999999998,2662.467,2627.2644999999998,2.646604858341436,-1.0,STOP
swing_baseline,1727720400000,2024,0.4637402588309331,1727720700000,1727784900000,2628.504,2618.3240714285716,2655.1787142857147,2655.1787142857147,2.6203243076363045,2.6203243076363045,TARGET
swing_baseline,1727842800000,2024,0.5416624315756629,1727843100000,1727848200000,2654.765,2644.5442857142853,2684.562857142857,2644.5442857142853,2.915437836326686,-1.0,STOP
swing_baseline,1727871900000,2024,0.5275013623666406,1727872200000,1727964000000,2645.295,2638.726642857143,2663.333428571429,2638.726642857143,2.7462618397729917,-1.0,STOP
swing_baseline,1728045000000,2024,0.698831451617746,1728045300000,1728046500000,2640.945,2633.5978571428573,2652.8335714285713,2633.5978571428573,1.6181217188410948,-1.0,STOP
swing_baseline,1728279900000,2024,0.4194911922233174,1728280200000,1728370800000,2641.035,2633.4614285714283,2670.3792857142853,2633.4614285714283,3.8745638026972555,-1.0,STOP
swing_baseline,1728375000000,2024,0.43390155231771693,1728375300000,1728397800000,2632.315,2625.1690714285714,2658.048714285714,2625.1690714285714,3.601171496256561,-1.0,STOP
swing_baseline,1728398100000,2024,0.5481684648380952,1728398400000,1728400200000,2624.205,2611.2305714285717,2653.617714285714,2611.2305714285717,2.26697569945282,-1.0,STOP
swing_baseline,1728400800000,2024,0.34870440843561007,1728401100000,1728649800000,2610.845,2601.106357142857,2649.849571428571,2649.849571428571,4.00513418560821,4.00513418560821,TARGET
swing_baseline,1728921300000,2024,0.5208380885302205,1728921600000,1729059000000,2646.645,2636.894714285714,2671.5961428571427,2671.5961428571427,2.5590165855945144,2.5590165855945144,TARGET
swing_baseline,1729168200000,2024,0.5929394278909232,1729168500000,1729175700000,2676.118,2667.6628571428573,2693.918571428572,2693.918571428572,2.1052951711554506,2.1052951711554506,TARGET
swing_baseline,1729523100000,2024,0.492647821855971,1729523400000,1729616400000,2720.055,2712.840357142857,2746.328571428571,2746.328571428571,3.6417009058958,3.6417009058958,TARGET
swing_baseline,1729689000000,2024,0.46144500245817377,1729689300000,1729689300000,2738.125,2732.065642857143,2758.657428571429,2732.065642857143,3.3885489974184844,-1.0,STOP
swing_baseline,1729692600000,2024,0.4885958437115203,1729692900000,1729694100000,2726.065,2719.7587857142853,2750.1898571428574,2719.7587857142853,3.8255688833007913,-1.0,STOP
swing_baseline,1729694400000,2024,0.5474108357915571,1729694700000,1729696200000,2719.355,2710.2387857142853,2740.6698571428574,2710.2387857142853,2.3381259451369174,-1.0,STOP
swing_baseline,1729844100000,2024,0.4372493053165762,1729844400000,1729845300000,2723.295,2719.068357142857,2738.726571428572,2719.068357142857,3.651023270748509,-1.0,STOP
swing_baseline,1729845600000,2024,0.5277740561227451,1729845900000,1729865400000,2720.965,2714.883357142857,2734.541571428572,2734.541571428572,2.232385516131704,2.232385516131704,TARGET
swing_baseline,1730290500000,2024,0.6517117608536246,1730290800000,1730379900000,2776.385,2768.146,2793.041,2768.146,2.0216045636606244,-1.0,STOP
swing_baseline,1730380800000,2024,0.44498903014479185,1730381100000,1730382300000,2766.245,2760.4267142857143,2786.868142857143,2760.4267142857143,3.544539383225431,-1.0,STOP
swing_baseline,1730382600000,2024,0.49977862671054546,1730382900000,1730383200000,2756.625,2749.536714285714,2775.9781428571428,2749.536714285714,2.730299488088864,-1.0,STOP
swing_baseline,1730383500000,2024,0.46334147604435516,1730383800000,1730385600000,2753.545,2741.542857142857,2773.8285714285716,2741.542857142857,1.6899958340772265,-1.0,STOP
swing_baseline,1730385900000,2024,0.48183174930697314,1730386200000,1730674800000,2739.268,2730.200857142857,2762.4865714285716,2730.200857142857,2.560737356231217,-1.0,STOP
swing_baseline,1730740200000,2024,0.5466294359208268,1730740500000,1730774700000,2734.555,2724.8422857142855,2758.820857142857,2724.8422857142855,2.4983600288281997,-1.0,STOP
swing_baseline,1730855100000,2024,0.5514327734728527,1730855400000,1730874300000,2735.525,2726.2159285714283,2758.2112857142856,2726.2159285714283,2.4370084479807392,-1.0,STOP
swing_baseline,1730874600000,2024,0.40560628541819366,1730874900000,1730894100000,2709.284,2701.075142857143,2741.7244285714282,2701.075142857143,3.9518812432563597,-1.0,STOP
swing_baseline,1730896200000,2024,0.4198918874606131,1730896500000,1730898900000,2694.115,2678.9258571428572,2750.6215714285713,2678.9258571428572,3.7201948760393604,-1.0,STOP
swing_baseline,1730899200000,2024,0.4634555043544662,1730899500000,1730900100000,2680.295,2662.5558571428573,2738.6515714285715,2662.5558571428573,3.2897063797574626,-1.0,STOP
swing_baseline,1730901600000,2024,0.38327125993365807,1730901900000,1731332100000,2657.255,2639.4906428571426,2726.9124285714283,2639.4906428571426,3.921190505868387,-1.0,STOP
swing_baseline,1731332400000,2024,0.5033726746202183,1731332700000,1731333900000,2637.665,2629.307357142857,2664.095571428571,2629.307357142857,3.1624432726247056,-1.0,STOP
swing_baseline,1731334200000,2024,0.5117361180013077,1731334500000,1731336000000,2632.505,2619.3849999999998,2660.1349999999998,2619.3849999999998,2.105945121951138,-1.0,STOP
swing_baseline,1731339000000,2024,0.5207526644650875,1731339300000,1731389400000,2616.445,2606.435,2652.3349999999996,2606.435,3.585414585414449,-1.0,STOP
swing_baseline,1731390600000,2024,0.5283324106818312,1731390900000,1731396000000,2607.375,2599.6005,2633.1730000000007,2599.6005,3.3182841340280045,-1.0,STOP
swing_baseline,1731396900000,2024,0.5775415778851873,1731397200000,1731515400000,2597.545,2589.1675714285716,2618.6997142857144,2589.1675714285716,2.525203778861603,-1.0,STOP
swing_baseline,1731516900000,2024,0.4224975567961024,1731517200000,1731528000000,2585.735,2576.621642857143,2616.6884285714286,2576.621642857143,3.396490238033612,-1.0,STOP
swing_baseline,1731528300000,2024,0.49140385716062307,1731528600000,1731546300000,2576.225,2566.234,2607.0389999999998,2566.234,3.084175758182354,-1.0,STOP
swing_baseline,1731549300000,2024,0.47076816650030695,1731549600000,1731566700000,2562.435,2551.999928571429,2599.025285714286,2551.999928571429,3.506471993483662,-1.0,STOP
swing_baseline,1731567000000,2024,0.47481458632810586,1731567300000,1731576900000,2553.355,2543.066357142857,2586.559571428571,2543.066357142857,3.2273033372442264,-1.0,STOP
swing_baseline,1731577800000,2024,0.6343660850623952,1731578100000,1731594900000,2541.394,2529.4730000000004,2565.428,2565.428,2.016106031373323,2.016106031373323,TARGET
swing_baseline,1731650100000,2024,0.45338205726035397,1731650400000,1731892800000,2559.765,2552.747214285714,2586.986142857143,2586.986142857143,3.8788791743427553,3.8788791743427553,TARGET
swing_baseline,1732087800000,2024,0.4368730786207563,1732088100000,1732089600000,2623.895,2619.3055,2642.1029999999996,2619.3055,3.967316701165586,-1.0,STOP
swing_baseline,1732096200000,2024,0.5155655078245405,1732096500000,1732109100000,2622.565,2616.4597857142858,2639.585857142857,2639.585857142857,2.787921331882567,2.787921331882567,TARGET
swing_baseline,1732505100000,2024,0.6987063647904501,1732505400000,1732544400000,2671.175,2648.360285714286,2700.678857142857,2648.360285714286,1.2931942418113493,-1.0,STOP
swing_baseline,1732544700000,2024,0.4595074962205832,1732545000000,1732550100000,2645.255,2627.5161428571428,2689.2054285714285,2627.5161428571428,2.477635859936177,-1.0,STOP
swing_baseline,1732555200000,2024,0.48769040396371505,1732555500000,1732578000000,2625.725,2609.6212142857144,2683.135142857143,2609.6212142857144,3.5650091149818817,-1.0,STOP
swing_baseline,1732578600000,2024,0.5082204485918241,1732578900000,1732697400000,2607.605,2593.4975,2651.435,2651.435,3.106858054226454,3.106858054226454,TARGET
swing_baseline,1732726800000,2024,0.5861570577930996,1732727100000,1732755900000,2637.835,2628.0093571428574,2663.7375714285718,2628.0093571428574,2.636221548571981,-1.0,STOP
swing_baseline,1732756500000,2024,0.3969615466609568,1732756800000,1732790100000,2622.805,2616.5453571428575,2648.2435714285716,2648.2435714285716,4.063901409254676,4.063901409254676,TARGET
swing_baseline,1732841700000,2024,0.48004457076398105,1732842000000,1732846200000,2635.965,2630.6919285714284,2655.1072857142854,2655.1072857142854,3.630196551210037,3.630196551210037,TARGET
swing_baseline,1732907400000,2024,0.4567437590050812,1732907700000,1733099700000,2649.725,2642.832428571429,2675.740285714286,2642.832428571429,3.774394793566848,-1.0,STOP
swing_baseline,1733100000000,2024,0.5265487487632293,1733100300000,1733102400000,2632.705,2622.8669999999997,2657.7569999999996,2622.8669999999997,2.5464525310021537,-1.0,STOP
swing_baseline,1733116800000,2024,0.47446373938563935,1733117100000,1733387100000,2622.855,2613.224642857143,2657.1014285714286,2644.825,3.5560912293714417,2.281327646949747,864BAR_TIMEOUT
swing_baseline,1733388600000,2024,0.4756684126038436,1733388900000,1733411100000,2642.975,2637.7055,2662.598,2637.7055,3.7238827213209023,-1.0,STOP
swing_baseline,1733411400000,2024,0.47273192776903933,1733411700000,1733418600000,2636.295,2628.6685714285713,2660.800714285714,2628.6685714285713,3.2132621522898663,-1.0,STOP
swing_baseline,1733419200000,2024,0.5103301516204409,1733419500000,1733447100000,2627.705,2618.4135714285717,2654.6207142857143,2618.4135714285717,2.896832718327291,-1.0,STOP
swing_baseline,1733447400000,2024,0.48617877247398933,1733447700000,1733456100000,2615.595,2606.0113571428574,2638.8795714285716,2638.8795714285716,2.4296159378704765,2.4296159378704765,TARGET
swing_baseline,1733893200000,2024,0.46317425063590484,1733893500000,1733928900000,2678.448,2671.5712857142858,2705.454857142857,2705.454857142857,3.9272908573447265,3.9272908573447265,TARGET
swing_baseline,1734009300000,2024,0.5926598816492714,1734009600000,1734012600000,2705.288,2694.4426428571433,2727.0994285714287,2694.4426428571433,2.0111305035071783,-1.0,STOP
swing_baseline,1734012900000,2024,0.4545476815679595,1734013200000,1734014100000,2688.794,2681.211642857143,2716.093428571429,2681.211642857143,3.600388119035929,-1.0,STOP
swing_baseline,1734017700000,2024,0.5100157253795023,1734018000000,1734080400000,2681.435,2672.632285714286,2711.8958571428575,2672.632285714286,3.460393709732528,-1.0,STOP
swing_baseline,1734081600000,2024,0.5161302973298413,1734081900000,1734087300000,2672.165,2665.052857142857,2693.0635714285713,2665.052857142857,2.9384352716681987,-1.0,STOP
swing_baseline,1734088500000,2024,0.5451114583185285,1734088800000,1734100500000,2666.125,2658.509857142857,2688.680571428571,2658.509857142857,2.9619367425804963,-1.0,STOP
swing_baseline,1734102000000,2024,0.5103541633747083,1734102300000,1734121200000,2658.464,2649.6910714285714,2686.4107142857138,2649.6910714285714,3.1855627295006053,-1.0,STOP
swing_baseline,1734121500000,2024,0.5172388597802005,1734121800000,1734425700000,2651.765,2642.0389999999998,2679.3189999999995,2642.0389999999998,2.8330248817601595,-1.0,STOP
swing_baseline,1734426300000,2024,0.4666690326742667,1734426600000,1734433200000,2642.795,2636.2470714285714,2661.2867142857144,2636.2470714285714,2.8240555900993507,-1.0,STOP
swing_baseline,1734443400000,2024,0.44620410458955806,1734443700000,1734548400000,2634.705,2628.5525,2658.28,2628.5525,3.831775700934533,-1.0,STOP
swing_baseline,1734548700000,2024,0.4426177480697388,1734549000000,1734551100000,2616.564,2610.0695,2635.0969999999998,2610.0695,2.8536453922550624,-1.0,STOP
swing_baseline,1734551400000,2024,0.41812257127343405,1734551700000,1734552900000,2608.455,2603.0195000000003,2628.047,2603.0195000000003,3.6044522123082636,-1.0,STOP
swing_baseline,1734553200000,2024,0.36243141092131675,1734553500000,1734553800000,2603.815,2594.021785714286,2628.402857142857,2594.021785714286,2.510703475438614,-1.0,STOP
swing_baseline,1734554100000,2024,0.3514544452031118,1734554400000,1734572700000,2589.945,2581.4287857142854,2615.809857142857,2615.809857142857,3.0371308512331203,3.0371308512331203,TARGET
swing_baseline,1734619800000,2024,0.5197210211330169,1734620100000,1734708900000,2594.345,2583.5176428571426,2628.7044285714283,2628.7044285714283,3.173390155888171,3.173390155888171,TARGET
swing_baseline,1734951900000,2024,0.5137498227284144,1734952200000,1734966300000,2618.335,2611.3525,2639.23,2611.3525,2.992481203007485,-1.0,STOP
swing_baseline,1734967500000,2024,0.4852065032026057,1734967800000,1735225500000,2610.795,2604.1924285714285,2632.270285714286,2632.270285714286,3.2525639361287326,3.2525639361287326,TARGET
swing_baseline,1735286700000,2024,0.4474742424066277,1735287000000,1735292700000,2628.254,2623.925,2643.32,2623.925,3.4802494802497623,-1.0,STOP
swing_baseline,1735296000000,2024,0.5133480403014459,1735296300000,1735306200000,2624.998,2619.2335000000003,2639.306,2619.2335000000003,2.4820886460231697,-1.0,STOP
swing_baseline,1735306500000,2024,0.504852881156598,1735306800000,1735309800000,2619.835,2613.8211428571426,2634.4904285714288,2613.8211428571426,2.4369432501127437,-1.0,STOP
swing_baseline,1735313700000,2024,0.4907929483566505,1735314000000,1735566900000,2615.698,2607.701285714286,2632.9348571428573,2607.701285714286,2.1554924343928032,-1.0,STOP
swing_baseline,1735567200000,2024,0.47857872823162084,1735567500000,1735575300000,2607.725,2599.070142857143,2630.3444285714286,2599.070142857143,2.613495312293713,-1.0,STOP
swing_baseline,1735575600000,2024,0.4536150448573932,1735575900000,1735659600000,2597.225,2588.8050000000003,2624.3050000000003,2624.3050000000003,3.2161520190025668,3.2161520190025668,TARGET
swing_baseline,1735888800000,2025,0.47998887042315697,1735889100000,1735911300000,2652.348,2646.4720714285713,2672.651714285714,2646.4720714285713,3.4554052247060847,-1.0,STOP
swing_baseline,1735911600000,2025,0.5355820009386724,1735911900000,1735934400000,2645.435,2638.7475714285715,2661.7847142857145,2638.7475714285715,2.4448432025977134,-1.0,STOP
swing_baseline,1735935000000,2025,0.4818404974526026,1735935300000,1736141400000,2639.085,2632.8567857142853,2660.542857142857,2632.8567857142853,3.445266357015575,-1.0,STOP
swing_baseline,1736142300000,2025,0.45321754389161817,1736142600000,1736148900000,2632.255,2626.2962142857145,2652.3651428571434,2626.2962142857145,3.374872637042695,-1.0,STOP
swing_baseline,1736170800000,2025,0.5088007826802949,1736171100000,1736172900000,2624.514,2617.6505714285713,2649.617714285714,2617.6505714285713,3.657605528265583,-1.0,STOP
swing_baseline,1736515800000,2025,0.6621734225733573,1736516100000,1736516700000,2665.835,2659.3520714285714,2678.6167142857144,2678.6167142857144,1.9715957294432584,1.9715957294432584,TARGET
swing_baseline,1736762400000,2025,0.48781006576649016,1736762700000,1736769600000,2679.189,2672.646142857143,2703.0104285714283,2672.646142857143,3.640829694323218,-1.0,STOP
swing_baseline,1736770200000,2025,0.4685727228368709,1736770500000,1736771400000,2671.095,2664.62,2694.165,2664.62,3.5629343629344383,-1.0,STOP
swing_baseline,1736775300000,2025,0.5529571135257347,1736775600000,1736792700000,2666.155,2657.694785714286,2689.365857142857,2657.694785714286,2.7435306434317974,-1.0,STOP
swing_baseline,1736794800000,2025,0.47082343227683676,1736795100000,1736928300000,2657.445,2649.7037142857143,2685.010142857143,2685.010142857143,3.560796471608565,3.560796471608565,TARGET
swing_baseline,1737099900000,2025,0.4385277753892127,1737100200000,1737105900000,2709.579,2705.654071428571,2724.923714285714,2705.654071428571,3.9095524941303488,-1.0,STOP
swing_baseline,1737106800000,2025,0.5158127657262871,1737107100000,1737144000000,2706.235,2701.4425,2720.125,2701.4425,2.8982785602503536,-1.0,STOP
swing_baseline,1737148200000,2025,0.4807610934685977,1737148500000,1737328800000,2699.985,2692.7518571428573,2721.217571428572,2692.7518571428573,2.9354558382051144,-1.0,STOP
swing_baseline,1737329100000,2025,0.4139364560400964,1737329400000,1737355800000,2692.135,2685.2952857142855,2713.1938571428573,2713.1938571428573,3.0789088934372586,3.0789088934372586,TARGET
swing_baseline,1737602400000,2025,0.44551697828177206,1737602700000,1737624300000,2750.078,2744.9320714285714,2769.661714285715,2744.9320714285714,3.805671612786898,-1.0,STOP
swing_baseline,1737624600000,2025,0.46874436414918114,1737624900000,1737638700000,2742.695,2738.8674285714287,2755.155285714286,2738.8674285714287,3.255402530511728,-1.0,STOP
swing_baseline,1737639300000,2025,0.46172243745881075,1737639600000,1737650700000,2736.375,2730.9019285714285,2755.4172857142858,2755.4172857142858,3.479268626913533,3.479268626913533,TARGET
swing_baseline,1737737400000,2025,0.5659464953552049,1737737700000,1737942000000,2771.815,2763.2345714285716,2795.6017142857145,2763.2345714285716,2.77220585052367,-1.0,STOP
swing_baseline,1737942600000,2025,0.4134508246019199,1737942900000,1737944100000,2762.745,2757.1711428571425,2785.2404285714288,2757.1711428571425,4.035881795114834,-1.0,STOP
swing_baseline,1737944400000,2025,0.49514370226422205,1737944700000,1737963000000,2755.485,2747.6350714285713,2777.549714285715,2747.6350714285713,2.810817204888095,-1.0,STOP
swing_baseline,1737988200000,2025,0.5587528116097382,1737988500000,1737996300000,2748.485,2736.9430714285713,2776.802714285714,2736.9430714285713,2.4534646970361917,-1.0,STOP
swing_baseline,1737996600000,2025,0.43532697290338673,1737996900000,1738223400000,2734.485,2725.123785714286,2768.479857142857,2768.479857142857,3.631458067863615,3.631458067863615,TARGET
swing_baseline,1738538400000,2025,0.5274390852762537,1738538700000,1738545300000,2791.875,2781.259642857143,2820.0014285714283,2781.259642857143,2.649597954446012,-1.0,STOP
swing_baseline,1738546200000,2025,0.4864807691059962,1738546500000,1738553700000,2783.448,2772.715357142857,2811.678571428571,2772.715357142857,2.6303466727007776,-1.0,STOP
swing_baseline,1738554000000,2025,0.48442804022048697,1738554300000,1738586100000,2773.515,2762.993785714286,2807.449857142857,2807.449857142857,3.2253745833249465,3.2253745833249465,TARGET
swing_baseline,1738650000000,2025,0.4857005143558744,1738650300000,1738683000000,2812.285,2803.4649999999997,2844.7650000000003,2844.7650000000003,3.6825396825396677,3.6825396825396677,TARGET
swing_baseline,1738824600000,2025,0.4906114731781568,1738824900000,1738830000000,2860.365,2851.5456428571424,2887.542428571429,2851.5456428571424,3.081565711786556,-1.0,STOP
swing_baseline,1738853100000,2025,0.4595330714568662,1738853400000,1738854000000,2848.035,2840.8319285714283,2875.1622857142856,2840.8319285714283,3.76607201293094,-1.0,STOP
swing_baseline,1738854300000,2025,0.4978714479591658,1738854600000,1738892400000,2837.995,2825.935857142857,2866.0315714285716,2866.0315714285716,2.324922406235952,2.324922406235952,TARGET
swing_baseline,1738935000000,2025,0.7945897071186303,1738935300000,1738938000000,2860.345,2847.1735,2871.731,2871.731,0.8644421667995663,0.8644421667995663,TARGET
swing_baseline,1739268000000,2025,0.47052319151863403,1739268300000,1739278500000,2905.325,2890.2005,2947.773,2890.2005,2.8065721180865886,-1.0,STOP
swing_baseline,1739278800000,2025,0.439492604401058,1739279100000,1739367000000,2886.785,2871.099285714286,2934.177857142857,2871.099285714286,3.0214025500911696,-1.0,STOP
swing_baseline,1739540400000,2025,0.5312864125207303,1739540700000,1739546100000,2917.725,2911.7830714285715,2941.1427142857146,2911.7830714285715,3.9410965655693064,-1.0,STOP
swing_baseline,1739546400000,2025,0.48310351495401116,1739546700000,1739547000000,2905.595,2896.339285714286,2933.0178571428573,2896.339285714286,2.962802901682486,-1.0,STOP
swing_baseline,1739550300000,2025,0.4673906338485205,1739550600000,1739556600000,2893.145,2883.676428571429,2928.469285714286,2883.676428571429,3.730687990344158,-1.0,STOP
swing_baseline,1739557800000,2025,0.4833479616187671,1739558100000,1739888700000,2883.315,2872.6164285714285,2922.9592857142857,2922.9592857142857,3.705568166644364,3.705568166644364,TARGET
swing_baseline,1739980800000,2025,0.5519367904279943,1739981100000,1740042000000,2927.178,2914.899142857143,2954.678428571429,2954.678428571429,2.239657017870526,2.239657017870526,TARGET
swing_baseline,1740060000000,2025,0.494104558328576,1740060300000,1740125700000,2930.379,2922.333071428571,2957.0927142857145,2922.333071428571,3.3201530499009944,-1.0,STOP
swing_baseline,1740126000000,2025,0.4966189632123785,1740126300000,1740398400000,2919.765,2908.444214285714,2949.298142857143,2949.298142857143,2.6087538093646017,2.6087538093646017,TARGET
swing_baseline,1740465000000,2025,0.4697072419275121,1740465300000,1740486600000,2934.998,2928.5070714285716,2956.9467142857147,2928.5070714285716,3.3814444334402203,-1.0,STOP
swing_baseline,1740487200000,2025,0.487417440840661,1740487500000,1740496800000,2925.615,2917.652071428571,2948.416714285714,2917.652071428571,2.8634834635498265,-1.0,STOP
swing_baseline,1740497100000,2025,0.40077459132527155,1740497400000,1740497400000,2910.118,2901.631714285714,2942.963142857143,2901.631714285714,3.8703790990505795,-1.0,STOP
swing_baseline,1740499500000,2025,0.5358396847287249,1740499800000,1740532800000,2894.515,2877.8915714285713,2928.8587142857145,2928.8587142857145,2.065982606304378,2.065982606304378,TARGET
swing_baseline,1740578100000,2025,0.47552586651689444,1740578400000,1740578700000,2905.765,2897.4727857142857,2936.733857142857,2897.4727857142857,3.734690889043958,-1.0,STOP
swing_baseline,1740579000000,2025,0.572684260000294,1740579300000,1740643800000,2896.015,2884.2427857142857,2923.5038571428568,2884.2427857142857,2.335062586841893,-1.0,STOP
swing_baseline,1740644700000,2025,0.5125288081995931,1740645000000,1740667500000,2882.045,2873.796428571429,2905.489285714286,2873.796428571429,2.8422237616904016,-1.0,STOP
swing_baseline,1740667800000,2025,0.5048560758570486,1740668100000,1740716100000,2871.605,2858.462142857143,2903.9764285714286,2858.462142857143,2.4630434782609223,-1.0,STOP
swing_baseline,1740716400000,2025,0.5040748679618529,1740716700000,1740751200000,2860.125,2847.412857142857,2894.2735714285714,2847.412857142857,2.6862954430521357,-1.0,STOP
swing_baseline,1740751500000,2025,0.49622332831271676,1740751800000,1740754500000,2846.115,2833.7899285714284,2875.0152857142857,2833.7899285714284,2.3448371785733158,-1.0,STOP
swing_baseline,1740754800000,2025,0.45771280384608515,1740755100000,1740956400000,2835.355,2823.298714285714,2869.0801428571426,2869.0801428571426,2.797307865488009,2.797307865488009,TARGET
swing_baseline,1741182000000,2025,0.49901039452725054,1741182300000,1741191600000,2899.755,2890.285214285714,2928.9491428571428,2928.9491428571428,3.0828725947938573,3.0828725947938573,TARGET
swing_baseline,1741247700000,2025,0.43892664554687055,1741248000000,1741250700000,2909.955,2902.5454285714286,2938.043285714286,2902.5454285714286,3.7908111130392146,-1.0,STOP
swing_baseline,1741251000000,2025,0.5263082159746462,1741251300000,1741254600000,2904.055,2893.805428571429,2929.303285714286,2893.805428571429,2.463350383988341,-1.0,STOP
swing_baseline,1741254900000,2025,0.5403293362459355,1741255200000,1741273200000,2894.085,2883.8325714285716,2918.744714285714,2918.744714285714,2.405255897557368,2.405255897557368,TARGET
swing_baseline,1741371600000,2025,0.4629439995112567,1741371900000,1741626000000,2903.475,2893.8825714285717,2940.3447142857144,2893.8825714285717,3.8436266698439585,-1.0,STOP
swing_baseline,1741626600000,2025,0.5010323106931488,1741626900000,1741629900000,2893.855,2881.2027857142857,2927.863857142857,2881.2027857142857,2.68797669521425,-1.0,STOP
swing_baseline,1741762800000,2025,0.458837257168139,1741763100000,1741795500000,2910.815,2905.7214285714285,2929.6392857142855,2929.6392857142855,3.6956948534566187,3.6956948534566187,TARGET
swing_baseline,1741964400000,2025,0.5942569610605122,1741964700000,1742267700000,2982.235,2971.052857142857,3013.5335714285716,3013.5335714285716,2.7989779623123425,2.7989779623123425,TARGET
swing_baseline,1742373600000,2025,0.5230024845454966,1742373900000,1742409600000,3027.798,3021.6075,3047.395,3047.395,3.1656570551653584,3.1656570551653584,TARGET
swing_baseline,1742464200000,2025,0.45141465615082615,1742464500000,1742465700000,3041.035,3033.0687857142857,3069.849857142857,3033.0687857142857,3.6171330709156484,-1.0,STOP
swing_baseline,1742466300000,2025,0.4409006871632959,1742466600000,1742535600000,3029.848,3023.5007142857144,3055.1721428571427,3023.5007142857144,3.989759402219234,-1.0,STOP
swing_baseline,1742564100000,2025,0.568718937171451,1742564400000,1742565300000,3016.525,3007.862285714286,3036.140857142857,3007.862285714286,2.264400798166191,-1.0,STOP
swing_baseline,1742565600000,2025,0.4163956282665374,1742565900000,1742911500000,3005.135,2995.17,3034.2949999999996,3034.2949999999996,2.926241846462516,2.926241846462516,TARGET
swing_baseline,1742961900000,2025,0.461709949421085,1742962200000,1743050100000,3016.295,3010.0974285714283,3038.4002857142855,3038.4002857142855,3.5667657838321176,3.5667657838321176,TARGET
swing_baseline,1743516600000,2025,0.517040247982693,1743516900000,1743522900000,3125.215,3114.552857142857,3161.2635714285716,3114.552857142857,3.380987472365484,-1.0,STOP
swing_baseline,1743523200000,2025,0.462305570378805,1743523500000,1743524100000,3114.045,3101.027857142857,3152.0135714285716,3101.027857142857,2.9168129938542395,-1.0,STOP
swing_baseline,1743624600000,2025,0.7219928643688194,1743624900000,1743631800000,3117.235,3094.0938571428574,3144.4995714285715,3144.4995714285715,1.1781860384719864,1.1781860384719864,TARGET
swing_baseline,1743676200000,2025,0.4359987105278503,1743676500000,1743680400000,3102.455,3086.667142857143,3164.1714285714284,3086.667142857143,3.90910736099178,-1.0,STOP
swing_baseline,1743682800000,2025,0.41402723013692616,1743683100000,1743683700000,3080.735,3062.643,3153.153,3062.643,4.002763652443028,-1.0,STOP
swing_baseline,1743684000000,2025,0.4576137649706641,1743684300000,1743691800000,3065.605,3043.743,3134.2529999999997,3134.2529999999997,3.140060378739339,3.140060378739339,TARGET
swing_baseline,1743754500000,2025,0.5164180168147285,1743754800000,1743764700000,3086.555,3074.709214285714,3126.2381428571425,3126.2381428571425,3.3499797999288257,3.3499797999288257,TARGET
swing_baseline,1743770100000,2025,0.5385010238653647,1743770400000,1743773700000,3080.075,3063.8771428571426,3133.616428571428,3063.8771428571426,3.3054636856726813,-1.0,STOP
swing_baseline,1743775200000,2025,0.4891399752210269,1743775500000,1743777900000,3056.565,3034.7525,3125.515,3034.7525,3.1610315186246334,-1.0,STOP
swing_baseline,1743778200000,2025,0.5846331260540351,1743778500000,1743976800000,3048.225,3008.4925,3099.2549999999997,3006.765,1.284339017177365,-1.0434782608695643,STOP_GAP
swing_baseline,1743977100000,2025,0.5911266147355846,1743977400000,1743984600000,3014.005,2973.9460714285715,3087.340714285714,2973.9460714285715,1.8306958498640287,-1.0,STOP
swing_baseline,1744038300000,2025,0.4621932705842268,1744038600000,1744045200000,2991.559,2965.9625,3093.125,2965.9625,3.9679643701287044,-1.0,STOP
swing_baseline,1744045500000,2025,0.47779325832485986,1744045800000,1744182600000,2962.195,2939.4347857142857,3045.6358571428573,3045.6358571428573,3.6660839874090736,3.6660839874090736,TARGET
swing_baseline,1744626000000,2025,0.45069740841831163,1744626300000,1744636500000,3207.295,3193.318571428571,3256.9007142857145,3193.318571428571,3.549241069146907,-1.0,STOP
swing_baseline,1744873800000,2025,0.5103641722730401,1744874100000,1744898400000,3321.875,3307.2685714285712,3370.0507142857136,3307.2685714285712,3.2982541933590035,-1.0,STOP
swing_baseline,1744899900000,2025,0.48974805710035874,1744900200000,1744900500000,3303.415,3287.1442857142856,3359.097857142857,3287.1442857142856,3.422274902322283,-1.0,STOP
swing_baseline,1745329200000,2025,0.46125115209462253,1745329500000,1745339100000,3411.615,3387.651142857143,3502.620428571429,3387.651142857143,3.7976118797952445,-1.0,STOP
swing_baseline,1745339400000,2025,0.5336843693759908,1745339700000,1745359200000,3389.615,3354.724714285714,3474.126142857143,3349.515,2.4221969275115542,-1.1493170428117503,STOP_GAP
swing_baseline,1745388000000,2025,0.44082814297922096,1745388300000,1745416200000,3309.945,3278.4885714285715,3426.045714285714,3278.4885714285715,3.690842208042846,-1.0,STOP
swing_baseline,1745416500000,2025,0.505677697794183,1745416800000,1745860800000,3275.785,3244.7835714285716,3374.740714285714,3333.865,3.1919727201511754,1.8734620524399952,864BAR_TIMEOUT
swing_baseline,1745902500000,2025,0.4906194479219332,1745902800000,1746000600000,3308.995,3291.683857142857,3364.9895714285713,3291.683857142857,3.2345970390664966,-1.0,STOP
swing_baseline,1746000900000,2025,0.4597585419693615,1746001200000,1746007200000,3288.255,3273.4635714285714,3324.6207142857143,3273.4635714285714,2.4585667374927263,-1.0,STOP
swing_baseline,1746008400000,2025,0.5254524115721321,1746008700000,1746020100000,3275.565,3260.9407142857144,3314.262142857143,3314.262142857143,2.6460877210120266,2.6460877210120266,TARGET
swing_baseline,1746058800000,2025,0.6931996030270603,1746059100000,1746072000000,3261.515,3227.395357142857,3305.0135714285716,3227.395357142857,1.2748835505312246,-1.0,STOP
swing_baseline,1746073200000,2025,0.48785729108193293,1746073500000,1746099900000,3225.455,3206.8734999999997,3288.0809999999997,3206.8734999999997,3.370341468665014,-1.0,STOP
swing_baseline,1746100200000,2025,0.44252154320813236,1746100500000,1746178800000,3205.035,3187.6282142857144,3264.812142857143,3264.812142857143,3.4341287264819473,3.4341287264819473,TARGET
swing_baseline,1746200100000,2025,0.4374370204565919,1746200400000,1746204900000,3235.715,3222.9,3284.225,3222.9,3.785407725321854,-1.0,STOP
swing_baseline,1746578400000,2025,0.46994879471886797,1746578700000,1746684600000,3364.785,3347.18,3433.755,3347.18,3.917637034933268,-1.0,STOP
swing_baseline,1746684900000,2025,0.4742201916579934,1746685200000,1746686700000,3341.705,3320.4185714285713,3397.3007142857145,3320.4185714285713,2.6117915506191207,-1.0,STOP
swing_baseline,1746720600000,2025,0.4465588622748952,1746720900000,1746732000000,3310.685,3291.3535714285717,3382.510714285714,3291.3535714285717,3.715489210759746,-1.0,STOP
swing_baseline,1746754500000,2025,0.4998755136099324,1746754800000,1747002000000,3291.335,3270.9528571428573,3348.5135714285716,3270.9528571428573,2.8053267916593865,-1.0,STOP
swing_baseline,1747003500000,2025,0.6612084023433877,1747003800000,1747033200000,3276.615,3256.433571428571,3307.2407142857137,3256.433571428571,1.5175196432363376,-1.0,STOP
swing_baseline,1747033500000,2025,0.40574099212486175,1747033800000,1747034700000,3246.195,3230.4985714285713,3304.5807142857147,3230.4985714285713,3.7196814562001697,-1.0,STOP
swing_baseline,1747035900000,2025,0.4900004337542458,1747036200000,1747226100000,3218.745,3200.9585714285713,3275.040714285715,3200.9585714285713,3.165093771334516,-1.0,STOP
swing_baseline,1747226700000,2025,0.5103882973838048,1747227000000,1747228200000,3194.535,3178.0997142857145,3231.976142857143,3178.0997142857145,2.2780950394187314,-1.0,STOP
swing_baseline,1747228500000,2025,0.46158920461724856,1747228800000,1747276200000,3184.965,3161.3854285714287,3226.9832857142856,3161.3854285714287,1.7819783468740995,-1.0,STOP
swing_baseline,1747276500000,2025,0.4242121804403559,1747276800000,1747284300000,3157.775,3142.7189285714285,3216.099285714286,3142.7189285714285,3.8738050620299957,-1.0,STOP
swing_baseline,1747284600000,2025,0.4411998675576132,1747284900000,1747288800000,3135.865,3122.221785714286,3187.1878571428574,3122.221785714286,3.7617863406718692,-1.0,STOP
swing_baseline,1747380000000,2025,0.5525304706653819,1747380300000,1747392300000,3208.065,3191.96,3257.035,3191.96,3.0406705991927816,-1.0,STOP
swing_baseline,1747392600000,2025,0.5113257471305533,1747392900000,1747396200000,3171.875,3154.8542857142857,3223.507857142857,3154.8542857142857,3.033530571992098,-1.0,STOP
swing_baseline,1747396500000,2025,0.476850618709143,1747396800000,1747605600000,3162.825,3136.3307142857143,3222.052142857143,3222.052142857143,2.235468564650081,2.235468564650081,TARGET
swing_baseline,1747700700000,2025,0.4567856433193356,1747701000000,1747709100000,3218.865,3206.435,3258.135,3206.435,3.1592920353983067,-1.0,STOP
swing_baseline,1747709700000,2025,0.4120243613544103,1747710000000,1747744500000,3206.415,3195.4857142857145,3248.732142857143,3248.732142857143,3.8719037971375556,3.8719037971375556,TARGET
swing_baseline,1747902900000,2025,0.5322025716609863,1747903200000,1747909500000,3315.025,3301.028142857143,3349.4624285714285,3301.028142857143,2.4603686541876626,-1.0,STOP
swing_baseline,1747909800000,2025,0.5442083915011448,1747910100000,1747922400000,3295.385,3279.639857142857,3332.1155714285715,3279.639857142857,2.3328191914059278,-1.0,STOP
swing_baseline,1747926300000,2025,0.4770436229419641,1747926600000,1748000700000,3285.198,3264.6899285714285,3346.3152857142854,3346.3152857142854,2.980157638281791,2.980157638281791,TARGET
swing_baseline,1748248800000,2025,0.5480794915532334,1748249100000,1748324700000,3334.048,3321.5794285714287,3367.457285714286,3321.5794285714287,2.6794798350138813,-1.0,STOP
swing_baseline,1748328000000,2025,0.41596713148964315,1748328300000,1748328300000,3315.995,3307.5895,3347.532,3307.5895,3.751948129201218,-1.0,STOP
swing_baseline,1748328900000,2025,0.4739185324959122,1748329200000,1748332200000,3308.248,3295.7059285714286,3340.9162857142856,3295.7059285714286,2.6046961939528948,-1.0,STOP
swing_baseline,1748332500000,2025,0.46430180025720075,1748332800000,1748465400000,3296.048,3282.333642857143,3331.9904285714283,3282.333642857143,2.62078843339362,-1.0,STOP
swing_baseline,1748473500000,2025,0.46722726697694406,1748473800000,1748474100000,3277.035,3264.228357142857,3318.0765714285717,3264.228357142857,3.204709609410333,-1.0,STOP
swing_baseline,1748474400000,2025,0.45768696078589677,1748474700000,1748475600000,3263.398,3250.228357142857,3304.0765714285717,3250.228357142857,3.088813559321983,-1.0,STOP
swing_baseline,1748480700000,2025,0.5513003840646379,1748481000000,1748518200000,3255.315,3235.531071428571,3303.2507142857144,3303.2507142857144,2.4229623612238878,2.4229623612238878,TARGET
swing_baseline,1748572800000,2025,0.5113311514545049,1748573100000,1748589000000,3300.035,3288.3260714285716,3337.9357142857143,3288.3260714285716,3.236907122159625,-1.0,STOP
swing_baseline,1748607000000,2025,0.6338919528183078,1748607300000,1748613600000,3302.498,3272.0141428571433,3323.3184285714283,3272.0141428571433,0.682998495690925,-1.0,STOP
swing_baseline,1748925300000,2025,0.5097873252291268,1748925600000,1748958300000,3359.898,3348.288642857143,3401.8454285714283,3348.288642857143,3.613243012102214,-1.0,STOP
swing_baseline,1748958600000,2025,0.45003932998972535,1748958900000,1749048000000,3343.048,3330.5319285714286,3380.6972857142855,3380.6972857142855,3.0080753317164217,3.0080753317164217,TARGET
swing_baseline,1749100800000,2025,0.49009962223942116,1749101100000,1749121500000,3365.105,3355.4325714285715,3401.4447142857143,3401.4447142857143,3.7570413694300533,3.7570413694300533,TARGET
swing_baseline,1749136500000,2025,0.5186427156149053,1749136800000,1749138000000,3364.625,3348.2853571428573,3408.7835714285716,3348.2853571428573,2.7025420209394624,-1.0,STOP
swing_baseline,1749138300000,2025,0.5935697908558009,1749138600000,1749219300000,3348.928,3330.028357142857,3390.5265714285715,3330.028357142857,2.20102420680666,-1.0,STOP
swing_baseline,1749219600000,2025,0.4934022184137647,1749219900000,1749428100000,3320.225,3305.4258571428572,3358.6215714285713,3305.4258571428572,2.5945131957449585,-1.0,STOP
swing_baseline,1749428400000,2025,0.49665354801558376,1749428700000,1749645000000,3307.448,3292.688142857143,3351.2224285714283,3351.2224285714283,2.9657758979471383,2.9657758979471383,TARGET
swing_baseline,1749661800000,2025,0.5300193410562655,1749662100000,1749682800000,3327.005,3313.1434285714286,3369.6012857142855,3369.6012857142855,3.072976677556606,3.072976677556606,TARGET
swing_baseline,1750052400000,2025,0.5084037604399653,1750052700000,1750079700000,3420.448,3406.6595714285713,3461.1367142857143,3406.6595714285713,2.950931940861405,-1.0,STOP
swing_baseline,1750081200000,2025,0.5735547910789476,1750081500000,1750081800000,3408.705,3392.6742857142854,3442.8278571428577,3392.6742857142854,2.12859243416656,-1.0,STOP
swing_baseline,1750082100000,2025,0.43212621939937784,1750082400000,1750170900000,3387.798,3370.7366428571427,3429.6784285714293,3370.7366428571427,2.454695029285122,-1.0,STOP
swing_baseline,1750175400000,2025,0.47420133926232444,1750175700000,1750312200000,3374.348,3360.246357142857,3419.904571428571,3360.246357142857,3.2305861019232585,-1.0,STOP
swing_baseline,1750312800000,2025,0.4774606857149867,1750313100000,1750389000000,3358.625,3346.0079285714287,3394.0932857142857,3346.0079285714287,2.8111345739049947,-1.0,STOP
swing_baseline,1750398900000,2025,0.4920531271488776,1750399200000,1750629600000,3344.545,3333.4222142857143,3378.486142857143,3390.698,3.0514966060660442,4.149410155472313,TARGET_GAP
swing_baseline,1750656600000,2025,0.45877459989677677,1750656900000,1750692600000,3351.615,3341.2852857142857,3388.983857142857,3388.983857142857,3.6176080101787345,3.6176080101787345,TARGET
swing_baseline,1750716900000,2025,0.41910059666886296,1750717200000,1750723200000,3352.625,3340.149857142857,3400.925571428571,3340.149857142857,3.8717449556832015,-1.0,STOP
swing_baseline,1750743600000,2025,0.42640273637170917,1750743900000,1750746600000,3332.748,3319.672642857143,3379.884428571429,3319.672642857143,3.6049821092021577,-1.0,STOP
swing_baseline,1750746900000,2025,0.4978806315815681,1750747200000,1750772100000,3320.685,3303.449071428571,3365.4787142857144,3303.449071428571,2.59885703866092,-1.0,STOP
swing_baseline,1750772400000,2025,0.500099915880331,1750772700000,1750923300000,3298.578,3282.2636428571427,3346.5354285714284,3346.5354285714284,2.9395843275642086,2.9395843275642086,TARGET
swing_baseline,1750941900000,2025,0.5559078006456801,1750942200000,1750942800000,3331.195,3320.7574285714286,3359.1452857142854,3320.7574285714286,2.6778533594294474,-1.0,STOP
swing_baseline,1750943100000,2025,0.43198564503692594,1750943400000,1750992300000,3318.0,3309.043357142857,3353.8265714285712,3309.043357142857,3.9999999999999494,-1.0,STOP
swing_baseline,1750992900000,2025,0.4414570816458047,1750993200000,1750995600000,3308.565,3298.9255714285714,3345.872714285714,3298.9255714285714,3.8703242634417703,-1.0,STOP
swing_baseline,1750995900000,2025,0.4416338259472109,1750996200000,1751006400000,3296.805,3286.658571428571,3333.605714285714,3286.658571428571,3.6269623372051396,-1.0,STOP
swing_baseline,1751008500000,2025,0.46789637814121066,1751008800000,1751025000000,3286.515,3277.7607142857146,3321.082142857143,3277.7607142857146,3.9485966057443513,-1.0,STOP
swing_baseline,1751025900000,2025,0.4291881082826641,1751026200000,1751029200000,3273.925,3263.6363571428574,3314.9795714285715,3263.6363571428574,3.990280545122578,-1.0,STOP
swing_baseline,1751029500000,2025,0.5117543047307197,1751029800000,1751235900000,3267.848,3252.0327142857145,3304.709142857143,3252.0327142857145,2.3307288608670245,-1.0,STOP
swing_baseline,1751414400000,2025,0.5907759345996081,1751414700000,1751440800000,3336.725,3327.535642857143,3361.6324285714286,3327.535642857143,2.71046474570749,-1.0,STOP
swing_baseline,1751441100000,2025,0.5300328905174818,1751441400000,1751482500000,3329.905,3320.727142857143,3353.466428571429,3353.466428571429,2.5672036734376196,2.5672036734376196,TARGET
swing_baseline,1751545800000,2025,0.49390645881462264,1751546100000,1751546100000,3327.915,3318.7524999999996,3361.6150000000002,3318.7524999999996,3.6780354706683696,-1.0,STOP
swing_baseline,1751546400000,2025,0.4273746987269362,1751546700000,1751874600000,3311.948,3302.6425,3345.5050000000006,3302.6425,3.6061469023696655,-1.0,STOP
swing_baseline,1751874900000,2025,0.4821501397045857,1751875200000,1751909700000,3301.998,3291.7829285714283,3335.0432857142855,3335.0432857142855,3.2349539545907886,3.2349539545907886,TARGET
swing_baseline,1751961900000,2025,0.5728745660373794,1751962200000,1751980500000,3328.675,3319.3020714285713,3351.916714285714,3319.3020714285713,2.4796640781580854,-1.0,STOP
swing_baseline,1751982300000,2025,0.4930294617108171,1751982600000,1751983500000,3315.779,3307.977785714286,3341.3288571428575,3307.977785714286,3.2751128487324226,-1.0,STOP
swing_baseline,1751983800000,2025,0.47710832910079154,1751984100000,1751985300000,3305.765,3297.8965,3333.9390000000003,3297.8965,3.5806062146534017,-1.0,STOP
swing_baseline,1751985600000,2025,0.5737659104602494,1751985900000,1751987400000,3297.505,3287.6364999999996,3323.679,3287.6364999999996,2.652277448446944,-1.0,STOP
swing_baseline,1752029400000,2025,0.5555463433301734,1752029700000,1752099600000,3292.115,3277.8767142857146,3320.0681428571424,3320.0681428571424,1.9632379499940358,1.9632379499940358,TARGET
swing_baseline,1752155700000,2025,0.5059439123731179,1752156000000,1752229500000,3312.455,3303.411642857143,3344.7284285714286,3344.7284285714286,3.5687442242530403,3.5687442242530403,TARGET
swing_baseline,1752496500000,2025,0.46464004661978675,1752496800000,1752504000000,3351.385,3342.0504285714283,3384.8732857142854,3342.0504285714283,3.5875547121297644,-1.0,STOP
swing_baseline,1752504300000,2025,0.4802044021713927,1752504600000,1752593400000,3343.765,3331.808,3376.543,3331.808,2.7413230743498014,-1.0,STOP
swing_baseline,1752593700000,2025,0.4850921147023184,1752594000000,1752678900000,3329.765,3317.185785714286,3356.9818571428573,3356.9818571428573,2.163637292813046,2.163637292813046,TARGET
swing_baseline,1752732300000,2025,0.456704777587923,1752732600000,1752738600000,3335.335,3325.550142857143,3373.7894285714283,3325.550142857143,3.929993868075995,-1.0,STOP
swing_baseline,1752738900000,2025,0.4954698260579963,1752739200000,1752755400000,3325.665,3317.8314285714287,3353.449285714286,3317.8314285714287,3.5468222850370146,-1.0,STOP
swing_baseline,1752756300000,2025,0.5554592131342245,1752756600000,1752771900000,3314.365,3303.777857142857,3340.0635714285713,3340.0635714285713,2.427337741195571,2.427337741195571,TARGET
swing_baseline,1752818100000,2025,0.4880058729724278,1752818400000,1752829500000,3333.258,3328.275285714286,3352.723857142857,3352.723857142857,3.9066773703377806,3.9066773703377806,TARGET
swing_baseline,1753049400000,2025,0.4765079123818562,1753049700000,1753076100000,3346.598,3340.093785714286,3369.314857142857,3369.314857142857,3.492636642177083,3.492636642177083,TARGET
swing_baseline,1753163100000,2025,0.5457236612856788,1753163400000,1753189200000,3386.695,3378.5499285714286,3410.425285714286,3410.425285714286,2.9134533591742318,2.9134533591742318,TARGET
swing_baseline,1753249200000,2025,0.4528096909566709,1753249500000,1753276800000,3417.655,3410.124357142857,3447.5275714285713,3410.124357142857,3.966802302971548,-1.0,STOP
swing_baseline,1753277100000,2025,0.47895472234163694,1753277400000,1753286100000,3409.265,3400.351857142857,3439.7175714285713,3400.351857142857,3.416591870752722,-1.0,STOP
swing_baseline,1753286400000,2025,0.42451901530818364,1753286700000,1753326300000,3385.948,3376.2647857142856,3420.3858571428573,3376.2647857142856,3.5564489359348297,-1.0,STOP
swing_baseline,1753335900000,2025,0.5840441323659804,1753336200000,1753343700000,3378.775,3365.816928571429,3407.8072857142856,3365.816928571429,2.2404789072448206,-1.0,STOP
swing_baseline,1753344000000,2025,0.5513065830380666,1753344300000,1753358400000,3367.148,3358.2917857142857,3395.357857142857,3358.2917857142857,3.185317815577339,-1.0,STOP
swing_baseline,1753360800000,2025,0.5820420803901227,1753361100000,1753431300000,3360.848,3350.2182142857146,3388.102142857143,3350.2182142857146,2.5639409476068886,-1.0,STOP
swing_baseline,1753431600000,2025,0.4007938961953078,1753431900000,1753432200000,3349.855,3344.3386428571425,3371.8704285714284,3344.3386428571425,3.99093604733945,-1.0,STOP
swing_baseline,1753434300000,2025,0.4233963565389899,1753434600000,1753446900000,3343.948,3337.9604285714286,3367.398285714286,3337.9604285714286,3.9164936893089566,-1.0,STOP
swing_baseline,1753447200000,2025,0.5572228189267111,1753447500000,1753455600000,3340.385,3329.808,3361.5930000000003,3329.808,2.0051054174151113,-1.0,STOP
swing_baseline,1753458000000,2025,0.5090073893676462,1753458300000,1753653600000,3326.948,3317.1311428571425,3355.5004285714285,3316.938,2.9085101429028364,-1.019674612183083,STOP_GAP
swing_baseline,1753706100000,2025,0.4382655450423313,1753706400000,1753710300000,3327.165,3319.3175714285712,3357.5047142857143,3319.3175714285712,3.8661982086943074,-1.0,STOP
swing_baseline,1753710600000,2025,0.4480220474862185,1753710900000,1753801500000,3306.255,3297.742357142857,3333.8555714285717,3333.8555714285717,3.242303464594656,3.242303464594656,TARGET
swing_baseline,1753879500000,2025,0.5273375795573756,1753879800000,1753880100000,3320.265,3313.210642857143,3342.647428571429,3313.210642857143,3.1728516317170854,-1.0,STOP
swing_baseline,1753881000000,2025,0.4157957147280297,1753881300000,1753882200000,3309.218,3301.4539999999997,3337.274,3301.4539999999997,3.613601236475991,-1.0,STOP
swing_baseline,1753882800000,2025,0.4648168172255834,1753883100000,1753888800000,3302.825,3293.651,3329.471,3293.651,2.904512753433644,-1.0,STOP
swing_baseline,1753889400000,2025,0.446441861303993,1753889700000,1753901400000,3290.435,3281.4101428571425,3323.0044285714284,3281.4101428571425,3.608858074524218,-1.0,STOP
swing_baseline,1753902000000,2025,0.5107937619979304,1753902300000,1754051400000,3280.125,3265.2522857142853,3315.6158571428573,3315.6158571428573,2.386306659366575,2.386306659366575,TARGET
swing_baseline,1754370000000,2025,0.5310725697023,1754370300000,1754384400000,3370.415,3364.3435714285715,3390.1157142857146,3364.3435714285715,3.2448235294118923,-1.0,STOP
swing_baseline,1754386200000,2025,0.4726550974959174,1754386500000,1754388300000,3363.295,3357.3319285714288,3384.347285714286,3357.3319285714288,3.530443323790585,-1.0,STOP
swing_baseline,1754388600000,2025,0.5059361227996036,1754388900000,1754400900000,3356.485,3349.024,3377.3940000000002,3377.3940000000002,2.8024393512933163,2.8024393512933163,TARGET
swing_baseline,1754456100000,2025,0.47308218982852,1754456400000,1754468700000,3372.225,3365.867,3396.757,3365.867,3.8584460522178725,-1.0,STOP
swing_baseline,1754469000000,2025,0.4801910248335606,1754469300000,1754473800000,3364.815,3360.0489285714284,3383.7292857142857,3360.0489285714284,3.968527538403688,-1.0,STOP
swing_baseline,1754652000000,2025,0.4740707142793762,1754652300000,1754874600000,3382.029,3368.7970714285716,3427.3367142857146,3368.7970714285716,3.42412022866774,-1.0,STOP
swing_baseline,1754878500000,2025,0.4921045038401721,1754878800000,1754903700000,3372.635,3355.3611428571426,3425.2804285714283,3355.3611428571426,3.047693872656331,-1.0,STOP
swing_baseline,1754905800000,2025,0.4559875289474659,1754906100000,1754923200000,3353.705,3341.9629285714286,3397.0232857142855,3341.9629285714286,3.6891519505563304,-1.0,STOP
swing_baseline,1754933400000,2025,0.5185138037531579,1754933700000,1755008100000,3342.845,3330.9157857142854,3380.3768571428573,3330.9157857142854,3.146213677107231,-1.0,STOP
swing_baseline,1755157500000,2025,0.4742568016077159,1755157800000,1755158100000,3350.398,3343.5584285714285,3372.9912857142863,3343.5584285714285,3.3033189214027328,-1.0,STOP
swing_baseline,1755158400000,2025,0.5004647635731804,1755158700000,1755180600000,3344.905,3334.0419285714283,3370.2222857142856,3334.0419285714283,2.330582642372793,-1.0,STOP
swing_baseline,1755187800000,2025,0.4744074683384089,1755188100000,1755614700000,3334.045,3323.143,3372.5180000000005,3323.143,3.5289855072464005,-1.0,STOP
swing_baseline,1755615000000,2025,0.45961216307801694,1755615300000,1755647400000,3321.675,3314.3025,3346.68,3314.3025,3.391658189216453,-1.0,STOP
swing_baseline,1755650100000,2025,0.4129648679334537,1755650400000,1755692100000,3312.975,3306.6054285714285,3336.353285714285,3336.353285714285,3.670307488729838,3.670307488729838,TARGET
swing_baseline,1755750300000,2025,0.5533141160089539,1755750600000,1755772800000,3339.798,3333.083,3359.9429999999998,3333.083,3.0000000000001354,-1.0,STOP
swing_baseline,1755773100000,2025,0.5632178119160061,1755773400000,1755783000000,3331.355,3324.1712857142857,3346.054857142857,3346.054857142857,2.0462753052539244,2.0462753052539244,TARGET
swing_baseline,1755828000000,2025,0.42680357507338434,1755828300000,1755840000000,3333.548,3327.173714285714,3358.1451428571427,3327.173714285714,3.8588077095473436,-1.0,STOP
swing_baseline,1755843600000,2025,0.4902445014048829,1755843900000,1755865800000,3327.338,3322.4403571428575,3344.0135714285716,3322.4403571428575,3.4048157276824975,-1.0,STOP
swing_baseline,1756163400000,2025,0.4286892664529761,1756163700000,1756164600000,3358.165,3353.163,3377.0879999999997,3353.163,3.783086765293873,-1.0,STOP
swing_baseline,1756165200000,2025,0.4827887626584382,1756165500000,1756167300000,3353.505,3346.9700000000003,3370.895,3370.895,2.661055853098739,2.661055853098739,TARGET
swing_baseline,1756278900000,2025,0.4653673102661259,1756279200000,1756312500000,3374.765,3368.5156428571427,3394.2624285714287,3394.2624285714287,3.119909476403296,3.119909476403296,TARGET
swing_baseline,1756452300000,2025,0.490905156848235,1756452600000,1756475400000,3407.035,3401.5486428571426,3426.3804285714286,3426.3804285714286,3.5260972021507357,3.5260972021507357,TARGET
swing_baseline,1756799400000,2025,0.5294894688690084,1756799700000,1756824000000,3474.335,3463.180714285714,3506.8521428571426,3506.8521428571426,2.9152151639343646,2.9152151639343646,TARGET
swing_baseline,1756951800000,2025,0.48676936520923214,1756952100000,1756953900000,3542.205,3530.1325714285717,3582.644714285715,3530.1325714285717,3.349758008212513,-1.0,STOP
swing_baseline,1756954200000,2025,0.4609903527835068,1756954500000,1756955400000,3527.765,3515.7455714285716,3568.257714285715,3515.7455714285716,3.368938385471276,-1.0,STOP
swing_baseline,1757428500000,2025,0.6087477293103182,1757428800000,1757451300000,3641.385,3624.856857142857,3678.962571428571,3624.856857142857,2.2735507402956725,-1.0,STOP
swing_baseline,1757455200000,2025,0.4830984463459378,1757455500000,1757898300000,3627.118,3606.3312142857144,3667.200142857143,3630.695,1.9282511210762572,0.17208047695137216,864BAR_TIMEOUT
swing_baseline,1757898600000,2025,0.5091362941727499,1757898900000,1757942400000,3628.495,3619.7685,3651.666,3651.666,2.655245516530214,2.655245516530214,TARGET
swing_baseline,1758072900000,2025,0.5666354931532406,1758073200000,1758093900000,3680.735,3668.8250000000003,3705.4750000000004,3668.8250000000003,2.0772460117548732,-1.0,STOP
swing_baseline,1758094200000,2025,0.5265810958445684,1758094500000,1758106200000,3670.045,3660.2762857142857,3691.069857142857,3660.2762857142857,2.1522645179216005,-1.0,STOP
swing_baseline,1758106800000,2025,0.5245218892329577,1758107100000,1758132000000,3661.535,3652.672,3688.3869999999997,3688.3869999999997,3.0296739253075007,3.0296739253075007,TARGET
swing_baseline,1758135000000,2025,0.47854825104848636,1758135300000,1758175800000,3646.605,3637.5254999999997,3678.723,3637.5254999999997,3.5374194614239713,-1.0,STOP
swing_baseline,1758202800000,2025,0.44863742072916396,1758203100000,1758295200000,3629.735,3618.249428571429,3675.277285714286,3675.277285714286,3.9651736961902824,3.9651736961902824,TARGET
swing_baseline,1758681000000,2025,0.45231724160394204,1758681300000,1758730500000,3750.798,3738.420857142857,3798.7615714285716,3738.420857142857,3.875173130194008,-1.0,STOP
swing_baseline,1758732000000,2025,0.47647091045959983,1758732300000,1758740100000,3738.405,3724.7960714285714,3776.5407142857143,3724.7960714285714,2.802256921663764,-1.0,STOP
swing_baseline,1758740400000,2025,0.4082912029107931,1758740700000,1758892200000,3721.225,3710.1936428571425,3762.8504285714284,3762.8504285714284,3.773373305965384,3.773373305965384,TARGET
swing_baseline,1759220400000,2025,0.6354443393913068,1759220700000,1759221300000,3829.645,3810.0205714285717,3862.2777142857144,3810.0205714285717,1.6628618849684713,-1.0,STOP
swing_baseline,1759223400000,2025,0.4995425262607698,1759223700000,1759241700000,3798.998,3784.4859285714288,3847.781285714286,3847.781285714286,3.3615659869370176,3.3615659869370176,TARGET
swing_baseline,1759366800000,2025,0.5092650934345984,1759367100000,1759416000000,3855.995,3840.1757142857145,3902.472142857143,3840.1757142857145,2.938005147424109,-1.0,STOP
swing_baseline,1759416300000,2025,0.46398026320113134,1759416600000,1759495200000,3829.595,3818.1057142857144,3869.2521428571426,3869.2521428571426,3.45166304009956,3.45166304009956,TARGET
swing_baseline,1759821000000,2025,0.4577172488938248,1759821300000,1759880700000,3950.035,3938.065071428571,3995.314714285714,3995.314714285714,3.782789012943121,3.782789012943121,TARGET
swing_baseline,1759961100000,2025,0.5609849422363301,1759961400000,1760027400000,4019.668,4000.5871428571427,4071.391428571429,4000.5871428571427,2.7107497417007096,-1.0,STOP
swing_baseline,1760027700000,2025,0.4282379039083714,1760028000000,1760028600000,3986.365,3969.9937857142854,4050.3998571428574,3969.9937857142854,3.9114299052780037,-1.0,STOP
swing_baseline,1760028900000,2025,0.44226131649780265,1760029200000,1760030100000,3968.595,3944.5435714285713,4039.000714285715,3944.5435714285713,2.927298645759132,-1.0,STOP
swing_baseline,1760422800000,2025,0.5852731451221549,1760423100000,1760484900000,4099.248,4071.108357142857,4164.991571428572,4164.991571428572,2.3363328298917945,2.3363328298917945,TARGET
swing_baseline,1760708100000,2025,0.587744016364784,1760708400000,1760710200000,4280.995,4222.9039999999995,4398.959,4222.9039999999995,2.030676008331742,-1.0,STOP
swing_baseline,1760710800000,2025,0.4999173237145933,1760711100000,1760985300000,4225.655,4179.742357142857,4363.355571428572,4363.355571428572,2.9991863430085774,2.9991863430085774,TARGET
swing_baseline,1761023400000,2025,0.5010532773253729,1761023700000,1761031800000,4334.535,4310.066785714285,4416.757857142858,4310.066785714285,3.3603946811460785,-1.0,STOP
swing_baseline,1761032100000,2025,0.45324433044959744,1761032400000,1761033600000,4297.095,4272.586571428571,4375.278714285715,4272.586571428571,3.1900745516119153,-1.0,STOP
swing_baseline,1761033900000,2025,0.5041480415092263,1761034200000,1761034200000,4280.598,4245.365071428571,4362.914714285715,4245.365071428571,2.336357425379269,-1.0,STOP
swing_baseline,1761048600000,2025,0.5739950616770146,1761048900000,1761054300000,4224.869,4188.042214285714,4317.856142857143,4188.042214285714,2.5249866653736364,-1.0,STOP
swing_baseline,1761054600000,2025,0.49151450467787017,1761054900000,1761056700000,4176.305,4139.191214285714,4279.4301428571425,4139.191214285714,2.7786209590967426,-1.0,STOP
swing_baseline,1761057000000,2025,0.5503694158249001,1761057300000,1761057900000,4133.848,4089.7097857142858,4245.400857142858,4089.7097857142858,2.527353200579366,-1.0,STOP
swing_baseline,1761091200000,2025,0.48168177559314107,1761091500000,1761091800000,4059.495,4019.4908571428573,4202.01157142857,4019.4908571428573,3.5625453078074028,-1.0,STOP
swing_baseline,1761144600000,2025,0.41808718854805366,1761144900000,1761587700000,4012.495,3966.8795714285716,4186.456714285714,4006.035,3.8136595387525714,-0.14161875054806178,864BAR_TIMEOUT
swing_baseline,1761625500000,2025,0.5030232810427366,1761625800000,1761634200000,3971.275,3940.2193571428575,4055.562571428571,3940.2193571428575,2.7140823268833203,-1.0,STOP
swing_baseline,1761634500000,2025,0.4811627816851343,1761634800000,1761639300000,3942.225,3916.2177857142856,4025.2038571428566,3916.2177857142856,3.190609199095832,-1.0,STOP
swing_baseline,1761639600000,2025,0.44875486043831647,1761639900000,1761642300000,3913.915,3890.3835000000004,4003.191,3890.3835000000004,3.793893291970396,-1.0,STOP
swing_baseline,1761762900000,2025,0.5030602111373609,1761763200000,1761766800000,3951.345,3933.325,4019.8250000000003,3933.325,3.800221975582716,-1.0,STOP
swing_baseline,1761771000000,2025,0.48194844612461096,1761771300000,1761851100000,3929.685,3904.037857142857,4021.9235714285714,4021.9235714285714,3.596446276388319,3.596446276388319,TARGET
swing_baseline,1761927000000,2025,0.4565243718640742,1761927300000,1762266300000,3978.625,3960.2962142857145,4049.7901428571436,3960.2962142857145,3.882698175781358,-1.0,STOP
swing_baseline,1762266600000,2025,0.49421441948404693,1762266900000,1762412100000,3938.145,3918.891642857143,3991.6084285714287,3991.6084285714287,2.776836692673275,2.776836692673275,TARGET
swing_baseline,1762449300000,2025,0.561951972407456,1762449600000,1762533300000,3977.319,3961.225214285714,4021.724142857143,4021.724142857143,2.7591483846915077,2.7591483846915077,TARGET
swing_baseline,1762871400000,2025,0.474524680204688,1762871700000,1762874400000,4124.995,4112.282071428571,4167.496714285714,4112.282071428571,3.343188317854007,-1.0,STOP
swing_baseline,1762874700000,2025,0.5588403792331582,1762875000000,1762904400000,4101.265,4085.4427857142855,4142.753857142858,4142.753857142858,2.622190320119464,2.622190320119464,TARGET
swing_baseline,1763058600000,2025,0.5015143104307772,1763058900000,1763118900000,4165.435,4142.4705,4231.443,4142.4705,2.8743495395066163,-1.0,STOP
swing_baseline,1763121000000,2025,0.4742439065169796,1763121300000,1763122500000,4137.655,4119.530928571428,4201.851285714284,4119.530928571428,3.5420455038090006,-1.0,STOP
swing_baseline,1763122800000,2025,0.5303748433064431,1763123100000,1763125800000,4119.895,4093.8459285714293,4186.341285714285,4093.8459285714293,2.5508120662376044,-1.0,STOP
swing_baseline,1763126100000,2025,0.4277382166790439,1763126400000,1763126700000,4076.965,4057.0245000000004,4154.126999999999,4057.0245000000004,3.869612095985537,-1.0,STOP
swing_baseline,1763127300000,2025,0.5651551247463343,1763127600000,1763408400000,4055.415,4026.5845000000004,4123.686999999999,4026.5845000000004,2.368047727233313,-1.0,STOP
swing_baseline,1763408700000,2025,0.48230063272965185,1763409000000,1763530200000,4023.995,3993.3802142857144,4094.6541428571427,4094.6541428571427,2.308007102077207,2.308007102077207,TARGET
swing_baseline,1763571600000,2025,0.5193745428519452,1763571900000,1763706300000,4060.635,4037.4604999999997,4131.683,4037.4604999999997,3.065783512049802,-1.0,STOP
swing_baseline,1763706600000,2025,0.4879359623355144,1763706900000,1764009300000,4036.935,4010.187142857143,4104.076428571429,4104.076428571429,2.5101610275856783,2.5101610275856783,TARGET
swing_baseline,1764169200000,2025,0.5670816247369952,1764169500000,1764294000000,4142.625,4121.717285714286,4191.505857142858,4191.505857142858,2.3379340503164254,2.3379340503164254,TARGET
swing_baseline,1764319200000,2025,0.579870112514734,1764319500000,1764339000000,4157.459,4140.4325,4189.715,4189.715,1.8944586380054869,1.8944586380054869,TARGET
swing_baseline,1764637200000,2025,0.47697918478811885,1764637500000,1764637500000,4215.365,4199.791928571428,4274.107285714286,4199.791928571428,3.772042399196352,-1.0,STOP
swing_baseline,1764667500000,2025,0.4743581447566359,1764667800000,1764690600000,4194.355,4179.527,4241.767,4179.527,3.197464256811559,-1.0,STOP
swing_baseline,1764690900000,2025,0.4594523526058793,1764691200000,1764769800000,4169.375,4146.282999999999,4232.157999999999,4232.157999999999,2.718820370691059,2.718820370691059,TARGET
swing_baseline,1764817200000,2025,0.5294732536801744,1764817500000,1764948600000,4193.895,4170.9256428571425,4251.922428571428,4251.922428571428,2.5262974584149687,2.5262974584149687,TARGET
swing_baseline,1764951600000,2025,0.6765332996516008,1764951900000,1765206000000,4209.215,4187.5305,4240.953,4187.5305,1.463626092370119,-1.0,STOP
swing_baseline,1765206300000,2025,0.48126200183859846,1765206600000,1765396800000,4180.025,4165.617,4222.022,4222.022,2.914838978345496,2.914838978345496,TARGET
swing_baseline,1765557300000,2025,0.4962578524414639,1765557600000,1765776600000,4266.245,4245.995714285715,4332.942142857143,4332.942142857143,3.2938022505204074,3.2938022505204074,TARGET
swing_baseline,1765810800000,2025,0.5711805324021896,1765811100000,1765815300000,4317.879,4300.566285714285,4358.709857142857,4300.566285714285,2.358431870879302,-1.0,STOP
swing_baseline,1765815600000,2025,0.5481086608665052,1765815900000,1765854600000,4295.035,4281.439857142857,4338.165571428571,4281.439857142857,3.172498581426184,-1.0,STOP
swing_baseline,1765854900000,2025,0.47339686479729437,1765855200000,1765950300000,4285.298,4265.3047857142865,4340.705857142856,4340.705857142856,2.771333130883788,2.771333130883788,TARGET
swing_baseline,1766048100000,2025,0.5975912974520807,1766048400000,1766068800000,4326.355,4312.1195,4359.847,4312.1195,2.3527097748586785,-1.0,STOP
swing_baseline,1766069100000,2025,0.5596063818376513,1766069400000,1766073600000,4314.425,4299.180714285714,4344.7021428571425,4344.7021428571425,1.9861306344296905,1.9861306344296905,TARGET
swing_baseline,1766498700000,2025,0.7033062217289363,1766499000000,1766501700000,4468.915,4441.334,4506.6539999999995,4441.334,1.3682970160617598,-1.0,STOP
swing_baseline,1766502000000,2025,0.5052120873906099,1766502300000,1766516400000,4433.845,4415.058357142858,4489.641571428571,4489.641571428571,2.9700128890967887,2.9700128890967887,TARGET
swing_baseline,1766587800000,2025,0.4938406906441206,1766588100000,1766711100000,4465.355,4443.932928571429,4530.593285714286,4530.593285714286,3.0453770977198515,3.0453770977198515,TARGET
swing_baseline,1766967600000,2025,0.4485288596807117,1766967900000,1766968200000,4494.901,4476.061142857143,4563.245428571428,4476.061142857143,3.6276511044215054,-1.0,STOP
swing_baseline,1766991300000,2025,0.44439932048307634,1766991600000,1766991600000,4474.648,4448.907142857142,4558.446428571428,4448.907142857142,3.2554637985192207,-1.0,STOP
swing_baseline,1766997900000,2025,0.39455754231725765,1766998200000,1767008400000,4460.679,4436.978285714285,4553.061857142857,4436.978285714285,3.8978933727132214,-1.0,STOP
swing_baseline,1767015600000,2025,0.44410064317484543,1767015900000,1767016800000,4429.185,4398.869714285714,4529.446142857142,4398.869714285714,3.3072801556968767,-1.0,STOP
swing_baseline,1767017100000,2025,0.40621075836065224,1767017400000,1767019200000,4390.775,4357.292571428571,4499.954714285714,4357.292571428571,3.2608063077861718,-1.0,STOP
swing_baseline,1767020400000,2025,0.42348536198566794,1767020700000,1767021600000,4341.305,4308.886642857144,4454.728428571429,4308.886642857144,3.49874079280483,-1.0,STOP
swing_baseline,1767123900000,2025,0.49143832429878415,1767124200000,1767159600000,4349.498,4325.939071428571,4430.818714285714,4325.939071428571,3.451800197074209,-1.0,STOP
swing_baseline,1767159900000,2025,0.4549799461871976,1767160200000,1767160200000,4310.485,4284.539142857143,4394.668428571428,4284.539142857143,3.244580747821057,-1.0,STOP
swing_baseline,1767160500000,2025,0.43429594533400384,1767160800000,1767324600000,4285.385,4251.301285714286,4372.419857142857,4372.419857142857,2.5535613992438533,2.5535613992438533,TARGET
swing_baseline,1767366000000,2026,0.4590749618170642,1767366300000,1767369600000,4342.155,4327.201928571429,4401.267285714285,4327.201928571429,3.95318687512845,-1.0,STOP
swing_baseline,1767369900000,2026,0.5353526719958686,1767370200000,1767572700000,4326.385,4306.2105,4385.833,4385.833,2.946690128627682,2.946690128627682,TARGET
swing_baseline,1767763800000,2026,0.47572408933675,1767764100000,1767791100000,4453.525,4436.798642857143,4516.180428571429,4436.798642857143,3.7459100051673633,-1.0,STOP
swing_baseline,1767791400000,2026,0.4405422980515274,1767791700000,1767874500000,4432.848,4410.835285714285,4494.183857142857,4410.835285714285,2.786383194128035,-1.0,STOP
swing_baseline,1768259400000,2026,0.4922118172372839,1768259700000,1768529700000,4578.005,4559.725214285714,4647.7741428571435,4597.919,3.816737457847644,1.0894000789318148,864BAR_TIMEOUT
swing_baseline,1768569300000,2026,0.5066885160645918,1768569600000,1768577100000,4587.265,4569.655142857142,4636.169428571428,4569.655142857142,2.7771053549552045,-1.0,STOP
swing_baseline,1768577400000,2026,0.5494119582622194,1768577700000,1768580100000,4543.815,4522.153785714286,4593.959857142858,4593.959857142858,2.3149605779916977,2.3149605779916977,TARGET
swing_baseline,1768868700000,2026,0.4823158181810668,1768869000000,1768887000000,4659.425,4648.635428571429,4701.6832857142845,4701.6832857142845,3.916586121519322,3.916586121519322,TARGET
swing_baseline,1769008800000,2026,0.49454522663727063,1769009100000,1769024100000,4817.205,4785.763571428572,4919.020714285715,4785.763571428572,3.2382661638421224,-1.0,STOP
swing_baseline,1769024400000,2026,0.4281100533180069,1769024700000,1769098200000,4765.685,4737.9872857142855,4876.040857142858,4876.040857142858,3.984294732933014,3.984294732933014,TARGET
swing_baseline,1769156700000,2026,0.5804593374894076,1769157000000,1769185500000,4913.285,4880.4,4983.425000000001,4983.425000000001,2.1328873346510804,2.1328873346510804,TARGET
swing_baseline,1769454000000,2026,0.5610108810287336,1769454300000,1769456700000,5045.655,5008.242214285714,5145.806142857143,5008.242214285714,2.676922900689032,-1.0,STOP
swing_baseline,1769463000000,2026,0.49454006398245676,1769463300000,1769544300000,5010.475,4975.541428571429,5122.979285714287,5122.979285714287,3.220520579876083,3.220520579876083,TARGET
swing_baseline,1769698800000,2026,0.5736413935236239,1769699100000,1769699400000,5458.225,5390.3575,5637.61,5390.3575,2.6431649906066754,-1.0,STOP
swing_baseline,1769699700000,2026,0.6842833212552405,1769700000000,1769700300000,5332.148,5227.7345000000005,5474.987,5227.7345000000005,1.3680127569710852,-1.0,STOP
swing_baseline,1769761800000,2026,0.4955833962335172,1769762100000,1769766000000,5077.455,4980.659928571428,5394.835285714285,4980.659928571428,3.278888904467529,-1.0,STOP
swing_baseline,1769766300000,2026,0.5088246120707186,1769766600000,1769794800000,4980.598,4863.521357142857,5283.939571428571,4863.521357142857,2.590965747102161,-1.0,STOP
swing_baseline,1769795400000,2026,0.46604929106969745,1769795700000,1769797200000,4812.448,4708.806285714285,5174.8998571428565,4708.806285714285,3.497161925975706,-1.0,STOP
swing_baseline,1769797500000,2026,0.4871361401862046,1769797800000,1769994600000,4741.398,4591.850214285714,5096.389142857142,4591.850214285714,2.373763952181545,-1.0,STOP
swing_baseline,1770010800000,2026,0.42096044917140424,1770011100000,1770013200000,4574.098,4446.479857142856,5069.655571428571,4446.479857142856,3.8831279027724244,-1.0,STOP
swing_baseline,1770013500000,2026,0.4798485181878163,1770013800000,1770135300000,4484.735,4301.371785714286,4956.887857142858,4956.887857142858,2.574959535815923,2.574959535815923,TARGET
swing_baseline,1770215700000,2026,0.5490176752797532,1770216000000,1770219000000,4981.575,4931.733142857143,5113.9424285714285,4931.733142857143,2.6557483239847546,-1.0,STOP
swing_baseline,1770219300000,2026,0.6194590350551686,1770219600000,1770223500000,4912.125,4848.7720714285715,5038.901714285714,4848.7720714285715,2.0011184509454347,-1.0,STOP
swing_baseline,1770259500000,2026,0.5490254775230605,1770259800000,1770327000000,4851.098,4769.731071428572,5055.100714285714,4769.731071428572,2.5071944814364127,-1.0,STOP
swing_baseline,1770327300000,2026,0.4110896443098415,1770327600000,1770335400000,4765.445,4709.341285714286,4968.359857142857,4709.341285714286,3.6167811654945483,-1.0,STOP
swing_baseline,1770335700000,2026,0.3622557783185692,1770336000000,1770384900000,4703.265,4646.198642857143,4929.780428571428,4929.780428571428,3.969333945819919,3.969333945819919,TARGET
swing_baseline,1770737700000,2026,0.5316228001183069,1770738000000,1770809100000,5007.645,4972.0145,5105.367,5105.367,2.7426502575040814,2.7426502575040814,TARGET
swing_baseline,1770816600000,2026,0.7083406365552922,1770816900000,1770912600000,5048.929,4991.602785714285,5123.563857142857,4991.602785714285,1.3019324243334085,-1.0,STOP
swing_baseline,1770912900000,2026,0.5559103310386652,1770913200000,1770913500000,4934.285,4891.370285714286,5000.593857142857,4891.370285714286,1.545131040635433,-1.0,STOP
swing_baseline,1771218000000,2026,0.5363961200347241,1771218300000,1771289700000,4977.115,4934.043571428571,5088.165714285715,4934.043571428571,2.5782918739635403,-1.0,STOP
swing_baseline,1771290000000,2026,0.49360457349104736,1771290300000,1771305300000,4933.865,4904.623928571428,4994.294285714286,4904.623928571428,2.0665893129771127,-1.0,STOP
swing_baseline,1771305600000,2026,0.48065228924027437,1771305900000,1771306200000,4897.285,4868.380428571429,4967.503285714286,4868.380428571429,2.429314196469202,-1.0,STOP
swing_baseline,1771336800000,2026,0.6231584808253313,1771337100000,1771425000000,4871.645,4807.471428571429,4970.589285714286,4970.589285714286,1.5418229578264313,1.5418229578264313,TARGET
swing_baseline,1771940100000,2026,0.518370423571296,1771940400000,1771941600000,5138.185,5108.568357142857,5231.151571428571,5108.568357142857,3.138997619581573,-1.0,STOP
swing_baseline,1771942200000,2026,0.5056379210503329,1771942500000,1771997400000,5104.575,5067.093785714286,5197.749857142857,5197.749857142857,2.485908178763882,2.485908178763882,TARGET
swing_baseline,1772052900000,2026,0.49866184492885357,1772053200000,1772198400000,5151.905,5123.006571428571,5232.763714285714,5232.763714285714,2.798031529148875,2.798031529148875,TARGET
swing_baseline,1772467200000,2026,0.5795927384449995,1772467500000,1772529900000,5272.558,5228.614785714286,5386.015857142857,5228.614785714286,2.5819198478556142,-1.0,STOP
swing_baseline,1772534100000,2026,0.4915435610433502,1772534400000,1772535900000,5252.535,5213.748285714286,5382.181857142858,5213.748285714286,3.342558387076618,-1.0,STOP
swing_baseline,1772537100000,2026,0.6017009650783148,1772537400000,1772537400000,5125.698,5074.994142857143,5254.113428571429,5074.994142857143,2.5326560109543466,-1.0,STOP
swing_baseline,1772548800000,2026,0.5133197277195534,1772549100000,1772550900000,5070.935,5003.214,5294.719,5003.214,3.3044993428921328,-1.0,STOP
swing_baseline,1772647800000,2026,0.5341962517500107,1772648100000,1772716800000,5124.435,5087.347642857144,5236.534428571428,5087.347642857144,3.0225779674629525,-1.0,STOP
swing_baseline,1772721300000,2026,0.5226752938926287,1772721600000,1772723100000,5097.585,5063.280714285715,5197.567142857143,5063.280714285715,2.914567109482392,-1.0,STOP
swing_baseline,1772727600000,2026,0.454864539050656,1772727900000,1773007200000,5064.085,5031.978285714285,5187.5118571428575,5187.5118571428575,3.8442693339621616,3.8442693339621616,TARGET
swing_baseline,1773013200000,2026,0.6179666302279366,1773013500000,1773107700000,5072.415,5008.392285714285,5183.7708571428575,5183.7708571428575,1.7393179652757103,1.7393179652757103,TARGET
swing_baseline,1773232500000,2026,0.5330459581391225,1773232800000,1773237000000,5177.145,5154.620857142857,5245.4065714285725,5154.620857142857,3.0305957417120126,-1.0,STOP
swing_baseline,1773269700000,2026,0.4774827763365841,1773270000000,1773337200000,5138.075,5106.938357142857,5218.121571428572,5106.938357142857,2.570815736167563,-1.0,STOP
swing_baseline,1773338100000,2026,0.46138837350305484,1773338400000,1773342000000,5105.085,5080.850928571429,5188.571285714286,5080.850928571429,3.444996271483257,-1.0,STOP
swing_baseline,1773346800000,2026,0.48785216197581727,1773347100000,1773347400000,5081.605,5054.955928571429,5164.551285714286,5054.955928571429,3.11253943450194,-1.0,STOP
swing_baseline,1773413400000,2026,0.5538925525823679,1773413700000,1773413700000,5064.015,5039.373285714285,5131.781857142857,5039.373285714285,2.7500869605545546,-1.0,STOP
swing_baseline,1773417300000,2026,0.4809303059980789,1773417600000,1773612000000,5033.945,5007.272571428571,5127.684714285714,5003.001,3.514479907020037,-1.16014932487798,STOP_GAP
swing_baseline,1773616800000,2026,0.5726313744015632,1773617100000,1773834000000,4984.885,4939.200928571428,5078.821285714286,4939.200928571428,2.0562152797864743,-1.0,STOP
swing_baseline,1773834300000,2026,0.517246762379709,1773834600000,1773835500000,4938.565,4913.061928571429,4995.927285714286,4913.061928571429,2.249230484843682,-1.0,STOP
swing_baseline,1773835800000,2026,0.4079495107890696,1773836100000,1773837000000,4907.938,4885.466928571429,4983.357285714285,4885.466928571429,3.3562834755797386,-1.0,STOP
swing_baseline,1773837300000,2026,0.4326903291329423,1773837600000,1773838800000,4883.335,4858.499928571429,4956.390285714286,4858.499928571429,2.941617700774623,-1.0,STOP
swing_baseline,1773839400000,2026,0.49586341410203727,1773839700000,1773864600000,4858.475,4826.2933571428575,4941.501571428572,4826.2933571428575,2.5799357663974405,-1.0,STOP
swing_baseline,1773864900000,2026,0.43482294149157097,1773865200000,1773902400000,4821.828,4787.411214285715,4947.930142857143,4787.411214285715,3.663972106634025,-1.0,STOP
swing_baseline,1773902700000,2026,0.5193681048565875,1773903000000,1773906900000,4766.945,4734.3240000000005,4858.329,4734.3240000000005,2.8013856104963764,-1.0,STOP
swing_baseline,1773907200000,2026,0.5008392448418646,1773907500000,1773909600000,4736.635,4694.4845,4855.536999999999,4694.4845,2.8208918043676188,-1.0,STOP
swing_baseline,1773909900000,2026,0.5558577955698599,1773910200000,1773921000000,4710.608,4654.4245,4815.477,4654.4245,1.866544448103082,-1.0,STOP
swing_baseline,1773921600000,2026,0.5032443648993052,1773921900000,1773924000000,4630.285,4589.141928571428,4772.507285714285,4589.141928571428,3.4567736626371453,-1.0,STOP
swing_baseline,1773924300000,2026,0.6444007101871452,1773924600000,1773968700000,4557.265,4494.271928571428,4677.637285714285,4677.637285714285,1.9108813554324824,1.9108813554324824,TARGET
swing_baseline,1774013700000,2026,0.5449005362019298,1774014000000,1774015500000,4654.055,4600.891642857142,4778.008428571429,4600.891642857142,2.331557584641364,-1.0,STOP
swing_baseline,1774015800000,2026,0.46378447753972507,1774016100000,1774020300000,4586.975,4546.684214285714,4742.538142857143,4546.684214285714,3.8610104047184803,-1.0,STOP
swing_baseline,1774030800000,2026,0.4973522123109132,1774031100000,1774032900000,4546.615,4492.6077857142855,4711.143857142857,4492.6077857142855,3.046423692072885,-1.0,STOP
swing_baseline,1774216800000,2026,0.5393833864995878,1774217100000,1774225800000,4475.375,4400.161142857143,4643.530428571428,4400.161142857143,2.235697449368189,-1.0,STOP
swing_baseline,1774226100000,2026,0.5124882028791178,1774226400000,1774245900000,4348.905,4275.952571428572,4538.964714285715,4275.952571428572,2.605255479598287,-1.0,STOP
swing_baseline,1774247100000,2026,0.44027269565973165,1774247400000,1774248300000,4243.185,4170.694714285714,4510.746142857142,4170.694714285714,3.6909930788755623,-1.0,STOP
swing_baseline,1774249500000,2026,0.5313645306894323,1774249800000,1774264200000,4158.145,4055.5297142857144,4434.106142857143,4434.106142857143,2.6892790965422733,2.6892790965422733,TARGET
swing_baseline,1774318200000,2026,0.47571469804627214,1774318500000,1774588500000,4311.965,4221.979928571428,4639.905285714286,4443.595,3.644385457587779,1.4627981943036477,864BAR_TIMEOUT
swing_baseline,1774896900000,2026,0.4568744213743171,1774897200000,1774921200000,4498.865,4468.561142857143,4616.8304285714285,4616.8304285714285,3.89275292631304,3.89275292631304,TARGET
swing_baseline,1775092800000,2026,0.4389730673386609,1775093100000,1775093400000,4713.275,4682.0049285714285,4821.805285714286,4682.0049285714285,3.4707399361781817,-1.0,STOP
swing_baseline,1775097300000,2026,0.4445787480538439,1775097600000,1775108700000,4658.978,4618.247214285714,4801.201142857143,4618.247214285714,3.49178490822139,-1.0,STOP
swing_baseline,1775109000000,2026,0.4632402137088611,1775109300000,1775599200000,4603.795,4548.104428571429,4734.607285714285,4734.607285714285,2.3489126140870202,2.3489126140870202,TARGET
swing_baseline,1775650800000,2026,0.4851165165872453,1775651100000,1775660100000,4769.365,4733.939928571428,4904.880285714285,4733.939928571428,3.825406138912856,-1.0,STOP
swing_baseline,1775670900000,2026,0.4780527924603676,1775671200000,1775675100000,4733.525,4700.938428571428,4852.686285714285,4700.938428571428,3.6567604534733222,-1.0,STOP
swing_baseline,1775693100000,2026,0.4627305904100968,1775693400000,1776031200000,4700.285,4667.216142857143,4821.560428571429,4634.998,3.667360745111932,-1.9742744576252154,STOP_GAP
swing_baseline,1776092700000,2026,0.5291021954431931,1776093000000,1776128700000,4705.275,4680.9905,4776.163,4776.163,2.919063600238862,2.919063600238862,TARGET
swing_baseline,1776236400000,2026,0.5274425495341393,1776236700000,1776246300000,4808.695,4786.084714285715,4874.236142857143,4786.084714285715,2.8987312980187054,-1.0,STOP
swing_baseline,1776347400000,2026,0.5133641235130276,1776347700000,1776350400000,4794.015,4775.883428571428,4846.391285714286,4775.883428571428,2.8886787844406188,-1.0,STOP
swing_baseline,1776388200000,2026,0.5725459262605228,1776388500000,1776429900000,4778.615,4753.282357142857,4832.745571428572,4832.745571428572,2.1367913223199047,2.1367913223199047,TARGET
swing_baseline,1776636000000,2026,0.46001533633017094,1776636300000,1776782700000,4773.775,4735.688071428572,4847.672714285714,4735.688071428572,1.9402382144605725,-1.0,STOP
swing_baseline,1776788700000,2026,0.4567694944283151,1776789000000,1776792300000,4720.585,4698.467928571428,4804.853285714285,4698.467928571428,3.810101440709917,-1.0,STOP
swing_baseline,1776792600000,2026,0.5002941477313875,1776792900000,1776800400000,4704.895,4673.168285714286,4790.551857142857,4673.168285714286,2.699833848897033,-1.0,STOP
swing_baseline,1776868200000,2026,0.5438552556024062,1776868500000,1776902700000,4735.665,4719.6025714285715,4786.814714285714,4719.6025714285715,3.184432170904622,-1.0,STOP
swing_baseline,1776903000000,2026,0.4383272827171768,1776903300000,1776966000000,4699.285,4683.815214285714,4757.414142857143,4683.815214285714,3.7575919880689646,-1.0,STOP
swing_baseline,1776966300000,2026,0.6230085845073685,1776966600000,1777039800000,4682.915,4645.860214285714,4736.784142857143,4736.784142857143,1.4537701896998123,1.4537701896998123,TARGET
swing_baseline,1777248300000,2026,0.4933873612035797,1777248600000,1777352700000,4675.395,4653.2871428571425,4746.976428571428,4653.2871428571425,3.237827533843664,-1.0,STOP
swing_baseline,1777354200000,2026,0.5195615519031871,1777354500000,1777354800000,4644.285,4631.044285714286,4688.5478571428575,4631.044285714286,3.342935750121569,-1.0,STOP
swing_baseline,1777355100000,2026,0.510268927675558,1777355400000,1777368600000,4627.615,4612.1172857142865,4669.620857142858,4612.1172857142865,2.710454997972284,-1.0,STOP
swing_baseline,1777368900000,2026,0.4683434035381198,1777369200000,1777375200000,4610.315,4595.418785714286,4666.449857142858,4595.418785714286,3.768397531491947,-1.0,STOP
swing_baseline,1777375800000,2026,0.4851793806230135,1777376100000,1777376100000,4590.685,4572.728785714286,4653.059857142857,4572.728785714286,3.4737198025354075,-1.0,STOP
swing_baseline,1777376400000,2026,0.4770492147245073,1777376700000,1777456200000,4571.905,4551.898785714286,4632.229857142857,4551.898785714286,3.0153059585057966,-1.0,STOP
swing_baseline,1777465800000,2026,0.48077655225691474,1777466100000,1777469400000,4555.005,4534.084285714285,4618.487857142858,4534.084285714285,3.0344497934377594,-1.0,STOP
swing_baseline,1777469700000,2026,0.41239860830279584,1777470000000,1777534800000,4525.305,4505.661571428571,4596.993714285715,4596.993714285715,3.6495011054222535,3.6495011054222535,TARGET
swing_baseline,1777614900000,2026,0.5280806220626899,1777615200000,1777619100000,4604.655,4590.015,4653.3150000000005,4590.015,3.323770491803463,-1.0,STOP
swing_baseline,1777620000000,2026,0.5999126338358028,1777620300000,1777623300000,4590.905,4572.0545,4636.357,4572.0545,2.4111827272486828,-1.0,STOP
swing_baseline,1777623600000,2026,0.43596007960776184,1777623900000,1777643700000,4568.295,4554.410214285715,4622.2341428571435,4622.2341428571435,3.884765956571273,3.884765956571273,TARGET
swing_baseline,1777874700000,2026,0.5681331995974893,1777875000000,1777888800000,4596.835,4569.351928571429,4660.167285714286,4569.351928571429,2.304410767147618,-1.0,STOP
swing_baseline,1777889100000,2026,0.4890845161001704,1777889400000,1777890000000,4547.105,4526.199285714286,4607.927857142857,4526.199285714286,2.909389093891028,-1.0,STOP
swing_baseline,1777894500000,2026,0.48201756047899336,1777894800000,1777908000000,4553.775,4532.739285714286,4625.517857142857,4532.739285714286,3.410526315789563,-1.0,STOP
swing_baseline,1777909800000,2026,0.5931075187223481,1777910100000,1778025300000,4527.765,4491.294142857143,4595.0984285714285,4595.0984285714285,1.8462255577838858,1.8462255577838858,TARGET
swing_baseline,1778174700000,2026,0.572882343600491,1778175000000,1778478000000,4698.945,4666.021857142857,4773.737571428571,4666.021857142857,2.271732433112604,-1.0,STOP
swing_baseline,1778478300000,2026,0.45274963802812757,1778478600000,1778505600000,4660.735,4640.137357142858,4731.8255714285715,4731.8255714285715,3.451393536708578,3.451393536708578,TARGET
swing_baseline,1778565600000,2026,0.5051520581145977,1778565900000,1778582100000,4706.595,4686.296428571428,4774.089285714285,4686.296428571428,3.3250756562740085,-1.0,STOP
swing_baseline,1778582400000,2026,0.514103885384533,1778582700000,1778598000000,4690.555,4667.417857142857,4755.003571428571,4667.417857142857,2.7855025932328816,-1.0,STOP
swing_baseline,1778598600000,2026,0.4279870908919217,1778598900000,1778599200000,4664.325,4644.239285714286,4743.267857142857,4644.239285714286,3.930298719772466,-1.0,STOP
swing_baseline,1778599500000,2026,0.5347921557701911,1778599800000,1778616000000,4656.015,4618.419285714286,4717.447857142857,4717.447857142857,1.6340388342136234,1.6340388342136234,TARGET
swing_baseline,1778664000000,2026,0.4741304826624061,1778664300000,1778679900000,4686.615,4671.161285714285,4744.129857142858,4671.161285714285,3.721749741162598,-1.0,STOP
swing_baseline,1778731200000,2026,0.5072154993041014,1778731500000,1778788800000,4672.328,4651.8955,4733.243,4651.8955,2.981279823809988,-1.0,STOP
swing_baseline,1778789100000,2026,0.4169164418494268,1778789400000,1778804700000,4651.405,4630.889357142857,4720.667571428571,4630.889357142857,3.376085843903114,-1.0,STOP
swing_baseline,1778805000000,2026,0.4215649106657512,1778805300000,1778820000000,4623.805,4605.1822142857145,4691.096142857143,4605.1822142857145,3.6133768540075337,-1.0,STOP
swing_baseline,1778821200000,2026,0.48348228999870785,1778821500000,1778822400000,4599.855,4580.807214285714,4671.0461428571425,4580.807214285714,3.737502296854858,-1.0,STOP
swing_baseline,1778823000000,2026,0.4817788314284726,1778823300000,1778836200000,4569.185,4548.977214285714,4639.216142857143,4548.977214285714,3.465552527490965,-1.0,STOP
swing_baseline,1778836500000,2026,0.5693646844068403,1778836800000,1778852700000,4546.555,4517.065714285714,4628.012142857144,4517.065714285714,2.762262322877565,-1.0,STOP
swing_baseline,1779064200000,2026,0.4763584179183313,1779064500000,1779112200000,4491.945,4463.247857142857,4583.433571428572,4583.433571428572,3.1880724810833083,3.1880724810833083,TARGET
swing_baseline,1779168000000,2026,0.5127360212288252,1779168300000,1779196800000,4535.065,4512.811428571428,4602.479285714286,4512.811428571428,3.0293692826191845,-1.0,STOP
swing_baseline,1779197100000,2026,0.42675576740784327,1779197400000,1779197400000,4492.065,4473.326642857143,4560.518428571429,4473.326642857143,3.653117936090018,-1.0,STOP
swing_baseline,1779240900000,2026,0.5696524923202492,1779241200000,1779290100000,4467.905,4434.216642857143,4541.258428571428,4541.258428571428,2.177411865481298,2.177411865481298,TARGET
swing_baseline,1779341100000,2026,0.4450575952919212,1779341400000,1779368400000,4522.715,4500.894785714286,4602.8458571428555,4500.894785714286,3.6723221914148008,-1.0,STOP
swing_baseline,1779369300000,2026,0.4792175256167361,1779369600000,1779663900000,4498.835,4477.465928571429,4573.711285714286,4573.711285714286,3.503955984450178,3.503955984450178,TARGET
swing_baseline,1779753600000,2026,0.5132663021521672,1779753900000,1779759300000,4550.368,4536.584,4598.039,4536.584,3.4584300638419494,-1.0,STOP
swing_baseline,1779763500000,2026,0.48836891038197994,1779763800000,1779787800000,4532.365,4517.456142857143,4585.2504285714285,4517.456142857143,3.5472489986778433,-1.0,STOP
swing_baseline,1779788100000,2026,0.44411683838440574,1779788400000,1779798600000,4516.575,4500.632142857143,4576.346428571428,4500.632142857143,3.7491039426523285,-1.0,STOP
swing_baseline,1779811800000,2026,0.4593608793218029,1779812100000,1779818700000,4501.275,4482.838785714286,4569.119857142858,4482.838785714286,3.6799776836740286,-1.0,STOP
swing_baseline,1779863400000,2026,0.5266739987064364,1779863700000,1779878100000,4483.298,4463.964357142858,4541.117571428572,4463.964357142858,2.990619608306935,-1.0,STOP
swing_baseline,1779878700000,2026,0.48364036196503535,1779879000000,1779882900000,4448.475,4428.223357142857,4505.681571428572,4428.223357142857,2.824786701607918,-1.0,STOP
swing_baseline,1779887100000,2026,0.4725761991026561,1779887400000,1779937200000,4414.385,4390.134285714286,4495.987857142857,4390.134285714286,3.3649671585520737,-1.0,STOP
swing_baseline,1779938100000,2026,0.4446445463326602,1779938400000,1779977400000,4384.375,4361.7871428571425,4465.576428571429,4465.576428571429,3.5949150934445866,3.5949150934445866,TARGET
swing_baseline,1780283400000,2026,0.4732717736860276,1780283700000,1780299900000,4518.635,4495.263428571428,4595.386285714285,4495.263428571428,3.2839591445039145,-1.0,STOP
swing_baseline,1780300200000,2026,0.5017489243868773,1780300500000,1780319400000,4495.505,4477.545428571429,4550.793285714285,4477.545428571429,3.0784858054200535,-1.0,STOP
swing_baseline,1780320000000,2026,0.45183177195935104,1780320300000,1780322100000,4465.675,4449.237785714286,4520.973857142857,4449.237785714286,3.3642475045735942,-1.0,STOP
swing_baseline,1780322400000,2026,0.46989984552825287,1780322700000,1780376100000,4454.268,4429.968285714286,4517.701857142858,4517.701857142858,2.610477489447336,2.610477489447336,TARGET
swing_baseline,1780421700000,2026,0.48691158304553156,1780422000000,1780442400000,4482.785,4466.611428571428,4542.979285714287,4466.611428571428,3.7217683169191926,-1.0,STOP
swing_baseline,1780442700000,2026,0.5263970572941378,1780443000000,1780476600000,4467.375,4449.372642857143,4512.034428571428,4449.372642857143,2.4807545043704073,-1.0,STOP
swing_baseline,1780476900000,2026,0.5174974067018763,1780477200000,1780524900000,4443.865,4424.499714285715,4502.076142857143,4424.499714285715,3.005953215252737,-1.0,STOP
swing_baseline,1780618200000,2026,0.4522114168412295,1780618500000,1780628400000,4455.255,4436.952357142857,4522.415571428571,4436.952357142857,3.6694466450980343,-1.0,STOP
swing_baseline,1780629600000,2026,0.4733629400546691,1780629900000,1780663800000,4437.215,4418.720928571429,4499.991285714286,4418.720928571429,3.3944005221751135,-1.0,STOP
swing_baseline,1780664100000,2026,0.3974584615187664,1780664400000,1780666500000,4406.355,4386.1945,4478.597000000001,4386.1945,3.5833436670718113,-1.0,STOP
swing_baseline,1780667100000,2026,0.417890761167421,1780667400000,1780668000000,4383.535,4364.764499999999,4457.167,4364.764499999999,3.922751125436105,-1.0,STOP
swing_baseline,1780669200000,2026,0.44316242275584905,1780669500000,1780674900000,4357.425,4333.982571428571,4441.544714285715,4333.982571428571,3.5883532301015837,-1.0,STOP
swing_baseline,1780675200000,2026,0.49764511902530895,1780675500000,1780882200000,4333.955,4306.282571428572,4425.094714285715,4306.282571428572,3.293520626513319,-1.0,STOP
swing_baseline,1780886100000,2026,0.5037077497030853,1780886400000,1780896900000,4311.575,4276.9472857142855,4428.235857142858,4276.9472857142855,3.3690025330660163,-1.0,STOP
swing_baseline,1781014500000,2026,0.5313008115266545,1781014800000,1781016000000,4311.225,4289.686642857143,4368.2284285714295,4289.686642857143,2.646600583013022,-1.0,STOP
swing_baseline,1781016300000,2026,0.44957716175523477,1781016600000,1781021100000,4283.865,4262.726642857143,4341.2684285714295,4262.726642857143,2.715605010525976,-1.0,STOP
swing_baseline,1781021400000,2026,0.4212684499297154,1781021700000,1781022900000,4259.535,4237.745714285714,4340.242142857143,4237.745714285714,3.703982953614133,-1.0,STOP
swing_baseline,1781023200000,2026,0.49151506258468863,1781023500000,1781048700000,4244.485,4215.745714285714,4318.242142857143,4215.745714285714,2.5664222691686485,-1.0,STOP
swing_baseline,1781049000000,2026,0.49145939760024987,1781049300000,1781055600000,4220.495,4186.586928571429,4304.227285714285,4186.586928571429,2.469390979391778,-1.0,STOP
swing_baseline,1781056200000,2026,0.5220436455282124,1781056500000,1781085900000,4191.805,4157.302428571429,4288.515285714286,4157.302428571429,2.8029877690275797,-1.0,STOP
swing_baseline,1781089500000,2026,0.5669164921588418,1781089800000,1781103300000,4161.185,4129.5752142857145,4248.124142857142,4129.5752142857145,2.750386973292577,-1.0,STOP
swing_baseline,1781104500000,2026,0.4744538136743132,1781104800000,1781119200000,4115.368,4082.8968571428572,4233.187571428572,4082.8968571428572,3.628439317547848,-1.0,STOP
swing_baseline,1781119500000,2026,0.4338679431305149,1781119800000,1781129700000,4084.578,4049.5859285714287,4208.681285714286,4049.5859285714287,3.5466115793577906,-1.0,STOP
swing_baseline,1781130000000,2026,0.4323296760568008,1781130300000,1781199600000,4038.098,4005.283785714286,4157.439857142857,4157.439857142857,3.6368951608514872,3.6368951608514872,TARGET
swing_baseline,1781556900000,2026,0.5021222818334625,1781560800000,1781717400000,4308.898,4289.675214285715,4372.824142857143,4372.824142857143,3.3255400027497832,3.3255400027497832,TARGET
swing_baseline,1781719200000,2026,0.4968532405280806,1781719500000,1781719500000,4316.315,4300.1507142857145,4380.122142857143,4300.1507142857145,3.947414935925963,-1.0,STOP
swing_baseline,1781719800000,2026,0.5575161302344318,1781720100000,1781723400000,4284.285,4260.9007142857145,4340.872142857143,4260.9007142857145,2.4198790396481793,-1.0,STOP
swing_baseline,1781723700000,2026,0.4404627769785992,1781724000000,1781800500000,4243.535,4217.685714285715,4331.232142857143,4217.685714285715,3.392633120561654,-1.0,STOP
swing_baseline,1781801400000,2026,0.5409094694723499,1781801700000,1781826300000,4217.325,4193.326142857143,4298.820428571428,4193.326142857143,3.3958045621220694,-1.0,STOP
swing_baseline,1781826900000,2026,0.45555166807420505,1781827200000,1781838300000,4187.998,4167.405928571428,4264.101285714285,4167.405928571428,3.6957566886007003,-1.0,STOP
swing_baseline,1781838600000,2026,0.42350974497738175,1781838900000,1781841300000,4165.975,4147.170214285715,4240.994142857143,4147.170214285715,3.9893644095158245,-1.0,STOP
swing_baseline,1781841600000,2026,0.45256980495460103,1781841900000,1781845200000,4144.025,4123.933071428572,4218.792714285713,4123.933071428572,3.7212811114627353,-1.0,STOP
swing_baseline,1781845500000,2026,0.5278983977324188,1781845800000,1782089700000,4124.155,4102.575357142858,4196.888571428571,4196.888571428571,3.3704715091936204,3.3704715091936204,TARGET
swing_baseline,1782143100000,2026,0.4418302148295637,1782143400000,1782179100000,4169.915,4152.439571428571,4238.816714285715,4152.439571428571,3.942776796808529,-1.0,STOP
swing_baseline,1782179400000,2026,0.4914385450626303,1782179700000,1782184500000,4156.885,4134.6107142857145,4210.082142857143,4134.6107142857145,2.3882760389943325,-1.0,STOP
swing_baseline,1782184800000,2026,0.4739414366995373,1782185100000,1782195000000,4135.415,4112.4358571428575,4202.696571428572,4112.4358571428575,2.9279408656297545,-1.0,STOP
swing_baseline,1782196800000,2026,0.4657975550897825,1782197100000,1782201600000,4113.275,4092.055928571428,4184.801285714285,4092.055928571428,3.3708490003937963,-1.0,STOP
swing_baseline,1782201900000,2026,0.4567526667978575,1782202200000,1782262800000,4094.035,4072.3780714285717,4163.212714285714,4072.3780714285717,3.1942532412920412,-1.0,STOP
swing_baseline,1782263100000,2026,0.5245170802655058,1782263400000,1782270900000,4077.035,4050.9590000000003,4137.438999999999,4050.9590000000003,2.3164595796901573,-1.0,STOP
swing_baseline,1782299100000,2026,0.45460174139334697,1782299400000,1782303900000,4049.095,4027.544785714286,4128.495857142858,4027.544785714286,3.6844578940216968,-1.0,STOP
swing_baseline,1782305100000,2026,0.4203181339381754,1782305400000,1782306000000,4004.155,3981.5097857142855,4088.0858571428575,3981.5097857142855,3.7063397185781333,-1.0,STOP
swing_baseline,1782306600000,2026,0.43288293434561603,1782306900000,1782478800000,3971.365,3942.2176428571424,4064.2044285714287,4064.2044285714287,3.1851748381989937,3.1851748381989937,TARGET
swing_baseline,1782709200000,2026,0.5513488698585345,1782709500000,1782726900000,4054.395,4028.2871428571425,4122.326428571429,4028.2871428571425,2.6019534349265068,-1.0,STOP
swing_baseline,1782741600000,2026,0.48927334533586775,1782741900000,1782742500000,4026.965,4004.349,4094.479,4004.349,2.9852316943756505,-1.0,STOP
swing_baseline,1782779700000,2026,0.43987228404454504,1782780000000,1782781200000,3995.665,3978.993785714286,4058.749857142857,3978.993785714286,3.7840589210658537,-1.0,STOP
swing_baseline,1782781500000,2026,0.7064042896285626,1782781800000,1782800700000,3963.395,3925.263214285714,4006.5871428571427,4006.5871428571427,1.132707059165107,1.132707059165107,TARGET
swing_baseline,1782852900000,2026,0.49028731314763385,1782856800000,1782867900000,4009.785,3989.8137857142856,4071.369857142857,3989.8137857142856,3.0836811553772163,-1.0,STOP
swing_baseline,1782868200000,2026,0.5388515980921045,1782868500000,1782889500000,3984.135,3962.7752142857144,4042.174142857143,3962.7752142857144,2.717215595394533,-1.0,STOP
swing_baseline,1782890100000,2026,0.5700792952110944,1782890400000,1782904200000,3969.995,3946.982142857143,4011.596428571429,4011.596428571429,1.8077472220498376,1.8077472220498376,TARGET
swing_baseline,1783314000000,2026,0.4624280218698418,1783314300000,1783330200000,4153.765,4137.1164285714285,4219.859285714285,4137.1164285714285,3.969967393169564,-1.0,STOP
swing_baseline,1783341600000,2026,0.43100657813243315,1783341900000,1783451100000,4133.235,4113.529285714286,4202.307857142857,4113.529285714286,3.505219660722134,-1.0,STOP
swing_baseline,1783451400000,2026,0.4557291495882228,1783451700000,1783498500000,4105.645,4086.835714285714,4166.782142857142,4086.835714285714,3.2503702578511833,-1.0,STOP
swing_baseline,1783499100000,2026,0.4884334668835855,1783499400000,1783500000000,4088.295,4063.844285714286,4146.947857142857,4063.844285714286,2.3988197832374247,-1.0,STOP
swing_baseline,1783500900000,2026,0.4389409117584959,1783501200000,1783523700000,4056.375,4030.8192857142853,4135.847857142857,4030.8192857142853,3.109788137961818,-1.0,STOP
swing_baseline,1783524000000,2026,0.42400423755129507,1783524300000,1783598700000,4025.935,4002.7328571428575,4118.793571428571,4118.793571428571,4.002154973370753,4.002154973370753,TARGET
swing_baseline,1783662300000,2026,0.5406936636036843,1783662600000,1783673100000,4111.465,4095.800714285714,4156.572142857142,4095.800714285714,2.879616963064192,-1.0,STOP
swing_baseline,1783674000000,2026,0.518978553288455,1783674300000,1783693800000,4098.265,4082.9357142857143,4139.3321428571435,4082.9357142857143,2.6789991146730947,-1.0,STOP
swing_baseline,1783896300000,2026,0.6093665014760475,1783896600000,1783912200000,4077.965,4054.275,4128.075,4054.275,2.1152384972562075,-1.0,STOP
swing_baseline,1783915800000,2026,0.4651333083981747,1783916100000,1783951500000,4054.225,4032.0085714285715,4132.790714285714,4032.0085714285715,3.536379127415371,-1.0,STOP
swing_baseline,1783952100000,2026,0.5971701350906733,1783952400000,1783961700000,4021.255,3988.4577142857142,4079.5041428571426,3988.4577142857142,1.7760354733187658,-1.0,STOP
swing_baseline,1783987500000,2026,0.6133834196842642,1783987800000,1784032200000,3994.775,3966.061428571428,4052.1792857142855,4052.1792857142855,1.9992039602974776,1.9992039602974776,TARGET
swing_baseline,1784085900000,2026,0.4779377546845724,1784086200000,1784205600000,4030.715,4009.6314285714284,4110.499285714285,4009.6314285714284,3.7841921604498188,-1.0,STOP
swing_baseline,1784205900000,2026,0.4296230597349029,1784206200000,1784206800000,3999.405,3987.6121428571428,4044.176428571429,3987.6121428571428,3.79648697758926,-1.0,STOP
swing_baseline,1784207100000,2026,0.4710958970792538,1784207400000,1784547000000,3983.805,3958.8821428571428,4031.0964285714285,4031.0964285714285,1.8975123237418414,1.8975123237418414,TARGET
swing_baseline,1784790300000,2026,0.43917210481818486,1784790600000,1784792400000,4110.375,4096.192071428572,4162.756714285715,4096.192071428572,3.6932932448971334,-1.0,STOP
swing_baseline,1784792700000,2026,0.44077054177497677,1784793000000,1784806800000,4092.895,4077.7920714285715,4144.356714285715,4077.7920714285715,3.4073997001528005,-1.0,STOP
swing_baseline,1784808900000,2026,0.5229447098724435,1784809200000,1784811600000,4077.455,4056.940642857143,4133.462428571428,4056.940642857143,2.7301576247993435,-1.0,STOP
swing_baseline,1784811900000,2026,0.4396507651804522,1784812200000,1784861100000,4046.905,4028.726428571428,4107.669285714286,4028.726428571428,3.3426326129665074,-1.0,STOP
swing_baseline,1784861400000,2026,0.4109410980692701,1784861700000,1784906100000,4025.245,4012.515,4076.415,4076.415,4.019638648860958,4.019638648860958,TARGET
swing_baseline,1785157800000,2026,0.5418494680862332,1785158100000,1785162300000,4084.765,4067.068571428571,4134.800714285714,4067.068571428571,2.8274470232088245,-1.0,STOP
swing_baseline,1785162600000,2026,0.49967967775468664,1785162900000,1785201600000,4067.615,4052.322857142857,4121.433571428572,4052.322857142857,3.5193610163950613,-1.0,STOP
swing_baseline,1785201900000,2026,0.41494513941645406,1785202200000,1785231300000,4046.875,4033.6764285714285,4095.869285714286,4033.6764285714285,3.7120900530360315,-1.0,STOP
swing_baseline,1785232200000,2026,0.4820104124803075,1785232500000,1785234300000,4029.825,4017.335,4070.7349999999997,4017.335,3.2754203362690606,-1.0,STOP
swing_baseline,1785248400000,2026,0.5660654027903615,1785248700000,1785334200000,4017.245,3998.3142857142857,4063.417857142857,3998.3142857142857,2.439044636456258,-1.0,STOP
swing_baseline,1785483000000,2026,0.4603981893842386,1785483300000,1785486600000,4069.615,4055.9799999999996,4121.455,4055.9799999999996,3.8019801980197516,-1.0,STOP
swing_baseline,1785489600000,2026,0.46720114510058247,1785489900000,1785502800000,4052.465,4038.5207857142855,4103.941857142858,4038.5207857142855,3.6916283763362503,-1.0,STOP
swing_baseline,1785503100000,2026,0.4583590876655328,1785503400000,1785505500000,4036.435,4022.3486428571427,4085.930428571429,4022.3486428571427,3.513713877155716,-1.0,STOP
swing_baseline,1785506700000,2026,0.5700724527627894,1785507000000,1785708000000,4026.915,4006.738642857143,4075.7704285714285,4081.935,2.4214196956126455,2.72695410823846,TARGET_GAP
swing_baseline,1785756000000,2026,0.5121333815641653,1785756300000,1785763800000,4047.295,4029.5914285714284,4108.059285714286,4029.5914285714284,3.4323179342343613,-1.0,STOP
swing_baseline,1785764100000,2026,0.5722780501566648,1785764400000,1785843900000,4026.445,4004.3864285714285,4077.029285714286,4077.029285714286,2.2931804934913274,2.2931804934913274,TARGET
swing_baseline,1786021500000,2026,0.49903322471690487,1786021800000,1786091700000,4231.455,4208.815,4315.914999999999,4315.914999999999,3.7305653710246425,3.7305653710246425,TARGET
swing_baseline,1786434900000,2026,0.43444185483268155,1786435200000,1786538400000,4357.335,4336.331999999999,4436.297,4436.297,3.7595581583581983,3.7595581583581983,TARGET
swing_baseline,1786593600000,2026,0.43237783197780005,1786593900000,1786602000000,4395.845,4374.5771428571425,4474.3664285714285,4374.5771428571425,3.692023509655624,-1.0,STOP
swing_baseline,1786602600000,2026,0.4345386205861777,1786602900000,1786637700000,4371.775,4351.217142857143,4443.606428571428,4351.217142857143,3.494110698030005,-1.0,STOP
swing_baseline,1786648200000,2026,0.42635008953945447,1786648500000,1786669800000,4346.625,4326.8892857142855,4423.017857142858,4326.8892857142855,3.8707926167209474,-1.0,STOP
swing_baseline,1786670100000,2026,0.5112542195668554,1786670400000,1786714500000,4322.455,4298.2185714285715,4394.100714285715,4394.100714285715,2.956116825322037,2.956116825322037,TARGET
swing_baseline,1787025300000,2026,0.4724434388262502,1787025600000,1787064600000,4391.475,4373.12,4458.695,4373.12,3.6622173794605075,-1.0,STOP
swing_baseline,1787064900000,2026,0.4633103026761507,1787065200000,1787082300000,4366.515,4347.3,4427.624999999999,4347.3,3.1803278688523706,-1.0,STOP
swing_baseline,1787082600000,2026,0.5019628750560065,1787082900000,1787101200000,4345.165,4326.525714285714,4402.572142857142,4326.525714285714,3.0799003640542755,-1.0,STOP
swing_baseline,1787226000000,2026,0.4858983506425222,1787226300000,1787227200000,4474.715,4459.311428571428,4532.6792857142855,4459.311428571428,3.7630419661487062,-1.0,STOP
swing_baseline,1787227500000,2026,0.5796891101126493,1787227800000,1787237700000,4456.825,4435.227857142857,4510.913571428571,4510.913571428571,2.504431803148559,2.504431803148559,TARGET
swing_baseline,1787594700000,2026,0.5395727611602364,1787595000000,1787750100000,4631.785,4603.499285714286,4710.3778571428575,4603.499285714286,2.778535353535421,-1.0,STOP
swing_baseline,1787755800000,2026,0.4533776882282493,1787756100000,1787756700000,4607.485,4589.112857142857,4673.273571428571,4589.112857142857,3.580887212783381,-1.0,STOP
swing_baseline,1787757000000,2026,0.4495385126601248,1787757300000,1787824800000,4588.855,4570.259285714285,4657.037857142857,4570.259285714285,3.666589844050145,-1.0,STOP
swing_baseline,1787838300000,2026,0.5901479367724987,1787838600000,1787926200000,4576.865,4545.319285714286,4639.847857142858,4545.319285714286,1.9965582827642867,-1.0,STOP
swing_baseline,1787927100000,2026,0.7399954980525444,1787927400000,1787933100000,4551.855,4512.082142857143,4598.996428571429,4512.082142857143,1.1852663338242329,-1.0,STOP
swing_baseline,1787933400000,2026,0.43857480869765686,1787933700000,1787934000000,4497.775,4471.372142857143,4599.786428571429,4471.372142857143,3.863651120008811,-1.0,STOP
swing_baseline,1787938800000,2026,0.5025712507475625,1787939100000,1788141600000,4467.115,4430.637857142857,4577.223571428572,4430.637857142857,3.0185634839821405,-1.0,STOP
swing_baseline,1788143400000,2026,0.44026259957016234,1788143700000,1788251400000,4411.075,4376.439285714286,4546.9178571428565,4376.439285714286,3.9220457826355997,-1.0,STOP
swing_baseline,1788251700000,2026,0.5081773025101775,1788252000000,1788266100000,4374.485,4354.121428571429,4432.239285714286,4354.121428571429,2.8361570030517447,-1.0,STOP
swing_baseline,1788267600000,2026,0.4490308765079881,1788267900000,1788307200000,4339.315,4317.107857142857,4415.893571428572,4317.107857142857,3.4483756834995924,-1.0,STOP
swing_baseline,1788310200000,2026,0.503497162468644,1788310500000,1788313800000,4314.645,4296.085714285714,4387.432142857143,4296.085714285714,3.921871993226157,-1.0,STOP
swing_baseline,1788314100000,2026,0.47793394863662564,1788314400000,1788356100000,4290.765,4267.751428571429,4367.569285714287,4367.569285714287,3.3373475278562386,3.3373475278562386,TARGET
swing_baseline,1788499800000,2026,0.5045446075225072,1788500100000,1788525000000,4472.625,4452.773571428572,4520.430714285714,4452.773571428572,2.4081750143926732,-1.0,STOP
swing_baseline,1788526800000,2026,0.5482933458352719,1788527100000,1788534900000,4379.215,4345.3435714285715,4445.1507142857145,4445.1507142857145,1.946646984394768,1.946646984394768,TARGET
swing_baseline,1788760800000,2026,0.5277296403920785,1788761100000,1788893100000,4387.375,4368.068571428572,4452.4007142857145,4368.068571428572,3.3680861297126197,-1.0,STOP
swing_baseline,1788893400000,2026,0.5685029371811328,1788893700000,1788960300000,4375.735,4340.602142857143,4427.966428571429,4427.966428571429,1.4866832025373455,1.4866832025373455,TARGET
swing_baseline,1789033200000,2026,0.52841854223409,1789033500000,1789041600000,4392.905,4372.632857142858,4450.3435714285715,4372.632857142858,2.8333744406470247,-1.0,STOP
swing_baseline,1789041900000,2026,0.4463505483063837,1789042200000,1789043400000,4372.125,4353.356928571428,4435.047285714286,4353.356928571428,3.3526239472051467,-1.0,STOP
swing_baseline,1789043700000,2026,0.38412273414908715,1789044000000,1789096800000,4326.923,4307.576928571429,4389.267285714286,4307.576928571429,3.2225811811184353,-1.0,STOP
swing_baseline,1789098300000,2026,0.44367022256878136,1789098600000,1789131300000,4302.844,4280.763,4387.843,4387.843,3.84941805171864,3.84941805171864,TARGET
swing_baseline,1789368900000,2026,0.4879260273141306,1789369200000,1789376100000,4321.955,4304.318928571429,4385.049285714285,4304.318928571429,3.5775703205686935,-1.0,STOP
swing_baseline,1789377300000,2026,0.5510525514141645,1789377600000,1789390200000,4292.755,4270.484428571428,4350.4872857142855,4270.484428571428,2.592312725313258,-1.0,STOP
swing_baseline,1789390500000,2026,0.5224484430463467,1789390800000,1789528800000,4270.888,4246.993857142857,4340.2495714285715,4340.2495714285715,2.9028692028531125,2.9028692028531125,TARGET
swing_baseline,1789581600000,2026,0.6536134816395294,1789581900000,1789583400000,4324.175,4297.704285714286,4375.857857142857,4297.704285714286,1.9524541946625626,-1.0,STOP
swing_baseline,1789583700000,2026,0.7825347198291299,1789584000000,1789585800000,4290.795,4245.304285714286,4323.457857142857,4245.304285714286,0.7180115251150289,-1.0,STOP
swing_baseline,1789701300000,2026,0.4860585592377989,1789701600000,1790055300000,4336.945,4319.623571428572,4404.730714285714,4319.623571428572,3.9134020618559275,-1.0,STOP
swing_baseline,1790057100000,2026,0.48809497235924093,1790057400000,1790063700000,4318.685,4299.3395,4377.717,4299.3395,3.0514589956319638,-1.0,STOP
swing_baseline,1790064000000,2026,0.46111387240101737,1790064300000,1790105400000,4304.985,4283.0809285714295,4362.351285714286,4362.351285714286,2.618978206921912,2.618978206921912,TARGET
swing_baseline,1790147400000,2026,0.4674983040119164,1790147700000,1790156700000,4324.695,4310.851428571429,4377.919285714286,4310.851428571429,3.8446932562822056,-1.0,STOP
swing_baseline,1790162400000,2026,0.4692608018788631,1790162700000,1790170800000,4305.395,4292.556428571429,4349.3492857142855,4292.556428571429,3.4236118838321588,-1.0,STOP
swing_baseline,1790171100000,2026,0.5314340129367148,1790171400000,1790237700000,4284.595,4267.990714285714,4331.062142857142,4267.990714285714,2.798502968252401,-1.0,STOP
swing_baseline,1790238000000,2026,0.4415019200315412,1790238300000,1790244900000,4265.625,4249.421428571429,4321.439285714285,4249.421428571429,3.44456689442362,-1.0,STOP
swing_baseline,1790245200000,2026,0.4245859167511758,1790245500000,1790331600000,4247.515,4232.019285714286,4308.147857142857,4308.147857142857,3.9128791370884572,3.9128791370884572,TARGET
swing_baseline,1790345100000,2026,0.5134739510502706,1790345400000,1790555400000,4266.115,4237.944285714286,4320.247857142856,4237.944285714286,1.921600446258783,-1.0,STOP
swing_baseline,1790557200000,2026,0.4729049336104294,1790557500000,1790563800000,4226.875,4200.107285714285,4292.645857142857,4200.107285714285,2.457096502182746,-1.0,STOP
swing_baseline,1790564100000,2026,0.4551668008898026,1790564400000,1790576400000,4196.475,4173.545857142857,4274.491571428571,4173.545857142857,3.4025071026266245,-1.0,STOP
swing_baseline,1790576700000,2026,0.43729504018006143,1790577000000,1790583600000,4169.575,4150.235142857143,4244.734428571429,4150.235142857143,3.8862452817645834,-1.0,STOP
swing_baseline,1790583900000,2026,0.4698938777602752,1790584200000,1790606400000,4144.765,4125.105857142857,4215.101571428571,4125.105857142857,3.577804583835771,-1.0,STOP
swing_baseline,1790606700000,2026,0.4876094964981676,1790607000000,1790751000000,4115.405,4094.95,4189.925,4189.925,3.6431190417991055,3.6431190417991055,TARGET
