signal_t,entry_t,exit_t,setup,entry_px,stop_px,target_px,planned_rr,atr_signal,qty,exit_px,exit_kind,pnl_cash,pnl_r,position48,eff48,ema_gap_atr,signal,year
1520560800000,1520564400000,1520600400000,BULL_PULLBACK,1318.329,1316.1802857142857,1334.47125,7.5125157901736035,2.5508571428571423,46.539458812579134,1316.1802857142857,STOP,-100.0,-1.0,0.06376737661012588,0.3437382615881618,0.9840311573301653,2018-03-09 02:00:00+00:00,2018
1521129600000,1521133200000,1521136800000,BULL_PULLBACK,1316.889,1315.09375,1326.46175,5.332265701156159,1.9770000000000079,55.70254839159213,1315.09375,STOP,-100.0,-1.0,0.07215252675595771,0.13795440138151235,0.29116454624254995,2018-03-15 16:00:00+00:00,2018
1521162000000,1521165600000,1521205200000,RANGE_LOW,1315.649,1313.0472857142859,1326.2417500000001,4.071450142763519,2.33485714285715,38.43619591478532,1313.0472857142859,STOP,-100.0,-1.0,0.0432984188404754,0.2184565128623886,-0.3749234887141618,2018-03-16 01:00:00+00:00,2018
1521212400000,1521216000000,1521435600000,RANGE_LOW,1313.059,1309.0815178571427,1323.3445000000002,2.585932414170791,2.149928571428664,25.14153336416066,1309.0815178571427,STOP,-100.0,-1.0,0.18345244639911926,0.21661406902168528,-1.011910231518697,2018-03-16 15:00:00+00:00,2018
1522220400000,1522224000000,1522231200000,BULL_PULLBACK,1341.882,1338.3546785714284,1352.5455,3.023115476129971,2.213285714285754,28.350124031790717,1338.3546785714284,STOP,-100.0,-1.0,0.12097819681792031,0.11325699106148991,4.905433044381837,2018-03-28 07:00:00+00:00,2018
1522893600000,1522897200000,1522900800000,BULL_PULLBACK,1330.868,1329.0594642857143,1343.4135,6.936827346511911,3.1261428571428787,55.29335097454716,1329.0594642857143,STOP,-100.0,-1.0,0.0972005411593262,0.1374719437899929,0.39582253970402903,2018-04-05 02:00:00+00:00,2018
1522911600000,1522915200000,1522933200000,BULL_PULLBACK,1326.639,1323.9335714285714,1342.6480000000001,5.9173619178374945,2.0217142857142756,36.96272045622715,1323.9335714285714,STOP,-100.0,-1.0,0.031418312387783615,0.1748763410657276,0.10225958366014422,2018-04-05 07:00:00+00:00,2018
1522933200000,1522936800000,1522998000000,RANGE_LOW,1327.128,1322.0630535714286,1342.2732500000002,2.9902093168381545,2.695785714285713,19.743545447173886,1322.0630535714286,STOP,-100.0,-1.0,0.11308297237057283,0.14140982116603165,-0.3164751954574059,2018-04-05 13:00:00+00:00,2018
1524200400000,1524204000000,1524207600000,BULL_PULLBACK,1342.961,1340.6323750000001,1351.96625,3.8671963068336113,2.342500000000005,42.943797305279034,1340.6323750000001,STOP,-100.0,-1.0,0.1378281218205205,0.0277154258635744,1.1996109947949198,2018-04-20 05:00:00+00:00,2018
1524232800000,1524236400000,1524434400000,RANGE_LOW,1337.488,1334.329,1350.7145,4.186926242481654,2.683999999999969,31.65558721114171,1334.171,FAILURE_2_CLOSES,-105.00158277935729,-1.050015827793573,0.07934177215189911,0.2705662854576233,0.42341127735825523,2018-04-20 14:00:00+00:00,2018
1525788000000,1525791600000,1525802400000,RANGE_LOW,1307.818,1305.4056071428572,1315.72125,3.2761040460717625,2.4895714285714154,41.45261817697445,1315.72125,TARGET,327.61040460717624,3.2761040460717625,0.11759135032752191,0.07257726192140612,-1.4548705754856073,2018-05-08 14:00:00+00:00,2018
1526335200000,1526338800000,1526356800000,BULL_PULLBACK,1313.902,1312.0911428571428,1322.66275,4.83790233512121,2.071428571428604,55.22246765540913,1312.0911428571428,STOP,-100.0,-1.0,0.07357368949277977,0.1270395472490389,0.8282353863765094,2018-05-14 22:00:00+00:00,2018
1526360400000,1526364000000,1526371200000,BULL_PULLBACK,1311.999,1310.2374642857144,1322.21525,5.799626948888195,1.694142857142895,56.76864748697639,1310.2374642857144,STOP,-100.0,-1.0,0.056976192091171135,0.22790118904968049,0.36890227348447124,2018-05-15 05:00:00+00:00,2018
1527577200000,1527580800000,1527580800000,RANGE_LOW,1297.148,1295.5643392857144,1304.6805,4.7563849579979385,1.698642857142886,63.14483847325485,1304.6805,TARGET,475.6384957997939,4.7563849579979385,0.13809910641753254,0.12489192045345561,0.22966490489816896,2018-05-29 07:00:00+00:00,2018
1528095600000,1528099200000,1528174800000,RANGE_LOW,1292.808,1289.8680357142857,1302.1264999999999,3.169596326485958,1.7278571428571143,34.01401863482327,1289.8680357142857,STOP,-100.0,-1.0,0.2108237213095744,0.20810239642728673,-1.21162077964502,2018-06-04 07:00:00+00:00,2018
1528876800000,1528880400000,1528912800000,RANGE_LOW,1294.349,1291.1159642857144,1299.96125,1.735907207953756,1.172142857142863,30.93068213200972,1299.96125,TARGET,173.5907207953756,1.735907207953756,0.12579245912577688,0.11504951566643606,-0.48848569957602545,2018-06-13 08:00:00+00:00,2018
1529082000000,1529085600000,1529406000000,RANGE_LOW,1278.669,1274.4050535714287,1300.871,5.206913447887375,3.7717857142856537,23.452452247037996,1274.4050535714287,STOP,-100.0,-1.0,0.08931547619047572,0.27949466401025264,-0.3442685183143347,2018-06-15 17:00:00+00:00,2018
1531213200000,1531216800000,1531216800000,BULL_PULLBACK,1252.908,1251.7049464285712,1262.51825,7.988214513662746,1.7762142857142666,83.12181799289924,1251.7049464285712,STOP,-100.00000000000001,-1.0000000000000002,0.03283827151280381,0.09158859100464672,0.1530965018571524,2018-07-10 09:00:00+00:00,2018
1534132800000,1534136400000,1534143600000,RANGE_LOW,1208.239,1206.5534107142855,1214.34625,3.623213585752704,2.4583571428571043,59.32643310414165,1206.5534107142855,STOP,-100.0,-1.0,0.22046495549218972,0.11484632272227915,-1.3251901684468737,2018-08-13 04:00:00+00:00,2018
1535068800000,1535072400000,1535115600000,RANGE_LOW,1186.218,1182.5246607142856,1197.1332499999999,2.95538783621071,2.3733571428571003,27.075768637555413,1197.1332499999999,TARGET,295.53878362107093,2.9553878362107096,0.13401887112266578,0.23675164709252333,-0.8885504959921635,2018-08-24 00:00:00+00:00,2018
1535482800000,1535486400000,1535634000000,BULL_PULLBACK,1201.131,1198.8851785714285,1210.75625,4.2858483214854965,2.855285714285677,44.52713770016961,1198.8851785714285,STOP,-100.00000000000001,-1.0000000000000002,0.059148661259067314,0.12234766050054299,2.642188815916288,2018-08-28 19:00:00+00:00,2018
1535936400000,1535940000000,1536040800000,BULL_PULLBACK,1198.889,1194.9204464285713,1205.5439999999999,1.6769333915289084,2.9102142857142974,25.19809754363509,1194.9204464285713,STOP,-100.0,-1.0,0.2411450381679313,0.11551537750481804,0.5921256053465938,2018-09-03 01:00:00+00:00,2018
1536048000000,1536051600000,1536058800000,RANGE_LOW,1195.689,1193.1804107142857,1205.08875,3.74702628825229,1.8703571428571715,39.8630419772054,1193.1804107142857,STOP,-100.0,-1.0,0.1213055425239707,0.11385254130578668,0.0802592000637642,2018-09-04 08:00:00+00:00,2018
1537142400000,1537146000000,1537326000000,BULL_PULLBACK,1193.788,1192.1156607142857,1207.67625,8.30468441340706,2.5693571428571595,59.79647841453803,1199.308,48H_TIMEOUT,330.07656084824885,3.3007656084824886,0.04718463331813087,0.26855821187167483,0.5501721474351668,2018-09-17 00:00:00+00:00,2018
1537534800000,1537538400000,1537898400000,BULL_PULLBACK,1196.499,1191.13175,1207.13125,1.9809492756998202,2.6290000000000027,18.631515207974243,1200.539,48H_TIMEOUT,75.27132144021526,0.7527132144021526,0.06435611673001543,0.12525109299302645,1.1298988555810114,2018-09-21 13:00:00+00:00,2018
1537966800000,1537970400000,1537984800000,RANGE_LOW,1196.289,1193.3809999999999,1201.6454999999999,1.8419876203575072,1.8720000000000223,34.38789546079627,1193.3809999999999,STOP,-100.0,-1.0,0.21263791374123495,0.06843267108167642,-0.3323809539456053,2018-09-26 13:00:00+00:00,2018
1538060400000,1538064000000,1538118000000,RANGE_LOW,1184.082,1181.3422857142857,1198.12375,5.125260715402805,2.6308571428571343,36.50015642924033,1181.3422857142857,STOP,-99.99999999999999,-0.9999999999999999,0.07147368932510618,0.2977677027701971,-1.271603942975058,2018-09-27 15:00:00+00:00,2018
1538625600000,1538629200000,1538654400000,BULL_PULLBACK,1196.592,1195.4898035714286,1203.47625,6.245937494936731,1.9127857142857303,90.72792962104627,1203.47625,TARGET,624.5937494936732,6.245937494936731,0.3914197948664543,0.09441960707478987,1.043451379796282,2018-10-04 04:00:00+00:00,2018
1538985600000,1538989200000,1539000000000,BULL_PULLBACK,1194.432,1192.4618035714286,1203.48175,4.59332372587942,1.9207857142857523,50.7563604064142,1192.4618035714286,STOP,-100.0,-1.0,0.04735657169475377,0.04718383767710042,0.8121819772033595,2018-10-08 08:00:00+00:00,2018
1539752400000,1539756000000,1539842400000,BULL_PULLBACK,1222.612,1220.1265178571427,1230.1057500000002,3.015008585571731,1.689928571428579,40.23364250971402,1220.1265178571427,STOP,-100.0,-1.0,0.15180780589033796,0.024764645919530797,7.6511700069735955,2018-10-17 05:00:00+00:00,2018
1540209600000,1540213200000,1540213200000,BULL_PULLBACK,1222.918,1220.9428928571429,1228.32875,2.7394716380667954,1.7804285714285666,50.63016472885999,1220.9428928571429,STOP,-100.0,-1.0,0.19189105540081816,0.0059976216328000665,3.856584500770296,2018-10-22 12:00:00+00:00,2018
1540479600000,1540483200000,1540537200000,BULL_PULLBACK,1229.688,1227.5909285714285,1236.17875,3.095149698559,2.5882857142857216,47.68554787288112,1236.17875,TARGET,309.5149698559,3.095149698559,0.2907379891035265,0.11138094712440506,2.603420879651109,2018-10-25 15:00:00+00:00,2018
1540972800000,1540976400000,1540990800000,RANGE_LOW,1217.433,1214.0514464285714,1230.3847500000002,3.8301182360178654,2.2742142857142653,29.572206350630715,1214.0514464285714,STOP,-100.0,-1.0,0.10218576501775116,0.3285376315131462,-0.687449031411438,2018-10-31 08:00:00+00:00,2018
1541660400000,1541664000000,1541682000000,RANGE_LOW,1224.965,1220.8891607142857,1232.993,1.9696556800308853,1.9153571428571792,24.534824115980076,1220.8891607142857,STOP,-100.0,-1.0,0.16423357664233795,0.09583318063546765,0.07571272119050361,2018-11-08 07:00:00+00:00,2018
1541736000000,1541739600000,1541768400000,RANGE_LOW,1218.995,1217.1026250000002,1231.8897499999998,6.8140564105962875,2.609499999999993,52.843648853962456,1217.1026250000002,STOP,-100.0,-1.0,0.03809418649587775,0.16258499640665888,-0.78208097169582,2018-11-09 04:00:00+00:00,2018
1542974400000,1542978000000,1542978000000,BULL_PULLBACK,1222.808,1220.4503928571428,1227.48225,1.9826246345416414,1.7104285714286138,42.41588777967864,1220.4503928571428,STOP,-100.0,-1.0,0.29981700857170807,0.06691162765928783,2.471627915807633,2018-11-23 12:00:00+00:00,2018
1543251600000,1543255200000,1543280400000,BULL_PULLBACK,1222.388,1221.4801428571427,1226.82575,4.888158929976089,1.7394285714286102,110.14948859165192,1221.4801428571427,STOP,-100.0,-1.0,0.24323398424116327,0.13743504349573973,1.729469450422591,2018-11-26 17:00:00+00:00,2018
1543305600000,1543309200000,1543330800000,BULL_PULLBACK,1221.105,1219.0900714285713,1226.27725,2.566964443971587,1.5397142857142885,49.62955085256028,1219.0900714285713,STOP,-100.0,-1.0,0.16170982698179934,0.14920353520869975,1.226921345775454,2018-11-27 08:00:00+00:00,2018
1543338000000,1543341600000,1543413600000,RANGE_LOW,1213.095,1211.198,1224.07725,5.78927253558271,2.548000000000002,52.71481286241616,1211.198,STOP,-100.0,-1.0,0.046382786832443526,0.199393808183594,0.30708408729392833,2018-11-27 17:00:00+00:00,2018
1544706000000,1544709600000,1544767200000,BULL_PULLBACK,1242.418,1240.0430714285715,1247.30825,2.059114559836575,1.8277142857142994,42.10652951968736,1240.0430714285715,STOP,-100.0,-1.0,0.17798511869609748,0.12760684950577839,2.984691262243358,2018-12-13 13:00:00+00:00,2018
1544796000000,1544799600000,1545062400000,BULL_PULLBACK,1234.855,1232.4662857142857,1243.92975,3.799010226661082,1.566857142857186,41.86352490879731,1243.92975,TARGET,379.90102266610813,3.7990102266610815,0.05079658277534622,0.23938938360124845,1.5744633757355706,2018-12-14 14:00:00+00:00,2018
1545253200000,1545260400000,1545296400000,BULL_PULLBACK,1243.115,1240.7686607142857,1253.2782499999998,4.33153468549023,3.3453571428571456,42.61958217588174,1253.2782499999998,TARGET,433.15346854902305,4.33153468549023,0.1847971347623832,0.049762380329222734,1.4300981543289724,2018-12-19 21:00:00+00:00,2018
1546923600000,1546927200000,1546952400000,BULL_PULLBACK,1282.968,1281.1761785714286,1293.04475,5.623746785991847,2.2472857142857134,55.80913276594018,1281.1761785714286,STOP,-100.0,-1.0,0.29140308560506223,0.16349161216946106,4.054917658774422,2019-01-08 05:00:00+00:00,2019
1547154000000,1547161200000,1547179200000,BULL_PULLBACK,1286.565,1285.498,1292.5922500000001,5.6487816307404435,2.1480000000000246,93.72071227741267,1292.5922500000001,TARGET,564.8781630740444,5.648781630740444,0.39371857877196165,0.1028017085354376,2.9399017029295567,2019-01-10 21:00:00+00:00,2019
1547571600000,1547575200000,1547650800000,BULL_PULLBACK,1287.905,1286.0985178571427,1293.5857500000002,3.144647746705747,2.265928571428552,55.356207308993135,1293.5857500000002,TARGET,314.46477467057474,3.1446477467057474,0.11456573166608436,0.07401436318334999,1.8527011978914845,2019-01-15 17:00:00+00:00,2019
1548064800000,1548068400000,1548072000000,RANGE_LOW,1278.895,1277.0778214285715,1290.888,6.599791670761467,1.5607142857142466,55.030364969244566,1277.0778214285715,STOP,-100.0,-1.0,0.07319413092550922,0.345756191392163,-1.0219924961447038,2019-01-21 10:00:00+00:00,2019
1548075600000,1548079200000,1548313200000,RANGE_LOW,1278.948,1276.3223928571429,1290.36225,4.347280220901065,1.5824285714285387,38.08642898921206,1281.245,48H_TIMEOUT,87.48452738821241,0.8748452738821242,0.12209206401584052,0.3292549705047018,-1.3719035180436598,2019-01-21 13:00:00+00:00,2019
1549278000000,1549281600000,1549281600000,BULL_PULLBACK,1310.785,1309.9703035714285,1322.2705,14.097889222539141,1.4587857142857306,122.7451066347929,1309.9703035714285,STOP,-100.0,-1.0,0.027467001885614285,0.1994904570512359,7.297767863222394,2019-02-04 11:00:00+00:00,2019
1549281600000,1549285200000,1549288800000,BULL_PULLBACK,1311.078,1309.3919642857145,1322.26975,6.637908026012882,1.4521428571428683,59.31072464996902,1309.3919642857145,STOP,-100.0,-1.0,0.04857663545528249,0.18180816119574197,7.159577147979711,2019-02-04 12:00:00+00:00,2019
1549893600000,1549897200000,1549954800000,BULL_PULLBACK,1306.255,1303.116982142857,1312.4747499999999,1.982063290634816,1.9120714285714453,31.867250140840003,1312.4747499999999,TARGET,198.2063290634816,1.9820632906348161,0.25159621757052003,0.047680258992119286,0.7009620720703931,2019-02-11 14:00:00+00:00,2019
1550761200000,1550764800000,1550768400000,BULL_PULLBACK,1331.995,1329.3145357142857,1341.365,3.495663064767783,2.7418571428571568,37.30696974138462,1329.3145357142857,STOP,-100.0,-1.0,0.31190926275992964,0.05112824907169178,4.560648135728443,2019-02-21 15:00:00+00:00,2019
1550775600000,1550779200000,1550782800000,BULL_PULLBACK,1326.438,1323.2580357142858,1341.0974999999999,4.609957434382621,3.119857142857167,31.446894057660213,1323.2580357142858,STOP,-100.0,-1.0,0.09055330634278658,0.052497805494775625,3.556444825756855,2019-02-21 19:00:00+00:00,2019
1551168000000,1551171600000,1551182400000,BULL_PULLBACK,1325.095,1324.000857142857,1330.1455,4.615942028985084,1.7365714285714213,91.39574356964721,1324.000857142857,STOP,-100.0,-1.0,0.31089023336214344,0.011317433038520333,1.9853400882251468,2019-02-26 08:00:00+00:00,2019
1551279600000,1551283200000,1551283200000,BULL_PULLBACK,1323.438,1321.4900714285714,1329.9632499999998,3.3498404898972307,1.9397142857143308,51.33658465035656,1321.4900714285714,STOP,-100.0,-1.0,0.10409437890355736,0.16029808149675248,0.8815229649059547,2019-02-27 15:00:00+00:00,2019
1553738400000,1553745600000,1553767200000,BULL_PULLBACK,1309.805,1306.4579642857143,1320.20225,3.106405454720009,3.040142857142866,29.877183435235402,1306.4579642857143,STOP,-100.0,-1.0,0.1625154566331015,0.2011734966880127,1.2360428356240698,2019-03-28 02:00:00+00:00,2019
1554987600000,1554991200000,1554994800000,BULL_PULLBACK,1298.628,1294.2088035714285,1306.57975,1.799365592484113,2.1047857142857214,22.628548338215783,1294.2088035714285,STOP,-100.0,-1.0,0.2412238938614849,0.05683474205770938,1.6617911088032205,2019-04-11 13:00:00+00:00,2019
1556694000000,1556697600000,1556733600000,BULL_PULLBACK,1280.688,1277.1854821428572,1285.953,1.5032043274990197,2.0380714285714214,28.55088941118815,1277.1854821428572,STOP,-100.0,-1.0,0.25517890772128665,0.1447447190626855,0.1212831978664278,2019-05-01 07:00:00+00:00,2019
1556766000000,1556769600000,1556776800000,RANGE_LOW,1274.505,1271.8500535714286,1283.641,3.4411240474315496,3.219785714285714,37.66554342635247,1271.8500535714286,STOP,-100.0,-1.0,0.10537073583308994,0.09836624843637454,-0.2545677613759308,2019-05-02 03:00:00+00:00,2019
1556802000000,1556805600000,1557093600000,RANGE_LOW,1269.548,1265.709375,1282.55475,3.388387769057852,1.9424999999999955,26.05099482236415,1282.55475,TARGET,338.8387769057852,3.388387769057852,0.04818431986186925,0.25325959566363476,-1.4425497379860452,2019-05-02 13:00:00+00:00,2019
1557334800000,1557338400000,1557410400000,BULL_PULLBACK,1280.568,1278.7024642857143,1287.795,3.8739542452380067,2.2901428571428175,53.6039054273967,1287.795,TARGET,387.3954245238007,3.873954245238007,0.2502071823204449,0.03301421780182814,1.0715755215456801,2019-05-08 17:00:00+00:00,2019
1558087200000,1558090800000,1558094400000,RANGE_LOW,1285.308,1284.0452142857143,1296.64475,8.977572260874853,1.399142857142806,79.18999943436083,1284.0452142857143,STOP,-100.0,-1.0,0.07553678701005123,0.2062780269058248,1.3260332132487114,2019-05-17 10:00:00+00:00,2019
1559052000000,1559055600000,1559113200000,BULL_PULLBACK,1278.748,1275.5451964285714,1284.68475,1.8536103971408315,2.039214285714333,31.222645338626002,1284.68475,TARGET,185.36103971408315,1.8536103971408315,0.1844678629070542,0.1742876076872057,0.20532855363079897,2019-05-28 14:00:00+00:00,2019
1559181600000,1559188800000,1559192400000,RANGE_LOW,1277.875,1277.0712857142858,1283.9247500000001,7.527239601849059,2.174857142857133,124.42232492001978,1277.0712857142858,STOP,-100.0,-1.0,0.21347565043362454,0.18944768511220042,-0.2145559058752388,2019-05-30 02:00:00+00:00,2019
1559196000000,1559199600000,1559199600000,RANGE_LOW,1277.515,1275.736,1283.9247500000001,3.603007307476135,1.8479999999999888,56.21135469364823,1275.736,STOP,-100.0,-1.0,0.13914037930049034,0.19013255540201462,-0.43354354091810554,2019-05-30 06:00:00+00:00,2019
1560153600000,1560157200000,1560236400000,BULL_PULLBACK,1326.978,1324.3283571428572,1342.56725,5.883528777463154,2.798571428571417,37.74093543604187,1324.3283571428572,STOP,-100.0,-1.0,0.05785197353816556,0.04685131597078528,5.835024448833248,2019-06-10 08:00:00+00:00,2019
1560243600000,1560247200000,1560250800000,BULL_PULLBACK,1322.365,1320.690607142857,1341.6022500000001,11.489089861996343,1.9375714285714107,59.72314058400376,1320.690607142857,STOP,-100.0,-1.0,0.020846757381645518,0.150218124948557,5.667813691060625,2019-06-11 09:00:00+00:00,2019
1560733200000,1560736800000,1560754800000,BULL_PULLBACK,1340.748,1335.0933214285715,1351.493,1.9001964239472795,4.006714285714273,17.684471139574672,1335.0933214285715,STOP,-99.99999999999999,-0.9999999999999999,0.34230477634571693,0.11014041461234865,3.1573741107131292,2019-06-17 01:00:00+00:00,2019
1561964400000,1561968000000,1562094000000,BULL_PULLBACK,1387.598,1380.2890535714284,1414.03225,3.6166977358960355,5.703785714285767,13.681862492395407,1414.03225,TARGET,361.66977358960355,3.6166977358960355,0.12298602377619033,0.19250802235785872,1.9778513667280972,2019-07-01 07:00:00+00:00,2019
1563912000000,1563919200000,1563958800000,BULL_PULLBACK,1417.488,1415.0508035714286,1426.69825,3.7790347515806197,3.828785714285719,41.03075108255126,1426.69825,TARGET,377.903475158062,3.77903475158062,0.18152504926256513,0.0986821807924516,1.1030309276148904,2019-07-23 20:00:00+00:00,2019
1564074000000,1564077600000,1564444800000,BULL_PULLBACK,1415.688,1409.8334464285715,1428.2505,2.1457656585990668,4.538214285714275,17.080721660490084,1424.448,48H_TIMEOUT,149.627121745893,1.4962712174589299,0.17393299678752444,0.1357278489476052,0.5359582938864815,2019-07-25 17:00:00+00:00,2019
1564610400000,1564614000000,1564617600000,BULL_PULLBACK,1414.778,1407.6219821428572,1428.28975,1.8881660540454102,5.092071428571395,13.974252439879551,1407.6219821428572,STOP,-100.0,-1.0,0.18401541490386714,0.08171415623406857,0.5710965609266184,2019-07-31 22:00:00+00:00,2019
1564621200000,1564624800000,1564650000000,BULL_PULLBACK,1409.425,1402.6743214285716,1427.12225,2.621551272623463,6.094714285714271,14.813325644512409,1404.808,FAILURE_2_CLOSES,-68.39312450071323,-0.6839312450071323,0.13148582839926218,0.21734498188792006,0.24827736952156035,2019-08-01 01:00:00+00:00,2019
1564660800000,1564664400000,1564664400000,RANGE_LOW,1406.175,1400.6738928571428,1426.38225,3.673306022813641,3.456428571428546,18.178158942031263,1400.6738928571428,STOP,-100.0,-1.0,0.10887851950607383,0.28256615549899977,-0.8255731184119058,2019-08-01 12:00:00+00:00,2019
1566208800000,1566212400000,1566212400000,BULL_PULLBACK,1499.905,1496.2820357142857,1520.36,5.645929241051644,3.8118571428571255,27.60170736275563,1496.2820357142857,STOP,-100.0,-1.0,0.07580751483190379,0.15573735273139774,3.2450650888561543,2019-08-19 10:00:00+00:00,2019
1566540000000,1566543600000,1566561600000,RANGE_LOW,1495.755,1492.9828035714286,1503.65475,2.84963573236779,1.9687857142857053,36.0724799185779,1503.65475,TARGET,284.963573236779,2.8496357323677897,0.22173245174647338,0.1671139767187037,0.00039155829345010457,2019-08-23 06:00:00+00:00,2019
1567076400000,1567080000000,1567083600000,BULL_PULLBACK,1536.818,1532.6480357142857,1544.8225,1.9195608047345403,3.7878571428571735,23.981020735018284,1544.8225,TARGET,191.95608047345402,1.9195608047345403,0.3861174328629921,0.04811166862830187,4.337863528823225,2019-08-29 11:00:00+00:00,2019
1567479600000,1567483200000,1567494000000,BULL_PULLBACK,1523.478,1520.6715535714286,1529.711,2.2209581257436186,3.1337857142857013,35.63224973116698,1529.711,TARGET,222.0958125743619,2.220958125743619,0.382227991503424,0.021024554001562838,1.134774951481605,2019-09-03 03:00:00+00:00,2019
1567771200000,1567774800000,1568037600000,RANGE_LOW,1515.888,1501.154017857143,1543.4072500000002,1.8677401488056977,5.335928571428569,6.7870314372872755,1501.154017857143,STOP,-100.0,-1.0,0.24315997269523537,0.14875135722041094,-0.5711895031067904,2019-09-06 12:00:00+00:00,2019
1569499200000,1569502800000,1569564000000,RANGE_LOW,1507.028,1499.3223214285713,1526.82225,2.5687873970494213,3.1427142857143218,12.97744242418597,1499.3223214285713,STOP,-100.0,-1.0,0.18838442560190694,0.15166949013607342,0.9352839066578029,2019-09-26 12:00:00+00:00,2019
1570453200000,1570456800000,1570467600000,BULL_PULLBACK,1501.695,1494.9210714285714,1513.59775,1.757141350767125,2.895714285714267,14.762482205936692,1494.9210714285714,STOP,-100.0,-1.0,0.24481134077500924,0.018071551090418837,1.0245075388990452,2019-10-07 13:00:00+00:00,2019
1570496400000,1570500000000,1570557600000,BULL_PULLBACK,1491.578,1485.7997500000001,1508.733,2.9688919655605828,4.180999999999975,17.306277852291387,1508.733,TARGET,296.88919655605827,2.9688919655605828,0.13057761732851933,0.1661202540548138,0.1317847587449107,2019-10-08 01:00:00+00:00,2019
1571684400000,1571688000000,1571814000000,RANGE_LOW,1483.705,1480.602482142857,1493.658,3.2080395531279238,3.2100714285713985,32.231885392624655,1493.658,TARGET,320.80395531279237,3.2080395531279238,0.06554794520547164,0.23493563026766429,-0.8643299055479188,2019-10-21 19:00:00+00:00,2019
1572271200000,1572274800000,1572343200000,BULL_PULLBACK,1492.705,1489.1442321428572,1510.8647500000002,5.0999533607821395,3.2150714285714264,28.083830233246974,1489.1442321428572,STOP,-100.0,-1.0,0.11223661454840837,0.02421605547633934,1.7775330279004227,2019-10-28 14:00:00+00:00,2019
1575644400000,1575648000000,1575648000000,BULL_PULLBACK,1461.805,1458.6446607142857,1478.09975,5.156012860282725,3.2013571428571885,31.64217223512308,1458.6446607142857,STOP,-100.0,-1.0,0.05986498535218763,0.3547948311040586,1.5151623340034457,2019-12-06 15:00:00+00:00,2019
1575846000000,1575849600000,1576044000000,BULL_PULLBACK,1459.965,1457.7357142857143,1474.88975,6.694857417494639,3.2491428571428935,44.85741749439408,1463.045,48H_TIMEOUT,138.1608458827407,1.381608458827407,0.05813685230471051,0.24885408708938334,0.6829434161404763,2019-12-08 23:00:00+00:00,2019
1576177200000,1576180800000,1576191600000,BULL_PULLBACK,1469.565,1462.6685892857142,1480.6055000000001,1.6009052327944766,4.437642857142854,14.500296479276004,1462.6685892857142,STOP,-100.0,-1.0,0.29770585825481477,0.04082718057815249,0.49553798172475705,2019-12-12 19:00:00+00:00,2019
1578488400000,1578492000000,1578499200000,BULL_PULLBACK,1576.668,1565.9562857142857,1597.30575,1.9266523965752111,8.326857142857145,9.335573871062506,1565.9562857142857,STOP,-100.0,-1.0,0.3821531109010836,0.015761898150515725,3.987413025114652,2020-01-08 13:00:00+00:00,2020
1579604400000,1579608000000,1579611600000,BULL_PULLBACK,1555.608,1550.8871607142858,1564.368,1.8556022499026326,3.5633571428570576,21.182674085646514,1550.8871607142858,STOP,-100.00000000000001,-1.0000000000000002,0.21962560386473162,0.03364948741195426,1.667010481663507,2020-01-21 11:00:00+00:00,2020
1580230800000,1580234400000,1580245200000,BULL_PULLBACK,1569.805,1566.126625,1581.1725000000001,3.090359193937591,3.605499999999974,27.185917694634476,1566.126625,STOP,-100.0,-1.0,0.3530846985012231,0.057017862895265614,3.0076104937181456,2020-01-28 17:00:00+00:00,2020
1580742000000,1580745600000,1580803200000,BULL_PULLBACK,1575.508,1568.221392857143,1587.8422500000001,1.692728832250983,3.866428571428563,13.723808356819164,1568.221392857143,STOP,-100.0,-1.0,0.20413585440375992,0.056393004248342087,1.7969380406934443,2020-02-03 15:00:00+00:00,2020
1580806800000,1580810400000,1580821200000,BULL_PULLBACK,1568.095,1564.6267857142857,1587.00475,5.452301513747222,3.072857142857125,28.833281845329594,1564.6267857142857,STOP,-100.0,-1.0,0.020822889754365626,0.040727605537122916,1.4164469999655238,2020-02-04 09:00:00+00:00,2020
1582725600000,1582729200000,1582873200000,BULL_PULLBACK,1635.065,1623.1494464285715,1669.373,2.8792619490432045,6.542214285714246,8.392392296383367,1623.1494464285715,STOP,-100.00000000000001,-1.0000000000000002,0.17128161888701723,0.21507399636838992,3.469090455181708,2020-02-26 14:00:00+00:00,2020
1583820000000,1583823600000,1583866800000,BULL_PULLBACK,1661.608,1647.13925,1688.0205,1.8254859611231196,8.434999999999993,6.911447084233261,1647.13925,STOP,-100.0,-1.0,0.31818924660892317,0.05392813014827017,2.491458563166043,2020-03-10 06:00:00+00:00,2020
1583978400000,1583982000000,1584014400000,BULL_PULLBACK,1636.668,1628.412017857143,1661.7575,3.0389479489980915,9.183928571428526,12.112429299101562,1628.412017857143,STOP,-100.0,-1.0,0.09791829300026389,0.1519289095813134,0.48681202660014977,2020-03-12 02:00:00+00:00,2020
1584064800000,1584068400000,1584111600000,RANGE_LOW,1563.248,1546.3319285714288,1641.54225,4.628394384038882,19.732285714285727,5.911538055526282,1546.3319285714288,STOP,-100.0,-1.0,0.08925149624777437,0.3499895447484766,-1.0558171831620988,2020-03-13 02:00:00+00:00,2020
1587150000000,1587153600000,1587333600000,BULL_PULLBACK,1683.698,1676.7475535714286,1723.8497499999999,5.776859143169052,9.509785714285742,14.387565033078474,1676.7475535714286,STOP,-100.0,-1.0,0.07168077306438543,0.20207235541603247,2.051387721799828,2020-04-17 19:00:00+00:00,2020
1587337200000,1587340800000,1587340800000,BULL_PULLBACK,1675.448,1671.970017857143,1722.7804999999998,13.60918430740302,7.739928571428599,28.752304035077568,1671.970017857143,STOP,-100.0,-1.0,0.0026784307546848262,0.24217114058229738,2.1552337700861672,2020-04-19 23:00:00+00:00,2020
1588082400000,1588086000000,1588262400000,BULL_PULLBACK,1699.328,1689.812767857143,1725.1005,2.7085518895455576,7.460928571428537,10.509465086994098,1689.812767857143,STOP,-100.0,-1.0,0.16008221055035388,0.22118615015426574,0.9265818616686511,2020-04-28 14:00:00+00:00,2020
1588269600000,1588273200000,1588309200000,BULL_PULLBACK,1684.608,1678.9612142857143,1711.538,4.7690848143697915,8.427142857142908,17.70918980456658,1678.9612142857143,STOP,-100.0,-1.0,0.08076540755467194,0.16373612472723745,0.1723096693943995,2020-04-30 18:00:00+00:00,2020
1588312800000,1588316400000,1588586400000,RANGE_LOW,1676.315,1668.728732142857,1709.268,4.3437696401627335,6.75707142857144,13.181712257344511,1709.268,TARGET,434.37696401627335,4.3437696401627335,0.08185320356853285,0.24781405158398676,-0.63066630570481,2020-05-01 06:00:00+00:00,2020
1588802400000,1588806000000,1588863600000,RANGE_LOW,1687.608,1679.628625,1704.1779999999999,2.0766037440275915,6.717500000000006,12.532309861361494,1704.1779999999999,TARGET,207.66037440275915,2.0766037440275915,0.19282814614343896,0.1675156334120176,-0.4301287929522876,2020-05-06 22:00:00+00:00,2020
1589871600000,1589875200000,1590058800000,BULL_PULLBACK,1731.528,1725.0551607142856,1755.47975,3.7003467787098816,4.599357142857149,15.449170848517916,1734.578,48H_TIMEOUT,47.11997108797894,0.4711997108797894,0.12221843629596646,0.0189700091285254,3.5623051967077908,2020-05-19 07:00:00+00:00,2020
1590505200000,1590508800000,1590548400000,RANGE_LOW,1713.988,1707.6303035714286,1731.353,2.731335192721977,5.538785714285739,15.72896742137619,1707.6303035714286,STOP,-100.0,-1.0,0.13097787294789703,0.20489836657133384,-0.22037396083091662,2020-05-26 15:00:00+00:00,2020
1592200800000,1592204400000,1592204400000,BULL_PULLBACK,1722.905,1717.9660714285715,1738.6725000000001,3.1924940342758714,4.287714285714336,20.247306385132966,1717.9660714285715,STOP,-100.00000000000001,-1.0000000000000002,0.08259212198221241,0.05719974352917314,1.9858707550079695,2020-06-15 06:00:00+00:00,2020
1592226000000,1592229600000,1592409600000,BULL_PULLBACK,1707.955,1702.627892857143,1734.6100000000001,5.003653819079232,5.588428571428608,18.771914534155673,1724.448,48H_TIMEOUT,309.6051864118326,3.0960518641183263,0.08128449573507272,0.1613373163645287,0.9036441432775427,2020-06-15 13:00:00+00:00,2020
1593180000000,1593183600000,1593198000000,BULL_PULLBACK,1755.438,1746.324607142857,1771.3355,1.7444106985401642,4.1735714285714165,10.972861761535997,1771.3355,TARGET,174.4410698540164,1.744410698540164,0.20593249232867297,0.20125391849529747,2.979524568610876,2020-06-26 14:00:00+00:00,2020
1593615600000,1593619200000,1593694800000,BULL_PULLBACK,1766.728,1757.5454464285715,1782.1405,1.6784546782232515,5.610214285714311,10.890216890337461,1757.5454464285715,STOP,-100.0,-1.0,0.18893338187113395,0.022844010463551303,2.46039181905219,2020-07-01 15:00:00+00:00,2020
1594688400000,1594692000000,1594720800000,BULL_PULLBACK,1798.318,1794.6389285714286,1808.38225,2.7355408002796056,4.396285714285698,27.180771545615126,1794.6389285714286,STOP,-100.0,-1.0,0.23272595130560728,0.057319522487759594,2.7644708481386915,2020-07-14 01:00:00+00:00,2020
1596121200000,1596124800000,1596160800000,BULL_PULLBACK,1948.498,1937.0737142857142,1968.328,1.7357759159684665,8.685142857142864,8.753282480930272,1968.328,TARGET,173.57759159684664,1.7357759159684665,0.35445068163592675,0.08876537187748607,5.413620733648477,2020-07-30 15:00:00+00:00,2020
1597107600000,1597111200000,1597122000000,BULL_PULLBACK,2021.578,2012.6553571428572,2058.30975,4.116689481815935,8.090571428571398,11.207441741316282,2012.6553571428572,STOP,-100.0,-1.0,0.10785735502245221,0.23920032147880313,3.9015664219962325,2020-08-11 01:00:00+00:00,2020
1597917600000,1597921200000,1598007600000,RANGE_LOW,1931.208,1921.8297142857143,1992.7555,6.562766573239046,11.43314285714283,10.662929563733794,1921.8297142857143,STOP,-100.0,-1.0,0.07200175882158902,0.32428262616625725,-0.6324528150732984,2020-08-20 10:00:00+00:00,2020
1599058800000,1599062400000,1599062400000,BULL_PULLBACK,1943.925,1935.0039107142857,1978.8455,3.9143762472952264,8.616357142857169,11.209393471729307,1935.0039107142857,STOP,-100.0,-1.0,0.10104069875487648,0.15173534405637815,0.9742694134477516,2020-09-02 15:00:00+00:00,2020
1599116400000,1599120000000,1599145200000,RANGE_LOW,1935.685,1925.6543035714287,1976.128,4.031923435027205,6.094785714285682,9.96939751014318,1925.6543035714287,STOP,-99.99999999999999,-0.9999999999999999,0.1248763141620283,0.32538055840228197,-0.1356791701809789,2020-09-03 07:00:00+00:00,2020
1600034400000,1600038000000,1600088400000,BULL_PULLBACK,1941.468,1935.76025,1959.0504999999998,3.080460777013649,5.030999999999998,17.520038544084695,1959.0504999999998,TARGET,308.0460777013648,3.080460777013648,0.1486900306226577,0.053221029248427525,0.2291425098374014,2020-09-13 22:00:00+00:00,2020
1600308000000,1600311600000,1600311600000,BULL_PULLBACK,1946.778,1940.5976964285715,1966.7305000000001,3.228401286344598,7.201214285714286,16.180434964764224,1940.5976964285715,STOP,-100.0,-1.0,0.01038961038960936,0.08122980172940893,1.0552153795350676,2020-09-17 02:00:00+00:00,2020
1601870400000,1601874000000,1601881200000,BULL_PULLBACK,1892.975,1890.1531607142856,1909.65825,5.912189997658545,5.059357142857168,35.437879296051605,1890.1531607142856,STOP,-100.0,-1.0,0.18177469504903024,0.00587986973827026,0.6336476504930897,2020-10-05 04:00:00+00:00,2020
1602032400000,1602036000000,1602208800000,BULL_PULLBACK,1879.305,1870.6994285714286,1909.403,3.4975016185527448,8.194285714285765,11.620378824349624,1909.403,TARGET,349.7501618552745,3.4975016185527448,0.1030348687042624,0.1625247072242734,0.26584308298403475,2020-10-07 01:00:00+00:00,2020
1602561600000,1602565200000,1602590400000,BULL_PULLBACK,1912.038,1909.2245357142856,1926.093,4.995620549144844,3.761857142857155,35.54336925752274,1909.2245357142856,STOP,-100.0,-1.0,0.24406901509705173,0.02294981327057794,3.198064241739159,2020-10-13 04:00:00+00:00,2020
1603159200000,1603162800000,1603213200000,BULL_PULLBACK,1900.915,1893.4093392857142,1912.873,1.593197515208753,4.834642857142853,13.323277431081634,1912.873,TARGET,159.3197515208753,1.593197515208753,0.20343092406220994,0.08264567728830692,0.11451757834112271,2020-10-20 02:00:00+00:00,2020
1607684400000,1607688000000,1607940000000,RANGE_LOW,1832.888,1822.7176785714287,1855.8895,2.2616296015367334,4.501285714285716,9.832530928577379,1822.7176785714287,STOP,-100.00000000000001,-1.0000000000000002,0.18505233158075587,0.16065690824705448,0.1322428708271049,2020-12-11 11:00:00+00:00,2020
1608652800000,1608656400000,1608667200000,BULL_PULLBACK,1864.855,1858.9931964285713,1893.71725,4.923783209092632,6.419214285714247,17.059595870358855,1858.9931964285713,STOP,-99.99999999999999,-0.9999999999999999,0.19174583518758748,0.12738456893786415,2.0114444929428674,2020-12-22 16:00:00+00:00,2020
1609254000000,1609257600000,1609358400000,BULL_PULLBACK,1879.078,1870.258,1892.328,1.502267573696156,5.348000000000005,11.337868480725705,1892.328,TARGET,150.2267573696156,1.502267573696156,0.3236808236808227,0.0012437992946931686,1.339184727106454,2020-12-29 15:00:00+00:00,2020
1610110800000,1610114400000,1610114400000,RANGE_LOW,1890.777,1874.4376071428574,1937.54225,2.8621167511470125,7.001571428571408,6.120178446917353,1874.4376071428574,STOP,-100.0,-1.0,0.17286238464104325,0.32958108673633435,0.618900192924123,2021-01-08 13:00:00+00:00,2021
1611702000000,1611705600000,1611709200000,RANGE_LOW,1851.215,1847.2129107142857,1862.5575,2.834144665509593,4.260357142857125,24.986948781217542,1847.2129107142857,STOP,-100.0,-1.0,0.203766296475125,0.0293830177153349,-0.45341539840977974,2021-01-26 23:00:00+00:00,2021
1612267200000,1612270800000,1612270800000,BULL_PULLBACK,1843.065,1837.5626607142858,1866.99775,4.349559116090258,5.809357142857119,18.17408829361552,1837.5626607142858,STOP,-99.99999999999999,-0.9999999999999999,0.04897791594568653,0.09457611068732409,0.15515599077911238,2021-02-02 12:00:00+00:00,2021
1613383200000,1613386800000,1613476800000,RANGE_LOW,1818.322,1814.8517321428571,1838.1502500000001,5.7137520261406864,4.053071428571441,28.81621941492877,1814.8517321428571,STOP,-100.0,-1.0,0.214472937552358,0.20646841499605972,-1.4903074040622477,2021-02-15 10:00:00+00:00,2021
1614261600000,1614265200000,1614265200000,RANGE_LOW,1781.195,1776.4625535714285,1805.0625,5.04337457597065,6.929785714285702,21.130719916081013,1776.4625535714285,STOP,-100.0,-1.0,0.0655341203570358,0.20981987830839738,-0.6060305538182091,2021-02-25 14:00:00+00:00,2021
1614276000000,1614279600000,1614315600000,RANGE_LOW,1778.275,1763.1458928571428,1802.73325,1.6166353882652689,8.728428571428546,6.609775385668537,1763.1458928571428,STOP,-100.0,-1.0,0.19472381774014205,0.20294205517064803,-0.719590972386363,2021-02-25 18:00:00+00:00,2021
1616511600000,1616515200000,1616547600000,BULL_PULLBACK,1730.168,1723.8818571428571,1741.5955000000001,1.8178874167671073,4.2645714285714575,15.908006272299888,1723.8818571428571,STOP,-100.0,-1.0,0.21518987341772677,0.06100660904931215,0.8332626226167557,2021-03-23 15:00:00+00:00,2021
1617001200000,1617004800000,1617004800000,RANGE_LOW,1726.218,1724.1768214285714,1739.4155,6.465627351144933,2.764714285714295,48.991304043530505,1724.1768214285714,STOP,-100.0,-1.0,0.1971536207618276,0.09969106920818714,-0.5364135291848292,2021-03-29 07:00:00+00:00,2021
1618236000000,1618239600000,1618250400000,BULL_PULLBACK,1733.945,1729.3872499999998,1751.71575,3.899018155888207,4.123000000000047,21.940650540287706,1729.3872499999998,STOP,-100.0,-1.0,0.10136146293389886,0.18011772751042246,1.8239088790119622,2021-04-12 14:00:00+00:00,2021
1618297200000,1618304400000,1618318800000,RANGE_LOW,1728.205,1722.7082857142857,1745.3429999999998,3.1178626192270857,3.478857142857172,18.19268654001109,1745.3429999999998,TARGET,311.7862619227086,3.117862619227086,0.13561076604555078,0.29077310539570733,0.7748734521903383,2021-04-13 07:00:00+00:00,2021
1618909200000,1618912800000,1618974000000,BULL_PULLBACK,1770.108,1762.4534821428572,1782.848,1.664376546997243,4.206071428571444,13.064180117717752,1782.848,TARGET,166.43765469972428,1.6643765469972427,0.3004564606741577,0.05243263770522297,3.9655351111950035,2021-04-20 09:00:00+00:00,2021
1619107200000,1619110800000,1619175600000,BULL_PULLBACK,1781.715,1776.1526964285713,1791.538,1.7659949468520542,4.701214285714319,17.978162952784665,1791.538,TARGET,176.59949468520543,1.7659949468520544,0.3545491143317216,0.06920157170048521,3.818037515570638,2021-04-22 16:00:00+00:00,2021
1619593200000,1619596800000,1619600400000,BULL_PULLBACK,1769.358,1765.4475,1780.6747500000001,2.893939393939473,2.7619999999999925,25.572177470911935,1765.4475,STOP,-100.0,-1.0,0.1569539539016319,0.16275944452740218,1.2761235247404965,2021-04-28 07:00:00+00:00,2021
1620144000000,1620147600000,1620277200000,BULL_PULLBACK,1775.908,1769.1412678571428,1790.1855,2.109954952934161,5.986928571428605,14.778182125261003,1790.1855,TARGET,210.99549529341613,2.1099549529341615,0.33937302272073516,0.06055870287165394,0.993446676894089,2021-05-04 16:00:00+00:00,2021
1620892800000,1620896400000,1620896400000,BULL_PULLBACK,1815.055,1811.405392857143,1835.98475,5.734795330221489,4.450428571428623,27.400209415886412,1811.405392857143,STOP,-100.0,-1.0,0.063146488030736,0.18251807420687294,2.9611219062909893,2021-05-13 08:00:00+00:00,2021
1620900000000,1620903600000,1620972000000,BULL_PULLBACK,1813.958,1807.4520714285713,1835.368,3.2908446142528267,4.815714285714323,15.370596049756417,1835.368,TARGET,329.08446142528265,3.2908446142528267,0.09781287970837835,0.17496792351310259,2.5294410918136125,2021-05-13 10:00:00+00:00,2021
1622610000000,1622613600000,1622631600000,BULL_PULLBACK,1898.385,1894.2609107142857,1910.4299999999998,2.9206448176870006,3.0083571428571565,24.247777647879104,1894.2609107142857,STOP,-100.0,-1.0,0.2526837324525162,0.06644859928880438,3.9761838109080405,2021-06-02 05:00:00+00:00,2021
1623229200000,1623232800000,1623243600000,BULL_PULLBACK,1890.018,1886.5349107142858,1898.11975,2.326024208804864,2.8123571428571625,28.710145447648383,1898.11975,TARGET,232.6024208804864,2.326024208804864,0.3862524132357568,0.0710258745907083,0.6149581957827787,2021-06-09 09:00:00+00:00,2021
1623286800000,1623290400000,1623301200000,BULL_PULLBACK,1887.728,1883.3497321428572,1898.6705000000002,2.4992760509497147,3.4730714285714157,22.84008271372803,1883.3497321428572,STOP,-100.0,-1.0,0.20528151469855926,0.13141017884368522,0.23079104244020857,2021-06-10 01:00:00+00:00,2021
1623434400000,1623438000000,1623625200000,RANGE_LOW,1877.098,1873.1038928571427,1894.6280000000002,4.388965887244507,5.096428571428597,25.03688469620341,1873.1038928571427,STOP,-100.0,-1.0,0.22256610576923402,0.1521865642425582,-0.10172261910657425,2021-06-11 18:00:00+00:00,2021
1623636000000,1623639600000,1623643200000,RANGE_LOW,1866.258,1861.9289999999999,1893.16225,6.21488796488772,4.716000000000008,23.10002310002215,1861.9289999999999,STOP,-100.0,-1.0,0.06292312801778002,0.21240369066869316,-0.77463526821422,2021-06-14 02:00:00+00:00,2021
1625716800000,1625720400000,1625727600000,BULL_PULLBACK,1797.738,1795.146,1808.673,4.218749999999819,3.927999999999965,38.58024691357878,1808.673,TARGET,421.87499999998187,4.218749999999819,0.31224979983987267,0.0037636899985316625,2.2455143598746274,2021-07-08 04:00:00+00:00,2021
1626062400000,1626066000000,1626066000000,BULL_PULLBACK,1802.905,1801.059107142857,1812.26025,5.068143561961882,3.1555714285714203,54.17432523943075,1801.059107142857,STOP,-100.0,-1.0,0.36240720003318067,0.04346619809488589,2.6203111845711655,2021-07-12 04:00:00+00:00,2021
1626447600000,1626451200000,1626645600000,BULL_PULLBACK,1812.658,1808.2867321428573,1828.429,3.607877740603476,4.725071428571433,22.876658047070155,1810.891,FAILURE_2_CLOSES,-40.42305476916897,-0.4042305476916897,0.03921038399134157,0.11573411956258906,2.460926343811982,2021-07-16 15:00:00+00:00,2021
1626678000000,1626681600000,1626692400000,BULL_PULLBACK,1805.825,1801.671732142857,1826.3015,4.930214160106154,3.505071428571455,24.077426123146815,1801.671732142857,STOP,-100.0,-1.0,0.08339305492214273,0.23140918339731498,1.874705259420248,2021-07-19 07:00:00+00:00,2021
1626926400000,1626930000000,1626940800000,RANGE_LOW,1798.988,1796.4457499999999,1817.3255,7.213098633099994,2.609000000000021,39.33523453633291,1796.4457499999999,STOP,-100.0,-1.0,0.14592274678111847,0.1920937234112165,-1.0806284903283006,2021-07-22 04:00:00+00:00,2021
1627992000000,1627995600000,1628078400000,BULL_PULLBACK,1812.551,1806.339,1823.7415,1.801432710882192,2.716000000000008,16.097875080489402,1823.7415,TARGET,180.14327108821917,1.8014327108821917,0.2851520424227358,0.19536785067791987,0.7493747631441662,2021-08-03 12:00:00+00:00,2021
1628143200000,1628146800000,1628168400000,BULL_PULLBACK,1809.778,1807.8245714285715,1825.285,7.9383501535764385,1.8937142857142493,51.192043293844115,1807.8245714285715,STOP,-100.0,-1.0,0.13659018987341687,0.017131227780925344,0.4859901113379124,2021-08-05 06:00:00+00:00,2021
1628218800000,1628222400000,1628233200000,RANGE_LOW,1800.897,1798.4113571428572,1823.13075,8.944869105434694,3.186571428571434,40.23104112187397,1798.4113571428572,STOP,-100.0,-1.0,0.0964687140454904,0.13370133248874413,-0.6808832970709606,2021-08-06 03:00:00+00:00,2021
1629673200000,1629676800000,1629680400000,BULL_PULLBACK,1778.568,1776.40225,1787.8654999999999,4.292970102735946,3.4230000000000183,46.173381045829444,1776.40225,STOP,-100.0,-1.0,0.23209328151027572,0.11000025374914486,1.2314530284223957,2021-08-22 23:00:00+00:00,2021
1629982800000,1629986400000,1630040400000,BULL_PULLBACK,1785.849,1779.0042321428573,1802.29075,2.4020902305463414,3.6950714285713957,14.609699274994131,1802.29075,TARGET,240.20902305463412,2.402090230546341,0.1777537721713038,0.21886641659254988,1.045760600755422,2021-08-26 13:00:00+00:00,2021
1630994400000,1630998000000,1631001600000,BULL_PULLBACK,1818.627,1814.9163214285716,1827.643,2.4297442708785897,2.406714285714283,26.949248789691314,1814.9163214285716,STOP,-100.0,-1.0,0.38826815642458257,0.11906661036300129,4.253332648438302,2021-09-07 06:00:00+00:00,2021
1631012400000,1631016000000,1631023200000,BULL_PULLBACK,1810.905,1807.4705357142857,1827.8129999999999,4.92303852753078,3.0298571428571353,29.11662247179328,1807.4705357142857,STOP,-100.0,-1.0,0.05648072190319768,0.024278515803939717,2.8183893414414243,2021-09-07 11:00:00+00:00,2021
1631026800000,1631030400000,1631106000000,BULL_PULLBACK,1797.198,1791.081642857143,1823.7205,4.336322974693103,4.865428571428587,16.349601186513844,1791.081642857143,STOP,-99.99999999999999,-0.9999999999999999,0.0988957055214773,0.20274182027793922,1.3011092328930982,2021-09-07 15:00:00+00:00,2021
1631775600000,1631779200000,1631782800000,RANGE_LOW,1785.838,1781.9955178571429,1801.48975,4.073343588361383,2.7939285714286046,26.024844431845544,1781.9955178571429,STOP,-100.0,-1.0,0.19640646553248334,0.08542276167218867,-1.172549918596599,2021-09-16 07:00:00+00:00,2021
1631786400000,1631790000000,1631790000000,RANGE_LOW,1779.467,1774.4939464285715,1800.8205,4.293840734529953,3.3362142857143096,20.108369749830075,1774.4939464285715,STOP,-100.0,-1.0,0.060064620355416744,0.1058194464898664,-1.3141323487795311,2021-09-16 10:00:00+00:00,2021
1632405600000,1632409200000,1632409200000,RANGE_LOW,1752.007,1747.3621785714286,1777.7955000000002,5.552097189650467,5.503285714285718,21.529352966052475,1747.3621785714286,STOP,-100.0,-1.0,0.06358796912430432,0.2059040897688135,-1.3244413786027789,2021-09-23 14:00:00+00:00,2021
1633500000000,1633503600000,1633503600000,BULL_PULLBACK,1752.245,1749.747607142857,1764.7582499999999,5.0105252620590806,2.6015714285714955,40.041757833169584,1749.747607142857,STOP,-100.00000000000001,-1.0000000000000002,0.2027813005641296,0.07924680487406886,0.7038792802709841,2021-10-06 06:00:00+00:00,2021
1634688000000,1634691600000,1634716800000,BULL_PULLBACK,1768.864,1765.7580535714285,1778.8245,3.2069130067323317,3.9437857142857444,32.196305473945685,1778.8245,TARGET,320.6913006732331,3.2069130067323313,0.35503339502695963,0.03259814121237494,0.6203953910624981,2021-10-20 00:00:00+00:00,2021
1635516000000,1635519600000,1635872400000,BULL_PULLBACK,1776.858,1770.359982142857,1800.7375,3.674889870262589,5.952071428571425,15.38930827807361,1788.298,48H_TIMEOUT,176.05368670116295,1.7605368670116295,0.12881902878259577,0.17027273809996632,0.7398624608174659,2021-10-29 14:00:00+00:00,2021
1635908400000,1635912000000,1635919200000,RANGE_LOW,1783.108,1778.3914642857142,1792.233,1.9346826893224922,3.1061428571428484,21.202002074767037,1778.3914642857142,STOP,-100.0,-1.0,0.1880394574599229,0.022465026039010138,-0.08911234815735024,2021-11-03 03:00:00+00:00,2021
1637074800000,1637078400000,1637078400000,BULL_PULLBACK,1861.138,1855.135357142857,1871.1705,1.6713471447100403,5.0905714285714465,16.659328629055928,1855.135357142857,STOP,-100.0,-1.0,0.3282891971416544,0.0689280977452667,4.658477171347974,2021-11-16 15:00:00+00:00,2021
1639072800000,1639076400000,1639116000000,RANGE_LOW,1778.188,1772.0107857142857,1788.1680000000001,1.615614990575938,4.508857142857177,16.188526959678708,1772.0107857142857,STOP,-100.0,-1.0,0.23188405797100442,0.10390915758876569,-0.9095622754906275,2021-12-09 18:00:00+00:00,2021
1640034000000,1640041200000,1640098800000,BULL_PULLBACK,1789.805,1787.2224107142858,1807.6605,6.9137977528091215,3.8623571428571006,38.72082973206666,1787.2224107142858,STOP,-100.0,-1.0,0.0870905587668596,0.0746251334664112,1.8010346140056628,2021-12-20 21:00:00+00:00,2021
1640160000000,1640163600000,1640188800000,BULL_PULLBACK,1786.785,1785.2960892857143,1799.253,8.373907098909248,1.9956428571428302,67.1631945693724,1799.253,TARGET,837.3907098909248,8.373907098909248,0.10182101977107724,0.19811283970834648,1.0602842911382946,2021-12-22 08:00:00+00:00,2021
1640739600000,1640743200000,1640764800000,BULL_PULLBACK,1805.698,1803.1176785714285,1815.788,3.910365541391359,3.2012857142856808,38.75486165898306,1803.1176785714285,STOP,-100.00000000000001,-1.0000000000000002,0.16486893992113713,0.045728507601426584,2.7887344491638544,2021-12-29 01:00:00+00:00,2021
1640847600000,1640851200000,1640880000000,BULL_PULLBACK,1798.298,1795.5106964285715,1812.4112499999999,5.063406133680162,2.18921428571431,35.87696762744375,1812.4112499999999,TARGET,506.34061336801614,5.063406133680162,0.2894214822282234,0.19789290757032613,1.5458247387107815,2021-12-30 07:00:00+00:00,2021
1641430800000,1641434400000,1641441600000,BULL_PULLBACK,1810.068,1805.7755357142858,1821.785,2.7296674404480186,4.729857142857164,23.296641123564015,1805.7755357142858,STOP,-100.0,-1.0,0.3742787536863734,0.07397784096480109,0.9938546398542148,2022-01-06 01:00:00+00:00,2022
1641495600000,1641499200000,1641560400000,RANGE_LOW,1787.848,1784.80375,1818.8725,10.191180093619382,5.936999999999979,32.84881333661908,1784.80375,STOP,-100.00000000000001,-1.0000000000000002,0.025906735751293,0.27396542692508935,-0.5001723375479349,2022-01-06 19:00:00+00:00,2022
1642183200000,1642186800000,1642381200000,BULL_PULLBACK,1817.048,1813.5825535714284,1824.843,2.249349444773589,3.9817857142857713,28.85631102980844,1813.5825535714284,STOP,-100.0,-1.0,0.2841854934601659,0.10866181838762061,2.0865130686796114,2022-01-14 18:00:00+00:00,2022
1642381200000,1642384800000,1642492800000,BULL_PULLBACK,1816.048,1812.0091607142858,1824.843,2.1776058361888695,3.9633571428571486,24.759588813972158,1812.0091607142858,STOP,-100.0,-1.0,0.22294887039239086,0.1286826481460755,1.7945931417641232,2022-01-17 01:00:00+00:00,2022
1643248800000,1643252400000,1643263200000,BULL_PULLBACK,1816.348,1811.4240357142855,1844.0205,5.619963589152052,5.935857142857133,20.30883942235803,1811.4240357142855,STOP,-99.99999999999999,-0.9999999999999999,0.038807504497558154,0.27155572428920927,0.6912603872917852,2022-01-27 02:00:00+00:00,2022
1643270400000,1643274000000,1643281200000,RANGE_LOW,1814.308,1808.2053571428573,1842.76575,4.663184568746722,5.01057142857139,16.386343153435238,1808.2053571428573,STOP,-100.0,-1.0,0.10195998087823609,0.2717730725063957,0.06884401675376406,2022-01-27 08:00:00+00:00,2022
1643292000000,1643295600000,1643295600000,RANGE_LOW,1805.488,1795.96525,1839.787,3.6017956997715643,5.5949999999999624,10.501168254968269,1795.96525,STOP,-100.0,-1.0,0.1356278203567091,0.29481504357971244,-0.578097724837712,2022-01-27 14:00:00+00:00,2022
1644562800000,1644566400000,1644591600000,BULL_PULLBACK,1826.078,1819.9630892857142,1836.762,1.7472045789711705,3.4996428571428657,16.353468541474875,1836.762,TARGET,174.72045789711706,1.7472045789711705,0.22379826635145295,0.020128466039177083,2.451594058835429,2022-02-11 07:00:00+00:00,2022
1645596000000,1645599600000,1645603200000,BULL_PULLBACK,1896.878,1892.4360714285713,1907.3805,2.3644009198063545,3.227714285714293,22.51274382105539,1892.4360714285713,STOP,-100.0,-1.0,0.35472337222431227,0.012572488981674944,7.116825790600703,2022-02-23 06:00:00+00:00,2022
1645606800000,1645610400000,1645628400000,BULL_PULLBACK,1893.318,1888.6946428571428,1907.3805,3.041620961886018,3.4134285714285886,21.629304617856125,1907.3805,TARGET,304.16209618860177,3.0416209618860175,0.22036130974783713,0.014708691499522123,6.416430240476528,2022-02-23 09:00:00+00:00,2022
1645797600000,1645801200000,1645801200000,BULL_PULLBACK,1889.037,1882.8398928571428,1950.283,9.882998403632842,8.640428571428613,16.13656141402355,1882.8398928571428,STOP,-100.0,-1.0,0.11361185983827342,0.029244749563957183,2.336586743722996,2022-02-25 14:00:00+00:00,2022
1645801200000,1645804800000,1646157600000,BULL_PULLBACK,1889.168,1880.806375,1950.283,7.3089859925552725,8.086500000000033,11.959397844318532,1934.728,48H_TIMEOUT,544.8701657871544,5.448701657871544,0.11590296495956727,0.0487180423518722,2.3868923770017303,2022-02-25 15:00:00+00:00,2022
1647255600000,1647259200000,1647262800000,BULL_PULLBACK,1965.231,1952.7080714285714,1996.406,2.4894336673872473,7.679714285714307,7.985352581835609,1952.7080714285714,STOP,-100.0,-1.0,0.13418536662452435,0.18544635265190226,1.2018106804699982,2022-03-14 11:00:00+00:00,2022
1647324000000,1647327600000,1647338400000,RANGE_LOW,1928.103,1923.2986785714286,1977.5410000000002,10.290318983653012,6.117285714285702,20.81459400390993,1923.2986785714286,STOP,-100.0,-1.0,0.03561932836252441,0.28097227497151406,-0.8115575586537426,2022-03-15 06:00:00+00:00,2022
1647342000000,1647345600000,1647349200000,RANGE_LOW,1926.424,1918.6835535714285,1975.8925,6.390910454131236,7.097785714285725,12.919151488586156,1918.6835535714285,STOP,-100.0,-1.0,0.06580730823490401,0.3128170084984746,-1.3272440253554856,2022-03-15 11:00:00+00:00,2022
1647349200000,1647352800000,1647352800000,RANGE_LOW,1922.818,1911.57675,1972.54425,4.4235516512843125,8.125000000000032,8.8958078505504,1911.57675,STOP,-100.0,-1.0,0.049890929561608184,0.26231747243256226,-1.3877457021100308,2022-03-15 13:00:00+00:00,2022
1648458000000,1648461600000,1648494000000,BULL_PULLBACK,1932.118,1923.7559285714285,1956.3035,2.892285746013042,5.76428571428575,11.958759364135684,1923.7559285714285,STOP,-100.0,-1.0,0.13236873050769693,0.07863302114211963,0.651748710150612,2022-03-28 09:00:00+00:00,2022
1649206800000,1649210400000,1649340000000,RANGE_LOW,1922.098,1914.7693749999999,1937.17925,2.0578553275682334,7.094499999999958,13.645124426478175,1937.17925,TARGET,205.78553275682336,2.0578553275682334,0.23236656941822495,0.018356501014048798,-0.5401428919020518,2022-04-06 01:00:00+00:00,2022
1650380400000,1650384000000,1650394800000,BULL_PULLBACK,1956.328,1948.7024642857143,1986.5030000000002,3.957099032854886,6.222142857142818,13.11383275179739,1948.7024642857143,STOP,-100.0,-1.0,0.1087972800679961,0.13396532208273235,2.3463612186302543,2022-04-19 15:00:00+00:00,2022
1650628800000,1650632400000,1650639600000,RANGE_LOW,1936.912,1928.127392857143,1951.3355000000001,1.6419060938573735,5.282428571428552,11.383548333326598,1928.127392857143,STOP,-100.0,-1.0,0.2245907602764633,0.1604039361955367,-1.0523461491019814,2022-04-22 12:00:00+00:00,2022
1653476400000,1653480000000,1653483600000,BULL_PULLBACK,1855.048,1850.2127678571428,1863.91675,1.834193217196692,3.6209285714285704,20.68153028551569,1850.2127678571428,STOP,-100.0,-1.0,0.3571270718232012,0.08525356262179419,3.0033811119197065,2022-05-25 11:00:00+00:00,2022
1653487200000,1653490800000,1653490800000,BULL_PULLBACK,1850.378,1845.836517857143,1863.91675,2.9811302949400806,4.329928571428582,22.019243245794808,1845.836517857143,STOP,-100.0,-1.0,0.1518232044198871,0.05072697268847997,2.3165286541628034,2022-05-25 14:00:00+00:00,2022
1653562800000,1653566400000,1653886800000,BULL_PULLBACK,1846.423,1839.8390178571428,1862.71425,2.474376395093059,3.835928571428586,15.1883765524012,1862.71425,TARGET,247.4376395093059,2.474376395093059,0.15618735192272845,0.09862010590342705,1.3745041330078152,2022-05-26 11:00:00+00:00,2022
1653958800000,1653962400000,1653994800000,BULL_PULLBACK,1848.918,1844.9389999999999,1859.40675,2.6360266398592858,3.59600000000002,25.13194269917038,1844.9389999999999,STOP,-100.0,-1.0,0.16671320860094413,0.004998580649938491,1.2643762952555875,2022-05-31 01:00:00+00:00,2022
1654045200000,1654048800000,1654056000000,RANGE_LOW,1834.878,1831.9572142857141,1856.43425,7.3802915066883665,4.7631428571428716,34.23736274485746,1831.9572142857141,STOP,-100.0,-1.0,0.030877664037592567,0.20716243206837143,-0.1662166302902266,2022-06-01 01:00:00+00:00,2022
1654837200000,1654840800000,1654851600000,RANGE_LOW,1844.698,1842.4294642857142,1854.6572500000002,4.390166721767946,2.514142857142864,44.08129850910356,1842.4294642857142,STOP,-100.0,-1.0,0.24146874841071134,0.02665313534878849,-0.5449036247432246,2022-06-10 05:00:00+00:00,2022
1655157600000,1655161200000,1655218800000,RANGE_LOW,1821.023,1807.2909821428573,1863.54675,3.096686185700054,7.4480714285714225,7.282250943766835,1813.868,FAILURE_2_CLOSES,-52.104505502651506,-0.5210450550265151,0.05109668939456382,0.16153282222691626,-0.4356216435404909,2022-06-13 22:00:00+00:00,2022
1655809200000,1655812800000,1655838000000,RANGE_LOW,1833.418,1829.7583035714285,1847.83175,3.9385097319743845,3.634785714285743,27.324670762114923,1829.7583035714285,STOP,-100.0,-1.0,0.04588723456186633,0.13224926085967684,-0.2874565557938094,2022-06-21 11:00:00+00:00,2022
1655877600000,1655881200000,1655895600000,RANGE_LOW,1826.078,1823.2303035714285,1840.587,5.094995328304167,3.4147857142857316,35.11610261426812,1840.587,TARGET,509.4995328304167,5.094995328304167,0.08011458140823892,0.13594934769843503,-1.076858039727323,2022-06-22 06:00:00+00:00,2022
1656075600000,1656079200000,1656432000000,RANGE_LOW,1822.546,1815.7259107142856,1841.0955,2.7198324278326216,4.6883571428571225,14.66256463965413,1820.628,48H_TIMEOUT,-28.12279897885838,-0.2812279897885838,0.05667789001122705,0.12788076385654126,-1.176083946122801,2022-06-24 13:00:00+00:00,2022
1658836800000,1658840400000,1658926800000,RANGE_LOW,1719.168,1712.5423035714286,1733.103,2.103175137923591,3.9667857142857366,15.092753052913991,1712.5423035714286,STOP,-100.0,-1.0,0.1806910569105672,0.04786418207781745,-0.0850875968037568,2022-07-26 12:00:00+00:00,2022
1660194000000,1660197600000,1660323600000,BULL_PULLBACK,1786.314,1782.549142857143,1801.5855000000001,4.056329209987073,3.3154285714285345,26.561432799574746,1801.5855000000001,TARGET,405.63292099870733,4.056329209987073,0.13182369591589116,0.01171587912325514,4.145134066289595,2022-08-11 05:00:00+00:00,2022
1660644000000,1660647600000,1660651200000,RANGE_LOW,1777.574,1773.112232142857,1795.1154999999999,3.931513373542459,2.5270714285714706,22.412640729370352,1773.112232142857,STOP,-100.0,-1.0,0.16010763538513245,0.10176293837069951,0.9032256112527274,2022-08-16 10:00:00+00:00,2022
1660723200000,1660726800000,1660730400000,RANGE_LOW,1775.084,1771.222375,1787.478,3.2095296669148334,2.6464999999999463,25.895834007703986,1771.222375,STOP,-100.0,-1.0,0.17113594040969066,0.19053913043478174,-0.44801518996655815,2022-08-17 08:00:00+00:00,2022
1660752000000,1660755600000,1660834800000,RANGE_LOW,1762.575,1758.5461607142856,1778.3249999999998,3.909314540256453,4.671357142857151,24.82104470004133,1758.5461607142856,STOP,-100.0,-1.0,0.05062291630110569,0.20836740084780597,-0.7318785534058567,2022-08-17 16:00:00+00:00,2022
1661738400000,1661742000000,1661745600000,RANGE_LOW,1726.448,1721.8181964285716,1754.918,6.14928896242902,5.7192142857142345,21.59918848763282,1721.8181964285716,STOP,-100.0,-1.0,0.06961722488038481,0.24072285832528384,-1.494793279558098,2022-08-29 02:00:00+00:00,2022
1663074000000,1663077600000,1663106400000,BULL_PULLBACK,1706.558,1695.5012142857142,1727.01975,1.8506056397170332,5.73114285714288,9.04421977454049,1701.428,FAILURE_2_CLOSES,-46.39684744339165,-0.4639684744339165,0.11041452231683188,0.12822432572152012,0.33788230039239137,2022-09-13 13:00:00+00:00,2022
1665072000000,1665075600000,1665144000000,BULL_PULLBACK,1711.724,1705.5071249999999,1722.19075,1.683603096410966,5.219499999999974,16.08525183472385,1705.5071249999999,STOP,-100.0,-1.0,0.3887911101908377,0.07171353350669628,4.878815450589367,2022-10-06 16:00:00+00:00,2022
1665392400000,1665396000000,1665399600000,BULL_PULLBACK,1680.315,1676.896732142857,1714.0549999999998,9.87049623085979,4.233071428571423,29.254582782631452,1676.896732142857,STOP,-100.0,-1.0,0.009161613498553102,0.4114853414245532,2.206960023595364,2022-10-10 09:00:00+00:00,2022
1665532800000,1665536400000,1665662400000,RANGE_LOW,1664.875,1660.3778928571428,1688.8355000000001,5.327980685996513,5.4684285714285705,22.236517126088696,1660.3778928571428,STOP,-100.0,-1.0,0.10702583660095365,0.2952672815056801,-1.4744210656538772,2022-10-12 00:00:00+00:00,2022
1666954800000,1666958400000,1666958400000,BULL_PULLBACK,1650.268,1645.1242142857143,1667.6055000000001,3.370571980059156,4.135142857142829,19.440934275755666,1645.1242142857143,STOP,-100.0,-1.0,0.1382113821138231,0.2264472693449119,0.8197894608169914,2022-10-28 11:00:00+00:00,2022
1667196000000,1667199600000,1667203200000,RANGE_LOW,1643.437,1639.6155892857143,1661.6354999999999,4.762246552554182,3.0056428571428535,26.16834658105993,1639.6155892857143,STOP,-100.0,-1.0,0.1769352290679343,0.21495511492552122,-0.9059284239439114,2022-10-31 06:00:00+00:00,2022
1667221200000,1667224800000,1667242800000,RANGE_LOW,1637.167,1632.2779821428571,1658.99775,4.465262888763158,3.8760714285714357,20.454005880526974,1634.637,FAILURE_2_CLOSES,-51.748634877732684,-0.5174863487773268,0.0566457809866154,0.25809758955473544,-1.2070904859548877,2022-10-31 13:00:00+00:00,2022
1668661200000,1668664800000,1668690000000,BULL_PULLBACK,1762.898,1760.3051607142859,1780.232,6.685335298453138,3.687357142857146,38.567758731124464,1760.3051607142859,STOP,-100.0,-1.0,0.044009779951097346,0.07434905758029248,9.433224414512301,2022-11-17 05:00:00+00:00,2022
1668693600000,1668697200000,1668780000000,BULL_PULLBACK,1759.587,1753.03925,1778.802,2.934595853537484,4.9149999999999965,15.272421824290902,1753.03925,STOP,-100.0,-1.0,0.11801057501652813,0.15493162641838853,6.126292346889826,2022-11-17 14:00:00+00:00,2022
1670266800000,1670270400000,1670461200000,BULL_PULLBACK,1767.897,1764.6389285714286,1798.838,9.496722425624414,5.444285714285749,30.693004187403137,1785.287,48H_TIMEOUT,533.7513428189436,5.337513428189436,0.043498168498170516,0.30654810911685826,3.4008461250280853,2022-12-05 19:00:00+00:00,2022
1670853600000,1670857200000,1670857200000,BULL_PULLBACK,1788.078,1784.1086785714285,1800.033,3.0118498124004316,3.55728571428574,25.19322302300669,1784.1086785714285,STOP,-100.0,-1.0,0.24476110645432164,0.046919320096398494,2.739100063335805,2022-12-12 14:00:00+00:00,2022
1670871600000,1670875200000,1670936400000,BULL_PULLBACK,1781.455,1776.3691607142857,1799.26725,3.5023226254973596,4.191357142857149,19.662438072098276,1799.26725,TARGET,350.232262549736,3.50232262549736,0.08840025257214582,0.09076546677345455,1.9606574647509245,2022-12-12 19:00:00+00:00,2022
1671177600000,1671181200000,1671523200000,RANGE_LOW,1777.735,1773.3689285714286,1803.92825,5.999271983640224,3.344285714285726,22.90388548057311,1803.92825,TARGET,599.9271983640224,5.999271983640224,0.10183788062433394,0.3164972429573503,-0.08747743496837891,2022-12-16 08:00:00+00:00,2022
1672221600000,1672225200000,1672239600000,BULL_PULLBACK,1802.575,1798.1736607142857,1822.6775,4.5673597727963475,3.7653571428571695,22.720357034181596,1798.1736607142857,STOP,-100.0,-1.0,0.27236061684460394,0.07682043835724096,1.5030459318098417,2022-12-28 10:00:00+00:00,2022
1672243200000,1672246800000,1672408800000,BULL_PULLBACK,1802.355,1795.8626964285713,1822.6775,3.1302448778635643,4.169214285714296,15.402853378588096,1822.6775,TARGET,313.0244877863565,3.1302448778635648,0.26809015421115046,0.03230240549828175,1.1347193220596,2022-12-28 16:00:00+00:00,2022
1673449200000,1673452800000,1673452800000,BULL_PULLBACK,1871.878,1868.2691785714285,1881.84725,2.7624669708155762,4.503285714285734,27.709877581719265,1868.2691785714285,STOP,-100.0,-1.0,0.21964580120194038,0.06446887958244801,5.093127504463334,2023-01-11 15:00:00+00:00,2023
1674093600000,1674097200000,1674140400000,BULL_PULLBACK,1906.998,1899.5205892857143,1918.47225,1.5345218336179163,5.337642857142815,13.373613383165946,1918.47225,TARGET,153.45218336179164,1.5345218336179165,0.3587346005528489,0.09221161536236304,3.51363978344265,2023-01-19 02:00:00+00:00,2023
1674748800000,1674752400000,1674831600000,BULL_PULLBACK,1925.808,1917.0565178571428,1940.9225000000001,1.7270788825566352,6.281928571428547,11.42663589636852,1917.0565178571428,STOP,-100.0,-1.0,0.27569946557686253,0.052016327567859004,2.485651840997654,2023-01-26 16:00:00+00:00,2023
1674831600000,1674835200000,1675144800000,BULL_PULLBACK,1923.945,1915.2274107142857,1941.313,1.9922939049745845,5.190357142857108,11.471061175579027,1915.2274107142857,STOP,-100.0,-1.0,0.17680507802168566,0.021719229595591916,1.7633813744449132,2023-01-27 15:00:00+00:00,2023
1675159200000,1675162800000,1675162800000,RANGE_LOW,1904.628,1901.1685714285713,1926.838,6.420135447637904,3.865714285714278,28.906508093822122,1901.1685714285713,STOP,-100.0,-1.0,0.06280940594059334,0.20644133712465393,0.24530523248842168,2023-01-31 10:00:00+00:00,2023
1675166400000,1675170000000,1675177200000,RANGE_LOW,1907.115,1899.4829107142857,1926.45975,2.534659812773596,4.728357142857135,13.102572081694511,1926.45975,TARGET,253.4659812773596,2.534659812773596,0.17763721810067143,0.20642379990678705,-0.012011103584317038,2023-01-31 12:00:00+00:00,2023
1675350000000,1675353600000,1675353600000,BULL_PULLBACK,1926.055,1915.5557142857142,1946.28325,1.9266310633376045,6.365142857142863,9.524457446084634,1915.5557142857142,STOP,-100.0,-1.0,0.37114696347930426,0.05045290063844012,1.6179501552205053,2023-02-02 15:00:00+00:00,2023
1675360800000,1675364400000,1675418400000,BULL_PULLBACK,1917.515,1909.692,1947.675,3.855298478844369,7.739999999999993,12.782819890067598,1909.692,STOP,-100.0,-1.0,0.11910041841004161,0.06960069407099796,1.0534003927140725,2023-02-02 18:00:00+00:00,2023
1675422000000,1675425600000,1675429200000,RANGE_LOW,1914.395,1908.2761428571428,1947.06575,5.339354921553908,3.675428571428548,16.342921180425634,1908.2761428571428,STOP,-99.99999999999999,-0.9999999999999999,0.09966757569122467,0.07087973870207714,0.016439487208514587,2023-02-03 11:00:00+00:00,2023
1675447200000,1675450800000,1675810800000,RANGE_LOW,1865.115,1859.2139821428573,1935.36075,11.904005664882527,8.164071428571415,16.946229010128754,1872.097,48H_TIMEOUT,118.31857094871846,1.1831857094871845,0.025964124174453995,0.32128132958048733,-1.0298866670757478,2023-02-03 18:00:00+00:00,2023
1679407200000,1679410800000,1679410800000,BULL_PULLBACK,1953.065,1943.5442142857144,1989.565,3.8337172052126633,6.363142857142877,10.503334808801817,1943.5442142857144,STOP,-100.0,-1.0,0.29632389468455206,0.07404555767608416,7.27108529982222,2023-03-21 14:00:00+00:00,2023
1679900400000,1679904000000,1679907600000,BULL_PULLBACK,1970.695,1964.4974107142857,1994.0025,3.7607364614698064,5.270357142857149,16.135306066587095,1964.4974107142857,STOP,-99.99999999999999,-0.9999999999999999,0.11815954260822606,0.03905169161111811,5.347472476553275,2023-03-27 07:00:00+00:00,2023
1679922000000,1679925600000,1680105600000,BULL_PULLBACK,1949.205,1942.3158035714287,1988.4675,5.699140735364777,6.31678571428571,14.515481019712881,1961.735,48H_TIMEOUT,181.878977177002,1.81878977177002,0.08119585527433297,0.152822789648113,3.5824031106005774,2023-03-27 13:00:00+00:00,2023
1680480000000,1680483600000,1680487200000,BULL_PULLBACK,1962.255,1955.119857142857,1979.41475,2.404962359347974,6.416571428571436,14.015136347254487,1955.119857142857,STOP,-100.0,-1.0,0.21904525882098297,0.015978865833952454,1.5097270435688863,2023-04-03 00:00:00+00:00,2023
1681488000000,1681491600000,1681740000000,BULL_PULLBACK,1999.485,1990.2692321428572,2034.7995,3.8319650133797003,8.063071428571416,10.85096777068819,1990.2692321428572,STOP,-100.0,-1.0,0.10719874804381581,0.053966044722226054,2.284426534071612,2023-04-14 16:00:00+00:00,2023
1682085600000,1682089200000,1682442000000,RANGE_LOW,1978.788,1969.5420357142857,2001.585,2.4656162727367508,7.891857142857134,10.815529555365828,1990.448,48H_TIMEOUT,126.10907461556644,1.2610907461556644,0.21586223055295106,0.011617825559215509,-0.6520748573674948,2023-04-21 14:00:00+00:00,2023
1683295200000,1683298800000,1683651600000,BULL_PULLBACK,2010.665,1997.6488392857143,2060.0497499999997,3.794110343597582,7.22464285714284,7.682757012230706,2030.924,48H_TIMEOUT,155.64497431078198,1.5564497431078197,0.12355378708197669,0.015551454579385072,2.956155722086422,2023-05-05 14:00:00+00:00,2023
1683795600000,1683799200000,1683810000000,BULL_PULLBACK,2026.764,2020.6807678571429,2041.4215,2.4094921344093363,3.6529285714286255,16.438629605385174,2020.6807678571429,STOP,-100.0,-1.0,0.20321255136346875,0.017782950999887047,2.3467560149282747,2023-05-11 09:00:00+00:00,2023
1683871200000,1683874800000,1683882000000,RANGE_LOW,2009.865,2004.7984107142856,2038.15175,5.582996450838555,3.1863571428571213,19.737143541900565,2004.7984107142856,STOP,-100.00000000000001,-1.0000000000000002,0.03964967753268413,0.13609320123709087,0.4996212420971974,2023-05-12 06:00:00+00:00,2023
1685714400000,1685718000000,1685721600000,BULL_PULLBACK,1964.874,1959.6496071428571,1975.8000000000002,2.0913434917249565,5.141571428571443,19.14098015490505,1959.6496071428571,STOP,-100.0,-1.0,0.3873253493013913,0.021389571645683128,0.8681317934468195,2023-06-02 14:00:00+00:00,2023
1685916000000,1685919600000,1685930400000,BULL_PULLBACK,1948.788,1945.4904642857143,1974.27725,7.729787395349431,5.19014285714286,30.325676100118308,1945.4904642857143,STOP,-100.0,-1.0,0.04508865591546862,0.13069992560822047,0.15937478973144323,2023-06-04 22:00:00+00:00,2023
1685966400000,1685970000000,1686157200000,RANGE_LOW,1942.788,1937.0248392857143,1972.0500000000002,5.077422173472532,4.080642857142834,17.35158968447988,1942.075,48H_TIMEOUT,-12.371683445033554,-0.12371683445033554,0.10059920106524428,0.22111139115255546,-1.3938951499873262,2023-06-05 12:00:00+00:00,2023
1686157200000,1686160800000,1686175200000,RANGE_LOW,1944.395,1939.278375,1962.7675,3.5907458529793286,6.066500000000019,19.54413309554682,1940.344,FAILURE_2_CLOSES,-79.17328317005881,-0.7917328317005881,0.12196788520669417,0.017632759270037542,-0.3874261026601221,2023-06-07 17:00:00+00:00,2023
1686175200000,1686178800000,1686229200000,RANGE_LOW,1942.094,1938.059625,1962.47325,5.0514020139427265,5.937500000000016,24.786986831913524,1962.47325,TARGET,505.1402013942726,5.051402013942726,0.08046769796696017,0.16435420601482045,-0.7064334960886807,2023-06-07 22:00:00+00:00,2023
1686682800000,1686686400000,1686787200000,RANGE_LOW,1943.338,1938.382482142857,1963.1042499999999,3.9887355004701823,6.21007142857148,20.179525709075836,1938.382482142857,STOP,-100.0,-1.0,0.10433413169723611,0.18234842980544097,-0.39389745847025864,2023-06-13 19:00:00+00:00,2023
1686794400000,1686798000000,1686805200000,RANGE_LOW,1935.078,1930.7873214285714,1961.24425,6.098394359866526,6.070714285714287,23.306336826509447,1930.7873214285714,STOP,-100.0,-1.0,0.06091932804135007,0.19360125653020255,-1.0205236119754062,2023-06-15 02:00:00+00:00,2023
1686805200000,1686808800000,1686812400000,RANGE_LOW,1937.598,1929.2808928571428,1961.11925,2.8280566302672225,5.456428571428579,12.023411299430181,1929.2808928571428,STOP,-100.0,-1.0,0.13821286342694925,0.21156889685038013,-1.3185482257301957,2023-06-15 05:00:00+00:00,2023
1686812400000,1686816000000,1686830400000,RANGE_LOW,1933.395,1927.3819642857143,1960.70425,4.541674338490788,5.812142857142866,16.630534849879748,1927.3819642857143,STOP,-100.0,-1.0,0.0691883530028173,0.21178646619105124,-1.3629761380783303,2023-06-15 07:00:00+00:00,2023
1687269600000,1687273200000,1687348800000,RANGE_LOW,1934.865,1928.4365357142856,1958.5975,3.691783751951352,5.073857142857134,15.555814819135534,1928.4365357142856,STOP,-100.0,-1.0,0.10593335139528781,0.2848274803132334,-0.572471131767011,2023-06-20 14:00:00+00:00,2023
1688594400000,1688598000000,1688644800000,RANGE_LOW,1916.044,1913.2266071428571,1929.06075,4.620140200539817,4.0695714285713915,35.49380759820859,1913.2266071428571,STOP,-100.0,-1.0,0.19249689866107753,0.04272953859730816,-0.0715574498861912,2023-07-05 22:00:00+00:00,2023
1689598800000,1689602400000,1689649200000,BULL_PULLBACK,1950.465,1944.6247857142857,1959.67325,1.5766972836124429,4.052857142857176,17.12265939361355,1959.67325,TARGET,157.66972836124427,1.5766972836124427,0.15958330670415122,0.12486603693642155,3.351557081970288,2023-07-17 13:00:00+00:00,2023
1689930000000,1689933600000,1689944400000,BULL_PULLBACK,1963.805,1960.2916428571427,1980.7975000000001,4.836542175777913,2.773428571428586,28.46280521275795,1960.2916428571427,STOP,-100.0,-1.0,0.10588235294117546,0.14957804662142202,4.73215622591305,2023-07-21 09:00:00+00:00,2023
1689951600000,1689955200000,1690221600000,BULL_PULLBACK,1960.175,1955.6576964285716,1980.025,4.394214310844678,4.0812142857143145,22.13709980274382,1955.6576964285716,STOP,-100.0,-1.0,0.0760869565217393,0.2057431140015303,2.6579342999271542,2023-07-21 15:00:00+00:00,2023
1690894800000,1690898400000,1690898400000,RANGE_LOW,1948.495,1943.4931785714286,1965.6975,3.4392471314022766,3.367285714285718,19.99271693883015,1943.4931785714286,STOP,-100.0,-1.0,0.06972338006820429,0.1124591814344916,-0.3948092475107971,2023-08-01 13:00:00+00:00,2023
1693540800000,1693544400000,1693566000000,BULL_PULLBACK,1939.905,1937.3475357142856,1945.43325,2.161613763633052,3.0298571428571677,39.101230292280995,1945.43325,TARGET,216.16137636330518,2.161613763633052,0.3607984710129537,0.052692122156666195,4.976745675951999,2023-09-01 04:00:00+00:00,2023
1693836000000,1693843200000,1693875600000,BULL_PULLBACK,1938.555,1936.12575,1948.2675,3.9981475764121894,2.1970000000000027,41.16496861170909,1936.12575,STOP,-100.0,-1.0,0.20916442048516934,0.10155496624879448,5.593698488301828,2023-09-04 14:00:00+00:00,2023
1693908000000,1693911600000,1693915200000,BULL_PULLBACK,1931.015,1929.5993214285713,1947.3025,11.505083377480089,2.182714285714269,70.63750346879603,1929.5993214285713,STOP,-100.0,-1.0,0.022311468094600544,0.18243435847084746,4.220080881225838,2023-09-05 10:00:00+00:00,2023
1693915200000,1693918800000,1693918800000,BULL_PULLBACK,1933.675,1927.1601428571428,1947.17875,2.0727622576966938,2.5914285714285534,15.349530742917198,1927.1601428571428,STOP,-100.0,-1.0,0.16000873171796412,0.08150886171926927,3.3355252951904784,2023-09-05 12:00:00+00:00,2023
1693962000000,1693965600000,1693983600000,BULL_PULLBACK,1924.785,1923.4095178571429,1944.67975,14.463837355731664,2.753928571428576,72.70177989535789,1923.4095178571429,STOP,-100.0,-1.0,0.013317056930423024,0.332595909051004,1.7923615476898531,2023-09-06 01:00:00+00:00,2023
1694005200000,1694008800000,1694008800000,RANGE_LOW,1927.865,1920.354625,1940.28875,1.654211673851148,2.6935000000000042,13.314914368456849,1920.354625,STOP,-100.0,-1.0,0.22658469366122716,0.29127861934824767,0.8346756917099126,2023-09-06 13:00:00+00:00,2023
1694386800000,1694390400000,1694404800000,RANGE_LOW,1918.785,1915.774375,1926.155,2.447996678430426,3.238500000000012,33.21569441561007,1926.155,TARGET,244.7996678430426,2.4479966784304263,0.21438953488372436,0.017588743204349545,-0.9834200774007942,2023-09-10 23:00:00+00:00,2023
1694505600000,1694509200000,1694512800000,RANGE_LOW,1919.625,1918.0225535714285,1927.0645,4.642588898670291,2.021785714285719,62.40458227932415,1918.0225535714285,STOP,-100.0,-1.0,0.21997996278802465,0.08139842715876502,-1.1400648468670938,2023-09-12 08:00:00+00:00,2023
1695258000000,1695261600000,1695283200000,BULL_PULLBACK,1926.715,1922.9355535714285,1941.6075,3.9403918752274327,4.597785714285708,26.458901294123834,1922.9355535714285,STOP,-100.0,-1.0,0.09899255365746717,0.06198901931590053,1.4113605041921324,2023-09-21 01:00:00+00:00,2023
1695286800000,1695290400000,1695294000000,BULL_PULLBACK,1924.605,1921.524125,1941.1775,5.379153649531196,3.603500000000005,32.45831135635058,1921.524125,STOP,-100.00000000000001,-1.0000000000000002,0.07535641547861151,0.10447347884097298,1.4527831546730168,2023-09-21 09:00:00+00:00,2023
1695607200000,1695610800000,1695618000000,BULL_PULLBACK,1923.645,1921.9936964285714,1938.44325,8.961556346176758,2.285214285714249,60.55821699306828,1921.9936964285714,STOP,-100.0,-1.0,0.2994794045118274,0.24337637354630148,0.3598668218342057,2023-09-25 02:00:00+00:00,2023
1695690000000,1695693600000,1695693600000,RANGE_LOW,1914.795,1913.7996249999999,1925.43075,10.685168906188961,2.661499999999965,100.46464900161291,1913.7996249999999,STOP,-100.0,-1.0,0.006765711097159801,0.10386226733642878,-0.7113841561607677,2023-09-26 01:00:00+00:00,2023
1695697200000,1695700800000,1695708000000,RANGE_LOW,1913.505,1912.2892142857143,1925.0475000000001,9.493860525232432,2.58314285714284,82.25133658420981,1912.2892142857143,STOP,-100.0,-1.0,0.026465028355391912,0.12246771528244918,-0.9034410487049425,2023-09-26 03:00:00+00:00,2023
1698145200000,1698148800000,1698292800000,BULL_PULLBACK,1963.515,1952.290982142857,1988.06225,2.187028772800623,4.452071428571393,8.909465511617947,1988.06225,TARGET,218.7028772800623,2.187028772800623,0.07478438180264932,0.16872823773521142,7.3681435796079215,2023-10-24 11:00:00+00:00,2023
1698775200000,1698778800000,1698807600000,BULL_PULLBACK,1984.425,1977.381625,2001.82,2.4696967008004056,5.413499999999983,14.19773901006271,1977.381625,STOP,-100.0,-1.0,0.17557755775577374,0.007973102785782175,3.5596009306995895,2023-10-31 18:00:00+00:00,2023
1698811200000,1698814800000,1698861600000,BULL_PULLBACK,1977.545,1973.898107142857,2000.01425,6.1612037644566975,4.639571428571442,27.420602665673005,1973.898107142857,STOP,-100.0,-1.0,0.02266912788626729,0.31397779879536003,3.178019098297843,2023-11-01 04:00:00+00:00,2023
1699286400000,1699290000000,1699300800000,BULL_PULLBACK,1983.375,1978.9638571428573,1997.66975,3.240600103633739,3.5645714285714445,22.669862037697296,1978.9638571428573,STOP,-100.0,-1.0,0.18338427340927616,0.07287078998319092,1.6092395692022776,2023-11-06 16:00:00+00:00,2023
1699304400000,1699311600000,1699311600000,BULL_PULLBACK,1977.198,1976.4142321428571,1997.31975,25.673099268639827,3.2550714285714384,127.58879952608397,1976.4142321428571,STOP,-100.0,-1.0,0.008385665400667684,0.08415824548926928,1.3898166582038085,2023-11-06 21:00:00+00:00,2023
1699362000000,1699365600000,1699455600000,RANGE_LOW,1966.455,1955.6514642857142,1992.25475,2.388083927550173,3.786142857142847,9.256228946211342,1955.6514642857142,STOP,-99.99999999999999,-0.9999999999999999,0.19870659296096158,0.2127597193174503,-0.36516781300422896,2023-11-07 13:00:00+00:00,2023
1700488800000,1700492400000,1700524800000,BULL_PULLBACK,1970.015,1964.2656785714287,1985.505,2.6942309962045266,4.357285714285695,17.3933569800163,1985.505,TARGET,269.42309962045266,2.6942309962045266,0.2567049808429112,0.05560324272770789,1.8957638833045398,2023-11-20 14:00:00+00:00,2023
1704301200000,1704304800000,1704690000000,RANGE_LOW,2033.255,2028.993392857143,2066.92325,7.900364550596934,6.086428571428526,23.465325790906864,2028.993392857143,STOP,-100.0,-1.0,0.04278782531980687,0.2682926829268221,0.3524399095312342,2024-01-03 17:00:00+00:00,2024
1705464000000,1705467600000,1705467600000,RANGE_LOW,2025.335,2022.02225,2049.70075,7.355143008074729,4.6510000000000025,30.186401026337172,2022.02225,STOP,-100.0,-1.0,0.05869324473975641,0.27103672710368043,-0.5112809744210847,2024-01-17 04:00:00+00:00,2024
1706785200000,1706788800000,1706796000000,BULL_PULLBACK,2033.355,2028.8887678571427,2049.14225,3.534802825967738,4.064928571428562,22.39023785629397,2049.14225,TARGET,353.4802825967738,3.534802825967738,0.1640500315480844,0.019709729439169075,1.8014818810502302,2024-02-01 11:00:00+00:00,2024
1706882400000,1706886000000,1707120000000,BULL_PULLBACK,2035.185,2026.4473392857142,2056.39475,2.4273945502739416,4.750642857142858,11.44471080646374,2026.4473392857142,STOP,-100.0,-1.0,0.15888085332141533,0.02382781305852434,2.2916585794828097,2024-02-02 14:00:00+00:00,2024
1707141600000,1707145200000,1707328800000,RANGE_LOW,2023.495,2013.64175,2052.72475,2.96650851241979,4.772999999999976,10.14893563037588,2035.555,48H_TIMEOUT,122.39616370233486,1.2239616370233486,0.16990473927078925,0.08292441676261747,0.33382965920377067,2024-02-05 14:00:00+00:00,2024
1709114400000,1709118000000,1709125200000,BULL_PULLBACK,2027.205,2023.7708214285715,2035.7225,2.480214648959649,2.3367142857142977,29.11904489532849,2035.7225,TARGET,248.0214648959649,2.480214648959649,0.17248459958932233,0.13420604882113793,2.120192314248246,2024-02-28 10:00:00+00:00,2024
1710252000000,1710255600000,1710270000000,BULL_PULLBACK,2161.945,2151.031410714286,2185.25825,2.136167065634056,6.054357142857141,9.162888338751927,2153.445,FAILURE_2_CLOSES,-77.88455087939138,-0.7788455087939138,0.15714758185565156,0.04800229061389999,7.034476517249096,2024-03-12 14:00:00+00:00,2024
1710270000000,1710273600000,1710460800000,BULL_PULLBACK,2157.275,2148.6324999999997,2184.45,3.1443448076365086,7.2899999999999965,11.570726063059945,2161.595,48H_TIMEOUT,49.9855365924156,0.49985536592415597,0.11142454160789342,0.17733952638391698,5.30149666142853,2024-03-12 19:00:00+00:00,2024
1712948400000,1712952000000,1713189600000,BULL_PULLBACK,2343.295,2329.552482142857,2404.9525000000003,4.486623240438615,16.810071428571455,7.276686924443248,2329.552482142857,STOP,-100.0,-1.0,0.16684006431476278,0.02245323457798087,2.7295511371451595,2024-04-12 19:00:00+00:00,2024
1713189600000,1713193200000,1713373200000,BULL_PULLBACK,2349.325,2321.2964107142857,2406.4500000000003,2.038097580213088,10.246357142857082,3.5677856984036262,2372.305,48H_TIMEOUT,81.9877153493154,0.8198771534931539,0.17726087828353512,0.027897513707368305,3.3090485377344345,2024-04-15 14:00:00+00:00,2024
1713790800000,1713794400000,1713808800000,BULL_PULLBACK,2338.325,2328.6634464285717,2396.5425,6.025687232347931,9.206214285714266,10.350302284275193,2329.945,FAILURE_2_CLOSES,-86.73553314222254,-0.8673553314222253,0.06335337813937096,0.18003500103816572,1.2677650338545285,2024-04-22 13:00:00+00:00,2024
1714482000000,1714485600000,1714485600000,RANGE_LOW,2307.585,2301.2888035714286,2339.6997499999998,5.100658844483736,5.824785714285683,15.882604860644344,2301.2888035714286,STOP,-100.0,-1.0,0.0654402830771889,0.27127372459772425,-1.4432758603390976,2024-04-30 13:00:00+00:00,2024
1715155200000,1715158800000,1715256000000,RANGE_LOW,2307.205,2302.330821428571,2325.26975,3.7062142339000985,4.896714285714357,20.516277467997607,2325.26975,TARGET,370.62142339000985,3.7062142339000985,0.07888959178358732,0.04697374723797426,-0.5567860994593323,2024-05-08 08:00:00+00:00,2024
1716354000000,1716357600000,1716375600000,BULL_PULLBACK,2417.074,2409.800392857143,2439.0282500000003,3.0183442092497152,5.654428571428688,13.7483366967657,2409.800392857143,STOP,-100.0,-1.0,0.24633216966710522,0.09256621423230657,5.717251355422222,2024-05-22 05:00:00+00:00,2024
1716444000000,1716447600000,1716469200000,BULL_PULLBACK,2364.144,2352.872178571429,2414.92475,4.505105969057047,7.931285714285683,8.87168064484478,2352.872178571429,STOP,-100.0,-1.0,0.07878074894584507,0.30182419211744577,1.5438703398478766,2024-05-23 06:00:00+00:00,2024
1717758000000,1717761600000,1717761600000,BULL_PULLBACK,2336.468,2328.780642857143,2373.03325,4.756543675608566,8.737428571428577,13.00837181643378,2328.780642857143,STOP,-100.0,-1.0,0.12252991570381634,0.024159486399729396,0.9027629542130476,2024-06-07 11:00:00+00:00,2024
1717776000000,1717779600000,1717786800000,BULL_PULLBACK,2311.645,2299.706875,2366.7999999999997,4.620072247526237,12.964500000000044,8.376524789277958,2299.706875,STOP,-100.0,-1.0,0.08571772060591637,0.18276160699869365,0.0905038300575477,2024-06-07 16:00:00+00:00,2024
1717790400000,1717970400000,1718150400000,RANGE_LOW,2294.415,2283.3022142857144,2362.5782499999996,6.133768053529122,13.303142857142932,8.998643775831049,2315.055,48H_TIMEOUT,185.7320075331517,1.8573200753315169,0.05883058350905064,0.27812733045454663,-0.3546263723045211,2024-06-07 20:00:00+00:00,2024
1718294400000,1718298000000,1718359200000,RANGE_LOW,2299.155,2293.2742321428573,2330.5325,5.335612757080303,8.483071428571423,17.004582127576672,2330.5325,TARGET,533.5612757080302,5.335612757080302,0.03496009122006625,0.08924456120944102,-1.3533017801987122,2024-06-13 16:00:00+00:00,2024
1719288000000,1719291600000,1719320400000,RANGE_LOW,2327.295,2321.603642857143,2355.5655,4.967268665520353,4.017428571428549,17.57050163782154,2321.603642857143,STOP,-100.0,-1.0,0.20646526842409196,0.2431152856642606,0.2523085156677095,2024-06-25 04:00:00+00:00,2024
1719320400000,1719324000000,1719327600000,RANGE_LOW,2325.465,2318.826303571429,2355.5655,4.53409796996524,5.394785714285653,15.063198185961157,2318.826303571429,STOP,-100.0,-1.0,0.17081008274004209,0.2927195954451552,0.010088217181728745,2024-06-25 13:00:00+00:00,2024
1719381600000,1719385200000,1719396000000,RANGE_LOW,2316.998,2308.341303571429,2330.37725,1.5455376205456506,5.066785714285613,11.551750812232791,2308.341303571429,STOP,-100.0,-1.0,0.247336520724321,0.060862046028998085,-0.8189413643588219,2024-06-26 06:00:00+00:00,2024
1719399600000,1719403200000,1719406800000,RANGE_LOW,2312.925,2302.7977499999997,2329.663,1.6527685205755829,5.869000000000044,9.874348910118291,2302.7977499999997,STOP,-99.99999999999999,-0.9999999999999999,0.18082936777702754,0.10029771584398686,-0.9294033522857985,2024-06-26 11:00:00+00:00,2024
1720454400000,1720458000000,1720612800000,BULL_PULLBACK,2358.615,2349.205410714286,2381.49,2.431030654518548,6.838357142857116,10.627456413195837,2381.49,TARGET,243.10306545185477,2.4310306545185476,0.24392935982340258,0.005268115132260565,3.202756885768478,2024-07-08 16:00:00+00:00,2024
1721322000000,1721325600000,1721329200000,BULL_PULLBACK,2456.128,2450.4641071428573,2475.51725,3.423308047846902,6.0275714285713935,17.655701215090588,2450.4641071428573,STOP,-100.0,-1.0,0.14640600193008232,0.04397559735637832,6.578594263210086,2024-07-18 17:00:00+00:00,2024
1721394000000,1721397600000,1721412000000,BULL_PULLBACK,2403.748,2391.637125,2463.01975,4.894093118787917,8.151499999999974,8.257041708382031,2399.065,FAILURE_2_CLOSES,-38.66772632035299,-0.3866772632035299,0.028010181091912202,0.40210114889510506,2.40346845461533,2024-07-19 13:00:00+00:00,2024
1721858400000,1721862000000,1721869200000,RANGE_LOW,2397.678,2391.055875,2420.9925000000003,3.5206976612493524,7.356499999999934,15.10089284028948,2391.055875,STOP,-100.0,-1.0,0.2157041771285056,0.011236861422798105,-0.3223644291237042,2024-07-24 22:00:00+00:00,2024
1721876400000,1721880000000,1721908800000,RANGE_LOW,2374.598,2364.254660714286,2416.4025,4.04168313977084,9.481357142857146,9.668057600906174,2364.254660714286,STOP,-100.0,-1.0,0.07757760977963422,0.18386088998539268,-0.6149854668712718,2024-07-25 03:00:00+00:00,2024
1721908800000,1721912400000,1721916000000,RANGE_LOW,2371.015,2360.199642857143,2415.3900000000003,4.102962057920378,10.033428571428626,9.246111679820475,2360.199642857143,STOP,-100.0,-1.0,0.0797342192691057,0.24332862360373933,-1.2019240748712126,2024-07-25 12:00:00+00:00,2024
1721916000000,1721919600000,1721926800000,RANGE_LOW,2366.578,2355.100053571429,2414.4500000000003,4.170780923043538,11.271785714285736,8.712359882694502,2355.100053571429,STOP,-99.99999999999999,-0.9999999999999999,0.0657330665904531,0.24878887626967314,-1.2010296452363185,2024-07-25 14:00:00+00:00,2024
1722988800000,1722992400000,1722992400000,RANGE_LOW,2386.405,2379.009892857143,2435.03225,6.57559776493127,7.912428571428693,13.522454518672697,2379.009892857143,STOP,-100.0,-1.0,0.23537691420346898,0.19978275766544698,-0.8149485346104143,2024-08-07 00:00:00+00:00,2024
1723651200000,1723654800000,1723726800000,BULL_PULLBACK,2444.065,2436.004339285714,2470.27325,3.2513773906339236,7.982642857142959,12.405930921117994,2436.004339285714,STOP,-100.0,-1.0,0.05684857150422111,0.07207650099908085,2.9925443480250884,2024-08-14 16:00:00+00:00,2024
1723726800000,1723730400000,1723806000000,BULL_PULLBACK,2444.325,2430.2954285714286,2469.28625,1.7791883470628842,6.878285714285734,7.127801480546301,2469.28625,TARGET,177.91883470628844,1.7791883470628844,0.15114467218026642,0.1658494510020307,2.4688155089641186,2024-08-15 13:00:00+00:00,2024
1724328000000,1724331600000,1724331600000,BULL_PULLBACK,2500.585,2493.6056785714286,2522.093,3.0816749479328926,5.637285714285748,14.32804048694867,2493.6056785714286,STOP,-100.0,-1.0,0.18111463285789614,0.16375771536576056,4.47332425770539,2024-08-22 12:00:00+00:00,2024
1724824800000,1724828400000,1724842800000,BULL_PULLBACK,2508.435,2502.165910714286,2522.49725,2.2431089045174337,4.6883571428571225,15.9512802326615,2502.165910714286,STOP,-100.0,-1.0,0.19989829049798954,0.008653408228329272,3.3675663051870615,2024-08-28 06:00:00+00:00,2024
1725037200000,1725040800000,1725242400000,BULL_PULLBACK,2499.455,2492.232,2520.4922500000002,2.9125363422401276,7.263999999999961,13.844662882458897,2492.232,STOP,-100.0,-1.0,0.09772804760870968,0.04955542560688625,1.2842643350819791,2024-08-30 17:00:00+00:00,2024
1725861600000,1725865200000,1725980400000,BULL_PULLBACK,2489.645,2483.9090535714286,2518.0975,4.960384542344158,5.983785714285692,17.433914567592236,2518.0975,TARGET,496.0384542344159,4.960384542344159,0.10428474268873035,0.033042057506310715,0.11983142852890397,2024-09-09 06:00:00+00:00,2024
1727427600000,1727431200000,1727445600000,BULL_PULLBACK,2663.544,2656.991321428571,2676.4825,1.9745360403324583,4.82671428571429,15.260934732252018,2656.991321428571,STOP,-100.0,-1.0,0.388147940599609,0.047484311967729446,8.263400191518349,2024-09-27 09:00:00+00:00,2024
1727449200000,1727452800000,1727463600000,BULL_PULLBACK,2649.635,2642.8691607142855,2676.37,3.9514683797540844,7.183357142857078,14.780132334969638,2647.875,FAILURE_2_CLOSES,-26.01303290954979,-0.2601303290954979,0.010237963475383017,0.09207133580411166,5.179189167438098,2024-09-27 15:00:00+00:00,2024
1727694000000,1727697600000,1727701200000,BULL_PULLBACK,2641.485,2632.5533928571426,2672.965,3.524561649039187,7.006428571428614,11.196193294279496,2632.5533928571426,STOP,-100.0,-1.0,0.11716237942121989,0.1471270068900092,3.873467026164316,2024-09-30 11:00:00+00:00,2024
1728280800000,1728284400000,1728302400000,BULL_PULLBACK,2643.045,2638.2265535714287,2660.56575,3.6361823794717925,5.51378571428573,20.75357721257232,2638.2265535714287,STOP,-100.00000000000001,-1.0000000000000002,0.2899439429428605,0.06824987812521609,1.308144796335735,2024-10-07 06:00:00+00:00,2024
1728374400000,1728378000000,1728396000000,RANGE_LOW,2637.805,2626.652982142857,2660.3050000000003,2.0175720921742895,7.088071428571441,8.966987076329994,2626.652982142857,STOP,-100.0,-1.0,0.1726434426229454,0.11322444065618996,0.28149062051598406,2024-10-08 08:00:00+00:00,2024
1729695600000,1729699200000,1729879200000,BULL_PULLBACK,2721.635,2706.680232142857,2747.29475,1.7158240264989255,7.8190714285715,6.686830645267154,2744.195,48H_TIMEOUT,150.85489935722663,1.5085489935722662,0.1688814434156611,0.09224688221961881,4.6640796021659465,2024-10-23 15:00:00+00:00,2024
1730386800000,1730390400000,1730746800000,BULL_PULLBACK,2740.505,2729.4148214285715,2776.1475,3.2138797198292997,8.000714285714269,9.016987360115891,2738.135,48H_TIMEOUT,-21.370260043473678,-0.21370260043473677,0.1069817788201382,0.125677337959312,3.534589153450397,2024-10-31 15:00:00+00:00,2024
1733421600000,1733425200000,1733446800000,BULL_PULLBACK,2629.455,2621.399142857143,2648.652,2.3829866468054295,7.943428571428512,12.41332836800237,2621.399142857143,STOP,-100.0,-1.0,0.17496405463694858,0.12797635263989468,0.017303464896156886,2024-12-05 18:00:00+00:00,2024
1734091200000,1734094800000,1734094800000,BULL_PULLBACK,2672.335,2661.1653392857143,2706.78325,3.084090992660257,6.558642857142819,8.952823416749078,2661.1653392857143,STOP,-100.0,-1.0,0.14426846203877608,0.1336939416671828,2.653243400866874,2024-12-13 12:00:00+00:00,2024
1734433200000,1734436800000,1734440400000,RANGE_LOW,2642.085,2634.5650714285716,2667.11975,3.3291207173320876,5.715714285714349,13.297998651203281,2634.5650714285716,STOP,-100.0,-1.0,0.10644970566309589,0.19522221246964566,-1.047457988036205,2024-12-17 11:00:00+00:00,2024
1735556400000,1735560000000,1735563600000,RANGE_LOW,2616.055,2607.5799107142857,2631.5125,1.823874590448927,5.580357142857143,11.79928572181096,2607.5799107142857,STOP,-100.0,-1.0,0.23450586264656686,0.08708284133988028,-1.1718190481715718,2024-12-30 11:00:00+00:00,2024
1735567200000,1735570800000,1735570800000,RANGE_LOW,2611.144,2603.6818749999998,2630.8475,2.6404676951940687,6.572500000000024,13.401008425884022,2603.6818749999998,STOP,-100.0,-1.0,0.14392494617039886,0.10983003282855078,-1.0786774190130595,2024-12-30 14:00:00+00:00,2024
1736863200000,1736866800000,1736931600000,BULL_PULLBACK,2665.015,2658.2345,2687.4354999999996,3.3066145564486726,5.642000000000053,14.748174913354804,2687.4354999999996,TARGET,330.66145564486726,3.3066145564486726,0.2034360247238068,0.12419613223672488,2.1619863641841452,2025-01-14 14:00:00+00:00,2025
1737957600000,1737961200000,1737961200000,BULL_PULLBACK,2754.425,2749.1470714285715,2773.285,3.573371587879312,5.6717142857143505,18.946827083135602,2749.1470714285715,STOP,-100.0,-1.0,0.373405103668263,0.021919466257304777,5.654673115932582,2025-01-27 06:00:00+00:00,2025
1738051200000,1738054800000,1738224000000,BULL_PULLBACK,2741.115,2733.592714285714,2772.0009999999997,4.105932847158883,4.5811428571427575,13.29383166210868,2772.0009999999997,TARGET,410.5932847158883,4.105932847158883,0.19017650462963162,0.2129076051484192,3.783980947346233,2025-01-28 08:00:00+00:00,2025
1739361600000,1739365200000,1739365200000,BULL_PULLBACK,2884.889,2876.8692857142855,2926.77325,5.222661120809238,7.394857142857161,12.469272150770827,2876.8692857142855,STOP,-100.0,-1.0,0.09047147104630081,0.09149206816437547,5.07805748389498,2025-02-12 12:00:00+00:00,2025
1739563200000,1739566800000,1739887200000,BULL_PULLBACK,2885.248,2874.211964285714,2924.6,3.5657731651828364,10.37214285714286,9.06122475397146,2924.6,TARGET,356.5773165182837,3.565773165182837,0.1084610368438251,0.08997831708080628,3.0675601650211246,2025-02-14 20:00:00+00:00,2025
1740114000000,1740117600000,1740124800000,BULL_PULLBACK,2929.955,2921.7774285714286,2945.6575000000003,1.9201911150708957,8.710285714285776,12.228569432070406,2921.7774285714286,STOP,-100.0,-1.0,0.31986809563067387,0.007288549247402932,2.91616185062825,2025-02-21 05:00:00+00:00,2025
1740646800000,1740650400000,1740664800000,RANGE_LOW,2887.215,2874.796428571429,2928.5197500000004,3.3260468192799233,7.674285714285686,8.052455999079777,2874.796428571429,STOP,-100.00000000000001,-1.0000000000000002,0.10974532264814744,0.1943713834823768,-0.5768593543857081,2025-02-27 09:00:00+00:00,2025
1741604400000,1741608000000,1741626000000,BULL_PULLBACK,2903.895,2893.4243571428574,2920.5699999999997,1.592547871941292,8.002571428571368,9.55051197566008,2893.4243571428574,STOP,-100.0,-1.0,0.31549661986479466,0.0283841272055233,0.5266300101655298,2025-03-10 11:00:00+00:00,2025
1742565600000,1742569200000,1742922000000,BULL_PULLBACK,3015.475,2997.092285714286,3043.9525,1.5491455482246763,8.702857142857122,5.439893067244942,3023.065,48H_TIMEOUT,41.288788380389896,0.41288788380389896,0.21403046830919867,0.11659876419306267,4.234415566352776,2025-03-21 14:00:00+00:00,2025
1743735600000,1743739200000,1743753600000,BULL_PULLBACK,3098.085,3082.6994821428575,3139.14475,2.6687272005562312,16.554071428571433,6.499618727722985,3082.6994821428575,STOP,-100.0,-1.0,0.38959450062932927,0.07213491939731222,1.8667551167338972,2025-04-04 03:00:00+00:00,2025
1745416800000,1745420400000,1745604000000,BULL_PULLBACK,3287.135,3252.992142857143,3442.63,4.554246861924657,25.97142857142847,2.9288702928870127,3292.885,48H_TIMEOUT,16.841004184100324,0.16841004184100325,0.07104826743475497,0.20273253726981397,2.8259624123737024,2025-04-23 14:00:00+00:00,2025
1746093600000,1746097200000,1746097200000,RANGE_LOW,3222.685,3209.4958035714285,3301.1675,5.950514151869424,15.436785714285763,7.581963051469332,3209.4958035714285,STOP,-100.0,-1.0,0.06268055677142877,0.32062658167024316,-1.1558256356387282,2025-05-01 10:00:00+00:00,2025
1746100800000,1746104400000,1746435600000,RANGE_LOW,3226.385,3197.4538392857144,3298.06,2.477432575479334,16.924642857142867,3.456480747093608,3298.06,TARGET,247.7432575479334,2.4774325754793343,0.18569398389388922,0.24381562555614866,-1.2422558781143782,2025-05-01 12:00:00+00:00,2025
1746756000000,1746759600000,1747004400000,BULL_PULLBACK,3308.055,3269.572857142857,3382.6324999999997,1.937976798143858,18.88857142857143,2.5986078886311037,3269.572857142857,STOP,-100.0,-1.0,0.1688362304154639,0.15936905694149228,1.0890523743055978,2025-05-09 02:00:00+00:00,2025
1747047600000,1747051200000,1747224000000,RANGE_LOW,3224.489,3202.3898214285714,3328.7675,4.718659549401462,20.420714285714375,4.525055068304076,3202.3898214285714,STOP,-100.0,-1.0,0.10583286942537341,0.26761287908901676,-0.6770319347291465,2025-05-12 11:00:00+00:00,2025
1748354400000,1748358000000,1748462400000,BULL_PULLBACK,3299.678,3280.714875,3346.2355,2.4551596849148267,13.776500000000008,5.273392439273656,3280.714875,STOP,-100.0,-1.0,0.15501597444089596,0.12101964413410116,1.8851065528330953,2025-05-27 14:00:00+00:00,2025
1749434400000,1749438000000,1749618000000,RANGE_LOW,3305.215,3289.8240892857143,3376.08725,4.604811977384568,13.495642857142846,6.49734131114022,3341.519,48H_TIMEOUT,235.87947895963217,2.3587947895963217,0.09625056522982801,0.260410132017344,0.5073295626435773,2025-06-09 02:00:00+00:00,2025
1750276800000,1750284000000,1750312800000,BULL_PULLBACK,3369.445,3359.819017857143,3392.99975,2.4469970596692288,10.143928571428594,10.38855033345398,3359.819017857143,STOP,-100.0,-1.0,0.15200653578590023,0.06909983910576753,1.1831766619447848,2025-06-18 20:00:00+00:00,2025
1750388400000,1750392000000,1750399200000,RANGE_LOW,3355.355,3342.166142857143,3386.7,2.3766274560776233,8.835428571428597,7.582158098828005,3342.166142857143,STOP,-100.0,-1.0,0.15367059718524037,0.16024597489046805,0.028601289428185198,2025-06-20 03:00:00+00:00,2025
1750399200000,1750402800000,1750629600000,RANGE_LOW,3345.048,3337.924428571429,3385.4925,5.677559410408602,9.002285714285724,14.037902336309246,3390.698,TARGET_GAP,640.8302416525183,6.408302416525183,0.046159205713292066,0.16146657081236682,-0.21883929843700944,2025-06-20 06:00:00+00:00,2025
1751986800000,1751990400000,1752030000000,RANGE_LOW,3298.035,3284.722285714286,3332.688,2.60300035411916,8.730857142857108,7.511616177875339,3284.722285714286,STOP,-100.0,-1.0,0.07634136858475331,0.237511590480353,-0.5495684764079724,2025-07-08 15:00:00+00:00,2025
1752030000000,1752033600000,1752192000000,RANGE_LOW,3293.075,3282.2862142857143,3330.7397499999997,3.491101871652506,9.407142857142812,9.268883695371704,3330.7397499999997,TARGET,349.1101871652506,3.4911018716525057,0.1141255718940421,0.11713347557008193,-1.1219506159246138,2025-07-09 03:00:00+00:00,2025
1752595200000,1752598800000,1752678000000,BULL_PULLBACK,3329.099,3317.6397857142856,3362.39,2.905173004880571,9.66085714285714,8.726601798926426,3362.39,TARGET,290.5173004880571,2.905173004880571,0.08002416431736149,0.1590461036556687,1.3373521659441767,2025-07-15 16:00:00+00:00,2025
1753344000000,1753347600000,1753347600000,BULL_PULLBACK,3369.465,3363.7674285714284,3420.4375,8.94635559010045,7.402285714285719,17.551337662662174,3363.7674285714284,STOP,-100.00000000000001,-1.0000000000000002,0.05077535336901681,0.07624542339048454,3.307383068348575,2025-07-24 08:00:00+00:00,2025
1753362000000,1753365600000,1753430400000,BULL_PULLBACK,3366.275,3348.8810357142856,3417.24125,2.930111224952796,9.147857142857154,5.7491206925226,3348.8810357142856,STOP,-100.0,-1.0,0.15560095732881843,0.11565272054201214,2.0625069984338844,2025-07-24 13:00:00+00:00,2025
1754913600000,1754917200000,1754920800000,BULL_PULLBACK,3356.695,3341.7612142857142,3393.8825,2.490158939700451,9.655142857142923,6.696225720202894,3341.7612142857142,STOP,-100.0,-1.0,0.12185229001183079,0.07562358968103768,1.432745010490671,2025-08-11 12:00:00+00:00,2025
1754931600000,1754935200000,1754996400000,BULL_PULLBACK,3357.475,3338.1238749999998,3391.81325,1.7744833956682105,10.736500000000044,5.1676582110858815,3338.1238749999998,STOP,-100.0,-1.0,0.2404406422820892,0.10784412013233373,0.8817757683180113,2025-08-11 17:00:00+00:00,2025
1754996400000,1755000000000,1755007200000,RANGE_LOW,3347.365,3333.8302857142858,3388.8005,3.0614240629915255,8.338857142857185,7.388408642327284,3333.8302857142858,STOP,-100.0,-1.0,0.10200031254883679,0.20508882680701832,-0.027574340787294215,2025-08-12 11:00:00+00:00,2025
1757570400000,1757574000000,1757581200000,BULL_PULLBACK,3632.985,3620.4615535714283,3659.86,2.1459747644774256,7.733785714285659,7.9850223794508866,3620.4615535714283,STOP,-100.0,-1.0,0.2619332607907107,0.10246099254259002,8.857598093446942,2025-09-11 06:00:00+00:00,2025
1757592000000,1757595600000,1757941200000,BULL_PULLBACK,3628.825,3608.9672142857144,3658.7200000000003,1.5054548593750978,9.991142857142775,5.035808193259996,3658.7200000000003,TARGET,150.54548593750977,1.5054548593750976,0.2479564489112216,0.1041601416218437,6.274724282796594,2025-09-11 12:00:00+00:00,2025
1758740400000,1758744000000,1758895200000,BULL_PULLBACK,3729.858,3714.623,3773.795,2.8839514276337073,10.900000000000025,6.563833278634668,3773.795,TARGET,288.39514276337076,2.8839514276337077,0.1065172817809046,0.0659491248466818,4.960912128895909,2025-09-24 19:00:00+00:00,2025
1760720400000,1760724000000,1760968800000,BULL_PULLBACK,4220.705,4176.1140535714285,4329.13,2.4315474033205846,37.24378571428575,2.242607704238488,4329.13,TARGET,243.15474033205848,2.4315474033205846,0.2075357535753565,0.04676647630807247,3.7988101984675984,2025-10-17 17:00:00+00:00,2025
1763128800000,1763132400000,1763406000000,BULL_PULLBACK,4082.535,4025.3157142857144,4193.9400000000005,1.9469834096895613,26.557142857142612,1.7476625014043803,4025.3157142857144,STOP,-100.0,-1.0,0.2039815632048637,0.08499703321543899,2.3518706027581593,2025-11-14 14:00:00+00:00,2025
1763409600000,1763413200000,1763449200000,RANGE_LOW,4040.835,4000.8618392857143,4160.925,3.0042658087100405,23.492642857142787,2.5016785816554554,4000.8618392857143,STOP,-99.99999999999999,-0.9999999999999999,0.15047913755240375,0.20788080224332078,0.2163307820927992,2025-11-17 20:00:00+00:00,2025
1763449200000,1763452800000,1763632800000,RANGE_LOW,4013.585,3992.5031249999997,4153.590999999999,6.641060152381956,20.61950000000005,4.743411105511181,4063.895,48H_TIMEOUT,238.64101271826726,2.3864101271826725,0.04598383074571735,0.3145406690955605,-0.6886472516434267,2025-11-18 07:00:00+00:00,2025
1763701200000,1763704800000,1763704800000,RANGE_LOW,4058.305,4034.940535714286,4109.1575,2.176489021025574,18.777857142857165,4.280003974289476,4034.940535714286,STOP,-100.0,-1.0,0.20899330285957074,0.018636027599803453,-0.49391069873374,2025-11-21 05:00:00+00:00,2025
1763712000000,1763715600000,1764007200000,RANGE_LOW,4040.805,4017.646375,4105.6407500000005,2.799637284165211,17.71450000000001,4.318045652537656,4105.6407500000005,TARGET,279.96372841652106,2.7996372841652106,0.15070697356131574,0.1091244271841268,-0.6848376980269549,2025-11-21 08:00:00+00:00,2025
1765260000000,1765263600000,1765396800000,BULL_PULLBACK,4181.825,4167.383339285714,4238.32825,3.912517481047497,9.846642857142797,6.924411394118947,4238.32825,TARGET,391.2517481047497,3.912517481047497,0.06927214314077658,0.1029923399680471,1.2284091286935916,2025-12-09 06:00:00+00:00,2025
1765854000000,1765857600000,1765861200000,BULL_PULLBACK,4290.695,4276.471142857143,4329.205,2.7074231422057906,15.65542857142834,7.030441813050572,4276.471142857143,STOP,-100.0,-1.0,0.3511608623548949,0.055097254793765385,3.554969662079113,2025-12-16 03:00:00+00:00,2025
1767160800000,1767164400000,1767607200000,RANGE_LOW,4327.955,4267.092946428572,4458.375,2.14287872897582,26.84821428571422,1.6430599056707704,4434.485,48H_TIMEOUT,175.03517175110676,1.7503517175110677,0.21399917965545795,0.28450252560078826,-0.5098887796744324,2025-12-31 06:00:00+00:00,2025
1767873600000,1767877200000,1767906000000,BULL_PULLBACK,4427.375,4403.885357142857,4479.06475,2.200533669854479,14.398571428571358,4.2571954204740745,4479.06475,TARGET,220.05336698544787,2.2005336698544786,0.1433051813045452,0.07315618419290863,1.7962273974471719,2026-01-08 12:00:00+00:00,2026
1768453200000,1768456800000,1768492800000,BULL_PULLBACK,4594.975,4576.019464285714,4624.3175,1.5479646918068954,19.182142857143,5.275503763506548,4624.3175,TARGET,154.79646918068954,1.5479646918068954,0.35042851312745954,0.002909283258396616,4.125697326090395,2026-01-15 05:00:00+00:00,2026
1769796000000,1769799600000,1769994000000,BULL_PULLBACK,4877.798,4651.365910714286,5397.46825,2.2950380029584747,113.43635714285703,0.4416335172079745,4651.365910714286,STOP,-100.0,-1.0,0.09787457656453201,0.1936524305238588,1.231491324358202,2026-01-30 18:00:00+00:00,2026
1770336000000,1770339600000,1770591600000,RANGE_LOW,4762.275,4639.368946428571,4994.275000000001,1.88762061150365,59.94421428571429,0.8136295739239839,4994.275000000001,TARGET,188.762061150365,1.8876206115036502,0.1528521416803955,0.1379609288476557,-1.0107640554285153,2026-02-06 00:00:00+00:00,2026
1772550000000,1772553600000,1772733600000,BULL_PULLBACK,5094.998,4977.450232142857,5318.0875,1.8978624951102785,72.0990714285714,0.8507179831907276,5062.595,48H_TIMEOUT,-27.565814809328582,-0.2756581480932858,0.19688205382611848,0.08007555397402265,1.1811181076292492,2026-03-03 15:00:00+00:00,2026
1772733600000,1772737200000,1772809200000,RANGE_LOW,5069.075,5041.759767857143,5168.005,3.621788732477267,35.5129285714288,3.660961015341409,5168.005,TARGET,362.17887324772664,3.6217887324772664,0.09969728876020362,0.058294136092817916,-0.2818152998292018,2026-03-05 18:00:00+00:00,2026
1773273600000,1773277200000,1773327600000,BULL_PULLBACK,5152.745,5119.270660714286,5208.04,1.651862327379807,23.657357142857045,2.987362921384944,5119.270660714286,STOP,-100.0,-1.0,0.2938169826875538,0.028681405201393617,0.4688005934117252,2026-03-12 00:00:00+00:00,2026
1773417600000,1773421200000,1773428400000,RANGE_LOW,5045.725,5012.561178571428,5154.76225,3.2878373270354992,25.21528571428592,3.015334050552006,5012.561178571428,STOP,-100.0,-1.0,0.08751511762882952,0.25191293747888566,-1.0405237773173197,2026-03-13 16:00:00+00:00,2026
1773612000000,1773615600000,1773615600000,RANGE_LOW,5024.205,4990.233982142857,5145.91475,3.582752524867545,27.924071428571615,2.943685715291951,4990.233982142857,STOP,-100.0,-1.0,0.08160292039825527,0.2946929008934024,-1.3210663164592558,2026-03-15 22:00:00+00:00,2026
1775109600000,1775113200000,1775556000000,BULL_PULLBACK,4598.485,4542.544517857144,4732.4175000000005,2.3941963828265758,42.45392857142854,1.7876141958274216,4670.438,48H_TIMEOUT,128.62420423237123,1.2862420423237122,0.2580514258309649,0.052486931215084576,1.1798348339772242,2026-04-02 06:00:00+00:00,2026
1776754800000,1776758400000,1776772800000,BULL_PULLBACK,4785.495,4769.184767857143,4851.16,4.026000330642638,12.840928571428517,6.131120582719318,4769.184767857143,STOP,-100.0,-1.0,0.32032089063522995,0.017404207462561744,2.193518678812664,2026-04-21 07:00:00+00:00,2026
1777003200000,1777006800000,1777352400000,RANGE_LOW,4674.275,4652.003928571428,4745.135,3.181705928574909,21.92428571428575,4.4901297326769445,4652.003928571428,STOP,-100.0,-1.0,0.09396966333703168,0.19781363872982705,-1.4147609157585026,2026-04-24 04:00:00+00:00,2026
1778824800000,1778828400000,1778832000000,RANGE_LOW,4569.785,4551.084178571428,4678.53225,5.8151055243944425,20.643285714285803,5.347358691272123,4551.084178571428,STOP,-100.0,-1.0,0.06950038403177228,0.3197244722994174,-0.48832470303649456,2026-05-15 06:00:00+00:00,2026
1779818400000,1779822000000,1779865200000,RANGE_LOW,4499.165,4477.986071428571,4557.59,2.758638134264194,17.515714285714303,4.721674170755986,4477.986071428571,STOP,-100.0,-1.0,0.10470510271702636,0.03535432161384385,-1.4857574281837265,2026-05-26 18:00:00+00:00,2026
1780466400000,1780470000000,1780473600000,RANGE_LOW,4462.695,4451.337785714285,4517.9175000000005,4.862327909887253,14.74885714285717,8.804976069332584,4451.337785714285,STOP,-100.0,-1.0,0.16235218919782465,0.13952617032021322,-1.1409498045947954,2026-06-03 06:00:00+00:00,2026
1780668000000,1780671600000,1780671600000,RANGE_LOW,4369.535,4338.69475,4477.61575,3.504535469070432,22.84100000000009,3.2425158680620085,4338.69475,STOP,-100.0,-1.0,0.03059832131898101,0.19179079522702996,-1.3489913926702473,2026-06-05 14:00:00+00:00,2026
1781827200000,1781830800000,1781834400000,RANGE_LOW,4190.075,4178.89275,4333.28,12.806456661226674,19.380999999999858,8.94274408102139,4178.89275,STOP,-100.0,-1.0,0.01729962125089624,0.26285876153502585,-1.2598644246185986,2026-06-19 00:00:00+00:00,2026
1783504800000,1783508400000,1783519200000,BULL_PULLBACK,4052.945,4035.4816071428572,4145.455,5.297366941050119,19.69357142857143,5.726264123932691,4035.4816071428572,STOP,-100.0,-1.0,0.08455565142364241,0.2589813188567782,0.5305602110138716,2026-07-08 10:00:00+00:00,2026
1783922400000,1783926000000,1783951200000,RANGE_LOW,4055.415,4039.057142857143,4116.1525,3.7130474651762304,18.111428571428537,6.113270162875026,4039.057142857143,STOP,-100.0,-1.0,0.05857645589737593,0.02734600760456342,-0.4894294484769176,2026-07-13 06:00:00+00:00,2026
1784815200000,1784818800000,1784858400000,BULL_PULLBACK,4057.915,4035.365,4134.37,3.390465631929016,17.280000000000005,4.434589800443423,4035.365,STOP,-100.0,-1.0,0.13978665817544997,0.010359387274156171,1.61060573702956,2026-07-23 14:00:00+00:00,2026
1785207600000,1785211200000,1785214800000,BULL_PULLBACK,4049.005,4037.17,4092.5250000000005,3.6772285593578626,12.060000000000011,8.44951415293618,4037.17,STOP,-100.0,-1.0,0.2907493649449631,0.01760068447106342,0.496604291425452,2026-07-28 03:00:00+00:00,2026
1785214800000,1785218400000,1785229200000,BULL_PULLBACK,4044.955,4031.628392857143,4092.5250000000005,3.5695507108497466,11.146428571428585,7.5037853917378605,4031.628392857143,STOP,-100.0,-1.0,0.24671888230313113,0.050831232649413964,0.3737790310776074,2026-07-28 05:00:00+00:00,2026
1785232800000,1785236400000,1785247200000,RANGE_LOW,4026.405,4013.6971428571433,4091.8550000000005,5.150356922039338,11.991428571428514,7.869147321679628,4013.6971428571433,STOP,-100.0,-1.0,0.07523672293124663,0.10247279920870395,-0.0429783233709772,2026-07-28 10:00:00+00:00,2026
1785247200000,1785250800000,1785330000000,RANGE_LOW,4024.235,4007.9841071428573,4091.2825000000003,4.125773309158848,13.403571428571338,6.153508049008301,4007.9841071428573,STOP,-100.0,-1.0,0.07581699346405171,0.1028806584362138,-0.3562800175482442,2026-07-28 14:00:00+00:00,2026
1786608000000,1786611600000,1786629600000,BULL_PULLBACK,4375.805,4359.594642857142,4426.1725,3.107118464826096,17.241428571428646,6.168895547379032,4359.594642857142,STOP,-100.0,-1.0,0.20841833995489994,0.027481212390116437,6.150318264071125,2026-08-13 08:00:00+00:00,2026
1786636800000,1786640400000,1786647600000,BULL_PULLBACK,4366.855,4346.1960714285715,4425.28,2.828075028092392,18.915714285714394,4.840522084882128,4346.1960714285715,STOP,-100.0,-1.0,0.144777662874871,0.06724393864423674,5.074450631640217,2026-08-13 16:00:00+00:00,2026
1787824800000,1787828400000,1787925600000,BULL_PULLBACK,4589.805,4564.127678571429,4649.775,2.33552398239134,19.029285714285574,3.8944872142594056,4564.127678571429,STOP,-100.0,-1.0,0.12032366540563089,0.0865283528932193,4.090402070496385,2026-08-27 10:00:00+00:00,2026
1788127200000,1788130800000,1788141600000,BULL_PULLBACK,4460.655,4423.683928571429,4593.202499999999,3.5851679401849146,30.884285714285788,2.7048174731208987,4423.683928571429,STOP,-100.0,-1.0,0.07925809557594048,0.2319671846212678,0.7651353723511732,2026-08-30 22:00:00+00:00,2026
1790172000000,1790175600000,1790215200000,RANGE_LOW,4294.345,4273.933392857142,4351.9037499999995,2.819902891386926,14.886428571428496,4.899173264511414,4273.933392857142,STOP,-100.0,-1.0,0.14400673223584323,0.1774226905116955,-0.8702500055479314,2026-09-23 14:00:00+00:00,2026
1790215200000,1790218800000,1790236800000,RANGE_LOW,4290.395,4268.7075,4350.30625,2.76247838616711,17.749999999999936,4.610951008645533,4268.7075,STOP,-100.0,-1.0,0.16007096742397903,0.20585233792122465,-1.2728207695418765,2026-09-24 02:00:00+00:00,2026
